Fecha (UTC-5);Lat;Lon;Fuente;Temperatura (C);Temperatura Alt* (C);Radiación térmica (MW);Confianza;Captura (Dia-Noche);Scan - real pixel size (km);Track - real pixel size (km)
2026-09-22 00:38;11,13444;-72,57578;VIIRS-NOAA-20;29,6;11,9;2,1;Nominal;N;0,63;0,72
2026-09-22 00:40;5,61176;-73,49989;VIIRS-NOAA-20;59,5;7,3;4,9;Nominal;N;0,62;0,71
2026-09-22 00:40;5,61241;-73,50475;VIIRS-NOAA-20;34,2;5,3;4,9;Nominal;N;0,62;0,71
2026-09-22 00:40;5,61119;-73,49576;VIIRS-NOAA-20;44,9;7,5;6,0;Nominal;N;0,61;0,71
2026-09-22 00:40;5,60507;-73,49984;VIIRS-NOAA-20;39,2;8,6;6,4;Nominal;N;0,61;0,71
2026-09-22 00:40;5,60106;-73,51974;VIIRS-NOAA-20;58,5;7,3;7,9;Nominal;N;0,62;0,71
2026-09-22 00:40;5,59951;-73,50815;VIIRS-NOAA-20;63,1;9,7;7,1;Nominal;N;0,62;0,71
2026-09-22 00:40;5,60564;-73,49776;VIIRS-NOAA-20;42,9;8,5;5,7;Nominal;N;0,61;0,71
2026-09-22 00:40;5,60078;-73,51063;VIIRS-NOAA-20;45,0;7,6;6,6;Nominal;N;0,62;0,71
2026-09-22 00:40;5,60275;-73,52459;VIIRS-NOAA-20;25,2;5,8;4,6;Nominal;N;0,62;0,71
2026-09-22 00:40;5,60019;-73,51324;VIIRS-NOAA-20;42,0;7,7;7,1;Nominal;N;0,62;0,71
2026-09-22 00:40;5,61233;-73,49792;VIIRS-NOAA-20;57,1;7,9;4,6;Nominal;N;0,61;0,71
2026-09-22 00:40;5,61297;-73,5024;VIIRS-NOAA-20;43,8;5,7;5,1;Nominal;N;0,62;0,71
2026-09-22 00:40;5,60162;-73,51656;VIIRS-NOAA-20;58,8;8,0;6,6;Nominal;N;0,62;0,71
2026-09-22 00:40;3,7008;-75,30847;VIIRS-NOAA-20;26,6;8,4;3,7;Nominal;N;0,76;0,77
2026-09-22 00:40;5,6001;-73,5058;VIIRS-NOAA-20;56,9;9,6;5,7;Nominal;N;0,61;0,71
2026-09-22 00:40;5,61175;-73,49382;VIIRS-NOAA-20;30,1;7,2;4,6;Nominal;N;0,61;0,71
2026-09-22 00:40;3,70865;-75,31259;VIIRS-NOAA-20;28,3;9,1;3,4;Nominal;N;0,76;0,77
2026-09-22 00:40;5,77925;-72,88451;VIIRS-NOAA-20;24,6;4,8;1,4;Nominal;N;0,56;0,69
2026-09-22 00:40;5,77862;-72,87994;VIIRS-NOAA-20;27,0;5,8;1,4;Nominal;N;0,56;0,69
2026-09-22 00:40;5,18579;-69,76145;VIIRS-NOAA-20;26,1;-14,3;;Nominal;N;0,33;0,56
2026-09-22 00:40;5,18028;-69,7593;VIIRS-NOAA-20;22,8;-9,4;;Nominal;N;0,33;0,56
2026-09-22 00:40;5,18249;-69,7605;VIIRS-NOAA-20;29,2;-9,1;;Nominal;N;0,33;0,55
2026-09-22 00:40;5,17695;-69,75832;VIIRS-NOAA-20;22,6;-11,3;;Nominal;N;0,33;0,55
2026-09-22 01:22;10,31862;-75,48943;VIIRS-NOAA-21;32,6;5,3;1,0;Nominal;N;0,44;0,38
2026-09-22 01:22;5,77578;-72,87885;VIIRS-NOAA-21;30,8;8,2;;Nominal;N;0,39;0,36
2026-09-22 01:22;5,77523;-72,87537;VIIRS-NOAA-21;24,0;7,8;;Nominal;N;0,39;0,36
2026-09-22 01:22;5,76364;-72,93089;VIIRS-NOAA-21;27,7;8,0;;Nominal;N;0,39;0,36
2026-09-22 01:22;5,19488;-69,76794;VIIRS-NOAA-21;35,5;1,6;1,9;Nominal;N;0,53;0,42
2026-09-22 01:22;5,19031;-69,76385;VIIRS-NOAA-21;27,3;1,9;1,3;Nominal;N;0,53;0,42
2026-09-22 01:22;5,18573;-69,75974;VIIRS-NOAA-21;35,1;1,7;1,7;Nominal;N;0,53;0,42
2026-09-22 01:22;5,18191;-69,76035;VIIRS-NOAA-21;31,7;2,5;1,2;Nominal;N;0,53;0,42
2026-09-22 01:22;5,17732;-69,75623;VIIRS-NOAA-21;30,4;2,2;1,2;Nominal;N;0,53;0,42
2026-09-22 01:22;5,16128;-69,75396;VIIRS-NOAA-21;31,9;0,5;1,1;Nominal;N;0,53;0,42
2026-09-22 01:22;5,63556;-73,50076;VIIRS-NOAA-21;22,3;4,7;;Nominal;N;0,39;0,36
2026-09-22 01:22;5,62899;-73,50183;VIIRS-NOAA-21;23,0;3,3;;Nominal;N;0,39;0,36
2026-09-22 01:22;5,62846;-73,49845;VIIRS-NOAA-21;24,6;5,6;1,1;Nominal;N;0,39;0,36
2026-09-22 01:22;5,62793;-73,49506;VIIRS-NOAA-21;27,4;3,6;1,1;Nominal;N;0,39;0,36
2026-09-22 01:22;5,62464;-73,49558;VIIRS-NOAA-21;37,4;3,4;1,1;Nominal;N;0,39;0,36
2026-09-22 01:22;5,61147;-73,4975;VIIRS-NOAA-21;69,8;5,9;6,4;Nominal;N;0,39;0,36
2026-09-22 01:22;5,60702;-73,49815;VIIRS-NOAA-21;62,2;7,1;2,8;Nominal;N;0,39;0,36
2026-09-22 01:22;5,44412;-72,45644;VIIRS-NOAA-21;58,6;17,6;2,3;Nominal;N;0,4;0,37
2026-09-22 01:22;5,44356;-72,45287;VIIRS-NOAA-21;33,3;18,2;2,3;Nominal;N;0,4;0,37
2026-09-22 01:22;5,60373;-73,49861;VIIRS-NOAA-21;30,1;4,9;2,8;Nominal;N;0,39;0,36
2026-09-22 01:22;5,60259;-73,5129;VIIRS-NOAA-21;31,0;3,8;2,1;Nominal;N;0,39;0,36
2026-09-22 01:22;5,5993;-73,51337;VIIRS-NOAA-21;64,0;5,8;2,1;Nominal;N;0,39;0,36
2026-09-22 01:22;5,59877;-73,50993;VIIRS-NOAA-21;53,5;4,8;2,4;Nominal;N;0,39;0,36
2026-09-22 01:22;5,59984;-73,5168;VIIRS-NOAA-21;27,0;2,6;2,1;Nominal;N;0,39;0,36
2026-09-22 01:22;5,59823;-73,50648;VIIRS-NOAA-21;45,9;5,0;2,4;Nominal;N;0,39;0,36
2026-09-22 01:22;5,59494;-73,50695;VIIRS-NOAA-21;23,4;3,8;1,0;Nominal;N;0,39;0,36
2026-09-22 01:22;5,47893;-73,52594;VIIRS-NOAA-21;29,0;7,7;;Nominal;N;0,39;0,36
2026-09-22 01:22;5,47177;-73,54485;VIIRS-NOAA-21;23,6;5,4;;Nominal;N;0,39;0,36
2026-09-22 01:22;5,46902;-73,54883;VIIRS-NOAA-21;22,5;3,4;;Nominal;N;0,39;0,36
2026-09-22 01:22;5,46681;-73,55622;VIIRS-NOAA-21;39,5;6,3;1,4;Nominal;N;0,39;0,36
2026-09-22 01:22;5,46352;-73,55674;VIIRS-NOAA-21;36,3;7,3;1,4;Nominal;N;0,39;0,36
2026-09-22 01:22;5,46077;-73,56067;VIIRS-NOAA-21;23,5;6,7;;Nominal;N;0,39;0,36
2026-09-22 01:22;5,45803;-73,5646;VIIRS-NOAA-21;24,1;6,1;;Nominal;N;0,39;0,36
2026-09-22 01:22;5,44536;-73,59115;VIIRS-NOAA-21;28,9;6,5;;Nominal;N;0,38;0,36
2026-09-22 01:22;5,44368;-73,60194;VIIRS-NOAA-21;30,5;5,7;;Nominal;N;0,38;0,36
2026-09-22 01:22;5,42278;-73,64029;VIIRS-NOAA-21;26,2;5,2;;Nominal;N;0,38;0,36
2026-09-22 01:22;5,37432;-73,68287;VIIRS-NOAA-21;23,8;6,2;;Nominal;N;0,38;0,36
2026-09-22 01:22;5,33756;-73,70605;VIIRS-NOAA-21;40,1;6,9;1,9;Nominal;N;0,38;0,36
2026-09-22 01:22;5,3332;-73,69971;VIIRS-NOAA-21;28,1;6,7;;Nominal;N;0,38;0,36
2026-09-22 01:22;5,32496;-73,71153;VIIRS-NOAA-21;44,8;8,0;1,9;Nominal;N;0,38;0,36
2026-09-22 01:22;5,32168;-73,71205;VIIRS-NOAA-21;38,9;7,5;1,7;Nominal;N;0,38;0,36
2026-09-22 01:22;5,31337;-73,73113;VIIRS-NOAA-21;35,3;6,4;1,2;Nominal;N;0,38;0,36
2026-09-22 01:22;5,22776;-73,80757;VIIRS-NOAA-21;37,4;8,1;1,4;Nominal;N;0,38;0,36
2026-09-22 01:22;5,18748;-73,88113;VIIRS-NOAA-21;35,9;4,9;1,4;Nominal;N;0,38;0,36
2026-09-22 01:22;5,1842;-73,88164;VIIRS-NOAA-21;36,7;4,7;1,2;Nominal;N;0,38;0,36
2026-09-22 01:22;5,13105;-73,90736;VIIRS-NOAA-21;22,9;7,4;;Nominal;N;0,38;0,36
2026-09-22 01:22;5,02616;-75,44837;VIIRS-NOAA-21;26,7;10,6;;Nominal;N;0,4;0,37
2026-09-22 01:22;4,96615;-75,7849;VIIRS-NOAA-21;27,9;14,3;;Nominal;N;0,41;0,37
2026-09-22 01:22;4,49943;-74,14043;VIIRS-NOAA-21;28,0;6,6;;Nominal;N;0,38;0,36
2026-09-22 01:22;4,08148;-73,37974;VIIRS-NOAA-21;39,1;19,0;1,1;Nominal;N;0,39;0,36
2026-09-22 01:22;4,07871;-73,38374;VIIRS-NOAA-21;35,8;19,4;;Nominal;N;0,39;0,36
2026-09-22 01:22;4,04022;-73,44312;VIIRS-NOAA-21;45,3;19,3;1,8;Nominal;N;0,39;0,36
2026-09-22 01:22;3,94581;-72,97243;VIIRS-NOAA-21;35,1;19,0;1,0;Nominal;N;0,4;0,37
2026-09-22 01:22;3,50145;-71,97962;VIIRS-NOAA-21;34,3;17,7;;Nominal;N;0,43;0,38
2026-09-22 01:22;3,7608;-74,83296;VIIRS-NOAA-21;37,5;19,8;2,4;Nominal;N;0,39;0,36
2026-09-22 01:22;3,75803;-74,83692;VIIRS-NOAA-21;52,0;19,8;3,9;Nominal;N;0,39;0,36
2026-09-22 01:22;3,7575;-74,83347;VIIRS-NOAA-21;45,3;19,8;2,4;Nominal;N;0,39;0,36
2026-09-22 01:22;3,83223;-75,95856;VIIRS-NOAA-21;42,5;5,2;1,8;Nominal;N;0,41;0,37
2026-09-22 01:22;3,83167;-75,95492;VIIRS-NOAA-21;34,9;5,0;1,4;Nominal;N;0,41;0,37
2026-09-22 01:22;3,70884;-75,31042;VIIRS-NOAA-21;40,3;18,4;1,9;Nominal;N;0,39;0,36
2026-09-22 01:22;3,70932;-75,33536;VIIRS-NOAA-21;36,3;19,0;1,5;Nominal;N;0,39;0,36
2026-09-22 01:22;3,70878;-75,33187;VIIRS-NOAA-21;36,0;18,9;1,5;Nominal;N;0,39;0,36
2026-09-22 01:22;3,70763;-75,34637;VIIRS-NOAA-21;46,6;19,2;1,8;Nominal;N;0,39;0,36
2026-09-22 01:22;3,70708;-75,34286;VIIRS-NOAA-21;39,0;18,4;1,8;Nominal;N;0,39;0,36
2026-09-22 01:22;3,70544;-75,33234;VIIRS-NOAA-21;34,6;18,5;1,5;Nominal;N;0,39;0,36
2026-09-22 01:22;3,70166;-75,30802;VIIRS-NOAA-21;31,6;17,7;1,8;Nominal;N;0,39;0,36
2026-09-22 01:22;3,70112;-75,30454;VIIRS-NOAA-21;39,2;18,6;1,4;Nominal;N;0,39;0,36
2026-09-22 01:22;3,6978;-75,30509;VIIRS-NOAA-21;65,8;19,6;5,3;Nominal;N;0,39;0,36
2026-09-22 01:22;3,70813;-75,37148;VIIRS-NOAA-21;43,4;19,2;2,1;Nominal;N;0,39;0,36
2026-09-22 01:22;3,6961;-75,31602;VIIRS-NOAA-21;31,0;15,1;;Nominal;N;0,39;0,36
2026-09-22 01:22;3,69277;-75,31654;VIIRS-NOAA-21;36,4;17,0;1,7;Nominal;N;0,39;0,36
2026-09-22 01:22;3,68117;-75,30761;VIIRS-NOAA-21;37,2;19,4;1,1;Nominal;N;0,39;0,36
2026-09-22 01:22;3,68063;-75,30415;VIIRS-NOAA-21;32,5;18,6;1,1;Nominal;N;0,39;0,36
2026-09-22 01:22;3,65396;-75,46224;VIIRS-NOAA-21;52,7;18,7;5,9;Nominal;N;0,39;0,36
2026-09-22 01:22;3,64685;-75,43827;VIIRS-NOAA-21;33,7;18,4;2,8;Nominal;N;0,39;0,36
2026-09-22 01:22;3,64622;-75,45631;VIIRS-NOAA-21;59,0;19,4;6,6;Nominal;N;0,39;0,36
2026-09-22 01:22;3,64676;-75,45983;VIIRS-NOAA-21;45,4;19,0;3,0;Nominal;N;0,39;0,36
2026-09-22 01:22;3,64514;-75,44929;VIIRS-NOAA-21;33,5;18,2;3,2;Nominal;N;0,39;0,36
2026-09-22 01:22;3,64343;-75,46037;VIIRS-NOAA-21;47,0;18,5;3,0;Nominal;N;0,39;0,36
2026-09-22 01:22;3,64071;-75,4427;VIIRS-NOAA-21;34,4;18,8;3,1;Nominal;N;0,39;0,36
2026-09-22 01:22;3,63792;-75,44675;VIIRS-NOAA-21;38,8;18,8;3,0;Nominal;N;0,39;0,36
2026-09-22 01:22;3,31135;-76,29656;VIIRS-NOAA-21;33,1;14,9;1,2;Nominal;N;0,41;0,37
2026-09-22 01:22;2,93514;-75,32333;VIIRS-NOAA-21;39,2;18,1;3,0;Nominal;N;0,39;0,36
2026-09-22 01:22;2,92851;-75,32434;VIIRS-NOAA-21;40,4;20,2;3,5;Nominal;N;0,39;0,36
2026-09-22 01:22;3,0081;-76,69536;VIIRS-NOAA-21;30,1;14,1;;Nominal;N;0,42;0,38
2026-09-22 01:22;3,00523;-76,69965;VIIRS-NOAA-21;27,1;14,0;1,1;Nominal;N;0,42;0,38
2026-09-22 01:22;2,78362;-75,28963;VIIRS-NOAA-21;50,9;19,6;2,2;Nominal;N;0,39;0,36
2026-09-22 01:22;11,13425;-72,57455;VIIRS-NOAA-21;40,9;19,3;2,0;Nominal;N;0,38;0,36
2026-09-22 01:22;11,03089;-72,65936;VIIRS-NOAA-21;37,0;19,0;2,3;Nominal;N;0,38;0,36
2026-09-22 01:25;2,83853;-76,41428;VIIRS-NOAA-21;53,4;11,4;2,5;Nominal;N;0,41;0,37
2026-09-22 01:25;2,70478;-76,45615;VIIRS-NOAA-21;43,6;8,6;1,5;Nominal;N;0,41;0,37
2026-09-22 01:25;1,37558;-77,34562;VIIRS-NOAA-21;55,5;5,1;4,3;Nominal;N;0,43;0,38
2026-09-22 01:25;1,36389;-77,33929;VIIRS-NOAA-21;42,7;8,1;1,6;Nominal;N;0,43;0,38
2026-09-22 01:25;8,19511;-72,41882;VIIRS-NOAA-21;27,8;-1,4;;Nominal;N;0,39;0,36
2026-09-22 01:25;8,04501;-72,41736;VIIRS-NOAA-21;31,9;0,4;1,1;Nominal;N;0,39;0,36
2026-09-22 01:25;8,03505;-72,41898;VIIRS-NOAA-21;27,1;0,4;;Nominal;N;0,39;0,36
2026-09-22 01:25;8,03173;-72,41953;VIIRS-NOAA-21;32,4;-0,3;;Nominal;N;0,39;0,36
2026-09-22 01:25;7,95105;-72,49062;VIIRS-NOAA-21;29,6;3,2;1,0;Nominal;N;0,39;0,36
2026-09-22 01:25;7,9505;-72,48709;VIIRS-NOAA-21;29,2;2,8;;Nominal;N;0,39;0,36
2026-09-22 01:25;7,89525;-72,5676;VIIRS-NOAA-21;33,9;4,0;;Nominal;N;0,39;0,36
2026-09-22 01:25;7,8947;-72,56412;VIIRS-NOAA-21;31,2;4,9;;Nominal;N;0,39;0,36
2026-09-22 01:25;7,89581;-72,59258;VIIRS-NOAA-21;28,0;-1,6;;Nominal;N;0,39;0,36
2026-09-22 01:25;7,89194;-72,56812;VIIRS-NOAA-21;29,9;3,0;;Nominal;N;0,39;0,36
2026-09-22 01:25;7,89138;-72,56464;VIIRS-NOAA-21;31,4;4,6;;Nominal;N;0,39;0,36
2026-09-22 01:25;7,89305;-72,59661;VIIRS-NOAA-21;24,7;-1,8;;Nominal;N;0,39;0,36
2026-09-22 01:25;7,8925;-72,59311;VIIRS-NOAA-21;29,6;-1,1;;Nominal;N;0,39;0,36
2026-09-22 01:25;7,88918;-72,57214;VIIRS-NOAA-21;34,2;5,8;1,2;Nominal;N;0,39;0,36
2026-09-22 01:25;7,88807;-72,56516;VIIRS-NOAA-21;31,6;5,2;;Nominal;N;0,39;0,36
2026-09-22 01:59;11,03253;-72,65784;VIIRS-Suomi-NPP;30,3;15,3;1,1;Nominal;N;0,45;0,47
2026-09-22 01:59;11,02899;-72,66294;VIIRS-Suomi-NPP;32,3;15,4;1,1;Nominal;N;0,45;0,47
2026-09-22 01:59;5,77822;-72,87874;VIIRS-Suomi-NPP;31,2;-0,1;2,4;Nominal;N;0,54;0,51
2026-09-22 01:59;5,18495;-69,75904;VIIRS-Suomi-NPP;29,9;-5,9;;Nominal;N;0,44;0,63
2026-09-22 01:59;5,17843;-69,75589;VIIRS-Suomi-NPP;23,7;-6,6;;Nominal;N;0,44;0,63
2026-09-22 01:59;5,63534;-73,50231;VIIRS-Suomi-NPP;22,9;7,8;1,1;Nominal;N;0,49;0,49
2026-09-22 01:59;5,62542;-73,49783;VIIRS-Suomi-NPP;28,8;6,1;1,9;Nominal;N;0,49;0,49
2026-09-22 01:59;5,61176;-73,49831;VIIRS-Suomi-NPP;66,0;9,5;5,0;Nominal;N;0,49;0,49
2026-09-22 01:59;5,60101;-73,51575;VIIRS-Suomi-NPP;23,1;9,0;1,1;Nominal;N;0,49;0,48
2026-09-22 01:59;5,60026;-73,51141;VIIRS-Suomi-NPP;35,3;9,5;1,1;Nominal;N;0,49;0,49
2026-09-22 01:59;5,59563;-73,51112;VIIRS-Suomi-NPP;23,5;9,3;1,1;Nominal;N;0,49;0,49
2026-09-22 01:59;5,32396;-73,71118;VIIRS-Suomi-NPP;36,1;5,1;1,8;Nominal;N;0,48;0,48
2026-09-22 01:59;5,60703;-73,4975;VIIRS-Suomi-NPP;55,0;9,4;5,0;Nominal;N;0,49;0,49
2026-09-22 02:01;4,04014;-73,44201;VIIRS-Suomi-NPP;47,4;16,5;2,4;Nominal;N;0,52;0,5
2026-09-22 02:01;9,73569;-73,50682;VIIRS-Suomi-NPP;31,9;15,4;3,4;Nominal;N;0,42;0,45
2026-09-22 02:01;9,74052;-73,50989;VIIRS-Suomi-NPP;38,2;17,5;4,4;Nominal;N;0,42;0,45
2026-09-22 02:01;3,75939;-74,83505;VIIRS-Suomi-NPP;49,4;17,1;4,3;Nominal;N;0,43;0,46
2026-09-22 02:01;3,70192;-75,30663;VIIRS-Suomi-NPP;31,2;16,2;1,2;Nominal;N;0,4;0,44
2026-09-22 02:01;3,69779;-75,30695;VIIRS-Suomi-NPP;48,4;17,4;3,0;Nominal;N;0,4;0,44
2026-09-22 02:01;3,65653;-75,46127;VIIRS-Suomi-NPP;32,8;16,1;1,2;Nominal;N;0,39;0,44
2026-09-22 02:01;3,65249;-75,46189;VIIRS-Suomi-NPP;35,5;16,0;1,2;Nominal;N;0,39;0,44
2026-09-22 02:01;3,64723;-75,45522;VIIRS-Suomi-NPP;47,4;16,9;2,2;Nominal;N;0,39;0,44
2026-09-22 02:01;3,64782;-75,45877;VIIRS-Suomi-NPP;38,3;16,8;2,2;Nominal;N;0,39;0,44
2026-09-22 02:01;3,64663;-75,45168;VIIRS-Suomi-NPP;32,1;16,6;2,3;Nominal;N;0,39;0,44
2026-09-22 02:01;3,64376;-75,4593;VIIRS-Suomi-NPP;50,3;16,6;2,2;Nominal;N;0,39;0,44
2026-09-22 02:01;3,31388;-76,29665;VIIRS-Suomi-NPP;29,7;13,0;;Nominal;N;0,53;0,42
2026-09-22 02:01;2,83742;-76,41351;VIIRS-Suomi-NPP;27,4;7,7;1,1;Nominal;N;0,53;0,42
2026-09-22 02:01;2,82738;-76,42439;VIIRS-Suomi-NPP;26,5;8,6;;Nominal;N;0,53;0,42
2026-09-22 02:01;2,8288;-76,42111;VIIRS-Suomi-NPP;24,2;8,5;;Nominal;N;0,53;0,42
2026-09-22 02:01;2,31325;-76,395;VIIRS-Suomi-NPP;25,6;1,0;1,5;Nominal;N;0,54;0,42
2026-09-22 02:18;9,76123;-73,47567;VIIRS-NOAA-20;35,0;13,8;2,2;Nominal;N;0,59;0,7
2026-09-22 02:18;9,73939;-73,51022;VIIRS-NOAA-20;31,8;13,7;3,2;Nominal;N;0,59;0,7
2026-09-22 02:18;9,74208;-73,51219;VIIRS-NOAA-20;34,4;13,5;3,2;Nominal;N;0,59;0,7
2026-09-22 02:18;11,0307;-72,6642;VIIRS-NOAA-20;29,7;12,7;1,5;Nominal;N;0,63;0,72
2026-09-22 02:18;9,76227;-73,48093;VIIRS-NOAA-20;35,7;13,1;2,2;Nominal;N;0,59;0,7
2026-09-22 02:20;5,46754;-73,55861;VIIRS-NOAA-20;27,3;4,6;3,4;Nominal;N;0,7;0,75
2026-09-22 02:20;4,04028;-73,44155;VIIRS-NOAA-20;26,1;10,7;1,3;Nominal;N;0,75;0,77
2026-09-22 02:20;5,62961;-73,49648;VIIRS-NOAA-20;24,7;3,9;2,4;Nominal;N;0,7;0,75
2026-09-22 02:20;4,04149;-73,44826;VIIRS-NOAA-20;26,4;10,7;;Nominal;N;0,75;0,77
2026-09-22 08:21;5,77564;-72,87224;MODIS-Terra;33,9;20,7;7,6;48 %;D;1,34;1,15
2026-09-22 08:21;5,18728;-69,75838;MODIS-Terra;54,3;25,9;15,9;73 %;D;1,0;1,0
2026-09-22 08:21;5,17973;-69,76836;MODIS-Terra;51,0;25,5;12,3;63 %;D;1,0;1,0
2026-09-22 08:21;5,15965;-69,75327;MODIS-Terra;49,4;25,0;11,7;59 %;D;1,0;1,0
2026-09-22 08:21;5,61517;-73,49627;MODIS-Terra;94,2;25,8;182,7;100 %;D;1,47;1,2
2026-09-22 08:21;5,6136;-73,4847;MODIS-Terra;51,5;21,6;33,3;81 %;D;1,47;1,2
2026-09-22 12:26;3,51777;-71,80087;VIIRS-NOAA-21;58,5;17,1;4,6;Nominal;D;0,5;0,66
2026-09-22 12:26;3,45176;-72,25229;VIIRS-NOAA-21;61,7;14,7;9,8;Nominal;D;0,54;0,68
2026-09-22 12:26;3,59338;-71,46931;VIIRS-NOAA-21;57,3;17,9;4,9;Nominal;D;0,47;0,64
2026-09-22 12:26;3,59923;-71,47021;VIIRS-NOAA-21;55,9;18,1;4,9;Nominal;D;0,47;0,64
2026-09-22 12:26;3,63327;-71,41126;VIIRS-NOAA-21;60,1;18,5;5,5;Nominal;D;0,47;0,64
2026-09-22 12:26;3,42873;-72,83681;VIIRS-NOAA-21;65,7;12,6;19,0;Nominal;D;0,59;0,7
2026-09-22 12:26;3,43688;-72,82743;VIIRS-NOAA-21;71,2;8,4;14,1;Nominal;D;0,59;0,7
2026-09-22 12:26;3,58656;-72,4623;VIIRS-NOAA-21;66,6;15,3;12,7;Nominal;D;0,55;0,68
2026-09-22 12:26;3,5928;-72,46326;VIIRS-NOAA-21;60,1;15,7;6,0;Nominal;D;0,55;0,68
2026-09-22 12:26;3,95333;-70,93064;VIIRS-NOAA-21;56,4;18,7;5,4;Nominal;D;0,43;0,62
2026-09-22 12:26;3,84021;-71,67186;VIIRS-NOAA-21;71,7;18,8;15,2;Nominal;D;0,48;0,65
2026-09-22 12:26;3,96681;-71,19864;VIIRS-NOAA-21;59,9;18,1;7,4;Nominal;D;0,45;0,63
2026-09-22 12:26;3,96366;-71,19538;VIIRS-NOAA-21;58,7;18,0;6,2;Nominal;D;0,45;0,63
2026-09-22 12:26;3,96831;-71,23659;VIIRS-NOAA-21;55,1;18,5;6,8;Nominal;D;0,45;0,63
2026-09-22 12:26;4,08034;-70,7159;VIIRS-NOAA-21;68,2;19,3;8,7;Nominal;D;0,41;0,61
2026-09-22 12:26;4,07971;-70,71959;VIIRS-NOAA-21;58,1;18,9;7,0;Nominal;D;0,41;0,61
2026-09-22 12:26;4,21707;-69,93848;VIIRS-NOAA-21;63,4;18,4;5,7;Nominal;D;0,36;0,57
2026-09-22 12:26;4,22338;-69,93288;VIIRS-NOAA-21;65,1;19,5;6,7;Nominal;D;0,36;0,57
2026-09-22 12:26;4,2207;-69,94891;VIIRS-NOAA-21;60,7;18,2;10,1;Nominal;D;0,36;0,57
2026-09-22 12:26;4,22541;-69,95289;VIIRS-NOAA-21;93,9;20,9;10,1;Alta;D;0,36;0,58
2026-09-22 12:26;4,22487;-69,95609;VIIRS-NOAA-21;93,9;20,3;8,2;Alta;D;0,36;0,58
2026-09-22 12:26;4,32841;-69,33524;VIIRS-NOAA-21;57,2;16,7;4,9;Nominal;D;0,33;0,55
2026-09-22 12:26;4,227;-69,94337;VIIRS-NOAA-21;72,3;19,8;7,7;Nominal;D;0,36;0,57
2026-09-22 12:26;4,22647;-69,94656;VIIRS-NOAA-21;81,5;19,7;7,7;Nominal;D;0,36;0,57
2026-09-22 12:26;4,22433;-69,95932;VIIRS-NOAA-21;57,0;19,6;8,2;Nominal;D;0,36;0,58
2026-09-22 12:26;4,23277;-69,94096;VIIRS-NOAA-21;62,2;18,6;5,5;Nominal;D;0,36;0,57
2026-09-22 12:26;4,09563;-70,86207;VIIRS-NOAA-21;69,1;18,4;7,8;Nominal;D;0,42;0,61
2026-09-22 12:26;4,27149;-69,90141;VIIRS-NOAA-21;69,0;21,7;17,9;Nominal;D;0,36;0,57
2026-09-22 12:26;4,27097;-69,90459;VIIRS-NOAA-21;74,3;29,5;54,5;Nominal;D;0,36;0,57
2026-09-22 12:26;4,27723;-69,89907;VIIRS-NOAA-21;62,1;20,8;17,9;Nominal;D;0,36;0,57
2026-09-22 12:26;4,27671;-69,90223;VIIRS-NOAA-21;76,1;19,3;17,9;Nominal;D;0,36;0,57
2026-09-22 12:26;4,27619;-69,9054;VIIRS-NOAA-21;63,3;16,7;54,5;Nominal;D;0,36;0,57
2026-09-22 12:26;4,48701;-68,73505;VIIRS-NOAA-21;59,5;23,4;7,5;Nominal;D;0,59;0,53
2026-09-22 12:26;4,48617;-68,74028;VIIRS-NOAA-21;56,7;22,9;7,5;Nominal;D;0,59;0,53
2026-09-22 12:26;4,2719;-69,90363;VIIRS-NOAA-21;93,9;26,3;31,1;Alta;D;0,36;0,57
2026-09-22 12:26;4,27245;-69,90047;VIIRS-NOAA-21;64,4;21,7;31,1;Nominal;D;0,36;0,57
2026-09-22 12:26;4,27135;-69,90681;VIIRS-NOAA-21;-65,8;21,6;65,2;Baja;D;0,36;0,57
2026-09-22 12:26;4,27766;-69,90128;VIIRS-NOAA-21;71,8;18,7;31,1;Nominal;D;0,36;0,57
2026-09-22 12:26;2,64971;-73,74907;VIIRS-NOAA-21;54,4;10,0;8,6;Nominal;D;0,71;0,75
2026-09-22 12:26;3,66093;-68,16119;VIIRS-NOAA-21;66,2;22,7;9,4;Nominal;D;0,55;0,51
2026-09-22 12:26;3,56858;-71,37086;VIIRS-NOAA-21;56,9;17,2;3,1;Nominal;D;0,47;0,64
2026-09-22 12:26;3,45208;-72,253;VIIRS-NOAA-21;70,3;15,0;11,2;Nominal;D;0,54;0,68
2026-09-22 12:26;3,59416;-71,46906;VIIRS-NOAA-21;72,1;18,5;10,2;Nominal;D;0,47;0,64
2026-09-22 12:26;3,12558;-71,87073;VIIRS-NOAA-21;93,9;17,9;20,3;Alta;D;0,51;0,66
2026-09-22 12:26;3,21384;-71,49215;VIIRS-NOAA-21;54,7;16,5;3,1;Nominal;D;0,48;0,65
2026-09-22 12:26;3,62724;-69,06114;VIIRS-NOAA-21;63,8;20,2;3,3;Nominal;D;0,32;0,55
2026-09-22 12:26;2,83499;-73,82095;VIIRS-NOAA-21;58,0;13,4;7,1;Nominal;D;0,71;0,75
2026-09-22 12:26;2,8368;-73,8194;VIIRS-NOAA-21;55,3;13,8;12,1;Nominal;D;0,71;0,75
2026-09-22 12:26;3,48711;-71,67529;VIIRS-NOAA-21;82,0;17,8;6,7;Nominal;D;0,49;0,65
2026-09-22 12:26;3,48638;-71,67957;VIIRS-NOAA-21;54,2;15,3;6,7;Nominal;D;0,49;0,65
2026-09-22 12:26;3,52984;-71,45878;VIIRS-NOAA-21;61,2;17,4;3,0;Nominal;D;0,47;0,64
2026-09-22 12:26;3,49306;-71,67617;VIIRS-NOAA-21;58,4;19,0;6,7;Nominal;D;0,49;0,65
2026-09-22 12:26;1,14534;-71,60753;VIIRS-NOAA-21;65,2;16,5;7,1;Nominal;D;0,53;0,67
2026-09-22 12:26;3,49233;-71,68048;VIIRS-NOAA-21;59,2;16,7;6,7;Nominal;D;0,49;0,65
2026-09-22 12:26;2,65449;-73,75245;VIIRS-NOAA-21;55,0;10,6;7,2;Nominal;D;0,71;0,75
2026-09-22 12:26;0,73865;-69,48933;VIIRS-NOAA-21;63,4;6,2;5,2;Nominal;D;0,38;0,59
2026-09-22 12:26;0,73812;-69,49269;VIIRS-NOAA-21;56,4;8,9;5,2;Nominal;D;0,38;0,59
2026-09-22 12:26;0,75259;-69,47062;VIIRS-NOAA-21;53,6;10,8;4,4;Nominal;D;0,38;0,59
2026-09-22 12:28;10,0546;-73,28976;VIIRS-NOAA-21;93,9;20,7;15,2;Alta;D;0,49;0,65
2026-09-22 12:28;5,25703;-69,56948;VIIRS-NOAA-21;64,2;19,3;1,9;Nominal;D;0,33;0,55
2026-09-22 12:28;5,69094;-67,87082;VIIRS-NOAA-21;68,1;25,4;15,4;Nominal;D;0,49;0,49
2026-09-22 12:28;5,69537;-67,87155;VIIRS-NOAA-21;67,3;26,1;13,2;Nominal;D;0,49;0,49
2026-09-22 12:28;5,69421;-67,874;VIIRS-NOAA-21;68,7;27,5;29,7;Nominal;D;0,49;0,49
2026-09-22 12:28;5,87289;-70,39514;VIIRS-NOAA-21;62,1;19,1;4,7;Nominal;D;0,36;0,58
2026-09-22 12:28;5,80465;-69,77383;VIIRS-NOAA-21;69,3;23,8;20,7;Nominal;D;0,33;0,55
2026-09-22 12:28;5,81018;-69,77171;VIIRS-NOAA-21;93,9;24,4;20,7;Alta;D;0,33;0,55
2026-09-22 12:28;5,81067;-69,76876;VIIRS-NOAA-21;65,2;22,0;13,1;Nominal;D;0,33;0,55
2026-09-22 12:28;5,81522;-69,77254;VIIRS-NOAA-21;64,8;21,0;3,8;Nominal;D;0,33;0,55
2026-09-22 12:28;5,82074;-69,77042;VIIRS-NOAA-21;61,2;22,0;7,9;Nominal;D;0,33;0,55
2026-09-22 12:28;5,80964;-69,77119;VIIRS-NOAA-21;93,9;23,9;13,8;Alta;D;0,33;0,55
2026-09-22 12:28;5,80913;-69,77412;VIIRS-NOAA-21;93,9;22,1;15,7;Alta;D;0,33;0,55
2026-09-22 12:28;5,81468;-69,77201;VIIRS-NOAA-21;59,4;22,0;13,8;Nominal;D;0,33;0,55
2026-09-22 12:28;5,82023;-69,76989;VIIRS-NOAA-21;63,4;22,0;6,2;Nominal;D;0,33;0,55
2026-09-22 12:28;5,70971;-70,5246;VIIRS-NOAA-21;57,2;20,5;4,9;Nominal;D;0,37;0,58
2026-09-22 12:28;5,70914;-70,52792;VIIRS-NOAA-21;59,6;19,9;6,6;Nominal;D;0,37;0,58
2026-09-22 12:28;5,71502;-70,52547;VIIRS-NOAA-21;68,4;19,6;4,9;Nominal;D;0,37;0,58
2026-09-22 12:28;5,86764;-70,39426;VIIRS-NOAA-21;67,2;18,8;3,9;Nominal;D;0,36;0,58
2026-09-22 12:28;6,55978;-70,29714;VIIRS-NOAA-21;70,3;20,9;5,7;Nominal;D;0,35;0,57
2026-09-22 12:28;8,64594;-73,36433;VIIRS-NOAA-21;69,5;12,0;8,6;Nominal;D;0,53;0,67
2026-09-22 12:28;8,64668;-73,36633;VIIRS-NOAA-21;70,7;11,1;9,4;Nominal;D;0,53;0,67
2026-09-22 12:28;8,96639;-73,41977;VIIRS-NOAA-21;58,0;6,4;4,7;Nominal;D;0,52;0,67
2026-09-22 12:28;10,05327;-73,28793;VIIRS-NOAA-21;93,9;20,4;16,1;Alta;D;0,49;0,65
2026-09-22 12:28;10,05242;-73,2923;VIIRS-NOAA-21;64,9;18,9;11,6;Nominal;D;0,49;0,65
2026-09-22 12:28;10,25014;-73,36525;VIIRS-NOAA-21;72,4;18,5;6,2;Nominal;D;0,49;0,65
2026-09-22 12:28;6,73475;-69,93743;VIIRS-NOAA-21;65,8;19,6;6,2;Nominal;D;0,33;0,55
2026-09-22 12:28;10,24839;-73,36533;VIIRS-NOAA-21;55,6;17,8;2,0;Nominal;D;0,49;0,65
2026-09-22 12:28;4,48631;-68,73804;VIIRS-NOAA-21;72,2;24,3;12,0;Nominal;D;0,59;0,53
2026-09-22 12:28;7,47954;-73,33818;VIIRS-NOAA-21;75,9;14,2;14,2;Nominal;D;0,55;0,68
2026-09-22 12:28;7,49155;-73,34216;VIIRS-NOAA-21;58,2;13,4;5,0;Nominal;D;0,55;0,68
2026-09-22 12:28;6,02683;-69,88622;VIIRS-NOAA-21;60,3;16,9;2,6;Nominal;D;0,33;0,56
2026-09-22 12:28;6,03969;-70,11499;VIIRS-NOAA-21;69,9;19,4;6,7;Nominal;D;0,35;0,56
2026-09-22 12:28;6,03916;-70,11806;VIIRS-NOAA-21;71,1;19,3;8,2;Nominal;D;0,35;0,56
2026-09-22 12:28;6,03864;-70,12115;VIIRS-NOAA-21;77,7;18,5;8,2;Nominal;D;0,35;0,56
2026-09-22 12:28;6,04535;-70,11275;VIIRS-NOAA-21;79,4;20,0;6,7;Nominal;D;0,35;0,56
2026-09-22 12:28;6,04483;-70,11583;VIIRS-NOAA-21;72,2;18,9;6,7;Nominal;D;0,35;0,56
2026-09-22 12:28;4,33167;-69,80355;VIIRS-NOAA-21;93,9;21,2;7,7;Alta;D;0,35;0,57
2026-09-22 12:28;4,51467;-68,71571;VIIRS-NOAA-21;60,7;19,0;14,0;Nominal;D;0,59;0,53
2026-09-22 12:28;4,5138;-68,72092;VIIRS-NOAA-21;71,1;22,0;14,0;Nominal;D;0,59;0,53
2026-09-22 12:28;4,50591;-68,76804;VIIRS-NOAA-21;79,2;23,8;18,8;Nominal;D;0,59;0,53
2026-09-22 12:28;4,3322;-69,80044;VIIRS-NOAA-21;55,8;20,7;7,7;Nominal;D;0,35;0,57
2026-09-22 12:28;4,51072;-68,76881;VIIRS-NOAA-21;69,1;25,4;18,8;Nominal;D;0,59;0,53
2026-09-22 12:28;4,52251;-68,72765;VIIRS-NOAA-21;66,1;22,4;8,2;Nominal;D;0,59;0,53
2026-09-22 12:28;3,98163;-72,32738;VIIRS-NOAA-21;62,1;17,1;9,8;Nominal;D;0,54;0,67
2026-09-22 12:28;4,25971;-70,72701;VIIRS-NOAA-21;57,2;19,5;5,4;Nominal;D;0,41;0,61
2026-09-22 12:28;4,26004;-70,72685;VIIRS-NOAA-21;54,4;19,0;6,0;Nominal;D;0,41;0,61
2026-09-22 12:28;3,98145;-72,32958;VIIRS-NOAA-21;64,5;17,2;8,9;Nominal;D;0,53;0,67
2026-09-22 12:28;4,43475;-69,80206;VIIRS-NOAA-21;70,8;20,6;5,2;Nominal;D;0,35;0,57
2026-09-22 12:28;4,422;-69,87708;VIIRS-NOAA-21;55,4;18,9;3,6;Nominal;D;0,35;0,57
2026-09-22 12:28;4,71051;-68,4516;VIIRS-NOAA-21;69,1;24,5;19,4;Nominal;D;0,56;0,51
2026-09-22 12:28;4,7077;-68,82658;VIIRS-NOAA-21;66,4;22,0;11,4;Nominal;D;0,59;0,53
2026-09-22 12:28;4,60409;-69,81492;VIIRS-NOAA-21;62,1;20,8;5,0;Nominal;D;0,35;0,57
2026-09-22 12:28;4,6641;-69,81784;VIIRS-NOAA-21;77,0;20,6;6,3;Nominal;D;0,35;0,57
2026-09-22 12:28;4,66979;-69,8155;VIIRS-NOAA-21;68,1;21,9;6,3;Nominal;D;0,35;0,57
2026-09-22 12:28;6,11218;-70,04799;VIIRS-NOAA-21;62,6;20,6;5,0;Nominal;D;0,34;0,56
2026-09-22 12:28;6,11165;-70,05104;VIIRS-NOAA-21;61,2;20,3;4,9;Nominal;D;0,34;0,56
2026-09-22 12:28;5,6293;-73,05014;VIIRS-NOAA-21;93,9;23,4;24,0;Alta;D;0,57;0,69
2026-09-22 12:28;5,63009;-73,04572;VIIRS-NOAA-21;68,7;22,0;21,7;Nominal;D;0,57;0,69
2026-09-22 12:28;6,21324;-69,76331;VIIRS-NOAA-21;74,6;17,3;4,2;Nominal;D;0,32;0,55
2026-09-22 12:28;6,21275;-69,7662;VIIRS-NOAA-21;68,1;17,4;4,2;Nominal;D;0,33;0,55
2026-09-22 12:28;6,28868;-69,61878;VIIRS-NOAA-21;66,2;21,3;17,2;Nominal;D;0,63;0,54
2026-09-22 12:28;6,28564;-69,61519;VIIRS-NOAA-21;63,0;19,7;4,8;Nominal;D;0,63;0,54
2026-09-22 12:28;6,29058;-69,61599;VIIRS-NOAA-21;68,4;18,0;20,4;Nominal;D;0,63;0,54
2026-09-22 12:28;6,94407;-73,93919;VIIRS-NOAA-21;56,0;13,3;3,4;Nominal;D;0,61;0,71
2026-09-22 12:28;5,28904;-70,3644;VIIRS-NOAA-21;61,0;19,2;8,9;Nominal;D;0,37;0,58
2026-09-22 12:28;5,48133;-69,94218;VIIRS-NOAA-21;64,8;15,1;4,3;Nominal;D;0,34;0,56
2026-09-22 12:28;5,4808;-69,94523;VIIRS-NOAA-21;64,6;15,0;4,3;Nominal;D;0,34;0,56
2026-09-22 12:28;5,48646;-69,94302;VIIRS-NOAA-21;60,7;18,8;4,7;Nominal;D;0,34;0,56
2026-09-22 12:28;5,51365;-70,22009;VIIRS-NOAA-21;56,3;20,9;7,8;Nominal;D;0,36;0,57
2026-09-22 12:28;5,51311;-70,22327;VIIRS-NOAA-21;77,1;20,8;8,6;Nominal;D;0,36;0,57
2026-09-22 12:28;5,51396;-70,22234;VIIRS-NOAA-21;93,9;21,8;10,1;Alta;D;0,36;0,57
2026-09-22 12:28;5,46812;-70,83089;VIIRS-NOAA-21;68,3;19,3;4,4;Nominal;D;0,4;0,6
2026-09-22 12:28;6,50548;-74,09972;VIIRS-NOAA-21;65,9;12,1;11,5;Nominal;D;0,64;0,72
2026-09-22 12:28;6,50446;-74,10531;VIIRS-NOAA-21;53,2;12,3;9,7;Nominal;D;0,64;0,72
2026-09-22 12:28;5,9943;-67,75732;VIIRS-NOAA-21;81,4;25,5;36,2;Nominal;D;0,48;0,48
2026-09-22 12:28;4,12986;-73,19526;VIIRS-NOAA-21;58,3;18,1;5,0;Nominal;D;0,61;0,71
2026-09-22 12:28;4,91344;-68,59344;VIIRS-NOAA-21;62,8;22,6;16,2;Nominal;D;0,57;0,52
2026-09-22 12:28;4,13041;-73,19638;VIIRS-NOAA-21;58,1;18,0;6,9;Nominal;D;0,61;0,71
2026-09-22 12:28;4,85862;-69,24529;VIIRS-NOAA-21;69,0;20,4;16,4;Nominal;D;0,63;0,54
2026-09-22 12:28;4,85768;-69,25085;VIIRS-NOAA-21;69,6;21,4;16,4;Nominal;D;0,63;0,54
2026-09-22 12:28;5,13773;-68,05387;VIIRS-NOAA-21;78,0;26,8;10,6;Nominal;D;0,52;0,5
2026-09-22 12:28;5,13944;-68,05333;VIIRS-NOAA-21;72,9;26,7;9,1;Nominal;D;0,52;0,5
2026-09-22 12:28;4,75756;-70,93771;VIIRS-NOAA-21;62,2;18,3;8,6;Nominal;D;0,42;0,61
2026-09-22 12:28;4,75675;-70,93901;VIIRS-NOAA-21;57,8;17,8;5,2;Nominal;D;0,42;0,61
2026-09-22 12:28;4,7623;-70,93989;VIIRS-NOAA-21;60,6;18,0;4,1;Nominal;D;0,42;0,61
2026-09-22 12:28;4,9838;-69,87488;VIIRS-NOAA-21;68,6;20,1;4,3;Nominal;D;0,35;0,56
2026-09-22 12:28;4,54949;-72,62203;VIIRS-NOAA-21;62,6;13,4;7,7;Nominal;D;0,55;0,68
2026-09-22 12:28;4,92189;-70,63091;VIIRS-NOAA-21;93,9;19,6;18,6;Alta;D;0,39;0,6
2026-09-22 12:28;4,54829;-72,62428;VIIRS-NOAA-21;79,8;14,0;10,2;Nominal;D;0,55;0,68
2026-09-22 12:28;4,91862;-70,63067;VIIRS-NOAA-21;77,5;19,5;14,1;Nominal;D;0,39;0,6
2026-09-22 12:28;5,12741;-69,45435;VIIRS-NOAA-21;93,9;22,2;14,4;Alta;D;0,32;0,55
2026-09-22 12:28;5,12692;-69,4572;VIIRS-NOAA-21;93,9;20,7;16,6;Alta;D;0,32;0,55
2026-09-22 12:28;4,92404;-70,63152;VIIRS-NOAA-21;60,4;17,2;5,1;Nominal;D;0,39;0,6
2026-09-22 12:28;5,13239;-69,45518;VIIRS-NOAA-21;93,9;21,4;14,4;Alta;D;0,32;0,55
2026-09-22 12:28;5,20392;-69,18362;VIIRS-NOAA-21;69,9;22,7;17,9;Nominal;D;0,62;0,54
2026-09-22 12:28;5,21372;-69,18508;VIIRS-NOAA-21;67,6;21,4;16,3;Nominal;D;0,62;0,54
2026-09-22 12:28;4,97743;-70,5796;VIIRS-NOAA-21;79,4;17,7;11,5;Nominal;D;0,39;0,59
2026-09-22 12:28;5,01684;-70,38055;VIIRS-NOAA-21;57,5;18,7;4,0;Nominal;D;0,38;0,58
2026-09-22 12:28;5,02385;-70,37142;VIIRS-NOAA-21;65,3;21,5;5,8;Nominal;D;0,38;0,58
2026-09-22 12:28;5,02329;-70,37476;VIIRS-NOAA-21;63,1;20,9;5,8;Nominal;D;0,38;0,58
2026-09-22 12:28;5,02272;-70,37809;VIIRS-NOAA-21;59,7;20,2;6,1;Nominal;D;0,38;0,58
2026-09-22 12:28;5,18395;-69,75441;VIIRS-NOAA-21;61,5;18,0;6,3;Nominal;D;0,34;0,56
2026-09-22 12:28;5,99937;-67,75378;VIIRS-NOAA-21;61,9;27,4;8,7;Nominal;D;0,48;0,48
2026-09-22 12:28;5,99867;-67,75803;VIIRS-NOAA-21;65,6;29,7;36,2;Nominal;D;0,48;0,48
2026-09-22 12:28;5,85184;-68,63855;VIIRS-NOAA-21;82,5;20,5;16,4;Nominal;D;0,55;0,51
2026-09-22 12:28;5,85101;-68,64347;VIIRS-NOAA-21;63,0;21,8;5,8;Nominal;D;0,55;0,51
2026-09-22 12:28;6,00655;-67,73753;VIIRS-NOAA-21;59,3;27,8;4,9;Nominal;D;0,48;0,48
2026-09-22 12:28;5,98457;-67,87027;VIIRS-NOAA-21;60,4;24,9;3,0;Nominal;D;0,49;0,48
2026-09-22 12:28;5,85567;-68,64421;VIIRS-NOAA-21;66,4;22,8;7,3;Nominal;D;0,55;0,51
2026-09-22 12:28;6,01162;-67,734;VIIRS-NOAA-21;62,8;25,8;4,9;Nominal;D;0,48;0,48
2026-09-22 12:28;5,64851;-69,99693;VIIRS-NOAA-21;93,9;20,7;6,2;Alta;D;0,34;0,56
2026-09-22 12:28;5,50873;-70,92127;VIIRS-NOAA-21;55,9;20,1;5,2;Nominal;D;0,4;0,6
2026-09-22 12:28;5,66024;-70,18863;VIIRS-NOAA-21;65,3;20,1;5,2;Nominal;D;0,36;0,57
2026-09-22 12:28;5,80514;-69,77088;VIIRS-NOAA-21;93,9;22,5;20,7;Alta;D;0,33;0,55
2026-09-22 12:28;7,70449;-73,65282;VIIRS-NOAA-21;54,4;16,7;8,4;Nominal;D;0,57;0,69
2026-09-22 12:28;7,74439;-73,78595;VIIRS-NOAA-21;58,6;16,3;8,7;Nominal;D;0,58;0,7
2026-09-22 12:28;5,18853;-69,75813;VIIRS-NOAA-21;80,4;17,1;4,7;Nominal;D;0,34;0,56
2026-09-22 13:21;3,74704;-71,94321;VIIRS-NOAA-20;64,8;26,8;4,3;Nominal;D;0,41;0,37
2026-09-22 13:21;3,48564;-71,67908;VIIRS-NOAA-20;76,7;28,7;8,6;Nominal;D;0,41;0,37
2026-09-22 13:21;3,8516;-72,17416;VIIRS-NOAA-20;57,6;27,4;2,6;Nominal;D;0,4;0,37
2026-09-22 13:21;-0,53407;-70,68505;VIIRS-NOAA-20;60,4;24,0;3,5;Nominal;D;0,42;0,37
2026-09-22 13:21;-0,65681;-72,2898;VIIRS-NOAA-20;57,8;21,7;3,0;Nominal;D;0,38;0,36
2026-09-22 13:21;4,18595;-73,19019;VIIRS-NOAA-20;75,6;28,1;10,3;Nominal;D;0,39;0,36
2026-09-22 13:21;4,18264;-73,18969;VIIRS-NOAA-20;74,4;26,7;4,9;Nominal;D;0,39;0,36
2026-09-22 13:21;4,9047;-68,13247;VIIRS-NOAA-20;66,5;23,5;4,7;Nominal;D;0,44;0,46
2026-09-22 13:21;4,63399;-69,7736;VIIRS-NOAA-20;65,5;25,8;4,2;Nominal;D;0,52;0,41
2026-09-22 13:21;4,60059;-69,81596;VIIRS-NOAA-20;63,0;25,9;3,7;Nominal;D;0,51;0,41
2026-09-22 13:21;4,60127;-69,81136;VIIRS-NOAA-20;58,8;24,8;3,7;Nominal;D;0,51;0,41
2026-09-22 13:21;4,03989;-73,3471;VIIRS-NOAA-20;62,9;28,9;2,6;Nominal;D;0,38;0,36
2026-09-22 13:21;4,70618;-68,82214;VIIRS-NOAA-20;67,3;23,8;2,6;Nominal;D;0,39;0,44
2026-09-22 13:21;4,78643;-68,23448;VIIRS-NOAA-20;59,2;28,7;5,2;Nominal;D;0,43;0,46
2026-09-22 13:21;4,7434;-68,47595;VIIRS-NOAA-20;65,1;26,1;5,9;Nominal;D;0,41;0,45
2026-09-22 13:21;4,74394;-68,47221;VIIRS-NOAA-20;66,1;25,8;6,1;Nominal;D;0,41;0,45
2026-09-22 13:21;4,01971;-73,36871;VIIRS-NOAA-20;73,5;31,6;10,2;Nominal;D;0,38;0,36
2026-09-22 13:21;4,73779;-68,45616;VIIRS-NOAA-20;67,0;26,2;4,7;Nominal;D;0,41;0,45
2026-09-22 13:21;4,15212;-72,34087;VIIRS-NOAA-20;59,8;23,7;4,0;Nominal;D;0,4;0,37
2026-09-22 13:21;4,7396;-68,45588;VIIRS-NOAA-20;68,5;26,3;4,1;Nominal;D;0,41;0,45
2026-09-22 13:21;4,51953;-69,86649;VIIRS-NOAA-20;57,8;27,9;4,3;Baja;D;0,51;0,41
2026-09-22 13:21;4,68821;-68,68754;VIIRS-NOAA-20;64,2;23,7;3,3;Nominal;D;0,4;0,44
2026-09-22 13:21;4,29045;-71,28916;VIIRS-NOAA-20;64,3;25,0;5,6;Nominal;D;0,43;0,38
2026-09-22 13:21;4,29104;-71,28529;VIIRS-NOAA-20;72,6;25,4;5,6;Nominal;D;0,43;0,38
2026-09-22 13:21;3,73692;-74,90608;VIIRS-NOAA-20;62,1;31,4;4,6;Baja;D;0,4;0,37
2026-09-22 13:21;4,28755;-71,28476;VIIRS-NOAA-20;72,4;26,3;5,2;Nominal;D;0,43;0,38
2026-09-22 13:21;4,54728;-69,55157;VIIRS-NOAA-20;64,7;24,5;7,7;Nominal;D;0,53;0,42
2026-09-22 13:21;4,71564;-68,41817;VIIRS-NOAA-20;70,1;27,1;11,6;Nominal;D;0,42;0,45
2026-09-22 13:21;4,7162;-68,41443;VIIRS-NOAA-20;70,2;25,8;11,1;Nominal;D;0,42;0,45
2026-09-22 13:21;4,28347;-71,28811;VIIRS-NOAA-20;63,9;24,5;5,2;Nominal;D;0,43;0,38
2026-09-22 13:21;4,28406;-71,28424;VIIRS-NOAA-20;67,7;24,6;5,2;Nominal;D;0,43;0,38
2026-09-22 13:21;4,54344;-69,55101;VIIRS-NOAA-20;69,7;24,5;7,7;Nominal;D;0,53;0,42
2026-09-22 13:21;4,70185;-68,45435;VIIRS-NOAA-20;73,9;26,3;9,9;Nominal;D;0,41;0,45
2026-09-22 13:21;4,7024;-68,45061;VIIRS-NOAA-20;61,4;25,7;5,1;Nominal;D;0,41;0,45
2026-09-22 13:21;4,46844;-69,95156;VIIRS-NOAA-20;60,7;25,2;2,4;Nominal;D;0,5;0,41
2026-09-22 13:21;4,46469;-69,951;VIIRS-NOAA-20;65,7;24,8;3,2;Nominal;D;0,5;0,41
2026-09-22 13:21;4,46937;-69,91945;VIIRS-NOAA-20;61,9;23,4;4,4;Nominal;D;0,5;0,41
2026-09-22 13:21;4,47489;-69,80389;VIIRS-NOAA-20;57,3;26,0;4,6;Nominal;D;0,51;0,41
2026-09-22 13:21;4,2491;-71,25536;VIIRS-NOAA-20;59,6;26,2;6,1;Nominal;D;0,43;0,38
2026-09-22 13:21;4,24968;-71,25146;VIIRS-NOAA-20;59,7;25,1;5,1;Nominal;D;0,43;0,38
2026-09-22 13:21;4,46557;-69,78843;VIIRS-NOAA-20;60,4;25,0;4,2;Nominal;D;0,51;0,41
2026-09-22 13:21;4,18029;-71,64658;VIIRS-NOAA-20;64,6;24,1;5,0;Nominal;D;0,42;0,38
2026-09-22 13:21;4,31102;-70,71413;VIIRS-NOAA-20;57,2;26,4;2,2;Nominal;D;0,46;0,39
2026-09-22 13:21;4,59711;-68,744;VIIRS-NOAA-20;77,2;27,6;9,8;Nominal;D;0,4;0,44
2026-09-22 13:21;4,42896;-69,88103;VIIRS-NOAA-20;73,9;25,4;7,4;Nominal;D;0,51;0,41
2026-09-22 13:21;4,4252;-69,88046;VIIRS-NOAA-20;64,4;25,5;7,4;Nominal;D;0,51;0,41
2026-09-22 13:21;4,58444;-68,7748;VIIRS-NOAA-20;61,8;26,2;3,3;Nominal;D;0,39;0,44
2026-09-22 13:21;4,4221;-69,87535;VIIRS-NOAA-20;66,5;25,5;3,9;Nominal;D;0,51;0,41
2026-09-22 13:21;4,42786;-69,88261;VIIRS-NOAA-20;58,8;23,4;5,5;Nominal;D;0,51;0,41
2026-09-22 13:21;4,42855;-69,87808;VIIRS-NOAA-20;72,2;26,2;9,3;Nominal;D;0,51;0,41
2026-09-22 13:21;4,42411;-69,88203;VIIRS-NOAA-20;65,5;24,5;5,5;Nominal;D;0,51;0,41
2026-09-22 13:21;4,42104;-69,87693;VIIRS-NOAA-20;66,2;24,9;5,4;Nominal;D;0,51;0,41
2026-09-22 13:21;4,06332;-72,21014;VIIRS-NOAA-20;59,3;28,4;3,3;Nominal;D;0,4;0,37
2026-09-22 13:21;4,58297;-68,77784;VIIRS-NOAA-20;66,0;24,8;2,5;Nominal;D;0,39;0,44
2026-09-22 13:21;4,5835;-68,77435;VIIRS-NOAA-20;69,5;27,0;4,8;Nominal;D;0,39;0,44
2026-09-22 13:21;4,56173;-68,7821;VIIRS-NOAA-20;69,5;24,8;5,4;Nominal;D;0,39;0,44
2026-09-22 13:21;4,44802;-69,49059;VIIRS-NOAA-20;60,5;23,9;4,1;Nominal;D;0,53;0,42
2026-09-22 13:21;3,6346;-74,84184;VIIRS-NOAA-20;59,5;28,9;4,2;Nominal;D;0,4;0,37
2026-09-22 13:21;4,25547;-70,72764;VIIRS-NOAA-20;62,1;23,2;4,1;Nominal;D;0,46;0,39
2026-09-22 13:21;4,41675;-69,62171;VIIRS-NOAA-20;58,1;25,8;4,3;Nominal;D;0,52;0,42
2026-09-22 13:21;4,55361;-68,69759;VIIRS-NOAA-20;93,9;28,5;13,8;Alta;D;0,4;0,44
2026-09-22 13:21;4,18836;-71,07906;VIIRS-NOAA-20;64,8;26,8;7,1;Nominal;D;0,44;0,38
2026-09-22 13:21;4,2534;-70,64329;VIIRS-NOAA-20;67,8;25,3;7,2;Nominal;D;0,46;0,39
2026-09-22 13:21;4,39562;-69,68547;VIIRS-NOAA-20;59,0;23,5;4,3;Nominal;D;0,52;0,41
2026-09-22 13:21;3,98379;-72,32647;VIIRS-NOAA-20;66,9;27,4;3,6;Nominal;D;0,4;0,37
2026-09-22 13:21;4,35898;-69,8028;VIIRS-NOAA-20;65,8;22,2;3,4;Nominal;D;0,51;0,41
2026-09-22 13:21;4,50979;-68,77116;VIIRS-NOAA-20;71,4;26,2;7,1;Nominal;D;0,39;0,44
2026-09-22 13:21;4,51598;-68,72861;VIIRS-NOAA-20;78,8;23,9;9,3;Nominal;D;0,4;0,44
2026-09-22 13:21;4,14284;-71,24007;VIIRS-NOAA-20;62,5;26,3;4,5;Nominal;D;0,43;0,38
2026-09-22 13:21;4,50575;-68,77059;VIIRS-NOAA-20;61,3;22,4;2,5;Nominal;D;0,39;0,44
2026-09-22 13:21;4,5073;-68,75996;VIIRS-NOAA-20;93,9;26,6;6,9;Alta;D;0,39;0,44
2026-09-22 13:21;4,39653;-69,38481;VIIRS-NOAA-20;60,2;24,8;4,5;Nominal;D;0,54;0,42
2026-09-22 13:21;4,15368;-70,99705;VIIRS-NOAA-20;58,4;24,9;5,1;Nominal;D;0,44;0,39
2026-09-22 13:21;4,1114;-71,23544;VIIRS-NOAA-20;65,1;24,0;3,3;Nominal;D;0,43;0,38
2026-09-22 13:21;4,33789;-69,6821;VIIRS-NOAA-20;62,7;25,2;6,1;Nominal;D;0,52;0,41
2026-09-22 13:21;4,39567;-69,38154;VIIRS-NOAA-20;58,6;25,0;3,3;Nominal;D;0,54;0,42
2026-09-22 13:21;4,07514;-71,46516;VIIRS-NOAA-20;62,4;23,7;4,8;Nominal;D;0,42;0,38
2026-09-22 13:21;4,11014;-71,23519;VIIRS-NOAA-20;62,9;22,5;3,7;Nominal;D;0,43;0,38
2026-09-22 13:21;4,01824;-71,816;VIIRS-NOAA-20;64,1;26,0;4,8;Nominal;D;0,41;0,37
2026-09-22 13:21;4,0188;-71,81233;VIIRS-NOAA-20;75,0;27,3;6,9;Nominal;D;0,41;0,37
2026-09-22 13:21;4,33885;-69,67891;VIIRS-NOAA-20;62,5;24,6;5,0;Nominal;D;0,52;0,41
2026-09-22 13:21;4,25046;-70,11316;VIIRS-NOAA-20;66,4;26,1;4,3;Nominal;D;0,49;0,4
2026-09-22 13:21;4,03602;-71,51357;VIIRS-NOAA-20;62,6;26,1;3,1;Nominal;D;0,42;0,38
2026-09-22 13:21;4,27495;-69,8988;VIIRS-NOAA-20;77,8;28,2;12,1;Nominal;D;0,5;0,41
2026-09-22 13:21;4,27428;-69,90331;VIIRS-NOAA-20;93,9;27,5;12,1;Alta;D;0,5;0,41
2026-09-22 13:21;4,26986;-69,90727;VIIRS-NOAA-20;77,9;28,1;27,4;Nominal;D;0,5;0,41
2026-09-22 13:21;4,27053;-69,90277;VIIRS-NOAA-20;61,1;27,5;6,0;Nominal;D;0,5;0,41
2026-09-22 13:21;4,27121;-69,89825;VIIRS-NOAA-20;72,8;26,1;6,0;Nominal;D;0,5;0,41
2026-09-22 13:21;4,26611;-69,90673;VIIRS-NOAA-20;70,4;25,7;27,4;Nominal;D;0,5;0,41
2026-09-22 13:21;4,04212;-71,28432;VIIRS-NOAA-20;61,6;24,6;3,7;Nominal;D;0,43;0,38
2026-09-22 13:21;3,85985;-72,47439;VIIRS-NOAA-20;59,8;26,2;3,7;Nominal;D;0,39;0,37
2026-09-22 13:21;3,86039;-72,47085;VIIRS-NOAA-20;73,5;27,3;3,7;Nominal;D;0,39;0,37
2026-09-22 13:21;3,76235;-73,07393;VIIRS-NOAA-20;70,5;26,3;12,5;Nominal;D;0,39;0,36
2026-09-22 13:21;4,09909;-70,82957;VIIRS-NOAA-20;57,3;26,8;2,9;Nominal;D;0,45;0,39
2026-09-22 13:21;4,22447;-69,95577;VIIRS-NOAA-20;79,1;27,9;14,8;Nominal;D;0,5;0,41
2026-09-22 13:21;4,22513;-69,95129;VIIRS-NOAA-20;76,9;27,6;9,0;Nominal;D;0,5;0,41
2026-09-22 13:21;4,22579;-69,94679;VIIRS-NOAA-20;76,4;26,7;9,0;Nominal;D;0,5;0,41
2026-09-22 13:21;4,22645;-69,9423;VIIRS-NOAA-20;73,4;20,9;5,3;Nominal;D;0,5;0,41
2026-09-22 13:21;3,9323;-71,90088;VIIRS-NOAA-20;61,2;25,6;2,4;Nominal;D;0,41;0,37
2026-09-22 13:21;4,22009;-69,95968;VIIRS-NOAA-20;66,4;28,9;14,8;Nominal;D;0,5;0,41
2026-09-22 13:21;4,22074;-69,95523;VIIRS-NOAA-20;61,3;25,0;14,8;Nominal;D;0,5;0,41
2026-09-22 13:21;4,2214;-69,95074;VIIRS-NOAA-20;64,4;28,4;9,0;Nominal;D;0,5;0,41
2026-09-22 13:21;4,22206;-69,94624;VIIRS-NOAA-20;65,4;28,2;9,0;Nominal;D;0,5;0,41
2026-09-22 13:21;4,21701;-69,9547;VIIRS-NOAA-20;57,9;24,1;97,8;Nominal;D;0,5;0,41
2026-09-22 13:21;3,90289;-72,00468;VIIRS-NOAA-20;58,6;25,7;1,9;Nominal;D;0,41;0,37
2026-09-22 13:21;3,92021;-71,86539;VIIRS-NOAA-20;77,2;27,7;8,4;Nominal;D;0,41;0,37
2026-09-22 13:21;3,92076;-71,86172;VIIRS-NOAA-20;82,7;25,9;8,4;Nominal;D;0,41;0,37
2026-09-22 13:21;3,87074;-72,1735;VIIRS-NOAA-20;59,7;26,1;1,7;Nominal;D;0,4;0,37
2026-09-22 13:21;3,91571;-71,87222;VIIRS-NOAA-20;58,1;26,5;7,3;Nominal;D;0,41;0,37
2026-09-22 13:21;3,91626;-71,86855;VIIRS-NOAA-20;71,7;26,3;7,3;Nominal;D;0,41;0,37
2026-09-22 13:21;3,91613;-71,84605;VIIRS-NOAA-20;60,2;23,9;5,7;Nominal;D;0,41;0,37
2026-09-22 13:21;3,91218;-71,84921;VIIRS-NOAA-20;58,4;23,7;5,7;Nominal;D;0,41;0,37
2026-09-22 13:21;3,91206;-71,84542;VIIRS-NOAA-20;62,1;24,8;7,5;Nominal;D;0,41;0,37
2026-09-22 13:21;3,99519;-71,18285;VIIRS-NOAA-20;63,1;25,8;7,0;Nominal;D;0,43;0,38
2026-09-22 13:21;4,02259;-70,97823;VIIRS-NOAA-20;73,1;26,4;5,6;Nominal;D;0,44;0,39
2026-09-22 13:21;3,69029;-73,0556;VIIRS-NOAA-20;57,7;25,6;3,9;Nominal;D;0,39;0,36
2026-09-22 13:21;3,96545;-71,23789;VIIRS-NOAA-20;64,0;26,5;5,7;Nominal;D;0,43;0,38
2026-09-22 13:21;3,96196;-71,23737;VIIRS-NOAA-20;74,0;27,9;13,3;Nominal;D;0,43;0,38
2026-09-22 13:21;3,96081;-71,1976;VIIRS-NOAA-20;66,7;25,5;7,1;Nominal;D;0,43;0,38
2026-09-22 13:21;4,0153;-70,83431;VIIRS-NOAA-20;72,1;25,2;9,0;Nominal;D;0,45;0,39
2026-09-22 13:21;3,8061;-72,06429;VIIRS-NOAA-20;60,6;27,2;2,0;Nominal;D;0,4;0,37
2026-09-22 13:21;3,92076;-71,27467;VIIRS-NOAA-20;69,2;27,2;5,8;Nominal;D;0,43;0,38
2026-09-22 13:21;3,94153;-71,13522;VIIRS-NOAA-20;61,2;26,2;2,2;Nominal;D;0,44;0,38
2026-09-22 13:21;3,91728;-71,27415;VIIRS-NOAA-20;72,9;27,4;5,8;Nominal;D;0,43;0,38
2026-09-22 13:21;3,95787;-70,92812;VIIRS-NOAA-20;73,1;26,6;10,2;Nominal;D;0,44;0,39
2026-09-22 13:21;3,78095;-72,09377;VIIRS-NOAA-20;72,7;27,9;6,2;Nominal;D;0,4;0,37
2026-09-22 13:21;3,78149;-72,09017;VIIRS-NOAA-20;57,9;27,4;3,3;Nominal;D;0,4;0,37
2026-09-22 13:21;3,92056;-71,15596;VIIRS-NOAA-20;66,5;25,8;6,9;Nominal;D;0,43;0,38
2026-09-22 13:21;3,84037;-71,67241;VIIRS-NOAA-20;61,1;27,2;4,4;Nominal;D;0,42;0,37
2026-09-22 13:21;3,79658;-71,86847;VIIRS-NOAA-20;66,5;27,1;4,6;Nominal;D;0,41;0,37
2026-09-22 13:21;3,79714;-71,86481;VIIRS-NOAA-20;61,1;26,0;4,6;Nominal;D;0,41;0,37
2026-09-22 13:21;3,83824;-71,54895;VIIRS-NOAA-20;59,0;26,2;2,4;Nominal;D;0,42;0,38
2026-09-22 13:21;3,8348;-71,54845;VIIRS-NOAA-20;60,0;25,6;1,7;Nominal;D;0,42;0,38
2026-09-22 13:21;3,75098;-71,94008;VIIRS-NOAA-20;72,4;28,2;6,1;Nominal;D;0,41;0,37
2026-09-22 13:21;3,73936;-71,99402;VIIRS-NOAA-20;73,8;27,3;35,7;Nominal;D;0,4;0,37
2026-09-22 13:21;3,02798;-73,77134;VIIRS-NOAA-20;65,4;26,6;2,7;Nominal;D;0,38;0,36
2026-09-22 13:21;3,02468;-73,77084;VIIRS-NOAA-20;64,4;25,2;2,7;Nominal;D;0,38;0,36
2026-09-22 13:21;3,90008;-67,88486;VIIRS-NOAA-20;59,1;25,1;5,0;Nominal;D;0,44;0,46
2026-09-22 13:21;3,68351;-68,73047;VIIRS-NOAA-20;65,5;23,8;4,7;Nominal;D;0,39;0,44
2026-09-22 13:21;3,68402;-68,72701;VIIRS-NOAA-20;63,7;22,9;4,7;Nominal;D;0,39;0,44
2026-09-22 13:21;3,53059;-69,70207;VIIRS-NOAA-20;59,7;23,8;5,0;Nominal;D;0,5;0,41
2026-09-22 13:21;3,17722;-71,82301;VIIRS-NOAA-20;61,8;26,1;2,1;Nominal;D;0,41;0,37
2026-09-22 13:21;3,69305;-68,24143;VIIRS-NOAA-20;66,5;23,6;4,3;Nominal;D;0,41;0,45
2026-09-22 13:21;3,69062;-68,24049;VIIRS-NOAA-20;63,7;23,3;3,4;Nominal;D;0,41;0,45
2026-09-22 13:21;3,12733;-71,87079;VIIRS-NOAA-20;69,0;26,7;3,9;Nominal;D;0,4;0,37
2026-09-22 13:21;2,72886;-74,46208;VIIRS-NOAA-20;62,7;27,2;9,4;Nominal;D;0,39;0,36
2026-09-22 13:21;3,12395;-71,87029;VIIRS-NOAA-20;58,8;27,5;3,9;Nominal;D;0,4;0,37
2026-09-22 13:21;3,12056;-71,86977;VIIRS-NOAA-20;59,4;27,1;4,8;Nominal;D;0,4;0,37
2026-09-22 13:21;2,84466;-73,61525;VIIRS-NOAA-20;73,3;29,0;6,8;Nominal;D;0,38;0,36
2026-09-22 13:21;3,40318;-69,88081;VIIRS-NOAA-20;57,4;21,0;4,2;Nominal;D;0,49;0,4
2026-09-22 13:21;3,06199;-71,77567;VIIRS-NOAA-20;58,6;24,6;1,7;Nominal;D;0,41;0,37
2026-09-22 13:21;3,0586;-71,77515;VIIRS-NOAA-20;67,0;27,6;5,6;Nominal;D;0,41;0,37
2026-09-22 13:21;2,60696;-74,52592;VIIRS-NOAA-20;73,8;26,9;7,2;Nominal;D;0,39;0,37
2026-09-22 13:21;2,92867;-71,94053;VIIRS-NOAA-20;58,4;27,8;2,6;Nominal;D;0,4;0,37
2026-09-22 13:21;2,47644;-74,26897;VIIRS-NOAA-20;63,7;25,5;12,8;Nominal;D;0,39;0,36
2026-09-22 13:21;2,47204;-74,27546;VIIRS-NOAA-20;68,1;30,0;8,8;Nominal;D;0,39;0,36
2026-09-22 13:21;2,47258;-74,27197;VIIRS-NOAA-20;65,6;25,7;8,8;Nominal;D;0,39;0,36
2026-09-22 13:21;2,47311;-74,26847;VIIRS-NOAA-20;70,8;30,1;12,8;Nominal;D;0,39;0,36
2026-09-22 13:21;2,47509;-74,03372;VIIRS-NOAA-20;61,8;25,0;5,0;Nominal;D;0,39;0,36
2026-09-22 13:21;2,79584;-71,81686;VIIRS-NOAA-20;68,5;25,9;7,4;Nominal;D;0,4;0,37
2026-09-22 13:21;2,41395;-74,05637;VIIRS-NOAA-20;59,8;24,6;39,1;Nominal;D;0,39;0,36
2026-09-22 13:21;2,41063;-74,05587;VIIRS-NOAA-20;37,4;39,5;39,1;Baja;D;0,39;0,36
2026-09-22 13:21;2,41116;-74,0524;VIIRS-NOAA-20;69,3;29,0;81,7;Nominal;D;0,39;0,36
2026-09-22 13:21;2,40453;-74,0514;VIIRS-NOAA-20;62,8;26,0;4,4;Nominal;D;0,39;0,36
2026-09-22 13:21;2,21985;-74,50168;VIIRS-NOAA-20;61,6;24,7;2,7;Baja;D;0,4;0,37
2026-09-22 13:21;2,52975;-72,38259;VIIRS-NOAA-20;60,7;25,2;5,0;Nominal;D;0,39;0,36
2026-09-22 13:21;2,53078;-72,19918;VIIRS-NOAA-20;72,0;24,6;4,8;Nominal;D;0,39;0,37
2026-09-22 13:21;2,46564;-72,3583;VIIRS-NOAA-20;57,5;27,1;2,5;Nominal;D;0,39;0,36
2026-09-22 13:21;2,36743;-72,51414;VIIRS-NOAA-20;57,0;25,1;2,3;Nominal;D;0,39;0,36
2026-09-22 13:21;2,35429;-72,53352;VIIRS-NOAA-20;61,1;22,9;3,3;Nominal;D;0,39;0,36
2026-09-22 13:21;1,77231;-76,26399;VIIRS-NOAA-20;57,4;20,2;4,7;Nominal;D;0,46;0,39
2026-09-22 13:21;2,33443;-72,46294;VIIRS-NOAA-20;59,4;22,0;3,2;Nominal;D;0,39;0,36
2026-09-22 13:21;2,23358;-72,50079;VIIRS-NOAA-20;62,6;27,5;7,4;Nominal;D;0,39;0,36
2026-09-22 13:21;2,26402;-72,25539;VIIRS-NOAA-20;62,6;25,0;14,4;Nominal;D;0,39;0,36
2026-09-22 13:21;1,71488;-75,43529;VIIRS-NOAA-20;59,6;23,4;4,8;Nominal;D;0,43;0,38
2026-09-22 13:21;1,7434;-75,22547;VIIRS-NOAA-20;57,3;23,7;2,9;Nominal;D;0,42;0,38
2026-09-22 13:21;2,14767;-72,50843;VIIRS-NOAA-20;63,2;25,6;4,0;Nominal;D;0,39;0,36
2026-09-22 13:21;2,14435;-72,50793;VIIRS-NOAA-20;62,5;24,9;4,0;Nominal;D;0,39;0,36
2026-09-22 13:21;1,91933;-73,93903;VIIRS-NOAA-20;58,1;25,0;4,8;Nominal;D;0,39;0,36
2026-09-22 13:21;1,91986;-73,93557;VIIRS-NOAA-20;71,5;28,8;4,8;Nominal;D;0,39;0,36
2026-09-22 13:21;1,92039;-73,93211;VIIRS-NOAA-20;65,2;24,4;4,5;Nominal;D;0,39;0,36
2026-09-22 13:21;1,91602;-73,93853;VIIRS-NOAA-20;59,6;24,3;4,4;Nominal;D;0,39;0,36
2026-09-22 13:21;1,91655;-73,93507;VIIRS-NOAA-20;76,0;25,6;4,4;Nominal;D;0,39;0,36
2026-09-22 13:21;2,16016;-72,22478;VIIRS-NOAA-20;57,4;19,1;2,3;Nominal;D;0,39;0,36
2026-09-22 13:21;1,90658;-73,84502;VIIRS-NOAA-20;58,1;22,9;2,8;Nominal;D;0,39;0,36
2026-09-22 13:21;2,04458;-72,80762;VIIRS-NOAA-20;64,3;24,5;3,1;Nominal;D;0,39;0,36
2026-09-22 13:21;1,82231;-74,12983;VIIRS-NOAA-20;64,3;25,6;6,0;Nominal;D;0,39;0,36
2026-09-22 13:21;1,82284;-74,12634;VIIRS-NOAA-20;66,7;27,8;6,0;Nominal;D;0,39;0,36
2026-09-22 13:21;1,51744;-75,80492;VIIRS-NOAA-20;60,8;9,6;7,1;Nominal;D;0,44;0,39
2026-09-22 13:21;2,68092;-68,03377;VIIRS-NOAA-20;57,4;14,8;2,9;Nominal;D;0,41;0,45
2026-09-22 13:21;1,38111;-75,91523;VIIRS-NOAA-20;66,9;15,8;7,0;Nominal;D;0,45;0,39
2026-09-22 13:21;1,65724;-74,05421;VIIRS-NOAA-20;68,0;25,6;3,6;Nominal;D;0,39;0,36
2026-09-22 13:21;1,35737;-75,73846;VIIRS-NOAA-20;70,7;29,6;27,4;Nominal;D;0,44;0,38
2026-09-22 13:21;1,35326;-75,74185;VIIRS-NOAA-20;80,3;29,6;27,4;Nominal;D;0,44;0,38
2026-09-22 13:21;1,39923;-75,2535;VIIRS-NOAA-20;57,6;27,8;3,5;Baja;D;0,42;0,38
2026-09-22 13:21;1,17043;-75,89727;VIIRS-NOAA-20;67,1;18,3;7,8;Baja;D;0,45;0,39
2026-09-22 13:21;1,08334;-75,50235;VIIRS-NOAA-20;65,4;25,9;3,7;Nominal;D;0,43;0,38
2026-09-22 13:21;0,98004;-76,09357;VIIRS-NOAA-20;59,0;22,7;33,8;Baja;D;0,46;0,39
2026-09-22 13:21;0,9644;-76,01577;VIIRS-NOAA-20;62,8;25,8;10,8;Nominal;D;0,46;0,39
2026-09-22 13:21;0,88569;-76,28783;VIIRS-NOAA-20;60,9;21,6;12,8;Nominal;D;0,47;0,4
2026-09-22 13:21;0,88401;-76,27466;VIIRS-NOAA-20;64,2;28,0;31,8;Baja;D;0,47;0,4
2026-09-22 13:21;0,88038;-76,27409;VIIRS-NOAA-20;67,0;30,2;31,8;Baja;D;0,47;0,4
2026-09-22 13:21;0,90348;-76,07769;VIIRS-NOAA-20;62,4;24,9;7,0;Baja;D;0,46;0,39
2026-09-22 13:21;0,88321;-76,06618;VIIRS-NOAA-20;62,3;24,6;25,7;Baja;D;0,46;0,39
2026-09-22 13:21;0,87924;-76,04458;VIIRS-NOAA-20;71,3;26,3;11,7;Nominal;D;0,46;0,39
2026-09-22 13:21;0,877;-76,0453;VIIRS-NOAA-20;60,8;25,1;5,2;Baja;D;0,46;0,39
2026-09-22 13:21;0,87417;-76,01556;VIIRS-NOAA-20;60,5;23,7;42,3;Baja;D;0,46;0,39
2026-09-22 13:21;0,89019;-75,9099;VIIRS-NOAA-20;62,6;21,1;3,6;Nominal;D;0,45;0,39
2026-09-22 13:21;0,84824;-76,13792;VIIRS-NOAA-20;67,2;24,3;8,0;Nominal;D;0,47;0,39
2026-09-22 13:21;1,49232;-71,86435;VIIRS-NOAA-20;59,2;24,4;2,7;Nominal;D;0,4;0,37
2026-09-22 13:21;0,84578;-76,05739;VIIRS-NOAA-20;70,9;24,7;6,1;Nominal;D;0,46;0,39
2026-09-22 13:21;0,84675;-76,00304;VIIRS-NOAA-20;67,4;27,4;23,9;Nominal;D;0,46;0,39
2026-09-22 13:21;0,84317;-76,00249;VIIRS-NOAA-20;62,1;24,5;23,9;Nominal;D;0,46;0,39
2026-09-22 13:21;0,78714;-75,98555;VIIRS-NOAA-20;59,7;21,9;2,2;Baja;D;0,46;0,39
2026-09-22 13:21;0,81738;-75,79192;VIIRS-NOAA-20;62,0;25,0;4,6;Nominal;D;0,45;0,39
2026-09-22 13:21;0,78498;-75,98583;VIIRS-NOAA-20;68,5;23,4;5,7;Nominal;D;0,46;0,39
2026-09-22 13:21;0,73452;-76,2713;VIIRS-NOAA-20;66,2;23,0;9,6;Nominal;D;0,47;0,4
2026-09-22 13:21;0,85197;-75,37671;VIIRS-NOAA-20;63,9;22,5;9,9;Nominal;D;0,43;0,38
2026-09-22 13:21;0,7557;-75,98559;VIIRS-NOAA-20;66,1;33,1;71,3;Nominal;D;0,46;0,39
2026-09-22 13:21;0,63958;-76,62346;VIIRS-NOAA-20;59,0;22,2;5,3;Nominal;D;0,5;0,41
2026-09-22 13:21;0,58471;-76,88046;VIIRS-NOAA-20;59,5;22,5;4,7;Nominal;D;0,51;0,41
2026-09-22 13:21;0,7724;-75,38435;VIIRS-NOAA-20;59,3;21,1;6,5;Nominal;D;0,43;0,38
2026-09-22 13:21;0,76891;-75,38383;VIIRS-NOAA-20;58,8;20,8;4,9;Nominal;D;0,43;0,38
2026-09-22 13:21;0,70866;-75,74802;VIIRS-NOAA-20;64,0;24,4;5,1;Nominal;D;0,45;0,39
2026-09-22 13:21;0,92981;-74,28611;VIIRS-NOAA-20;70,8;27,4;11,3;Nominal;D;0,4;0,37
2026-09-22 13:21;0,68173;-75,68688;VIIRS-NOAA-20;56,3;25,5;17,9;Baja;D;0,45;0,39
2026-09-22 13:21;0,65659;-75,75643;VIIRS-NOAA-20;61,9;25,2;7,8;Baja;D;0,45;0,39
2026-09-22 13:21;0,43809;-77,12722;VIIRS-NOAA-20;59,8;23,2;7,7;Baja;D;0,53;0,42
2026-09-22 13:21;0,63652;-75,83974;VIIRS-NOAA-20;60,6;24,6;4,8;Nominal;D;0,45;0,39
2026-09-22 13:21;0,69845;-75,43686;VIIRS-NOAA-20;71,2;20,7;9,1;Nominal;D;0,43;0,38
2026-09-22 13:21;0,81994;-74,27263;VIIRS-NOAA-20;74,8;28,5;13,0;Nominal;D;0,4;0,37
2026-09-22 13:21;1,15663;-71,56839;VIIRS-NOAA-20;61,6;23,9;5,9;Nominal;D;0,4;0,37
2026-09-22 13:21;0,67625;-74,60311;VIIRS-NOAA-20;62,4;25,5;3,9;Nominal;D;0,41;0,37
2026-09-22 13:21;0,34706;-76,63303;VIIRS-NOAA-20;56,0;21,8;4,2;Nominal;D;0,5;0,41
2026-09-22 13:21;3,74759;-71,93958;VIIRS-NOAA-20;62,4;28,6;4,3;Nominal;D;0,41;0,37
2026-09-22 13:21;3,79992;-71,59311;VIIRS-NOAA-20;74,9;23,8;7,2;Nominal;D;0,42;0,37
2026-09-22 13:21;3,73597;-71,99352;VIIRS-NOAA-20;63,5;36,8;35,7;Baja;D;0,4;0,37
2026-09-22 13:21;3,74365;-71,94272;VIIRS-NOAA-20;69,0;26,5;4,3;Nominal;D;0,41;0,37
2026-09-22 13:21;3,7442;-71,93909;VIIRS-NOAA-20;66,8;27,3;4,3;Nominal;D;0,41;0,37
2026-09-22 13:21;3,74474;-71,93544;VIIRS-NOAA-20;66,7;27,3;5,9;Nominal;D;0,41;0,37
2026-09-22 13:21;3,79649;-71,5926;VIIRS-NOAA-20;66,5;21,5;7,2;Nominal;D;0,42;0,37
2026-09-22 13:21;3,79698;-71,30657;VIIRS-NOAA-20;68,2;27,4;6,6;Nominal;D;0,43;0,38
2026-09-22 13:21;3,79237;-71,31372;VIIRS-NOAA-20;70,5;26,1;13,4;Nominal;D;0,43;0,38
2026-09-22 13:21;3,79294;-71,30988;VIIRS-NOAA-20;70,6;27,7;15,2;Nominal;D;0,43;0,38
2026-09-22 13:21;3,79351;-71,30605;VIIRS-NOAA-20;74,4;25,9;15,2;Nominal;D;0,43;0,38
2026-09-22 13:21;3,7889;-71,31319;VIIRS-NOAA-20;80,1;28,3;13,4;Nominal;D;0,43;0,38
2026-09-22 13:21;3,78947;-71,30936;VIIRS-NOAA-20;74,6;27,1;15,2;Nominal;D;0,43;0,38
2026-09-22 13:21;3,48236;-73,2165;VIIRS-NOAA-20;59,4;23,6;1,7;Nominal;D;0,38;0,36
2026-09-22 13:21;3,15983;-75,23945;VIIRS-NOAA-20;60,1;20,2;2,9;Baja;D;0,41;0,37
2026-09-22 13:21;3,16039;-75,23579;VIIRS-NOAA-20;57,2;18,2;2,6;Baja;D;0,41;0,37
2026-09-22 13:21;3,74799;-71,2173;VIIRS-NOAA-20;74,6;27,9;7,6;Nominal;D;0,43;0,38
2026-09-22 13:21;3,74567;-71,20906;VIIRS-NOAA-20;57,6;26,8;2,0;Nominal;D;0,43;0,38
2026-09-22 13:21;3,74218;-71,20854;VIIRS-NOAA-20;58,9;27,0;1,9;Nominal;D;0,43;0,38
2026-09-22 13:21;3,67161;-71,65398;VIIRS-NOAA-20;65,3;25,2;6,0;Nominal;D;0,41;0,37
2026-09-22 13:21;3,66819;-71,65347;VIIRS-NOAA-20;72,2;25,8;8,5;Nominal;D;0,41;0,37
2026-09-22 13:21;3,67414;-71,35504;VIIRS-NOAA-20;62,4;25,5;4,3;Nominal;D;0,42;0,38
2026-09-22 13:21;3,5878;-71,84109;VIIRS-NOAA-20;66,9;26,1;7,4;Nominal;D;0,41;0,37
2026-09-22 13:21;3,67498;-71,25367;VIIRS-NOAA-20;71,9;24,0;6,6;Nominal;D;0,43;0,38
2026-09-22 13:21;3,43657;-72,82721;VIIRS-NOAA-20;58,4;26,2;3,3;Nominal;D;0,39;0,36
2026-09-22 13:21;3,4371;-72,82373;VIIRS-NOAA-20;69,8;28,4;5,1;Nominal;D;0,39;0,36
2026-09-22 13:21;3,58713;-71,84055;VIIRS-NOAA-20;70,1;25,4;4,3;Nominal;D;0,41;0,37
2026-09-22 13:21;3,67669;-71,25381;VIIRS-NOAA-20;58,1;24,4;4,3;Nominal;D;0,43;0,38
2026-09-22 13:21;3,43272;-72,83018;VIIRS-NOAA-20;73,0;27,5;3,3;Nominal;D;0,39;0,36
2026-09-22 13:21;3,43325;-72,82671;VIIRS-NOAA-20;71,1;28,4;3,3;Nominal;D;0,39;0,36
2026-09-22 13:21;3,67322;-71,2533;VIIRS-NOAA-20;75,0;23,3;4,3;Nominal;D;0,43;0,38
2026-09-22 13:21;3,42887;-72,83315;VIIRS-NOAA-20;68,9;27,9;4,9;Nominal;D;0,39;0,36
2026-09-22 13:21;3,63157;-71,41061;VIIRS-NOAA-20;64,3;26,1;5,4;Nominal;D;0,42;0,38
2026-09-22 13:21;3,40701;-72,86533;VIIRS-NOAA-20;65,2;25,8;3,0;Nominal;D;0,39;0,36
2026-09-22 13:21;3,40091;-72,86086;VIIRS-NOAA-20;73,4;26,1;5,8;Nominal;D;0,39;0,36
2026-09-22 13:21;3,64368;-71,26067;VIIRS-NOAA-20;58,6;23,4;5,6;Nominal;D;0,43;0,38
2026-09-22 13:21;3,59719;-71,4748;VIIRS-NOAA-20;62,4;26,6;6,0;Nominal;D;0,42;0,38
2026-09-22 13:21;3,59431;-71,47054;VIIRS-NOAA-20;64,6;27,1;4,8;Nominal;D;0,42;0,38
2026-09-22 13:21;3,59087;-71,47002;VIIRS-NOAA-20;76,1;26,0;4,8;Nominal;D;0,42;0,38
2026-09-22 13:21;3,51675;-71,80026;VIIRS-NOAA-20;60,4;28,4;2,8;Nominal;D;0,41;0,37
2026-09-22 13:21;3,44104;-72,23534;VIIRS-NOAA-20;78,7;26,2;13,4;Nominal;D;0,4;0,37
2026-09-22 13:21;3,53856;-71,58466;VIIRS-NOAA-20;60,7;26,0;4,4;Nominal;D;0,42;0,37
2026-09-22 13:21;3,56647;-71,37394;VIIRS-NOAA-20;59,9;26,3;2,6;Nominal;D;0,42;0,38
2026-09-22 13:21;3,56189;-71,38098;VIIRS-NOAA-20;59,7;23,5;1,6;Nominal;D;0,42;0,38
2026-09-22 13:21;3,51369;-71,6341;VIIRS-NOAA-20;58,2;22,2;1,5;Nominal;D;0,41;0,37
2026-09-22 13:21;3,3222;-72,88802;VIIRS-NOAA-20;57,5;25,2;1,4;Nominal;D;0,39;0,36
2026-09-22 13:21;3,41769;-72,25368;VIIRS-NOAA-20;72,2;24,1;4,0;Nominal;D;0,4;0,37
2026-09-22 13:21;3,41823;-72,25011;VIIRS-NOAA-20;67,5;25,1;4,0;Nominal;D;0,4;0,37
2026-09-22 13:21;3,41491;-72,25665;VIIRS-NOAA-20;60,1;23,4;5,3;Nominal;D;0,4;0,37
2026-09-22 13:21;3,41546;-72,2531;VIIRS-NOAA-20;69,6;25,4;3,9;Nominal;D;0,4;0,37
2026-09-22 13:21;3,416;-72,24953;VIIRS-NOAA-20;67,8;24,7;3,9;Nominal;D;0,4;0,37
2026-09-22 13:21;3,4121;-72,25259;VIIRS-NOAA-20;66,4;24,4;3,9;Nominal;D;0,4;0,37
2026-09-22 13:21;3,41265;-72,24904;VIIRS-NOAA-20;63,9;23,5;3,9;Nominal;D;0,4;0,37
2026-09-22 13:21;3,52648;-71,45681;VIIRS-NOAA-20;58,1;26,3;4,7;Nominal;D;0,42;0,38
2026-09-22 13:21;3,48222;-71,67857;VIIRS-NOAA-20;65,1;25,7;5,7;Nominal;D;0,41;0,37
2026-09-22 13:21;3,48279;-71,67487;VIIRS-NOAA-20;75,1;26,6;5,7;Nominal;D;0,41;0,37
2026-09-22 13:21;3,51672;-71,45152;VIIRS-NOAA-20;58,9;25,1;2,8;Nominal;D;0,42;0,38
2026-09-22 13:21;3,2855;-72,94933;VIIRS-NOAA-20;62,0;25,6;3,3;Nominal;D;0,39;0,36
2026-09-22 13:21;3,28603;-72,94588;VIIRS-NOAA-20;58,8;25,9;3,3;Nominal;D;0,39;0,36
2026-09-22 13:21;3,28655;-72,94242;VIIRS-NOAA-20;80,8;30,6;24,0;Nominal;D;0,39;0,36
2026-09-22 13:21;3,28272;-72,94537;VIIRS-NOAA-20;61,2;25,3;10,0;Nominal;D;0,39;0,36
2026-09-22 13:21;3,98883;-68,27387;VIIRS-NOAA-20;67,4;22,4;8,9;Nominal;D;0,42;0,45
2026-09-22 13:21;3,49504;-71,52491;VIIRS-NOAA-20;61,6;26,2;3,0;Nominal;D;0,42;0,37
2026-09-22 13:21;3,47107;-71,54419;VIIRS-NOAA-20;65,2;26,7;7,4;Nominal;D;0,42;0,37
2026-09-22 13:21;3,3753;-71,52984;VIIRS-NOAA-20;76,0;25,1;4,5;Nominal;D;0,42;0,37
2026-09-22 13:21;3,37187;-71,52933;VIIRS-NOAA-20;60,3;25,6;4,5;Nominal;D;0,42;0,37
2026-09-22 13:21;0,97874;-71,95776;VIIRS-NOAA-20;64,2;25,2;3,9;Nominal;D;0,39;0,36
2026-09-22 13:21;0,49374;-74,9929;VIIRS-NOAA-20;70,2;23,7;9,0;Nominal;D;0,42;0,38
2026-09-22 13:21;0,80536;-70,95041;VIIRS-NOAA-20;57,5;20,3;2,9;Nominal;D;0,42;0,37
2026-09-22 13:24;5,25011;-70,44935;VIIRS-NOAA-20;74,7;25,4;7,7;Nominal;D;0,48;0,4
2026-09-22 13:24;5,27654;-70,26953;VIIRS-NOAA-20;73,5;22,1;7,5;Nominal;D;0,49;0,41
2026-09-22 13:24;5,27719;-70,26508;VIIRS-NOAA-20;60,0;23,7;6,4;Nominal;D;0,49;0,41
2026-09-22 13:24;5,2785;-70,2562;VIIRS-NOAA-20;67,6;25,5;5,8;Nominal;D;0,49;0,41
2026-09-22 13:24;5,27413;-70,2601;VIIRS-NOAA-20;70,8;24,2;6,4;Nominal;D;0,49;0,41
2026-09-22 13:24;5,22313;-70,23149;VIIRS-NOAA-20;57,3;26,0;2,5;Nominal;D;0,5;0,41
2026-09-22 13:24;5,21941;-70,23095;VIIRS-NOAA-20;76,6;26,2;13,4;Nominal;D;0,5;0,41
2026-09-22 13:24;4,97327;-71,36988;VIIRS-NOAA-20;59,5;26,3;2,5;Nominal;D;0,44;0,38
2026-09-22 13:24;5,19217;-69,7592;VIIRS-NOAA-20;63,0;24,7;5,0;Nominal;D;0,53;0,42
2026-09-22 13:24;5,23796;-69,54134;VIIRS-NOAA-20;58,0;26,6;2,9;Nominal;D;0,54;0,42
2026-09-22 13:24;5,19326;-69,76018;VIIRS-NOAA-20;70,5;25,6;5,4;Nominal;D;0,53;0,42
2026-09-22 13:24;5,18943;-69,75961;VIIRS-NOAA-20;75,6;26,9;9,1;Nominal;D;0,53;0,42
2026-09-22 13:24;5,19014;-69,75488;VIIRS-NOAA-20;63,8;26,0;9,1;Nominal;D;0,53;0,42
2026-09-22 13:24;5,18632;-69,75433;VIIRS-NOAA-20;73,0;27,8;9,1;Nominal;D;0,53;0,42
2026-09-22 13:24;5,1825;-69,75375;VIIRS-NOAA-20;67,4;26,9;11,8;Nominal;D;0,53;0,42
2026-09-22 13:24;5,20319;-69,17981;VIIRS-NOAA-20;62,2;21,2;4,2;Nominal;D;0,57;0,43
2026-09-22 13:24;5,0171;-70,38157;VIIRS-NOAA-20;66,2;24,6;5,3;Nominal;D;0,48;0,4
2026-09-22 13:24;4,9755;-70,59016;VIIRS-NOAA-20;71,4;30,2;19,1;Nominal;D;0,47;0,4
2026-09-22 13:24;4,97611;-70,58592;VIIRS-NOAA-20;77,9;32,2;31,8;Nominal;D;0,47;0,4
2026-09-22 13:24;4,97735;-70,57745;VIIRS-NOAA-20;66,5;28,5;5,5;Nominal;D;0,47;0,4
2026-09-22 13:24;4,97797;-70,5732;VIIRS-NOAA-20;68,3;27,2;5,5;Nominal;D;0,47;0,4
2026-09-22 13:24;4,97186;-70,58962;VIIRS-NOAA-20;74,4;27,2;19,1;Nominal;D;0,47;0,4
2026-09-22 13:24;4,97248;-70,5854;VIIRS-NOAA-20;68,0;30,1;31,8;Nominal;D;0,47;0,4
2026-09-22 13:24;4,97309;-70,58115;VIIRS-NOAA-20;80,3;32,6;31,8;Nominal;D;0,47;0,4
2026-09-22 13:24;4,97433;-70,57265;VIIRS-NOAA-20;70,7;27,0;5,5;Nominal;D;0,47;0,4
2026-09-22 13:24;4,96945;-70,58062;VIIRS-NOAA-20;62,7;27,6;12,9;Nominal;D;0,47;0,4
2026-09-22 13:24;4,97007;-70,57638;VIIRS-NOAA-20;79,0;29,8;54,1;Nominal;D;0,47;0,4
2026-09-22 13:24;5,12821;-69,45063;VIIRS-NOAA-20;58,8;25,2;10,7;Nominal;D;0,55;0,42
2026-09-22 13:24;4,97166;-70,58637;VIIRS-NOAA-20;62,1;25,8;26,4;Nominal;D;0,47;0,4
2026-09-22 13:24;4,9723;-70,58215;VIIRS-NOAA-20;77,9;33,9;26,4;Nominal;D;0,47;0,4
2026-09-22 13:24;4,97294;-70,57791;VIIRS-NOAA-20;79,1;30,4;21,4;Nominal;D;0,47;0,4
2026-09-22 13:24;4,97358;-70,57368;VIIRS-NOAA-20;71,4;27,4;21,4;Nominal;D;0,47;0,4
2026-09-22 13:24;4,9693;-70,57738;VIIRS-NOAA-20;78,2;28,1;21,4;Nominal;D;0,47;0,4
2026-09-22 13:24;5,13089;-69,45349;VIIRS-NOAA-20;58,4;26,4;5,4;Nominal;D;0,55;0,42
2026-09-22 13:24;5,12772;-69,44803;VIIRS-NOAA-20;59,9;24,8;4,2;Nominal;D;0,55;0,42
2026-09-22 13:24;5,12309;-69,45242;VIIRS-NOAA-20;65,0;26,1;7,7;Nominal;D;0,55;0,42
2026-09-22 13:24;4,89438;-70,80556;VIIRS-NOAA-20;63,0;26,6;3,2;Nominal;D;0,46;0,39
2026-09-22 13:24;4,89079;-70,80505;VIIRS-NOAA-20;61,7;25,6;3,2;Nominal;D;0,46;0,39
2026-09-22 13:24;4,88719;-70,80453;VIIRS-NOAA-20;64,3;26,0;9,9;Nominal;D;0,46;0,39
2026-09-22 13:24;4,88;-70,80347;VIIRS-NOAA-20;73,5;26,2;10,8;Nominal;D;0,46;0,39
2026-09-22 13:24;4,87641;-70,80296;VIIRS-NOAA-20;73,4;28,0;10,8;Nominal;D;0,46;0,39
2026-09-22 13:24;4,87282;-70,80243;VIIRS-NOAA-20;68,2;25,9;6,4;Nominal;D;0,46;0,39
2026-09-22 13:24;4,54694;-72,62391;VIIRS-NOAA-20;62,5;30,6;13,1;Nominal;D;0,39;0,37
2026-09-22 13:24;4,48141;-72,89817;VIIRS-NOAA-20;58,8;25,7;3,8;Nominal;D;0,39;0,36
2026-09-22 13:24;4,75594;-71,05541;VIIRS-NOAA-20;70,6;25,0;6,1;Nominal;D;0,45;0,39
2026-09-22 13:24;4,66217;-71,41905;VIIRS-NOAA-20;60,4;25,4;6,1;Nominal;D;0,43;0,38
2026-09-22 13:24;4,87609;-69,96849;VIIRS-NOAA-20;69,6;24,2;6,8;Nominal;D;0,51;0,41
2026-09-22 13:24;4,67216;-71,1084;VIIRS-NOAA-20;72,8;24,7;17,8;Nominal;D;0,44;0,39
2026-09-22 13:24;4,67185;-71,10893;VIIRS-NOAA-20;78,4;23,4;15,7;Nominal;D;0,44;0,39
2026-09-22 13:24;4,79257;-69,93028;VIIRS-NOAA-20;62,8;25,4;4,5;Nominal;D;0,51;0,41
2026-09-22 13:24;4,9871;-68,22033;VIIRS-NOAA-20;57,7;27,9;2,1;Baja;D;0,43;0,46
2026-09-22 13:24;4,9868;-68,22007;VIIRS-NOAA-20;57,3;27,4;2,0;Baja;D;0,43;0,46
2026-09-22 13:24;4,92904;-68,5788;VIIRS-NOAA-20;69,4;26,0;5,2;Nominal;D;0,41;0,45
2026-09-22 13:24;4,61613;-70,63969;VIIRS-NOAA-20;62,1;25,5;3,0;Nominal;D;0,46;0,39
2026-09-22 13:24;4,92493;-68,57822;VIIRS-NOAA-20;62,9;25,7;1,6;Nominal;D;0,41;0,45
2026-09-22 13:24;3,96491;-74,88099;VIIRS-NOAA-20;65,7;33,3;3,1;Nominal;D;0,4;0,37
2026-09-22 13:24;4,60329;-70,67603;VIIRS-NOAA-20;64,5;24,2;5,2;Nominal;D;0,46;0,39
2026-09-22 13:24;4,91507;-68,5881;VIIRS-NOAA-20;69,7;26,1;4,1;Nominal;D;0,41;0,45
2026-09-22 13:24;4,91042;-68,59121;VIIRS-NOAA-20;73,1;27,1;7,8;Nominal;D;0,41;0,45
2026-09-22 13:24;4,59794;-70,66254;VIIRS-NOAA-20;71,8;25,9;11,0;Nominal;D;0,46;0,39
2026-09-22 13:24;4,59371;-70,66617;VIIRS-NOAA-20;61,6;25,0;7,6;Nominal;D;0,46;0,39
2026-09-22 13:24;4,59433;-70,66203;VIIRS-NOAA-20;71,5;27,4;11,0;Nominal;D;0,46;0,39
2026-09-22 13:24;6,82658;-71,73989;VIIRS-NOAA-20;54,8;16,5;3,7;Nominal;D;0,44;0,38
2026-09-22 13:24;5,08604;-70,14374;VIIRS-NOAA-20;57,0;24,3;1,9;Nominal;D;0,5;0,41
2026-09-22 13:24;10,18892;-74,32271;VIIRS-NOAA-20;69,0;26,7;3,0;Nominal;D;0,39;0,36
2026-09-22 13:24;10,24681;-73,3633;VIIRS-NOAA-20;67,8;31,1;13,5;Nominal;D;0,41;0,37
2026-09-22 13:24;10,00698;-74,10972;VIIRS-NOAA-20;70,9;31,8;45,8;Nominal;D;0,39;0,36
2026-09-22 13:24;10,05124;-73,28838;VIIRS-NOAA-20;80,5;32,6;28,3;Nominal;D;0,41;0,37
2026-09-22 13:24;9,65018;-74,80844;VIIRS-NOAA-20;56,9;19,6;2,8;Nominal;D;0,38;0,36
2026-09-22 13:24;9,65259;-74,65929;VIIRS-NOAA-20;64,9;23,4;3,6;Nominal;D;0,38;0,36
2026-09-22 13:24;9,61732;-74,82471;VIIRS-NOAA-20;68,9;22,6;5,7;Nominal;D;0,38;0,36
2026-09-22 13:24;9,66763;-73,99777;VIIRS-NOAA-20;68,7;24,7;4,0;Nominal;D;0,39;0,36
2026-09-22 13:24;9,3628;-74,78076;VIIRS-NOAA-20;65,9;11,8;8,8;Nominal;D;0,38;0,36
2026-09-22 13:24;9,36333;-74,77729;VIIRS-NOAA-20;66,5;16,8;24,0;Nominal;D;0,38;0,36
2026-09-22 13:24;9,0383;-75,74256;VIIRS-NOAA-20;60,3;25,9;1,9;Nominal;D;0,39;0,36
2026-09-22 13:24;9,14264;-73,69739;VIIRS-NOAA-20;68,8;16,5;4,2;Nominal;D;0,39;0,36
2026-09-22 13:24;6,82716;-71,73595;VIIRS-NOAA-20;59,6;13,7;3,7;Nominal;D;0,44;0,38
2026-09-22 13:24;6,52892;-71,74487;VIIRS-NOAA-20;69,1;5,3;5,2;Nominal;D;0,43;0,38
2026-09-22 13:24;6,1719;-74,03679;VIIRS-NOAA-20;58,3;21,7;1,6;Nominal;D;0,38;0,36
2026-09-22 13:24;5,93067;-74,17155;VIIRS-NOAA-20;82,2;32,3;12,9;Nominal;D;0,38;0,36
2026-09-22 13:24;5,9312;-74,1681;VIIRS-NOAA-20;68,2;25,8;12,9;Nominal;D;0,38;0,36
2026-09-22 13:24;5,9279;-74,16759;VIIRS-NOAA-20;72,0;26,1;5,7;Nominal;D;0,38;0,36
2026-09-22 13:24;5,79333;-74,7374;VIIRS-NOAA-20;62,4;28,4;2,9;Nominal;D;0,39;0,36
2026-09-22 13:24;5,72455;-74,28014;VIIRS-NOAA-20;63,3;23,8;3,3;Nominal;D;0,38;0,36
2026-09-22 13:24;6,37581;-69,89659;VIIRS-NOAA-20;57,5;23,9;2,6;Nominal;D;0,53;0,42
2026-09-22 13:24;6,24651;-70,16689;VIIRS-NOAA-20;70,5;25,1;9,0;Nominal;D;0,51;0,41
2026-09-22 13:24;6,28094;-69,61951;VIIRS-NOAA-20;67,0;24,6;7,4;Nominal;D;0,55;0,43
2026-09-22 13:24;6,28167;-69,61453;VIIRS-NOAA-20;60,7;23,7;7,4;Nominal;D;0,55;0,43
2026-09-22 13:24;6,22419;-69,92468;VIIRS-NOAA-20;61,1;23,4;4,8;Nominal;D;0,53;0,42
2026-09-22 13:24;6,23668;-69,70409;VIIRS-NOAA-20;61,6;25,5;4,7;Nominal;D;0,55;0,42
2026-09-22 13:24;6,23279;-69,70353;VIIRS-NOAA-20;62,8;25,6;8,4;Nominal;D;0,55;0,42
2026-09-22 13:24;6,21193;-69,7655;VIIRS-NOAA-20;61,1;23,4;5,7;Nominal;D;0,54;0,42
2026-09-22 13:24;6,21263;-69,76061;VIIRS-NOAA-20;60,1;23,7;5,8;Nominal;D;0,54;0,42
2026-09-22 13:24;6,20735;-69,76981;VIIRS-NOAA-20;58,1;22,4;3,9;Nominal;D;0,54;0,42
2026-09-22 13:24;6,15543;-70,10233;VIIRS-NOAA-20;72,0;24,7;10,4;Nominal;D;0,52;0,41
2026-09-22 13:24;6,10906;-70,05005;VIIRS-NOAA-20;72,0;24,8;9,0;Nominal;D;0,52;0,41
2026-09-22 13:24;6,03679;-70,12033;VIIRS-NOAA-20;61,7;24,4;4,8;Nominal;D;0,51;0,41
2026-09-22 13:24;5,99507;-70,24999;VIIRS-NOAA-20;59,5;23,6;6,3;Nominal;D;0,5;0,41
2026-09-22 13:24;5,99849;-70,24712;VIIRS-NOAA-20;66,8;24,4;5,3;Nominal;D;0,5;0,41
2026-09-22 13:24;6,01333;-69,91295;VIIRS-NOAA-20;59,2;23,0;5,2;Nominal;D;0,53;0,42
2026-09-22 13:24;5,46428;-73,55582;VIIRS-NOAA-20;57,2;25,3;2,3;Nominal;D;0,39;0,36
2026-09-22 13:24;5,83397;-70,36737;VIIRS-NOAA-20;60,7;19,3;5,9;Nominal;D;0,5;0,41
2026-09-22 13:24;5,83463;-70,36292;VIIRS-NOAA-20;71,3;20,1;5,9;Nominal;D;0,5;0,41
2026-09-22 13:24;5,17711;-74,39426;VIIRS-NOAA-20;65,5;25,2;2,5;Nominal;D;0,39;0,36
2026-09-22 13:24;5,81764;-69,77189;VIIRS-NOAA-20;70,1;27,8;5,2;Nominal;D;0,53;0,42
2026-09-22 13:24;5,81835;-69,76707;VIIRS-NOAA-20;60,6;27,6;5,2;Nominal;D;0,53;0,42
2026-09-22 13:24;5,81308;-69,77614;VIIRS-NOAA-20;67,6;26,4;6,3;Nominal;D;0,53;0,42
2026-09-22 13:24;5,86671;-69,41163;VIIRS-NOAA-20;65,6;24,3;8,3;Nominal;D;0,56;0,43
2026-09-22 13:24;5,80994;-69,77078;VIIRS-NOAA-20;64,6;28,8;12,3;Nominal;D;0,53;0,42
2026-09-22 13:24;5,80608;-69,77023;VIIRS-NOAA-20;72,9;27,1;25,8;Nominal;D;0,53;0,42
2026-09-22 13:24;5,80082;-69,77929;VIIRS-NOAA-20;69,3;24,1;8,1;Nominal;D;0,53;0,42
2026-09-22 13:24;5,80152;-69,77449;VIIRS-NOAA-20;71,6;23,8;8,1;Nominal;D;0,53;0,42
2026-09-22 13:24;9,14532;-73,67953;VIIRS-NOAA-20;63,2;17,9;2,8;Nominal;D;0,39;0,37
2026-09-22 13:24;8,97103;-73,39314;VIIRS-NOAA-20;60,4;27,1;13,7;Nominal;D;0,4;0,37
2026-09-22 13:24;8,64964;-73,36346;VIIRS-NOAA-20;70,5;27,6;17,1;Nominal;D;0,4;0,37
2026-09-22 13:24;8,64629;-73,36291;VIIRS-NOAA-20;77,5;31,1;17,1;Nominal;D;0,4;0,37
2026-09-22 13:24;9,90882;-73,94885;VIIRS-NOAA-20;61,2;25,9;3,9;Nominal;D;0,39;0,36
2026-09-22 13:24;9,7608;-74,77284;VIIRS-NOAA-20;58,7;25,5;3,7;Nominal;D;0,38;0,36
2026-09-22 13:24;9,75314;-74,77879;VIIRS-NOAA-20;64,6;24,9;3,4;Nominal;D;0,38;0,36
2026-09-22 13:24;8,48222;-72,82098;VIIRS-NOAA-20;61,2;18,9;6,8;Nominal;D;0,41;0,37
2026-09-22 13:24;8,48277;-72,81724;VIIRS-NOAA-20;66,1;20,1;6,8;Nominal;D;0,41;0,37
2026-09-22 13:24;8,30014;-73,76932;VIIRS-NOAA-20;63,8;25,0;2,6;Nominal;D;0,39;0,36
2026-09-22 13:24;8,29682;-73,76881;VIIRS-NOAA-20;62,2;29,1;5,6;Nominal;D;0,39;0,36
2026-09-22 13:24;8,3523;-72,65839;VIIRS-NOAA-20;66,9;24,7;8,9;Nominal;D;0,42;0,37
2026-09-22 13:24;8,11925;-74,02367;VIIRS-NOAA-20;64,7;21,6;1,8;Nominal;D;0,39;0,36
2026-09-22 13:24;8,08277;-73,77082;VIIRS-NOAA-20;62,3;25,8;2,6;Nominal;D;0,39;0,36
2026-09-22 13:24;7,83174;-73,92776;VIIRS-NOAA-20;68,7;28,0;3,9;Nominal;D;0,39;0,36
2026-09-22 13:24;7,81907;-73,76502;VIIRS-NOAA-20;58,4;27,0;1,1;Nominal;D;0,39;0,36
2026-09-22 13:24;7,91934;-72,98195;VIIRS-NOAA-20;59,2;12,9;4,9;Nominal;D;0,4;0,37
2026-09-22 13:24;7,78672;-73,79951;VIIRS-NOAA-20;61,1;26,9;3,3;Nominal;D;0,39;0,36
2026-09-22 13:24;7,78725;-73,79601;VIIRS-NOAA-20;59,5;24,8;3,3;Nominal;D;0,39;0,36
2026-09-22 13:24;7,74413;-73,78854;VIIRS-NOAA-20;59,9;27,9;3,7;Nominal;D;0,39;0,36
2026-09-22 13:24;7,74466;-73,78503;VIIRS-NOAA-20;60,5;26,3;4,7;Nominal;D;0,39;0,36
2026-09-22 13:24;7,70727;-73,65034;VIIRS-NOAA-20;69,2;28,4;5,9;Nominal;D;0,39;0,36
2026-09-22 13:24;7,51259;-74,71082;VIIRS-NOAA-20;72,7;22,9;4,2;Nominal;D;0,38;0,36
2026-09-22 13:24;7,63231;-73,81019;VIIRS-NOAA-20;60,0;24,5;3,5;Nominal;D;0,39;0,36
2026-09-22 13:24;7,47987;-73,33701;VIIRS-NOAA-20;61,3;21,8;2,0;Nominal;D;0,39;0,36
2026-09-22 13:24;7,12495;-73,64153;VIIRS-NOAA-20;63,2;26,3;2,7;Nominal;D;0,39;0,36
2026-09-22 13:24;6,94592;-73,20832;VIIRS-NOAA-20;64,4;36,8;22,4;Nominal;D;0,39;0,36
2026-09-22 13:24;6,8266;-73,84039;VIIRS-NOAA-20;72,6;23,4;4,9;Nominal;D;0,39;0,36
2026-09-22 13:24;6,53302;-75,27171;VIIRS-NOAA-20;58,3;23,1;2,9;Nominal;D;0,39;0,36
2026-09-22 13:24;5,18409;-73,88084;VIIRS-NOAA-20;57,1;27,6;3,0;Baja;D;0,38;0,36
2026-09-22 13:24;5,7013;-69,98338;VIIRS-NOAA-20;57,3;27,4;3,2;Baja;D;0,52;0,41
2026-09-22 13:24;6,00755;-67,73508;VIIRS-NOAA-20;61,5;27,4;2,2;Nominal;D;0,48;0,48
2026-09-22 13:24;5,312;-72,4091;VIIRS-NOAA-20;60,4;27,6;3,2;Nominal;D;0,4;0,37
2026-09-22 13:24;5,99999;-67,75619;VIIRS-NOAA-20;60,2;26,7;5,1;Nominal;D;0,48;0,48
2026-09-22 13:24;6,00061;-67,75185;VIIRS-NOAA-20;59,5;27,6;5,1;Nominal;D;0,48;0,48
2026-09-22 13:24;5,9899;-67,76366;VIIRS-NOAA-20;59,6;26,7;19,9;Nominal;D;0,48;0,48
2026-09-22 13:24;5,99052;-67,75932;VIIRS-NOAA-20;70,0;27,3;19,9;Nominal;D;0,48;0,48
2026-09-22 13:24;5,99115;-67,75497;VIIRS-NOAA-20;70,3;28,0;23,2;Nominal;D;0,48;0,48
2026-09-22 13:24;5,98548;-67,76305;VIIRS-NOAA-20;63,0;27,4;19,9;Nominal;D;0,48;0,48
2026-09-22 13:24;5,9861;-67,75871;VIIRS-NOAA-20;76,4;27,6;19,9;Nominal;D;0,48;0,48
2026-09-22 13:24;5,98673;-67,75437;VIIRS-NOAA-20;79,2;28,2;23,2;Nominal;D;0,48;0,48
2026-09-22 13:24;5,98169;-67,7581;VIIRS-NOAA-20;70,2;22,6;11,1;Nominal;D;0,48;0,48
2026-09-22 13:24;5,65367;-69,99077;VIIRS-NOAA-20;57,8;24,4;4,3;Nominal;D;0,52;0,41
2026-09-22 13:24;5,85084;-68,63654;VIIRS-NOAA-20;62,6;26,4;6,6;Nominal;D;0,42;0,45
2026-09-22 13:24;5,54144;-70,67757;VIIRS-NOAA-20;57,6;26,2;4,3;Nominal;D;0,47;0,4
2026-09-22 13:24;5,5378;-70,67704;VIIRS-NOAA-20;64,9;25,4;4,3;Nominal;D;0,47;0,4
2026-09-22 13:24;5,52926;-70,68449;VIIRS-NOAA-20;58,6;26,1;4,0;Nominal;D;0,47;0,4
2026-09-22 13:24;5,47872;-70,82783;VIIRS-NOAA-20;63,1;25,0;4,2;Nominal;D;0,47;0,39
2026-09-22 13:24;5,47933;-70,82365;VIIRS-NOAA-20;63,5;23,8;4,2;Nominal;D;0,47;0,39
2026-09-22 13:24;5,47742;-70,8282;VIIRS-NOAA-20;60,8;24,8;2,2;Nominal;D;0,46;0,39
2026-09-22 13:24;5,47805;-70,82403;VIIRS-NOAA-20;60,4;23,7;2,2;Nominal;D;0,46;0,39
2026-09-22 13:24;5,40765;-71,19408;VIIRS-NOAA-20;57,7;25,6;3,3;Nominal;D;0,45;0,39
2026-09-22 13:24;5,67591;-68,72964;VIIRS-NOAA-20;60,2;25,2;3,6;Nominal;D;0,41;0,45
2026-09-22 13:24;5,48253;-69,94582;VIIRS-NOAA-20;58,5;25,5;3,8;Nominal;D;0,52;0,41
2026-09-22 13:24;5,47874;-69,94527;VIIRS-NOAA-20;69,8;26,6;8,9;Nominal;D;0,52;0,41
2026-09-22 13:24;5,47494;-69,94473;VIIRS-NOAA-20;63,3;26,3;8,9;Nominal;D;0,52;0,41
2026-09-22 13:24;5,28026;-70,27007;VIIRS-NOAA-20;57,8;23,2;2,6;Nominal;D;0,49;0,41
2026-09-22 13:24;5,24947;-70,4537;VIIRS-NOAA-20;62,0;21,9;1,8;Nominal;D;0,48;0,4
2026-09-22 13:26;10,2726;-74,95847;VIIRS-NOAA-20;62,8;24,9;3,1;Nominal;D;0,38;0,36
2026-09-22 13:26;10,2759;-74,95898;VIIRS-NOAA-20;59,8;24,3;3,1;Nominal;D;0,38;0,36
2026-09-22 13:26;10,56775;-73,10636;VIIRS-NOAA-20;70,9;24,5;25,6;Nominal;D;0,42;0,37
2026-09-22 13:26;10,30872;-74,87978;VIIRS-NOAA-20;72,0;28,9;7,7;Nominal;D;0,38;0,36
2026-09-22 13:26;10,31637;-74,87383;VIIRS-NOAA-20;59,4;26,0;2,3;Nominal;D;0,38;0,36
2026-09-22 13:26;11,18176;-72,29909;VIIRS-NOAA-20;64,1;30,1;2,5;Nominal;D;0,45;0,39
2026-09-22 13:26;11,47693;-72,68179;VIIRS-NOAA-20;62,2;32,7;4,9;Baja;D;0,44;0,38
2026-09-22 14:06;1,16716;-75,89597;VIIRS-NOAA-21;68,1;18,9;7,0;Nominal;D;0,42;0,61
2026-09-22 14:06;0,9525;-75,49871;VIIRS-NOAA-21;65,9;16,9;7,0;Nominal;D;0,45;0,63
2026-09-22 14:06;0,78521;-75,84866;VIIRS-NOAA-21;57,4;17,9;5,3;Nominal;D;0,42;0,61
2026-09-22 14:06;0,78579;-75,84493;VIIRS-NOAA-21;63,7;18,1;5,3;Nominal;D;0,42;0,61
2026-09-22 14:06;0,89856;-74,99732;VIIRS-NOAA-21;58,8;4,8;5,4;Nominal;D;0,48;0,65
2026-09-22 14:06;0,7355;-75,87541;VIIRS-NOAA-21;70,2;17,7;5,5;Nominal;D;0,42;0,61
2026-09-22 14:06;0,64552;-75,76212;VIIRS-NOAA-21;68,5;17,0;4,7;Nominal;D;0,42;0,61
2026-09-22 14:06;0,51618;-76,57858;VIIRS-NOAA-21;77,4;17,9;7,0;Nominal;D;0,37;0,58
2026-09-22 14:06;0,52753;-76,35846;VIIRS-NOAA-21;58,9;11,5;8,0;Nominal;D;0,38;0,59
2026-09-22 14:06;0,38417;-76,66836;VIIRS-NOAA-21;59,7;18,8;3,1;Nominal;D;0,36;0,57
2026-09-22 14:06;0,45633;-76,15352;VIIRS-NOAA-21;59,8;19,0;3,9;Nominal;D;0,39;0,6
2026-09-22 14:06;0,36407;-76,69494;VIIRS-NOAA-21;57,0;19,3;3,2;Nominal;D;0,36;0,57
2026-09-22 14:06;1,17746;-75,03591;VIIRS-NOAA-21;55,5;15,4;3,8;Nominal;D;0,48;0,65
2026-09-22 14:06;1,09465;-75,54961;VIIRS-NOAA-21;65,7;14,2;5,5;Nominal;D;0,44;0,63
2026-09-22 14:06;1,10199;-75,46114;VIIRS-NOAA-21;57,8;14,6;3,2;Nominal;D;0,45;0,63
2026-09-22 14:06;1,1007;-75,46114;VIIRS-NOAA-21;57,0;14,2;3,3;Nominal;D;0,45;0,63
2026-09-22 14:06;1,01655;-75,74046;VIIRS-NOAA-21;82,4;19,1;20,4;Nominal;D;0,43;0,62
2026-09-22 14:06;1,01714;-75,73665;VIIRS-NOAA-21;67,4;18,4;16,8;Nominal;D;0,43;0,62
2026-09-22 14:06;1,0379;-75,60171;VIIRS-NOAA-21;57,9;18,4;4,1;Nominal;D;0,44;0,62
2026-09-22 14:06;1,06021;-75,30202;VIIRS-NOAA-21;70,2;16,2;9,0;Nominal;D;0,46;0,64
2026-09-22 14:06;0,96114;-75,80193;VIIRS-NOAA-21;60,3;18,9;11,3;Nominal;D;0,42;0,61
2026-09-22 14:06;0,94709;-75,81904;VIIRS-NOAA-21;60,7;19,4;7,6;Nominal;D;0,42;0,61
2026-09-22 14:06;0,91824;-75,8315;VIIRS-NOAA-21;59,3;20,2;3,7;Nominal;D;0,42;0,61
2026-09-22 14:06;0,28452;-76,86166;VIIRS-NOAA-21;76,9;18,3;5,6;Nominal;D;0,35;0,57
2026-09-22 14:06;0,34639;-76,63454;VIIRS-NOAA-21;79,6;19,8;11,2;Nominal;D;0,36;0,58
2026-09-22 14:08;2,63331;-75,80479;VIIRS-NOAA-21;61,5;21,7;8,7;Nominal;D;0,45;0,63
2026-09-22 14:08;3,29164;-72,94074;VIIRS-NOAA-21;56,1;12,6;17,1;Nominal;D;0,73;0,76
2026-09-22 14:08;2,93006;-75,32471;VIIRS-NOAA-21;65,9;21,6;6,5;Nominal;D;0,49;0,65
2026-09-22 14:08;3,28378;-72,94611;VIIRS-NOAA-21;60,6;12,3;17,1;Nominal;D;0,73;0,76
2026-09-22 14:08;8,12903;-73,83141;VIIRS-NOAA-21;62,6;15,6;9,6;Nominal;D;0,74;0,76
2026-09-22 14:08;8,12327;-73,82838;VIIRS-NOAA-21;67,9;15,4;8,6;Nominal;D;0,74;0,76
2026-09-22 14:08;5,94537;-74,59576;VIIRS-NOAA-21;59,1;18,7;3,9;Nominal;D;0,61;0,71
2026-09-22 14:08;5,89486;-74,62796;VIIRS-NOAA-21;93,9;19,2;33,1;Alta;D;0,61;0,71
2026-09-22 14:08;5,894;-74,63045;VIIRS-NOAA-21;82,4;18,4;24,9;Nominal;D;0,61;0,71
2026-09-22 14:08;5,89475;-74,62504;VIIRS-NOAA-21;70,3;18,4;24,4;Nominal;D;0,61;0,71
2026-09-22 14:08;3,42635;-72,83419;VIIRS-NOAA-21;68,1;12,8;17,5;Nominal;D;0,74;0,76
2026-09-22 14:08;3,42769;-72,8326;VIIRS-NOAA-21;60,5;13,1;13,4;Nominal;D;0,74;0,76
2026-09-22 14:08;3,28964;-72,95252;VIIRS-NOAA-21;64,9;12,6;20,4;Nominal;D;0,73;0,76
2026-09-22 14:08;3,29054;-72,94609;VIIRS-NOAA-21;77,7;12,9;20,4;Nominal;D;0,73;0,76
2026-09-22 14:08;3,28364;-72,94494;VIIRS-NOAA-21;67,6;12,7;16,2;Nominal;D;0,73;0,76
2026-09-22 14:08;2,92707;-75,32581;VIIRS-NOAA-21;58,9;21,0;5,1;Nominal;D;0,49;0,65
2026-09-22 14:08;2,92769;-75,32147;VIIRS-NOAA-21;59,7;21,9;5,1;Nominal;D;0,49;0,65
2026-09-22 14:08;2,40884;-74,05422;VIIRS-NOAA-21;93,9;19,4;52,1;Alta;D;0,59;0,7
2026-09-22 14:08;1,9391;-74,94429;VIIRS-NOAA-21;60,3;18,4;5,6;Nominal;D;0,5;0,66
2026-09-22 14:08;1,93681;-74,94465;VIIRS-NOAA-21;60,4;18,2;4,3;Nominal;D;0,5;0,66
2026-09-22 14:08;1,91995;-73,93671;VIIRS-NOAA-21;56,2;17,0;9,3;Nominal;D;0,59;0,7
2026-09-22 14:08;1,71935;-75,22968;VIIRS-NOAA-21;57,6;17,4;5,7;Nominal;D;0,48;0,65
2026-09-22 14:08;7,12688;-73,64185;VIIRS-NOAA-21;74,0;14,0;13,7;Nominal;D;0,74;0,76
2026-09-22 14:08;7,10483;-73,49104;VIIRS-NOAA-21;61,2;12,5;6,2;Nominal;D;0,76;0,77
2026-09-22 14:08;6,77737;-75,01928;VIIRS-NOAA-21;55,4;12,9;3,6;Nominal;D;0,59;0,7
2026-09-22 14:08;6,82764;-73,84029;VIIRS-NOAA-21;56,7;12,5;9,5;Nominal;D;0,71;0,75
2026-09-22 14:08;6,82632;-73,8444;VIIRS-NOAA-21;55,5;12,4;5,8;Nominal;D;0,71;0,75
2026-09-22 14:08;6,27417;-75,79235;VIIRS-NOAA-21;55,5;17,7;3,7;Nominal;D;0,51;0,66
2026-09-22 14:08;3,29069;-72,94722;VIIRS-NOAA-21;74,7;13,0;17,1;Nominal;D;0,73;0,76
2026-09-22 13:02;-1,59041;-72,6753;VIIRS-Suomi-NPP;77,9;17,9;11,7;Nominal;D;0,51;0,5
2026-09-22 13:02;-1,58991;-72,67385;VIIRS-Suomi-NPP;66,6;18,5;14,1;Nominal;D;0,51;0,49
2026-09-22 13:02;-0,57806;-72,10862;VIIRS-Suomi-NPP;68,2;21,8;14,0;Nominal;D;0,45;0,47
2026-09-22 13:02;0,24932;-70,53827;VIIRS-Suomi-NPP;58,8;18,8;5,8;Nominal;D;0,53;0,42
2026-09-22 13:02;0,75557;-70,93903;VIIRS-Suomi-NPP;55,9;19,5;5,6;Nominal;D;0,55;0,43
2026-09-22 13:02;0,49477;-75,23837;VIIRS-Suomi-NPP;64,8;17,2;3,0;Nominal;D;0,36;0,57
2026-09-22 13:02;0,49428;-75,24155;VIIRS-Suomi-NPP;56,3;17,2;3,0;Nominal;D;0,36;0,57
2026-09-22 13:02;0,49314;-75,23972;VIIRS-Suomi-NPP;80,9;17,4;4,7;Nominal;D;0,36;0,57
2026-09-22 13:02;0,61234;-74,59464;VIIRS-Suomi-NPP;60,6;19,1;4,4;Nominal;D;0,32;0,55
2026-09-22 13:02;0,695;-74,8167;VIIRS-Suomi-NPP;93,9;17,4;6,5;Alta;D;0,33;0,55
2026-09-22 13:02;0,63988;-75,68664;VIIRS-Suomi-NPP;54,3;17,0;1,8;Nominal;D;0,38;0,59
2026-09-22 13:02;0,68034;-75,68326;VIIRS-Suomi-NPP;71,0;15,0;5,7;Nominal;D;0,38;0,59
2026-09-22 13:02;0,70912;-75,74798;VIIRS-Suomi-NPP;68,9;16,1;2,0;Nominal;D;0,38;0,59
2026-09-22 13:02;0,57903;-76,73483;VIIRS-Suomi-NPP;55,3;16,2;2,5;Nominal;D;0,45;0,63
2026-09-22 13:02;0,96427;-74,41048;VIIRS-Suomi-NPP;55,5;16,2;4,6;Nominal;D;0,61;0,54
2026-09-22 13:02;0,77135;-75,61285;VIIRS-Suomi-NPP;58,7;18,0;2,9;Nominal;D;0,37;0,58
2026-09-22 13:02;0,81226;-75,56367;VIIRS-Suomi-NPP;93,9;20,3;21,2;Alta;D;0,37;0,58
2026-09-22 13:02;0,77305;-75,84647;VIIRS-Suomi-NPP;54,6;16,6;3,2;Nominal;D;0,39;0,59
2026-09-22 13:02;0,75665;-75,98599;VIIRS-Suomi-NPP;79,4;15,5;6,1;Nominal;D;0,4;0,6
2026-09-22 13:02;0,78059;-75,90561;VIIRS-Suomi-NPP;68,1;18,3;5,1;Nominal;D;0,39;0,59
2026-09-22 13:02;0,73498;-76,26957;VIIRS-Suomi-NPP;74,0;18,0;6,6;Nominal;D;0,42;0,61
2026-09-22 13:02;0,82061;-75,79292;VIIRS-Suomi-NPP;60,0;18,8;2,5;Nominal;D;0,38;0,59
2026-09-22 13:02;0,73732;-76,27088;VIIRS-Suomi-NPP;75,6;18,3;7,9;Nominal;D;0,42;0,61
2026-09-22 13:02;0,84384;-76,00073;VIIRS-Suomi-NPP;82,6;17,7;8,5;Nominal;D;0,4;0,6
2026-09-22 13:02;0,84935;-76,00162;VIIRS-Suomi-NPP;74,0;17,4;5,2;Nominal;D;0,4;0,6
2026-09-22 13:02;0,84879;-76,00517;VIIRS-Suomi-NPP;55,9;16,6;5,2;Nominal;D;0,4;0,6
2026-09-22 13:02;0,86084;-76,03645;VIIRS-Suomi-NPP;62,4;-7,7;3,5;Nominal;D;0,4;0,6
2026-09-22 13:02;0,88184;-76,04716;VIIRS-Suomi-NPP;56,6;4,2;7,9;Nominal;D;0,4;0,6
2026-09-22 13:02;0,87843;-76,06901;VIIRS-Suomi-NPP;80,8;17,9;7,4;Nominal;D;0,4;0,6
2026-09-22 13:02;0,8824;-76,04356;VIIRS-Suomi-NPP;83,7;5,9;7,9;Baja;D;0,4;0,6
2026-09-22 13:02;0,88398;-76,06985;VIIRS-Suomi-NPP;93,9;17,6;13,7;Alta;D;0,4;0,6
2026-09-22 13:02;0,88455;-76,06615;VIIRS-Suomi-NPP;58,5;13,1;13,7;Nominal;D;0,4;0,6
2026-09-22 13:02;0,94882;-75,76066;VIIRS-Suomi-NPP;73,4;18,8;5,4;Nominal;D;0,38;0,59
2026-09-22 13:02;0,85121;-76,23087;VIIRS-Suomi-NPP;56,8;16,3;4,2;Nominal;D;0,41;0,61
2026-09-22 13:02;0,88322;-76,07029;VIIRS-Suomi-NPP;78,9;17,0;17,4;Nominal;D;0,4;0,6
2026-09-22 13:02;0,88383;-76,06661;VIIRS-Suomi-NPP;83,2;12,5;17,4;Baja;D;0,4;0,6
2026-09-22 13:02;0,95034;-75,76177;VIIRS-Suomi-NPP;63,1;18,1;3,4;Nominal;D;0,38;0,59
2026-09-22 13:02;0,94681;-75,81796;VIIRS-Suomi-NPP;93,9;19,3;18,6;Alta;D;0,38;0,59
2026-09-22 13:02;0,90423;-76,08096;VIIRS-Suomi-NPP;68,2;17,3;6,4;Nominal;D;0,4;0,6
2026-09-22 13:02;0,87816;-76,2774;VIIRS-Suomi-NPP;58,5;14,8;4,9;Nominal;D;0,41;0,61
2026-09-22 13:02;1,05766;-75,29877;VIIRS-Suomi-NPP;58,8;18,1;4,1;Nominal;D;0,35;0,57
2026-09-22 13:02;1,05715;-75,30194;VIIRS-Suomi-NPP;65,3;18,1;4,1;Nominal;D;0,35;0,57
2026-09-22 13:02;0,92376;-76,13651;VIIRS-Suomi-NPP;60,3;17,9;4,7;Nominal;D;0,4;0,6
2026-09-22 13:02;1,06292;-75,29953;VIIRS-Suomi-NPP;69,4;17,8;4,1;Nominal;D;0,35;0,57
2026-09-22 13:02;1,06241;-75,3027;VIIRS-Suomi-NPP;73,6;18,2;4,1;Nominal;D;0,35;0,57
2026-09-22 13:02;0,98132;-76,09664;VIIRS-Suomi-NPP;93,9;17,8;6,9;Alta;D;0,4;0,6
2026-09-22 13:02;1,0851;-75,50269;VIIRS-Suomi-NPP;64,9;20,0;5,1;Nominal;D;0,36;0,58
2026-09-22 13:02;0,97966;-76,09753;VIIRS-Suomi-NPP;83,4;18,0;7,3;Nominal;D;0,4;0,6
2026-09-22 13:02;1,0825;-75,50398;VIIRS-Suomi-NPP;54,6;18,9;2,8;Nominal;D;0,36;0,58
2026-09-22 13:02;1,0878;-75,50494;VIIRS-Suomi-NPP;60,2;18,9;2,6;Nominal;D;0,36;0,58
2026-09-22 13:02;1,21704;-75,13561;VIIRS-Suomi-NPP;93,9;19,9;16,2;Alta;D;0,34;0,56
2026-09-22 13:02;1,09434;-75,98265;VIIRS-Suomi-NPP;93,9;18,9;7,1;Alta;D;0,39;0,59
2026-09-22 13:02;1,09377;-75,98625;VIIRS-Suomi-NPP;72,5;18,4;7,1;Nominal;D;0,39;0,6
2026-09-22 13:02;1,29968;-74,99445;VIIRS-Suomi-NPP;55,0;16,7;1,5;Nominal;D;0,33;0,56
2026-09-22 13:02;1,12962;-76,04522;VIIRS-Suomi-NPP;55,5;17,0;1,7;Nominal;D;0,4;0,6
2026-09-22 13:04;4,5214;-68,72661;VIIRS-Suomi-NPP;66,7;26,5;3,8;Baja;D;0,4;0,37
2026-09-22 13:04;4,52085;-68,73021;VIIRS-Suomi-NPP;57,2;23,9;3,8;Baja;D;0,4;0,37
2026-09-22 13:04;4,35894;-69,80286;VIIRS-Suomi-NPP;73,0;26,1;9,1;Nominal;D;0,44;0,38
2026-09-22 13:04;4,17172;-71,08285;VIIRS-Suomi-NPP;69,3;25,7;9,8;Baja;D;0,51;0,41
2026-09-22 13:04;4,14735;-71,30604;VIIRS-Suomi-NPP;63,5;24,4;7,2;Nominal;D;0,52;0,42
2026-09-22 13:04;4,3287;-70,36013;VIIRS-Suomi-NPP;59,3;23,6;5,7;Nominal;D;0,46;0,39
2026-09-22 13:04;4,42104;-69,79639;VIIRS-Suomi-NPP;61,6;22,9;3,8;Nominal;D;0,44;0,38
2026-09-22 13:04;4,40685;-69,88687;VIIRS-Suomi-NPP;56,9;21,8;11,0;Baja;D;0,44;0,38
2026-09-22 13:04;4,58346;-68,77734;VIIRS-Suomi-NPP;61,5;26,4;8,3;Nominal;D;0,4;0,37
2026-09-22 13:04;4,39523;-70,00723;VIIRS-Suomi-NPP;57,0;25,8;4,7;Baja;D;0,45;0,39
2026-09-22 13:04;4,59864;-68,74643;VIIRS-Suomi-NPP;81,6;31,2;12,7;Nominal;D;0,4;0,37
2026-09-22 13:04;4,42282;-69,8772;VIIRS-Suomi-NPP;63,7;25,0;7,8;Nominal;D;0,44;0,38
2026-09-22 13:04;4,42636;-69,87773;VIIRS-Suomi-NPP;76,1;26,1;7,8;Nominal;D;0,44;0,38
2026-09-22 13:04;4,42574;-69,88168;VIIRS-Suomi-NPP;73,9;26,0;12,7;Nominal;D;0,44;0,38
2026-09-22 13:04;4,42989;-69,87827;VIIRS-Suomi-NPP;65,7;26,3;7,1;Baja;D;0,44;0,38
2026-09-22 13:04;4,6304;-68,60798;VIIRS-Suomi-NPP;58,6;28,2;3,9;Baja;D;0,4;0,37
2026-09-22 13:04;4,51659;-69,34362;VIIRS-Suomi-NPP;59,2;24,2;2,7;Baja;D;0,42;0,38
2026-09-22 13:04;4,47084;-69,80311;VIIRS-Suomi-NPP;59,5;24,6;9,6;Baja;D;0,44;0,38
2026-09-22 13:04;4,70455;-68,45171;VIIRS-Suomi-NPP;78,5;29,8;11,7;Nominal;D;0,39;0,37
2026-09-22 13:04;4,704;-68,45525;VIIRS-Suomi-NPP;59,1;27,9;3,6;Nominal;D;0,39;0,37
2026-09-22 13:04;4,11546;-72,14559;VIIRS-Suomi-NPP;66,0;24,2;3,4;Nominal;D;0,39;0,44
2026-09-22 13:04;4,11489;-72,14909;VIIRS-Suomi-NPP;66,8;25,2;3,4;Nominal;D;0,39;0,44
2026-09-22 13:04;4,70736;-68,45577;VIIRS-Suomi-NPP;61,8;27,4;3,6;Nominal;D;0,39;0,37
2026-09-22 13:04;4,71676;-68,41733;VIIRS-Suomi-NPP;81,2;26,8;9,2;Nominal;D;0,39;0,36
2026-09-22 13:04;4,54617;-69,55348;VIIRS-Suomi-NPP;64,6;26,0;5,9;Nominal;D;0,43;0,38
2026-09-22 13:04;4,69153;-68,69066;VIIRS-Suomi-NPP;56,9;27,8;3,5;Baja;D;0,4;0,37
2026-09-22 13:04;4,5554;-69,56274;VIIRS-Suomi-NPP;61,0;25,7;5,5;Nominal;D;0,43;0,38
2026-09-22 13:04;4,63044;-69,10551;VIIRS-Suomi-NPP;73,8;27,3;7,8;Nominal;D;0,41;0,37
2026-09-22 13:04;4,63386;-69,10604;VIIRS-Suomi-NPP;66,1;27,6;7,8;Nominal;D;0,41;0,37
2026-09-22 13:04;4,28995;-71,28783;VIIRS-Suomi-NPP;70,0;22,7;10,2;Nominal;D;0,52;0,41
2026-09-22 13:04;4,51845;-69,86678;VIIRS-Suomi-NPP;58,5;25,5;6,0;Baja;D;0,44;0,38
2026-09-22 13:04;4,74146;-68,45739;VIIRS-Suomi-NPP;66,5;28,9;4,4;Nominal;D;0,39;0,37
2026-09-22 13:04;4,5836;-69,47342;VIIRS-Suomi-NPP;64,9;24,2;6,2;Baja;D;0,42;0,38
2026-09-22 13:04;4,78299;-68,23271;VIIRS-Suomi-NPP;63,0;29,2;8,8;Nominal;D;0,39;0,36
2026-09-22 13:04;4,78633;-68,23322;VIIRS-Suomi-NPP;64,8;30,8;20,0;Nominal;D;0,39;0,36
2026-09-22 13:04;4,75925;-68,43112;VIIRS-Suomi-NPP;62,9;28,1;3,2;Nominal;D;0,39;0,36
2026-09-22 13:04;4,15051;-72,34052;VIIRS-Suomi-NPP;68,9;25,6;33,5;Nominal;D;0,4;0,44
2026-09-22 13:04;4,14994;-72,34412;VIIRS-Suomi-NPP;57,7;25,7;33,5;Nominal;D;0,4;0,44
2026-09-22 13:04;4,38225;-70,948;VIIRS-Suomi-NPP;65,9;23,9;10,1;Baja;D;0,49;0,41
2026-09-22 13:04;4,01757;-73,36952;VIIRS-Suomi-NPP;76,7;25,3;8,1;Nominal;D;0,47;0,48
2026-09-22 13:04;4,01746;-73,36877;VIIRS-Suomi-NPP;69,9;25,8;6,4;Nominal;D;0,47;0,48
2026-09-22 13:04;4,02184;-73,36946;VIIRS-Suomi-NPP;69,4;25,4;6,2;Nominal;D;0,47;0,48
2026-09-22 13:04;4,60213;-69,81543;VIIRS-Suomi-NPP;68,1;26,3;6,1;Nominal;D;0,44;0,38
2026-09-22 13:04;4,03911;-73,34638;VIIRS-Suomi-NPP;63,3;25,5;4,3;Nominal;D;0,47;0,47
2026-09-22 13:04;4,63345;-69,77637;VIIRS-Suomi-NPP;70,3;26,5;8,3;Nominal;D;0,43;0,38
2026-09-22 13:04;4,4178;-71,35889;VIIRS-Suomi-NPP;63,6;26,4;14,7;Baja;D;0,52;0,42
2026-09-22 13:04;4,66304;-69,81697;VIIRS-Suomi-NPP;68,4;25,2;5,4;Nominal;D;0,43;0,38
2026-09-22 13:04;4,42162;-71,35947;VIIRS-Suomi-NPP;60,6;25,2;9,4;Baja;D;0,52;0,42
2026-09-22 13:04;3,85614;-74,99486;VIIRS-Suomi-NPP;67,6;24,0;4,5;Nominal;D;0,61;0,53
2026-09-22 13:04;4,92204;-68,29787;VIIRS-Suomi-NPP;65,6;28,6;2,4;Nominal;D;0,39;0,36
2026-09-22 13:04;3,8428;-74,96692;VIIRS-Suomi-NPP;56,6;29,0;8,6;Baja;D;0,6;0,53
2026-09-22 13:04;3,85288;-74,99664;VIIRS-Suomi-NPP;65,4;23,2;1,5;Nominal;D;0,61;0,53
2026-09-22 13:04;4,90944;-68,59347;VIIRS-Suomi-NPP;93,9;28,0;11,0;Alta;D;0,4;0,37
2026-09-22 13:04;4,90999;-68,5899;VIIRS-Suomi-NPP;63,6;26,0;11,0;Nominal;D;0,4;0,37
2026-09-22 13:04;4,91726;-68,58738;VIIRS-Suomi-NPP;72,5;26,2;5,6;Baja;D;0,4;0,37
2026-09-22 13:04;4,81131;-69,26671;VIIRS-Suomi-NPP;62,5;26,5;4,6;Nominal;D;0,41;0,37
2026-09-22 13:04;4,81474;-69,26723;VIIRS-Suomi-NPP;74,5;25,3;9,3;Nominal;D;0,41;0,37
2026-09-22 13:04;4,97107;-68,2844;VIIRS-Suomi-NPP;61,4;28,3;8,9;Nominal;D;0,39;0,36
2026-09-22 13:04;4,92675;-68,57062;VIIRS-Suomi-NPP;64,8;25,5;3,3;Nominal;D;0,4;0,37
2026-09-22 13:04;3,61834;-76,67339;VIIRS-Suomi-NPP;61,2;7,1;6,3;Nominal;D;0,4;0,6
2026-09-22 13:04;4,99969;-68,3428;VIIRS-Suomi-NPP;62,4;27,8;2,6;Nominal;D;0,39;0,36
2026-09-22 13:04;4,79344;-69,92932;VIIRS-Suomi-NPP;58,3;27,3;3,3;Nominal;D;0,44;0,38
2026-09-22 13:04;5,13531;-68,05267;VIIRS-Suomi-NPP;71,7;32,3;6,0;Nominal;D;0,39;0,36
2026-09-22 13:04;4,65216;-71,39257;VIIRS-Suomi-NPP;61,5;22,8;5,9;Nominal;D;0,52;0,41
2026-09-22 13:04;4,65597;-71,39319;VIIRS-Suomi-NPP;72,5;26,2;15,8;Nominal;D;0,52;0,41
2026-09-22 13:04;4,65445;-71,39599;VIIRS-Suomi-NPP;65,6;24,8;20,3;Baja;D;0,52;0,41
2026-09-22 13:04;7,42665;-73,73444;VIIRS-Suomi-NPP;66,8;21,0;5,1;Nominal;D;0,44;0,46
2026-09-22 13:04;7,42597;-73,73841;VIIRS-Suomi-NPP;56,4;20,8;5,1;Nominal;D;0,44;0,46
2026-09-22 13:04;8,70966;-73,21488;VIIRS-Suomi-NPP;60,3;19,0;2,6;Nominal;D;0,39;0,44
2026-09-22 13:04;8,64639;-73,36575;VIIRS-Suomi-NPP;66,7;18,8;11,9;Nominal;D;0,4;0,44
2026-09-22 13:04;8,64698;-73,36219;VIIRS-Suomi-NPP;69,3;21,2;11,9;Nominal;D;0,4;0,44
2026-09-22 13:04;8,5078;-73,39999;VIIRS-Suomi-NPP;70,4;21,2;9,7;Nominal;D;0,4;0,44
2026-09-22 13:04;8,48398;-72,81684;VIIRS-Suomi-NPP;64,3;22,6;60,8;Baja;D;0,56;0,43
2026-09-22 13:04;7,87423;-76,20992;VIIRS-Suomi-NPP;66,0;18,2;8,7;Nominal;D;0,63;0,54
2026-09-22 13:04;1,35777;-75,73865;VIIRS-Suomi-NPP;93,9;21,5;14,6;Alta;D;0,37;0,58
2026-09-22 13:04;1,35724;-75,74204;VIIRS-Suomi-NPP;93,9;19,3;14,6;Alta;D;0,37;0,58
2026-09-22 13:04;1,3583;-75,73528;VIIRS-Suomi-NPP;54,8;18,7;13,8;Nominal;D;0,37;0,58
2026-09-22 13:04;1,35671;-75,74544;VIIRS-Suomi-NPP;59,5;18,6;7,7;Nominal;D;0,37;0,58
2026-09-22 13:04;1,3601;-75,74014;VIIRS-Suomi-NPP;93,9;20,0;11,0;Alta;D;0,37;0,58
2026-09-22 13:04;1,36065;-75,73677;VIIRS-Suomi-NPP;68,8;18,0;11,5;Nominal;D;0,37;0,58
2026-09-22 13:04;1,65611;-74,0562;VIIRS-Suomi-NPP;63,1;18,5;3,7;Nominal;D;0,57;0,52
2026-09-22 13:04;1,82407;-73,9811;VIIRS-Suomi-NPP;59,1;20,0;4,2;Nominal;D;0,56;0,51
2026-09-22 13:04;1,82537;-74,12737;VIIRS-Suomi-NPP;80,6;20,7;21,3;Nominal;D;0,57;0,52
2026-09-22 13:04;1,63435;-75,47855;VIIRS-Suomi-NPP;69,3;16,4;4,9;Nominal;D;0,36;0,57
2026-09-22 13:04;1,63367;-75,47978;VIIRS-Suomi-NPP;60,4;17,5;2,8;Nominal;D;0,36;0,57
2026-09-22 13:04;1,90295;-73,9501;VIIRS-Suomi-NPP;59,2;20,7;5,2;Nominal;D;0,55;0,51
2026-09-22 13:04;1,91951;-73,93731;VIIRS-Suomi-NPP;64,9;21,4;5,2;Nominal;D;0,55;0,51
2026-09-22 13:04;2,69885;-72,07224;VIIRS-Suomi-NPP;63,6;23,6;3,2;Nominal;D;0,4;0,45
2026-09-22 13:04;2,40352;-74,05428;VIIRS-Suomi-NPP;67,3;20,5;7,2;Nominal;D;0,55;0,51
2026-09-22 13:04;2,40496;-74,05092;VIIRS-Suomi-NPP;67,2;19,8;12,9;Nominal;D;0,55;0,51
2026-09-22 13:04;2,41358;-74,05734;VIIRS-Suomi-NPP;55,1;19,5;6,8;Nominal;D;0,55;0,51
2026-09-22 13:04;2,442;-74,27396;VIIRS-Suomi-NPP;67,9;19,7;4,6;Nominal;D;0,57;0,52
2026-09-22 13:04;2,47233;-74,26809;VIIRS-Suomi-NPP;73,2;20,7;8,7;Nominal;D;0,57;0,52
2026-09-22 13:04;2,47071;-74,27847;VIIRS-Suomi-NPP;62,2;19,9;4,2;Nominal;D;0,57;0,52
2026-09-22 13:04;2,47712;-74,26883;VIIRS-Suomi-NPP;63,0;20,2;8,7;Nominal;D;0,57;0,52
2026-09-22 13:04;2,47631;-74,27399;VIIRS-Suomi-NPP;58,2;20,0;8,7;Nominal;D;0,57;0,52
2026-09-22 13:04;2,4755;-74,27917;VIIRS-Suomi-NPP;64,9;19,9;4,2;Nominal;D;0,57;0,52
2026-09-22 13:04;2,45764;-74,39341;VIIRS-Suomi-NPP;68,0;20,2;9,7;Nominal;D;0,58;0,52
2026-09-22 13:04;2,47196;-74,27074;VIIRS-Suomi-NPP;65,1;20,4;21,2;Nominal;D;0,57;0,52
2026-09-22 13:04;2,47111;-74,27592;VIIRS-Suomi-NPP;65,6;20,4;7,8;Nominal;D;0,57;0,52
2026-09-22 13:04;2,4759;-74,27661;VIIRS-Suomi-NPP;71,3;19,7;7,8;Nominal;D;0,57;0,52
2026-09-22 13:04;2,46113;-74,39652;VIIRS-Suomi-NPP;68,6;21,1;17,9;Nominal;D;0,58;0,52
2026-09-22 13:04;2,65247;-73,74618;VIIRS-Suomi-NPP;67,4;18,4;11,7;Nominal;D;0,52;0,5
2026-09-22 13:04;2,65172;-73,7509;VIIRS-Suomi-NPP;69,6;18,8;11,4;Nominal;D;0,52;0,5
2026-09-22 13:04;2,65089;-73,74928;VIIRS-Suomi-NPP;93,9;19,6;16,9;Alta;D;0,52;0,5
2026-09-22 13:04;3,07733;-71,46077;VIIRS-Suomi-NPP;60,1;23,2;6,0;Nominal;D;0,55;0,43
2026-09-22 13:04;2,60642;-74,52856;VIIRS-Suomi-NPP;63,3;19,9;3,9;Nominal;D;0,59;0,53
2026-09-22 13:04;3,05585;-71,77728;VIIRS-Suomi-NPP;55,8;22,0;1,8;Nominal;D;0,38;0,43
2026-09-22 13:04;3,06039;-71,77444;VIIRS-Suomi-NPP;56,4;23,6;3,4;Nominal;D;0,38;0,43
2026-09-22 13:04;3,05985;-71,7779;VIIRS-Suomi-NPP;67,8;22,2;3,4;Nominal;D;0,38;0,43
2026-09-22 13:04;3,12078;-71,86959;VIIRS-Suomi-NPP;60,8;23,0;3,7;Nominal;D;0,39;0,44
2026-09-22 13:04;2,84234;-73,61126;VIIRS-Suomi-NPP;61,6;16,0;8,7;Nominal;D;0,51;0,49
2026-09-22 13:04;3,12479;-71,87022;VIIRS-Suomi-NPP;60,6;24,0;3,7;Nominal;D;0,39;0,44
2026-09-22 13:04;2,73028;-74,4593;VIIRS-Suomi-NPP;55,7;19,7;5,8;Nominal;D;0,58;0,52
2026-09-22 13:04;2,83751;-73,81721;VIIRS-Suomi-NPP;66,9;20,2;27,9;Nominal;D;0,52;0,5
2026-09-22 13:04;2,83682;-73,82155;VIIRS-Suomi-NPP;78,6;24,1;29,8;Nominal;D;0,52;0,5
2026-09-22 13:04;2,8414;-73,82243;VIIRS-Suomi-NPP;77,7;18,6;29,8;Nominal;D;0,52;0,5
2026-09-22 13:04;3,84967;-67,87722;VIIRS-Suomi-NPP;60,6;26,6;1,5;Nominal;D;0,39;0,36
2026-09-22 13:04;3,4889;-71,43987;VIIRS-Suomi-NPP;58,8;24,0;3,9;Nominal;D;0,54;0,42
2026-09-22 13:04;3,47242;-71,54268;VIIRS-Suomi-NPP;61,7;24,3;5,2;Nominal;D;0,55;0,43
2026-09-22 13:04;3,49513;-71,52594;VIIRS-Suomi-NPP;59,6;24,0;2,9;Nominal;D;0,55;0,42
2026-09-22 13:04;3,98836;-68,42635;VIIRS-Suomi-NPP;57,3;24,7;4,9;Baja;D;0,4;0,37
2026-09-22 13:04;3,48401;-71,67201;VIIRS-Suomi-NPP;66,5;25,0;9,3;Nominal;D;0,56;0,43
2026-09-22 13:04;3,48322;-71,67701;VIIRS-Suomi-NPP;68,0;25,2;6,6;Nominal;D;0,56;0,43
2026-09-22 13:04;3,49667;-71,61755;VIIRS-Suomi-NPP;61,0;24,9;4,8;Nominal;D;0,55;0,43
2026-09-22 13:04;3,49588;-71,62253;VIIRS-Suomi-NPP;60,2;24,2;4,8;Nominal;D;0,55;0,43
2026-09-22 13:04;3,48717;-71,67762;VIIRS-Suomi-NPP;72,2;26,9;6,6;Nominal;D;0,56;0,43
2026-09-22 13:04;3,48637;-71,68264;VIIRS-Suomi-NPP;60,5;24,9;6,6;Baja;D;0,56;0,43
2026-09-22 13:04;3,49032;-71,68325;VIIRS-Suomi-NPP;60,2;24,4;7,5;Baja;D;0,56;0,43
2026-09-22 13:04;3,49506;-71,67883;VIIRS-Suomi-NPP;68,0;25,3;7,5;Nominal;D;0,56;0,43
2026-09-22 13:04;3,26378;-73,16627;VIIRS-Suomi-NPP;75,8;21,0;44,8;Nominal;D;0,47;0,47
2026-09-22 13:04;3,51398;-71,63554;VIIRS-Suomi-NPP;66,6;24,0;6,5;Nominal;D;0,56;0,43
2026-09-22 13:04;3,56169;-71,38169;VIIRS-Suomi-NPP;61,3;23,9;6,4;Baja;D;0,54;0,42
2026-09-22 13:04;3,56707;-71,37262;VIIRS-Suomi-NPP;61,2;23,3;5,5;Nominal;D;0,54;0,42
2026-09-22 13:04;3,54671;-71,52889;VIIRS-Suomi-NPP;60,7;24,4;7,2;Baja;D;0,55;0,42
2026-09-22 13:04;3,5659;-71,45679;VIIRS-Suomi-NPP;59,9;24,0;4,2;Nominal;D;0,54;0,42
2026-09-22 13:04;3,5416;-71,58649;VIIRS-Suomi-NPP;57,8;25,0;5,7;Baja;D;0,55;0,43
2026-09-22 13:04;3,59262;-71,46885;VIIRS-Suomi-NPP;66,0;24,3;15,0;Baja;D;0,54;0,42
2026-09-22 13:04;3,64483;-71,26571;VIIRS-Suomi-NPP;60,2;21,3;3,8;Nominal;D;0,53;0,42
2026-09-22 13:04;3,62983;-71,41002;VIIRS-Suomi-NPP;62,9;24,6;5,7;Nominal;D;0,54;0,42
2026-09-22 13:04;3,40298;-72,86028;VIIRS-Suomi-NPP;61,4;22,0;22,9;Nominal;D;0,44;0,46
2026-09-22 13:04;3,40234;-72,86429;VIIRS-Suomi-NPP;80,0;26,1;22,9;Nominal;D;0,44;0,46
2026-09-22 13:04;3,67466;-71,25101;VIIRS-Suomi-NPP;59,4;22,8;9,1;Baja;D;0,52;0,42
2026-09-22 13:04;3,67392;-71,25573;VIIRS-Suomi-NPP;72,8;23,6;10,2;Nominal;D;0,53;0,42
2026-09-22 13:04;3,42941;-72,83165;VIIRS-Suomi-NPP;67,4;23,2;7,4;Nominal;D;0,44;0,46
2026-09-22 13:04;3,4343;-72,82838;VIIRS-Suomi-NPP;70,3;22,5;5,5;Nominal;D;0,44;0,46
2026-09-22 13:04;5,92744;-74,16883;VIIRS-Suomi-NPP;65,2;19,9;4,9;Nominal;D;0,49;0,49
2026-09-22 13:04;5,93187;-74,16989;VIIRS-Suomi-NPP;83,3;23,6;22,8;Nominal;D;0,49;0,49
2026-09-22 13:04;5,93108;-74,17471;VIIRS-Suomi-NPP;65,4;20,9;22,8;Nominal;D;0,49;0,49
2026-09-22 13:04;5,92995;-74,16809;VIIRS-Suomi-NPP;74,3;21,1;16,5;Nominal;D;0,49;0,49
2026-09-22 13:04;5,9291;-74,17305;VIIRS-Suomi-NPP;73,1;23,3;16,5;Nominal;D;0,49;0,49
2026-09-22 13:04;5,93355;-74,17393;VIIRS-Suomi-NPP;69,3;21,1;16,5;Nominal;D;0,49;0,49
2026-09-22 13:04;5,83994;-75,35779;VIIRS-Suomi-NPP;66,2;16,1;10,6;Nominal;D;0,6;0,53
2026-09-22 13:04;5,83701;-75,35946;VIIRS-Suomi-NPP;65,4;15,8;10,6;Nominal;D;0,6;0,53
2026-09-22 13:04;9,14608;-73,6797;VIIRS-Suomi-NPP;70,2;19,4;15,9;Nominal;D;0,41;0,45
2026-09-22 13:04;9,14379;-73,67979;VIIRS-Suomi-NPP;67,0;19,6;16,3;Nominal;D;0,41;0,45
2026-09-22 13:04;8,84943;-74,07177;VIIRS-Suomi-NPP;67,5;22,6;7,1;Nominal;D;0,44;0,46
2026-09-22 13:04;6,52216;-73,88583;VIIRS-Suomi-NPP;66,1;19,2;4,7;Nominal;D;0,46;0,47
2026-09-22 13:04;6,52194;-73,88957;VIIRS-Suomi-NPP;56,0;19,6;3,0;Nominal;D;0,46;0,47
2026-09-22 13:04;6,82645;-73,84042;VIIRS-Suomi-NPP;71,5;19,8;13,5;Nominal;D;0,45;0,47
2026-09-22 13:04;6,89367;-74,97915;VIIRS-Suomi-NPP;57,8;15,2;1,7;Nominal;D;0,54;0,51
2026-09-22 13:04;7,17126;-73,40434;VIIRS-Suomi-NPP;63,7;19,8;5,5;Nominal;D;0,42;0,45
2026-09-22 13:04;7,74252;-73,78597;VIIRS-Suomi-NPP;71,1;23,1;6,2;Nominal;D;0,44;0,46
2026-09-22 13:04;7,78842;-73,79775;VIIRS-Suomi-NPP;61,2;22,8;2,9;Nominal;D;0,44;0,46
2026-09-22 13:04;7,83481;-73,92828;VIIRS-Suomi-NPP;57,2;21,7;1,5;Nominal;D;0,44;0,46
2026-09-22 13:04;3,43918;-72,82513;VIIRS-Suomi-NPP;59,1;21,3;5,5;Nominal;D;0,44;0,46
2026-09-22 13:04;3,68822;-71,34061;VIIRS-Suomi-NPP;59,4;21,7;6,0;Baja;D;0,53;0,42
2026-09-22 13:04;3,68579;-71,33854;VIIRS-Suomi-NPP;59,8;21,7;3,7;Nominal;D;0,53;0,42
2026-09-22 13:04;3,74237;-71,20713;VIIRS-Suomi-NPP;66,5;23,6;14,4;Baja;D;0,52;0,42
2026-09-22 13:04;3,67038;-71,65581;VIIRS-Suomi-NPP;80,7;24,1;14,5;Nominal;D;0,55;0,43
2026-09-22 13:04;3,74852;-71,21763;VIIRS-Suomi-NPP;69,3;25,1;8,6;Nominal;D;0,52;0,42
2026-09-22 13:04;3,79257;-71,31162;VIIRS-Suomi-NPP;78,6;24,7;10,0;Nominal;D;0,53;0,42
2026-09-22 13:04;3,79183;-71,31635;VIIRS-Suomi-NPP;59,6;22,1;10,0;Baja;D;0,53;0,42
2026-09-22 13:04;3,74553;-71,93839;VIIRS-Suomi-NPP;93,9;25,5;8,7;Alta;D;0,38;0,43
2026-09-22 13:04;3,74608;-71,93495;VIIRS-Suomi-NPP;58,7;23,7;8,7;Nominal;D;0,38;0,43
2026-09-22 13:04;3,74497;-71,94185;VIIRS-Suomi-NPP;81,3;26,3;19,3;Nominal;D;0,38;0,43
2026-09-22 13:04;3,67803;-72,358;VIIRS-Suomi-NPP;57,2;23,0;3,3;Nominal;D;0,41;0,45
2026-09-22 13:04;3,74952;-71,93906;VIIRS-Suomi-NPP;71,5;24,2;5,9;Nominal;D;0,38;0,43
2026-09-22 13:04;3,74896;-71,9425;VIIRS-Suomi-NPP;72,0;24,4;8,8;Nominal;D;0,38;0,43
2026-09-22 13:04;3,75351;-71,93972;VIIRS-Suomi-NPP;64,8;21,1;5,9;Nominal;D;0,38;0,43
2026-09-22 13:04;3,7983;-71,86345;VIIRS-Suomi-NPP;63,1;24,8;8,9;Baja;D;0,57;0,43
2026-09-22 13:04;3,92123;-71,15626;VIIRS-Suomi-NPP;65,7;24,5;6,0;Nominal;D;0,51;0,41
2026-09-22 13:04;3,78254;-72,09431;VIIRS-Suomi-NPP;67,4;22,4;7,2;Nominal;D;0,39;0,44
2026-09-22 13:04;3,91832;-71,27521;VIIRS-Suomi-NPP;75,1;25,1;8,4;Nominal;D;0,52;0,42
2026-09-22 13:04;3,94381;-71,13605;VIIRS-Suomi-NPP;58,8;25,7;4,8;Nominal;D;0,51;0,41
2026-09-22 13:04;3,92215;-71,27581;VIIRS-Suomi-NPP;68,3;24,9;8,4;Nominal;D;0,52;0,42
2026-09-22 13:04;3,84375;-71,67218;VIIRS-Suomi-NPP;59,3;23,9;8,0;Nominal;D;0,55;0,43
2026-09-22 13:04;3,9431;-71,13454;VIIRS-Suomi-NPP;60,1;25,8;4,0;Nominal;D;0,51;0,41
2026-09-22 13:04;3,92052;-71,27396;VIIRS-Suomi-NPP;69,6;25,2;12,3;Baja;D;0,52;0,42
2026-09-22 13:04;3,96166;-71,23729;VIIRS-Suomi-NPP;62,7;25,0;8,1;Nominal;D;0,52;0,41
2026-09-22 13:04;4,49365;-67,86877;VIIRS-Suomi-NPP;57,4;29,1;4,2;Baja;D;0,39;0,36
2026-09-22 13:04;3,96547;-71,23787;VIIRS-Suomi-NPP;74,9;26,0;8,1;Nominal;D;0,52;0,41
2026-09-22 13:04;3,89987;-71,85095;VIIRS-Suomi-NPP;64,1;23,8;11,9;Nominal;D;0,57;0,43
2026-09-22 13:04;4,15147;-70,29968;VIIRS-Suomi-NPP;65,1;24,2;4,5;Nominal;D;0,46;0,39
2026-09-22 13:04;4,15508;-70,30025;VIIRS-Suomi-NPP;56,9;23,9;5,1;Nominal;D;0,46;0,39
2026-09-22 13:04;4,21562;-69,93469;VIIRS-Suomi-NPP;61,9;25,1;5,2;Baja;D;0,44;0,39
2026-09-22 13:04;4,215;-69,93868;VIIRS-Suomi-NPP;63,6;26,2;6,0;Baja;D;0,44;0,39
2026-09-22 13:04;4,21917;-69,93525;VIIRS-Suomi-NPP;77,7;28,2;8,6;Nominal;D;0,44;0,39
2026-09-22 13:04;3,91728;-71,86942;VIIRS-Suomi-NPP;66,8;23,3;8,4;Nominal;D;0,57;0,43
2026-09-22 13:04;4,22333;-69,93181;VIIRS-Suomi-NPP;76,0;26,9;8,6;Nominal;D;0,44;0,39
2026-09-22 13:04;4,22086;-69,94778;VIIRS-Suomi-NPP;63,4;25,4;5,7;Baja;D;0,44;0,39
2026-09-22 13:04;4,219;-69,95977;VIIRS-Suomi-NPP;61,1;23,6;6,1;Nominal;D;0,45;0,39
2026-09-22 13:04;3,92285;-71,85984;VIIRS-Suomi-NPP;66,7;23,1;6,8;Nominal;D;0,57;0,43
2026-09-22 13:04;3,92205;-71,86494;VIIRS-Suomi-NPP;63,2;22,6;6,8;Baja;D;0,57;0,43
2026-09-22 13:04;4,22749;-69,92837;VIIRS-Suomi-NPP;61,1;24,1;7,2;Baja;D;0,44;0,39
2026-09-22 13:04;4,22687;-69,93236;VIIRS-Suomi-NPP;65,9;29,3;10,5;Nominal;D;0,44;0,39
2026-09-22 13:04;4,22502;-69,94434;VIIRS-Suomi-NPP;76,9;28,7;9,5;Baja;D;0,44;0,39
2026-09-22 13:04;4,2244;-69,94833;VIIRS-Suomi-NPP;82,3;24,0;9,1;Nominal;D;0,44;0,39
2026-09-22 13:04;4,22379;-69,95232;VIIRS-Suomi-NPP;65,7;24,7;9,1;Baja;D;0,44;0,39
2026-09-22 13:04;4,22317;-69,95631;VIIRS-Suomi-NPP;77,8;24,2;5,6;Nominal;D;0,44;0,39
2026-09-22 13:04;4,22255;-69,96032;VIIRS-Suomi-NPP;58,3;22,8;5,6;Baja;D;0,45;0,39
2026-09-22 13:04;4,22857;-69,9449;VIIRS-Suomi-NPP;59,9;24,8;9,5;Baja;D;0,44;0,39
2026-09-22 13:04;4,32596;-69,33701;VIIRS-Suomi-NPP;58,3;19,6;3,5;Baja;D;0,42;0,38
2026-09-22 13:04;4,32999;-69,33379;VIIRS-Suomi-NPP;68,5;22,2;7,1;Nominal;D;0,42;0,38
2026-09-22 13:04;4,32886;-69,33366;VIIRS-Suomi-NPP;74,9;22,2;7,4;Nominal;D;0,42;0,38
2026-09-22 13:04;4,32826;-69,33743;VIIRS-Suomi-NPP;61,4;21,3;3,4;Nominal;D;0,42;0,38
2026-09-22 13:04;3,92187;-71,85709;VIIRS-Suomi-NPP;56,9;22,5;6,5;Nominal;D;0,56;0,43
2026-09-22 13:04;3,92104;-71,86218;VIIRS-Suomi-NPP;68,6;23,2;6,5;Nominal;D;0,57;0,43
2026-09-22 13:04;3,9202;-71,86726;VIIRS-Suomi-NPP;66,3;23,2;9,0;Nominal;D;0,57;0,43
2026-09-22 13:04;4,11547;-70,80953;VIIRS-Suomi-NPP;72,4;25,0;11,6;Nominal;D;0,49;0,4
2026-09-22 13:04;4,04258;-71,28667;VIIRS-Suomi-NPP;74,0;24,3;6,7;Nominal;D;0,52;0,42
2026-09-22 13:04;4,12008;-70,82831;VIIRS-Suomi-NPP;57,3;25,2;5,6;Nominal;D;0,49;0,4
2026-09-22 13:04;4,27049;-69,90621;VIIRS-Suomi-NPP;74,6;28,2;35,6;Nominal;D;0,44;0,39
2026-09-22 13:04;4,12591;-70,81568;VIIRS-Suomi-NPP;60,0;24,3;10,0;Baja;D;0,49;0,4
2026-09-22 13:04;4,12379;-70,8289;VIIRS-Suomi-NPP;61,3;25,2;5,6;Nominal;D;0,49;0,4
2026-09-22 13:04;3,85893;-72,47042;VIIRS-Suomi-NPP;68,0;23,7;5,3;Nominal;D;0,41;0,45
2026-09-22 13:04;4,27465;-69,90279;VIIRS-Suomi-NPP;93,9;27,6;9,4;Alta;D;0,44;0,38
2026-09-22 13:04;4,27528;-69,89883;VIIRS-Suomi-NPP;75,3;27,7;9,4;Nominal;D;0,44;0,38
2026-09-22 13:04;4,12751;-70,82949;VIIRS-Suomi-NPP;57,4;26,1;8,2;Baja;D;0,49;0,4
2026-09-22 13:04;3,86306;-72,47108;VIIRS-Suomi-NPP;67,1;23,8;5,1;Nominal;D;0,41;0,45
2026-09-22 13:04;3,86246;-72,47476;VIIRS-Suomi-NPP;63,8;19,7;1,2;Nominal;D;0,41;0,45
2026-09-22 13:04;4,14118;-70,86336;VIIRS-Suomi-NPP;63,6;23,4;9,0;Baja;D;0,49;0,4
2026-09-22 13:04;4,01787;-71,81524;VIIRS-Suomi-NPP;69,8;23,8;12,7;Nominal;D;0,56;0,43
2026-09-22 13:04;4,50617;-68,71319;VIIRS-Suomi-NPP;72,7;27,2;12,1;Nominal;D;0,4;0,37
2026-09-22 13:04;4,50561;-68,71678;VIIRS-Suomi-NPP;66,0;29,6;6,5;Baja;D;0,4;0,37
2026-09-22 13:04;4,50505;-68,72039;VIIRS-Suomi-NPP;61,0;22,1;6,5;Baja;D;0,4;0,37
2026-09-22 13:04;4,50899;-68,7173;VIIRS-Suomi-NPP;65,6;28,3;9,3;Baja;D;0,4;0,37
2026-09-22 13:04;4,34622;-69,7687;VIIRS-Suomi-NPP;60,3;28,0;9,7;Baja;D;0,44;0,38
2026-09-22 13:04;4,51237;-68,71783;VIIRS-Suomi-NPP;79,6;27,4;9,3;Nominal;D;0,4;0,37
2026-09-22 13:04;4,51182;-68,72144;VIIRS-Suomi-NPP;81,2;29,7;9,3;Nominal;D;0,4;0,37
2026-09-22 13:04;4,51126;-68,72504;VIIRS-Suomi-NPP;73,8;28,1;9,9;Baja;D;0,4;0,37
2026-09-22 13:04;4,50458;-68,76834;VIIRS-Suomi-NPP;82,5;26,0;7,3;Nominal;D;0,4;0,37
2026-09-22 13:04;4,50403;-68,77194;VIIRS-Suomi-NPP;61,6;22,7;7,3;Nominal;D;0,4;0,37
2026-09-22 13:04;4,34608;-69,79279;VIIRS-Suomi-NPP;62,4;27,1;8,3;Nominal;D;0,44;0,38
2026-09-22 13:04;4,5152;-68,72196;VIIRS-Suomi-NPP;66,3;27,5;7,3;Baja;D;0,4;0,37
2026-09-22 13:04;4,50741;-68,77248;VIIRS-Suomi-NPP;70,8;25,9;15,3;Nominal;D;0,4;0,37
2026-09-22 13:04;4,36341;-69,72742;VIIRS-Suomi-NPP;60,2;27,3;5,2;Baja;D;0,43;0,38
2026-09-22 13:04;4,75562;-71,05657;VIIRS-Suomi-NPP;58,9;24,1;7,4;Baja;D;0,5;0,41
2026-09-22 13:04;4,98257;-69,87434;VIIRS-Suomi-NPP;59,6;27,0;4,6;Baja;D;0,43;0,38
2026-09-22 13:04;4,50223;-72,92287;VIIRS-Suomi-NPP;67,4;23,1;3,8;Nominal;D;0,43;0,46
2026-09-22 13:04;4,98668;-69,87099;VIIRS-Suomi-NPP;58,2;26,8;4,0;Nominal;D;0,43;0,38
2026-09-22 13:04;4,8737;-70,80358;VIIRS-Suomi-NPP;58,4;23,2;6,0;Baja;D;0,48;0,4
2026-09-22 13:04;4,87737;-70,80417;VIIRS-Suomi-NPP;59,3;23,4;6,0;Baja;D;0,48;0,4
2026-09-22 13:04;4,88105;-70,80474;VIIRS-Suomi-NPP;61,5;22,9;5,8;Baja;D;0,48;0,4
2026-09-22 13:04;5,12422;-69,45309;VIIRS-Suomi-NPP;64,8;25,4;3,8;Nominal;D;0,42;0,37
2026-09-22 13:04;5,12363;-69,45683;VIIRS-Suomi-NPP;66,7;25,5;3,8;Nominal;D;0,42;0,37
2026-09-22 13:04;4,97358;-70,57533;VIIRS-Suomi-NPP;83,6;27,5;42,2;Baja;D;0,47;0,39
2026-09-22 13:04;4,97292;-70,57952;VIIRS-Suomi-NPP;81,5;29,5;41,9;Nominal;D;0,47;0,39
2026-09-22 13:04;4,97655;-70,58009;VIIRS-Suomi-NPP;64,3;25,0;18,7;Nominal;D;0,47;0,39
2026-09-22 13:04;4,97589;-70,58428;VIIRS-Suomi-NPP;82,4;29,5;18,7;Nominal;D;0,47;0,39
2026-09-22 13:04;4,97524;-70,58849;VIIRS-Suomi-NPP;76,4;25,8;15,4;Nominal;D;0,47;0,39
2026-09-22 13:04;4,97952;-70,58485;VIIRS-Suomi-NPP;67,0;23,4;18,7;Nominal;D;0,47;0,39
2026-09-22 13:04;4,97887;-70,58906;VIIRS-Suomi-NPP;68,5;23,6;15,4;Nominal;D;0,47;0,39
2026-09-22 13:04;5,20579;-69,17675;VIIRS-Suomi-NPP;62,6;26,8;5,0;Baja;D;0,41;0,37
2026-09-22 13:04;5,20523;-69,18043;VIIRS-Suomi-NPP;63,7;28,6;5,0;Baja;D;0,41;0,37
2026-09-22 13:04;5,02402;-70,37094;VIIRS-Suomi-NPP;69,8;24,9;7,7;Nominal;D;0,46;0,39
2026-09-22 13:04;5,02338;-70,37504;VIIRS-Suomi-NPP;68,1;24,1;3,9;Nominal;D;0,46;0,39
2026-09-22 13:04;5,21489;-69,18568;VIIRS-Suomi-NPP;57,0;27,6;4,9;Baja;D;0,41;0,37
2026-09-22 13:04;5,18201;-69,75381;VIIRS-Suomi-NPP;60,0;22,6;4,3;Nominal;D;0,43;0,38
2026-09-22 13:04;5,18549;-69,75435;VIIRS-Suomi-NPP;64,2;21,6;3,9;Baja;D;0,43;0,38
2026-09-22 13:04;5,18897;-69,75488;VIIRS-Suomi-NPP;60,8;22,8;3,9;Baja;D;0,43;0,38
2026-09-22 13:04;5,23618;-69,54383;VIIRS-Suomi-NPP;65,8;26,3;5,9;Baja;D;0,42;0,38
2026-09-22 13:04;4,97215;-71,3708;VIIRS-Suomi-NPP;63,5;24,7;5,9;Nominal;D;0,51;0,41
2026-09-22 13:04;5,22209;-70,23085;VIIRS-Suomi-NPP;60,0;25,4;6,0;Nominal;D;0,45;0,39
2026-09-22 13:04;5,25808;-70,45651;VIIRS-Suomi-NPP;58,6;23,4;7,9;Baja;D;0,46;0,39
2026-09-22 13:04;5,27962;-70,36769;VIIRS-Suomi-NPP;61,3;23,6;2,9;Baja;D;0,45;0,39
2026-09-22 13:04;5,28384;-70,36419;VIIRS-Suomi-NPP;61,7;24,9;11,6;Baja;D;0,45;0,39
2026-09-22 13:04;5,2832;-70,36825;VIIRS-Suomi-NPP;76,1;28,2;11,6;Nominal;D;0,45;0,39
2026-09-22 13:04;5,28742;-70,36475;VIIRS-Suomi-NPP;66,3;27,2;11,6;Baja;D;0,45;0,39
2026-09-22 13:04;5,47979;-69,94621;VIIRS-Suomi-NPP;71,7;29,2;22,5;Nominal;D;0,43;0,38
2026-09-22 13:04;5,4839;-69,94287;VIIRS-Suomi-NPP;58,0;26,4;9,2;Baja;D;0,43;0,38
2026-09-22 13:04;5,50842;-70,03875;VIIRS-Suomi-NPP;61,9;23,7;2,4;Baja;D;0,44;0,38
2026-09-22 13:04;5,60081;-69,59678;VIIRS-Suomi-NPP;57,2;24,0;2,9;Baja;D;0,42;0,38
2026-09-22 13:04;5,51224;-70,22131;VIIRS-Suomi-NPP;61,2;28,1;4,1;Baja;D;0,44;0,39
2026-09-22 13:04;5,6202;-69,63071;VIIRS-Suomi-NPP;61,7;24,1;4,2;Nominal;D;0,42;0,38
2026-09-22 13:04;5,6196;-69,63448;VIIRS-Suomi-NPP;60,3;23,1;4,2;Nominal;D;0,42;0,38
2026-09-22 13:04;5,62187;-69,64257;VIIRS-Suomi-NPP;60,3;25,4;5,0;Nominal;D;0,42;0,38
2026-09-22 13:04;5,62532;-69,6431;VIIRS-Suomi-NPP;75,8;24,7;5,0;Nominal;D;0,42;0,38
2026-09-22 13:04;5,47933;-70,82372;VIIRS-Suomi-NPP;61,0;25,5;5,6;Baja;D;0,47;0,4
2026-09-22 13:04;5,47866;-70,82797;VIIRS-Suomi-NPP;63,0;25,6;7,3;Baja;D;0,47;0,4
2026-09-22 13:04;5,48298;-70,8243;VIIRS-Suomi-NPP;64,0;25,7;5,6;Nominal;D;0,47;0,4
2026-09-22 13:04;5,49825;-70,82234;VIIRS-Suomi-NPP;58,5;26,3;6,6;Baja;D;0,47;0,4
2026-09-22 13:04;6,02261;-67,45167;VIIRS-Suomi-NPP;69,1;31,6;10,7;Nominal;D;0,38;0,36
2026-09-22 13:04;5,52729;-70,68415;VIIRS-Suomi-NPP;60,2;22,4;4,0;Nominal;D;0,47;0,39
2026-09-22 13:04;5,84935;-68,63729;VIIRS-Suomi-NPP;66,6;27,5;3,3;Nominal;D;0,39;0,36
2026-09-22 13:04;5,9892;-67,75535;VIIRS-Suomi-NPP;59,4;28,3;27,7;Nominal;D;0,38;0,36
2026-09-22 13:04;5,98867;-67,75881;VIIRS-Suomi-NPP;68,2;39,4;50,2;Baja;D;0,38;0,36
2026-09-22 13:04;5,52767;-70,68359;VIIRS-Suomi-NPP;60,9;22,2;5,2;Baja;D;0,46;0,39
2026-09-22 13:04;5,99251;-67,75585;VIIRS-Suomi-NPP;77,7;36,8;27,7;Nominal;D;0,38;0,36
2026-09-22 13:04;5,99198;-67,75932;VIIRS-Suomi-NPP;77,5;30,4;50,2;Nominal;D;0,38;0,36
2026-09-22 13:04;5,99636;-67,7529;VIIRS-Suomi-NPP;64,7;31,5;5,0;Nominal;D;0,38;0,36
2026-09-22 13:04;5,99583;-67,75636;VIIRS-Suomi-NPP;64,5;32,2;5,0;Nominal;D;0,38;0,36
2026-09-22 13:04;5,9953;-67,75982;VIIRS-Suomi-NPP;61,7;29,7;2,7;Nominal;D;0,38;0,36
2026-09-22 13:04;5,99914;-67,75687;VIIRS-Suomi-NPP;67,2;30,7;5,0;Nominal;D;0,38;0,36
2026-09-22 13:04;5,98161;-67,87106;VIIRS-Suomi-NPP;59,9;27,6;;Nominal;D;0,38;0,36
2026-09-22 13:04;5,64955;-69,99255;VIIRS-Suomi-NPP;75,4;25,4;10,1;Baja;D;0,43;0,38
2026-09-22 13:04;5,64893;-69,99644;VIIRS-Suomi-NPP;65,0;24,4;19,1;Baja;D;0,43;0,38
2026-09-22 13:04;5,53988;-70,67695;VIIRS-Suomi-NPP;57,1;24,0;4,6;Baja;D;0,46;0,39
2026-09-22 13:04;5,53853;-70,68531;VIIRS-Suomi-NPP;64,6;24,6;8,0;Baja;D;0,46;0,39
2026-09-22 13:04;6,00352;-67,75046;VIIRS-Suomi-NPP;57,1;31,0;1,6;Baja;D;0,38;0,36
2026-09-22 13:04;5,98546;-67,8681;VIIRS-Suomi-NPP;66,7;29,8;4,8;Nominal;D;0,38;0,36
2026-09-22 13:04;5,98492;-67,87157;VIIRS-Suomi-NPP;60,4;27,3;1,9;Nominal;D;0,38;0,36
2026-09-22 13:04;5,86499;-68,64694;VIIRS-Suomi-NPP;74,1;28,3;4,5;Nominal;D;0,39;0,36
2026-09-22 13:04;6,00948;-67,73367;VIIRS-Suomi-NPP;61,1;28,7;2,1;Nominal;D;0,38;0,36
2026-09-22 13:04;6,00895;-67,73713;VIIRS-Suomi-NPP;58,0;27,5;2,1;Nominal;D;0,38;0,36
2026-09-22 13:04;5,9893;-67,86516;VIIRS-Suomi-NPP;74,1;30,8;4,8;Nominal;D;0,38;0,36
2026-09-22 13:04;5,73844;-69,47661;VIIRS-Suomi-NPP;62,1;26,5;5,7;Baja;D;0,41;0,37
2026-09-22 13:04;5,68701;-69,98249;VIIRS-Suomi-NPP;59,0;22,7;3,7;Baja;D;0,43;0,38
2026-09-22 13:04;5,65769;-70,19106;VIIRS-Suomi-NPP;74,0;25,7;11,9;Baja;D;0,44;0,38
2026-09-22 13:04;5,8038;-69,77218;VIIRS-Suomi-NPP;61,0;26,1;4,5;Baja;D;0,42;0,38
2026-09-22 13:04;5,8032;-69,77599;VIIRS-Suomi-NPP;62,5;25,4;2,5;Baja;D;0,42;0,38
2026-09-22 13:04;5,8026;-69,77979;VIIRS-Suomi-NPP;59,4;24,5;2,5;Nominal;D;0,42;0,38
2026-09-22 13:04;5,80787;-69,76892;VIIRS-Suomi-NPP;68,4;27,1;4,5;Baja;D;0,42;0,38
2026-09-22 13:04;5,81133;-69,76946;VIIRS-Suomi-NPP;62,5;27,3;3,3;Baja;D;0,42;0,38
2026-09-22 13:04;5,8142;-69,77381;VIIRS-Suomi-NPP;62,2;25,6;3,3;Baja;D;0,42;0,38
2026-09-22 13:04;1,72411;-76,0919;VIIRS-Suomi-NPP;75,3;14,9;5,5;Nominal;D;0,39;0,59
2026-09-22 13:04;1,94147;-74,94376;VIIRS-Suomi-NPP;56,9;20,7;5,3;Nominal;D;0,32;0,55
2026-09-22 13:04;1,94099;-74,94669;VIIRS-Suomi-NPP;74,4;21,4;5,5;Nominal;D;0,32;0,55
2026-09-22 13:04;2,52842;-72,19985;VIIRS-Suomi-NPP;65,4;21,7;5,0;Nominal;D;0,41;0,45
2026-09-22 13:04;2,52963;-72,3819;VIIRS-Suomi-NPP;65,4;21,8;2,9;Nominal;D;0,43;0,46
2026-09-22 13:04;2,69532;-72,06795;VIIRS-Suomi-NPP;63,5;22,0;3,5;Nominal;D;0,4;0,45
2026-09-22 13:04;2,69941;-72,0686;VIIRS-Suomi-NPP;73,1;24,4;5,7;Nominal;D;0,4;0,45
2026-09-22 13:04;5,8136;-69,77762;VIIRS-Suomi-NPP;61,1;23,9;2,6;Baja;D;0,42;0,38
2026-09-22 13:04;5,81826;-69,77055;VIIRS-Suomi-NPP;71,2;26,1;5,1;Nominal;D;0,42;0,38
2026-09-22 13:04;5,75985;-70,53287;VIIRS-Suomi-NPP;60,4;21,9;5,3;Nominal;D;0,46;0,39
2026-09-22 13:04;5,76574;-70,5422;VIIRS-Suomi-NPP;64,2;23,6;4,6;Baja;D;0,46;0,39
2026-09-22 13:04;5,17784;-74,39532;VIIRS-Suomi-NPP;60,4;16,1;4,6;Nominal;D;0,53;0,5
2026-09-22 13:04;5,83673;-70,89803;VIIRS-Suomi-NPP;58,6;20,1;4,1;Baja;D;0,47;0,4
2026-09-22 13:04;6,02393;-69,88441;VIIRS-Suomi-NPP;71,3;26,8;9,5;Baja;D;0,43;0,38
2026-09-22 13:04;5,96496;-70,30302;VIIRS-Suomi-NPP;65,4;24,0;9,5;Baja;D;0,44;0,39
2026-09-22 13:04;6,04955;-70,11027;VIIRS-Suomi-NPP;57,7;25,9;4,3;Baja;D;0,43;0,38
2026-09-22 13:04;6,10907;-70,05186;VIIRS-Suomi-NPP;74,4;25,8;7,6;Nominal;D;0,43;0,38
2026-09-22 13:04;6,21076;-69,76585;VIIRS-Suomi-NPP;60,9;24,3;7,5;Nominal;D;0,42;0,38
2026-09-22 13:04;6,21018;-69,76963;VIIRS-Suomi-NPP;57,5;25,3;6,7;Nominal;D;0,42;0,38
2026-09-22 13:04;6,15832;-70,10342;VIIRS-Suomi-NPP;68,3;23,8;4,0;Nominal;D;0,43;0,38
2026-09-22 13:04;6,20907;-69,7695;VIIRS-Suomi-NPP;60,2;25,0;3,8;Baja;D;0,42;0,38
2026-09-22 13:04;6,21433;-69,75871;VIIRS-Suomi-NPP;62,3;24,8;3,8;Nominal;D;0,42;0,38
2026-09-22 13:04;6,21373;-69,76249;VIIRS-Suomi-NPP;72,1;24,3;6,8;Nominal;D;0,42;0,38
2026-09-22 13:04;6,21313;-69,76627;VIIRS-Suomi-NPP;66,5;23,6;6,8;Nominal;D;0,42;0,38
2026-09-22 13:04;6,21252;-69,77004;VIIRS-Suomi-NPP;59,5;23,2;3,8;Baja;D;0,42;0,38
2026-09-22 13:04;6,15924;-70,10339;VIIRS-Suomi-NPP;68,3;23,4;4,6;Nominal;D;0,43;0,38
2026-09-22 13:04;6,22359;-69,92371;VIIRS-Suomi-NPP;62,1;20,9;6,9;Baja;D;0,42;0,38
2026-09-22 13:04;6,22299;-69,92754;VIIRS-Suomi-NPP;70,5;21,2;22,9;Nominal;D;0,43;0,38
2026-09-22 13:04;6,28622;-69,61621;VIIRS-Suomi-NPP;66,8;25,3;5,9;Nominal;D;0,41;0,37
2026-09-22 13:06;10,24931;-73,3648;VIIRS-Suomi-NPP;66,5;26,5;11,2;Nominal;D;0,57;0,43
2026-09-22 13:06;10,01036;-74,11206;VIIRS-Suomi-NPP;59,5;22,0;3,0;Nominal;D;0,42;0,45
2026-09-22 13:06;10,00619;-74,11134;VIIRS-Suomi-NPP;68,3;21,1;2,9;Nominal;D;0,42;0,45
2026-09-22 13:06;10,07859;-73,371;VIIRS-Suomi-NPP;61,6;27,5;7,6;Nominal;D;0,57;0,43
2026-09-22 13:06;10,05356;-73,28976;VIIRS-Suomi-NPP;74,4;27,3;9,2;Nominal;D;0,56;0,43
2026-09-22 13:06;10,04961;-73,28909;VIIRS-Suomi-NPP;74,4;26,5;9,2;Nominal;D;0,56;0,43
2026-09-22 13:06;10,45641;-75,07995;VIIRS-Suomi-NPP;70,0;18,9;8,6;Nominal;D;0,48;0,48
2026-09-22 15:00;6,14818;-70,11099;MODIS-Aqua;42,4;22,8;16,1;65 %;D;1,7;1,28
2026-09-22 15:00;6,02991;-70,13264;MODIS-Aqua;43,2;24,3;15,5;67 %;D;1,72;1,29
2026-09-22 15:00;6,7578;-73,784;MODIS-Aqua;39,0;18,5;31,1;66 %;D;3,28;1,71
2026-09-22 15:00;6,0299;-70,12579;MODIS-Aqua;41,3;24,2;11,2;63 %;D;1,72;1,29
2026-09-22 15:00;5,96569;-69,44833;MODIS-Aqua;43,8;24,6;14,3;65 %;D;1,53;1,22
2026-09-22 15:00;6,1614;-67,97907;MODIS-Aqua;49,4;26,5;17,1;74 %;D;1,21;1,1
2026-09-22 15:00;6,16299;-67,96852;MODIS-Aqua;50,2;26,5;18,2;75 %;D;1,21;1,09
2026-09-22 15:00;6,66556;-70,19992;MODIS-Aqua;41,5;22,6;13,3;64 %;D;1,69;1,28
2026-09-22 15:00;5,9619;-68,88308;MODIS-Aqua;42,9;26,2;10,7;62 %;D;1,39;1,17
2026-09-22 15:00;5,80863;-69,78107;MODIS-Aqua;42,3;25,4;12,2;56 %;D;1,63;1,26
2026-09-22 15:00;5,85498;-68,64697;MODIS-Aqua;47,1;25,2;15,6;70 %;D;1,35;1,15
2026-09-22 15:00;5,98879;-67,76912;MODIS-Aqua;43,8;27,7;6,6;25 %;D;1,19;1,08
2026-09-22 15:00;5,99036;-67,75881;MODIS-Aqua;45,5;28,8;8,4;42 %;D;1,19;1,08
2026-09-22 15:00;5,84676;-68,63371;MODIS-Aqua;42,9;26,7;8,9;38 %;D;1,35;1,15
2026-09-22 15:00;6,66579;-70,19462;MODIS-Aqua;39,3;22,7;9,0;57 %;D;1,69;1,28
2026-09-22 15:00;5,97935;-67,76765;MODIS-Aqua;44,9;27,3;8,1;30 %;D;1,19;1,08
2026-09-22 15:00;4,90931;-68,58479;MODIS-Aqua;50,7;26,9;21,1;77 %;D;1,38;1,16
2026-09-22 15:00;5,60463;-69,60293;MODIS-Aqua;42,6;24,7;12,4;61 %;D;1,59;1,24
2026-09-22 15:00;4,28169;-72,27401;MODIS-Aqua;40,1;23,5;20,6;60 %;D;2,75;1,59
2026-09-22 15:00;5,66041;-69,17545;MODIS-Aqua;40,2;23,8;8,7;36 %;D;1,48;1,2
2026-09-22 15:00;4,27607;-72,26794;MODIS-Aqua;40,4;23,2;23,2;61 %;D;2,75;1,59
2026-09-22 15:00;4,57692;-69,53176;MODIS-Aqua;42,3;24,9;13,7;64 %;D;1,64;1,26
2026-09-22 15:00;4,75976;-68,35636;MODIS-Aqua;41,8;27,2;7,8;61 %;D;1,34;1,15
2026-09-22 15:00;4,57486;-69,47366;MODIS-Aqua;50,7;25,5;29,6;77 %;D;1,62;1,25
2026-09-22 15:00;4,5395;-69,55517;MODIS-Aqua;42,9;24,6;13,9;65 %;D;1,65;1,26
2026-09-22 15:00;4,69304;-68,46046;MODIS-Aqua;48,6;27,4;17,5;75 %;D;1,36;1,16
2026-09-22 15:00;4,5424;-68,70268;MODIS-Aqua;44,5;27,1;12,1;71 %;D;1,42;1,18
2026-09-22 15:00;4,50576;-68,7351;MODIS-Aqua;46,2;26,2;14,5;66 %;D;1,43;1,18
2026-09-22 15:00;4,50769;-68,72268;MODIS-Aqua;47,4;26,7;17,4;75 %;D;1,43;1,18
2026-09-22 15:00;5,25071;-70,45427;MODIS-Aqua;36,1;20,4;10,0;37 %;D;1,88;1,34
2026-09-22 15:00;4,49155;-68,75839;MODIS-Aqua;54,7;25,8;28,8;79 %;D;1,44;1,19
2026-09-22 15:00;5,26742;-70,2766;MODIS-Aqua;48,2;22,8;31,9;74 %;D;1,82;1,32
2026-09-22 15:00;5,32141;-69,56754;MODIS-Aqua;41,2;23,8;13,5;45 %;D;1,6;1,25
2026-09-22 15:00;5,31057;-69,56583;MODIS-Aqua;68,9;25,1;81,5;91 %;D;1,6;1,25
2026-09-22 15:00;5,12134;-69,45361;MODIS-Aqua;42,1;24,0;12,5;59 %;D;1,58;1,24
2026-09-22 15:00;5,07349;-69,45456;MODIS-Aqua;46,6;25,6;17,4;71 %;D;1,58;1,24
2026-09-22 15:00;5,06271;-69,45284;MODIS-Aqua;47,6;25,3;19,7;72 %;D;1,58;1,24
2026-09-22 15:00;4,48342;-68,76455;MODIS-Aqua;40,9;22,9;10,0;65 %;D;1,44;1,19
2026-09-22 15:00;4,91943;-68,58638;MODIS-Aqua;45,7;26,8;12,0;16 %;D;1,38;1,16
2026-09-22 15:00;4,90745;-68,59677;MODIS-Aqua;48,7;28,3;17,4;69 %;D;1,38;1,16
2026-09-22 15:00;4,4853;-68,75206;MODIS-Aqua;48,6;24,5;21,9;77 %;D;1,44;1,19
2026-09-22 15:00;3,74922;-71,93378;MODIS-Aqua;42,9;20,9;31,1;70 %;D;2,64;1,56
2026-09-22 15:00;3,90819;-70,84957;MODIS-Aqua;42,0;22,5;23,3;58 %;D;2,14;1,42
2026-09-22 15:00;3,47549;-71,68384;MODIS-Aqua;38,7;20,8;18,9;30 %;D;2,55;1,54
2026-09-22 15:00;2,6844;-72,08599;MODIS-Aqua;33,0;18,1;18,9;26 %;D;2,84;1,61
2026-09-22 15:00;2,6883;-72,06161;MODIS-Aqua;35,2;19,1;25,0;47 %;D;2,83;1,61
2026-09-22 15:00;2,69399;-72,08251;MODIS-Aqua;35,3;18,5;22,6;45 %;D;2,84;1,61
