hotspot_id,fecha_hora_col,fecha_hora_utc,fecha_local,latitud,longitud,fuente,satelite,sensor,temperatura_c,temperatura_alt_c,frp_mw,confianza,captura,scan_km,track_km,escenario_a,escenario_b,fuente_archivo,fecha_descarga_utc
34c0913d6dd64fe1dfae97ab,2026-09-01T01:16-05:00,2026-09-01T06:16:00Z,2026-09-01,7.89632,-72.59489,VIIRS-NOAA-21,NOAA-21,VIIRS,30.4,0.9,,Nominal,N,0.39,0.36,true,true,Puntos_de_calor_Colombia_2026-09-01.csv,2026-09-04T04:39:22Z
9a7c8a3fb12bf4132ad06600,2026-09-01T01:16-05:00,2026-09-01T06:16:00Z,2026-09-01,7.89246,-72.5919,VIIRS-NOAA-21,NOAA-21,VIIRS,30.9,3.3,,Nominal,N,0.39,0.36,true,true,Puntos_de_calor_Colombia_2026-09-01.csv,2026-09-04T04:39:22Z
a4767864625a056270ff1fe6,2026-09-01T01:16-05:00,2026-09-01T06:16:00Z,2026-09-01,8.03252,-72.41918,VIIRS-NOAA-21,NOAA-21,VIIRS,33.2,-2.9,,Nominal,N,0.39,0.36,true,true,Puntos_de_calor_Colombia_2026-09-01.csv,2026-09-04T04:39:22Z
c4f9683b54e01364fbb8b450,2026-09-01T01:16-05:00,2026-09-01T06:16:00Z,2026-09-01,7.9516,-72.48956,VIIRS-NOAA-21,NOAA-21,VIIRS,27,-13.4,,Nominal,N,0.39,0.36,true,true,Puntos_de_calor_Colombia_2026-09-01.csv,2026-09-04T04:39:22Z
218fa46773f1dbec5a8ea041,2026-09-01T01:18-05:00,2026-09-01T06:18:00Z,2026-09-01,5.77329,-72.87791,VIIRS-NOAA-21,NOAA-21,VIIRS,56,11.2,2.2,Nominal,N,0.39,0.36,true,true,Puntos_de_calor_Colombia_2026-09-01.csv,2026-09-04T04:39:22Z
385e2c1e5503dbe2697d9037,2026-09-01T01:18-05:00,2026-09-01T06:18:00Z,2026-09-01,5.4424,-72.45365,VIIRS-NOAA-21,NOAA-21,VIIRS,29,11.8,,Nominal,N,0.38,0.36,true,true,Puntos_de_calor_Colombia_2026-09-01.csv,2026-09-04T04:39:22Z
4726af1677fa285128d4a2be,2026-09-01T01:18-05:00,2026-09-01T06:18:00Z,2026-09-01,2.43414,-76.90021,VIIRS-NOAA-21,NOAA-21,VIIRS,42.5,11.8,2.5,Nominal,N,0.51,0.41,true,true,Puntos_de_calor_Colombia_2026-09-01.csv,2026-09-04T04:39:22Z
6458e150b4f1ecc08f307fff,2026-09-01T01:18-05:00,2026-09-01T06:18:00Z,2026-09-01,6.02357,-72.64747,VIIRS-NOAA-21,NOAA-21,VIIRS,22.9,9.6,,Nominal,N,0.39,0.36,true,true,Puntos_de_calor_Colombia_2026-09-01.csv,2026-09-04T04:39:22Z
ab079236446506f0a2520fb9,2026-09-01T01:18-05:00,2026-09-01T06:18:00Z,2026-09-01,5.77275,-72.87444,VIIRS-NOAA-21,NOAA-21,VIIRS,34.6,11.7,2.2,Nominal,N,0.39,0.36,true,true,Puntos_de_calor_Colombia_2026-09-01.csv,2026-09-04T04:39:22Z
bd644cb9d3d2cd57f81596e9,2026-09-01T01:18-05:00,2026-09-01T06:18:00Z,2026-09-01,6.02517,-72.65775,VIIRS-NOAA-21,NOAA-21,VIIRS,26.5,8.4,,Nominal,N,0.39,0.36,true,true,Puntos_de_calor_Colombia_2026-09-01.csv,2026-09-04T04:39:22Z
ac140171424399642d3825d7,2026-09-01T01:20-05:00,2026-09-01T06:20:00Z,2026-09-01,1.56087,-77.22095,VIIRS-NOAA-21,NOAA-21,VIIRS,53.1,11,4.1,Nominal,N,0.52,0.41,true,true,Puntos_de_calor_Colombia_2026-09-01.csv,2026-09-04T04:39:22Z
6c4914fb2b021836708e4515,2026-09-01T01:54-05:00,2026-09-01T06:54:00Z,2026-09-01,3.56154,-76.49124,VIIRS-Suomi-NPP,Suomi-NPP,VIIRS,28.6,6.3,1.2,Nominal,N,0.43,0.38,true,false,Puntos_de_calor_Colombia_2026-09-01.csv,2026-09-04T04:39:22Z
7049cbd31b2933acfcc3c7c2,2026-09-01T01:54-05:00,2026-09-01T06:54:00Z,2026-09-01,5.74908,-72.91067,VIIRS-Suomi-NPP,Suomi-NPP,VIIRS,23,9.2,1.1,Nominal,N,0.43,0.46,true,false,Puntos_de_calor_Colombia_2026-09-01.csv,2026-09-04T04:39:22Z
7eff3823b61b5882cacc98cc,2026-09-01T01:54-05:00,2026-09-01T06:54:00Z,2026-09-01,5.7619,-72.93238,VIIRS-Suomi-NPP,Suomi-NPP,VIIRS,23.7,8.9,1.4,Nominal,N,0.42,0.46,true,false,Puntos_de_calor_Colombia_2026-09-01.csv,2026-09-04T04:39:22Z
aa8015111fe8e84a9b58d784,2026-09-01T01:54-05:00,2026-09-01T06:54:00Z,2026-09-01,5.77362,-72.87522,VIIRS-Suomi-NPP,Suomi-NPP,VIIRS,25.3,9.9,,Nominal,N,0.43,0.46,true,false,Puntos_de_calor_Colombia_2026-09-01.csv,2026-09-04T04:39:22Z
dbbcdf8c049013fce03ea5d6,2026-09-01T01:54-05:00,2026-09-01T06:54:00Z,2026-09-01,5.77427,-72.87907,VIIRS-Suomi-NPP,Suomi-NPP,VIIRS,27.7,9.5,,Nominal,N,0.43,0.46,true,false,Puntos_de_calor_Colombia_2026-09-01.csv,2026-09-04T04:39:22Z
05b73d485bbb3066e93877ac,2026-09-01T01:57-05:00,2026-09-01T06:57:00Z,2026-09-01,2.43313,-76.90212,VIIRS-Suomi-NPP,Suomi-NPP,VIIRS,45.2,11.3,2.3,Nominal,N,0.43,0.38,true,false,Puntos_de_calor_Colombia_2026-09-01.csv,2026-09-04T04:39:22Z
2b87f14c03febb4551857443,2026-09-01T01:57-05:00,2026-09-01T06:57:00Z,2026-09-01,1.56225,-77.21825,VIIRS-Suomi-NPP,Suomi-NPP,VIIRS,28.9,9.6,1,Nominal,N,0.42,0.38,true,false,Puntos_de_calor_Colombia_2026-09-01.csv,2026-09-04T04:39:22Z
6f505dafbbe3be79acca9cf2,2026-09-01T01:57-05:00,2026-09-01T06:57:00Z,2026-09-01,1.55882,-77.21905,VIIRS-Suomi-NPP,Suomi-NPP,VIIRS,56.5,10.2,4.1,Nominal,N,0.42,0.38,true,false,Puntos_de_calor_Colombia_2026-09-01.csv,2026-09-04T04:39:22Z
0353384d859733c658736f7c,2026-09-01T12:20-05:00,2026-09-01T17:20:00Z,2026-09-01,4.51606,-72.22287,VIIRS-NOAA-21,NOAA-21,VIIRS,59.3,14.1,8.9,Nominal,D,0.67,0.74,true,true,Puntos_de_calor_Colombia_2026-09-01.csv,2026-09-04T04:39:22Z
1857b02bf4cf6a2141043bb4,2026-09-01T12:20-05:00,2026-09-01T17:20:00Z,2026-09-01,2.75439,-72.10699,VIIRS-NOAA-21,NOAA-21,VIIRS,66.7,12.9,9.8,Nominal,D,0.7,0.75,true,true,Puntos_de_calor_Colombia_2026-09-01.csv,2026-09-04T04:39:22Z
1e621150cc8ce15b2e50ec73,2026-09-01T12:20-05:00,2026-09-01T17:20:00Z,2026-09-01,5.13194,-70.57489,VIIRS-NOAA-21,NOAA-21,VIIRS,58.2,7.7,5.2,Nominal,D,0.5,0.66,true,true,Puntos_de_calor_Colombia_2026-09-01.csv,2026-09-04T04:39:22Z
29348c13eb5f10c80e24cfcf,2026-09-01T12:20-05:00,2026-09-01T17:20:00Z,2026-09-01,0.67467,-70.23524,VIIRS-NOAA-21,NOAA-21,VIIRS,58.7,15.6,6.8,Nominal,D,0.56,0.69,true,true,Puntos_de_calor_Colombia_2026-09-01.csv,2026-09-04T04:39:22Z
5138d32a04beecf2c1c5cd02,2026-09-01T12:20-05:00,2026-09-01T17:20:00Z,2026-09-01,3.98234,-68.24944,VIIRS-NOAA-21,NOAA-21,VIIRS,54.4,9.9,2,Nominal,D,0.36,0.57,true,true,Puntos_de_calor_Colombia_2026-09-01.csv,2026-09-04T04:39:22Z
612e4590019e65fe4a0f8060,2026-09-01T12:20-05:00,2026-09-01T17:20:00Z,2026-09-01,5.1327,-70.57044,VIIRS-NOAA-21,NOAA-21,VIIRS,60.1,8.2,5.2,Nominal,D,0.5,0.66,true,true,Puntos_de_calor_Colombia_2026-09-01.csv,2026-09-04T04:39:22Z
64b2be5d8f47746108f44b9b,2026-09-01T12:20-05:00,2026-09-01T17:20:00Z,2026-09-01,2.75323,-72.10402,VIIRS-NOAA-21,NOAA-21,VIIRS,63.7,12.1,12,Nominal,D,0.71,0.75,true,true,Puntos_de_calor_Colombia_2026-09-01.csv,2026-09-04T04:39:22Z
6a10b9ba39754a058c819b76,2026-09-01T12:20-05:00,2026-09-01T17:20:00Z,2026-09-01,4.23129,-70.81921,VIIRS-NOAA-21,NOAA-21,VIIRS,60.3,13.9,8.2,Nominal,D,0.54,0.68,true,true,Puntos_de_calor_Colombia_2026-09-01.csv,2026-09-04T04:39:22Z
798958df6cdc062f74bba2ac,2026-09-01T12:20-05:00,2026-09-01T17:20:00Z,2026-09-01,5.14297,-68.04474,VIIRS-NOAA-21,NOAA-21,VIIRS,76.2,18.2,5.5,Nominal,D,0.33,0.56,true,true,Puntos_de_calor_Colombia_2026-09-01.csv,2026-09-04T04:39:22Z
a3207d6b8d95986377d3d3d2,2026-09-01T12:20-05:00,2026-09-01T17:20:00Z,2026-09-01,5.01207,-68.54868,VIIRS-NOAA-21,NOAA-21,VIIRS,61,15.6,6.7,Nominal,D,0.36,0.58,true,true,Puntos_de_calor_Colombia_2026-09-01.csv,2026-09-04T04:39:22Z
c5bf75d43fafd6a645de4c66,2026-09-01T12:20-05:00,2026-09-01T17:20:00Z,2026-09-01,5.14388,-68.04556,VIIRS-NOAA-21,NOAA-21,VIIRS,77.6,18.1,7,Nominal,D,0.33,0.56,true,true,Puntos_de_calor_Colombia_2026-09-01.csv,2026-09-04T04:39:22Z
c7624579a1950447278f4f8d,2026-09-01T12:20-05:00,2026-09-01T17:20:00Z,2026-09-01,4.76256,-70.04453,VIIRS-NOAA-21,NOAA-21,VIIRS,56.7,16.3,4.6,Nominal,D,0.47,0.64,true,true,Puntos_de_calor_Colombia_2026-09-01.csv,2026-09-04T04:39:22Z
e9b071d75dd3b23b43a6d399,2026-09-01T12:20-05:00,2026-09-01T17:20:00Z,2026-09-01,4.99454,-67.88906,VIIRS-NOAA-21,NOAA-21,VIIRS,57.2,13.7,2.9,Nominal,D,0.33,0.55,true,true,Puntos_de_calor_Colombia_2026-09-01.csv,2026-09-04T04:39:22Z
f119d0501e656c0148c17310,2026-09-01T12:20-05:00,2026-09-01T17:20:00Z,2026-09-01,4.23114,-70.81825,VIIRS-NOAA-21,NOAA-21,VIIRS,60.9,13.5,7,Nominal,D,0.54,0.68,true,true,Puntos_de_calor_Colombia_2026-09-01.csv,2026-09-04T04:39:22Z
0e3828f315ae343154ded287,2026-09-01T12:22-05:00,2026-09-01T17:22:00Z,2026-09-01,8.26514,-73.88277,VIIRS-NOAA-21,NOAA-21,VIIRS,61.6,11.7,16.4,Nominal,D,0.75,0.77,true,true,Puntos_de_calor_Colombia_2026-09-01.csv,2026-09-04T04:39:22Z
1ac6ed8f4b71dfd1edb8054e,2026-09-01T12:22-05:00,2026-09-01T17:22:00Z,2026-09-01,5.68197,-70.90672,VIIRS-NOAA-21,NOAA-21,VIIRS,58.4,10.1,6.7,Nominal,D,0.52,0.67,true,true,Puntos_de_calor_Colombia_2026-09-01.csv,2026-09-04T04:39:22Z
2f89f0765eacf9cf45b8ff66,2026-09-01T12:22-05:00,2026-09-01T17:22:00Z,2026-09-01,5.23376,-70.65887,VIIRS-NOAA-21,NOAA-21,VIIRS,54.8,12.5,12.1,Nominal,D,0.51,0.66,true,true,Puntos_de_calor_Colombia_2026-09-01.csv,2026-09-04T04:39:22Z
81b829898c77e1a863bd06b8,2026-09-01T12:22-05:00,2026-09-01T17:22:00Z,2026-09-01,5.23031,-70.66258,VIIRS-NOAA-21,NOAA-21,VIIRS,65.1,12.5,13.4,Nominal,D,0.51,0.66,true,true,Puntos_de_calor_Colombia_2026-09-01.csv,2026-09-04T04:39:22Z
86b2a44d37a6dd14cd73c9b2,2026-09-01T12:22-05:00,2026-09-01T17:22:00Z,2026-09-01,8.06469,-73.77602,VIIRS-NOAA-21,NOAA-21,VIIRS,53.7,10.9,8.5,Nominal,D,0.74,0.76,true,true,Puntos_de_calor_Colombia_2026-09-01.csv,2026-09-04T04:39:22Z
b25e3a1a30803ae3cf21f987,2026-09-01T12:22-05:00,2026-09-01T17:22:00Z,2026-09-01,11.13747,-72.83941,VIIRS-NOAA-21,NOAA-21,VIIRS,79.7,17.9,14.3,Nominal,D,0.56,0.69,true,true,Puntos_de_calor_Colombia_2026-09-01.csv,2026-09-04T04:39:22Z
c91bfdbb090fa74845f971d4,2026-09-01T12:22-05:00,2026-09-01T17:22:00Z,2026-09-01,8.06527,-73.77237,VIIRS-NOAA-21,NOAA-21,VIIRS,64.3,11.2,9.4,Nominal,D,0.74,0.76,true,true,Puntos_de_calor_Colombia_2026-09-01.csv,2026-09-04T04:39:22Z
caf0a5f3191e985f9d2e50e1,2026-09-01T12:22-05:00,2026-09-01T17:22:00Z,2026-09-01,10.86926,-73.20363,VIIRS-NOAA-21,NOAA-21,VIIRS,68.8,16.5,7.7,Nominal,D,0.6,0.71,true,true,Puntos_de_calor_Colombia_2026-09-01.csv,2026-09-04T04:39:22Z
e9c515713a1a43bd461e94df,2026-09-01T12:22-05:00,2026-09-01T17:22:00Z,2026-09-01,8.26639,-73.87651,VIIRS-NOAA-21,NOAA-21,VIIRS,66.3,12.3,16.8,Nominal,D,0.75,0.77,true,true,Puntos_de_calor_Colombia_2026-09-01.csv,2026-09-04T04:39:22Z
ebb67b98b010f5a7d5b5e3f4,2026-09-01T12:22-05:00,2026-09-01T17:22:00Z,2026-09-01,5.13505,-70.57355,VIIRS-NOAA-21,NOAA-21,VIIRS,63.9,8.6,6.5,Nominal,D,0.5,0.66,true,true,Puntos_de_calor_Colombia_2026-09-01.csv,2026-09-04T04:39:22Z
eda8072b0f8c19f360237079,2026-09-01T12:22-05:00,2026-09-01T17:22:00Z,2026-09-01,5.68802,-70.90771,VIIRS-NOAA-21,NOAA-21,VIIRS,67.8,10.5,13.1,Nominal,D,0.52,0.67,true,true,Puntos_de_calor_Colombia_2026-09-01.csv,2026-09-04T04:39:22Z
0e153c99b8f3ef6eb9ade824,2026-09-01T12:56-05:00,2026-09-01T17:56:00Z,2026-09-01,3.23781,-71.68943,VIIRS-Suomi-NPP,Suomi-NPP,VIIRS,66.9,21.4,6.3,Nominal,D,0.47,0.48,true,false,Puntos_de_calor_Colombia_2026-09-01.csv,2026-09-04T04:39:22Z
0eefe05da3931d69f466f355,2026-09-01T12:56-05:00,2026-09-01T17:56:00Z,2026-09-01,0.52073,-76.36427,VIIRS-Suomi-NPP,Suomi-NPP,VIIRS,93.9,18.6,14.7,Alta,D,0.54,0.68,true,false,Puntos_de_calor_Colombia_2026-09-01.csv,2026-09-04T04:39:22Z
17c10de2e83b9e5ab0a0b1fb,2026-09-01T12:56-05:00,2026-09-01T17:56:00Z,2026-09-01,0.7888,-70.32496,VIIRS-Suomi-NPP,Suomi-NPP,VIIRS,83.2,21.4,9.5,Nominal,D,0.41,0.45,true,false,Puntos_de_calor_Colombia_2026-09-01.csv,2026-09-04T04:39:22Z
17dd66aa4755b37eba07ce63,2026-09-01T12:56-05:00,2026-09-01T17:56:00Z,2026-09-01,0.85989,-76.04018,VIIRS-Suomi-NPP,Suomi-NPP,VIIRS,93.9,17.1,20.8,Alta,D,0.5,0.66,true,false,Puntos_de_calor_Colombia_2026-09-01.csv,2026-09-04T04:39:22Z
2cbd39548ad6825d69929b98,2026-09-01T12:56-05:00,2026-09-01T17:56:00Z,2026-09-01,4.07583,-70.94966,VIIRS-Suomi-NPP,Suomi-NPP,VIIRS,63.3,18.6,5.4,Nominal,D,0.41,0.45,true,false,Puntos_de_calor_Colombia_2026-09-01.csv,2026-09-04T04:39:22Z
3125a1c586c76557d7f71cac,2026-09-01T12:56-05:00,2026-09-01T17:56:00Z,2026-09-01,3.34128,-71.65771,VIIRS-Suomi-NPP,Suomi-NPP,VIIRS,60.5,21.1,3.1,Nominal,D,0.46,0.47,true,false,Puntos_de_calor_Colombia_2026-09-01.csv,2026-09-04T04:39:22Z
31e614c253edb1efed7f3922,2026-09-01T12:56-05:00,2026-09-01T17:56:00Z,2026-09-01,2.26497,-73.07597,VIIRS-Suomi-NPP,Suomi-NPP,VIIRS,60.7,18.4,5.2,Nominal,D,0.6,0.53,true,false,Puntos_de_calor_Colombia_2026-09-01.csv,2026-09-04T04:39:22Z
37cdb985744b16ba42dde93e,2026-09-01T12:56-05:00,2026-09-01T17:56:00Z,2026-09-01,1.90943,-75.09373,VIIRS-Suomi-NPP,Suomi-NPP,VIIRS,61.6,19.8,4.3,Nominal,D,0.42,0.61,true,false,Puntos_de_calor_Colombia_2026-09-01.csv,2026-09-04T04:39:22Z
3a2b796d72e506959f94c433,2026-09-01T12:56-05:00,2026-09-01T17:56:00Z,2026-09-01,3.95205,-70.97117,VIIRS-Suomi-NPP,Suomi-NPP,VIIRS,61.9,20.1,4.5,Nominal,D,0.41,0.45,true,false,Puntos_de_calor_Colombia_2026-09-01.csv,2026-09-04T04:39:22Z
3d85e107f979bd26322ccf70,2026-09-01T12:56-05:00,2026-09-01T17:56:00Z,2026-09-01,3.19396,-71.68269,VIIRS-Suomi-NPP,Suomi-NPP,VIIRS,56.4,20.2,3.9,Nominal,D,0.47,0.48,true,false,Puntos_de_calor_Colombia_2026-09-01.csv,2026-09-04T04:39:22Z
3fbf5d8c94e659b6070a58ca,2026-09-01T12:56-05:00,2026-09-01T17:56:00Z,2026-09-01,3.13973,-72.24805,VIIRS-Suomi-NPP,Suomi-NPP,VIIRS,61.9,20.4,10.6,Nominal,D,0.51,0.49,true,false,Puntos_de_calor_Colombia_2026-09-01.csv,2026-09-04T04:39:22Z
45cce28e341e5eb6855e69ce,2026-09-01T12:56-05:00,2026-09-01T17:56:00Z,2026-09-01,2.16447,-74.56487,VIIRS-Suomi-NPP,Suomi-NPP,VIIRS,63.4,18.4,3.5,Nominal,D,0.38,0.59,true,false,Puntos_de_calor_Colombia_2026-09-01.csv,2026-09-04T04:39:22Z
4bff5920ed559ccf593fa486,2026-09-01T12:56-05:00,2026-09-01T17:56:00Z,2026-09-01,4.09807,-70.86369,VIIRS-Suomi-NPP,Suomi-NPP,VIIRS,58.4,19.5,3.8,Nominal,D,0.4,0.44,true,false,Puntos_de_calor_Colombia_2026-09-01.csv,2026-09-04T04:39:22Z
4dd28275074ee27e700f82d4,2026-09-01T12:56-05:00,2026-09-01T17:56:00Z,2026-09-01,4.23011,-70.43544,VIIRS-Suomi-NPP,Suomi-NPP,VIIRS,61.9,19.7,5.5,Nominal,D,0.56,0.43,true,false,Puntos_de_calor_Colombia_2026-09-01.csv,2026-09-04T04:39:22Z
4f4d3e192a56b6979cf64174,2026-09-01T12:56-05:00,2026-09-01T17:56:00Z,2026-09-01,-0.24084,-74.71191,VIIRS-Suomi-NPP,Suomi-NPP,VIIRS,54.6,16.2,4.2,Nominal,D,0.42,0.61,true,false,Puntos_de_calor_Colombia_2026-09-01.csv,2026-09-04T04:39:22Z
54b5e5fc037787499d209bed,2026-09-01T12:56-05:00,2026-09-01T17:56:00Z,2026-09-01,1.43314,-77.1233,VIIRS-Suomi-NPP,Suomi-NPP,VIIRS,56,25.2,6.3,Nominal,D,0.59,0.7,true,false,Puntos_de_calor_Colombia_2026-09-01.csv,2026-09-04T04:39:22Z
5a54102e3226e549db0bc3b6,2026-09-01T12:56-05:00,2026-09-01T17:56:00Z,2026-09-01,3.89816,-72.73638,VIIRS-Suomi-NPP,Suomi-NPP,VIIRS,67.6,19.3,10.5,Nominal,D,0.54,0.51,true,false,Puntos_de_calor_Colombia_2026-09-01.csv,2026-09-04T04:39:22Z
6359a53595c6fed18dfb780b,2026-09-01T12:56-05:00,2026-09-01T17:56:00Z,2026-09-01,4.02476,-71.58009,VIIRS-Suomi-NPP,Suomi-NPP,VIIRS,59.3,21.3,2.8,Nominal,D,0.45,0.47,true,false,Puntos_de_calor_Colombia_2026-09-01.csv,2026-09-04T04:39:22Z
694c32b0eae48e9edb71e10e,2026-09-01T12:56-05:00,2026-09-01T17:56:00Z,2026-09-01,3.46863,-71.81386,VIIRS-Suomi-NPP,Suomi-NPP,VIIRS,60.5,20.2,4.2,Nominal,D,0.47,0.48,true,false,Puntos_de_calor_Colombia_2026-09-01.csv,2026-09-04T04:39:22Z
7745594edb95ac6f953a488a,2026-09-01T12:56-05:00,2026-09-01T17:56:00Z,2026-09-01,4.5538,-68.62985,VIIRS-Suomi-NPP,Suomi-NPP,VIIRS,59.3,17.5,3.9,Nominal,D,0.45,0.39,true,false,Puntos_de_calor_Colombia_2026-09-01.csv,2026-09-04T04:39:22Z
77fb48a9aea08fb74a00160a,2026-09-01T12:56-05:00,2026-09-01T17:56:00Z,2026-09-01,3.05852,-73.485,VIIRS-Suomi-NPP,Suomi-NPP,VIIRS,68.1,20.1,11,Nominal,D,0.62,0.54,true,false,Puntos_de_calor_Colombia_2026-09-01.csv,2026-09-04T04:39:22Z
7827cc4bff70785537223d4e,2026-09-01T12:56-05:00,2026-09-01T17:56:00Z,2026-09-01,3.48627,-71.81646,VIIRS-Suomi-NPP,Suomi-NPP,VIIRS,79.7,21.4,12.2,Nominal,D,0.47,0.48,true,false,Puntos_de_calor_Colombia_2026-09-01.csv,2026-09-04T04:39:22Z
7c160126b421aa54922a7439,2026-09-01T12:56-05:00,2026-09-01T17:56:00Z,2026-09-01,4.55737,-68.6304,VIIRS-Suomi-NPP,Suomi-NPP,VIIRS,60.3,17.7,5.5,Nominal,D,0.45,0.39,true,false,Puntos_de_calor_Colombia_2026-09-01.csv,2026-09-04T04:39:22Z
875f7e03e523fa2d61f1ef05,2026-09-01T12:56-05:00,2026-09-01T17:56:00Z,2026-09-01,3.51254,-71.87772,VIIRS-Suomi-NPP,Suomi-NPP,VIIRS,81,21.5,8.5,Nominal,D,0.48,0.48,true,false,Puntos_de_calor_Colombia_2026-09-01.csv,2026-09-04T04:39:22Z
8d4ca5aa90bc9a85b1d3eafd,2026-09-01T12:56-05:00,2026-09-01T17:56:00Z,2026-09-01,2.83224,-72.38078,VIIRS-Suomi-NPP,Suomi-NPP,VIIRS,74.2,19.4,9.5,Nominal,D,0.53,0.5,true,false,Puntos_de_calor_Colombia_2026-09-01.csv,2026-09-04T04:39:22Z
8eedba9e383a70be34e96202,2026-09-01T12:56-05:00,2026-09-01T17:56:00Z,2026-09-01,2.47816,-74.36168,VIIRS-Suomi-NPP,Suomi-NPP,VIIRS,93.9,19.8,10.6,Alta,D,0.36,0.58,true,false,Puntos_de_calor_Colombia_2026-09-01.csv,2026-09-04T04:39:22Z
9057b64cd532594341a84f8f,2026-09-01T12:56-05:00,2026-09-01T17:56:00Z,2026-09-01,3.05894,-73.48608,VIIRS-Suomi-NPP,Suomi-NPP,VIIRS,68.1,20.4,15.9,Nominal,D,0.62,0.54,true,false,Puntos_de_calor_Colombia_2026-09-01.csv,2026-09-04T04:39:22Z
92dcc4ec469e400defa95226,2026-09-01T12:56-05:00,2026-09-01T17:56:00Z,2026-09-01,0.87061,-76.0512,VIIRS-Suomi-NPP,Suomi-NPP,VIIRS,57.1,16.4,4.2,Nominal,D,0.5,0.66,true,false,Puntos_de_calor_Colombia_2026-09-01.csv,2026-09-04T04:39:22Z
9ae042f65df6c81915361c86,2026-09-01T12:56-05:00,2026-09-01T17:56:00Z,2026-09-01,0.85914,-76.04476,VIIRS-Suomi-NPP,Suomi-NPP,VIIRS,58,16.9,7,Nominal,D,0.5,0.66,true,false,Puntos_de_calor_Colombia_2026-09-01.csv,2026-09-04T04:39:22Z
9aea97c6b4777b68193af1f8,2026-09-01T12:56-05:00,2026-09-01T17:56:00Z,2026-09-01,0.86007,-76.04156,VIIRS-Suomi-NPP,Suomi-NPP,VIIRS,83.8,16.8,10.8,Baja,D,0.5,0.66,true,false,Puntos_de_calor_Colombia_2026-09-01.csv,2026-09-04T04:39:22Z
a2dc25b7e98fc1d11cb90407,2026-09-01T12:56-05:00,2026-09-01T17:56:00Z,2026-09-01,1.4291,-77.35394,VIIRS-Suomi-NPP,Suomi-NPP,VIIRS,64.7,18.6,12.1,Nominal,D,0.61,0.71,true,false,Puntos_de_calor_Colombia_2026-09-01.csv,2026-09-04T04:39:22Z
a64cf957a1e3f8d03bd6c79b,2026-09-01T12:56-05:00,2026-09-01T17:56:00Z,2026-09-01,0.0283,-70.49767,VIIRS-Suomi-NPP,Suomi-NPP,VIIRS,65.8,20.1,9.7,Nominal,D,0.44,0.46,true,false,Puntos_de_calor_Colombia_2026-09-01.csv,2026-09-04T04:39:22Z
aa1e775f548c2103dea03e6b,2026-09-01T12:56-05:00,2026-09-01T17:56:00Z,2026-09-01,3.89895,-72.73155,VIIRS-Suomi-NPP,Suomi-NPP,VIIRS,67.8,20.4,10.5,Nominal,D,0.54,0.51,true,false,Puntos_de_calor_Colombia_2026-09-01.csv,2026-09-04T04:39:22Z
ab57e832194c88a3e5d093d2,2026-09-01T12:56-05:00,2026-09-01T17:56:00Z,2026-09-01,3.05762,-73.49062,VIIRS-Suomi-NPP,Suomi-NPP,VIIRS,67.2,19.1,11,Nominal,D,0.62,0.54,true,false,Puntos_de_calor_Colombia_2026-09-01.csv,2026-09-04T04:39:22Z
ae6bdffbe2aaeb52fe607491,2026-09-01T12:56-05:00,2026-09-01T17:56:00Z,2026-09-01,2.26007,-73.07517,VIIRS-Suomi-NPP,Suomi-NPP,VIIRS,54.7,19.2,5.2,Nominal,D,0.6,0.53,true,false,Puntos_de_calor_Colombia_2026-09-01.csv,2026-09-04T04:39:22Z
aece91dbd09dce72bf206211,2026-09-01T12:56-05:00,2026-09-01T17:56:00Z,2026-09-01,3.94851,-70.96688,VIIRS-Suomi-NPP,Suomi-NPP,VIIRS,74.8,20.8,7.8,Nominal,D,0.41,0.45,true,false,Puntos_de_calor_Colombia_2026-09-01.csv,2026-09-04T04:39:22Z
b231e443d3a8cae812ce6d88,2026-09-01T12:56-05:00,2026-09-01T17:56:00Z,2026-09-01,3.48697,-71.81217,VIIRS-Suomi-NPP,Suomi-NPP,VIIRS,63.5,16.3,6.8,Nominal,D,0.47,0.48,true,false,Puntos_de_calor_Colombia_2026-09-01.csv,2026-09-04T04:39:22Z
bcee57acb4150fdb4da70074,2026-09-01T12:56-05:00,2026-09-01T17:56:00Z,2026-09-01,0.57458,-75.7039,VIIRS-Suomi-NPP,Suomi-NPP,VIIRS,61.1,15.4,3.8,Nominal,D,0.48,0.65,true,false,Puntos_de_calor_Colombia_2026-09-01.csv,2026-09-04T04:39:22Z
ca0fb7304f117d7b2b65ce0f,2026-09-01T12:56-05:00,2026-09-01T17:56:00Z,2026-09-01,0.57551,-70.13376,VIIRS-Suomi-NPP,Suomi-NPP,VIIRS,66.8,21.9,4.5,Nominal,D,0.41,0.45,true,false,Puntos_de_calor_Colombia_2026-09-01.csv,2026-09-04T04:39:22Z
d1e1b00841b5a0fac34a7271,2026-09-01T12:56-05:00,2026-09-01T17:56:00Z,2026-09-01,3.55256,-71.49069,VIIRS-Suomi-NPP,Suomi-NPP,VIIRS,66.9,21.5,7.1,Nominal,D,0.45,0.47,true,false,Puntos_de_calor_Colombia_2026-09-01.csv,2026-09-04T04:39:22Z
d22b01f341ea1a3644ad17e3,2026-09-01T12:56-05:00,2026-09-01T17:56:00Z,2026-09-01,3.33692,-71.65699,VIIRS-Suomi-NPP,Suomi-NPP,VIIRS,56.7,20.8,3.1,Nominal,D,0.46,0.47,true,false,Puntos_de_calor_Colombia_2026-09-01.csv,2026-09-04T04:39:22Z
d55b5168770447a7dd9e291d,2026-09-01T12:56-05:00,2026-09-01T17:56:00Z,2026-09-01,0.97815,-75.4238,VIIRS-Suomi-NPP,Suomi-NPP,VIIRS,61,18.5,6.1,Nominal,D,0.46,0.63,true,false,Puntos_de_calor_Colombia_2026-09-01.csv,2026-09-04T04:39:22Z
d582795f9698ae749ef44842,2026-09-01T12:56-05:00,2026-09-01T17:56:00Z,2026-09-01,0.86079,-76.03698,VIIRS-Suomi-NPP,Suomi-NPP,VIIRS,70,17.1,10.8,Nominal,D,0.5,0.66,true,false,Puntos_de_calor_Colombia_2026-09-01.csv,2026-09-04T04:39:22Z
e22622cab71358fab421c8b1,2026-09-01T12:56-05:00,2026-09-01T17:56:00Z,2026-09-01,1.42262,-77.35237,VIIRS-Suomi-NPP,Suomi-NPP,VIIRS,74.5,18.9,12.4,Nominal,D,0.61,0.71,true,false,Puntos_de_calor_Colombia_2026-09-01.csv,2026-09-04T04:39:22Z
e46f3997b8c42434bd5eef41,2026-09-01T12:56-05:00,2026-09-01T17:56:00Z,2026-09-01,3.19294,-73.22528,VIIRS-Suomi-NPP,Suomi-NPP,VIIRS,62.4,18.2,2.3,Nominal,D,0.59,0.53,true,false,Puntos_de_calor_Colombia_2026-09-01.csv,2026-09-04T04:39:22Z
e80365da131b30829239f6f1,2026-09-01T12:56-05:00,2026-09-01T17:56:00Z,2026-09-01,2.83314,-72.38287,VIIRS-Suomi-NPP,Suomi-NPP,VIIRS,65.1,18.1,11.5,Nominal,D,0.53,0.5,true,false,Puntos_de_calor_Colombia_2026-09-01.csv,2026-09-04T04:39:22Z
e9265094abdefbb21cc0a57a,2026-09-01T12:56-05:00,2026-09-01T17:56:00Z,2026-09-01,3.02281,-76.75764,VIIRS-Suomi-NPP,Suomi-NPP,VIIRS,80.5,14.1,13.8,Nominal,D,0.52,0.67,true,false,Puntos_de_calor_Colombia_2026-09-01.csv,2026-09-04T04:39:22Z
e96f435d72dd2663000e79ac,2026-09-01T12:56-05:00,2026-09-01T17:56:00Z,2026-09-01,0.57606,-70.13013,VIIRS-Suomi-NPP,Suomi-NPP,VIIRS,55,21.6,5.7,Nominal,D,0.41,0.45,true,false,Puntos_de_calor_Colombia_2026-09-01.csv,2026-09-04T04:39:22Z
ecf01c80ee57d5bb8afa27d8,2026-09-01T12:56-05:00,2026-09-01T17:56:00Z,2026-09-01,2.0463,-74.49918,VIIRS-Suomi-NPP,Suomi-NPP,VIIRS,59.4,19.4,2.6,Nominal,D,0.38,0.59,true,false,Puntos_de_calor_Colombia_2026-09-01.csv,2026-09-04T04:39:22Z
fd0b12ce7f22bfbc7af19370,2026-09-01T12:56-05:00,2026-09-01T17:56:00Z,2026-09-01,4.558,-68.62637,VIIRS-Suomi-NPP,Suomi-NPP,VIIRS,61.8,18.4,6.4,Nominal,D,0.45,0.39,true,false,Puntos_de_calor_Colombia_2026-09-01.csv,2026-09-04T04:39:22Z
0854ab3f87fa618efdde9e18,2026-09-01T12:58-05:00,2026-09-01T17:58:00Z,2026-09-01,11.1603,-72.87461,VIIRS-Suomi-NPP,Suomi-NPP,VIIRS,67.9,24.1,3.2,Nominal,D,0.42,0.45,true,false,Puntos_de_calor_Colombia_2026-09-01.csv,2026-09-04T04:39:22Z
0ac1d8f6cff60b1f31029673,2026-09-01T12:58-05:00,2026-09-01T17:58:00Z,2026-09-01,4.32738,-75.12296,VIIRS-Suomi-NPP,Suomi-NPP,VIIRS,60.2,2.5,3.2,Nominal,D,0.38,0.59,true,false,Puntos_de_calor_Colombia_2026-09-01.csv,2026-09-04T04:39:22Z
0b76dc008a63c754d9c32d3d,2026-09-01T12:58-05:00,2026-09-01T17:58:00Z,2026-09-01,5.87604,-68.7775,VIIRS-Suomi-NPP,Suomi-NPP,VIIRS,58.6,22.2,4.1,Baja,D,0.44,0.38,true,false,Puntos_de_calor_Colombia_2026-09-01.csv,2026-09-04T04:39:22Z
0c079f086111b22530b1a077,2026-09-01T12:58-05:00,2026-09-01T17:58:00Z,2026-09-01,11.16715,-72.86802,VIIRS-Suomi-NPP,Suomi-NPP,VIIRS,81.5,25.1,10.4,Nominal,D,0.42,0.45,true,false,Puntos_de_calor_Colombia_2026-09-01.csv,2026-09-04T04:39:22Z
0cf7c7b1ea78c381df402b93,2026-09-01T12:58-05:00,2026-09-01T17:58:00Z,2026-09-01,5.13324,-70.57294,VIIRS-Suomi-NPP,Suomi-NPP,VIIRS,76,23.5,7.2,Nominal,D,0.56,0.43,true,false,Puntos_de_calor_Colombia_2026-09-01.csv,2026-09-04T04:39:22Z
0fa0befd07a3ba148d98e5db,2026-09-01T12:58-05:00,2026-09-01T17:58:00Z,2026-09-01,6.00086,-71.99176,VIIRS-Suomi-NPP,Suomi-NPP,VIIRS,72.4,19.4,7.1,Nominal,D,0.44,0.46,true,false,Puntos_de_calor_Colombia_2026-09-01.csv,2026-09-04T04:39:22Z
11467f3b58590fdc54e2a5fd,2026-09-01T12:58-05:00,2026-09-01T17:58:00Z,2026-09-01,5.62991,-69.88007,VIIRS-Suomi-NPP,Suomi-NPP,VIIRS,57,22.2,4.3,Nominal,D,0.5,0.41,true,false,Puntos_de_calor_Colombia_2026-09-01.csv,2026-09-04T04:39:22Z
120429c88f35548f7dbee317,2026-09-01T12:58-05:00,2026-09-01T17:58:00Z,2026-09-01,4.89508,-70.63449,VIIRS-Suomi-NPP,Suomi-NPP,VIIRS,58,18.9,4.5,Nominal,D,0.57,0.43,true,false,Puntos_de_calor_Colombia_2026-09-01.csv,2026-09-04T04:39:22Z
122586d1d7f8f807759199eb,2026-09-01T12:58-05:00,2026-09-01T17:58:00Z,2026-09-01,8.20115,-73.01627,VIIRS-Suomi-NPP,Suomi-NPP,VIIRS,52.9,12.5,4.9,Nominal,D,0.48,0.48,true,false,Puntos_de_calor_Colombia_2026-09-01.csv,2026-09-04T04:39:22Z
21be124f2955634450fad879,2026-09-01T12:58-05:00,2026-09-01T17:58:00Z,2026-09-01,5.01219,-68.53551,VIIRS-Suomi-NPP,Suomi-NPP,VIIRS,57,18.5,4,Baja,D,0.44,0.38,true,false,Puntos_de_calor_Colombia_2026-09-01.csv,2026-09-04T04:39:22Z
236c0a479138af4126d7a660,2026-09-01T12:58-05:00,2026-09-01T17:58:00Z,2026-09-01,4.62733,-70.33088,VIIRS-Suomi-NPP,Suomi-NPP,VIIRS,67.1,21.8,5.5,Nominal,D,0.55,0.43,true,false,Puntos_de_calor_Colombia_2026-09-01.csv,2026-09-04T04:39:22Z
2be90fd80643f03456e47cff,2026-09-01T12:58-05:00,2026-09-01T17:58:00Z,2026-09-01,6.35365,-71.78495,VIIRS-Suomi-NPP,Suomi-NPP,VIIRS,65.4,22.2,7.4,Nominal,D,0.43,0.46,true,false,Puntos_de_calor_Colombia_2026-09-01.csv,2026-09-04T04:39:22Z
345bb2221af764e70cf2de2b,2026-09-01T12:58-05:00,2026-09-01T17:58:00Z,2026-09-01,8.10053,-73.82018,VIIRS-Suomi-NPP,Suomi-NPP,VIIRS,58.6,19.3,4.6,Nominal,D,0.54,0.51,true,false,Puntos_de_calor_Colombia_2026-09-01.csv,2026-09-04T04:39:22Z
3632827c7a61eeb624b61c9a,2026-09-01T12:58-05:00,2026-09-01T17:58:00Z,2026-09-01,4.9002,-69.31757,VIIRS-Suomi-NPP,Suomi-NPP,VIIRS,69.9,20,4.9,Baja,D,0.48,0.4,true,false,Puntos_de_calor_Colombia_2026-09-01.csv,2026-09-04T04:39:22Z
3eaafc3b00e9451f81ec8742,2026-09-01T12:58-05:00,2026-09-01T17:58:00Z,2026-09-01,5.13243,-70.57799,VIIRS-Suomi-NPP,Suomi-NPP,VIIRS,59.6,21.8,7.2,Nominal,D,0.56,0.43,true,false,Puntos_de_calor_Colombia_2026-09-01.csv,2026-09-04T04:39:22Z
4286cc227ed44b27e14b469d,2026-09-01T12:58-05:00,2026-09-01T17:58:00Z,2026-09-01,5.01114,-68.51914,VIIRS-Suomi-NPP,Suomi-NPP,VIIRS,75.3,21.5,9.8,Nominal,D,0.44,0.38,true,false,Puntos_de_calor_Colombia_2026-09-01.csv,2026-09-04T04:39:22Z
45ec84ce3cd18351c8af7b51,2026-09-01T12:58-05:00,2026-09-01T17:58:00Z,2026-09-01,4.72886,-70.17401,VIIRS-Suomi-NPP,Suomi-NPP,VIIRS,60.1,23.2,4.7,Nominal,D,0.54,0.42,true,false,Puntos_de_calor_Colombia_2026-09-01.csv,2026-09-04T04:39:22Z
51e36628882d88aee2f48721,2026-09-01T12:58-05:00,2026-09-01T17:58:00Z,2026-09-01,9.94684,-73.36118,VIIRS-Suomi-NPP,Suomi-NPP,VIIRS,65.1,17,4.6,Nominal,D,0.47,0.48,true,false,Puntos_de_calor_Colombia_2026-09-01.csv,2026-09-04T04:39:22Z
55167faacf91c68f98697e8e,2026-09-01T12:58-05:00,2026-09-01T17:58:00Z,2026-09-01,5.01405,-68.52364,VIIRS-Suomi-NPP,Suomi-NPP,VIIRS,73.4,20.8,11.1,Nominal,D,0.44,0.38,true,false,Puntos_de_calor_Colombia_2026-09-01.csv,2026-09-04T04:39:22Z
553107ea67972ec6b9c32b0d,2026-09-01T12:58-05:00,2026-09-01T17:58:00Z,2026-09-01,5.26681,-69.11954,VIIRS-Suomi-NPP,Suomi-NPP,VIIRS,66.7,23.6,7.5,Nominal,D,0.46,0.39,true,false,Puntos_de_calor_Colombia_2026-09-01.csv,2026-09-04T04:39:22Z
55fff563c4d193146818bd3a,2026-09-01T12:58-05:00,2026-09-01T17:58:00Z,2026-09-01,8.10801,-72.61002,VIIRS-Suomi-NPP,Suomi-NPP,VIIRS,83.2,16.2,10.1,Baja,D,0.45,0.47,true,false,Puntos_de_calor_Colombia_2026-09-01.csv,2026-09-04T04:39:22Z
6076eccbdebe908d48ffd937,2026-09-01T12:58-05:00,2026-09-01T17:58:00Z,2026-09-01,5.08709,-71.01678,VIIRS-Suomi-NPP,Suomi-NPP,VIIRS,60.1,19.1,3.6,Nominal,D,0.4,0.44,true,false,Puntos_de_calor_Colombia_2026-09-01.csv,2026-09-04T04:39:22Z
63df42298c2a7b73493a823e,2026-09-01T12:58-05:00,2026-09-01T17:58:00Z,2026-09-01,11.1575,-72.87411,VIIRS-Suomi-NPP,Suomi-NPP,VIIRS,66.7,23.7,3.3,Nominal,D,0.42,0.45,true,false,Puntos_de_calor_Colombia_2026-09-01.csv,2026-09-04T04:39:22Z
66aef62368cb6dcde50fed01,2026-09-01T12:58-05:00,2026-09-01T17:58:00Z,2026-09-01,6.1742,-69.07413,VIIRS-Suomi-NPP,Suomi-NPP,VIIRS,62.1,22.8,4.7,Nominal,D,0.45,0.39,true,false,Puntos_de_calor_Colombia_2026-09-01.csv,2026-09-04T04:39:22Z
6e2507bce16265307e0c4df3,2026-09-01T12:58-05:00,2026-09-01T17:58:00Z,2026-09-01,4.21011,-71.07726,VIIRS-Suomi-NPP,Suomi-NPP,VIIRS,76.3,21.6,11.4,Nominal,D,0.41,0.45,true,false,Puntos_de_calor_Colombia_2026-09-01.csv,2026-09-04T04:39:22Z
7458c6a55f5f4b182738dda5,2026-09-01T12:58-05:00,2026-09-01T17:58:00Z,2026-09-01,4.79165,-70.75804,VIIRS-Suomi-NPP,Suomi-NPP,VIIRS,77.7,17.9,7.5,Nominal,D,0.39,0.44,true,false,Puntos_de_calor_Colombia_2026-09-01.csv,2026-09-04T04:39:22Z
80e103e67a5694cf9db28a32,2026-09-01T12:58-05:00,2026-09-01T17:58:00Z,2026-09-01,5.00865,-68.53498,VIIRS-Suomi-NPP,Suomi-NPP,VIIRS,74.4,18.1,7.2,Nominal,D,0.44,0.38,true,false,Puntos_de_calor_Colombia_2026-09-01.csv,2026-09-04T04:39:22Z
8ef68e9ffde7357ff56e2c29,2026-09-01T12:58-05:00,2026-09-01T17:58:00Z,2026-09-01,11.05603,-73.1035,VIIRS-Suomi-NPP,Suomi-NPP,VIIRS,69.4,22.2,6.4,Nominal,D,0.44,0.46,true,false,Puntos_de_calor_Colombia_2026-09-01.csv,2026-09-04T04:39:22Z
9545661ac484b2c18d194e4f,2026-09-01T12:58-05:00,2026-09-01T17:58:00Z,2026-09-01,4.99466,-67.88677,VIIRS-Suomi-NPP,Suomi-NPP,VIIRS,57.9,20.4,4,Baja,D,0.42,0.37,true,false,Puntos_de_calor_Colombia_2026-09-01.csv,2026-09-04T04:39:22Z
963d494c30b460f1f0047e3d,2026-09-01T12:58-05:00,2026-09-01T17:58:00Z,2026-09-01,8.18402,-72.98359,VIIRS-Suomi-NPP,Suomi-NPP,VIIRS,80.2,21.9,26.4,Nominal,D,0.48,0.48,true,false,Puntos_de_calor_Colombia_2026-09-01.csv,2026-09-04T04:39:22Z
97cadc4b50cac6a0e1e622e6,2026-09-01T12:58-05:00,2026-09-01T17:58:00Z,2026-09-01,8.0632,-73.77518,VIIRS-Suomi-NPP,Suomi-NPP,VIIRS,67.7,19.2,10.2,Nominal,D,0.54,0.51,true,false,Puntos_de_calor_Colombia_2026-09-01.csv,2026-09-04T04:39:22Z
9d6195c02f770394e670c3be,2026-09-01T12:58-05:00,2026-09-01T17:58:00Z,2026-09-01,5.02439,-68.48079,VIIRS-Suomi-NPP,Suomi-NPP,VIIRS,60.5,21,8.9,Baja,D,0.44,0.38,true,false,Puntos_de_calor_Colombia_2026-09-01.csv,2026-09-04T04:39:22Z
9e92fa21f7a6093fedb64afd,2026-09-01T12:58-05:00,2026-09-01T17:58:00Z,2026-09-01,5.82723,-69.04288,VIIRS-Suomi-NPP,Suomi-NPP,VIIRS,61.2,24.2,7.4,Baja,D,0.45,0.39,true,false,Puntos_de_calor_Colombia_2026-09-01.csv,2026-09-04T04:39:22Z
a0528943409c9ffb848be1b2,2026-09-01T12:58-05:00,2026-09-01T17:58:00Z,2026-09-01,5.67874,-67.73217,VIIRS-Suomi-NPP,Suomi-NPP,VIIRS,59.8,25.8,1.6,Baja,D,0.41,0.37,true,false,Puntos_de_calor_Colombia_2026-09-01.csv,2026-09-04T04:39:22Z
a6ba8a644b7272074bb37cb9,2026-09-01T12:58-05:00,2026-09-01T17:58:00Z,2026-09-01,4.99407,-67.89053,VIIRS-Suomi-NPP,Suomi-NPP,VIIRS,62.9,20.9,4,Nominal,D,0.42,0.37,true,false,Puntos_de_calor_Colombia_2026-09-01.csv,2026-09-04T04:39:22Z
a6be2c0f2667a0762bfa6927,2026-09-01T12:58-05:00,2026-09-01T17:58:00Z,2026-09-01,4.79622,-70.7552,VIIRS-Suomi-NPP,Suomi-NPP,VIIRS,60.5,15.2,7.5,Nominal,D,0.39,0.44,true,false,Puntos_de_calor_Colombia_2026-09-01.csv,2026-09-04T04:39:22Z
a927cfab94923ebb9e78174a,2026-09-01T12:58-05:00,2026-09-01T17:58:00Z,2026-09-01,5.01777,-68.49995,VIIRS-Suomi-NPP,Suomi-NPP,VIIRS,58.3,21.6,10.3,Baja,D,0.44,0.38,true,false,Puntos_de_calor_Colombia_2026-09-01.csv,2026-09-04T04:39:22Z
a99ccfee9b5976d2f99d9aac,2026-09-01T12:58-05:00,2026-09-01T17:58:00Z,2026-09-01,11.13653,-72.83835,VIIRS-Suomi-NPP,Suomi-NPP,VIIRS,66.1,22.2,4.1,Nominal,D,0.42,0.45,true,false,Puntos_de_calor_Colombia_2026-09-01.csv,2026-09-04T04:39:22Z
ae0f29be214a9d0f4aa7dab4,2026-09-01T12:58-05:00,2026-09-01T17:58:00Z,2026-09-01,4.76196,-70.04192,VIIRS-Suomi-NPP,Suomi-NPP,VIIRS,60.1,21.6,6,Nominal,D,0.53,0.42,true,false,Puntos_de_calor_Colombia_2026-09-01.csv,2026-09-04T04:39:22Z
af2e2a91e2eb3c587cd44e40,2026-09-01T12:58-05:00,2026-09-01T17:58:00Z,2026-09-01,5.15374,-70.59692,VIIRS-Suomi-NPP,Suomi-NPP,VIIRS,60.2,22.5,5.2,Nominal,D,0.56,0.43,true,false,Puntos_de_calor_Colombia_2026-09-01.csv,2026-09-04T04:39:22Z
b0bb332f71222e159b597584,2026-09-01T12:58-05:00,2026-09-01T17:58:00Z,2026-09-01,4.46209,-70.26436,VIIRS-Suomi-NPP,Suomi-NPP,VIIRS,60.4,19.5,2.3,Nominal,D,0.55,0.43,true,false,Puntos_de_calor_Colombia_2026-09-01.csv,2026-09-04T04:39:22Z
b4f90cba7499d1e2f800f153,2026-09-01T12:58-05:00,2026-09-01T17:58:00Z,2026-09-01,5.55283,-72.41994,VIIRS-Suomi-NPP,Suomi-NPP,VIIRS,62.9,16.7,5,Nominal,D,0.48,0.48,true,false,Puntos_de_calor_Colombia_2026-09-01.csv,2026-09-04T04:39:22Z
b83eedde2876df6ad7449e1c,2026-09-01T12:58-05:00,2026-09-01T17:58:00Z,2026-09-01,5.86771,-68.78437,VIIRS-Suomi-NPP,Suomi-NPP,VIIRS,61.9,24.9,36.8,Baja,D,0.44,0.39,true,false,Puntos_de_calor_Colombia_2026-09-01.csv,2026-09-04T04:39:22Z
b8f2e08e550ba8167f109e0d,2026-09-01T12:58-05:00,2026-09-01T17:58:00Z,2026-09-01,4.47855,-70.94723,VIIRS-Suomi-NPP,Suomi-NPP,VIIRS,59.6,21.3,4.3,Nominal,D,0.4,0.44,true,false,Puntos_de_calor_Colombia_2026-09-01.csv,2026-09-04T04:39:22Z
bce2951b6527a41bad817428,2026-09-01T12:58-05:00,2026-09-01T17:58:00Z,2026-09-01,4.91274,-69.89587,VIIRS-Suomi-NPP,Suomi-NPP,VIIRS,61.2,22,5.8,Baja,D,0.51,0.41,true,false,Puntos_de_calor_Colombia_2026-09-01.csv,2026-09-04T04:39:22Z
c5ae71edbe6a26e9067bff31,2026-09-01T12:58-05:00,2026-09-01T17:58:00Z,2026-09-01,5.77934,-67.87248,VIIRS-Suomi-NPP,Suomi-NPP,VIIRS,61.8,26.2,5,Nominal,D,0.41,0.37,true,false,Puntos_de_calor_Colombia_2026-09-01.csv,2026-09-04T04:39:22Z
c6deccb4ce8f64ce27cf6448,2026-09-01T12:58-05:00,2026-09-01T17:58:00Z,2026-09-01,10.37854,-73.34016,VIIRS-Suomi-NPP,Suomi-NPP,VIIRS,66.9,19.9,4.6,Nominal,D,0.46,0.47,true,false,Puntos_de_calor_Colombia_2026-09-01.csv,2026-09-04T04:39:22Z
c83ab16ac40ab004e61dcafc,2026-09-01T12:58-05:00,2026-09-01T17:58:00Z,2026-09-01,8.06403,-73.77028,VIIRS-Suomi-NPP,Suomi-NPP,VIIRS,69,19.4,15,Nominal,D,0.54,0.51,true,false,Puntos_de_calor_Colombia_2026-09-01.csv,2026-09-04T04:39:22Z
d3b0702f3bf54543bffd9e8e,2026-09-01T12:58-05:00,2026-09-01T17:58:00Z,2026-09-01,4.7242,-70.17827,VIIRS-Suomi-NPP,Suomi-NPP,VIIRS,63.7,22.8,5.2,Nominal,D,0.54,0.42,true,false,Puntos_de_calor_Colombia_2026-09-01.csv,2026-09-04T04:39:22Z
d5506b77d77fcfb8ba0fc7a8,2026-09-01T12:58-05:00,2026-09-01T17:58:00Z,2026-09-01,4.99063,-67.88998,VIIRS-Suomi-NPP,Suomi-NPP,VIIRS,63.5,21.8,4,Nominal,D,0.42,0.37,true,false,Puntos_de_calor_Colombia_2026-09-01.csv,2026-09-04T04:39:22Z
d7443c768c6cff09649f914d,2026-09-01T12:58-05:00,2026-09-01T17:58:00Z,2026-09-01,7.93806,-72.65215,VIIRS-Suomi-NPP,Suomi-NPP,VIIRS,64.5,21.5,4.2,Nominal,D,0.46,0.47,true,false,Puntos_de_calor_Colombia_2026-09-01.csv,2026-09-04T04:39:22Z
dfe8d643861f4da3a4ab7a9d,2026-09-01T12:58-05:00,2026-09-01T17:58:00Z,2026-09-01,10.59069,-74.75,VIIRS-Suomi-NPP,Suomi-NPP,VIIRS,60,14.8,2.9,Nominal,D,0.57,0.52,true,false,Puntos_de_calor_Colombia_2026-09-01.csv,2026-09-04T04:39:22Z
e0748db5eda7c1803e31dd79,2026-09-01T12:58-05:00,2026-09-01T17:58:00Z,2026-09-01,4.01899,-72.48171,VIIRS-Suomi-NPP,Suomi-NPP,VIIRS,67.7,17.6,11.2,Nominal,D,0.51,0.5,true,false,Puntos_de_calor_Colombia_2026-09-01.csv,2026-09-04T04:39:22Z
e59f3bbdcf02dcd5cd6e5cd8,2026-09-01T12:58-05:00,2026-09-01T17:58:00Z,2026-09-01,6.35725,-71.78927,VIIRS-Suomi-NPP,Suomi-NPP,VIIRS,62.4,21.8,6.5,Nominal,D,0.43,0.46,true,false,Puntos_de_calor_Colombia_2026-09-01.csv,2026-09-04T04:39:22Z
e9945c28e4b371179b4619c2,2026-09-01T12:58-05:00,2026-09-01T17:58:00Z,2026-09-01,6.17222,-67.9494,VIIRS-Suomi-NPP,Suomi-NPP,VIIRS,62.4,25,2,Nominal,D,0.41,0.37,true,false,Puntos_de_calor_Colombia_2026-09-01.csv,2026-09-04T04:39:22Z
f158e5e6cf727f3a33bc4bd2,2026-09-01T12:58-05:00,2026-09-01T17:58:00Z,2026-09-01,4.7612,-70.04665,VIIRS-Suomi-NPP,Suomi-NPP,VIIRS,62.6,18.9,6,Nominal,D,0.53,0.42,true,false,Puntos_de_calor_Colombia_2026-09-01.csv,2026-09-04T04:39:22Z
f81d4878598df967741c9eb7,2026-09-01T12:58-05:00,2026-09-01T17:58:00Z,2026-09-01,4.46173,-70.2661,VIIRS-Suomi-NPP,Suomi-NPP,VIIRS,61.2,18.5,7,Nominal,D,0.55,0.42,true,false,Puntos_de_calor_Colombia_2026-09-01.csv,2026-09-04T04:39:22Z
f945fe406a029cca5e5a4d1a,2026-09-01T12:58-05:00,2026-09-01T17:58:00Z,2026-09-01,11.13582,-72.57272,VIIRS-Suomi-NPP,Suomi-NPP,VIIRS,58.4,26.2,7.4,Nominal,D,0.4,0.44,true,false,Puntos_de_calor_Colombia_2026-09-01.csv,2026-09-04T04:39:22Z
fc35521d2ef3d2ba415d029e,2026-09-01T12:58-05:00,2026-09-01T17:58:00Z,2026-09-01,8.1074,-72.61362,VIIRS-Suomi-NPP,Suomi-NPP,VIIRS,71.1,16.5,10.1,Nominal,D,0.45,0.47,true,false,Puntos_de_calor_Colombia_2026-09-01.csv,2026-09-04T04:39:22Z
fcfe4d3740a050c0d3d94c18,2026-09-01T12:58-05:00,2026-09-01T17:58:00Z,2026-09-01,11.37947,-72.63486,VIIRS-Suomi-NPP,Suomi-NPP,VIIRS,65.1,26.1,3.9,Nominal,D,0.4,0.44,true,false,Puntos_de_calor_Colombia_2026-09-01.csv,2026-09-04T04:39:22Z
fd20efde625a1a2374596e98,2026-09-01T12:58-05:00,2026-09-01T17:58:00Z,2026-09-01,5.00761,-68.51861,VIIRS-Suomi-NPP,Suomi-NPP,VIIRS,59.6,21.6,9.8,Baja,D,0.44,0.38,true,false,Puntos_de_calor_Colombia_2026-09-01.csv,2026-09-04T04:39:22Z
9b4b6b655819c3d8fc4990e7,2026-09-01T13:13-05:00,2026-09-01T18:13:00Z,2026-09-01,-1.25996,-69.98975,VIIRS-NOAA-20,NOAA-20,VIIRS,65.3,23.8,7.4,Nominal,D,0.39,0.36,true,true,Puntos_de_calor_Colombia_2026-09-01.csv,2026-09-04T04:39:22Z
9eb8cff5f354800bc5ad938c,2026-09-01T13:13-05:00,2026-09-01T18:13:00Z,2026-09-01,-2.20433,-71.79922,VIIRS-NOAA-20,NOAA-20,VIIRS,61.4,35.1,5.4,Baja,D,0.39,0.36,true,true,Puntos_de_calor_Colombia_2026-09-01.csv,2026-09-04T04:39:22Z
ae3077076fe3a8da2bf654be,2026-09-01T13:13-05:00,2026-09-01T18:13:00Z,2026-09-01,-1.26276,-69.98575,VIIRS-NOAA-20,NOAA-20,VIIRS,61.8,23.7,1.9,Nominal,D,0.39,0.36,true,true,Puntos_de_calor_Colombia_2026-09-01.csv,2026-09-04T04:39:22Z
00a6673745a580c3249b142a,2026-09-01T13:15-05:00,2026-09-01T18:15:00Z,2026-09-01,0.6083,-70.28998,VIIRS-NOAA-20,NOAA-20,VIIRS,71.5,25.8,9.1,Nominal,D,0.39,0.36,true,true,Puntos_de_calor_Colombia_2026-09-01.csv,2026-09-04T04:39:22Z
03bcce3a63470dca38f7220c,2026-09-01T13:15-05:00,2026-09-01T18:15:00Z,2026-09-01,3.87042,-71.82693,VIIRS-NOAA-20,NOAA-20,VIIRS,71.9,27.4,9.1,Nominal,D,0.38,0.36,true,true,Puntos_de_calor_Colombia_2026-09-01.csv,2026-09-04T04:39:22Z
059b98aee329aa65f51320ff,2026-09-01T13:15-05:00,2026-09-01T18:15:00Z,2026-09-01,0.30112,-76.63261,VIIRS-NOAA-20,NOAA-20,VIIRS,67.9,19.8,3.5,Nominal,D,0.42,0.45,true,true,Puntos_de_calor_Colombia_2026-09-01.csv,2026-09-04T04:39:22Z
06964ee211552995bfe3780d,2026-09-01T13:15-05:00,2026-09-01T18:15:00Z,2026-09-01,1.24795,-75.8776,VIIRS-NOAA-20,NOAA-20,VIIRS,67.8,25.2,5.9,Nominal,D,0.54,0.42,true,true,Puntos_de_calor_Colombia_2026-09-01.csv,2026-09-04T04:39:22Z
06b7fd4934af130273535993,2026-09-01T13:15-05:00,2026-09-01T18:15:00Z,2026-09-01,0.40684,-76.43296,VIIRS-NOAA-20,NOAA-20,VIIRS,68,24.1,4.8,Nominal,D,0.4,0.44,true,true,Puntos_de_calor_Colombia_2026-09-01.csv,2026-09-04T04:39:22Z
0836dea882a6922750c9dbbe,2026-09-01T13:15-05:00,2026-09-01T18:15:00Z,2026-09-01,2.67246,-76.78079,VIIRS-NOAA-20,NOAA-20,VIIRS,69.3,28,18.8,Nominal,D,0.39,0.44,true,true,Puntos_de_calor_Colombia_2026-09-01.csv,2026-09-04T04:39:22Z
0a4891679905396002a46efb,2026-09-01T13:15-05:00,2026-09-01T18:15:00Z,2026-09-01,0.66128,-74.72204,VIIRS-NOAA-20,NOAA-20,VIIRS,59.1,20.6,5.8,Baja,D,0.48,0.4,true,true,Puntos_de_calor_Colombia_2026-09-01.csv,2026-09-04T04:39:22Z
0af5fa397279ff40f2532352,2026-09-01T13:15-05:00,2026-09-01T18:15:00Z,2026-09-01,3.533,-71.38924,VIIRS-NOAA-20,NOAA-20,VIIRS,60,24.5,2.9,Nominal,D,0.39,0.36,true,true,Puntos_de_calor_Colombia_2026-09-01.csv,2026-09-04T04:39:22Z
0bbfe3b3c9f77264920d6104,2026-09-01T13:15-05:00,2026-09-01T18:15:00Z,2026-09-01,0.78603,-70.32491,VIIRS-NOAA-20,NOAA-20,VIIRS,66.4,23.2,4,Nominal,D,0.39,0.36,true,true,Puntos_de_calor_Colombia_2026-09-01.csv,2026-09-04T04:39:22Z
0c17570e635d1ed4b3f75150,2026-09-01T13:15-05:00,2026-09-01T18:15:00Z,2026-09-01,2.61143,-74.25769,VIIRS-NOAA-20,NOAA-20,VIIRS,65.5,23.6,4.8,Nominal,D,0.43,0.38,true,true,Puntos_de_calor_Colombia_2026-09-01.csv,2026-09-04T04:39:22Z
0cb126d0914da11fc079001f,2026-09-01T13:15-05:00,2026-09-01T18:15:00Z,2026-09-01,3.57331,-71.37096,VIIRS-NOAA-20,NOAA-20,VIIRS,65.4,25.5,3.5,Nominal,D,0.39,0.36,true,true,Puntos_de_calor_Colombia_2026-09-01.csv,2026-09-04T04:39:22Z
0ef2273c4279e61759028bb5,2026-09-01T13:15-05:00,2026-09-01T18:15:00Z,2026-09-01,1.0809,-76.38333,VIIRS-NOAA-20,NOAA-20,VIIRS,58.7,24.9,2.7,Nominal,D,0.39,0.44,true,true,Puntos_de_calor_Colombia_2026-09-01.csv,2026-09-04T04:39:22Z
0fdb2beb0e08b1b9f7047469,2026-09-01T13:15-05:00,2026-09-01T18:15:00Z,2026-09-01,0.84446,-70.94563,VIIRS-NOAA-20,NOAA-20,VIIRS,59,24.8,3.1,Nominal,D,0.39,0.36,true,true,Puntos_de_calor_Colombia_2026-09-01.csv,2026-09-04T04:39:22Z
127bf9821e7c8c6dcefbd205,2026-09-01T13:15-05:00,2026-09-01T18:15:00Z,2026-09-01,4.62703,-70.32623,VIIRS-NOAA-20,NOAA-20,VIIRS,61.2,23.8,5.1,Nominal,D,0.41,0.37,true,true,Puntos_de_calor_Colombia_2026-09-01.csv,2026-09-04T04:39:22Z
139c839bcc38509bae9974c5,2026-09-01T13:15-05:00,2026-09-01T18:15:00Z,2026-09-01,0.74365,-75.18441,VIIRS-NOAA-20,NOAA-20,VIIRS,81.5,26.9,27.5,Nominal,D,0.5,0.41,true,true,Puntos_de_calor_Colombia_2026-09-01.csv,2026-09-04T04:39:22Z
15ca6eecedb55790899c9477,2026-09-01T13:15-05:00,2026-09-01T18:15:00Z,2026-09-01,0.39721,-76.68471,VIIRS-NOAA-20,NOAA-20,VIIRS,67.9,23.9,4.5,Nominal,D,0.42,0.45,true,true,Puntos_de_calor_Colombia_2026-09-01.csv,2026-09-04T04:39:22Z
1669cc8cd4362c5d9177a76f,2026-09-01T13:15-05:00,2026-09-01T18:15:00Z,2026-09-01,0.85787,-76.03577,VIIRS-NOAA-20,NOAA-20,VIIRS,58.9,23,11.6,Nominal,D,0.56,0.43,true,true,Puntos_de_calor_Colombia_2026-09-01.csv,2026-09-04T04:39:22Z
177715e1674d15622f368c6e,2026-09-01T13:15-05:00,2026-09-01T18:15:00Z,2026-09-01,4.60151,-70.00836,VIIRS-NOAA-20,NOAA-20,VIIRS,63.5,26,4.4,Nominal,D,0.42,0.38,true,true,Puntos_de_calor_Colombia_2026-09-01.csv,2026-09-04T04:39:22Z
1b066d31ae34c03f15498287,2026-09-01T13:15-05:00,2026-09-01T18:15:00Z,2026-09-01,1.76763,-75.08941,VIIRS-NOAA-20,NOAA-20,VIIRS,69.5,24.5,6.1,Nominal,D,0.48,0.4,true,true,Puntos_de_calor_Colombia_2026-09-01.csv,2026-09-04T04:39:22Z
1b39ec48836328cd5d1c70e0,2026-09-01T13:15-05:00,2026-09-01T18:15:00Z,2026-09-01,1.08982,-74.71016,VIIRS-NOAA-20,NOAA-20,VIIRS,61,24.5,10.9,Baja,D,0.47,0.4,true,true,Puntos_de_calor_Colombia_2026-09-01.csv,2026-09-04T04:39:22Z
1cefe66325061833304d4c98,2026-09-01T13:15-05:00,2026-09-01T18:15:00Z,2026-09-01,4.44191,-69.53401,VIIRS-NOAA-20,NOAA-20,VIIRS,59.8,21.5,3.2,Nominal,D,0.44,0.38,true,true,Puntos_de_calor_Colombia_2026-09-01.csv,2026-09-04T04:39:22Z
1ed68c18ed3033ed59552845,2026-09-01T13:15-05:00,2026-09-01T18:15:00Z,2026-09-01,1.03954,-76.3596,VIIRS-NOAA-20,NOAA-20,VIIRS,60.8,23.6,1.7,Nominal,D,0.39,0.44,true,true,Puntos_de_calor_Colombia_2026-09-01.csv,2026-09-04T04:39:22Z
20ee1b991fff350875631570,2026-09-01T13:15-05:00,2026-09-01T18:15:00Z,2026-09-01,5.12923,-70.57206,VIIRS-NOAA-20,NOAA-20,VIIRS,65.7,24.5,4.5,Nominal,D,0.41,0.37,true,true,Puntos_de_calor_Colombia_2026-09-01.csv,2026-09-04T04:39:22Z
21bbb4ce04f75e704de422e2,2026-09-01T13:15-05:00,2026-09-01T18:15:00Z,2026-09-01,5.2278,-70.66222,VIIRS-NOAA-20,NOAA-20,VIIRS,69.2,20.7,6.4,Nominal,D,0.41,0.37,true,true,Puntos_de_calor_Colombia_2026-09-01.csv,2026-09-04T04:39:22Z
225e6a3598494d431869d68c,2026-09-01T13:15-05:00,2026-09-01T18:15:00Z,2026-09-01,1.87789,-74.95778,VIIRS-NOAA-20,NOAA-20,VIIRS,60.9,25.1,3.9,Nominal,D,0.47,0.4,true,true,Puntos_de_calor_Colombia_2026-09-01.csv,2026-09-04T04:39:22Z
26c29c43b363c6123df4a49a,2026-09-01T13:15-05:00,2026-09-01T18:15:00Z,2026-09-01,3.67326,-71.96514,VIIRS-NOAA-20,NOAA-20,VIIRS,65.8,26.8,4.5,Nominal,D,0.38,0.36,true,true,Puntos_de_calor_Colombia_2026-09-01.csv,2026-09-04T04:39:22Z
28cd9404b4cc817ac576c0fe,2026-09-01T13:15-05:00,2026-09-01T18:15:00Z,2026-09-01,3.98841,-70.35744,VIIRS-NOAA-20,NOAA-20,VIIRS,64.3,22.6,5.8,Nominal,D,0.41,0.37,true,true,Puntos_de_calor_Colombia_2026-09-01.csv,2026-09-04T04:39:22Z
2c1a4150d7c87e740fb8ae1a,2026-09-01T13:15-05:00,2026-09-01T18:15:00Z,2026-09-01,5.77756,-67.8745,VIIRS-NOAA-20,NOAA-20,VIIRS,59.9,23.2,2.7,Nominal,D,0.56,0.43,true,true,Puntos_de_calor_Colombia_2026-09-01.csv,2026-09-04T04:39:22Z
2f1854e4272b86219ff23c61,2026-09-01T13:15-05:00,2026-09-01T18:15:00Z,2026-09-01,3.48545,-71.81604,VIIRS-NOAA-20,NOAA-20,VIIRS,72.4,28.1,7,Nominal,D,0.38,0.36,true,true,Puntos_de_calor_Colombia_2026-09-01.csv,2026-09-04T04:39:22Z
3119163900d5e344eb969dfa,2026-09-01T13:15-05:00,2026-09-01T18:15:00Z,2026-09-01,0.35454,-76.44705,VIIRS-NOAA-20,NOAA-20,VIIRS,80.8,25.4,10.2,Nominal,D,0.4,0.44,true,true,Puntos_de_calor_Colombia_2026-09-01.csv,2026-09-04T04:39:22Z
31228a646adec0415db8a227,2026-09-01T13:15-05:00,2026-09-01T18:15:00Z,2026-09-01,4.34357,-70.18522,VIIRS-NOAA-20,NOAA-20,VIIRS,66.5,22.6,5.1,Nominal,D,0.42,0.37,true,true,Puntos_de_calor_Colombia_2026-09-01.csv,2026-09-04T04:39:22Z
3a30be07fda6da64d09347ac,2026-09-01T13:15-05:00,2026-09-01T18:15:00Z,2026-09-01,3.5134,-71.8765,VIIRS-NOAA-20,NOAA-20,VIIRS,73.9,26.4,21.5,Nominal,D,0.38,0.36,true,true,Puntos_de_calor_Colombia_2026-09-01.csv,2026-09-04T04:39:22Z
3ad42124cbefb4493dc08bdb,2026-09-01T13:15-05:00,2026-09-01T18:15:00Z,2026-09-01,1.10798,-76.05416,VIIRS-NOAA-20,NOAA-20,VIIRS,59.2,23,3.2,Nominal,D,0.56,0.43,true,true,Puntos_de_calor_Colombia_2026-09-01.csv,2026-09-04T04:39:22Z
3ead251e8391d0aac2e04de2,2026-09-01T13:15-05:00,2026-09-01T18:15:00Z,2026-09-01,3.49617,-71.6308,VIIRS-NOAA-20,NOAA-20,VIIRS,75.8,25.8,4.6,Nominal,D,0.38,0.36,true,true,Puntos_de_calor_Colombia_2026-09-01.csv,2026-09-04T04:39:22Z
3f8b3d6f1fc4d90c2d73aabb,2026-09-01T13:15-05:00,2026-09-01T18:15:00Z,2026-09-01,5.22255,-70.27503,VIIRS-NOAA-20,NOAA-20,VIIRS,64.4,19.4,5.9,Nominal,D,0.42,0.38,true,true,Puntos_de_calor_Colombia_2026-09-01.csv,2026-09-04T04:39:22Z
4014dd3631d271dcd91a703b,2026-09-01T13:15-05:00,2026-09-01T18:15:00Z,2026-09-01,4.64165,-69.74329,VIIRS-NOAA-20,NOAA-20,VIIRS,57.9,25.6,2.4,Nominal,D,0.43,0.38,true,true,Puntos_de_calor_Colombia_2026-09-01.csv,2026-09-04T04:39:22Z
4141ca32bc798660a898f3b5,2026-09-01T13:15-05:00,2026-09-01T18:15:00Z,2026-09-01,0.85757,-76.03872,VIIRS-NOAA-20,NOAA-20,VIIRS,71,24.2,19.6,Nominal,D,0.56,0.43,true,true,Puntos_de_calor_Colombia_2026-09-01.csv,2026-09-04T04:39:22Z
419370bae5059a8dbd81080e,2026-09-01T13:15-05:00,2026-09-01T18:15:00Z,2026-09-01,0.6841,-70.41638,VIIRS-NOAA-20,NOAA-20,VIIRS,58.3,23,2.6,Nominal,D,0.39,0.36,true,true,Puntos_de_calor_Colombia_2026-09-01.csv,2026-09-04T04:39:22Z
42d7ba9a8db6454f53353c4a,2026-09-01T13:15-05:00,2026-09-01T18:15:00Z,2026-09-01,4.33705,-69.85249,VIIRS-NOAA-20,NOAA-20,VIIRS,59.9,21.9,5.5,Nominal,D,0.43,0.38,true,true,Puntos_de_calor_Colombia_2026-09-01.csv,2026-09-04T04:39:22Z
42fe22ceb3a82817d806196b,2026-09-01T13:15-05:00,2026-09-01T18:15:00Z,2026-09-01,4.62647,-70.32993,VIIRS-NOAA-20,NOAA-20,VIIRS,74.4,25.6,9.2,Nominal,D,0.41,0.37,true,true,Puntos_de_calor_Colombia_2026-09-01.csv,2026-09-04T04:39:22Z
45e5735a62b71e24d7f565de,2026-09-01T13:15-05:00,2026-09-01T18:15:00Z,2026-09-01,3.66174,-71.96997,VIIRS-NOAA-20,NOAA-20,VIIRS,64.7,25.7,4.5,Nominal,D,0.38,0.36,true,true,Puntos_de_calor_Colombia_2026-09-01.csv,2026-09-04T04:39:22Z
45ed09e17756432ca7faebcd,2026-09-01T13:15-05:00,2026-09-01T18:15:00Z,2026-09-01,4.5515,-68.63007,VIIRS-NOAA-20,NOAA-20,VIIRS,60.5,18.9,5.7,Nominal,D,0.49,0.4,true,true,Puntos_de_calor_Colombia_2026-09-01.csv,2026-09-04T04:39:22Z
4adf745ab1ac20c10cb07406,2026-09-01T13:15-05:00,2026-09-01T18:15:00Z,2026-09-01,3.50719,-71.55846,VIIRS-NOAA-20,NOAA-20,VIIRS,58.8,24.8,2.6,Nominal,D,0.39,0.36,true,true,Puntos_de_calor_Colombia_2026-09-01.csv,2026-09-04T04:39:22Z
4bfeac12dfa6b0b0537f3475,2026-09-01T13:15-05:00,2026-09-01T18:15:00Z,2026-09-01,4.06276,-71.4332,VIIRS-NOAA-20,NOAA-20,VIIRS,59.2,25.6,3.9,Nominal,D,0.39,0.36,true,true,Puntos_de_calor_Colombia_2026-09-01.csv,2026-09-04T04:39:22Z
4e3d77be4ebce60515d40ac6,2026-09-01T13:15-05:00,2026-09-01T18:15:00Z,2026-09-01,1.3703,-75.21651,VIIRS-NOAA-20,NOAA-20,VIIRS,57.4,25.1,4.2,Baja,D,0.5,0.41,true,true,Puntos_de_calor_Colombia_2026-09-01.csv,2026-09-04T04:39:22Z
4e9bb7fa1b51fe30900b1a1c,2026-09-01T13:15-05:00,2026-09-01T18:15:00Z,2026-09-01,1.56335,-74.83887,VIIRS-NOAA-20,NOAA-20,VIIRS,67.7,24.4,6.4,Nominal,D,0.47,0.4,true,true,Puntos_de_calor_Colombia_2026-09-01.csv,2026-09-04T04:39:22Z
50d784e6515d56885fba7c5a,2026-09-01T13:15-05:00,2026-09-01T18:15:00Z,2026-09-01,0.89799,-76.08801,VIIRS-NOAA-20,NOAA-20,VIIRS,57.6,23.9,3.7,Nominal,D,0.56,0.43,true,true,Puntos_de_calor_Colombia_2026-09-01.csv,2026-09-04T04:39:22Z
53139e3653972b8ca4497f33,2026-09-01T13:15-05:00,2026-09-01T18:15:00Z,2026-09-01,0.86729,-76.05253,VIIRS-NOAA-20,NOAA-20,VIIRS,72.9,25,13.9,Nominal,D,0.56,0.43,true,true,Puntos_de_calor_Colombia_2026-09-01.csv,2026-09-04T04:39:22Z
539c37d5f3e9e221bacec8cd,2026-09-01T13:15-05:00,2026-09-01T18:15:00Z,2026-09-01,4.93514,-68.56901,VIIRS-NOAA-20,NOAA-20,VIIRS,72.1,20.4,7.6,Nominal,D,0.5,0.41,true,true,Puntos_de_calor_Colombia_2026-09-01.csv,2026-09-04T04:39:22Z
54477ea77ff21d6ba6fbfd69,2026-09-01T13:15-05:00,2026-09-01T18:15:00Z,2026-09-01,0.6958,-70.24953,VIIRS-NOAA-20,NOAA-20,VIIRS,65.2,24.7,3.1,Nominal,D,0.39,0.36,true,true,Puntos_de_calor_Colombia_2026-09-01.csv,2026-09-04T04:39:22Z
55574ee1348e179df33bb18e,2026-09-01T13:15-05:00,2026-09-01T18:15:00Z,2026-09-01,4.91187,-69.89786,VIIRS-NOAA-20,NOAA-20,VIIRS,58.6,23.4,1.5,Nominal,D,0.43,0.38,true,true,Puntos_de_calor_Colombia_2026-09-01.csv,2026-09-04T04:39:22Z
573bcb57bd2a0b90983f76e5,2026-09-01T13:15-05:00,2026-09-01T18:15:00Z,2026-09-01,3.66122,-71.9734,VIIRS-NOAA-20,NOAA-20,VIIRS,60.8,24.6,4.5,Nominal,D,0.38,0.36,true,true,Puntos_de_calor_Colombia_2026-09-01.csv,2026-09-04T04:39:22Z
57e297535bcc3577493f94ac,2026-09-01T13:15-05:00,2026-09-01T18:15:00Z,2026-09-01,4.72267,-70.17741,VIIRS-NOAA-20,NOAA-20,VIIRS,60.8,26.5,4.7,Nominal,D,0.42,0.38,true,true,Puntos_de_calor_Colombia_2026-09-01.csv,2026-09-04T04:39:22Z
58e77ddf07891fd57b44bd49,2026-09-01T13:15-05:00,2026-09-01T18:15:00Z,2026-09-01,3.34049,-71.6517,VIIRS-NOAA-20,NOAA-20,VIIRS,61.5,24.9,13.2,Nominal,D,0.38,0.36,true,true,Puntos_de_calor_Colombia_2026-09-01.csv,2026-09-04T04:39:22Z
591fd4d12c37f1709607edda,2026-09-01T13:15-05:00,2026-09-01T18:15:00Z,2026-09-01,2.82807,-72.38429,VIIRS-NOAA-20,NOAA-20,VIIRS,57.8,24.6,8.2,Nominal,D,0.39,0.36,true,true,Puntos_de_calor_Colombia_2026-09-01.csv,2026-09-04T04:39:22Z
607fc87b49e1bc7162069f56,2026-09-01T13:15-05:00,2026-09-01T18:15:00Z,2026-09-01,5.01187,-68.52496,VIIRS-NOAA-20,NOAA-20,VIIRS,62,22.2,10.5,Nominal,D,0.5,0.41,true,true,Puntos_de_calor_Colombia_2026-09-01.csv,2026-09-04T04:39:22Z
60eac442203ac8ca410ed456,2026-09-01T13:15-05:00,2026-09-01T18:15:00Z,2026-09-01,4.16468,-71.49895,VIIRS-NOAA-20,NOAA-20,VIIRS,59.8,25.4,3.2,Nominal,D,0.39,0.36,true,true,Puntos_de_calor_Colombia_2026-09-01.csv,2026-09-04T04:39:22Z
61d738011c389309a2221f06,2026-09-01T13:15-05:00,2026-09-01T18:15:00Z,2026-09-01,4.1077,-70.26304,VIIRS-NOAA-20,NOAA-20,VIIRS,62.2,17.1,2.3,Nominal,D,0.41,0.37,true,true,Puntos_de_calor_Colombia_2026-09-01.csv,2026-09-04T04:39:22Z
62a613bc6fd94d60f93fba10,2026-09-01T13:15-05:00,2026-09-01T18:15:00Z,2026-09-01,5.71343,-69.51539,VIIRS-NOAA-20,NOAA-20,VIIRS,74.5,24.4,27.9,Nominal,D,0.45,0.39,true,true,Puntos_de_calor_Colombia_2026-09-01.csv,2026-09-04T04:39:22Z
637a18f70d52dd1e32926478,2026-09-01T13:15-05:00,2026-09-01T18:15:00Z,2026-09-01,3.67093,-71.37574,VIIRS-NOAA-20,NOAA-20,VIIRS,61.7,25.4,2.4,Nominal,D,0.39,0.36,true,true,Puntos_de_calor_Colombia_2026-09-01.csv,2026-09-04T04:39:22Z
63f80678a84ee9ce33676bad,2026-09-01T13:15-05:00,2026-09-01T18:15:00Z,2026-09-01,5.00348,-68.55579,VIIRS-NOAA-20,NOAA-20,VIIRS,59.5,22.3,3,Nominal,D,0.5,0.41,true,true,Puntos_de_calor_Colombia_2026-09-01.csv,2026-09-04T04:39:22Z
6998d70b3e55ff1bd2b3d26c,2026-09-01T13:15-05:00,2026-09-01T18:15:00Z,2026-09-01,2.6655,-76.85167,VIIRS-NOAA-20,NOAA-20,VIIRS,81.2,18.5,13.6,Nominal,D,0.4,0.44,true,true,Puntos_de_calor_Colombia_2026-09-01.csv,2026-09-04T04:39:22Z
6bf9700d364ceafdb249cfb6,2026-09-01T13:15-05:00,2026-09-01T18:15:00Z,2026-09-01,1.33492,-74.84093,VIIRS-NOAA-20,NOAA-20,VIIRS,56.9,28.4,8.2,Baja,D,0.47,0.4,true,true,Puntos_de_calor_Colombia_2026-09-01.csv,2026-09-04T04:39:22Z
6cda55f307bdff76b7867843,2026-09-01T13:15-05:00,2026-09-01T18:15:00Z,2026-09-01,0.67294,-70.24249,VIIRS-NOAA-20,NOAA-20,VIIRS,61.8,26.1,8.8,Nominal,D,0.39,0.36,true,true,Puntos_de_calor_Colombia_2026-09-01.csv,2026-09-04T04:39:22Z
6d6f25d30f7367d83abde984,2026-09-01T13:15-05:00,2026-09-01T18:15:00Z,2026-09-01,3.18593,-76.42804,VIIRS-NOAA-20,NOAA-20,VIIRS,61,24.6,2.4,Nominal,D,0.55,0.43,true,true,Puntos_de_calor_Colombia_2026-09-01.csv,2026-09-04T04:39:22Z
6dbd48ad695cd3588d43c729,2026-09-01T13:15-05:00,2026-09-01T18:15:00Z,2026-09-01,4.55215,-68.62569,VIIRS-NOAA-20,NOAA-20,VIIRS,62.2,18.3,6.3,Nominal,D,0.49,0.4,true,true,Puntos_de_calor_Colombia_2026-09-01.csv,2026-09-04T04:39:22Z
6dbddccda490baa631bdb03d,2026-09-01T13:15-05:00,2026-09-01T18:15:00Z,2026-09-01,1.42278,-77.3533,VIIRS-NOAA-20,NOAA-20,VIIRS,78,24.5,25.2,Nominal,D,0.45,0.47,true,true,Puntos_de_calor_Colombia_2026-09-01.csv,2026-09-04T04:39:22Z
70617334b99b1ad619d2fce8,2026-09-01T13:15-05:00,2026-09-01T18:15:00Z,2026-09-01,0.85591,-71.00366,VIIRS-NOAA-20,NOAA-20,VIIRS,57.3,23.1,1.2,Nominal,D,0.39,0.36,true,true,Puntos_de_calor_Colombia_2026-09-01.csv,2026-09-04T04:39:22Z
72ba5ed46c7bf1605f865cd6,2026-09-01T13:15-05:00,2026-09-01T18:15:00Z,2026-09-01,3.18546,-76.42489,VIIRS-NOAA-20,NOAA-20,VIIRS,57.1,24.8,1.9,Nominal,D,0.55,0.43,true,true,Puntos_de_calor_Colombia_2026-09-01.csv,2026-09-04T04:39:22Z
7330f7f9adf061f60b05044b,2026-09-01T13:15-05:00,2026-09-01T18:15:00Z,2026-09-01,3.91582,-71.9544,VIIRS-NOAA-20,NOAA-20,VIIRS,59.1,26.6,3.9,Nominal,D,0.38,0.36,true,true,Puntos_de_calor_Colombia_2026-09-01.csv,2026-09-04T04:39:22Z
740374439af27b2b98e57330,2026-09-01T13:15-05:00,2026-09-01T18:15:00Z,2026-09-01,3.51621,-71.43272,VIIRS-NOAA-20,NOAA-20,VIIRS,68.1,25.9,4.1,Nominal,D,0.39,0.36,true,true,Puntos_de_calor_Colombia_2026-09-01.csv,2026-09-04T04:39:22Z
7497b423d65a6ec04eb38164,2026-09-01T13:15-05:00,2026-09-01T18:15:00Z,2026-09-01,4.72666,-70.17419,VIIRS-NOAA-20,NOAA-20,VIIRS,66.7,25.6,4.4,Nominal,D,0.42,0.38,true,true,Puntos_de_calor_Colombia_2026-09-01.csv,2026-09-04T04:39:22Z
78cee50b6c775d9d5af71d6e,2026-09-01T13:15-05:00,2026-09-01T18:15:00Z,2026-09-01,0.46877,-70.09509,VIIRS-NOAA-20,NOAA-20,VIIRS,59.2,21.6,3.6,Nominal,D,0.4,0.37,true,true,Puntos_de_calor_Colombia_2026-09-01.csv,2026-09-04T04:39:22Z
7a7ccb185966c61e947ccaff,2026-09-01T13:15-05:00,2026-09-01T18:15:00Z,2026-09-01,0.85708,-76.04076,VIIRS-NOAA-20,NOAA-20,VIIRS,60.1,23.9,11.6,Nominal,D,0.56,0.43,true,true,Puntos_de_calor_Colombia_2026-09-01.csv,2026-09-04T04:39:22Z
803ce1247376f592bc2112bf,2026-09-01T13:15-05:00,2026-09-01T18:15:00Z,2026-09-01,1.0774,-76.0445,VIIRS-NOAA-20,NOAA-20,VIIRS,56.6,22.1,3.9,Nominal,D,0.56,0.43,true,true,Puntos_de_calor_Colombia_2026-09-01.csv,2026-09-04T04:39:22Z
80e708413980259be3fe0b6e,2026-09-01T13:15-05:00,2026-09-01T18:15:00Z,2026-09-01,4.2706,-70.11307,VIIRS-NOAA-20,NOAA-20,VIIRS,62.1,22.7,2.7,Nominal,D,0.42,0.37,true,true,Puntos_de_calor_Colombia_2026-09-01.csv,2026-09-04T04:39:22Z
81f6170ef6db5e23864f6966,2026-09-01T13:15-05:00,2026-09-01T18:15:00Z,2026-09-01,3.51289,-71.43222,VIIRS-NOAA-20,NOAA-20,VIIRS,62.6,23.5,1.8,Nominal,D,0.39,0.36,true,true,Puntos_de_calor_Colombia_2026-09-01.csv,2026-09-04T04:39:22Z
876df506c5335e22d04602b8,2026-09-01T13:15-05:00,2026-09-01T18:15:00Z,2026-09-01,5.71701,-69.5159,VIIRS-NOAA-20,NOAA-20,VIIRS,60.7,23.2,3.8,Nominal,D,0.45,0.39,true,true,Puntos_de_calor_Colombia_2026-09-01.csv,2026-09-04T04:39:22Z
8792a2570a988c4a8d9164bb,2026-09-01T13:15-05:00,2026-09-01T18:15:00Z,2026-09-01,1.38792,-77.59821,VIIRS-NOAA-20,NOAA-20,VIIRS,56.5,22.9,4.3,Nominal,D,0.46,0.47,true,true,Puntos_de_calor_Colombia_2026-09-01.csv,2026-09-04T04:39:22Z
87a1327c6d2da9543bbd5847,2026-09-01T13:15-05:00,2026-09-01T18:15:00Z,2026-09-01,4.34756,-70.18202,VIIRS-NOAA-20,NOAA-20,VIIRS,57.2,17.6,5.1,Nominal,D,0.42,0.37,true,true,Puntos_de_calor_Colombia_2026-09-01.csv,2026-09-04T04:39:22Z
884d16d6628d3d15a5fb6cd6,2026-09-01T13:15-05:00,2026-09-01T18:15:00Z,2026-09-01,3.23482,-76.67584,VIIRS-NOAA-20,NOAA-20,VIIRS,61,19.9,7.5,Nominal,D,0.57,0.43,true,true,Puntos_de_calor_Colombia_2026-09-01.csv,2026-09-04T04:39:22Z
894455e6756dad786f881a89,2026-09-01T13:15-05:00,2026-09-01T18:15:00Z,2026-09-01,0.42142,-76.6921,VIIRS-NOAA-20,NOAA-20,VIIRS,59.2,23.4,2.4,Nominal,D,0.42,0.45,true,true,Puntos_de_calor_Colombia_2026-09-01.csv,2026-09-04T04:39:22Z
8a0f71cf7d1fa27a2e5c11e2,2026-09-01T13:15-05:00,2026-09-01T18:15:00Z,2026-09-01,3.05971,-73.48687,VIIRS-NOAA-20,NOAA-20,VIIRS,63.5,26.3,4.5,Baja,D,0.4,0.37,true,true,Puntos_de_calor_Colombia_2026-09-01.csv,2026-09-04T04:39:22Z
8a2100cad6dbe6ed40e151ce,2026-09-01T13:15-05:00,2026-09-01T18:15:00Z,2026-09-01,4.59805,-70.00784,VIIRS-NOAA-20,NOAA-20,VIIRS,75,23.8,9.6,Nominal,D,0.42,0.38,true,true,Puntos_de_calor_Colombia_2026-09-01.csv,2026-09-04T04:39:22Z
8b2fec8a18fc5854d6f082bf,2026-09-01T13:15-05:00,2026-09-01T18:15:00Z,2026-09-01,4.46113,-69.79592,VIIRS-NOAA-20,NOAA-20,VIIRS,72,23.9,9.2,Nominal,D,0.43,0.38,true,true,Puntos_de_calor_Colombia_2026-09-01.csv,2026-09-04T04:39:22Z
8c9682000cfa0fb7d2c40f5c,2026-09-01T13:15-05:00,2026-09-01T18:15:00Z,2026-09-01,2.15222,-77.17622,VIIRS-NOAA-20,NOAA-20,VIIRS,62.2,19.7,3.9,Nominal,D,0.42,0.45,true,true,Puntos_de_calor_Colombia_2026-09-01.csv,2026-09-04T04:39:22Z
8fb3ee3f567748d03cf8fa29,2026-09-01T13:15-05:00,2026-09-01T18:15:00Z,2026-09-01,3.51095,-71.91477,VIIRS-NOAA-20,NOAA-20,VIIRS,77.1,26.6,5.2,Nominal,D,0.38,0.36,true,true,Puntos_de_calor_Colombia_2026-09-01.csv,2026-09-04T04:39:22Z
96fec77bd0f0158a5760dc59,2026-09-01T13:15-05:00,2026-09-01T18:15:00Z,2026-09-01,4.16538,-71.36056,VIIRS-NOAA-20,NOAA-20,VIIRS,67.3,27.2,6.5,Nominal,D,0.39,0.36,true,true,Puntos_de_calor_Colombia_2026-09-01.csv,2026-09-04T04:39:22Z
9a7814f0ea5af6a17f013d70,2026-09-01T13:15-05:00,2026-09-01T18:15:00Z,2026-09-01,1.48379,-77.0254,VIIRS-NOAA-20,NOAA-20,VIIRS,74.7,27,7.4,Nominal,D,0.42,0.45,true,true,Puntos_de_calor_Colombia_2026-09-01.csv,2026-09-04T04:39:22Z
9b7f9bf430e79a01804735a5,2026-09-01T13:15-05:00,2026-09-01T18:15:00Z,2026-09-01,2.83244,-72.37788,VIIRS-NOAA-20,NOAA-20,VIIRS,66.9,26.3,5.9,Nominal,D,0.39,0.36,true,true,Puntos_de_calor_Colombia_2026-09-01.csv,2026-09-04T04:39:22Z
9cabe851326a1e3bb8ff463e,2026-09-01T13:15-05:00,2026-09-01T18:15:00Z,2026-09-01,0.59495,-76.42976,VIIRS-NOAA-20,NOAA-20,VIIRS,65.6,22.6,5.5,Nominal,D,0.4,0.44,true,true,Puntos_de_calor_Colombia_2026-09-01.csv,2026-09-04T04:39:22Z
9d39295999a4ac1b7ad489f8,2026-09-01T13:15-05:00,2026-09-01T18:15:00Z,2026-09-01,5.14973,-70.5976,VIIRS-NOAA-20,NOAA-20,VIIRS,57.6,24,4.2,Nominal,D,0.41,0.37,true,true,Puntos_de_calor_Colombia_2026-09-01.csv,2026-09-04T04:39:22Z
9de3425fb8b1dfea450e7aa2,2026-09-01T13:15-05:00,2026-09-01T18:15:00Z,2026-09-01,3.57759,-72.03456,VIIRS-NOAA-20,NOAA-20,VIIRS,64.4,24.7,3.5,Nominal,D,0.38,0.36,true,true,Puntos_de_calor_Colombia_2026-09-01.csv,2026-09-04T04:39:22Z
a117414426e0157dea858d4c,2026-09-01T13:15-05:00,2026-09-01T18:15:00Z,2026-09-01,5.69697,-76.65832,VIIRS-NOAA-20,NOAA-20,VIIRS,54.1,22.9,6.4,Nominal,D,0.52,0.42,true,true,Puntos_de_calor_Colombia_2026-09-01.csv,2026-09-04T04:39:22Z
a13c78c190cd329e1322102d,2026-09-01T13:15-05:00,2026-09-01T18:15:00Z,2026-09-01,0.63173,-76.48637,VIIRS-NOAA-20,NOAA-20,VIIRS,65.4,22.4,6.3,Nominal,D,0.4,0.44,true,true,Puntos_de_calor_Colombia_2026-09-01.csv,2026-09-04T04:39:22Z
a3994b02865595ad39ea3008,2026-09-01T13:15-05:00,2026-09-01T18:15:00Z,2026-09-01,4.88048,-69.23441,VIIRS-NOAA-20,NOAA-20,VIIRS,71.2,22.5,9.9,Nominal,D,0.46,0.39,true,true,Puntos_de_calor_Colombia_2026-09-01.csv,2026-09-04T04:39:22Z
a3a1aaa1a38be84ba2ac4a6e,2026-09-01T13:15-05:00,2026-09-01T18:15:00Z,2026-09-01,1.0238,-76.28921,VIIRS-NOAA-20,NOAA-20,VIIRS,65.1,24,3.8,Nominal,D,0.39,0.44,true,true,Puntos_de_calor_Colombia_2026-09-01.csv,2026-09-04T04:39:22Z
a5ed4e9733678dd4093a06b7,2026-09-01T13:15-05:00,2026-09-01T18:15:00Z,2026-09-01,3.87095,-71.82349,VIIRS-NOAA-20,NOAA-20,VIIRS,75.1,26.2,6.4,Nominal,D,0.38,0.36,true,true,Puntos_de_calor_Colombia_2026-09-01.csv,2026-09-04T04:39:22Z
a6982ec2b39b2b6a514934d5,2026-09-01T13:15-05:00,2026-09-01T18:15:00Z,2026-09-01,5.01589,-68.49792,VIIRS-NOAA-20,NOAA-20,VIIRS,74.6,13.3,6.9,Nominal,D,0.5,0.41,true,true,Puntos_de_calor_Colombia_2026-09-01.csv,2026-09-04T04:39:22Z
a9b3cfc761c3630b24d2b414,2026-09-01T13:15-05:00,2026-09-01T18:15:00Z,2026-09-01,5.18026,-70.74824,VIIRS-NOAA-20,NOAA-20,VIIRS,59.4,23.9,2.5,Nominal,D,0.4,0.37,true,true,Puntos_de_calor_Colombia_2026-09-01.csv,2026-09-04T04:39:22Z
aa4465a0ccd03699c02c9df8,2026-09-01T13:15-05:00,2026-09-01T18:15:00Z,2026-09-01,4.77931,-70.12813,VIIRS-NOAA-20,NOAA-20,VIIRS,58.5,23.5,4,Nominal,D,0.42,0.38,true,true,Puntos_de_calor_Colombia_2026-09-01.csv,2026-09-04T04:39:22Z
aa467675edb6bd96459a140b,2026-09-01T13:15-05:00,2026-09-01T18:15:00Z,2026-09-01,4.59406,-70.33647,VIIRS-NOAA-20,NOAA-20,VIIRS,60.4,20.3,4,Nominal,D,0.41,0.37,true,true,Puntos_de_calor_Colombia_2026-09-01.csv,2026-09-04T04:39:22Z
acc64d096d0b1e2291319a00,2026-09-01T13:15-05:00,2026-09-01T18:15:00Z,2026-09-01,5.15313,-70.59811,VIIRS-NOAA-20,NOAA-20,VIIRS,76.7,26.3,4.2,Nominal,D,0.41,0.37,true,true,Puntos_de_calor_Colombia_2026-09-01.csv,2026-09-04T04:39:22Z
ae035ea7e424f7a3346e1c50,2026-09-01T13:15-05:00,2026-09-01T18:15:00Z,2026-09-01,3.66944,-71.96808,VIIRS-NOAA-20,NOAA-20,VIIRS,65.7,26.4,6.9,Nominal,D,0.38,0.36,true,true,Puntos_de_calor_Colombia_2026-09-01.csv,2026-09-04T04:39:22Z
b07fc2ec60a10e6efba755b0,2026-09-01T13:15-05:00,2026-09-01T18:15:00Z,2026-09-01,2.8286,-72.38084,VIIRS-NOAA-20,NOAA-20,VIIRS,61.8,25.3,8.2,Nominal,D,0.39,0.36,true,true,Puntos_de_calor_Colombia_2026-09-01.csv,2026-09-04T04:39:22Z
b1a2815b089a376817402fe9,2026-09-01T13:15-05:00,2026-09-01T18:15:00Z,2026-09-01,2.9713,-76.43378,VIIRS-NOAA-20,NOAA-20,VIIRS,59.1,18.7,5.2,Nominal,D,0.56,0.43,true,true,Puntos_de_calor_Colombia_2026-09-01.csv,2026-09-04T04:39:22Z
b1c528b2774fcadb65d9723d,2026-09-01T13:15-05:00,2026-09-01T18:15:00Z,2026-09-01,0.7541,-76.72078,VIIRS-NOAA-20,NOAA-20,VIIRS,70.4,23,5.2,Nominal,D,0.41,0.45,true,true,Puntos_de_calor_Colombia_2026-09-01.csv,2026-09-04T04:39:22Z
b30fb0b0d8dcfafdecabd3d5,2026-09-01T13:15-05:00,2026-09-01T18:15:00Z,2026-09-01,4.53998,-75.83883,VIIRS-NOAA-20,NOAA-20,VIIRS,62.4,25.3,15.8,Baja,D,0.49,0.4,true,true,Puntos_de_calor_Colombia_2026-09-01.csv,2026-09-04T04:39:22Z
b3bcd9977dc2655aec815aa8,2026-09-01T13:15-05:00,2026-09-01T18:15:00Z,2026-09-01,4.41893,-70.35916,VIIRS-NOAA-20,NOAA-20,VIIRS,62.3,22.7,2.9,Nominal,D,0.41,0.37,true,true,Puntos_de_calor_Colombia_2026-09-01.csv,2026-09-04T04:39:22Z
b3eec3d2dea03ea37ea2ec30,2026-09-01T13:15-05:00,2026-09-01T18:15:00Z,2026-09-01,1.35253,-77.2515,VIIRS-NOAA-20,NOAA-20,VIIRS,68.2,30.7,29.7,Nominal,D,0.44,0.46,true,true,Puntos_de_calor_Colombia_2026-09-01.csv,2026-09-04T04:39:22Z
b42d429c300338dfe5cfb642,2026-09-01T13:15-05:00,2026-09-01T18:15:00Z,2026-09-01,3.8146,-71.86071,VIIRS-NOAA-20,NOAA-20,VIIRS,63.8,25.9,4.3,Nominal,D,0.38,0.36,true,true,Puntos_de_calor_Colombia_2026-09-01.csv,2026-09-04T04:39:22Z
b44d00612aadf588fa41464b,2026-09-01T13:15-05:00,2026-09-01T18:15:00Z,2026-09-01,4.67863,-71.107,VIIRS-NOAA-20,NOAA-20,VIIRS,57.8,25,1.5,Nominal,D,0.39,0.37,true,true,Puntos_de_calor_Colombia_2026-09-01.csv,2026-09-04T04:39:22Z
b4500c15cd2eb4f3fab0e342,2026-09-01T13:15-05:00,2026-09-01T18:15:00Z,2026-09-01,2.83191,-72.38133,VIIRS-NOAA-20,NOAA-20,VIIRS,83.5,27.7,8.2,Nominal,D,0.39,0.36,true,true,Puntos_de_calor_Colombia_2026-09-01.csv,2026-09-04T04:39:22Z
b763201b9a3ecbe4080fd647,2026-09-01T13:15-05:00,2026-09-01T18:15:00Z,2026-09-01,3.87425,-71.82398,VIIRS-NOAA-20,NOAA-20,VIIRS,62.3,25.8,6.4,Nominal,D,0.38,0.36,true,true,Puntos_de_calor_Colombia_2026-09-01.csv,2026-09-04T04:39:22Z
b76ab6f8789e78d0a51b958e,2026-09-01T13:15-05:00,2026-09-01T18:15:00Z,2026-09-01,4.55584,-68.62623,VIIRS-NOAA-20,NOAA-20,VIIRS,70.9,20.1,7.4,Nominal,D,0.49,0.4,true,true,Puntos_de_calor_Colombia_2026-09-01.csv,2026-09-04T04:39:22Z
ba907f13c4eb9e70cf15a9a0,2026-09-01T13:15-05:00,2026-09-01T18:15:00Z,2026-09-01,4.20843,-71.07711,VIIRS-NOAA-20,NOAA-20,VIIRS,78.5,25.6,7,Nominal,D,0.39,0.36,true,true,Puntos_de_calor_Colombia_2026-09-01.csv,2026-09-04T04:39:22Z
bc1bd603307d9f7f30b1254b,2026-09-01T13:15-05:00,2026-09-01T18:15:00Z,2026-09-01,0.69178,-70.23093,VIIRS-NOAA-20,NOAA-20,VIIRS,64,24.9,2.9,Nominal,D,0.39,0.36,true,true,Puntos_de_calor_Colombia_2026-09-01.csv,2026-09-04T04:39:22Z
bc51390ff47ce6ce4c5a40fd,2026-09-01T13:15-05:00,2026-09-01T18:15:00Z,2026-09-01,4.59748,-70.01164,VIIRS-NOAA-20,NOAA-20,VIIRS,61.6,25,5.5,Nominal,D,0.42,0.38,true,true,Puntos_de_calor_Colombia_2026-09-01.csv,2026-09-04T04:39:22Z
be2f9562732748bd33733bc5,2026-09-01T13:15-05:00,2026-09-01T18:15:00Z,2026-09-01,3.23634,-71.68832,VIIRS-NOAA-20,NOAA-20,VIIRS,63.8,26.2,2.5,Nominal,D,0.38,0.36,true,true,Puntos_de_calor_Colombia_2026-09-01.csv,2026-09-04T04:39:22Z
bf6dd7bc1267460e75506a2a,2026-09-01T13:15-05:00,2026-09-01T18:15:00Z,2026-09-01,0.975,-75.29002,VIIRS-NOAA-20,NOAA-20,VIIRS,61.4,23.1,2.5,Nominal,D,0.51,0.41,true,true,Puntos_de_calor_Colombia_2026-09-01.csv,2026-09-04T04:39:22Z
c20ed3b9dfbb32dce1c09e29,2026-09-01T13:15-05:00,2026-09-01T18:15:00Z,2026-09-01,3.46788,-71.81641,VIIRS-NOAA-20,NOAA-20,VIIRS,61.1,26.7,2.9,Nominal,D,0.38,0.36,true,true,Puntos_de_calor_Colombia_2026-09-01.csv,2026-09-04T04:39:22Z
c2422c8e70dae0bac980daf4,2026-09-01T13:15-05:00,2026-09-01T18:15:00Z,2026-09-01,0.38161,-76.48787,VIIRS-NOAA-20,NOAA-20,VIIRS,60.2,24.3,2.4,Nominal,D,0.4,0.45,true,true,Puntos_de_calor_Colombia_2026-09-01.csv,2026-09-04T04:39:22Z
c69633559b02fac4f585f1d2,2026-09-01T13:15-05:00,2026-09-01T18:15:00Z,2026-09-01,1.35195,-77.25519,VIIRS-NOAA-20,NOAA-20,VIIRS,37.8,40.4,42.8,Baja,D,0.44,0.46,true,true,Puntos_de_calor_Colombia_2026-09-01.csv,2026-09-04T04:39:22Z
c6a8e2639e6fcd42dd4c4a01,2026-09-01T13:15-05:00,2026-09-01T18:15:00Z,2026-09-01,0.95191,-75.84383,VIIRS-NOAA-20,NOAA-20,VIIRS,61.6,22.3,5.3,Nominal,D,0.54,0.42,true,true,Puntos_de_calor_Colombia_2026-09-01.csv,2026-09-04T04:39:22Z
ca5c9c5bb5e63517ba58a2b9,2026-09-01T13:15-05:00,2026-09-01T18:15:00Z,2026-09-01,0.43043,-76.71635,VIIRS-NOAA-20,NOAA-20,VIIRS,67.4,24.6,11.4,Nominal,D,0.42,0.45,true,true,Puntos_de_calor_Colombia_2026-09-01.csv,2026-09-04T04:39:22Z
ca688fd800bd6bfb45f04bfc,2026-09-01T13:15-05:00,2026-09-01T18:15:00Z,2026-09-01,4.91536,-69.89837,VIIRS-NOAA-20,NOAA-20,VIIRS,66.9,24.9,3.2,Nominal,D,0.43,0.38,true,true,Puntos_de_calor_Colombia_2026-09-01.csv,2026-09-04T04:39:22Z
ca7a80fef36dc19b46c94ded,2026-09-01T13:15-05:00,2026-09-01T18:15:00Z,2026-09-01,3.55744,-71.74256,VIIRS-NOAA-20,NOAA-20,VIIRS,64.3,25,4.8,Nominal,D,0.38,0.36,true,true,Puntos_de_calor_Colombia_2026-09-01.csv,2026-09-04T04:39:22Z
cad59e517c7d8c484937621d,2026-09-01T13:15-05:00,2026-09-01T18:15:00Z,2026-09-01,6.17447,-69.0724,VIIRS-NOAA-20,NOAA-20,VIIRS,61.1,21.5,3.3,Nominal,D,0.48,0.4,true,true,Puntos_de_calor_Colombia_2026-09-01.csv,2026-09-04T04:39:22Z
cbf6bc3ec5589ed0b5e406c8,2026-09-01T13:15-05:00,2026-09-01T18:15:00Z,2026-09-01,3.33666,-71.65466,VIIRS-NOAA-20,NOAA-20,VIIRS,58.1,24.3,1.7,Nominal,D,0.38,0.36,true,true,Puntos_de_calor_Colombia_2026-09-01.csv,2026-09-04T04:39:22Z
cf34781559cf7dd1a400fd9d,2026-09-01T13:15-05:00,2026-09-01T18:15:00Z,2026-09-01,3.33996,-71.65514,VIIRS-NOAA-20,NOAA-20,VIIRS,82.1,28.2,13.2,Nominal,D,0.38,0.36,true,true,Puntos_de_calor_Colombia_2026-09-01.csv,2026-09-04T04:39:22Z
cf415a9d153b10d1e6ca4cf4,2026-09-01T13:15-05:00,2026-09-01T18:15:00Z,2026-09-01,3.33944,-71.65859,VIIRS-NOAA-20,NOAA-20,VIIRS,62.7,25.8,5.2,Nominal,D,0.38,0.36,true,true,Puntos_de_calor_Colombia_2026-09-01.csv,2026-09-04T04:39:22Z
cf4d8cd0db2780057de147be,2026-09-01T13:15-05:00,2026-09-01T18:15:00Z,2026-09-01,4.21177,-71.0776,VIIRS-NOAA-20,NOAA-20,VIIRS,67,24.3,7,Nominal,D,0.39,0.36,true,true,Puntos_de_calor_Colombia_2026-09-01.csv,2026-09-04T04:39:22Z
d1eb608efc86c9b045635825,2026-09-01T13:15-05:00,2026-09-01T18:15:00Z,2026-09-01,3.91529,-71.95784,VIIRS-NOAA-20,NOAA-20,VIIRS,71.7,26.1,3.9,Nominal,D,0.38,0.36,true,true,Puntos_de_calor_Colombia_2026-09-01.csv,2026-09-04T04:39:22Z
d23215f784445e4ee0182b5b,2026-09-01T13:15-05:00,2026-09-01T18:15:00Z,2026-09-01,0.86786,-76.05052,VIIRS-NOAA-20,NOAA-20,VIIRS,68.3,24.6,14.3,Nominal,D,0.56,0.43,true,true,Puntos_de_calor_Colombia_2026-09-01.csv,2026-09-04T04:39:22Z
d2654d7c34acce6c5718de3a,2026-09-01T13:15-05:00,2026-09-01T18:15:00Z,2026-09-01,5.0088,-68.5199,VIIRS-NOAA-20,NOAA-20,VIIRS,60.5,22.8,4.6,Nominal,D,0.5,0.41,true,true,Puntos_de_calor_Colombia_2026-09-01.csv,2026-09-04T04:39:22Z
d2df9e1377070d8b05d07999,2026-09-01T13:15-05:00,2026-09-01T18:15:00Z,2026-09-01,3.68951,-76.04762,VIIRS-NOAA-20,NOAA-20,VIIRS,59.8,28.2,5.6,Nominal,D,0.52,0.41,true,true,Puntos_de_calor_Colombia_2026-09-01.csv,2026-09-04T04:39:22Z
d3817199512a25fe00aa57eb,2026-09-01T13:15-05:00,2026-09-01T18:15:00Z,2026-09-01,1.35669,-77.25248,VIIRS-NOAA-20,NOAA-20,VIIRS,67.4,27.6,11.2,Nominal,D,0.44,0.46,true,true,Puntos_de_calor_Colombia_2026-09-01.csv,2026-09-04T04:39:22Z
d4c4a289f958870bfc8a2640,2026-09-01T13:15-05:00,2026-09-01T18:15:00Z,2026-09-01,0.62433,-70.27443,VIIRS-NOAA-20,NOAA-20,VIIRS,58.7,23.7,3.2,Nominal,D,0.39,0.36,true,true,Puntos_de_calor_Colombia_2026-09-01.csv,2026-09-04T04:39:22Z
d5cf262c6c727da23d5cfdb7,2026-09-01T13:15-05:00,2026-09-01T18:15:00Z,2026-09-01,1.84851,-74.97921,VIIRS-NOAA-20,NOAA-20,VIIRS,57.5,23.4,6.3,Baja,D,0.48,0.4,true,true,Puntos_de_calor_Colombia_2026-09-01.csv,2026-09-04T04:39:22Z
d5e18103049d6a0ade4a8838,2026-09-01T13:15-05:00,2026-09-01T18:15:00Z,2026-09-01,4.27016,-70.11325,VIIRS-NOAA-20,NOAA-20,VIIRS,61.6,22.7,2.5,Nominal,D,0.42,0.37,true,true,Puntos_de_calor_Colombia_2026-09-01.csv,2026-09-04T04:39:22Z
d66be56885d1ca4e7b605b21,2026-09-01T13:15-05:00,2026-09-01T18:15:00Z,2026-09-01,2.54013,-76.59658,VIIRS-NOAA-20,NOAA-20,VIIRS,69,28.2,5,Nominal,D,0.38,0.43,true,true,Puntos_de_calor_Colombia_2026-09-01.csv,2026-09-04T04:39:22Z
d7580741afe8565e28306d3e,2026-09-01T13:15-05:00,2026-09-01T18:15:00Z,2026-09-01,4.93307,-68.56841,VIIRS-NOAA-20,NOAA-20,VIIRS,72.7,19.3,7.9,Nominal,D,0.5,0.41,true,true,Puntos_de_calor_Colombia_2026-09-01.csv,2026-09-04T04:39:22Z
d906e065a49422486604bead,2026-09-01T13:15-05:00,2026-09-01T18:15:00Z,2026-09-01,3.8179,-71.86121,VIIRS-NOAA-20,NOAA-20,VIIRS,71.4,26.3,10.7,Nominal,D,0.38,0.36,true,true,Puntos_de_calor_Colombia_2026-09-01.csv,2026-09-04T04:39:22Z
d99d65c9319f2270703059d6,2026-09-01T13:15-05:00,2026-09-01T18:15:00Z,2026-09-01,0.97538,-76.00299,VIIRS-NOAA-20,NOAA-20,VIIRS,57.5,23.1,3.4,Nominal,D,0.56,0.43,true,true,Puntos_de_calor_Colombia_2026-09-01.csv,2026-09-04T04:39:22Z
d9b62bd2139210f1216a10b8,2026-09-01T13:15-05:00,2026-09-01T18:15:00Z,2026-09-01,0.58403,-75.64858,VIIRS-NOAA-20,NOAA-20,VIIRS,59.1,22.2,3,Nominal,D,0.54,0.42,true,true,Puntos_de_calor_Colombia_2026-09-01.csv,2026-09-04T04:39:22Z
d9e33fc156d61e54686e67c1,2026-09-01T13:15-05:00,2026-09-01T18:15:00Z,2026-09-01,0.67484,-76.28745,VIIRS-NOAA-20,NOAA-20,VIIRS,59.7,25.2,5.2,Nominal,D,0.39,0.44,true,true,Puntos_de_calor_Colombia_2026-09-01.csv,2026-09-04T04:39:22Z
dbf6e35430244997b35e2087,2026-09-01T13:15-05:00,2026-09-01T18:15:00Z,2026-09-01,4.06171,-71.44013,VIIRS-NOAA-20,NOAA-20,VIIRS,73.2,24.4,4.5,Nominal,D,0.39,0.36,true,true,Puntos_de_calor_Colombia_2026-09-01.csv,2026-09-04T04:39:22Z
dc7653dc8052df5ec0f27897,2026-09-01T13:15-05:00,2026-09-01T18:15:00Z,2026-09-01,1.17189,-75.84857,VIIRS-NOAA-20,NOAA-20,VIIRS,59,22.7,6.6,Nominal,D,0.54,0.42,true,true,Puntos_de_calor_Colombia_2026-09-01.csv,2026-09-04T04:39:22Z
dd5b0d82035c28d442e78877,2026-09-01T13:15-05:00,2026-09-01T18:15:00Z,2026-09-01,4.67329,-69.7316,VIIRS-NOAA-20,NOAA-20,VIIRS,57.6,26.4,3.9,Nominal,D,0.43,0.38,true,true,Puntos_de_calor_Colombia_2026-09-01.csv,2026-09-04T04:39:22Z
ddcb934bee641aa5fb2c58b9,2026-09-01T13:15-05:00,2026-09-01T18:15:00Z,2026-09-01,3.66561,-71.97102,VIIRS-NOAA-20,NOAA-20,VIIRS,67,25.4,6.1,Nominal,D,0.38,0.36,true,true,Puntos_de_calor_Colombia_2026-09-01.csv,2026-09-04T04:39:22Z
de70af829f80fd4bbe1f4f75,2026-09-01T13:15-05:00,2026-09-01T18:15:00Z,2026-09-01,1.42342,-77.35295,VIIRS-NOAA-20,NOAA-20,VIIRS,73.1,23.2,22.2,Nominal,D,0.45,0.47,true,true,Puntos_de_calor_Colombia_2026-09-01.csv,2026-09-04T04:39:22Z
df9b2420cc39a7dbae53dd77,2026-09-01T13:15-05:00,2026-09-01T18:15:00Z,2026-09-01,1.43301,-77.12178,VIIRS-NOAA-20,NOAA-20,VIIRS,80,33.6,28.1,Nominal,D,0.43,0.46,true,true,Puntos_de_calor_Colombia_2026-09-01.csv,2026-09-04T04:39:22Z
dfd85d259bb3d130df510544,2026-09-01T13:15-05:00,2026-09-01T18:15:00Z,2026-09-01,4.59402,-70.01113,VIIRS-NOAA-20,NOAA-20,VIIRS,72.7,24.8,5.5,Nominal,D,0.42,0.38,true,true,Puntos_de_calor_Colombia_2026-09-01.csv,2026-09-04T04:39:22Z
e103b3a3a5f8fe52de83b4fc,2026-09-01T13:15-05:00,2026-09-01T18:15:00Z,2026-09-01,4.02938,-73.18391,VIIRS-NOAA-20,NOAA-20,VIIRS,59.8,24.9,2.7,Nominal,D,0.39,0.36,true,true,Puntos_de_calor_Colombia_2026-09-01.csv,2026-09-04T04:39:22Z
e15ffcc5a0df2e3eb6e8e44b,2026-09-01T13:15-05:00,2026-09-01T18:15:00Z,2026-09-01,4.40158,-75.83685,VIIRS-NOAA-20,NOAA-20,VIIRS,64.7,24.2,8.7,Nominal,D,0.49,0.4,true,true,Puntos_de_calor_Colombia_2026-09-01.csv,2026-09-04T04:39:22Z
e1b63220af3c907d1e5a5a77,2026-09-01T13:15-05:00,2026-09-01T18:15:00Z,2026-09-01,0.85794,-75.39924,VIIRS-NOAA-20,NOAA-20,VIIRS,58.6,22.6,3.3,Nominal,D,0.52,0.41,true,true,Puntos_de_calor_Colombia_2026-09-01.csv,2026-09-04T04:39:22Z
e300c4748f0a9a4ef9cc4a3a,2026-09-01T13:15-05:00,2026-09-01T18:15:00Z,2026-09-01,2.67294,-76.7777,VIIRS-NOAA-20,NOAA-20,VIIRS,66.6,24.6,18.8,Nominal,D,0.39,0.44,true,true,Puntos_de_calor_Colombia_2026-09-01.csv,2026-09-04T04:39:22Z
e42eefb02905b46fdff1e651,2026-09-01T13:15-05:00,2026-09-01T18:15:00Z,2026-09-01,3.05577,-73.48997,VIIRS-NOAA-20,NOAA-20,VIIRS,60.4,25.6,6.3,Baja,D,0.4,0.37,true,true,Puntos_de_calor_Colombia_2026-09-01.csv,2026-09-04T04:39:22Z
e80532d808d1d31edbe733c1,2026-09-01T13:15-05:00,2026-09-01T18:15:00Z,2026-09-01,5.82428,-69.04294,VIIRS-NOAA-20,NOAA-20,VIIRS,76.2,25.2,12.7,Nominal,D,0.48,0.4,true,true,Puntos_de_calor_Colombia_2026-09-01.csv,2026-09-04T04:39:22Z
e8f21bd8603233b329203349,2026-09-01T13:15-05:00,2026-09-01T18:15:00Z,2026-09-01,1.02209,-75.75865,VIIRS-NOAA-20,NOAA-20,VIIRS,61.3,23.2,5.7,Nominal,D,0.54,0.42,true,true,Puntos_de_calor_Colombia_2026-09-01.csv,2026-09-04T04:39:22Z
e9b0237c7806eaa814c576b7,2026-09-01T13:15-05:00,2026-09-01T18:15:00Z,2026-09-01,4.78792,-70.11783,VIIRS-NOAA-20,NOAA-20,VIIRS,65.8,25,4.8,Nominal,D,0.42,0.38,true,true,Puntos_de_calor_Colombia_2026-09-01.csv,2026-09-04T04:39:22Z
eadaae777cc9f45c9798ce70,2026-09-01T13:15-05:00,2026-09-01T18:15:00Z,2026-09-01,2.83575,-72.37838,VIIRS-NOAA-20,NOAA-20,VIIRS,68.3,24.8,5.5,Nominal,D,0.39,0.36,true,true,Puntos_de_calor_Colombia_2026-09-01.csv,2026-09-04T04:39:22Z
ec395eb61bd9e234be4a51fc,2026-09-01T13:15-05:00,2026-09-01T18:15:00Z,2026-09-01,5.13208,-70.57623,VIIRS-NOAA-20,NOAA-20,VIIRS,68.3,26.2,4.6,Nominal,D,0.41,0.37,true,true,Puntos_de_calor_Colombia_2026-09-01.csv,2026-09-04T04:39:22Z
ed8d48a0e075ff473928a7e3,2026-09-01T13:15-05:00,2026-09-01T18:15:00Z,2026-09-01,5.13263,-70.57257,VIIRS-NOAA-20,NOAA-20,VIIRS,65.8,26.3,4.6,Nominal,D,0.41,0.37,true,true,Puntos_de_calor_Colombia_2026-09-01.csv,2026-09-04T04:39:22Z
eeae3f2b1cdc78ee716dd7b5,2026-09-01T13:15-05:00,2026-09-01T18:15:00Z,2026-09-01,6.54587,-71.66486,VIIRS-NOAA-20,NOAA-20,VIIRS,61.2,19.5,3.8,Nominal,D,0.39,0.36,true,true,Puntos_de_calor_Colombia_2026-09-01.csv,2026-09-04T04:39:22Z
f1eb93841f96246c96e67b5e,2026-09-01T13:15-05:00,2026-09-01T18:15:00Z,2026-09-01,3.34327,-71.65565,VIIRS-NOAA-20,NOAA-20,VIIRS,81.8,26,13.2,Nominal,D,0.38,0.36,true,true,Puntos_de_calor_Colombia_2026-09-01.csv,2026-09-04T04:39:22Z
f29bc4fc3fad14827ce0d805,2026-09-01T13:15-05:00,2026-09-01T18:15:00Z,2026-09-01,5.82492,-69.03862,VIIRS-NOAA-20,NOAA-20,VIIRS,62.9,24.2,4.7,Nominal,D,0.48,0.4,true,true,Puntos_de_calor_Colombia_2026-09-01.csv,2026-09-04T04:39:22Z
f315dacba5122e0e2559e37c,2026-09-01T13:15-05:00,2026-09-01T18:15:00Z,2026-09-01,1.35612,-77.2561,VIIRS-NOAA-20,NOAA-20,VIIRS,62.8,26.6,10.3,Nominal,D,0.44,0.46,true,true,Puntos_de_calor_Colombia_2026-09-01.csv,2026-09-04T04:39:22Z
f3165b5b8d8aa4f73cb0d903,2026-09-01T13:15-05:00,2026-09-01T18:15:00Z,2026-09-01,1.76806,-75.08987,VIIRS-NOAA-20,NOAA-20,VIIRS,60.7,24.4,5.5,Nominal,D,0.48,0.4,true,true,Puntos_de_calor_Colombia_2026-09-01.csv,2026-09-04T04:39:22Z
f402411035c221ede16dd1b4,2026-09-01T13:15-05:00,2026-09-01T18:15:00Z,2026-09-01,0.97638,-75.2883,VIIRS-NOAA-20,NOAA-20,VIIRS,59.2,22.8,3.2,Nominal,D,0.51,0.41,true,true,Puntos_de_calor_Colombia_2026-09-01.csv,2026-09-04T04:39:22Z
f527966df8a5535477dc537a,2026-09-01T13:15-05:00,2026-09-01T18:15:00Z,2026-09-01,3.5101,-71.876,VIIRS-NOAA-20,NOAA-20,VIIRS,81.1,29.1,21.5,Nominal,D,0.38,0.36,true,true,Puntos_de_calor_Colombia_2026-09-01.csv,2026-09-04T04:39:22Z
f55acc241366af615b580570,2026-09-01T13:15-05:00,2026-09-01T18:15:00Z,2026-09-01,0.25553,-76.76334,VIIRS-NOAA-20,NOAA-20,VIIRS,60.6,23.3,3.4,Nominal,D,0.42,0.45,true,true,Puntos_de_calor_Colombia_2026-09-01.csv,2026-09-04T04:39:22Z
f76c621c1a18d30c68c6fef2,2026-09-01T13:15-05:00,2026-09-01T18:15:00Z,2026-09-01,1.1089,-70.72503,VIIRS-NOAA-20,NOAA-20,VIIRS,61.9,24.1,4.3,Nominal,D,0.39,0.36,true,true,Puntos_de_calor_Colombia_2026-09-01.csv,2026-09-04T04:39:22Z
f93a066e465e00ecc0769b58,2026-09-01T13:15-05:00,2026-09-01T18:15:00Z,2026-09-01,1.03414,-76.1423,VIIRS-NOAA-20,NOAA-20,VIIRS,59.8,19.8,7.6,Nominal,D,0.57,0.43,true,true,Puntos_de_calor_Colombia_2026-09-01.csv,2026-09-04T04:39:22Z
f9a41c48e128f6739b27d319,2026-09-01T13:15-05:00,2026-09-01T18:15:00Z,2026-09-01,3.48875,-71.81654,VIIRS-NOAA-20,NOAA-20,VIIRS,82,27.8,7,Nominal,D,0.38,0.36,true,true,Puntos_de_calor_Colombia_2026-09-01.csv,2026-09-04T04:39:22Z
faa02e8b33a4be154aca6f16,2026-09-01T13:15-05:00,2026-09-01T18:15:00Z,2026-09-01,5.71761,-69.51182,VIIRS-NOAA-20,NOAA-20,VIIRS,68.5,24.1,6,Nominal,D,0.45,0.39,true,true,Puntos_de_calor_Colombia_2026-09-01.csv,2026-09-04T04:39:22Z
fac35d82db0dae9231e9c9cf,2026-09-01T13:15-05:00,2026-09-01T18:15:00Z,2026-09-01,1.90899,-75.0964,VIIRS-NOAA-20,NOAA-20,VIIRS,59.4,26,4.8,Baja,D,0.48,0.4,true,true,Puntos_de_calor_Colombia_2026-09-01.csv,2026-09-04T04:39:22Z
fb102afd5b26571e4f91bd45,2026-09-01T13:15-05:00,2026-09-01T18:15:00Z,2026-09-01,0.85749,-75.40223,VIIRS-NOAA-20,NOAA-20,VIIRS,58.6,22.8,3.5,Nominal,D,0.51,0.41,true,true,Puntos_de_calor_Colombia_2026-09-01.csv,2026-09-04T04:39:22Z
fb120bdba9054ef09f08034d,2026-09-01T13:15-05:00,2026-09-01T18:15:00Z,2026-09-01,1.02004,-75.76046,VIIRS-NOAA-20,NOAA-20,VIIRS,58.8,22.9,3.4,Nominal,D,0.54,0.42,true,true,Puntos_de_calor_Colombia_2026-09-01.csv,2026-09-04T04:39:22Z
ff357872e424f5e4e8690ac9,2026-09-01T13:15-05:00,2026-09-01T18:15:00Z,2026-09-01,4.4425,-69.53006,VIIRS-NOAA-20,NOAA-20,VIIRS,57,21.7,3.2,Nominal,D,0.44,0.38,true,true,Puntos_de_calor_Colombia_2026-09-01.csv,2026-09-04T04:39:22Z
ff6efbaa611110af90aeb2d5,2026-09-01T13:15-05:00,2026-09-01T18:15:00Z,2026-09-01,3.5068,-71.8755,VIIRS-NOAA-20,NOAA-20,VIIRS,61.3,25.5,1.9,Nominal,D,0.38,0.36,true,true,Puntos_de_calor_Colombia_2026-09-01.csv,2026-09-04T04:39:22Z
074a2c793e0dad94d6562496,2026-09-01T13:17-05:00,2026-09-01T18:17:00Z,2026-09-01,11.13739,-72.8406,VIIRS-NOAA-20,NOAA-20,VIIRS,65,28.2,2.3,Nominal,D,0.39,0.36,true,true,Puntos_de_calor_Colombia_2026-09-01.csv,2026-09-04T04:39:22Z
09e62a8d5090dcd1c1572062,2026-09-01T13:17-05:00,2026-09-01T18:17:00Z,2026-09-01,8.26302,-73.87768,VIIRS-NOAA-20,NOAA-20,VIIRS,68.3,21.5,26,Nominal,D,0.39,0.36,true,true,Puntos_de_calor_Colombia_2026-09-01.csv,2026-09-04T04:39:22Z
0bcfc8f314443bf7b9a7df7e,2026-09-01T13:17-05:00,2026-09-01T18:17:00Z,2026-09-01,10.85569,-73.20016,VIIRS-NOAA-20,NOAA-20,VIIRS,61.4,22.2,3.9,Nominal,D,0.39,0.36,true,true,Puntos_de_calor_Colombia_2026-09-01.csv,2026-09-04T04:39:22Z
1fbb03f6d203f12ee3d3f90e,2026-09-01T13:17-05:00,2026-09-01T18:17:00Z,2026-09-01,11.05344,-73.1057,VIIRS-NOAA-20,NOAA-20,VIIRS,57.7,25.8,3,Nominal,D,0.39,0.36,true,true,Puntos_de_calor_Colombia_2026-09-01.csv,2026-09-04T04:39:22Z
562977bd49954c7f6286ca57,2026-09-01T13:17-05:00,2026-09-01T18:17:00Z,2026-09-01,7.89257,-72.59112,VIIRS-NOAA-20,NOAA-20,VIIRS,59.6,29,3.2,Nominal,D,0.39,0.36,true,true,Puntos_de_calor_Colombia_2026-09-01.csv,2026-09-04T04:39:22Z
66d64f65fa84dca2cdcd2b2a,2026-09-01T13:17-05:00,2026-09-01T18:17:00Z,2026-09-01,11.20175,-72.4515,VIIRS-NOAA-20,NOAA-20,VIIRS,64.6,27.4,6.3,Nominal,D,0.4,0.37,true,true,Puntos_de_calor_Colombia_2026-09-01.csv,2026-09-04T04:39:22Z
80b7814fdbc3508c3399f3d2,2026-09-01T13:17-05:00,2026-09-01T18:17:00Z,2026-09-01,7.86365,-72.80313,VIIRS-NOAA-20,NOAA-20,VIIRS,58.2,19.5,3.7,Nominal,D,0.38,0.36,true,true,Puntos_de_calor_Colombia_2026-09-01.csv,2026-09-04T04:39:22Z
818c168aa2544e189afd0974,2026-09-01T13:17-05:00,2026-09-01T18:17:00Z,2026-09-01,8.26248,-73.88117,VIIRS-NOAA-20,NOAA-20,VIIRS,73.2,23.5,27.2,Nominal,D,0.39,0.36,true,true,Puntos_de_calor_Colombia_2026-09-01.csv,2026-09-04T04:39:22Z
836a37b8877d7c60473a43f8,2026-09-01T13:17-05:00,2026-09-01T18:17:00Z,2026-09-01,8.08195,-72.59679,VIIRS-NOAA-20,NOAA-20,VIIRS,63.1,26.7,4.7,Nominal,D,0.39,0.36,true,true,Puntos_de_calor_Colombia_2026-09-01.csv,2026-09-04T04:39:22Z
8c024bea0ad5b7a9348b5bff,2026-09-01T13:17-05:00,2026-09-01T18:17:00Z,2026-09-01,11.12577,-72.82784,VIIRS-NOAA-20,NOAA-20,VIIRS,60.3,26.8,6.5,Nominal,D,0.39,0.36,true,true,Puntos_de_calor_Colombia_2026-09-01.csv,2026-09-04T04:39:22Z
8f8a1213135b79de76114bd4,2026-09-01T13:17-05:00,2026-09-01T18:17:00Z,2026-09-01,8.10726,-72.60801,VIIRS-NOAA-20,NOAA-20,VIIRS,74.2,20.6,5.5,Nominal,D,0.39,0.36,true,true,Puntos_de_calor_Colombia_2026-09-01.csv,2026-09-04T04:39:22Z
b15d6b5181be004bdaba2521,2026-09-01T13:17-05:00,2026-09-01T18:17:00Z,2026-09-01,11.21897,-73.0892,VIIRS-NOAA-20,NOAA-20,VIIRS,62.5,22.3,2.4,Nominal,D,0.39,0.36,true,true,Puntos_de_calor_Colombia_2026-09-01.csv,2026-09-04T04:39:22Z
d6868d77d44017ceed3fc7f9,2026-09-01T13:17-05:00,2026-09-01T18:17:00Z,2026-09-01,11.15922,-72.87651,VIIRS-NOAA-20,NOAA-20,VIIRS,71.3,27.4,4.5,Nominal,D,0.39,0.36,true,true,Puntos_de_calor_Colombia_2026-09-01.csv,2026-09-04T04:39:22Z
e523a573e7da042f0ab1d86a,2026-09-01T13:17-05:00,2026-09-01T18:17:00Z,2026-09-01,11.19798,-72.70778,VIIRS-NOAA-20,NOAA-20,VIIRS,62.7,29.2,3.8,Nominal,D,0.39,0.36,true,true,Puntos_de_calor_Colombia_2026-09-01.csv,2026-09-04T04:39:22Z
e92ab9cb2958e57bcce5353f,2026-09-01T13:17-05:00,2026-09-01T18:17:00Z,2026-09-01,7.88964,-72.56583,VIIRS-NOAA-20,NOAA-20,VIIRS,63.9,31.8,4.7,Nominal,D,0.39,0.36,true,true,Puntos_de_calor_Colombia_2026-09-01.csv,2026-09-04T04:39:22Z
ea2aee8259a6bac8a565d876,2026-09-01T13:17-05:00,2026-09-01T18:17:00Z,2026-09-01,7.93803,-72.65179,VIIRS-NOAA-20,NOAA-20,VIIRS,63.6,23.9,9.1,Nominal,D,0.38,0.36,true,true,Puntos_de_calor_Colombia_2026-09-01.csv,2026-09-04T04:39:22Z
f10e0174277f2069c84fdf86,2026-09-01T13:17-05:00,2026-09-01T18:17:00Z,2026-09-01,11.16745,-72.8669,VIIRS-NOAA-20,NOAA-20,VIIRS,71.1,29.3,9,Nominal,D,0.39,0.36,true,true,Puntos_de_calor_Colombia_2026-09-01.csv,2026-09-04T04:39:22Z
fdc4a12ee77064e61b3dbd83,2026-09-01T13:17-05:00,2026-09-01T18:17:00Z,2026-09-01,8.10673,-72.61152,VIIRS-NOAA-20,NOAA-20,VIIRS,93.9,22.5,9.5,Alta,D,0.39,0.36,true,true,Puntos_de_calor_Colombia_2026-09-01.csv,2026-09-04T04:39:22Z
018a066b09483921ba045964,2026-09-01T14:00-05:00,2026-09-01T19:00:00Z,2026-09-01,0.41041,-76.43401,VIIRS-NOAA-21,NOAA-21,VIIRS,58.6,21,6,Nominal,D,0.58,0.52,true,true,Puntos_de_calor_Colombia_2026-09-01.csv,2026-09-04T04:39:22Z
023fbd2835991440ac42fd3b,2026-09-01T14:00-05:00,2026-09-01T19:00:00Z,2026-09-01,1.18105,-75.07178,VIIRS-NOAA-21,NOAA-21,VIIRS,93.9,21.5,17.2,Alta,D,0.37,0.58,true,true,Puntos_de_calor_Colombia_2026-09-01.csv,2026-09-04T04:39:22Z
07b62e11fd62e1e4845fbb27,2026-09-01T14:00-05:00,2026-09-01T19:00:00Z,2026-09-01,2.75283,-72.10847,VIIRS-NOAA-21,NOAA-21,VIIRS,57.3,13.9,9,Nominal,D,0.63,0.72,true,true,Puntos_de_calor_Colombia_2026-09-01.csv,2026-09-04T04:39:22Z
09b2411ab08341e98ea3e050,2026-09-01T14:00-05:00,2026-09-01T19:00:00Z,2026-09-01,1.17677,-75.07031,VIIRS-NOAA-21,NOAA-21,VIIRS,93.9,22.2,15.5,Alta,D,0.37,0.58,true,true,Puntos_de_calor_Colombia_2026-09-01.csv,2026-09-04T04:39:22Z
0e4b9f35d2993305c54bc62b,2026-09-01T14:00-05:00,2026-09-01T19:00:00Z,2026-09-01,0.66802,-76.28783,VIIRS-NOAA-21,NOAA-21,VIIRS,63.7,22,6.7,Nominal,D,0.6,0.53,true,true,Puntos_de_calor_Colombia_2026-09-01.csv,2026-09-04T04:39:22Z
158dab444f3d93630d18f3b5,2026-09-01T14:00-05:00,2026-09-01T19:00:00Z,2026-09-01,0.95414,-75.84325,VIIRS-NOAA-21,NOAA-21,VIIRS,58.9,20.7,6.5,Nominal,D,0.32,0.55,true,true,Puntos_de_calor_Colombia_2026-09-01.csv,2026-09-04T04:39:22Z
209b3a65b378f8b20f36c4f7,2026-09-01T14:00-05:00,2026-09-01T19:00:00Z,2026-09-01,1.35546,-77.2532,VIIRS-NOAA-21,NOAA-21,VIIRS,66.5,27.4,11.3,Nominal,D,0.53,0.5,true,true,Puntos_de_calor_Colombia_2026-09-01.csv,2026-09-04T04:39:22Z
2145c899e4dfce2ac6bdef12,2026-09-01T14:00-05:00,2026-09-01T19:00:00Z,2026-09-01,0.7572,-75.7206,VIIRS-NOAA-21,NOAA-21,VIIRS,71.3,21.1,5.1,Nominal,D,0.33,0.55,true,true,Puntos_de_calor_Colombia_2026-09-01.csv,2026-09-04T04:39:22Z
22b495d95f568749bde75d07,2026-09-01T14:00-05:00,2026-09-01T19:00:00Z,2026-09-01,0.86373,-76.03431,VIIRS-NOAA-21,NOAA-21,VIIRS,66.6,24.4,13.5,Nominal,D,0.63,0.54,true,true,Puntos_de_calor_Colombia_2026-09-01.csv,2026-09-04T04:39:22Z
249163d7528b5409dadbe484,2026-09-01T14:00-05:00,2026-09-01T19:00:00Z,2026-09-01,2.7594,-72.10937,VIIRS-NOAA-21,NOAA-21,VIIRS,68.7,15.9,9,Nominal,D,0.63,0.72,true,true,Puntos_de_calor_Colombia_2026-09-01.csv,2026-09-04T04:39:22Z
32d069cd6354bdd43d43271e,2026-09-01T14:00-05:00,2026-09-01T19:00:00Z,2026-09-01,0.25637,-76.76077,VIIRS-NOAA-21,NOAA-21,VIIRS,63.9,19.9,5.7,Nominal,D,0.55,0.51,true,true,Puntos_de_calor_Colombia_2026-09-01.csv,2026-09-04T04:39:22Z
574b11c410f4658b46610ee0,2026-09-01T14:00-05:00,2026-09-01T19:00:00Z,2026-09-01,1.24063,-75.64464,VIIRS-NOAA-21,NOAA-21,VIIRS,59.1,18.7,2.2,Nominal,D,0.34,0.56,true,true,Puntos_de_calor_Colombia_2026-09-01.csv,2026-09-04T04:39:22Z
658c5466f3178935caab57e3,2026-09-01T14:00-05:00,2026-09-01T19:00:00Z,2026-09-01,1.18208,-75.07108,VIIRS-NOAA-21,NOAA-21,VIIRS,73.8,20.7,15.5,Nominal,D,0.37,0.58,true,true,Puntos_de_calor_Colombia_2026-09-01.csv,2026-09-04T04:39:22Z
66a65f733045eab463d71577,2026-09-01T14:00-05:00,2026-09-01T19:00:00Z,2026-09-01,2.04054,-73.87802,VIIRS-NOAA-21,NOAA-21,VIIRS,60.9,17.9,10.1,Nominal,D,0.46,0.64,true,true,Puntos_de_calor_Colombia_2026-09-01.csv,2026-09-04T04:39:22Z
6d6943e64f1fa275d36296f9,2026-09-01T14:00-05:00,2026-09-01T19:00:00Z,2026-09-01,1.25156,-75.87939,VIIRS-NOAA-21,NOAA-21,VIIRS,81.8,22,13.2,Nominal,D,0.33,0.55,true,true,Puntos_de_calor_Colombia_2026-09-01.csv,2026-09-04T04:39:22Z
762f848ae484ce1cc5c2b3a4,2026-09-01T14:00-05:00,2026-09-01T19:00:00Z,2026-09-01,1.04268,-75.10168,VIIRS-NOAA-21,NOAA-21,VIIRS,74,20.1,6.7,Nominal,D,0.37,0.58,true,true,Puntos_de_calor_Colombia_2026-09-01.csv,2026-09-04T04:39:22Z
7edeb8da5df0b38513034f8b,2026-09-01T14:00-05:00,2026-09-01T19:00:00Z,2026-09-01,0.89209,-76.39659,VIIRS-NOAA-21,NOAA-21,VIIRS,60,22.2,6,Nominal,D,0.59,0.53,true,true,Puntos_de_calor_Colombia_2026-09-01.csv,2026-09-04T04:39:22Z
82d6a22a78993dbead178e9f,2026-09-01T14:00-05:00,2026-09-01T19:00:00Z,2026-09-01,0.84709,-76.4357,VIIRS-NOAA-21,NOAA-21,VIIRS,59.1,21.6,4.1,Nominal,D,0.59,0.53,true,true,Puntos_de_calor_Colombia_2026-09-01.csv,2026-09-04T04:39:22Z
8fb39860c4cc8b76c67e4ea1,2026-09-01T14:00-05:00,2026-09-01T19:00:00Z,2026-09-01,1.3562,-75.16241,VIIRS-NOAA-21,NOAA-21,VIIRS,81.2,20.7,6,Nominal,D,0.37,0.58,true,true,Puntos_de_calor_Colombia_2026-09-01.csv,2026-09-04T04:39:22Z
914e052babdcbf7679a55030,2026-09-01T14:00-05:00,2026-09-01T19:00:00Z,2026-09-01,1.48222,-74.8601,VIIRS-NOAA-21,NOAA-21,VIIRS,57.4,20.2,3.7,Nominal,D,0.39,0.59,true,true,Puntos_de_calor_Colombia_2026-09-01.csv,2026-09-04T04:39:22Z
a29a46f7ba26fe401f314a60,2026-09-01T14:00-05:00,2026-09-01T19:00:00Z,2026-09-01,0.66924,-76.28548,VIIRS-NOAA-21,NOAA-21,VIIRS,60.1,22.5,5.1,Nominal,D,0.6,0.53,true,true,Puntos_de_calor_Colombia_2026-09-01.csv,2026-09-04T04:39:22Z
a78e132874814a23ff880331,2026-09-01T14:00-05:00,2026-09-01T19:00:00Z,2026-09-01,0.61717,-76.59811,VIIRS-NOAA-21,NOAA-21,VIIRS,59.8,20.2,4.6,Nominal,D,0.57,0.52,true,true,Puntos_de_calor_Colombia_2026-09-01.csv,2026-09-04T04:39:22Z
b6a05c81fce55f066b7a7103,2026-09-01T14:00-05:00,2026-09-01T19:00:00Z,2026-09-01,2.12239,-74.12901,VIIRS-NOAA-21,NOAA-21,VIIRS,64,18.3,8.8,Nominal,D,0.45,0.63,true,true,Puntos_de_calor_Colombia_2026-09-01.csv,2026-09-04T04:39:22Z
c05a5a87b9fbf1c10521eaf3,2026-09-01T14:00-05:00,2026-09-01T19:00:00Z,2026-09-01,1.7683,-74.42329,VIIRS-NOAA-21,NOAA-21,VIIRS,57.7,16.8,2.7,Nominal,D,0.42,0.61,true,true,Puntos_de_calor_Colombia_2026-09-01.csv,2026-09-04T04:39:22Z
c55ec6811dafbf5ce8ccdcc4,2026-09-01T14:00-05:00,2026-09-01T19:00:00Z,2026-09-01,0.37916,-77.21352,VIIRS-NOAA-21,NOAA-21,VIIRS,65.1,19.6,4.2,Nominal,D,0.51,0.49,true,true,Puntos_de_calor_Colombia_2026-09-01.csv,2026-09-04T04:39:22Z
c5cb1c5780e5c81e493c4157,2026-09-01T14:00-05:00,2026-09-01T19:00:00Z,2026-09-01,0.41883,-75.1315,VIIRS-NOAA-21,NOAA-21,VIIRS,73.7,18.5,5.5,Nominal,D,0.36,0.57,true,true,Puntos_de_calor_Colombia_2026-09-01.csv,2026-09-04T04:39:22Z
cb3471f618ec732e6dc921d6,2026-09-01T14:00-05:00,2026-09-01T19:00:00Z,2026-09-01,0.86288,-76.03993,VIIRS-NOAA-21,NOAA-21,VIIRS,61,23.1,13.5,Nominal,D,0.63,0.54,true,true,Puntos_de_calor_Colombia_2026-09-01.csv,2026-09-04T04:39:22Z
d9e557352fea57fcd8175929,2026-09-01T14:00-05:00,2026-09-01T19:00:00Z,2026-09-01,1.17574,-75.07102,VIIRS-NOAA-21,NOAA-21,VIIRS,93.9,20.8,17.2,Alta,D,0.37,0.58,true,true,Puntos_de_calor_Colombia_2026-09-01.csv,2026-09-04T04:39:22Z
dbfd5b6a94a1c2b903098b26,2026-09-01T14:00-05:00,2026-09-01T19:00:00Z,2026-09-01,2.04115,-73.8739,VIIRS-NOAA-21,NOAA-21,VIIRS,93.9,18.9,10.1,Alta,D,0.46,0.64,true,true,Puntos_de_calor_Colombia_2026-09-01.csv,2026-09-04T04:39:22Z
df882796a00e9b7633e59842,2026-09-01T14:00-05:00,2026-09-01T19:00:00Z,2026-09-01,0.97917,-76.11676,VIIRS-NOAA-21,NOAA-21,VIIRS,58.1,21,3.9,Nominal,D,0.62,0.54,true,true,Puntos_de_calor_Colombia_2026-09-01.csv,2026-09-04T04:39:22Z
e6e2b85ea6403773bea528af,2026-09-01T14:00-05:00,2026-09-01T19:00:00Z,2026-09-01,0.11374,-74.63523,VIIRS-NOAA-21,NOAA-21,VIIRS,59.9,20.4,4.4,Nominal,D,0.38,0.59,true,true,Puntos_de_calor_Colombia_2026-09-01.csv,2026-09-04T04:39:22Z
f7b9395b56bc3c9146b4e36f,2026-09-01T14:00-05:00,2026-09-01T19:00:00Z,2026-09-01,1.10688,-76.05264,VIIRS-NOAA-21,NOAA-21,VIIRS,65.7,21.2,12.1,Nominal,D,0.63,0.54,true,true,Puntos_de_calor_Colombia_2026-09-01.csv,2026-09-04T04:39:22Z
ffc4e5999bb3fa15a76ab548,2026-09-01T14:00-05:00,2026-09-01T19:00:00Z,2026-09-01,0.88748,-75.34203,VIIRS-NOAA-21,NOAA-21,VIIRS,57.9,20.4,2,Nominal,D,0.35,0.57,true,true,Puntos_de_calor_Colombia_2026-09-01.csv,2026-09-04T04:39:22Z
0fa5fc6fe49780582631c73d,2026-09-01T14:02-05:00,2026-09-01T19:02:00Z,2026-09-01,3.48733,-71.8167,VIIRS-NOAA-21,NOAA-21,VIIRS,58.2,15.8,8.5,Nominal,D,0.68,0.74,true,true,Puntos_de_calor_Colombia_2026-09-01.csv,2026-09-04T04:39:22Z
16a1f6bdf862caf46588923f,2026-09-01T14:02-05:00,2026-09-01T19:02:00Z,2026-09-01,3.68469,-75.3648,VIIRS-NOAA-21,NOAA-21,VIIRS,80.5,12.8,8.7,Nominal,D,0.39,0.59,true,true,Puntos_de_calor_Colombia_2026-09-01.csv,2026-09-04T04:39:22Z
1dacf34277115b8dcd436cb9,2026-09-01T14:02-05:00,2026-09-01T19:02:00Z,2026-09-01,8.26639,-73.87862,VIIRS-NOAA-21,NOAA-21,VIIRS,57.3,15.8,4.6,Nominal,D,0.57,0.69,true,true,Puntos_de_calor_Colombia_2026-09-01.csv,2026-09-04T04:39:22Z
219c666765283af720796601,2026-09-01T14:02-05:00,2026-09-01T19:02:00Z,2026-09-01,3.4831,-71.81853,VIIRS-NOAA-21,NOAA-21,VIIRS,62.5,15,6.5,Nominal,D,0.68,0.74,true,true,Puntos_de_calor_Colombia_2026-09-01.csv,2026-09-04T04:39:22Z
228bc7bf6230a312058e9321,2026-09-01T14:02-05:00,2026-09-01T19:02:00Z,2026-09-01,4.39708,-75.8203,VIIRS-NOAA-21,NOAA-21,VIIRS,73,20.6,17.2,Nominal,D,0.37,0.58,true,true,Puntos_de_calor_Colombia_2026-09-01.csv,2026-09-04T04:39:22Z
2cae4d7c447276319770c215,2026-09-01T14:02-05:00,2026-09-01T19:02:00Z,2026-09-01,2.90106,-73.63408,VIIRS-NOAA-21,NOAA-21,VIIRS,61.5,17.5,5.3,Nominal,D,0.5,0.66,true,true,Puntos_de_calor_Colombia_2026-09-01.csv,2026-09-04T04:39:22Z
2e18e783f52d354b58ef2e21,2026-09-01T14:02-05:00,2026-09-01T19:02:00Z,2026-09-01,3.94994,-70.97342,VIIRS-NOAA-21,NOAA-21,VIIRS,57.8,13.1,9.7,Nominal,D,0.79,0.78,true,true,Puntos_de_calor_Colombia_2026-09-01.csv,2026-09-04T04:39:22Z
32e2a7ee851d95712da92274,2026-09-01T14:02-05:00,2026-09-01T19:02:00Z,2026-09-01,4.39691,-75.81857,VIIRS-NOAA-21,NOAA-21,VIIRS,70.9,24.6,34.7,Nominal,D,0.37,0.58,true,true,Puntos_de_calor_Colombia_2026-09-01.csv,2026-09-04T04:39:22Z
473e3d02b901c9ffebf27833,2026-09-01T14:02-05:00,2026-09-01T19:02:00Z,2026-09-01,4.39273,-75.81313,VIIRS-NOAA-21,NOAA-21,VIIRS,73,20.1,11.6,Nominal,D,0.37,0.58,true,true,Puntos_de_calor_Colombia_2026-09-01.csv,2026-09-04T04:39:22Z
57d852bf2388ddb8220a6e83,2026-09-01T14:02-05:00,2026-09-01T19:02:00Z,2026-09-01,9.58789,-75.33342,VIIRS-NOAA-21,NOAA-21,VIIRS,57.8,13.9,4.5,Nominal,D,0.47,0.64,true,true,Puntos_de_calor_Colombia_2026-09-01.csv,2026-09-04T04:39:22Z
5c8ae0a9782837d09440538e,2026-09-01T14:02-05:00,2026-09-01T19:02:00Z,2026-09-01,4.39224,-75.81648,VIIRS-NOAA-21,NOAA-21,VIIRS,93.9,23.9,11.6,Alta,D,0.37,0.58,true,true,Puntos_de_calor_Colombia_2026-09-01.csv,2026-09-04T04:39:22Z
6a602f42240b06a6d2a87ae7,2026-09-01T14:02-05:00,2026-09-01T19:02:00Z,2026-09-01,4.39737,-75.81524,VIIRS-NOAA-21,NOAA-21,VIIRS,93.9,25.2,34.7,Alta,D,0.37,0.58,true,true,Puntos_de_calor_Colombia_2026-09-01.csv,2026-09-04T04:39:22Z
7793873802ca9085ec275f13,2026-09-01T14:02-05:00,2026-09-01T19:02:00Z,2026-09-01,3.81709,-71.85105,VIIRS-NOAA-21,NOAA-21,VIIRS,72.9,16.4,13.9,Nominal,D,0.68,0.74,true,true,Puntos_de_calor_Colombia_2026-09-01.csv,2026-09-04T04:39:22Z
820efea7a7a2b94b9dc271a1,2026-09-01T14:02-05:00,2026-09-01T19:02:00Z,2026-09-01,3.05966,-73.48651,VIIRS-NOAA-21,NOAA-21,VIIRS,82.7,16.5,14.3,Baja,D,0.51,0.66,true,true,Puntos_de_calor_Colombia_2026-09-01.csv,2026-09-04T04:39:22Z
8a9060fc78bf6190b4f22af5,2026-09-01T14:02-05:00,2026-09-01T19:02:00Z,2026-09-01,4.40048,-75.8339,VIIRS-NOAA-21,NOAA-21,VIIRS,69.8,19.2,6.1,Nominal,D,0.37,0.58,true,true,Puntos_de_calor_Colombia_2026-09-01.csv,2026-09-04T04:39:22Z
932428049717830e1321788c,2026-09-01T14:02-05:00,2026-09-01T19:02:00Z,2026-09-01,3.81439,-71.85194,VIIRS-NOAA-21,NOAA-21,VIIRS,63.7,15.9,15.2,Nominal,D,0.68,0.74,true,true,Puntos_de_calor_Colombia_2026-09-01.csv,2026-09-04T04:39:22Z
9995d7b01142ad42a9b77f43,2026-09-01T14:02-05:00,2026-09-01T19:02:00Z,2026-09-01,3.63518,-76.29643,VIIRS-NOAA-21,NOAA-21,VIIRS,93.9,24.4,17,Alta,D,0.33,0.55,true,true,Puntos_de_calor_Colombia_2026-09-01.csv,2026-09-04T04:39:22Z
a7161b4c5a54c63e15dddaa6,2026-09-01T14:02-05:00,2026-09-01T19:02:00Z,2026-09-01,2.67315,-76.78093,VIIRS-NOAA-21,NOAA-21,VIIRS,64.2,21.1,5.5,Nominal,D,0.6,0.53,true,true,Puntos_de_calor_Colombia_2026-09-01.csv,2026-09-04T04:39:22Z
b24d4526c5ecf3d42843ed83,2026-09-01T14:02-05:00,2026-09-01T19:02:00Z,2026-09-01,4.74331,-76.25047,VIIRS-NOAA-21,NOAA-21,VIIRS,56.7,17.1,2.9,Nominal,D,0.35,0.57,true,true,Puntos_de_calor_Colombia_2026-09-01.csv,2026-09-04T04:39:22Z
bb7127d8e1a577cd7485ae0c,2026-09-01T14:02-05:00,2026-09-01T19:02:00Z,2026-09-01,3.15058,-76.38814,VIIRS-NOAA-21,NOAA-21,VIIRS,67.5,20.5,3.9,Nominal,D,0.32,0.55,true,true,Puntos_de_calor_Colombia_2026-09-01.csv,2026-09-04T04:39:22Z
cb9f91783c5804f39828a04e,2026-09-01T14:02-05:00,2026-09-01T19:02:00Z,2026-09-01,3.44982,-73.95436,VIIRS-NOAA-21,NOAA-21,VIIRS,70.2,15.7,7.4,Nominal,D,0.48,0.65,true,true,Puntos_de_calor_Colombia_2026-09-01.csv,2026-09-04T04:39:22Z
cc1cc17abb88bf6abe6e6507,2026-09-01T14:02-05:00,2026-09-01T19:02:00Z,2026-09-01,4.39756,-75.81698,VIIRS-NOAA-21,NOAA-21,VIIRS,80.3,28.8,23.9,Nominal,D,0.37,0.58,true,true,Puntos_de_calor_Colombia_2026-09-01.csv,2026-09-04T04:39:22Z
d12a45aa66e8b28dedba23c8,2026-09-01T14:02-05:00,2026-09-01T19:02:00Z,2026-09-01,4.39805,-75.81364,VIIRS-NOAA-21,NOAA-21,VIIRS,78.5,19.3,23.9,Nominal,D,0.37,0.58,true,true,Puntos_de_calor_Colombia_2026-09-01.csv,2026-09-04T04:39:22Z
d5bce91ef2d5a5f11708a231,2026-09-01T14:02-05:00,2026-09-01T19:02:00Z,2026-09-01,3.64559,-75.05424,VIIRS-NOAA-21,NOAA-21,VIIRS,93.9,21.1,35.8,Alta,D,0.41,0.6,true,true,Puntos_de_calor_Colombia_2026-09-01.csv,2026-09-04T04:39:22Z
d5e77ae7daa11abd6b97b848,2026-09-01T14:02-05:00,2026-09-01T19:02:00Z,2026-09-01,4.39995,-75.83553,VIIRS-NOAA-21,NOAA-21,VIIRS,65,19.1,4,Nominal,D,0.37,0.58,true,true,Puntos_de_calor_Colombia_2026-09-01.csv,2026-09-04T04:39:22Z
dcd2d18be30fafdf65c4d33f,2026-09-01T14:02-05:00,2026-09-01T19:02:00Z,2026-09-01,3.94697,-70.97021,VIIRS-NOAA-21,NOAA-21,VIIRS,58,12.7,13.3,Nominal,D,0.79,0.78,true,true,Puntos_de_calor_Colombia_2026-09-01.csv,2026-09-04T04:39:22Z
e137ff4f99faf559d94f908b,2026-09-01T14:02-05:00,2026-09-01T19:02:00Z,2026-09-01,3.48982,-71.81966,VIIRS-NOAA-21,NOAA-21,VIIRS,54.8,13.8,6.5,Nominal,D,0.68,0.74,true,true,Puntos_de_calor_Colombia_2026-09-01.csv,2026-09-04T04:39:22Z
e69ab3cdd7afa3e5f5887836,2026-09-01T14:02-05:00,2026-09-01T19:02:00Z,2026-09-01,4.40528,-75.83591,VIIRS-NOAA-21,NOAA-21,VIIRS,93.9,24.2,12.2,Alta,D,0.37,0.58,true,true,Puntos_de_calor_Colombia_2026-09-01.csv,2026-09-04T04:39:22Z
f582ec8aae6301901483e7b1,2026-09-01T14:02-05:00,2026-09-01T19:02:00Z,2026-09-01,3.0657,-73.48742,VIIRS-NOAA-21,NOAA-21,VIIRS,69.1,15.6,14.3,Nominal,D,0.51,0.66,true,true,Puntos_de_calor_Colombia_2026-09-01.csv,2026-09-04T04:39:22Z
fe26187c7a510b91f63790bf,2026-09-01T14:02-05:00,2026-09-01T19:02:00Z,2026-09-01,4.40581,-75.83431,VIIRS-NOAA-21,NOAA-21,VIIRS,82.4,23.2,12.4,Nominal,D,0.37,0.58,true,true,Puntos_de_calor_Colombia_2026-09-01.csv,2026-09-04T04:39:22Z
753fd5ca2bff26fbcf203323,2026-09-01T14:38-05:00,2026-09-01T19:38:00Z,2026-09-01,2.25711,-77.01634,VIIRS-Suomi-NPP,Suomi-NPP,VIIRS,69.2,8.9,14.2,Nominal,D,0.74,0.76,true,false,Puntos_de_calor_Colombia_2026-09-01.csv,2026-09-04T04:39:22Z
efa714d5561555f35d53a97d,2026-09-01T14:38-05:00,2026-09-01T19:38:00Z,2026-09-01,2.26125,-77.01378,VIIRS-Suomi-NPP,Suomi-NPP,VIIRS,84.2,1,22.7,Baja,D,0.74,0.76,true,false,Puntos_de_calor_Colombia_2026-09-01.csv,2026-09-04T04:39:22Z
f097ca37cf14a451950f800e,2026-09-01T14:38-05:00,2026-09-01T19:38:00Z,2026-09-01,2.26059,-77.0183,VIIRS-Suomi-NPP,Suomi-NPP,VIIRS,61.4,9.4,22.7,Nominal,D,0.74,0.76,true,false,Puntos_de_calor_Colombia_2026-09-01.csv,2026-09-04T04:39:22Z
26026ed356e0b8db6f9d1c74,2026-09-01T14:47-05:00,2026-09-01T19:47:00Z,2026-09-01,4.99124,-70.46351,MODIS-Aqua,Aqua,MODIS,40.9,20.1,28.7,66 %,D,2.87,1.62,true,true,Puntos_de_calor_Colombia_2026-09-01.csv,2026-09-04T04:39:22Z
4393808e49c7a89910eb2b7e,2026-09-01T14:47-05:00,2026-09-01T19:47:00Z,2026-09-01,5.21812,-70.67176,MODIS-Aqua,Aqua,MODIS,40.5,18,33.9,64 %,D,2.96,1.64,true,true,Puntos_de_calor_Colombia_2026-09-01.csv,2026-09-04T04:39:22Z
4c6ec424c078eb0b31c9fd16,2026-09-01T14:47-05:00,2026-09-01T19:47:00Z,2026-09-01,4.7827,-68.73685,MODIS-Aqua,Aqua,MODIS,40.6,13.2,25.2,62 %,D,2.09,1.41,true,true,Puntos_de_calor_Colombia_2026-09-01.csv,2026-09-04T04:39:22Z
6d29cb7d09bfa2292df641a0,2026-09-01T14:47-05:00,2026-09-01T19:47:00Z,2026-09-01,5.8142,-69.04914,MODIS-Aqua,Aqua,MODIS,38,15.7,12.3,13 %,D,2.12,1.42,true,true,Puntos_de_calor_Colombia_2026-09-01.csv,2026-09-04T04:39:22Z
a5c1262db88129c69fc693f0,2026-09-01T14:47-05:00,2026-09-01T19:47:00Z,2026-09-01,5.88249,-68.78488,MODIS-Aqua,Aqua,MODIS,43.4,19.2,28.1,39 %,D,2.02,1.38,true,true,Puntos_de_calor_Colombia_2026-09-01.csv,2026-09-04T04:39:22Z
b4f6e268390d4f06f4e2c333,2026-09-01T14:47-05:00,2026-09-01T19:47:00Z,2026-09-01,5.87804,-68.7791,MODIS-Aqua,Aqua,MODIS,44.6,19.5,27.1,34 %,D,2.02,1.38,true,true,Puntos_de_calor_Colombia_2026-09-01.csv,2026-09-04T04:39:22Z
d8a86f426376e561ebdc90e7,2026-09-01T14:47-05:00,2026-09-01T19:47:00Z,2026-09-01,5.88533,-68.76741,MODIS-Aqua,Aqua,MODIS,51.7,19.1,52.8,78 %,D,2.01,1.38,true,true,Puntos_de_calor_Colombia_2026-09-01.csv,2026-09-04T04:39:22Z
e3c9433208d207166c6e98f7,2026-09-01T14:47-05:00,2026-09-01T19:47:00Z,2026-09-01,5.21509,-70.66657,MODIS-Aqua,Aqua,MODIS,40.7,17.8,33.7,65 %,D,2.96,1.64,true,true,Puntos_de_calor_Colombia_2026-09-01.csv,2026-09-04T04:39:22Z
1b1d6a9fe190c652ef27f784,2026-09-01T14:49-05:00,2026-09-01T19:49:00Z,2026-09-01,8.17339,-73.0033,MODIS-Aqua,Aqua,MODIS,45.5,10.6,111.7,70 %,D,4.03,1.86,true,true,Puntos_de_calor_Colombia_2026-09-01.csv,2026-09-04T04:39:22Z
9346785a6df3944d82da3196,2026-09-01T14:49-05:00,2026-09-01T19:49:00Z,2026-09-01,8.1786,-72.97446,MODIS-Aqua,Aqua,MODIS,50,9.8,142.9,57 %,D,4,1.86,true,true,Puntos_de_calor_Colombia_2026-09-01.csv,2026-09-04T04:39:22Z
9b355ea86768348a9d54abae,2026-09-01T14:49-05:00,2026-09-01T19:49:00Z,2026-09-01,8.18099,-72.99911,MODIS-Aqua,Aqua,MODIS,53.4,11.4,180.1,75 %,D,4.03,1.86,true,true,Puntos_de_calor_Colombia_2026-09-01.csv,2026-09-04T04:39:22Z
82797be59f8b5e347ae08dd4,2026-09-02T00:57-05:00,2026-09-02T05:57:00Z,2026-09-02,11.13381,-72.57349,VIIRS-NOAA-21,NOAA-21,VIIRS,30.7,12,3.4,Nominal,N,0.47,0.48,true,true,Puntos_de_calor_Colombia_2026-09-02.csv,2026-09-05T04:35:36Z
32d98e7c1d05460c0bad16de,2026-09-02T01:33-05:00,2026-09-02T06:33:00Z,2026-09-02,11.02952,-72.6603,VIIRS-Suomi-NPP,Suomi-NPP,VIIRS,34.1,13.9,,Nominal,N,0.38,0.36,true,false,Puntos_de_calor_Colombia_2026-09-02.csv,2026-09-05T04:35:36Z
33010f24574403fd99ec8bb5,2026-09-02T01:33-05:00,2026-09-02T06:33:00Z,2026-09-02,11.03284,-72.65977,VIIRS-Suomi-NPP,Suomi-NPP,VIIRS,30.8,13.9,,Nominal,N,0.38,0.36,true,false,Puntos_de_calor_Colombia_2026-09-02.csv,2026-09-05T04:35:36Z
4ae40e63d7ee65063a1261a4,2026-09-02T01:33-05:00,2026-09-02T06:33:00Z,2026-09-02,9.74116,-73.50999,VIIRS-Suomi-NPP,Suomi-NPP,VIIRS,31.8,10.8,,Nominal,N,0.39,0.36,true,false,Puntos_de_calor_Colombia_2026-09-02.csv,2026-09-05T04:35:36Z
5bfafebad7edd5e18a5c1f48,2026-09-02T01:33-05:00,2026-09-02T06:33:00Z,2026-09-02,10.97548,-72.72647,VIIRS-Suomi-NPP,Suomi-NPP,VIIRS,31.9,12.1,,Nominal,N,0.38,0.36,true,false,Puntos_de_calor_Colombia_2026-09-02.csv,2026-09-05T04:35:36Z
b83d93812716ce2a7e19fe6b,2026-09-02T01:33-05:00,2026-09-02T06:33:00Z,2026-09-02,9.76225,-73.47359,VIIRS-Suomi-NPP,Suomi-NPP,VIIRS,42.1,14.6,1.8,Nominal,N,0.39,0.36,true,false,Puntos_de_calor_Colombia_2026-09-02.csv,2026-09-05T04:35:36Z
003585896932f92c89f92410,2026-09-02T01:35-05:00,2026-09-02T06:35:00Z,2026-09-02,5.46574,-73.55578,VIIRS-Suomi-NPP,Suomi-NPP,VIIRS,53.7,1.8,1.4,Nominal,N,0.38,0.36,true,false,Puntos_de_calor_Colombia_2026-09-02.csv,2026-09-05T04:35:36Z
0f240ae6c1f52a1e4d7e37da,2026-09-02T01:35-05:00,2026-09-02T06:35:00Z,2026-09-02,3.43708,-71.88065,VIIRS-Suomi-NPP,Suomi-NPP,VIIRS,54.5,16.1,2.3,Nominal,N,0.43,0.38,true,false,Puntos_de_calor_Colombia_2026-09-02.csv,2026-09-05T04:35:36Z
1ffd3c8069741f71badf9543,2026-09-02T01:35-05:00,2026-09-02T06:35:00Z,2026-09-02,3.43869,-71.8756,VIIRS-Suomi-NPP,Suomi-NPP,VIIRS,31.6,15.6,1.9,Nominal,N,0.43,0.38,true,false,Puntos_de_calor_Colombia_2026-09-02.csv,2026-09-05T04:35:36Z
22e43693291746657ed86b97,2026-09-02T01:35-05:00,2026-09-02T06:35:00Z,2026-09-02,3.43995,-71.87626,VIIRS-Suomi-NPP,Suomi-NPP,VIIRS,58.3,16.4,2.3,Nominal,N,0.43,0.38,true,false,Puntos_de_calor_Colombia_2026-09-02.csv,2026-09-05T04:35:36Z
358ca58ff8f8acf9975b491a,2026-09-02T01:35-05:00,2026-09-02T06:35:00Z,2026-09-02,3.43581,-71.88001,VIIRS-Suomi-NPP,Suomi-NPP,VIIRS,31.3,15.4,1.9,Nominal,N,0.43,0.38,true,false,Puntos_de_calor_Colombia_2026-09-02.csv,2026-09-05T04:35:36Z
5058cda4820931a2c4cd20cd,2026-09-02T01:35-05:00,2026-09-02T06:35:00Z,2026-09-02,3.43991,-71.8833,VIIRS-Suomi-NPP,Suomi-NPP,VIIRS,43.9,16,2.1,Nominal,N,0.43,0.38,true,false,Puntos_de_calor_Colombia_2026-09-02.csv,2026-09-05T04:35:36Z
766c2b6853c7b44af12cd289,2026-09-02T01:35-05:00,2026-09-02T06:35:00Z,2026-09-02,3.44057,-71.8801,VIIRS-Suomi-NPP,Suomi-NPP,VIIRS,51,16.2,2.3,Nominal,N,0.43,0.38,true,false,Puntos_de_calor_Colombia_2026-09-02.csv,2026-09-05T04:35:36Z
a1d2e5d45368aba748ae6944,2026-09-02T01:35-05:00,2026-09-02T06:35:00Z,2026-09-02,3.08157,-76.37106,VIIRS-Suomi-NPP,Suomi-NPP,VIIRS,29.7,15.1,1.1,Nominal,N,0.42,0.37,true,false,Puntos_de_calor_Colombia_2026-09-02.csv,2026-09-05T04:35:36Z
c6c5d194881c5dffb0403a0d,2026-09-02T01:35-05:00,2026-09-02T06:35:00Z,2026-09-02,3.07813,-76.37159,VIIRS-Suomi-NPP,Suomi-NPP,VIIRS,42,14,1.7,Nominal,N,0.42,0.37,true,false,Puntos_de_calor_Colombia_2026-09-02.csv,2026-09-05T04:35:36Z
cdb75982c035b581ae40293e,2026-09-02T01:35-05:00,2026-09-02T06:35:00Z,2026-09-02,5.46628,-73.5592,VIIRS-Suomi-NPP,Suomi-NPP,VIIRS,23.2,-0.5,1.4,Nominal,N,0.38,0.36,true,false,Puntos_de_calor_Colombia_2026-09-02.csv,2026-09-05T04:35:36Z
db43fe11d40cd210d1c16563,2026-09-02T01:35-05:00,2026-09-02T06:35:00Z,2026-09-02,5.46298,-73.55973,VIIRS-Suomi-NPP,Suomi-NPP,VIIRS,30.8,-1.8,1.4,Nominal,N,0.38,0.36,true,false,Puntos_de_calor_Colombia_2026-09-02.csv,2026-09-05T04:35:36Z
ec59edcb8daba03e721c59b9,2026-09-02T01:35-05:00,2026-09-02T06:35:00Z,2026-09-02,3.4393,-71.87946,VIIRS-Suomi-NPP,Suomi-NPP,VIIRS,64.8,16.7,1.9,Nominal,N,0.43,0.38,true,false,Puntos_de_calor_Colombia_2026-09-02.csv,2026-09-05T04:35:36Z
431446c84b7a12d251a48205,2026-09-02T01:52-05:00,2026-09-02T06:52:00Z,2026-09-02,10.97549,-72.72704,VIIRS-NOAA-20,NOAA-20,VIIRS,33.6,9.2,1.2,Nominal,N,0.47,0.48,true,true,Puntos_de_calor_Colombia_2026-09-02.csv,2026-09-05T04:35:36Z
54019588d19d94fb34a6536b,2026-09-02T01:52-05:00,2026-09-02T06:52:00Z,2026-09-02,11.03067,-72.65984,VIIRS-NOAA-20,NOAA-20,VIIRS,28.8,7.9,1.7,Nominal,N,0.47,0.48,true,true,Puntos_de_calor_Colombia_2026-09-02.csv,2026-09-05T04:35:36Z
81fce3a43af98474fcaa95de,2026-09-02T01:52-05:00,2026-09-02T06:52:00Z,2026-09-02,10.97981,-72.72621,VIIRS-NOAA-20,NOAA-20,VIIRS,29.2,9,1.2,Nominal,N,0.47,0.48,true,true,Puntos_de_calor_Colombia_2026-09-02.csv,2026-09-05T04:35:36Z
26e606eea214f02c366554d0,2026-09-02T01:54-05:00,2026-09-02T06:54:00Z,2026-09-02,9.72132,-73.52267,VIIRS-NOAA-20,NOAA-20,VIIRS,26.7,3.6,1.1,Nominal,N,0.44,0.46,true,true,Puntos_de_calor_Colombia_2026-09-02.csv,2026-09-05T04:35:36Z
17fff98e3bf4264d5384bffb,2026-09-02T01:57-05:00,2026-09-02T06:57:00Z,2026-09-02,3.44185,-71.88055,VIIRS-NOAA-20,NOAA-20,VIIRS,29.8,10.4,1.1,Nominal,N,0.36,0.57,true,true,Puntos_de_calor_Colombia_2026-09-02.csv,2026-09-05T04:35:36Z
1a209c90ebdbaa2c5eb758eb,2026-09-02T01:57-05:00,2026-09-02T06:57:00Z,2026-09-02,3.43662,-71.88138,VIIRS-NOAA-20,NOAA-20,VIIRS,45.5,10.5,1.1,Nominal,N,0.36,0.57,true,true,Puntos_de_calor_Colombia_2026-09-02.csv,2026-09-05T04:35:36Z
990836bd08725fac0cc363d2,2026-09-02T01:57-05:00,2026-09-02T06:57:00Z,2026-09-02,3.43723,-71.88165,VIIRS-NOAA-20,NOAA-20,VIIRS,45.3,10.5,1.5,Nominal,N,0.36,0.57,true,true,Puntos_de_calor_Colombia_2026-09-02.csv,2026-09-05T04:35:36Z
9ca41c737577812c73297d59,2026-09-02T01:57-05:00,2026-09-02T06:57:00Z,2026-09-02,3.19957,-76.62705,VIIRS-NOAA-20,NOAA-20,VIIRS,33.2,4.8,2.9,Nominal,N,0.53,0.42,true,true,Puntos_de_calor_Colombia_2026-09-02.csv,2026-09-05T04:35:36Z
a5056f8059122581d888c94b,2026-09-02T01:57-05:00,2026-09-02T06:57:00Z,2026-09-02,3.44192,-71.87767,VIIRS-NOAA-20,NOAA-20,VIIRS,40.6,10.1,1.5,Nominal,N,0.36,0.57,true,true,Puntos_de_calor_Colombia_2026-09-02.csv,2026-09-05T04:35:36Z
a9e58a85f3cf7678ff4cfddc,2026-09-02T01:57-05:00,2026-09-02T06:57:00Z,2026-09-02,3.44133,-71.87737,VIIRS-NOAA-20,NOAA-20,VIIRS,42.5,9.8,1.1,Nominal,N,0.36,0.57,true,true,Puntos_de_calor_Colombia_2026-09-02.csv,2026-09-05T04:35:36Z
4939a4932cdf151c6840940e,2026-09-02T08:27-05:00,2026-09-02T13:27:00Z,2026-09-02,3.42733,-71.87313,MODIS-Terra,Terra,MODIS,36.8,19.5,4.2,32 %,D,1.03,1.01,true,true,Puntos_de_calor_Colombia_2026-09-02.csv,2026-09-05T04:35:36Z
93d7c84b44f953d1dbdcf95f,2026-09-02T08:27-05:00,2026-09-02T13:27:00Z,2026-09-02,3.4286,-71.88216,MODIS-Terra,Terra,MODIS,42.9,20.4,9.1,72 %,D,1.03,1.01,true,true,Puntos_de_calor_Colombia_2026-09-02.csv,2026-09-05T04:35:36Z
f857971ef49f5d7a7f77f7c0,2026-09-02T08:27-05:00,2026-09-02T13:27:00Z,2026-09-02,3.43626,-71.8719,MODIS-Terra,Terra,MODIS,60.1,20.5,28.8,87 %,D,1.03,1.01,true,true,Puntos_de_calor_Colombia_2026-09-02.csv,2026-09-05T04:35:36Z
00bc15e8409bf720ea52d218,2026-09-02T12:39-05:00,2026-09-02T17:39:00Z,2026-09-02,4.8999,-68.30988,VIIRS-Suomi-NPP,Suomi-NPP,VIIRS,69.5,19.8,10,Nominal,D,0.54,0.51,true,false,Puntos_de_calor_Colombia_2026-09-02.csv,2026-09-05T04:35:36Z
0e8b4de8a39b275a88c0110e,2026-09-02T12:39-05:00,2026-09-02T17:39:00Z,2026-09-02,2.77055,-73.5865,VIIRS-Suomi-NPP,Suomi-NPP,VIIRS,63.3,11.8,7.4,Nominal,D,0.67,0.74,true,false,Puntos_de_calor_Colombia_2026-09-02.csv,2026-09-05T04:35:36Z
0e9e30d546adeed96dcfb130,2026-09-02T12:39-05:00,2026-09-02T17:39:00Z,2026-09-02,3.5219,-71.67921,VIIRS-Suomi-NPP,Suomi-NPP,VIIRS,62.2,14.1,3.7,Nominal,D,0.49,0.65,true,false,Puntos_de_calor_Colombia_2026-09-02.csv,2026-09-05T04:35:36Z
2bfaf58b67065ef7743282a7,2026-09-02T12:39-05:00,2026-09-02T17:39:00Z,2026-09-02,3.52326,-71.67902,VIIRS-Suomi-NPP,Suomi-NPP,VIIRS,64.3,14.3,8.4,Nominal,D,0.49,0.65,true,false,Puntos_de_calor_Colombia_2026-09-02.csv,2026-09-05T04:35:36Z
342607c4ba8a00b5c797c6af,2026-09-02T12:39-05:00,2026-09-02T17:39:00Z,2026-09-02,2.95786,-72.15978,VIIRS-Suomi-NPP,Suomi-NPP,VIIRS,61.7,13.9,5.2,Nominal,D,0.53,0.67,true,false,Puntos_de_calor_Colombia_2026-09-02.csv,2026-09-05T04:35:36Z
5adadf526d79a08f13a938e3,2026-09-02T12:39-05:00,2026-09-02T17:39:00Z,2026-09-02,4.8952,-68.30915,VIIRS-Suomi-NPP,Suomi-NPP,VIIRS,67.6,19.9,10,Nominal,D,0.54,0.51,true,false,Puntos_de_calor_Colombia_2026-09-02.csv,2026-09-05T04:35:36Z
6eaaa09b0058e66edfa9e9ed,2026-09-02T12:39-05:00,2026-09-02T17:39:00Z,2026-09-02,3.31354,-72.28561,VIIRS-Suomi-NPP,Suomi-NPP,VIIRS,56.6,13.4,4.3,Nominal,D,0.54,0.68,true,false,Puntos_de_calor_Colombia_2026-09-02.csv,2026-09-05T04:35:36Z
7618878074bef4babeb667e5,2026-09-02T12:39-05:00,2026-09-02T17:39:00Z,2026-09-02,2.77046,-73.5888,VIIRS-Suomi-NPP,Suomi-NPP,VIIRS,59.7,11.5,4.8,Nominal,D,0.67,0.74,true,false,Puntos_de_calor_Colombia_2026-09-02.csv,2026-09-05T04:35:36Z
763d87f0ca950146aa97cf42,2026-09-02T12:39-05:00,2026-09-02T17:39:00Z,2026-09-02,4.89438,-68.31408,VIIRS-Suomi-NPP,Suomi-NPP,VIIRS,57.2,19.1,10,Nominal,D,0.54,0.51,true,false,Puntos_de_calor_Colombia_2026-09-02.csv,2026-09-05T04:35:36Z
7b8b0df0ad8c2175f0c27ffa,2026-09-02T12:39-05:00,2026-09-02T17:39:00Z,2026-09-02,2.95702,-72.16471,VIIRS-Suomi-NPP,Suomi-NPP,VIIRS,56.7,14.6,5.2,Nominal,D,0.53,0.67,true,false,Puntos_de_calor_Colombia_2026-09-02.csv,2026-09-05T04:35:36Z
86f40ae1ea296ad7ee615c9a,2026-09-02T12:39-05:00,2026-09-02T17:39:00Z,2026-09-02,4.1988,-71.83566,VIIRS-Suomi-NPP,Suomi-NPP,VIIRS,57.8,13.3,4,Nominal,D,0.49,0.65,true,false,Puntos_de_calor_Colombia_2026-09-02.csv,2026-09-05T04:35:36Z
8927abeb8f141ad009c747ce,2026-09-02T12:39-05:00,2026-09-02T17:39:00Z,2026-09-02,4.05793,-72.35532,VIIRS-Suomi-NPP,Suomi-NPP,VIIRS,62.6,11.6,5.9,Nominal,D,0.53,0.67,true,false,Puntos_de_calor_Colombia_2026-09-02.csv,2026-09-05T04:35:36Z
a80c275a9bbac419153b7d8c,2026-09-02T12:39-05:00,2026-09-02T17:39:00Z,2026-09-02,3.41856,-71.88202,VIIRS-Suomi-NPP,Suomi-NPP,VIIRS,56.4,5.1,6.1,Nominal,D,0.5,0.66,true,false,Puntos_de_calor_Colombia_2026-09-02.csv,2026-09-05T04:35:36Z
a9f081c055d3209c6ecc7b16,2026-09-02T12:39-05:00,2026-09-02T17:39:00Z,2026-09-02,4.05878,-72.35051,VIIRS-Suomi-NPP,Suomi-NPP,VIIRS,67.4,12.3,10,Nominal,D,0.53,0.67,true,false,Puntos_de_calor_Colombia_2026-09-02.csv,2026-09-05T04:35:36Z
b8218fd23695fc721e86b8af,2026-09-02T12:39-05:00,2026-09-02T17:39:00Z,2026-09-02,3.49701,-71.60741,VIIRS-Suomi-NPP,Suomi-NPP,VIIRS,72.2,11.1,5.5,Nominal,D,0.48,0.65,true,false,Puntos_de_calor_Colombia_2026-09-02.csv,2026-09-05T04:35:36Z
c0c7456be0c9b500e357d5b6,2026-09-02T12:39-05:00,2026-09-02T17:39:00Z,2026-09-02,3.52087,-71.57515,VIIRS-Suomi-NPP,Suomi-NPP,VIIRS,60.9,12.3,4.5,Nominal,D,0.48,0.65,true,false,Puntos_de_calor_Colombia_2026-09-02.csv,2026-09-05T04:35:36Z
e152df613e87f521b390abfb,2026-09-02T12:39-05:00,2026-09-02T17:39:00Z,2026-09-02,2.70625,-72.90395,VIIRS-Suomi-NPP,Suomi-NPP,VIIRS,55.4,13.6,4.2,Nominal,D,0.61,0.71,true,false,Puntos_de_calor_Colombia_2026-09-02.csv,2026-09-05T04:35:36Z
f18d1f5eb93715e93631bb35,2026-09-02T12:39-05:00,2026-09-02T17:39:00Z,2026-09-02,2.95329,-72.14894,VIIRS-Suomi-NPP,Suomi-NPP,VIIRS,78.5,14.4,10.6,Nominal,D,0.53,0.67,true,false,Puntos_de_calor_Colombia_2026-09-02.csv,2026-09-05T04:35:36Z
f5469066bcb85579c3643e6d,2026-09-02T12:39-05:00,2026-09-02T17:39:00Z,2026-09-02,2.90362,-72.2295,VIIRS-Suomi-NPP,Suomi-NPP,VIIRS,58,14,4.6,Nominal,D,0.54,0.68,true,false,Puntos_de_calor_Colombia_2026-09-02.csv,2026-09-05T04:35:36Z
2bb1a3e5d2a70fff9a1f10fc,2026-09-02T12:41-05:00,2026-09-02T17:41:00Z,2026-09-02,7.68247,-72.48266,VIIRS-Suomi-NPP,Suomi-NPP,VIIRS,64,12.9,13.7,Nominal,D,0.47,0.64,true,false,Puntos_de_calor_Colombia_2026-09-02.csv,2026-09-05T04:35:36Z
2fe190a3317e6736c6d87917,2026-09-02T12:41-05:00,2026-09-02T17:41:00Z,2026-09-02,10.55452,-74.2961,VIIRS-Suomi-NPP,Suomi-NPP,VIIRS,71.4,15.9,4.5,Nominal,D,0.55,0.68,true,false,Puntos_de_calor_Colombia_2026-09-02.csv,2026-09-05T04:35:36Z
7cc1626a1c553541fd142b29,2026-09-02T12:41-05:00,2026-09-02T17:41:00Z,2026-09-02,7.68614,-72.47993,VIIRS-Suomi-NPP,Suomi-NPP,VIIRS,83.7,15.5,22.4,Baja,D,0.47,0.64,true,false,Puntos_de_calor_Colombia_2026-09-02.csv,2026-09-05T04:35:36Z
d14009d8bfcbf58aa84c7ed2,2026-09-02T12:41-05:00,2026-09-02T17:41:00Z,2026-09-02,10.55291,-74.29218,VIIRS-Suomi-NPP,Suomi-NPP,VIIRS,58.4,16.1,6.8,Nominal,D,0.55,0.68,true,false,Puntos_de_calor_Colombia_2026-09-02.csv,2026-09-05T04:35:36Z
e7dcb9d9412f86e2016d13c7,2026-09-02T12:41-05:00,2026-09-02T17:41:00Z,2026-09-02,9.82868,-75.05332,VIIRS-Suomi-NPP,Suomi-NPP,VIIRS,57.3,15.1,4.2,Nominal,D,0.64,0.72,true,false,Puntos_de_calor_Colombia_2026-09-02.csv,2026-09-05T04:35:36Z
eb3de1ae327c2e777d344cb2,2026-09-02T12:41-05:00,2026-09-02T17:41:00Z,2026-09-02,7.68304,-72.47951,VIIRS-Suomi-NPP,Suomi-NPP,VIIRS,93.9,18,13.7,Alta,D,0.47,0.64,true,false,Puntos_de_calor_Colombia_2026-09-02.csv,2026-09-05T04:35:36Z
ed79d5f6d2a127c849b7dab9,2026-09-02T12:41-05:00,2026-09-02T17:41:00Z,2026-09-02,7.67974,-72.48154,VIIRS-Suomi-NPP,Suomi-NPP,VIIRS,55.2,14.4,4.4,Nominal,D,0.47,0.64,true,false,Puntos_de_calor_Colombia_2026-09-02.csv,2026-09-05T04:35:36Z
f1ed5b7642b89c0f9360fb40,2026-09-02T12:41-05:00,2026-09-02T17:41:00Z,2026-09-02,7.68037,-72.47818,VIIRS-Suomi-NPP,Suomi-NPP,VIIRS,62.2,15.8,4.4,Nominal,D,0.47,0.64,true,false,Puntos_de_calor_Colombia_2026-09-02.csv,2026-09-05T04:35:36Z
26fe6ff06c85ce63ce992d5e,2026-09-02T12:56-05:00,2026-09-02T17:56:00Z,2026-09-02,2.11017,-72.95892,VIIRS-NOAA-20,NOAA-20,VIIRS,65,17.5,5.7,Nominal,D,0.46,0.47,true,true,Puntos_de_calor_Colombia_2026-09-02.csv,2026-09-05T04:35:36Z
40bb2ec2aca6648e34b8f6c3,2026-09-02T12:56-05:00,2026-09-02T17:56:00Z,2026-09-02,2.10954,-72.96302,VIIRS-NOAA-20,NOAA-20,VIIRS,77.1,20,6.4,Nominal,D,0.46,0.47,true,true,Puntos_de_calor_Colombia_2026-09-02.csv,2026-09-05T04:35:36Z
59662cf96bfeaf153ba6b76b,2026-09-02T12:56-05:00,2026-09-02T17:56:00Z,2026-09-02,2.11204,-72.96213,VIIRS-NOAA-20,NOAA-20,VIIRS,93.9,19.5,13.9,Alta,D,0.46,0.47,true,true,Puntos_de_calor_Colombia_2026-09-02.csv,2026-09-05T04:35:36Z
cee281bb0e296ef1cbdee5f4,2026-09-02T12:56-05:00,2026-09-02T17:56:00Z,2026-09-02,2.11385,-72.96368,VIIRS-NOAA-20,NOAA-20,VIIRS,61.7,18.4,6.4,Nominal,D,0.46,0.47,true,true,Puntos_de_calor_Colombia_2026-09-02.csv,2026-09-05T04:35:36Z
ee7fea62f246d1d746e50720,2026-09-02T12:56-05:00,2026-09-02T17:56:00Z,2026-09-02,1.81551,-71.00284,VIIRS-NOAA-20,NOAA-20,VIIRS,55.8,20.7,4.4,Nominal,D,0.52,0.42,true,true,Puntos_de_calor_Colombia_2026-09-02.csv,2026-09-05T04:35:36Z
069dbcc938fc6ba7c04a2112,2026-09-02T12:58-05:00,2026-09-02T17:58:00Z,2026-09-02,3.38031,-73.2915,VIIRS-NOAA-20,NOAA-20,VIIRS,68.1,20.5,4.8,Nominal,D,0.46,0.47,true,true,Puntos_de_calor_Colombia_2026-09-02.csv,2026-09-05T04:35:36Z
0cd1b2ff245fef0470675b5c,2026-09-02T12:58-05:00,2026-09-02T17:58:00Z,2026-09-02,6.9021,-75.84785,VIIRS-NOAA-20,NOAA-20,VIIRS,74.8,19.1,14.2,Nominal,D,0.61,0.53,true,true,Puntos_de_calor_Colombia_2026-09-02.csv,2026-09-05T04:35:36Z
1008e2a8e984b284e717716f,2026-09-02T12:58-05:00,2026-09-02T17:58:00Z,2026-09-02,2.69188,-76.38396,VIIRS-NOAA-20,NOAA-20,VIIRS,83.1,21,14.7,Nominal,D,0.39,0.59,true,true,Puntos_de_calor_Colombia_2026-09-02.csv,2026-09-05T04:35:36Z
146fcf2af474536f374360c4,2026-09-02T12:58-05:00,2026-09-02T17:58:00Z,2026-09-02,3.41893,-71.88955,VIIRS-NOAA-20,NOAA-20,VIIRS,60.5,15.5,6.2,Nominal,D,0.56,0.43,true,true,Puntos_de_calor_Colombia_2026-09-02.csv,2026-09-05T04:35:36Z
14aa331a49d66cddfe476a8f,2026-09-02T12:58-05:00,2026-09-02T17:58:00Z,2026-09-02,3.10843,-72.29527,VIIRS-NOAA-20,NOAA-20,VIIRS,60.8,21.8,6.8,Nominal,D,0.4,0.44,true,true,Puntos_de_calor_Colombia_2026-09-02.csv,2026-09-05T04:35:36Z
1850fba8e02a3c739bd3252f,2026-09-02T12:58-05:00,2026-09-02T17:58:00Z,2026-09-02,2.95437,-72.16169,VIIRS-NOAA-20,NOAA-20,VIIRS,73.4,20.8,10.8,Nominal,D,0.4,0.44,true,true,Puntos_de_calor_Colombia_2026-09-02.csv,2026-09-05T04:35:36Z
19ff89984a7672b76930d499,2026-09-02T12:58-05:00,2026-09-02T17:58:00Z,2026-09-02,7.90169,-73.77926,VIIRS-NOAA-20,NOAA-20,VIIRS,56.9,21.4,2.1,Nominal,D,0.42,0.45,true,true,Puntos_de_calor_Colombia_2026-09-02.csv,2026-09-05T04:35:36Z
1e011146ce52ee779a8e9e15,2026-09-02T12:58-05:00,2026-09-02T17:58:00Z,2026-09-02,3.63981,-71.52734,VIIRS-NOAA-20,NOAA-20,VIIRS,62.3,20.2,6.8,Nominal,D,0.53,0.42,true,true,Puntos_de_calor_Colombia_2026-09-02.csv,2026-09-05T04:35:36Z
213d48aab8879beb88c3c5df,2026-09-02T12:58-05:00,2026-09-02T17:58:00Z,2026-09-02,2.76948,-73.58533,VIIRS-NOAA-20,NOAA-20,VIIRS,81.9,20.5,19.5,Nominal,D,0.49,0.49,true,true,Puntos_de_calor_Colombia_2026-09-02.csv,2026-09-05T04:35:36Z
273f80894c71ea28ffe59b68,2026-09-02T12:58-05:00,2026-09-02T17:58:00Z,2026-09-02,4.05892,-72.3518,VIIRS-NOAA-20,NOAA-20,VIIRS,69.9,22.4,5,Nominal,D,0.39,0.44,true,true,Puntos_de_calor_Colombia_2026-09-02.csv,2026-09-05T04:35:36Z
299258429f0e20837d2aad5c,2026-09-02T12:58-05:00,2026-09-02T17:58:00Z,2026-09-02,8.59362,-73.93043,VIIRS-NOAA-20,NOAA-20,VIIRS,65.9,19.8,8.3,Nominal,D,0.42,0.45,true,true,Puntos_de_calor_Colombia_2026-09-02.csv,2026-09-05T04:35:36Z
30ed204978d9f9cea8166e15,2026-09-02T12:58-05:00,2026-09-02T17:58:00Z,2026-09-02,3.49303,-71.47199,VIIRS-NOAA-20,NOAA-20,VIIRS,65.5,19.8,8.1,Nominal,D,0.53,0.42,true,true,Puntos_de_calor_Colombia_2026-09-02.csv,2026-09-05T04:35:36Z
3135d6108a0dbcf06b69b6c3,2026-09-02T12:58-05:00,2026-09-02T17:58:00Z,2026-09-02,3.92494,-67.70927,VIIRS-NOAA-20,NOAA-20,VIIRS,63.5,26.1,3.2,Nominal,D,0.39,0.36,true,true,Puntos_de_calor_Colombia_2026-09-02.csv,2026-09-05T04:35:36Z
3639b738d52190179f42f974,2026-09-02T12:58-05:00,2026-09-02T17:58:00Z,2026-09-02,3.41477,-71.64096,VIIRS-NOAA-20,NOAA-20,VIIRS,58.9,20.3,4.3,Nominal,D,0.54,0.42,true,true,Puntos_de_calor_Colombia_2026-09-02.csv,2026-09-05T04:35:36Z
391172e0e9604590ecaef3f9,2026-09-02T12:58-05:00,2026-09-02T17:58:00Z,2026-09-02,4.01178,-74.7694,VIIRS-NOAA-20,NOAA-20,VIIRS,61.5,19.8,3.5,Nominal,D,0.57,0.52,true,true,Puntos_de_calor_Colombia_2026-09-02.csv,2026-09-05T04:35:36Z
41def293a0e4628d292fc4aa,2026-09-02T12:58-05:00,2026-09-02T17:58:00Z,2026-09-02,7.33791,-73.37827,VIIRS-NOAA-20,NOAA-20,VIIRS,70.2,21.6,30.8,Nominal,D,0.41,0.45,true,true,Puntos_de_calor_Colombia_2026-09-02.csv,2026-09-05T04:35:36Z
4b3b5df541425c87fe24075b,2026-09-02T12:58-05:00,2026-09-02T17:58:00Z,2026-09-02,2.75861,-75.57401,VIIRS-NOAA-20,NOAA-20,VIIRS,57,20.5,1.6,Nominal,D,0.34,0.56,true,true,Puntos_de_calor_Colombia_2026-09-02.csv,2026-09-05T04:35:36Z
4bb8e95f710a61b3a882a9e6,2026-09-02T12:58-05:00,2026-09-02T17:58:00Z,2026-09-02,8.58949,-73.92972,VIIRS-NOAA-20,NOAA-20,VIIRS,67.5,21.3,7,Nominal,D,0.42,0.45,true,true,Puntos_de_calor_Colombia_2026-09-02.csv,2026-09-05T04:35:36Z
4d3d42543d48a90603798213,2026-09-02T12:58-05:00,2026-09-02T17:58:00Z,2026-09-02,2.8011,-73.86461,VIIRS-NOAA-20,NOAA-20,VIIRS,59.1,17.8,4.6,Nominal,D,0.52,0.5,true,true,Puntos_de_calor_Colombia_2026-09-02.csv,2026-09-05T04:35:36Z
4e1af5002c35b2552638b4c3,2026-09-02T12:58-05:00,2026-09-02T17:58:00Z,2026-09-02,2.59391,-76.46046,VIIRS-NOAA-20,NOAA-20,VIIRS,71,22.7,7.4,Nominal,D,0.4,0.6,true,true,Puntos_de_calor_Colombia_2026-09-02.csv,2026-09-05T04:35:36Z
513453cf73a25a5be2098598,2026-09-02T12:58-05:00,2026-09-02T17:58:00Z,2026-09-02,4.1991,-71.83312,VIIRS-NOAA-20,NOAA-20,VIIRS,67.3,20.5,6.4,Nominal,D,0.55,0.42,true,true,Puntos_de_calor_Colombia_2026-09-02.csv,2026-09-05T04:35:36Z
58b211fd09a0938f87f3f662,2026-09-02T12:58-05:00,2026-09-02T17:58:00Z,2026-09-02,3.52035,-71.57386,VIIRS-NOAA-20,NOAA-20,VIIRS,67.5,22.1,5.1,Nominal,D,0.54,0.42,true,true,Puntos_de_calor_Colombia_2026-09-02.csv,2026-09-05T04:35:36Z
62e2fb9c4f94abd778fd900a,2026-09-02T12:58-05:00,2026-09-02T17:58:00Z,2026-09-02,3.2775,-75.24849,VIIRS-NOAA-20,NOAA-20,VIIRS,68.9,24.2,12,Nominal,D,0.63,0.54,true,true,Puntos_de_calor_Colombia_2026-09-02.csv,2026-09-05T04:35:36Z
643dbf86189f69e96dae3361,2026-09-02T12:58-05:00,2026-09-02T17:58:00Z,2026-09-02,2.91586,-76.36382,VIIRS-NOAA-20,NOAA-20,VIIRS,67.4,15.8,4.4,Nominal,D,0.38,0.59,true,true,Puntos_de_calor_Colombia_2026-09-02.csv,2026-09-05T04:35:36Z
7099232f73cd5962de4732e9,2026-09-02T12:58-05:00,2026-09-02T17:58:00Z,2026-09-02,7.29488,-74.7558,VIIRS-NOAA-20,NOAA-20,VIIRS,56.9,18.8,2.9,Nominal,D,0.5,0.49,true,true,Puntos_de_calor_Colombia_2026-09-02.csv,2026-09-05T04:35:36Z
73d7cfe0e51c541dc4f09087,2026-09-02T12:58-05:00,2026-09-02T17:58:00Z,2026-09-02,3.64269,-71.52534,VIIRS-NOAA-20,NOAA-20,VIIRS,59.1,20.2,7.7,Nominal,D,0.53,0.42,true,true,Puntos_de_calor_Colombia_2026-09-02.csv,2026-09-05T04:35:36Z
75a6eb4b5bb1d8125b12d90f,2026-09-02T12:58-05:00,2026-09-02T17:58:00Z,2026-09-02,4.06293,-72.35242,VIIRS-NOAA-20,NOAA-20,VIIRS,66.5,21.9,3.1,Nominal,D,0.39,0.44,true,true,Puntos_de_calor_Colombia_2026-09-02.csv,2026-09-05T04:35:36Z
7665c1baecc70cbc5b0a7ac5,2026-09-02T12:58-05:00,2026-09-02T17:58:00Z,2026-09-02,5.09861,-74.71112,VIIRS-NOAA-20,NOAA-20,VIIRS,59.8,26.6,7.5,Nominal,D,0.54,0.51,true,true,Puntos_de_calor_Colombia_2026-09-02.csv,2026-09-05T04:35:36Z
773a51e577592990f0958222,2026-09-02T12:58-05:00,2026-09-02T17:58:00Z,2026-09-02,2.45913,-76.49171,VIIRS-NOAA-20,NOAA-20,VIIRS,77.2,23.2,7.9,Nominal,D,0.4,0.6,true,true,Puntos_de_calor_Colombia_2026-09-02.csv,2026-09-05T04:35:36Z
81a71696c7b791aa622218bd,2026-09-02T12:58-05:00,2026-09-02T17:58:00Z,2026-09-02,8.31938,-72.71027,VIIRS-NOAA-20,NOAA-20,VIIRS,60.3,21.6,4.9,Nominal,D,0.54,0.42,true,true,Puntos_de_calor_Colombia_2026-09-02.csv,2026-09-05T04:35:36Z
85dfef2a75b6cec48391c1be,2026-09-02T12:58-05:00,2026-09-02T17:58:00Z,2026-09-02,3.4979,-71.54092,VIIRS-NOAA-20,NOAA-20,VIIRS,62.6,22.3,5,Nominal,D,0.54,0.42,true,true,Puntos_de_calor_Colombia_2026-09-02.csv,2026-09-05T04:35:36Z
8949b12f6fc702822bc33ed5,2026-09-02T12:58-05:00,2026-09-02T17:58:00Z,2026-09-02,3.41295,-71.64333,VIIRS-NOAA-20,NOAA-20,VIIRS,64.2,20.3,6.1,Nominal,D,0.54,0.42,true,true,Puntos_de_calor_Colombia_2026-09-02.csv,2026-09-05T04:35:36Z
8ac040a4f3033d29d9ca9901,2026-09-02T12:58-05:00,2026-09-02T17:58:00Z,2026-09-02,8.66273,-72.80872,VIIRS-NOAA-20,NOAA-20,VIIRS,60.6,22.8,6.7,Nominal,D,0.54,0.42,true,true,Puntos_de_calor_Colombia_2026-09-02.csv,2026-09-05T04:35:36Z
8adb3d07aeec0a57d1c3dbb2,2026-09-02T12:58-05:00,2026-09-02T17:58:00Z,2026-09-02,2.76828,-73.58382,VIIRS-NOAA-20,NOAA-20,VIIRS,67.7,21.1,15,Nominal,D,0.49,0.49,true,true,Puntos_de_calor_Colombia_2026-09-02.csv,2026-09-05T04:35:36Z
94b8c1658ed789ba4986d67c,2026-09-02T12:58-05:00,2026-09-02T17:58:00Z,2026-09-02,4.09006,-72.21115,VIIRS-NOAA-20,NOAA-20,VIIRS,58.3,22.2,2.2,Nominal,D,0.38,0.43,true,true,Puntos_de_calor_Colombia_2026-09-02.csv,2026-09-05T04:35:36Z
999835521eb2d6bb342f62fa,2026-09-02T12:58-05:00,2026-09-02T17:58:00Z,2026-09-02,8.743,-72.75291,VIIRS-NOAA-20,NOAA-20,VIIRS,59.8,22.3,6.3,Nominal,D,0.53,0.42,true,true,Puntos_de_calor_Colombia_2026-09-02.csv,2026-09-05T04:35:36Z
9b69be900124da5d6ea085fa,2026-09-02T12:58-05:00,2026-09-02T17:58:00Z,2026-09-02,2.94798,-72.14983,VIIRS-NOAA-20,NOAA-20,VIIRS,58.7,20.9,4.2,Nominal,D,0.4,0.44,true,true,Puntos_de_calor_Colombia_2026-09-02.csv,2026-09-05T04:35:36Z
9ba2f248312ea807b0bc35a1,2026-09-02T12:58-05:00,2026-09-02T17:58:00Z,2026-09-02,8.36246,-73.98669,VIIRS-NOAA-20,NOAA-20,VIIRS,68.1,19,15.3,Nominal,D,0.43,0.46,true,true,Puntos_de_calor_Colombia_2026-09-02.csv,2026-09-05T04:35:36Z
9cd423ca0a5b61aff2c1630a,2026-09-02T12:58-05:00,2026-09-02T17:58:00Z,2026-09-02,2.95492,-72.15815,VIIRS-NOAA-20,NOAA-20,VIIRS,79.1,21.2,6.7,Nominal,D,0.4,0.44,true,true,Puntos_de_calor_Colombia_2026-09-02.csv,2026-09-05T04:35:36Z
a283c824b8a49915c89f64b0,2026-09-02T12:58-05:00,2026-09-02T17:58:00Z,2026-09-02,3.49582,-71.60454,VIIRS-NOAA-20,NOAA-20,VIIRS,58.8,21,3.4,Nominal,D,0.54,0.42,true,true,Puntos_de_calor_Colombia_2026-09-02.csv,2026-09-05T04:35:36Z
a3d412adf0c856aec5316050,2026-09-02T12:58-05:00,2026-09-02T17:58:00Z,2026-09-02,2.0273,-73.62434,VIIRS-NOAA-20,NOAA-20,VIIRS,75.1,19.4,6.9,Nominal,D,0.51,0.49,true,true,Puntos_de_calor_Colombia_2026-09-02.csv,2026-09-05T04:35:36Z
a4adbfb6a32cfd965783811f,2026-09-02T12:58-05:00,2026-09-02T17:58:00Z,2026-09-02,2.7582,-75.57654,VIIRS-NOAA-20,NOAA-20,VIIRS,56,19.9,1.6,Nominal,D,0.34,0.56,true,true,Puntos_de_calor_Colombia_2026-09-02.csv,2026-09-05T04:35:36Z
a71a5bab66acc24cdca2b0d3,2026-09-02T12:58-05:00,2026-09-02T17:58:00Z,2026-09-02,3.71647,-76.37452,VIIRS-NOAA-20,NOAA-20,VIIRS,60.8,21.8,3.3,Nominal,D,0.37,0.58,true,true,Puntos_de_calor_Colombia_2026-09-02.csv,2026-09-05T04:35:36Z
acd140526f4276d95cf96a55,2026-09-02T12:58-05:00,2026-09-02T17:58:00Z,2026-09-02,2.76846,-76.67389,VIIRS-NOAA-20,NOAA-20,VIIRS,73,19.7,5.5,Nominal,D,0.41,0.6,true,true,Puntos_de_calor_Colombia_2026-09-02.csv,2026-09-05T04:35:36Z
ad04ab6c50d6169f6e317807,2026-09-02T12:58-05:00,2026-09-02T17:58:00Z,2026-09-02,3.49968,-71.60513,VIIRS-NOAA-20,NOAA-20,VIIRS,61.5,21.9,3.4,Nominal,D,0.54,0.42,true,true,Puntos_de_calor_Colombia_2026-09-02.csv,2026-09-05T04:35:36Z
b144ae24a434ec2e90750b3e,2026-09-02T12:58-05:00,2026-09-02T17:58:00Z,2026-09-02,9.10039,-73.72778,VIIRS-NOAA-20,NOAA-20,VIIRS,67.9,20.5,4.4,Nominal,D,0.4,0.44,true,true,Puntos_de_calor_Colombia_2026-09-02.csv,2026-09-05T04:35:36Z
b1fdf64b1c8fd90150c0fbe3,2026-09-02T12:58-05:00,2026-09-02T17:58:00Z,2026-09-02,2.90668,-72.2271,VIIRS-NOAA-20,NOAA-20,VIIRS,65.5,21.4,5.3,Nominal,D,0.4,0.44,true,true,Puntos_de_calor_Colombia_2026-09-02.csv,2026-09-05T04:35:36Z
b309758841ec31a260ec15c2,2026-09-02T12:58-05:00,2026-09-02T17:58:00Z,2026-09-02,2.20207,-74.26682,VIIRS-NOAA-20,NOAA-20,VIIRS,55.6,15.4,4,Nominal,D,0.56,0.52,true,true,Puntos_de_calor_Colombia_2026-09-02.csv,2026-09-05T04:35:36Z
b52985f908f6110a5f4042ec,2026-09-02T12:58-05:00,2026-09-02T17:58:00Z,2026-09-02,3.27928,-75.2459,VIIRS-NOAA-20,NOAA-20,VIIRS,69,25.6,25.1,Nominal,D,0.63,0.54,true,true,Puntos_de_calor_Colombia_2026-09-02.csv,2026-09-05T04:35:36Z
b9059d0cce07ff177955fc1f,2026-09-02T12:58-05:00,2026-09-02T17:58:00Z,2026-09-02,4.20298,-71.83372,VIIRS-NOAA-20,NOAA-20,VIIRS,58.9,20.1,4.6,Nominal,D,0.55,0.42,true,true,Puntos_de_calor_Colombia_2026-09-02.csv,2026-09-05T04:35:36Z
c0b804ac9395f3bea25e4114,2026-09-02T12:58-05:00,2026-09-02T17:58:00Z,2026-09-02,4.05766,-72.35111,VIIRS-NOAA-20,NOAA-20,VIIRS,59.2,21.2,2.3,Nominal,D,0.39,0.44,true,true,Puntos_de_calor_Colombia_2026-09-02.csv,2026-09-05T04:35:36Z
c1e6ec32ccd5bdc5a34f9a6b,2026-09-02T12:58-05:00,2026-09-02T17:58:00Z,2026-09-02,2.21319,-73.03254,VIIRS-NOAA-20,NOAA-20,VIIRS,60.4,19.5,4,Nominal,D,0.46,0.47,true,true,Puntos_de_calor_Colombia_2026-09-02.csv,2026-09-05T04:35:36Z
c3ab9bd46b9640391235b276,2026-09-02T12:58-05:00,2026-09-02T17:58:00Z,2026-09-02,3.64821,-71.52377,VIIRS-NOAA-20,NOAA-20,VIIRS,62.9,20.5,8.9,Nominal,D,0.53,0.42,true,true,Puntos_de_calor_Colombia_2026-09-02.csv,2026-09-05T04:35:36Z
c90bbe04ca3ccafc3f46c7e3,2026-09-02T12:58-05:00,2026-09-02T17:58:00Z,2026-09-02,2.87775,-72.30325,VIIRS-NOAA-20,NOAA-20,VIIRS,71.3,21.4,7.1,Nominal,D,0.41,0.45,true,true,Puntos_de_calor_Colombia_2026-09-02.csv,2026-09-05T04:35:36Z
cf973af543dc34b488b7cbbb,2026-09-02T12:58-05:00,2026-09-02T17:58:00Z,2026-09-02,8.77267,-74.28001,VIIRS-NOAA-20,NOAA-20,VIIRS,67,20.8,6,Nominal,D,0.44,0.46,true,true,Puntos_de_calor_Colombia_2026-09-02.csv,2026-09-05T04:35:36Z
d3f5c17b6f1815ac3f6da75b,2026-09-02T12:58-05:00,2026-09-02T17:58:00Z,2026-09-02,3.80495,-71.2165,VIIRS-NOAA-20,NOAA-20,VIIRS,63.8,19.4,4.9,Nominal,D,0.51,0.41,true,true,Puntos_de_calor_Colombia_2026-09-02.csv,2026-09-05T04:35:36Z
d506e78f0ea48aeb6755a3e1,2026-09-02T12:58-05:00,2026-09-02T17:58:00Z,2026-09-02,3.97731,-71.91402,VIIRS-NOAA-20,NOAA-20,VIIRS,58.6,22,7.8,Nominal,D,0.56,0.43,true,true,Puntos_de_calor_Colombia_2026-09-02.csv,2026-09-05T04:35:36Z
d6b5af381ebfca3538a40ec5,2026-09-02T12:58-05:00,2026-09-02T17:58:00Z,2026-09-02,3.64364,-71.52792,VIIRS-NOAA-20,NOAA-20,VIIRS,61.9,19.6,6.8,Nominal,D,0.53,0.42,true,true,Puntos_de_calor_Colombia_2026-09-02.csv,2026-09-05T04:35:36Z
da2c7c88d83d771cb703a924,2026-09-02T12:58-05:00,2026-09-02T17:58:00Z,2026-09-02,2.98858,-72.28788,VIIRS-NOAA-20,NOAA-20,VIIRS,73.2,20.5,5.1,Nominal,D,0.4,0.44,true,true,Puntos_de_calor_Colombia_2026-09-02.csv,2026-09-05T04:35:36Z
db7535eee9e243a5fe9ff534,2026-09-02T12:58-05:00,2026-09-02T17:58:00Z,2026-09-02,9.09451,-74.4314,VIIRS-NOAA-20,NOAA-20,VIIRS,69.4,24.8,7.4,Nominal,D,0.45,0.47,true,true,Puntos_de_calor_Colombia_2026-09-02.csv,2026-09-05T04:35:36Z
dd469ce73ab04cae44af74e3,2026-09-02T12:58-05:00,2026-09-02T17:58:00Z,2026-09-02,2.95145,-72.15398,VIIRS-NOAA-20,NOAA-20,VIIRS,58.2,20.5,6.7,Nominal,D,0.4,0.44,true,true,Puntos_de_calor_Colombia_2026-09-02.csv,2026-09-05T04:35:36Z
de7159b5569a8ad4622e5956,2026-09-02T12:58-05:00,2026-09-02T17:58:00Z,2026-09-02,2.76904,-76.67036,VIIRS-NOAA-20,NOAA-20,VIIRS,54.1,17.5,5.5,Nominal,D,0.41,0.6,true,true,Puntos_de_calor_Colombia_2026-09-02.csv,2026-09-05T04:35:36Z
ed89d723099fbfb87ccb2d6a,2026-09-02T12:58-05:00,2026-09-02T17:58:00Z,2026-09-02,2.95201,-72.15046,VIIRS-NOAA-20,NOAA-20,VIIRS,69,22.6,11.1,Nominal,D,0.4,0.44,true,true,Puntos_de_calor_Colombia_2026-09-02.csv,2026-09-05T04:35:36Z
edf5b52649519355e1e4079a,2026-09-02T12:58-05:00,2026-09-02T17:58:00Z,2026-09-02,4.05835,-72.35529,VIIRS-NOAA-20,NOAA-20,VIIRS,64.9,21.9,3.4,Nominal,D,0.39,0.44,true,true,Puntos_de_calor_Colombia_2026-09-02.csv,2026-09-05T04:35:36Z
efd22ce2d76e3971c502bf5e,2026-09-02T12:58-05:00,2026-09-02T17:58:00Z,2026-09-02,3.71539,-76.37438,VIIRS-NOAA-20,NOAA-20,VIIRS,57,21.6,2.8,Nominal,D,0.37,0.58,true,true,Puntos_de_calor_Colombia_2026-09-02.csv,2026-09-05T04:35:36Z
f4da81baff527f894d2cfca0,2026-09-02T12:58-05:00,2026-09-02T17:58:00Z,2026-09-02,8.78859,-74.3401,VIIRS-NOAA-20,NOAA-20,VIIRS,67,21.5,4.5,Nominal,D,0.45,0.47,true,true,Puntos_de_calor_Colombia_2026-09-02.csv,2026-09-05T04:35:36Z
f6ffbc4b799355db7cd034d9,2026-09-02T12:58-05:00,2026-09-02T17:58:00Z,2026-09-02,3.64652,-71.52593,VIIRS-NOAA-20,NOAA-20,VIIRS,71.3,20.2,10.1,Nominal,D,0.53,0.42,true,true,Puntos_de_calor_Colombia_2026-09-02.csv,2026-09-05T04:35:36Z
2705aa24ef933709e8d13628,2026-09-02T13:00-05:00,2026-09-02T18:00:00Z,2026-09-02,10.93264,-74.23621,VIIRS-NOAA-20,NOAA-20,VIIRS,64.7,23.2,2.8,Nominal,D,0.41,0.45,true,true,Puntos_de_calor_Colombia_2026-09-02.csv,2026-09-05T04:35:36Z
2e7917d6fc311a641806537c,2026-09-02T13:00-05:00,2026-09-02T18:00:00Z,2026-09-02,10.42849,-74.40156,VIIRS-NOAA-20,NOAA-20,VIIRS,61.7,21.6,3.5,Nominal,D,0.42,0.45,true,true,Puntos_de_calor_Colombia_2026-09-02.csv,2026-09-05T04:35:36Z
352d7bcee5bd07f66406621f,2026-09-02T13:00-05:00,2026-09-02T18:00:00Z,2026-09-02,10.79799,-74.86009,VIIRS-NOAA-20,NOAA-20,VIIRS,59.6,20.9,2,Nominal,D,0.45,0.47,true,true,Puntos_de_calor_Colombia_2026-09-02.csv,2026-09-05T04:35:36Z
50a811d64876eb1827837dd6,2026-09-02T13:00-05:00,2026-09-02T18:00:00Z,2026-09-02,10.08986,-74.15167,VIIRS-NOAA-20,NOAA-20,VIIRS,60.3,21.9,1.3,Nominal,D,0.41,0.45,true,true,Puntos_de_calor_Colombia_2026-09-02.csv,2026-09-05T04:35:36Z
6f499122ddf49b12641401ce,2026-09-02T13:00-05:00,2026-09-02T18:00:00Z,2026-09-02,10.7656,-75.18761,VIIRS-NOAA-20,NOAA-20,VIIRS,60.2,21.3,2.1,Nominal,D,0.47,0.48,true,true,Puntos_de_calor_Colombia_2026-09-02.csv,2026-09-05T04:35:36Z
7ba2f2dc444ba6aa90086188,2026-09-02T13:00-05:00,2026-09-02T18:00:00Z,2026-09-02,10.55496,-74.29531,VIIRS-NOAA-20,NOAA-20,VIIRS,73.5,22.3,13.8,Nominal,D,0.42,0.45,true,true,Puntos_de_calor_Colombia_2026-09-02.csv,2026-09-05T04:35:36Z
85fc4c3235966c586173c555,2026-09-02T13:00-05:00,2026-09-02T18:00:00Z,2026-09-02,10.79721,-74.86044,VIIRS-NOAA-20,NOAA-20,VIIRS,58.4,20.9,2.6,Nominal,D,0.45,0.47,true,true,Puntos_de_calor_Colombia_2026-09-02.csv,2026-09-05T04:35:36Z
8661470f517ae45e5a44a038,2026-09-02T13:00-05:00,2026-09-02T18:00:00Z,2026-09-02,9.82988,-75.05051,VIIRS-NOAA-20,NOAA-20,VIIRS,67.1,23.6,26.3,Nominal,D,0.48,0.48,true,true,Puntos_de_calor_Colombia_2026-09-02.csv,2026-09-05T04:35:36Z
8dfdf567688f1979ceb6250d,2026-09-02T13:00-05:00,2026-09-02T18:00:00Z,2026-09-02,9.85144,-74.4491,VIIRS-NOAA-20,NOAA-20,VIIRS,68,22.3,6.5,Nominal,D,0.44,0.46,true,true,Puntos_de_calor_Colombia_2026-09-02.csv,2026-09-05T04:35:36Z
a7b09c4afbba0b4dfb1eb809,2026-09-02T13:00-05:00,2026-09-02T18:00:00Z,2026-09-02,9.69427,-74.91586,VIIRS-NOAA-20,NOAA-20,VIIRS,61.9,20.7,4.6,Nominal,D,0.47,0.48,true,true,Puntos_de_calor_Colombia_2026-09-02.csv,2026-09-05T04:35:36Z
b6508c8e104834a1461092b5,2026-09-02T13:00-05:00,2026-09-02T18:00:00Z,2026-09-02,10.64297,-74.31812,VIIRS-NOAA-20,NOAA-20,VIIRS,70.5,21.8,5.3,Nominal,D,0.42,0.45,true,true,Puntos_de_calor_Colombia_2026-09-02.csv,2026-09-05T04:35:36Z
bc8cdb385d695301ff3c9387,2026-09-02T13:00-05:00,2026-09-02T18:00:00Z,2026-09-02,11.21646,-72.52525,VIIRS-NOAA-20,NOAA-20,VIIRS,57.4,26.7,7.3,Baja,D,0.48,0.4,true,true,Puntos_de_calor_Colombia_2026-09-02.csv,2026-09-05T04:35:36Z
d277fe25ed716aae83c87d82,2026-09-02T13:00-05:00,2026-09-02T18:00:00Z,2026-09-02,10.82956,-74.75166,VIIRS-NOAA-20,NOAA-20,VIIRS,72.1,19.2,5,Nominal,D,0.44,0.46,true,true,Puntos_de_calor_Colombia_2026-09-02.csv,2026-09-05T04:35:36Z
040031bfa496f7aadb1f824a,2026-09-02T13:41-05:00,2026-09-02T18:41:00Z,2026-09-02,3.14833,-76.63439,VIIRS-NOAA-21,NOAA-21,VIIRS,61.2,28.4,9.2,Nominal,D,0.46,0.39,true,true,Puntos_de_calor_Colombia_2026-09-02.csv,2026-09-05T04:35:36Z
08f35cd8aef770ff1b30eb84,2026-09-02T13:41-05:00,2026-09-02T18:41:00Z,2026-09-02,4.24094,-74.82316,VIIRS-NOAA-21,NOAA-21,VIIRS,70.1,33.7,8,Nominal,D,0.41,0.45,true,true,Puntos_de_calor_Colombia_2026-09-02.csv,2026-09-05T04:35:36Z
0e4b9b5c0f1527b519a1afbe,2026-09-02T13:41-05:00,2026-09-02T18:41:00Z,2026-09-02,3.64474,-71.5249,VIIRS-NOAA-21,NOAA-21,VIIRS,60.3,18.6,6.1,Nominal,D,0.33,0.55,true,true,Puntos_de_calor_Colombia_2026-09-02.csv,2026-09-05T04:35:36Z
10728f197ecca46056285f33,2026-09-02T13:41-05:00,2026-09-02T18:41:00Z,2026-09-02,4.24042,-74.82679,VIIRS-NOAA-21,NOAA-21,VIIRS,68.2,30.8,9.5,Nominal,D,0.41,0.45,true,true,Puntos_de_calor_Colombia_2026-09-02.csv,2026-09-05T04:35:36Z
108a48a0dea4df9ab71f5daa,2026-09-02T13:41-05:00,2026-09-02T18:41:00Z,2026-09-02,3.13756,-76.63269,VIIRS-NOAA-21,NOAA-21,VIIRS,74.2,33,9.4,Nominal,D,0.46,0.39,true,true,Puntos_de_calor_Colombia_2026-09-02.csv,2026-09-05T04:35:36Z
1253a99f252ad4dcac6a2a4c,2026-09-02T13:41-05:00,2026-09-02T18:41:00Z,2026-09-02,3.08034,-76.43664,VIIRS-NOAA-21,NOAA-21,VIIRS,69.3,32.2,8.3,Nominal,D,0.47,0.4,true,true,Puntos_de_calor_Colombia_2026-09-02.csv,2026-09-05T04:35:36Z
17c909dda7eb11b7609a1db0,2026-09-02T13:41-05:00,2026-09-02T18:41:00Z,2026-09-02,3.52708,-71.62534,VIIRS-NOAA-21,NOAA-21,VIIRS,57.2,18.4,3,Nominal,D,0.33,0.55,true,true,Puntos_de_calor_Colombia_2026-09-02.csv,2026-09-05T04:35:36Z
1872780d81283b80b89b8ce3,2026-09-02T13:41-05:00,2026-09-02T18:41:00Z,2026-09-02,3.6433,-71.52652,VIIRS-NOAA-21,NOAA-21,VIIRS,66.5,18.6,5,Nominal,D,0.33,0.55,true,true,Puntos_de_calor_Colombia_2026-09-02.csv,2026-09-05T04:35:36Z
19fee164564bed0c8b4fea2f,2026-09-02T13:41-05:00,2026-09-02T18:41:00Z,2026-09-02,5.52907,-74.52164,VIIRS-NOAA-21,NOAA-21,VIIRS,63.9,21,3.2,Nominal,D,0.44,0.46,true,true,Puntos_de_calor_Colombia_2026-09-02.csv,2026-09-05T04:35:36Z
1f73c9e613bbc0028fcd4941,2026-09-02T13:41-05:00,2026-09-02T18:41:00Z,2026-09-02,2.74327,-73.6022,VIIRS-NOAA-21,NOAA-21,VIIRS,66.8,23.2,23.3,Nominal,D,0.46,0.47,true,true,Puntos_de_calor_Colombia_2026-09-02.csv,2026-09-05T04:35:36Z
241a6e7221290a2805af600b,2026-09-02T13:41-05:00,2026-09-02T18:41:00Z,2026-09-02,1.85189,-73.91576,VIIRS-NOAA-21,NOAA-21,VIIRS,76.1,23.9,39.1,Nominal,D,0.43,0.46,true,true,Puntos_de_calor_Colombia_2026-09-02.csv,2026-09-05T04:35:36Z
24aadcc5f79bf7eadd09c2c8,2026-09-02T13:41-05:00,2026-09-02T18:41:00Z,2026-09-02,3.53753,-71.62397,VIIRS-NOAA-21,NOAA-21,VIIRS,57.5,19.2,2.6,Nominal,D,0.33,0.55,true,true,Puntos_de_calor_Colombia_2026-09-02.csv,2026-09-05T04:35:36Z
28a8b04a1f376aa05191e5a2,2026-09-02T13:41-05:00,2026-09-02T18:41:00Z,2026-09-02,4.08745,-72.19122,VIIRS-NOAA-21,NOAA-21,VIIRS,61.3,19.2,5.2,Nominal,D,0.61,0.53,true,true,Puntos_de_calor_Colombia_2026-09-02.csv,2026-09-05T04:35:36Z
32b64d9a256eac412c1ae77e,2026-09-02T13:41-05:00,2026-09-02T18:41:00Z,2026-09-02,4.05996,-72.35349,VIIRS-NOAA-21,NOAA-21,VIIRS,57,19.7,5.4,Nominal,D,0.59,0.53,true,true,Puntos_de_calor_Colombia_2026-09-02.csv,2026-09-05T04:35:36Z
367acb04b13ee8edc5593b46,2026-09-02T13:41-05:00,2026-09-02T18:41:00Z,2026-09-02,2.88974,-72.2122,VIIRS-NOAA-21,NOAA-21,VIIRS,59.8,17.3,7.5,Nominal,D,0.58,0.52,true,true,Puntos_de_calor_Colombia_2026-09-02.csv,2026-09-05T04:35:36Z
38f9b6511e23303aaf365622,2026-09-02T13:41-05:00,2026-09-02T18:41:00Z,2026-09-02,1.76303,-74.28209,VIIRS-NOAA-21,NOAA-21,VIIRS,66.7,18.3,5,Nominal,D,0.41,0.45,true,true,Puntos_de_calor_Colombia_2026-09-02.csv,2026-09-05T04:35:36Z
3c21a0d9b1d9d3faec7174a1,2026-09-02T13:41-05:00,2026-09-02T18:41:00Z,2026-09-02,3.55718,-71.73592,VIIRS-NOAA-21,NOAA-21,VIIRS,74.3,19.5,4,Nominal,D,0.32,0.55,true,true,Puntos_de_calor_Colombia_2026-09-02.csv,2026-09-05T04:35:36Z
469c40b9e97aac0dc1756dab,2026-09-02T13:41-05:00,2026-09-02T18:41:00Z,2026-09-02,2.71651,-76.59268,VIIRS-NOAA-21,NOAA-21,VIIRS,61.1,28.5,5.1,Nominal,D,0.46,0.39,true,true,Puntos_de_calor_Colombia_2026-09-02.csv,2026-09-05T04:35:36Z
4f46d9e1091686c65a49e0e8,2026-09-02T13:41-05:00,2026-09-02T18:41:00Z,2026-09-02,3.51926,-71.5743,VIIRS-NOAA-21,NOAA-21,VIIRS,73.8,18.7,7.4,Nominal,D,0.33,0.55,true,true,Puntos_de_calor_Colombia_2026-09-02.csv,2026-09-05T04:35:36Z
51a0edec0a1365d94826303e,2026-09-02T13:41-05:00,2026-09-02T18:41:00Z,2026-09-02,2.94784,-76.66965,VIIRS-NOAA-21,NOAA-21,VIIRS,62.7,28.6,4.6,Nominal,D,0.46,0.39,true,true,Puntos_de_calor_Colombia_2026-09-02.csv,2026-09-05T04:35:36Z
53b34bf9b02de3685ed2ad91,2026-09-02T13:41-05:00,2026-09-02T18:41:00Z,2026-09-02,2.61462,-72.2517,VIIRS-NOAA-21,NOAA-21,VIIRS,73.3,21,10.1,Nominal,D,0.57,0.52,true,true,Puntos_de_calor_Colombia_2026-09-02.csv,2026-09-05T04:35:36Z
54e8ff779f47e812c9c9a07d,2026-09-02T13:41-05:00,2026-09-02T18:41:00Z,2026-09-02,2.50981,-72.06459,VIIRS-NOAA-21,NOAA-21,VIIRS,62,19.1,6.6,Nominal,D,0.59,0.53,true,true,Puntos_de_calor_Colombia_2026-09-02.csv,2026-09-05T04:35:36Z
577ff3d8ff75281e858059ec,2026-09-02T13:41-05:00,2026-09-02T18:41:00Z,2026-09-02,3.70078,-74.78237,VIIRS-NOAA-21,NOAA-21,VIIRS,65.5,23.8,3.6,Nominal,D,0.4,0.44,true,true,Puntos_de_calor_Colombia_2026-09-02.csv,2026-09-05T04:35:36Z
5ec75ca487b606169980a997,2026-09-02T13:41-05:00,2026-09-02T18:41:00Z,2026-09-02,3.97146,-71.91741,VIIRS-NOAA-21,NOAA-21,VIIRS,69.2,19.6,9.4,Nominal,D,0.63,0.54,true,true,Puntos_de_calor_Colombia_2026-09-02.csv,2026-09-05T04:35:36Z
6281a53f297533117f5e7bf4,2026-09-02T13:41-05:00,2026-09-02T18:41:00Z,2026-09-02,2.72522,-76.4601,VIIRS-NOAA-21,NOAA-21,VIIRS,62.9,32.7,6.1,Nominal,D,0.47,0.4,true,true,Puntos_de_calor_Colombia_2026-09-02.csv,2026-09-05T04:35:36Z
644b9733b76b827c938e83b0,2026-09-02T13:41-05:00,2026-09-02T18:41:00Z,2026-09-02,2.60217,-72.27047,VIIRS-NOAA-21,NOAA-21,VIIRS,66.1,20.1,8.3,Nominal,D,0.57,0.52,true,true,Puntos_de_calor_Colombia_2026-09-02.csv,2026-09-05T04:35:36Z
695c6daf14346dc085f59a7d,2026-09-02T13:41-05:00,2026-09-02T18:41:00Z,2026-09-02,2.78163,-73.58241,VIIRS-NOAA-21,NOAA-21,VIIRS,64.4,20.8,5.6,Nominal,D,0.47,0.47,true,true,Puntos_de_calor_Colombia_2026-09-02.csv,2026-09-05T04:35:36Z
6b9dec1f489208cceac200dc,2026-09-02T13:41-05:00,2026-09-02T18:41:00Z,2026-09-02,2.73242,-76.41171,VIIRS-NOAA-21,NOAA-21,VIIRS,71.6,30.6,7.5,Nominal,D,0.47,0.4,true,true,Puntos_de_calor_Colombia_2026-09-02.csv,2026-09-05T04:35:36Z
70ef2eaa6c716ba332fdef63,2026-09-02T13:41-05:00,2026-09-02T18:41:00Z,2026-09-02,2.76519,-73.24014,VIIRS-NOAA-21,NOAA-21,VIIRS,67,20.4,5.5,Nominal,D,0.49,0.49,true,true,Puntos_de_calor_Colombia_2026-09-02.csv,2026-09-05T04:35:36Z
714601cc6c56a07818725f49,2026-09-02T13:41-05:00,2026-09-02T18:41:00Z,2026-09-02,4.24078,-74.8238,VIIRS-NOAA-21,NOAA-21,VIIRS,73.5,34.4,9.8,Nominal,D,0.41,0.45,true,true,Puntos_de_calor_Colombia_2026-09-02.csv,2026-09-05T04:35:36Z
74ac5e9b1afdd711801dd2a9,2026-09-02T13:41-05:00,2026-09-02T18:41:00Z,2026-09-02,3.21926,-76.64114,VIIRS-NOAA-21,NOAA-21,VIIRS,61.5,27.7,3.6,Nominal,D,0.47,0.39,true,true,Puntos_de_calor_Colombia_2026-09-02.csv,2026-09-05T04:35:36Z
789cde473763d6b0488b5057,2026-09-02T13:41-05:00,2026-09-02T18:41:00Z,2026-09-02,3.49397,-71.60623,VIIRS-NOAA-21,NOAA-21,VIIRS,67.6,17.8,11.2,Nominal,D,0.33,0.55,true,true,Puntos_de_calor_Colombia_2026-09-02.csv,2026-09-05T04:35:36Z
79df8ed691a8932d6cd36b9d,2026-09-02T13:41-05:00,2026-09-02T18:41:00Z,2026-09-02,3.69677,-74.78155,VIIRS-NOAA-21,NOAA-21,VIIRS,61,23.6,3.6,Nominal,D,0.4,0.44,true,true,Puntos_de_calor_Colombia_2026-09-02.csv,2026-09-05T04:35:36Z
7e8a5e84826cbb6639792555,2026-09-02T13:41-05:00,2026-09-02T18:41:00Z,2026-09-02,3.1581,-76.69193,VIIRS-NOAA-21,NOAA-21,VIIRS,64,31.9,3,Nominal,D,0.46,0.39,true,true,Puntos_de_calor_Colombia_2026-09-02.csv,2026-09-05T04:35:36Z
7f0ee66d0d11a33d045e83f1,2026-09-02T13:41-05:00,2026-09-02T18:41:00Z,2026-09-02,2.16326,-72.44775,VIIRS-NOAA-21,NOAA-21,VIIRS,62.4,19.3,11.8,Nominal,D,0.54,0.51,true,true,Puntos_de_calor_Colombia_2026-09-02.csv,2026-09-05T04:35:36Z
806291d62cad4349e523dc5b,2026-09-02T13:41-05:00,2026-09-02T18:41:00Z,2026-09-02,3.13802,-76.42352,VIIRS-NOAA-21,NOAA-21,VIIRS,66.7,32.8,11.7,Nominal,D,0.48,0.4,true,true,Puntos_de_calor_Colombia_2026-09-02.csv,2026-09-05T04:35:36Z
81d34e2b2263fb1b7c03b9a1,2026-09-02T13:41-05:00,2026-09-02T18:41:00Z,2026-09-02,3.55208,-71.45843,VIIRS-NOAA-21,NOAA-21,VIIRS,60.6,18,3.5,Nominal,D,0.34,0.56,true,true,Puntos_de_calor_Colombia_2026-09-02.csv,2026-09-05T04:35:36Z
84bcf97cd3711eb211f124e8,2026-09-02T13:41-05:00,2026-09-02T18:41:00Z,2026-09-02,2.88981,-72.2147,VIIRS-NOAA-21,NOAA-21,VIIRS,59.7,17.5,5.9,Nominal,D,0.58,0.52,true,true,Puntos_de_calor_Colombia_2026-09-02.csv,2026-09-05T04:35:36Z
8af616cd64055240d6463d45,2026-09-02T13:41-05:00,2026-09-02T18:41:00Z,2026-09-02,4.05931,-72.35616,VIIRS-NOAA-21,NOAA-21,VIIRS,60.4,18.8,4.8,Nominal,D,0.59,0.53,true,true,Puntos_de_calor_Colombia_2026-09-02.csv,2026-09-05T04:35:36Z
919ff7fe7892b8fce0825cb8,2026-09-02T13:41-05:00,2026-09-02T18:41:00Z,2026-09-02,3.75624,-72.87975,VIIRS-NOAA-21,NOAA-21,VIIRS,66.6,19.7,11.8,Nominal,D,0.54,0.51,true,true,Puntos_de_calor_Colombia_2026-09-02.csv,2026-09-05T04:35:36Z
94bb03b462c3305bde00ba67,2026-09-02T13:41-05:00,2026-09-02T18:41:00Z,2026-09-02,2.46081,-76.49205,VIIRS-NOAA-21,NOAA-21,VIIRS,74.7,30.7,12.1,Nominal,D,0.46,0.39,true,true,Puntos_de_calor_Colombia_2026-09-02.csv,2026-09-05T04:35:36Z
a1c250e80214fc6b2c18936e,2026-09-02T13:41-05:00,2026-09-02T18:41:00Z,2026-09-02,3.13892,-76.42281,VIIRS-NOAA-21,NOAA-21,VIIRS,71.1,32.2,12.8,Nominal,D,0.48,0.4,true,true,Puntos_de_calor_Colombia_2026-09-02.csv,2026-09-05T04:35:36Z
a2b538b73929ba811a1e0328,2026-09-02T13:41-05:00,2026-09-02T18:41:00Z,2026-09-02,3.55759,-71.73306,VIIRS-NOAA-21,NOAA-21,VIIRS,57.8,19.4,4,Nominal,D,0.32,0.55,true,true,Puntos_de_calor_Colombia_2026-09-02.csv,2026-09-05T04:35:36Z
a5363d38c1ee789983ee39e0,2026-09-02T13:41-05:00,2026-09-02T18:41:00Z,2026-09-02,2.6329,-73.07361,VIIRS-NOAA-21,NOAA-21,VIIRS,68.2,15.2,8.9,Nominal,D,0.5,0.49,true,true,Puntos_de_calor_Colombia_2026-09-02.csv,2026-09-05T04:35:36Z
a6559846004582a2b2fa6022,2026-09-02T13:41-05:00,2026-09-02T18:41:00Z,2026-09-02,3.52734,-71.41505,VIIRS-NOAA-21,NOAA-21,VIIRS,56.3,17.9,3.3,Nominal,D,0.34,0.56,true,true,Puntos_de_calor_Colombia_2026-09-02.csv,2026-09-05T04:35:36Z
a8eaf0594589e76a9cbb6f83,2026-09-02T13:41-05:00,2026-09-02T18:41:00Z,2026-09-02,2.76855,-76.46619,VIIRS-NOAA-21,NOAA-21,VIIRS,58.3,28.1,3,Nominal,D,0.47,0.4,true,true,Puntos_de_calor_Colombia_2026-09-02.csv,2026-09-05T04:35:36Z
ab2b146f62e25197f0f81cec,2026-09-02T13:41-05:00,2026-09-02T18:41:00Z,2026-09-02,3.71209,-74.96577,VIIRS-NOAA-21,NOAA-21,VIIRS,65.8,29.6,4.3,Nominal,D,0.39,0.44,true,true,Puntos_de_calor_Colombia_2026-09-02.csv,2026-09-05T04:35:36Z
b9e5774bdcb3dec7b1393f91,2026-09-02T13:41-05:00,2026-09-02T18:41:00Z,2026-09-02,3.1423,-76.41982,VIIRS-NOAA-21,NOAA-21,VIIRS,66.9,30.6,8.2,Nominal,D,0.48,0.4,true,true,Puntos_de_calor_Colombia_2026-09-02.csv,2026-09-05T04:35:36Z
bec3c471627f92e9716d5ff4,2026-09-02T13:41-05:00,2026-09-02T18:41:00Z,2026-09-02,3.63413,-71.59145,VIIRS-NOAA-21,NOAA-21,VIIRS,61,18.5,3.1,Nominal,D,0.33,0.55,true,true,Puntos_de_calor_Colombia_2026-09-02.csv,2026-09-05T04:35:36Z
c605494613ed756c89f52ca7,2026-09-02T13:41-05:00,2026-09-02T18:41:00Z,2026-09-02,2.49695,-75.8291,VIIRS-NOAA-21,NOAA-21,VIIRS,69.7,36.9,53,Nominal,D,0.5,0.41,true,true,Puntos_de_calor_Colombia_2026-09-02.csv,2026-09-05T04:35:36Z
c6b932af5a34bceaa8d00f75,2026-09-02T13:41-05:00,2026-09-02T18:41:00Z,2026-09-02,2.69471,-76.38316,VIIRS-NOAA-21,NOAA-21,VIIRS,59.5,29.3,6.8,Nominal,D,0.47,0.4,true,true,Puntos_de_calor_Colombia_2026-09-02.csv,2026-09-05T04:35:36Z
c7839c3d148e2d70cc81c4b6,2026-09-02T13:41-05:00,2026-09-02T18:41:00Z,2026-09-02,2.76455,-73.24456,VIIRS-NOAA-21,NOAA-21,VIIRS,59.6,17.9,5.5,Nominal,D,0.49,0.49,true,true,Puntos_de_calor_Colombia_2026-09-02.csv,2026-09-05T04:35:36Z
cd2be015e6c604b16d245e9c,2026-09-02T13:41-05:00,2026-09-02T18:41:00Z,2026-09-02,2.69609,-73.2223,VIIRS-NOAA-21,NOAA-21,VIIRS,59.7,21.2,3.9,Nominal,D,0.49,0.49,true,true,Puntos_de_calor_Colombia_2026-09-02.csv,2026-09-05T04:35:36Z
d0dcd1e1027c17350f07da13,2026-09-02T13:41-05:00,2026-09-02T18:41:00Z,2026-09-02,2.60988,-72.25096,VIIRS-NOAA-21,NOAA-21,VIIRS,67.2,19,6.7,Nominal,D,0.57,0.52,true,true,Puntos_de_calor_Colombia_2026-09-02.csv,2026-09-05T04:35:36Z
d64d2012a347b939103446d4,2026-09-02T13:41-05:00,2026-09-02T18:41:00Z,2026-09-02,3.52689,-71.41805,VIIRS-NOAA-21,NOAA-21,VIIRS,57.6,17.6,3.3,Nominal,D,0.34,0.56,true,true,Puntos_de_calor_Colombia_2026-09-02.csv,2026-09-05T04:35:36Z
dce0e9d21c9a91c72c5ed39b,2026-09-02T13:41-05:00,2026-09-02T18:41:00Z,2026-09-02,2.11964,-76.80784,VIIRS-NOAA-21,NOAA-21,VIIRS,62.2,27.5,2.8,Nominal,D,0.45,0.39,true,true,Puntos_de_calor_Colombia_2026-09-02.csv,2026-09-05T04:35:36Z
e854d1c662a5ca0f2bb6b94c,2026-09-02T13:41-05:00,2026-09-02T18:41:00Z,2026-09-02,3.49856,-71.60992,VIIRS-NOAA-21,NOAA-21,VIIRS,70.3,19.2,8.4,Nominal,D,0.33,0.55,true,true,Puntos_de_calor_Colombia_2026-09-02.csv,2026-09-05T04:35:36Z
e9fdbb25932254791eaf1e4f,2026-09-02T13:41-05:00,2026-09-02T18:41:00Z,2026-09-02,3.63462,-71.59265,VIIRS-NOAA-21,NOAA-21,VIIRS,58.9,17.7,4,Nominal,D,0.33,0.55,true,true,Puntos_de_calor_Colombia_2026-09-02.csv,2026-09-05T04:35:36Z
eada709dfa9bce61bbc89830,2026-09-02T13:41-05:00,2026-09-02T18:41:00Z,2026-09-02,3.98004,-76.17621,VIIRS-NOAA-21,NOAA-21,VIIRS,72.8,28.6,19.8,Nominal,D,0.5,0.41,true,true,Puntos_de_calor_Colombia_2026-09-02.csv,2026-09-05T04:35:36Z
eb4c4a1c0417ef3d4b9e7fff,2026-09-02T13:41-05:00,2026-09-02T18:41:00Z,2026-09-02,2.4644,-76.49257,VIIRS-NOAA-21,NOAA-21,VIIRS,70.1,31.2,12.1,Nominal,D,0.46,0.39,true,true,Puntos_de_calor_Colombia_2026-09-02.csv,2026-09-05T04:35:36Z
ec0b803c69d12d73e8116a08,2026-09-02T13:41-05:00,2026-09-02T18:41:00Z,2026-09-02,2.18796,-76.64156,VIIRS-NOAA-21,NOAA-21,VIIRS,59,25.7,3.2,Nominal,D,0.45,0.39,true,true,Puntos_de_calor_Colombia_2026-09-02.csv,2026-09-05T04:35:36Z
f47fe9ad15e118646cd3e1ca,2026-09-02T13:41-05:00,2026-09-02T18:41:00Z,2026-09-02,2.49892,-73.03338,VIIRS-NOAA-21,NOAA-21,VIIRS,79.1,19.1,25.9,Nominal,D,0.5,0.49,true,true,Puntos_de_calor_Colombia_2026-09-02.csv,2026-09-05T04:35:36Z
ff0b4e2c9f89ccb98c7002b9,2026-09-02T13:41-05:00,2026-09-02T18:41:00Z,2026-09-02,3.52313,-71.40827,VIIRS-NOAA-21,NOAA-21,VIIRS,61.5,18,7.1,Nominal,D,0.34,0.56,true,true,Puntos_de_calor_Colombia_2026-09-02.csv,2026-09-05T04:35:36Z
0d1d2ae5893f3272eb5446fd,2026-09-02T13:43-05:00,2026-09-02T18:43:00Z,2026-09-02,10.93185,-74.23521,VIIRS-NOAA-21,NOAA-21,VIIRS,59,22.8,5.2,Nominal,D,0.55,0.51,true,true,Puntos_de_calor_Colombia_2026-09-02.csv,2026-09-05T04:35:36Z
15f5cf677eb5e346b5786299,2026-09-02T13:43-05:00,2026-09-02T18:43:00Z,2026-09-02,8.60855,-75.1529,VIIRS-NOAA-21,NOAA-21,VIIRS,68.3,20.2,5.4,Nominal,D,0.44,0.46,true,true,Puntos_de_calor_Colombia_2026-09-02.csv,2026-09-05T04:35:36Z
17638a2f0034377a6edaaf74,2026-09-02T13:43-05:00,2026-09-02T18:43:00Z,2026-09-02,8.18508,-72.96619,VIIRS-NOAA-21,NOAA-21,VIIRS,62.5,17.6,8.4,Nominal,D,0.62,0.54,true,true,Puntos_de_calor_Colombia_2026-09-02.csv,2026-09-05T04:35:36Z
1ac1e0d7f4e4fbfddfdd4175,2026-09-02T13:43-05:00,2026-09-02T18:43:00Z,2026-09-02,8.93859,-74.41968,VIIRS-NOAA-21,NOAA-21,VIIRS,65,24.7,6.9,Nominal,D,0.5,0.49,true,true,Puntos_de_calor_Colombia_2026-09-02.csv,2026-09-05T04:35:36Z
1fc628bcfa59f3ac3ed81ea7,2026-09-02T13:43-05:00,2026-09-02T18:43:00Z,2026-09-02,8.81248,-74.129,VIIRS-NOAA-21,NOAA-21,VIIRS,58.5,21.2,4.5,Nominal,D,0.52,0.5,true,true,Puntos_de_calor_Colombia_2026-09-02.csv,2026-09-05T04:35:36Z
1ffad89dd72c68389d17e450,2026-09-02T13:43-05:00,2026-09-02T18:43:00Z,2026-09-02,1.07528,-77.36633,VIIRS-NOAA-21,NOAA-21,VIIRS,61.1,26.5,7.2,Nominal,D,0.42,0.37,true,true,Puntos_de_calor_Colombia_2026-09-02.csv,2026-09-05T04:35:36Z
20547a595155c64e5fecc737,2026-09-02T13:43-05:00,2026-09-02T18:43:00Z,2026-09-02,8.09635,-72.55295,VIIRS-NOAA-21,NOAA-21,VIIRS,63.4,19.6,7.7,Nominal,D,0.33,0.55,true,true,Puntos_de_calor_Colombia_2026-09-02.csv,2026-09-05T04:35:36Z
22eca566c2fd5fdbad0bf932,2026-09-02T13:43-05:00,2026-09-02T18:43:00Z,2026-09-02,10.82657,-74.75127,VIIRS-NOAA-21,NOAA-21,VIIRS,66.1,21.1,7.4,Nominal,D,0.51,0.49,true,true,Puntos_de_calor_Colombia_2026-09-02.csv,2026-09-05T04:35:36Z
2ded2741c2e0d8ba98f9b4d8,2026-09-02T13:43-05:00,2026-09-02T18:43:00Z,2026-09-02,9.45837,-74.33958,VIIRS-NOAA-21,NOAA-21,VIIRS,59.4,21.6,3.6,Nominal,D,0.52,0.5,true,true,Puntos_de_calor_Colombia_2026-09-02.csv,2026-09-05T04:35:36Z
30ac5dece4b1d720a85717dc,2026-09-02T13:43-05:00,2026-09-02T18:43:00Z,2026-09-02,8.73677,-72.85271,VIIRS-NOAA-21,NOAA-21,VIIRS,59.9,18.3,2.7,Nominal,D,0.32,0.55,true,true,Puntos_de_calor_Colombia_2026-09-02.csv,2026-09-05T04:35:36Z
320b2c5cbf009e1067285dba,2026-09-02T13:43-05:00,2026-09-02T18:43:00Z,2026-09-02,9.69874,-74.615,VIIRS-NOAA-21,NOAA-21,VIIRS,65.1,20.8,4.9,Nominal,D,0.5,0.49,true,true,Puntos_de_calor_Colombia_2026-09-02.csv,2026-09-05T04:35:36Z
3b54c46baf44808bc601c64f,2026-09-02T13:43-05:00,2026-09-02T18:43:00Z,2026-09-02,9.82998,-75.0507,VIIRS-NOAA-21,NOAA-21,VIIRS,64,23,7.1,Nominal,D,0.47,0.48,true,true,Puntos_de_calor_Colombia_2026-09-02.csv,2026-09-05T04:35:36Z
43f30c8410fee3e62b11583e,2026-09-02T13:43-05:00,2026-09-02T18:43:00Z,2026-09-02,6.34789,-74.42416,VIIRS-NOAA-21,NOAA-21,VIIRS,57.5,22,2.8,Nominal,D,0.46,0.47,true,true,Puntos_de_calor_Colombia_2026-09-02.csv,2026-09-05T04:35:36Z
4490d74fd15943860a1b1212,2026-09-02T13:43-05:00,2026-09-02T18:43:00Z,2026-09-02,5.69895,-74.05775,VIIRS-NOAA-21,NOAA-21,VIIRS,66.4,16.3,5.3,Nominal,D,0.48,0.48,true,true,Puntos_de_calor_Colombia_2026-09-02.csv,2026-09-05T04:35:36Z
4f6b63f4caacd650fb6e4b6d,2026-09-02T13:43-05:00,2026-09-02T18:43:00Z,2026-09-02,6.96196,-73.94349,VIIRS-NOAA-21,NOAA-21,VIIRS,66.5,21,8.5,Nominal,D,0.51,0.49,true,true,Puntos_de_calor_Colombia_2026-09-02.csv,2026-09-05T04:35:36Z
53e79389abcf886efa9ca975,2026-09-02T13:43-05:00,2026-09-02T18:43:00Z,2026-09-02,9.8283,-75.05243,VIIRS-NOAA-21,NOAA-21,VIIRS,61.6,21.6,4,Nominal,D,0.47,0.48,true,true,Puntos_de_calor_Colombia_2026-09-02.csv,2026-09-05T04:35:36Z
546695755bf83e18834f9355,2026-09-02T13:43-05:00,2026-09-02T18:43:00Z,2026-09-02,8.5913,-73.93015,VIIRS-NOAA-21,NOAA-21,VIIRS,59.2,19.4,2.6,Nominal,D,0.54,0.51,true,true,Puntos_de_calor_Colombia_2026-09-02.csv,2026-09-05T04:35:36Z
5f48d32dcc84ea55be04bdc4,2026-09-02T13:43-05:00,2026-09-02T18:43:00Z,2026-09-02,8.74432,-72.75386,VIIRS-NOAA-21,NOAA-21,VIIRS,57.9,16.8,3.1,Nominal,D,0.32,0.55,true,true,Puntos_de_calor_Colombia_2026-09-02.csv,2026-09-05T04:35:36Z
62c01a58e7a627a9b6d97f52,2026-09-02T13:43-05:00,2026-09-02T18:43:00Z,2026-09-02,8.66545,-74.00371,VIIRS-NOAA-21,NOAA-21,VIIRS,59.9,19.1,7.9,Nominal,D,0.53,0.5,true,true,Puntos_de_calor_Colombia_2026-09-02.csv,2026-09-05T04:35:36Z
62fb6a4b382eca4d400c7686,2026-09-02T13:43-05:00,2026-09-02T18:43:00Z,2026-09-02,8.59054,-73.93295,VIIRS-NOAA-21,NOAA-21,VIIRS,62.4,19.6,6.8,Nominal,D,0.54,0.51,true,true,Puntos_de_calor_Colombia_2026-09-02.csv,2026-09-05T04:35:36Z
67e8b5fd9558e65d5ca5b87a,2026-09-02T13:43-05:00,2026-09-02T18:43:00Z,2026-09-02,10.83108,-74.75188,VIIRS-NOAA-21,NOAA-21,VIIRS,68,21.9,7.4,Nominal,D,0.51,0.49,true,true,Puntos_de_calor_Colombia_2026-09-02.csv,2026-09-05T04:35:36Z
730ee2a3950cf3684b714e29,2026-09-02T13:43-05:00,2026-09-02T18:43:00Z,2026-09-02,7.00509,-74.04493,VIIRS-NOAA-21,NOAA-21,VIIRS,65.8,21.1,5.4,Nominal,D,0.5,0.49,true,true,Puntos_de_calor_Colombia_2026-09-02.csv,2026-09-05T04:35:36Z
76d387cc3e2cef747c0969dc,2026-09-02T13:43-05:00,2026-09-02T18:43:00Z,2026-09-02,8.74419,-72.75581,VIIRS-NOAA-21,NOAA-21,VIIRS,63.4,17.3,3.1,Nominal,D,0.32,0.55,true,true,Puntos_de_calor_Colombia_2026-09-02.csv,2026-09-05T04:35:36Z
7a306ab1c6e09c1c27ebc796,2026-09-02T13:43-05:00,2026-09-02T18:43:00Z,2026-09-02,8.18674,-72.8634,VIIRS-NOAA-21,NOAA-21,VIIRS,58.6,15.7,6.4,Nominal,D,0.63,0.54,true,true,Puntos_de_calor_Colombia_2026-09-02.csv,2026-09-05T04:35:36Z
7dc9920b9f0476fe58af4195,2026-09-02T13:43-05:00,2026-09-02T18:43:00Z,2026-09-02,9.09503,-74.43088,VIIRS-NOAA-21,NOAA-21,VIIRS,62.3,25.3,7.1,Nominal,D,0.5,0.49,true,true,Puntos_de_calor_Colombia_2026-09-02.csv,2026-09-05T04:35:36Z
813adcd0d74cdf018a293056,2026-09-02T13:43-05:00,2026-09-02T18:43:00Z,2026-09-02,10.55516,-74.29673,VIIRS-NOAA-21,NOAA-21,VIIRS,67.5,22.3,9.8,Nominal,D,0.54,0.51,true,true,Puntos_de_calor_Colombia_2026-09-02.csv,2026-09-05T04:35:36Z
8d549b2c5e52f6ad1483cef8,2026-09-02T13:43-05:00,2026-09-02T18:43:00Z,2026-09-02,9.93841,-74.80749,VIIRS-NOAA-21,NOAA-21,VIIRS,59.2,22.4,3.6,Nominal,D,0.49,0.48,true,true,Puntos_de_calor_Colombia_2026-09-02.csv,2026-09-05T04:35:36Z
8ed9dbb81ed7d56e013405cb,2026-09-02T13:43-05:00,2026-09-02T18:43:00Z,2026-09-02,8.47428,-72.55303,VIIRS-NOAA-21,NOAA-21,VIIRS,62.4,18.5,2.8,Nominal,D,0.33,0.55,true,true,Puntos_de_calor_Colombia_2026-09-02.csv,2026-09-05T04:35:36Z
93184af8ea73bfc8d01dfa37,2026-09-02T13:43-05:00,2026-09-02T18:43:00Z,2026-09-02,6.96131,-73.94804,VIIRS-NOAA-21,NOAA-21,VIIRS,61.1,21.3,8.6,Nominal,D,0.51,0.49,true,true,Puntos_de_calor_Colombia_2026-09-02.csv,2026-09-05T04:35:36Z
94bb5edbeeba3a4185ad5dd9,2026-09-02T13:43-05:00,2026-09-02T18:43:00Z,2026-09-02,6.96371,-73.94669,VIIRS-NOAA-21,NOAA-21,VIIRS,72,22.2,11.9,Nominal,D,0.51,0.49,true,true,Puntos_de_calor_Colombia_2026-09-02.csv,2026-09-05T04:35:36Z
9ba440bbf3bc9bbc3e66b4f5,2026-09-02T13:43-05:00,2026-09-02T18:43:00Z,2026-09-02,8.85085,-72.91679,VIIRS-NOAA-21,NOAA-21,VIIRS,58.4,18.3,5.2,Nominal,D,0.64,0.54,true,true,Puntos_de_calor_Colombia_2026-09-02.csv,2026-09-05T04:35:36Z
9ff53a8acb7ce369ae29e80d,2026-09-02T13:43-05:00,2026-09-02T18:43:00Z,2026-09-02,7.2978,-74.75783,VIIRS-NOAA-21,NOAA-21,VIIRS,65.9,20.6,8.4,Nominal,D,0.45,0.47,true,true,Puntos_de_calor_Colombia_2026-09-02.csv,2026-09-05T04:35:36Z
a19b658c9a6b34abb7a32fb3,2026-09-02T13:43-05:00,2026-09-02T18:43:00Z,2026-09-02,7.67235,-73.7282,VIIRS-NOAA-21,NOAA-21,VIIRS,63.7,19.7,7.2,Nominal,D,0.54,0.51,true,true,Puntos_de_calor_Colombia_2026-09-02.csv,2026-09-05T04:35:36Z
b281ed07d2b8010a84b34d75,2026-09-02T13:43-05:00,2026-09-02T18:43:00Z,2026-09-02,8.21059,-73.86983,VIIRS-NOAA-21,NOAA-21,VIIRS,66.6,19.6,7.6,Nominal,D,0.53,0.5,true,true,Puntos_de_calor_Colombia_2026-09-02.csv,2026-09-05T04:35:36Z
b6f38af1c5ff8352890796e4,2026-09-02T13:43-05:00,2026-09-02T18:43:00Z,2026-09-02,1.07873,-77.36648,VIIRS-NOAA-21,NOAA-21,VIIRS,69.6,29.8,7.2,Nominal,D,0.42,0.37,true,true,Puntos_de_calor_Colombia_2026-09-02.csv,2026-09-05T04:35:36Z
b9dd79c5c28c1dc69c33e23f,2026-09-02T13:43-05:00,2026-09-02T18:43:00Z,2026-09-02,9.94461,-73.35964,VIIRS-NOAA-21,NOAA-21,VIIRS,59.5,13.4,3.4,Nominal,D,0.61,0.54,true,true,Puntos_de_calor_Colombia_2026-09-02.csv,2026-09-05T04:35:36Z
c39affcf22dfda88324815f7,2026-09-02T13:43-05:00,2026-09-02T18:43:00Z,2026-09-02,8.18366,-72.86179,VIIRS-NOAA-21,NOAA-21,VIIRS,65.8,18.3,15.3,Nominal,D,0.63,0.54,true,true,Puntos_de_calor_Colombia_2026-09-02.csv,2026-09-05T04:35:36Z
cbcbe8d9f0c73b3bef34adba,2026-09-02T13:43-05:00,2026-09-02T18:43:00Z,2026-09-02,8.71401,-72.82674,VIIRS-NOAA-21,NOAA-21,VIIRS,78.3,19.8,7.1,Nominal,D,0.32,0.55,true,true,Puntos_de_calor_Colombia_2026-09-02.csv,2026-09-05T04:35:36Z
cd9dffc93fc08eac92216a4c,2026-09-02T13:43-05:00,2026-09-02T18:43:00Z,2026-09-02,9.27061,-73.8152,VIIRS-NOAA-21,NOAA-21,VIIRS,58.3,20.8,8,Nominal,D,0.56,0.51,true,true,Puntos_de_calor_Colombia_2026-09-02.csv,2026-09-05T04:35:36Z
ce72b97c8ad7b56e7a22c9bf,2026-09-02T13:43-05:00,2026-09-02T18:43:00Z,2026-09-02,9.69814,-74.61956,VIIRS-NOAA-21,NOAA-21,VIIRS,61.1,21.2,4.9,Nominal,D,0.5,0.49,true,true,Puntos_de_calor_Colombia_2026-09-02.csv,2026-09-05T04:35:36Z
e17f68e6c81cff710d9e2251,2026-09-02T13:43-05:00,2026-09-02T18:43:00Z,2026-09-02,8.1876,-72.96552,VIIRS-NOAA-21,NOAA-21,VIIRS,68.8,18.4,8.9,Nominal,D,0.62,0.54,true,true,Puntos_de_calor_Colombia_2026-09-02.csv,2026-09-05T04:35:36Z
e5b5ebfc39cf7f5fdf6c3bc3,2026-09-02T13:43-05:00,2026-09-02T18:43:00Z,2026-09-02,7.90993,-72.68603,VIIRS-NOAA-21,NOAA-21,VIIRS,93.9,20.3,8.6,Alta,D,0.32,0.55,true,true,Puntos_de_calor_Colombia_2026-09-02.csv,2026-09-05T04:35:36Z
f231984cf94de37bf1ecd603,2026-09-02T13:43-05:00,2026-09-02T18:43:00Z,2026-09-02,8.84351,-72.93431,VIIRS-NOAA-21,NOAA-21,VIIRS,61,17.4,4.4,Nominal,D,0.63,0.54,true,true,Puntos_de_calor_Colombia_2026-09-02.csv,2026-09-05T04:35:36Z
f3c29d0186610d6415b0e94b,2026-09-02T13:43-05:00,2026-09-02T18:43:00Z,2026-09-02,10.83363,-74.74944,VIIRS-NOAA-21,NOAA-21,VIIRS,66.9,22.1,12.4,Nominal,D,0.51,0.49,true,true,Puntos_de_calor_Colombia_2026-09-02.csv,2026-09-05T04:35:36Z
fa42e3fc913dced35a1ced18,2026-09-02T13:43-05:00,2026-09-02T18:43:00Z,2026-09-02,10.97501,-72.72688,VIIRS-NOAA-21,NOAA-21,VIIRS,63.4,22.9,2.7,Nominal,D,0.35,0.57,true,true,Puntos_de_calor_Colombia_2026-09-02.csv,2026-09-05T04:35:36Z
04c39bb3646a4967e17196f1,2026-09-02T14:17-05:00,2026-09-02T19:17:00Z,2026-09-02,2.1649,-73.52488,VIIRS-Suomi-NPP,Suomi-NPP,VIIRS,64,14.9,8.5,Nominal,D,0.61,0.71,true,false,Puntos_de_calor_Colombia_2026-09-02.csv,2026-09-05T04:35:36Z
07896d237371806df43a29fb,2026-09-02T14:17-05:00,2026-09-02T19:17:00Z,2026-09-02,3.25389,-75.66865,VIIRS-Suomi-NPP,Suomi-NPP,VIIRS,93.9,20.1,11.5,Alta,D,0.45,0.63,true,false,Puntos_de_calor_Colombia_2026-09-02.csv,2026-09-05T04:35:36Z
10d114bde3f2c422c7cfd3c5,2026-09-02T14:17-05:00,2026-09-02T19:17:00Z,2026-09-02,2.35241,-76.50176,VIIRS-Suomi-NPP,Suomi-NPP,VIIRS,66.5,20.3,4.1,Nominal,D,0.39,0.59,true,false,Puntos_de_calor_Colombia_2026-09-02.csv,2026-09-05T04:35:36Z
13ae1c04078326cc918a96dc,2026-09-02T14:17-05:00,2026-09-02T19:17:00Z,2026-09-02,2.07963,-73.521,VIIRS-Suomi-NPP,Suomi-NPP,VIIRS,57.6,13.9,4.2,Nominal,D,0.6,0.71,true,false,Puntos_de_calor_Colombia_2026-09-02.csv,2026-09-05T04:35:36Z
29786b5953f8360e85c6a34a,2026-09-02T14:17-05:00,2026-09-02T19:17:00Z,2026-09-02,2.76775,-76.46637,VIIRS-Suomi-NPP,Suomi-NPP,VIIRS,65.7,18.6,3.7,Nominal,D,0.39,0.6,true,false,Puntos_de_calor_Colombia_2026-09-02.csv,2026-09-05T04:35:36Z
5a32bc75b1f8b3e9e41d684e,2026-09-02T14:17-05:00,2026-09-02T19:17:00Z,2026-09-02,2.30103,-75.83208,VIIRS-Suomi-NPP,Suomi-NPP,VIIRS,61.1,17.6,3.7,Nominal,D,0.43,0.62,true,false,Puntos_de_calor_Colombia_2026-09-02.csv,2026-09-05T04:35:36Z
672f3bfbae3e6d1c6f24049a,2026-09-02T14:17-05:00,2026-09-02T19:17:00Z,2026-09-02,2.16238,-73.52546,VIIRS-Suomi-NPP,Suomi-NPP,VIIRS,61.6,15.1,5.7,Nominal,D,0.61,0.71,true,false,Puntos_de_calor_Colombia_2026-09-02.csv,2026-09-05T04:35:36Z
710a75e3f85dfe50cd876b91,2026-09-02T14:17-05:00,2026-09-02T19:17:00Z,2026-09-02,2.74639,-73.60452,VIIRS-Suomi-NPP,Suomi-NPP,VIIRS,85,15,11.4,Baja,D,0.61,0.71,true,false,Puntos_de_calor_Colombia_2026-09-02.csv,2026-09-05T04:35:36Z
8b9840948ce6949125e2d3f9,2026-09-02T14:17-05:00,2026-09-02T19:17:00Z,2026-09-02,2.48261,-73.68777,VIIRS-Suomi-NPP,Suomi-NPP,VIIRS,59,14.5,5.3,Nominal,D,0.6,0.7,true,false,Puntos_de_calor_Colombia_2026-09-02.csv,2026-09-05T04:35:36Z
96619f10a0190247cb417814,2026-09-02T14:17-05:00,2026-09-02T19:17:00Z,2026-09-02,2.27389,-77.25784,VIIRS-Suomi-NPP,Suomi-NPP,VIIRS,63.7,15.5,3.9,Nominal,D,0.34,0.56,true,false,Puntos_de_calor_Colombia_2026-09-02.csv,2026-09-05T04:35:36Z
9d9ae574a2844a10dfc1319d,2026-09-02T14:17-05:00,2026-09-02T19:17:00Z,2026-09-02,2.89935,-73.63302,VIIRS-Suomi-NPP,Suomi-NPP,VIIRS,60.7,14.2,4.9,Nominal,D,0.61,0.71,true,false,Puntos_de_calor_Colombia_2026-09-02.csv,2026-09-05T04:35:36Z
a3fc57384c2680e2a9c703d7,2026-09-02T14:17-05:00,2026-09-02T19:17:00Z,2026-09-02,1.12999,-77.8499,VIIRS-Suomi-NPP,Suomi-NPP,VIIRS,66.6,20.6,11.3,Nominal,D,0.6,0.53,true,false,Puntos_de_calor_Colombia_2026-09-02.csv,2026-09-05T04:35:36Z
b16d496001732acd19af6af2,2026-09-02T14:17-05:00,2026-09-02T19:17:00Z,2026-09-02,3.14718,-76.63412,VIIRS-Suomi-NPP,Suomi-NPP,VIIRS,82.3,22.2,8.1,Nominal,D,0.39,0.59,true,false,Puntos_de_calor_Colombia_2026-09-02.csv,2026-09-05T04:35:36Z
ba8970ac106580742e33ef99,2026-09-02T14:17-05:00,2026-09-02T19:17:00Z,2026-09-02,3.12465,-72.37103,VIIRS-Suomi-NPP,Suomi-NPP,VIIRS,57.4,12.5,7.1,Nominal,D,0.75,0.77,true,false,Puntos_de_calor_Colombia_2026-09-02.csv,2026-09-05T04:35:36Z
bd9e73ede622af5f39baa7d1,2026-09-02T14:17-05:00,2026-09-02T19:17:00Z,2026-09-02,3.12376,-76.56442,VIIRS-Suomi-NPP,Suomi-NPP,VIIRS,59.7,22.3,1,Nominal,D,0.39,0.59,true,false,Puntos_de_calor_Colombia_2026-09-02.csv,2026-09-05T04:35:36Z
c5bf4087d9e765967f54970d,2026-09-02T14:17-05:00,2026-09-02T19:17:00Z,2026-09-02,2.73978,-73.60353,VIIRS-Suomi-NPP,Suomi-NPP,VIIRS,61.4,15.2,11.4,Nominal,D,0.61,0.71,true,false,Puntos_de_calor_Colombia_2026-09-02.csv,2026-09-05T04:35:36Z
cd9c73f03ec79ee6db0de848,2026-09-02T14:17-05:00,2026-09-02T19:17:00Z,2026-09-02,2.49714,-75.82744,VIIRS-Suomi-NPP,Suomi-NPP,VIIRS,73.6,21.1,5.6,Nominal,D,0.43,0.62,true,false,Puntos_de_calor_Colombia_2026-09-02.csv,2026-09-05T04:35:36Z
e14e66bcdcd0f402ae9d41b0,2026-09-02T14:17-05:00,2026-09-02T19:17:00Z,2026-09-02,3.15935,-72.43235,VIIRS-Suomi-NPP,Suomi-NPP,VIIRS,57.8,12.8,12.8,Nominal,D,0.74,0.76,true,false,Puntos_de_calor_Colombia_2026-09-02.csv,2026-09-05T04:35:36Z
e9963b45928d31268cee726b,2026-09-02T14:17-05:00,2026-09-02T19:17:00Z,2026-09-02,2.73245,-73.56155,VIIRS-Suomi-NPP,Suomi-NPP,VIIRS,81.4,15.5,10.3,Nominal,D,0.61,0.71,true,false,Puntos_de_calor_Colombia_2026-09-02.csv,2026-09-05T04:35:36Z
f1065666d5fdd6fd9ec63606,2026-09-02T14:17-05:00,2026-09-02T19:17:00Z,2026-09-02,3.15478,-72.435,VIIRS-Suomi-NPP,Suomi-NPP,VIIRS,76.2,13,9.2,Nominal,D,0.74,0.76,true,false,Puntos_de_calor_Colombia_2026-09-02.csv,2026-09-05T04:35:36Z
fd7872a06f00a924673b2c52,2026-09-02T14:17-05:00,2026-09-02T19:17:00Z,2026-09-02,2.31451,-76.63817,VIIRS-Suomi-NPP,Suomi-NPP,VIIRS,81.4,18.9,6.5,Nominal,D,0.38,0.58,true,false,Puntos_de_calor_Colombia_2026-09-02.csv,2026-09-05T04:35:36Z
3430470f960afd821bf18cce,2026-09-02T14:19-05:00,2026-09-02T19:19:00Z,2026-09-02,7.96092,-73.86861,VIIRS-Suomi-NPP,Suomi-NPP,VIIRS,54.1,13.9,3.6,Nominal,D,0.7,0.75,true,false,Puntos_de_calor_Colombia_2026-09-02.csv,2026-09-05T04:35:36Z
4134816e4054121d3613281c,2026-09-02T14:19-05:00,2026-09-02T19:19:00Z,2026-09-02,6.9634,-73.94618,VIIRS-Suomi-NPP,Suomi-NPP,VIIRS,63.7,14.2,6,Nominal,D,0.67,0.73,true,false,Puntos_de_calor_Colombia_2026-09-02.csv,2026-09-05T04:35:36Z
4278b5cf76ace4d66827c362,2026-09-02T14:19-05:00,2026-09-02T19:19:00Z,2026-09-02,6.96417,-73.94345,VIIRS-Suomi-NPP,Suomi-NPP,VIIRS,60.6,14.2,7.7,Nominal,D,0.67,0.73,true,false,Puntos_de_calor_Colombia_2026-09-02.csv,2026-09-05T04:35:36Z
490432a2e797cf331f34d115,2026-09-02T14:19-05:00,2026-09-02T19:19:00Z,2026-09-02,8.6076,-75.15094,VIIRS-Suomi-NPP,Suomi-NPP,VIIRS,58.1,14.4,7.7,Nominal,D,0.58,0.7,true,false,Puntos_de_calor_Colombia_2026-09-02.csv,2026-09-05T04:35:36Z
948dd82dcb856b81b950f896,2026-09-02T14:19-05:00,2026-09-02T19:19:00Z,2026-09-02,8.62768,-73.96616,VIIRS-Suomi-NPP,Suomi-NPP,VIIRS,74.6,13.8,15.3,Nominal,D,0.7,0.75,true,false,Puntos_de_calor_Colombia_2026-09-02.csv,2026-09-05T04:35:36Z
9c64dd2547572d0c27034264,2026-09-02T14:19-05:00,2026-09-02T19:19:00Z,2026-09-02,8.60723,-75.15366,VIIRS-Suomi-NPP,Suomi-NPP,VIIRS,54.8,14.5,7.7,Nominal,D,0.58,0.7,true,false,Puntos_de_calor_Colombia_2026-09-02.csv,2026-09-05T04:35:36Z
b0a5991b497642de1ede6b21,2026-09-02T14:19-05:00,2026-09-02T19:19:00Z,2026-09-02,8.10489,-73.83601,VIIRS-Suomi-NPP,Suomi-NPP,VIIRS,81.1,14.2,16.2,Nominal,D,0.7,0.75,true,false,Puntos_de_calor_Colombia_2026-09-02.csv,2026-09-05T04:35:36Z
ceed2c87e97558e4e42970d9,2026-09-02T14:19-05:00,2026-09-02T19:19:00Z,2026-09-02,9.06613,-74.14238,VIIRS-Suomi-NPP,Suomi-NPP,VIIRS,59.2,14,6.9,Nominal,D,0.69,0.74,true,false,Puntos_de_calor_Colombia_2026-09-02.csv,2026-09-05T04:35:36Z
d1f7789a98bfcc0fd7b142cd,2026-09-02T14:19-05:00,2026-09-02T19:19:00Z,2026-09-02,8.62578,-73.96629,VIIRS-Suomi-NPP,Suomi-NPP,VIIRS,73.9,13.4,9.8,Nominal,D,0.7,0.75,true,false,Puntos_de_calor_Colombia_2026-09-02.csv,2026-09-05T04:35:36Z
10c00573134c3b750801ab09,2026-09-02T15:23-05:00,2026-09-02T20:23:00Z,2026-09-02,3.7741,-72.88416,MODIS-Aqua,Aqua,MODIS,42.8,23.4,6.8,50 %,D,1.02,1.01,true,true,Puntos_de_calor_Colombia_2026-09-02.csv,2026-09-05T04:35:36Z
1d8abf461458de084e0fe60b,2026-09-02T15:23-05:00,2026-09-02T20:23:00Z,2026-09-02,3.35828,-73.13594,MODIS-Aqua,Aqua,MODIS,50.4,23.7,17.6,75 %,D,1.04,1.02,true,true,Puntos_de_calor_Colombia_2026-09-02.csv,2026-09-05T04:35:36Z
260584fced06dc0029717e22,2026-09-02T15:23-05:00,2026-09-02T20:23:00Z,2026-09-02,2.49611,-73.03596,MODIS-Aqua,Aqua,MODIS,42.4,23.6,9,69 %,D,1.05,1.02,true,true,Puntos_de_calor_Colombia_2026-09-02.csv,2026-09-05T04:35:36Z
33c2125b590b05e778badbef,2026-09-02T15:23-05:00,2026-09-02T20:23:00Z,2026-09-02,2.09758,-73.84434,MODIS-Aqua,Aqua,MODIS,41.3,24,8,67 %,D,1.14,1.06,true,true,Puntos_de_calor_Colombia_2026-09-02.csv,2026-09-05T04:35:36Z
3ea85f3ef290b89ef0e3064e,2026-09-02T15:23-05:00,2026-09-02T20:23:00Z,2026-09-02,3.54662,-75.73347,MODIS-Aqua,Aqua,MODIS,47.6,23.6,25.6,61 %,D,1.42,1.18,true,true,Puntos_de_calor_Colombia_2026-09-02.csv,2026-09-05T04:35:36Z
4af8e47f466de5041988b849,2026-09-02T15:23-05:00,2026-09-02T20:23:00Z,2026-09-02,2.73155,-73.19141,MODIS-Aqua,Aqua,MODIS,36.8,21.3,4.5,57 %,D,1.05,1.03,true,true,Puntos_de_calor_Colombia_2026-09-02.csv,2026-09-05T04:35:36Z
5fe0cd804502fa1a584ecb04,2026-09-02T15:23-05:00,2026-09-02T20:23:00Z,2026-09-02,3.53872,-75.7259,MODIS-Aqua,Aqua,MODIS,51.7,22.4,30.7,70 %,D,1.42,1.18,true,true,Puntos_de_calor_Colombia_2026-09-02.csv,2026-09-05T04:35:36Z
74782401b87d8a90ac3951ef,2026-09-02T15:23-05:00,2026-09-02T20:23:00Z,2026-09-02,2.7317,-73.56175,MODIS-Aqua,Aqua,MODIS,40.6,23.5,7.3,29 %,D,1.09,1.04,true,true,Puntos_de_calor_Colombia_2026-09-02.csv,2026-09-05T04:35:36Z
99308a176d068546e6203a68,2026-09-02T15:23-05:00,2026-09-02T20:23:00Z,2026-09-02,2.0883,-73.84298,MODIS-Aqua,Aqua,MODIS,55.2,24.5,25.3,83 %,D,1.14,1.06,true,true,Puntos_de_calor_Colombia_2026-09-02.csv,2026-09-05T04:35:36Z
a140fc245db452d067c5ec2f,2026-09-02T15:23-05:00,2026-09-02T20:23:00Z,2026-09-02,3.7862,-72.88337,MODIS-Aqua,Aqua,MODIS,43.2,24.3,7.6,71 %,D,1.02,1.01,true,true,Puntos_de_calor_Colombia_2026-09-02.csv,2026-09-05T04:35:36Z
a3dc5736243ea118db7a1047,2026-09-02T15:23-05:00,2026-09-02T20:23:00Z,2026-09-02,2.20375,-73.01061,MODIS-Aqua,Aqua,MODIS,38.2,22.6,5.9,59 %,D,1.05,1.02,true,true,Puntos_de_calor_Colombia_2026-09-02.csv,2026-09-05T04:35:36Z
a971aab85b68779baf8293bc,2026-09-02T15:23-05:00,2026-09-02T20:23:00Z,2026-09-02,2.76054,-73.24256,MODIS-Aqua,Aqua,MODIS,42.8,21.8,8.7,66 %,D,1.06,1.03,true,true,Puntos_de_calor_Colombia_2026-09-02.csv,2026-09-05T04:35:36Z
b09f4a4067615ebf09a8dd26,2026-09-02T15:23-05:00,2026-09-02T20:23:00Z,2026-09-02,3.15919,-72.42626,MODIS-Aqua,Aqua,MODIS,38.9,22.7,4.8,54 %,D,1.01,1,true,true,Puntos_de_calor_Colombia_2026-09-02.csv,2026-09-05T04:35:36Z
b11abb07cf49241a41c95d7e,2026-09-02T15:23-05:00,2026-09-02T20:23:00Z,2026-09-02,2.47389,-74.35472,MODIS-Aqua,Aqua,MODIS,35.8,21.9,5.6,60 %,D,1.2,1.09,true,true,Puntos_de_calor_Colombia_2026-09-02.csv,2026-09-05T04:35:36Z
be67ee5ec7290d7dcd409abb,2026-09-02T15:23-05:00,2026-09-02T20:23:00Z,2026-09-02,2.84394,-73.7366,MODIS-Aqua,Aqua,MODIS,49.4,23.1,17,79 %,D,1.1,1.05,true,true,Puntos_de_calor_Colombia_2026-09-02.csv,2026-09-05T04:35:36Z
d0ebd3558442fd95dfe55539,2026-09-02T15:23-05:00,2026-09-02T20:23:00Z,2026-09-02,3.78488,-72.89223,MODIS-Aqua,Aqua,MODIS,44.9,24.7,9.1,73 %,D,1.02,1.01,true,true,Puntos_de_calor_Colombia_2026-09-02.csv,2026-09-05T04:35:36Z
f413844ef5e4f68a33d8c49e,2026-09-02T15:23-05:00,2026-09-02T20:23:00Z,2026-09-02,3.7371,-72.45068,MODIS-Aqua,Aqua,MODIS,42,22.2,7.7,52 %,D,1,1,true,true,Puntos_de_calor_Colombia_2026-09-02.csv,2026-09-05T04:35:36Z
1daf1f63c12dbd62e85f8466,2026-09-02T15:25-05:00,2026-09-02T20:25:00Z,2026-09-02,8.07589,-72.69778,MODIS-Aqua,Aqua,MODIS,39.6,18.3,9.4,70 %,D,1,1,true,true,Puntos_de_calor_Colombia_2026-09-02.csv,2026-09-05T04:35:36Z
20262340a3b0d26d61f7f7ec,2026-09-02T15:25-05:00,2026-09-02T20:25:00Z,2026-09-02,4.13502,-76.24372,MODIS-Aqua,Aqua,MODIS,43,26.4,13.6,65 %,D,1.51,1.21,true,true,Puntos_de_calor_Colombia_2026-09-02.csv,2026-09-05T04:35:36Z
3183f53c2fcd2991fc18d234,2026-09-02T15:25-05:00,2026-09-02T20:25:00Z,2026-09-02,5.21452,-74.26964,MODIS-Aqua,Aqua,MODIS,34.5,20.2,3.5,53 %,D,1.11,1.05,true,true,Puntos_de_calor_Colombia_2026-09-02.csv,2026-09-05T04:35:36Z
81a228cb53bd20cb3cbf863c,2026-09-02T15:25-05:00,2026-09-02T20:25:00Z,2026-09-02,5.52763,-74.52225,MODIS-Aqua,Aqua,MODIS,45.7,24.4,11.8,77 %,D,1.13,1.06,true,true,Puntos_de_calor_Colombia_2026-09-02.csv,2026-09-05T04:35:36Z
cc00e3f1544262910dbabbbc,2026-09-02T15:25-05:00,2026-09-02T20:25:00Z,2026-09-02,7.29755,-74.06462,MODIS-Aqua,Aqua,MODIS,38.4,21.6,6,68 %,D,1.04,1.02,true,true,Puntos_de_calor_Colombia_2026-09-02.csv,2026-09-05T04:35:36Z
e5eb36e2a2d47015fa8e0fe3,2026-09-02T15:25-05:00,2026-09-02T20:25:00Z,2026-09-02,6.97368,-74.43894,MODIS-Aqua,Aqua,MODIS,36.3,23,4,61 %,D,1.08,1.04,true,true,Puntos_de_calor_Colombia_2026-09-02.csv,2026-09-05T04:35:36Z
16b684cd0172e6c44efb36cb,2026-09-02T15:27-05:00,2026-09-02T20:27:00Z,2026-09-02,10.79618,-74.86182,MODIS-Aqua,Aqua,MODIS,54.2,20.3,19.8,82 %,D,1.05,1.02,true,true,Puntos_de_calor_Colombia_2026-09-02.csv,2026-09-05T04:35:36Z
2d405d376dfc24be7bfa4343,2026-09-02T15:27-05:00,2026-09-02T20:27:00Z,2026-09-02,10.85845,-74.8716,MODIS-Aqua,Aqua,MODIS,46.6,19.4,11.6,75 %,D,1.05,1.02,true,true,Puntos_de_calor_Colombia_2026-09-02.csv,2026-09-05T04:35:36Z
2e4479bfaf336ac76dc3b3f7,2026-09-02T15:27-05:00,2026-09-02T20:27:00Z,2026-09-02,8.94316,-75.11514,MODIS-Aqua,Aqua,MODIS,43.6,23.7,8.9,64 %,D,1.11,1.05,true,true,Puntos_de_calor_Colombia_2026-09-02.csv,2026-09-05T04:35:36Z
2eaf02d74167afab3193eb96,2026-09-02T15:27-05:00,2026-09-02T20:27:00Z,2026-09-02,8.98667,-72.91315,MODIS-Aqua,Aqua,MODIS,43.7,22.9,8.7,70 %,D,1,1,true,true,Puntos_de_calor_Colombia_2026-09-02.csv,2026-09-05T04:35:36Z
64352fdc872a6a89efccc1a4,2026-09-02T15:27-05:00,2026-09-02T20:27:00Z,2026-09-02,10.83068,-74.75465,MODIS-Aqua,Aqua,MODIS,47.7,21.7,11.6,0 %,D,1.04,1.02,true,true,Puntos_de_calor_Colombia_2026-09-02.csv,2026-09-05T04:35:36Z
661a7837b5e58e8e238015ef,2026-09-02T15:27-05:00,2026-09-02T20:27:00Z,2026-09-02,8.98538,-72.92194,MODIS-Aqua,Aqua,MODIS,40.8,23.2,6.4,65 %,D,1,1,true,true,Puntos_de_calor_Colombia_2026-09-02.csv,2026-09-05T04:35:36Z
79f6358d22eba918f6d905a5,2026-09-02T15:27-05:00,2026-09-02T20:27:00Z,2026-09-02,10.92697,-74.23431,MODIS-Aqua,Aqua,MODIS,46.4,27.5,8.9,75 %,D,1.01,1,true,true,Puntos_de_calor_Colombia_2026-09-02.csv,2026-09-05T04:35:36Z
949e3c841e2f39bd16ed6f43,2026-09-02T15:27-05:00,2026-09-02T20:27:00Z,2026-09-02,8.31065,-72.60064,MODIS-Aqua,Aqua,MODIS,46.3,24.6,10.3,76 %,D,1.01,1,true,true,Puntos_de_calor_Colombia_2026-09-02.csv,2026-09-05T04:35:36Z
c9987f8f3496bff2708be3b3,2026-09-02T15:27-05:00,2026-09-02T20:27:00Z,2026-09-02,9.69426,-74.61951,MODIS-Aqua,Aqua,MODIS,42.5,24.4,7.2,50 %,D,1.05,1.02,true,true,Puntos_de_calor_Colombia_2026-09-02.csv,2026-09-05T04:35:36Z
c9e103495edf749db84dffdd,2026-09-02T15:27-05:00,2026-09-02T20:27:00Z,2026-09-02,10.81057,-74.69915,MODIS-Aqua,Aqua,MODIS,43.4,22.9,6.5,71 %,D,1.03,1.02,true,true,Puntos_de_calor_Colombia_2026-09-02.csv,2026-09-05T04:35:36Z
ca4319ef493d2b6b2ca5caaf,2026-09-02T15:27-05:00,2026-09-02T20:27:00Z,2026-09-02,11.25332,-72.51257,MODIS-Aqua,Aqua,MODIS,48.5,29.8,8.7,67 %,D,1.04,1.02,true,true,Puntos_de_calor_Colombia_2026-09-02.csv,2026-09-05T04:35:36Z
d9c76bcb5469b7f3cae67152,2026-09-02T15:27-05:00,2026-09-02T20:27:00Z,2026-09-02,8.94026,-72.89955,MODIS-Aqua,Aqua,MODIS,40,23.4,5.8,65 %,D,1,1,true,true,Puntos_de_calor_Colombia_2026-09-02.csv,2026-09-05T04:35:36Z
e3dc717780216dd3a7513286,2026-09-02T15:27-05:00,2026-09-02T20:27:00Z,2026-09-02,10.85983,-74.86242,MODIS-Aqua,Aqua,MODIS,50.6,20.3,15.5,79 %,D,1.04,1.02,true,true,Puntos_de_calor_Colombia_2026-09-02.csv,2026-09-05T04:35:36Z
e613ed25f1ddbe1121384850,2026-09-02T15:27-05:00,2026-09-02T20:27:00Z,2026-09-02,8.18134,-72.96956,MODIS-Aqua,Aqua,MODIS,38.6,20.2,8.7,64 %,D,1,1,true,true,Puntos_de_calor_Colombia_2026-09-02.csv,2026-09-05T04:35:36Z
f4f1c0d47c1f70df2aff87cd,2026-09-02T15:27-05:00,2026-09-02T20:27:00Z,2026-09-02,10.79477,-74.87103,MODIS-Aqua,Aqua,MODIS,44,19.6,8.6,71 %,D,1.05,1.02,true,true,Puntos_de_calor_Colombia_2026-09-02.csv,2026-09-05T04:35:36Z
f7ffe490c41ff996c57ea8f1,2026-09-02T15:27-05:00,2026-09-02T20:27:00Z,2026-09-02,10.00229,-74.1119,MODIS-Aqua,Aqua,MODIS,44.6,25.7,6.9,68 %,D,1.01,1.01,true,true,Puntos_de_calor_Colombia_2026-09-02.csv,2026-09-05T04:35:36Z
1d385e3ab9fc0cb8554666c8,2026-09-02T20:47-05:00,2026-09-03T01:47:00Z,2026-09-02,4.0959,-74.91637,MODIS-Terra,Terra,MODIS,36.1,22.4,7.8,77 %,N,1.17,1.08,true,true,Puntos_de_calor_Colombia_2026-09-02.csv,2026-09-05T04:35:36Z
8c68e2fededbfee47af98d11,2026-09-02T20:47-05:00,2026-09-03T01:47:00Z,2026-09-02,3.30746,-76.50403,MODIS-Terra,Terra,MODIS,47.6,16.8,19.2,100 %,N,1.01,1.01,true,true,Puntos_de_calor_Colombia_2026-09-02.csv,2026-09-05T04:35:36Z
55cca9260e8ba6848eb0687a,2026-09-03T00:40-05:00,2026-09-03T05:40:00Z,2026-09-03,4.7925,-70.23865,VIIRS-NOAA-21,NOAA-21,VIIRS,29,-0.7,1.7,Nominal,N,0.56,0.51,true,true,Puntos_de_calor_Colombia_2026-09-03.csv,2026-09-05T10:40:54Z
5840760e364fccf10aa4d88f,2026-09-03T00:40-05:00,2026-09-03T05:40:00Z,2026-09-03,5.77412,-72.87489,VIIRS-NOAA-21,NOAA-21,VIIRS,27.6,9.8,2.2,Nominal,N,0.44,0.63,true,true,Puntos_de_calor_Colombia_2026-09-03.csv,2026-09-05T10:40:54Z
6ac7737afcc4fbbf27a24586,2026-09-03T00:40-05:00,2026-09-03T05:40:00Z,2026-09-03,5.44271,-72.4534,VIIRS-NOAA-21,NOAA-21,VIIRS,27.3,11.8,,Nominal,N,0.41,0.6,true,true,Puntos_de_calor_Colombia_2026-09-03.csv,2026-09-05T10:40:54Z
70997eff0a7382138a050d47,2026-09-03T00:40-05:00,2026-09-03T05:40:00Z,2026-09-03,5.44325,-72.45725,VIIRS-NOAA-21,NOAA-21,VIIRS,27.9,11.4,,Nominal,N,0.41,0.6,true,true,Puntos_de_calor_Colombia_2026-09-03.csv,2026-09-05T10:40:54Z
932795f5ff552b8b999e4bb9,2026-09-03T00:40-05:00,2026-09-03T05:40:00Z,2026-09-03,5.77523,-72.88266,VIIRS-NOAA-21,NOAA-21,VIIRS,24.4,9.3,3,Nominal,N,0.44,0.63,true,true,Puntos_de_calor_Colombia_2026-09-03.csv,2026-09-05T10:40:54Z
9ca4f32f62e05f5fe2f2e7a3,2026-09-03T00:40-05:00,2026-09-03T05:40:00Z,2026-09-03,5.77468,-72.87882,VIIRS-NOAA-21,NOAA-21,VIIRS,29.7,9.8,2.2,Nominal,N,0.44,0.63,true,true,Puntos_de_calor_Colombia_2026-09-03.csv,2026-09-05T10:40:54Z
43f0ce0e3990e770e67cb4fc,2026-09-03T01:14-05:00,2026-09-03T06:14:00Z,2026-09-03,10.9722,-72.72947,VIIRS-Suomi-NPP,Suomi-NPP,VIIRS,35.4,20.3,3,Nominal,N,0.38,0.43,true,false,Puntos_de_calor_Colombia_2026-09-03.csv,2026-09-05T10:40:54Z
92735030bef394a6fe20d305,2026-09-03T01:16-05:00,2026-09-03T06:16:00Z,2026-09-03,6.57011,-71.75579,VIIRS-Suomi-NPP,Suomi-NPP,VIIRS,29.4,16.1,,Nominal,N,0.45,0.39,true,false,Puntos_de_calor_Colombia_2026-09-03.csv,2026-09-05T10:40:54Z
a6d8970051f728d0bdec2858,2026-09-03T01:16-05:00,2026-09-03T06:16:00Z,2026-09-03,5.44302,-72.45406,VIIRS-Suomi-NPP,Suomi-NPP,VIIRS,30,14.5,,Nominal,N,0.48,0.4,true,false,Puntos_de_calor_Colombia_2026-09-03.csv,2026-09-05T10:40:54Z
fce9b17c2e39acb7e34b57f0,2026-09-03T01:16-05:00,2026-09-03T06:16:00Z,2026-09-03,5.77353,-72.87516,VIIRS-Suomi-NPP,Suomi-NPP,VIIRS,23.3,8.4,1.6,Nominal,N,0.51,0.41,true,false,Puntos_de_calor_Colombia_2026-09-03.csv,2026-09-05T10:40:54Z
2e6732525b2bb93eecd46907,2026-09-03T01:18-05:00,2026-09-03T06:18:00Z,2026-09-03,2.36406,-77.14149,VIIRS-Suomi-NPP,Suomi-NPP,VIIRS,62.9,8.9,11.8,Nominal,N,0.56,0.52,true,false,Puntos_de_calor_Colombia_2026-09-03.csv,2026-09-05T10:40:54Z
f94e8b36d5bfbbf8b68bce6a,2026-09-03T01:18-05:00,2026-09-03T06:18:00Z,2026-09-03,2.36471,-77.14573,VIIRS-Suomi-NPP,Suomi-NPP,VIIRS,42,5.2,11,Nominal,N,0.57,0.52,true,false,Puntos_de_calor_Colombia_2026-09-03.csv,2026-09-05T10:40:54Z
2bc0c29b407ce685079b513b,2026-09-03T01:33-05:00,2026-09-03T06:33:00Z,2026-09-03,9.9606,-73.83723,VIIRS-NOAA-20,NOAA-20,VIIRS,32.4,15,,Nominal,N,0.39,0.36,true,true,Puntos_de_calor_Colombia_2026-09-03.csv,2026-09-05T10:40:54Z
73b547de112cfda706403c88,2026-09-03T01:33-05:00,2026-09-03T06:33:00Z,2026-09-03,10.85069,-74.82036,VIIRS-NOAA-20,NOAA-20,VIIRS,56.5,19.9,3.9,Nominal,N,0.39,0.36,true,true,Puntos_de_calor_Colombia_2026-09-03.csv,2026-09-05T10:40:54Z
c945860c8ed7757541581eac,2026-09-03T01:33-05:00,2026-09-03T06:33:00Z,2026-09-03,10.97545,-72.72603,VIIRS-NOAA-20,NOAA-20,VIIRS,40.5,20.9,3.2,Nominal,N,0.4,0.37,true,true,Puntos_de_calor_Colombia_2026-09-03.csv,2026-09-05T10:40:54Z
e61850f1c1691b7a8ba2f658,2026-09-03T01:33-05:00,2026-09-03T06:33:00Z,2026-09-03,10.97267,-72.73024,VIIRS-NOAA-20,NOAA-20,VIIRS,33.9,20.5,2.6,Nominal,N,0.4,0.37,true,true,Puntos_de_calor_Colombia_2026-09-03.csv,2026-09-05T10:40:54Z
12330d0ddc1948b7426fe5ab,2026-09-03T01:35-05:00,2026-09-03T06:35:00Z,2026-09-03,3.67255,-76.451,VIIRS-NOAA-20,NOAA-20,VIIRS,29.2,17.6,,Nominal,N,0.39,0.36,true,true,Puntos_de_calor_Colombia_2026-09-03.csv,2026-09-05T10:40:54Z
1d15a6164a03af739dad1eac,2026-09-03T01:35-05:00,2026-09-03T06:35:00Z,2026-09-03,5.22952,-73.80804,VIIRS-NOAA-20,NOAA-20,VIIRS,26.3,2.2,,Nominal,N,0.41,0.37,true,true,Puntos_de_calor_Colombia_2026-09-03.csv,2026-09-05T10:40:54Z
21277ab92a26c18526acb0ed,2026-09-03T01:35-05:00,2026-09-03T06:35:00Z,2026-09-03,2.36482,-77.14376,VIIRS-NOAA-20,NOAA-20,VIIRS,54.3,10.2,6.7,Nominal,N,0.39,0.36,true,true,Puntos_de_calor_Colombia_2026-09-03.csv,2026-09-05T10:40:54Z
61ea222631f7b2976d634ecf,2026-09-03T01:35-05:00,2026-09-03T06:35:00Z,2026-09-03,5.44404,-72.45323,VIIRS-NOAA-20,NOAA-20,VIIRS,27.1,8.9,,Nominal,N,0.46,0.39,true,true,Puntos_de_calor_Colombia_2026-09-03.csv,2026-09-05T10:40:54Z
801de0bcad7567f251bc1733,2026-09-03T01:35-05:00,2026-09-03T06:35:00Z,2026-09-03,2.36429,-77.14039,VIIRS-NOAA-20,NOAA-20,VIIRS,44.3,10.8,6.7,Nominal,N,0.39,0.36,true,true,Puntos_de_calor_Colombia_2026-09-03.csv,2026-09-05T10:40:54Z
8733fa534b6088a508aed377,2026-09-03T01:35-05:00,2026-09-03T06:35:00Z,2026-09-03,2.94695,-76.74115,VIIRS-NOAA-20,NOAA-20,VIIRS,23.5,11.7,,Nominal,N,0.39,0.36,true,true,Puntos_de_calor_Colombia_2026-09-03.csv,2026-09-05T10:40:54Z
a9df04e8413e02c8d95b9acc,2026-09-03T01:35-05:00,2026-09-03T06:35:00Z,2026-09-03,5.3394,-73.7078,VIIRS-NOAA-20,NOAA-20,VIIRS,30.8,1.1,1.5,Nominal,N,0.41,0.37,true,true,Puntos_de_calor_Colombia_2026-09-03.csv,2026-09-05T10:40:54Z
ad6e721958db98e7ee30a550,2026-09-03T01:35-05:00,2026-09-03T06:35:00Z,2026-09-03,2.3608,-77.01043,VIIRS-NOAA-20,NOAA-20,VIIRS,29,12.7,,Nominal,N,0.39,0.36,true,true,Puntos_de_calor_Colombia_2026-09-03.csv,2026-09-05T10:40:54Z
c09a4849fc1a3d0d963dc54f,2026-09-03T01:35-05:00,2026-09-03T06:35:00Z,2026-09-03,4.15828,-76.23641,VIIRS-NOAA-20,NOAA-20,VIIRS,51.5,16.2,1.8,Nominal,N,0.39,0.36,true,true,Puntos_de_calor_Colombia_2026-09-03.csv,2026-09-05T10:40:54Z
024593b480ded395ac8316a0,2026-09-03T02:20-05:00,2026-09-03T07:20:00Z,2026-09-03,9.76075,-73.47596,VIIRS-NOAA-21,NOAA-21,VIIRS,39.2,11.2,4.3,Nominal,N,0.75,0.77,true,true,Puntos_de_calor_Colombia_2026-09-03.csv,2026-09-05T10:40:54Z
3ecfe01cc61b84e19bfc80ff,2026-09-03T02:20-05:00,2026-09-03T07:20:00Z,2026-09-03,10.84902,-74.82234,VIIRS-NOAA-21,NOAA-21,VIIRS,31.1,11.7,,Nominal,N,0.58,0.7,true,true,Puntos_de_calor_Colombia_2026-09-03.csv,2026-09-05T10:40:54Z
ce7196dfc26fbd6ac542fbaa,2026-09-03T02:20-05:00,2026-09-03T07:20:00Z,2026-09-03,10.32052,-75.48569,VIIRS-NOAA-21,NOAA-21,VIIRS,31.9,14.3,1.9,Nominal,N,0.54,0.68,true,true,Puntos_de_calor_Colombia_2026-09-03.csv,2026-09-05T10:40:54Z
043a0bc0854a89212f89c91c,2026-09-03T09:03-05:00,2026-09-03T14:03:00Z,2026-09-03,9.56411,-73.33449,MODIS-Terra,Terra,MODIS,38.2,22.4,15.1,61 %,D,2.1,1.41,true,true,Puntos_de_calor_Colombia_2026-09-03.csv,2026-09-05T10:40:54Z
6fb692cc210d51747becad9a,2026-09-03T09:03-05:00,2026-09-03T14:03:00Z,2026-09-03,9.20122,-73.52909,MODIS-Terra,Terra,MODIS,38.4,22.2,13.2,62 %,D,2.06,1.4,true,true,Puntos_de_calor_Colombia_2026-09-03.csv,2026-09-05T10:40:54Z
f50509a3029151ccdb0d1c3d,2026-09-03T09:05-05:00,2026-09-03T14:05:00Z,2026-09-03,1.72415,-77.06927,MODIS-Terra,Terra,MODIS,40.7,18.1,16.9,68 %,D,1.47,1.2,true,true,Puntos_de_calor_Colombia_2026-09-03.csv,2026-09-05T10:40:54Z
fc4b2b11502935eb4322fdcc,2026-09-03T09:05-05:00,2026-09-03T14:05:00Z,2026-09-03,4.39522,-76.06431,MODIS-Terra,Terra,MODIS,39.4,22,11,64 %,D,1.58,1.24,true,true,Puntos_de_calor_Colombia_2026-09-03.csv,2026-09-05T10:40:54Z
1a74138dc837f03e93c79d2f,2026-09-03T12:20-05:00,2026-09-03T17:20:00Z,2026-09-03,6.00021,-67.56534,VIIRS-Suomi-NPP,Suomi-NPP,VIIRS,59.8,8.9,5.2,Nominal,D,0.49,0.65,true,false,Puntos_de_calor_Colombia_2026-09-03.csv,2026-09-05T10:40:54Z
87483581bb3362ccf2aeb867,2026-09-03T12:20-05:00,2026-09-03T17:20:00Z,2026-09-03,6.00574,-67.5623,VIIRS-Suomi-NPP,Suomi-NPP,VIIRS,57.3,9.5,3.5,Nominal,D,0.49,0.65,true,false,Puntos_de_calor_Colombia_2026-09-03.csv,2026-09-05T10:40:54Z
98b4c9eea4deca22c2e715aa,2026-09-03T12:20-05:00,2026-09-03T17:20:00Z,2026-09-03,5.80984,-69.21221,VIIRS-Suomi-NPP,Suomi-NPP,VIIRS,59.5,7.3,8.3,Nominal,D,0.63,0.72,true,false,Puntos_de_calor_Colombia_2026-09-03.csv,2026-09-05T10:40:54Z
b8b71e5c02366735c52f2987,2026-09-03T12:20-05:00,2026-09-03T17:20:00Z,2026-09-03,6.00495,-67.56689,VIIRS-Suomi-NPP,Suomi-NPP,VIIRS,55.8,8.5,3.5,Nominal,D,0.49,0.65,true,false,Puntos_de_calor_Colombia_2026-09-03.csv,2026-09-05T10:40:54Z
d79458befbf2d4ccafbc9c47,2026-09-03T12:20-05:00,2026-09-03T17:20:00Z,2026-09-03,5.11903,-69.20032,VIIRS-Suomi-NPP,Suomi-NPP,VIIRS,60.9,10.5,5.5,Nominal,D,0.65,0.73,true,false,Puntos_de_calor_Colombia_2026-09-03.csv,2026-09-05T10:40:54Z
e556e1c2e4af709c1897bafe,2026-09-03T12:20-05:00,2026-09-03T17:20:00Z,2026-09-03,5.81351,-69.21238,VIIRS-Suomi-NPP,Suomi-NPP,VIIRS,59,6.6,5,Nominal,D,0.63,0.72,true,false,Puntos_de_calor_Colombia_2026-09-03.csv,2026-09-05T10:40:54Z
00049312b1716f6e3810556a,2026-09-03T12:37-05:00,2026-09-03T17:37:00Z,2026-09-03,4.93376,-70.46175,VIIRS-NOAA-20,NOAA-20,VIIRS,82,16.2,10.4,Nominal,D,0.59,0.53,true,true,Puntos_de_calor_Colombia_2026-09-03.csv,2026-09-05T10:40:54Z
04af840c34c1170a049462b4,2026-09-03T12:37-05:00,2026-09-03T17:37:00Z,2026-09-03,4.05964,-70.73614,VIIRS-NOAA-20,NOAA-20,VIIRS,61.4,12.9,1.5,Nominal,D,0.32,0.54,true,true,Puntos_de_calor_Colombia_2026-09-03.csv,2026-09-05T10:40:54Z
07d7053ba230180bbeb4bae5,2026-09-03T12:37-05:00,2026-09-03T17:37:00Z,2026-09-03,4.93288,-70.46701,VIIRS-NOAA-20,NOAA-20,VIIRS,63.6,13.2,10.4,Nominal,D,0.59,0.53,true,true,Puntos_de_calor_Colombia_2026-09-03.csv,2026-09-05T10:40:54Z
0ad136bee13eed1627e0d59c,2026-09-03T12:37-05:00,2026-09-03T17:37:00Z,2026-09-03,3.18893,-72.25052,VIIRS-NOAA-20,NOAA-20,VIIRS,62.1,13.5,3.9,Nominal,D,0.42,0.61,true,true,Puntos_de_calor_Colombia_2026-09-03.csv,2026-09-05T10:40:54Z
1b2add5f16399411262bb9ad,2026-09-03T12:37-05:00,2026-09-03T17:37:00Z,2026-09-03,4.65338,-68.62357,VIIRS-NOAA-20,NOAA-20,VIIRS,68,18.5,5.7,Nominal,D,0.45,0.47,true,true,Puntos_de_calor_Colombia_2026-09-03.csv,2026-09-05T10:40:54Z
275d2fb9259f1ddda385ba57,2026-09-03T12:37-05:00,2026-09-03T17:37:00Z,2026-09-03,3.96028,-71.21396,VIIRS-NOAA-20,NOAA-20,VIIRS,70.8,13,4.2,Nominal,D,0.35,0.56,true,true,Puntos_de_calor_Colombia_2026-09-03.csv,2026-09-05T10:40:54Z
2fc6064c854f02329798728a,2026-09-03T12:37-05:00,2026-09-03T17:37:00Z,2026-09-03,4.39031,-69.62836,VIIRS-NOAA-20,NOAA-20,VIIRS,66.2,14.8,8.8,Nominal,D,0.53,0.5,true,true,Puntos_de_calor_Colombia_2026-09-03.csv,2026-09-05T10:40:54Z
44249af6456a35a3be70f116,2026-09-03T12:37-05:00,2026-09-03T17:37:00Z,2026-09-03,5.12682,-68.0794,VIIRS-NOAA-20,NOAA-20,VIIRS,73.5,21.4,8.7,Nominal,D,0.41,0.45,true,true,Puntos_de_calor_Colombia_2026-09-03.csv,2026-09-05T10:40:54Z
468db9735b3b494a5e75de74,2026-09-03T12:37-05:00,2026-09-03T17:37:00Z,2026-09-03,5.12276,-68.07868,VIIRS-NOAA-20,NOAA-20,VIIRS,57.3,19.4,1.7,Nominal,D,0.41,0.45,true,true,Puntos_de_calor_Colombia_2026-09-03.csv,2026-09-05T10:40:54Z
5272b641bf9a123114327049,2026-09-03T12:37-05:00,2026-09-03T17:37:00Z,2026-09-03,3.18833,-72.25422,VIIRS-NOAA-20,NOAA-20,VIIRS,56.5,14,3.9,Nominal,D,0.42,0.61,true,true,Puntos_de_calor_Colombia_2026-09-03.csv,2026-09-05T10:40:54Z
5998b9ee10182291e371d443,2026-09-03T12:37-05:00,2026-09-03T17:37:00Z,2026-09-03,5.39488,-69.72789,VIIRS-NOAA-20,NOAA-20,VIIRS,68,17.8,7.9,Nominal,D,0.52,0.5,true,true,Puntos_de_calor_Colombia_2026-09-03.csv,2026-09-05T10:40:54Z
62931b562ce9d174b832afaf,2026-09-03T12:37-05:00,2026-09-03T17:37:00Z,2026-09-03,5.45956,-69.30871,VIIRS-NOAA-20,NOAA-20,VIIRS,78.8,18,10.2,Nominal,D,0.48,0.48,true,true,Puntos_de_calor_Colombia_2026-09-03.csv,2026-09-05T10:40:54Z
94cfbac7515450f34f8880a9,2026-09-03T12:37-05:00,2026-09-03T17:37:00Z,2026-09-03,4.17507,-71.67136,VIIRS-NOAA-20,NOAA-20,VIIRS,57.1,11.6,3.7,Nominal,D,0.37,0.58,true,true,Puntos_de_calor_Colombia_2026-09-03.csv,2026-09-05T10:40:54Z
9ce76b18766acfcce673db69,2026-09-03T12:37-05:00,2026-09-03T17:37:00Z,2026-09-03,4.13125,-70.74053,VIIRS-NOAA-20,NOAA-20,VIIRS,61.7,13.9,1.8,Nominal,D,0.32,0.54,true,true,Puntos_de_calor_Colombia_2026-09-03.csv,2026-09-05T10:40:54Z
a271c77b24fada03873b9838,2026-09-03T12:37-05:00,2026-09-03T17:37:00Z,2026-09-03,4.65287,-68.62243,VIIRS-NOAA-20,NOAA-20,VIIRS,69,18.9,4.1,Nominal,D,0.45,0.47,true,true,Puntos_de_calor_Colombia_2026-09-03.csv,2026-09-05T10:40:54Z
a9a5f7572e21a173838879a6,2026-09-03T12:37-05:00,2026-09-03T17:37:00Z,2026-09-03,5.46835,-69.31021,VIIRS-NOAA-20,NOAA-20,VIIRS,68.9,15.9,11.8,Nominal,D,0.48,0.48,true,true,Puntos_de_calor_Colombia_2026-09-03.csv,2026-09-05T10:40:54Z
ab1e31b7585c16f7d336f4ef,2026-09-03T12:37-05:00,2026-09-03T17:37:00Z,2026-09-03,3.984,-70.88318,VIIRS-NOAA-20,NOAA-20,VIIRS,57.6,12.7,1.5,Nominal,D,0.33,0.55,true,true,Puntos_de_calor_Colombia_2026-09-03.csv,2026-09-05T10:40:54Z
af2d2a0ed2e91644bcb6e71a,2026-09-03T12:37-05:00,2026-09-03T17:37:00Z,2026-09-03,4.00089,-70.40498,VIIRS-NOAA-20,NOAA-20,VIIRS,59.6,13.7,8.7,Nominal,D,0.61,0.53,true,true,Puntos_de_calor_Colombia_2026-09-03.csv,2026-09-05T10:40:54Z
b795853d4be8d3378bd862e2,2026-09-03T12:37-05:00,2026-09-03T17:37:00Z,2026-09-03,4.40402,-69.63074,VIIRS-NOAA-20,NOAA-20,VIIRS,67.2,16,5.5,Nominal,D,0.53,0.5,true,true,Puntos_de_calor_Colombia_2026-09-03.csv,2026-09-05T10:40:54Z
c5ab77b10448bf1b2544564c,2026-09-03T12:37-05:00,2026-09-03T17:37:00Z,2026-09-03,5.40018,-69.72403,VIIRS-NOAA-20,NOAA-20,VIIRS,61.7,18,7.9,Nominal,D,0.52,0.5,true,true,Puntos_de_calor_Colombia_2026-09-03.csv,2026-09-05T10:40:54Z
cb498f5550bfbdbf0c3a3230,2026-09-03T12:37-05:00,2026-09-03T17:37:00Z,2026-09-03,5.46396,-69.30945,VIIRS-NOAA-20,NOAA-20,VIIRS,70.1,17,10.2,Nominal,D,0.48,0.48,true,true,Puntos_de_calor_Colombia_2026-09-03.csv,2026-09-05T10:40:54Z
d5c310fcce622a3542cace6c,2026-09-03T12:37-05:00,2026-09-03T17:37:00Z,2026-09-03,4.1745,-71.67468,VIIRS-NOAA-20,NOAA-20,VIIRS,59.6,10.4,2.8,Nominal,D,0.37,0.58,true,true,Puntos_de_calor_Colombia_2026-09-03.csv,2026-09-05T10:40:54Z
dac3ac0eea0028aeafabe3bc,2026-09-03T12:37-05:00,2026-09-03T17:37:00Z,2026-09-03,4.11509,-71.64458,VIIRS-NOAA-20,NOAA-20,VIIRS,63.9,12.8,3,Nominal,D,0.37,0.58,true,true,Puntos_de_calor_Colombia_2026-09-03.csv,2026-09-05T10:40:54Z
e58051332bf2d42788903d8d,2026-09-03T12:37-05:00,2026-09-03T17:37:00Z,2026-09-03,5.45516,-69.30798,VIIRS-NOAA-20,NOAA-20,VIIRS,66.6,16.8,3.9,Nominal,D,0.48,0.48,true,true,Puntos_de_calor_Colombia_2026-09-03.csv,2026-09-05T10:40:54Z
fe3910217fbae28107d84cb4,2026-09-03T12:37-05:00,2026-09-03T17:37:00Z,2026-09-03,3.66498,-71.49995,VIIRS-NOAA-20,NOAA-20,VIIRS,78.2,8.5,5.2,Nominal,D,0.37,0.58,true,true,Puntos_de_calor_Colombia_2026-09-03.csv,2026-09-05T10:40:54Z
05da7f160961fe6551e22bd5,2026-09-03T12:39-05:00,2026-09-03T17:39:00Z,2026-09-03,7.50375,-74.04924,VIIRS-NOAA-20,NOAA-20,VIIRS,54.1,14.7,2.6,Nominal,D,0.47,0.64,true,true,Puntos_de_calor_Colombia_2026-09-03.csv,2026-09-05T10:40:54Z
0d87676dcd412ba45aa30eef,2026-09-03T12:39-05:00,2026-09-03T17:39:00Z,2026-09-03,8.55781,-73.87923,VIIRS-NOAA-20,NOAA-20,VIIRS,69.7,16.6,4.8,Nominal,D,0.44,0.62,true,true,Puntos_de_calor_Colombia_2026-09-03.csv,2026-09-05T10:40:54Z
1824c22ad45fcbe058349ed6,2026-09-03T12:39-05:00,2026-09-03T17:39:00Z,2026-09-03,8.01653,-73.72982,VIIRS-NOAA-20,NOAA-20,VIIRS,78.5,17.3,7.3,Nominal,D,0.44,0.62,true,true,Puntos_de_calor_Colombia_2026-09-03.csv,2026-09-05T10:40:54Z
282815815dc4bfc72e721666,2026-09-03T12:39-05:00,2026-09-03T17:39:00Z,2026-09-03,6.00141,-67.56432,VIIRS-NOAA-20,NOAA-20,VIIRS,73.3,17.8,12.8,Nominal,D,0.55,0.43,true,true,Puntos_de_calor_Colombia_2026-09-03.csv,2026-09-05T10:40:54Z
28ef18289c28d32939b31138,2026-09-03T12:39-05:00,2026-09-03T17:39:00Z,2026-09-03,5.68079,-74.54278,VIIRS-NOAA-20,NOAA-20,VIIRS,61.2,9.2,5.9,Nominal,D,0.55,0.68,true,true,Puntos_de_calor_Colombia_2026-09-03.csv,2026-09-05T10:40:54Z
2c401573b788c08b9c4dbdf6,2026-09-03T12:39-05:00,2026-09-03T17:39:00Z,2026-09-03,8.20358,-72.55371,VIIRS-NOAA-20,NOAA-20,VIIRS,63.6,16.6,2.6,Nominal,D,0.36,0.58,true,true,Puntos_de_calor_Colombia_2026-09-03.csv,2026-09-05T10:40:54Z
30b0df90a58f1c977b4bafdd,2026-09-03T12:39-05:00,2026-09-03T17:39:00Z,2026-09-03,8.21486,-72.4329,VIIRS-NOAA-20,NOAA-20,VIIRS,82.9,16.3,13.3,Baja,D,0.36,0.57,true,true,Puntos_de_calor_Colombia_2026-09-03.csv,2026-09-05T10:40:54Z
3b3bcd6e03231a2a7516d734,2026-09-03T12:39-05:00,2026-09-03T17:39:00Z,2026-09-03,6.2859,-74.75729,VIIRS-NOAA-20,NOAA-20,VIIRS,78.7,7.3,7.7,Nominal,D,0.56,0.69,true,true,Puntos_de_calor_Colombia_2026-09-03.csv,2026-09-05T10:40:54Z
45b901eb693082e3402d02bb,2026-09-03T12:39-05:00,2026-09-03T17:39:00Z,2026-09-03,6.28503,-74.7622,VIIRS-NOAA-20,NOAA-20,VIIRS,62.1,8.8,7.7,Nominal,D,0.56,0.69,true,true,Puntos_de_calor_Colombia_2026-09-03.csv,2026-09-05T10:40:54Z
4e1602c7009bedaeb9f47458,2026-09-03T12:39-05:00,2026-09-03T17:39:00Z,2026-09-03,8.79201,-74.39474,VIIRS-NOAA-20,NOAA-20,VIIRS,57.3,15.5,6.7,Nominal,D,0.47,0.64,true,true,Puntos_de_calor_Colombia_2026-09-03.csv,2026-09-05T10:40:54Z
62b0cb9a637c772b1a2d21b3,2026-09-03T12:39-05:00,2026-09-03T17:39:00Z,2026-09-03,6.25855,-74.73079,VIIRS-NOAA-20,NOAA-20,VIIRS,65.1,8.8,5.3,Nominal,D,0.55,0.68,true,true,Puntos_de_calor_Colombia_2026-09-03.csv,2026-09-05T10:40:54Z
633e8b3be63da08b9b0aaa5b,2026-09-03T12:39-05:00,2026-09-03T17:39:00Z,2026-09-03,8.03562,-73.75361,VIIRS-NOAA-20,NOAA-20,VIIRS,65.5,16.7,3.2,Nominal,D,0.44,0.62,true,true,Puntos_de_calor_Colombia_2026-09-03.csv,2026-09-05T10:40:54Z
6bf99e84ec471d105e518d11,2026-09-03T12:39-05:00,2026-09-03T17:39:00Z,2026-09-03,8.21369,-72.43475,VIIRS-NOAA-20,NOAA-20,VIIRS,80.9,16.1,11,Nominal,D,0.36,0.57,true,true,Puntos_de_calor_Colombia_2026-09-03.csv,2026-09-05T10:40:54Z
8494d3a2624bc43792912e9c,2026-09-03T12:39-05:00,2026-09-03T17:39:00Z,2026-09-03,8.32858,-73.76176,VIIRS-NOAA-20,NOAA-20,VIIRS,66.7,13.7,5.1,Nominal,D,0.44,0.62,true,true,Puntos_de_calor_Colombia_2026-09-03.csv,2026-09-05T10:40:54Z
893b15e375d0ac6cf07991f6,2026-09-03T12:39-05:00,2026-09-03T17:39:00Z,2026-09-03,7.3067,-74.41299,VIIRS-NOAA-20,NOAA-20,VIIRS,80.1,7.4,17.7,Nominal,D,0.51,0.66,true,true,Puntos_de_calor_Colombia_2026-09-03.csv,2026-09-05T10:40:54Z
90740c005b88c8a8ca0b35bc,2026-09-03T12:39-05:00,2026-09-03T17:39:00Z,2026-09-03,8.52392,-73.82559,VIIRS-NOAA-20,NOAA-20,VIIRS,56.6,11.5,3.3,Nominal,D,0.44,0.62,true,true,Puntos_de_calor_Colombia_2026-09-03.csv,2026-09-05T10:40:54Z
9d2fd26c0fea5a20c70d8734,2026-09-03T12:39-05:00,2026-09-03T17:39:00Z,2026-09-03,8.51187,-73.79513,VIIRS-NOAA-20,NOAA-20,VIIRS,57.5,10.9,3.2,Nominal,D,0.44,0.62,true,true,Puntos_de_calor_Colombia_2026-09-03.csv,2026-09-05T10:40:54Z
9d860e76b3145aee4fed11fc,2026-09-03T12:39-05:00,2026-09-03T17:39:00Z,2026-09-03,7.93976,-73.81864,VIIRS-NOAA-20,NOAA-20,VIIRS,79.6,18.5,19.5,Nominal,D,0.45,0.63,true,true,Puntos_de_calor_Colombia_2026-09-03.csv,2026-09-05T10:40:54Z
a1c503527f686b4c65581eaf,2026-09-03T12:39-05:00,2026-09-03T17:39:00Z,2026-09-03,8.20383,-72.5528,VIIRS-NOAA-20,NOAA-20,VIIRS,62,16.5,2.8,Nominal,D,0.36,0.58,true,true,Puntos_de_calor_Colombia_2026-09-03.csv,2026-09-05T10:40:54Z
b1fe2698500d244808435b66,2026-09-03T12:39-05:00,2026-09-03T17:39:00Z,2026-09-03,5.67992,-74.54773,VIIRS-NOAA-20,NOAA-20,VIIRS,66,9.9,5.9,Nominal,D,0.55,0.68,true,true,Puntos_de_calor_Colombia_2026-09-03.csv,2026-09-05T10:40:54Z
b440128410e7bae55330a800,2026-09-03T12:39-05:00,2026-09-03T17:39:00Z,2026-09-03,8.50935,-73.79354,VIIRS-NOAA-20,NOAA-20,VIIRS,57.4,10.9,4.8,Nominal,D,0.44,0.62,true,true,Puntos_de_calor_Colombia_2026-09-03.csv,2026-09-05T10:40:54Z
c49696909776d4d02bbebfa1,2026-09-03T12:39-05:00,2026-09-03T17:39:00Z,2026-09-03,7.94048,-73.81466,VIIRS-NOAA-20,NOAA-20,VIIRS,69.3,16.9,14.4,Nominal,D,0.45,0.63,true,true,Puntos_de_calor_Colombia_2026-09-03.csv,2026-09-05T10:40:54Z
cbe2c4d062cc99ba057299ac,2026-09-03T12:39-05:00,2026-09-03T17:39:00Z,2026-09-03,8.21422,-72.43172,VIIRS-NOAA-20,NOAA-20,VIIRS,83.4,15.3,11.8,Baja,D,0.36,0.57,true,true,Puntos_de_calor_Colombia_2026-09-03.csv,2026-09-05T10:40:54Z
d43002cdb7e9582d8c84b08e,2026-09-03T12:39-05:00,2026-09-03T17:39:00Z,2026-09-03,7.30595,-74.41717,VIIRS-NOAA-20,NOAA-20,VIIRS,78.6,9.5,23.8,Nominal,D,0.51,0.66,true,true,Puntos_de_calor_Colombia_2026-09-03.csv,2026-09-05T10:40:54Z
d51ad2d53c2b183a52947d47,2026-09-03T12:39-05:00,2026-09-03T17:39:00Z,2026-09-03,8.21431,-72.43593,VIIRS-NOAA-20,NOAA-20,VIIRS,57.4,16.1,8.9,Nominal,D,0.36,0.57,true,true,Puntos_de_calor_Colombia_2026-09-03.csv,2026-09-05T10:40:54Z
e63207cf716e5a56ad6b4eee,2026-09-03T12:39-05:00,2026-09-03T17:39:00Z,2026-09-03,7.90211,-73.76662,VIIRS-NOAA-20,NOAA-20,VIIRS,60.4,16.9,1.6,Nominal,D,0.44,0.63,true,true,Puntos_de_calor_Colombia_2026-09-03.csv,2026-09-05T10:40:54Z
05d4b7dbad493c098e105be1,2026-09-03T13:21-05:00,2026-09-03T18:21:00Z,2026-09-03,2.29214,-73.13327,VIIRS-NOAA-21,NOAA-21,VIIRS,72.5,24.9,7.5,Nominal,D,0.41,0.37,true,true,Puntos_de_calor_Colombia_2026-09-03.csv,2026-09-05T10:40:54Z
663c0db8d8c3dc2d5ebe1a8c,2026-09-03T13:21-05:00,2026-09-03T18:21:00Z,2026-09-03,2.19532,-73.50038,VIIRS-NOAA-21,NOAA-21,VIIRS,65.4,23.7,4,Nominal,D,0.4,0.37,true,true,Puntos_de_calor_Colombia_2026-09-03.csv,2026-09-05T10:40:54Z
8095674d95df955b2630340c,2026-09-03T13:21-05:00,2026-09-03T18:21:00Z,2026-09-03,2.34001,-73.09998,VIIRS-NOAA-21,NOAA-21,VIIRS,61.8,21.5,4.2,Nominal,D,0.41,0.37,true,true,Puntos_de_calor_Colombia_2026-09-03.csv,2026-09-05T10:40:54Z
f5e0780023a09519a8e54b33,2026-09-03T13:21-05:00,2026-09-03T18:21:00Z,2026-09-03,0.69585,-76.66064,VIIRS-NOAA-21,NOAA-21,VIIRS,57.2,22.4,2,Nominal,D,0.42,0.38,true,true,Puntos_de_calor_Colombia_2026-09-03.csv,2026-09-05T10:40:54Z
0002cafa5f8b5f1a2ac0ce05,2026-09-03T13:24-05:00,2026-09-03T18:24:00Z,2026-09-03,8.21803,-72.4332,VIIRS-NOAA-21,NOAA-21,VIIRS,67.6,23.7,13.4,Nominal,D,0.5,0.41,true,true,Puntos_de_calor_Colombia_2026-09-03.csv,2026-09-05T10:40:54Z
03945812f4b6db61f75c8a01,2026-09-03T13:24-05:00,2026-09-03T18:24:00Z,2026-09-03,6.57519,-70.20588,VIIRS-NOAA-21,NOAA-21,VIIRS,57.2,12.1,4.2,Nominal,D,0.43,0.46,true,true,Puntos_de_calor_Colombia_2026-09-03.csv,2026-09-05T10:40:54Z
04843f5bf287b7a935e5dd1d,2026-09-03T13:24-05:00,2026-09-03T18:24:00Z,2026-09-03,8.11325,-75.08886,VIIRS-NOAA-21,NOAA-21,VIIRS,57.2,15.4,1.7,Nominal,D,0.39,0.36,true,true,Puntos_de_calor_Colombia_2026-09-03.csv,2026-09-05T10:40:54Z
07d584467c316fe9d40a24bc,2026-09-03T13:24-05:00,2026-09-03T18:24:00Z,2026-09-03,4.79741,-74.80196,VIIRS-NOAA-21,NOAA-21,VIIRS,74.6,27.3,7.6,Nominal,D,0.39,0.36,true,true,Puntos_de_calor_Colombia_2026-09-03.csv,2026-09-05T10:40:54Z
0a64fb14a3b8444a7a4c9fb6,2026-09-03T13:24-05:00,2026-09-03T18:24:00Z,2026-09-03,5.4273,-74.18646,VIIRS-NOAA-21,NOAA-21,VIIRS,61,23.2,12,Nominal,D,0.4,0.37,true,true,Puntos_de_calor_Colombia_2026-09-03.csv,2026-09-05T10:40:54Z
0bdb740aea0a92a296bc54ce,2026-09-03T13:24-05:00,2026-09-03T18:24:00Z,2026-09-03,2.77754,-71.96133,VIIRS-NOAA-21,NOAA-21,VIIRS,58.8,22.4,3.9,Nominal,D,0.46,0.39,true,true,Puntos_de_calor_Colombia_2026-09-03.csv,2026-09-05T10:40:54Z
0f60304ed7bc4834f2c36f30,2026-09-03T13:24-05:00,2026-09-03T18:24:00Z,2026-09-03,2.70962,-72.14874,VIIRS-NOAA-21,NOAA-21,VIIRS,63.5,23.7,6.4,Nominal,D,0.45,0.39,true,true,Puntos_de_calor_Colombia_2026-09-03.csv,2026-09-05T10:40:54Z
12116d07a71b68a70bedd8ed,2026-09-03T13:24-05:00,2026-09-03T18:24:00Z,2026-09-03,4.11689,-71.64474,VIIRS-NOAA-21,NOAA-21,VIIRS,70.8,22.6,6.9,Nominal,D,0.49,0.4,true,true,Puntos_de_calor_Colombia_2026-09-03.csv,2026-09-05T10:40:54Z
13bd493cd4bea64ca889ecf6,2026-09-03T13:24-05:00,2026-09-03T18:24:00Z,2026-09-03,6.04565,-70.00579,VIIRS-NOAA-21,NOAA-21,VIIRS,60.2,8.4,3.2,Nominal,D,0.43,0.46,true,true,Puntos_de_calor_Colombia_2026-09-03.csv,2026-09-05T10:40:54Z
156195a5fc623c2fafe91ea2,2026-09-03T13:24-05:00,2026-09-03T18:24:00Z,2026-09-03,5.49462,-74.68646,VIIRS-NOAA-21,NOAA-21,VIIRS,62.7,28.6,3.8,Nominal,D,0.39,0.36,true,true,Puntos_de_calor_Colombia_2026-09-03.csv,2026-09-05T10:40:54Z
15dc8b8f6acc3022fc885aa8,2026-09-03T13:24-05:00,2026-09-03T18:24:00Z,2026-09-03,3.66656,-71.49894,VIIRS-NOAA-21,NOAA-21,VIIRS,62,21,6,Nominal,D,0.49,0.4,true,true,Puntos_de_calor_Colombia_2026-09-03.csv,2026-09-05T10:40:54Z
20276f94834fb9cdc1f7a9af,2026-09-03T13:24-05:00,2026-09-03T18:24:00Z,2026-09-03,4.17589,-71.67481,VIIRS-NOAA-21,NOAA-21,VIIRS,58.7,22.8,5.6,Nominal,D,0.49,0.4,true,true,Puntos_de_calor_Colombia_2026-09-03.csv,2026-09-05T10:40:54Z
21082a27044d5631d89a09c5,2026-09-03T13:24-05:00,2026-09-03T18:24:00Z,2026-09-03,3.3166,-71.61532,VIIRS-NOAA-21,NOAA-21,VIIRS,58.6,15.3,4,Nominal,D,0.48,0.4,true,true,Puntos_de_calor_Colombia_2026-09-03.csv,2026-09-05T10:40:54Z
2640c2b13579d07495653af8,2026-09-03T13:24-05:00,2026-09-03T18:24:00Z,2026-09-03,8.68091,-73.98821,VIIRS-NOAA-21,NOAA-21,VIIRS,57.7,24,4,Nominal,D,0.43,0.38,true,true,Puntos_de_calor_Colombia_2026-09-03.csv,2026-09-05T10:40:54Z
26bbf2add2646472f22ed5c1,2026-09-03T13:24-05:00,2026-09-03T18:24:00Z,2026-09-03,5.46241,-69.31055,VIIRS-NOAA-21,NOAA-21,VIIRS,68.2,16.3,7.1,Nominal,D,0.47,0.48,true,true,Puntos_de_calor_Colombia_2026-09-03.csv,2026-09-05T10:40:54Z
29980f6dd71b88d84c6af324,2026-09-03T13:24-05:00,2026-09-03T18:24:00Z,2026-09-03,4.74911,-71.06146,VIIRS-NOAA-21,NOAA-21,VIIRS,58.6,21.5,7.9,Nominal,D,0.54,0.42,true,true,Puntos_de_calor_Colombia_2026-09-03.csv,2026-09-05T10:40:54Z
2cb9b792851dde45f97815b7,2026-09-03T13:24-05:00,2026-09-03T18:24:00Z,2026-09-03,5.36271,-70.22082,VIIRS-NOAA-21,NOAA-21,VIIRS,56.9,19.9,3.3,Nominal,D,0.41,0.45,true,true,Puntos_de_calor_Colombia_2026-09-03.csv,2026-09-05T10:40:54Z
2ccde1392abe8deb54409a41,2026-09-03T13:24-05:00,2026-09-03T18:24:00Z,2026-09-03,8.31012,-72.46763,VIIRS-NOAA-21,NOAA-21,VIIRS,65.2,23,6.4,Nominal,D,0.5,0.41,true,true,Puntos_de_calor_Colombia_2026-09-03.csv,2026-09-05T10:40:54Z
30bb95c8ffc9a21fe59fdea2,2026-09-03T13:24-05:00,2026-09-03T18:24:00Z,2026-09-03,3.92888,-70.95264,VIIRS-NOAA-21,NOAA-21,VIIRS,70.3,19.2,6.3,Nominal,D,0.53,0.42,true,true,Puntos_de_calor_Colombia_2026-09-03.csv,2026-09-05T10:40:54Z
3208614153579af06d5dcf4c,2026-09-03T13:24-05:00,2026-09-03T18:24:00Z,2026-09-03,7.60389,-73.77897,VIIRS-NOAA-21,NOAA-21,VIIRS,63.2,27.1,6,Nominal,D,0.42,0.38,true,true,Puntos_de_calor_Colombia_2026-09-03.csv,2026-09-05T10:40:54Z
35bfa0140f671f8fdbc193e7,2026-09-03T13:24-05:00,2026-09-03T18:24:00Z,2026-09-03,6.04469,-70.00572,VIIRS-NOAA-21,NOAA-21,VIIRS,63.7,8.3,2.3,Nominal,D,0.43,0.46,true,true,Puntos_de_calor_Colombia_2026-09-03.csv,2026-09-05T10:40:54Z
36993454edfb39de1584a99e,2026-09-03T13:24-05:00,2026-09-03T18:24:00Z,2026-09-03,8.05024,-72.58648,VIIRS-NOAA-21,NOAA-21,VIIRS,61.1,24,3.3,Nominal,D,0.48,0.4,true,true,Puntos_de_calor_Colombia_2026-09-03.csv,2026-09-05T10:40:54Z
373a0ed66140b10a22fdb376,2026-09-03T13:24-05:00,2026-09-03T18:24:00Z,2026-09-03,8.6308,-73.80695,VIIRS-NOAA-21,NOAA-21,VIIRS,67.2,24.4,5.6,Nominal,D,0.43,0.38,true,true,Puntos_de_calor_Colombia_2026-09-03.csv,2026-09-05T10:40:54Z
419034b565e9167569025cf5,2026-09-03T13:24-05:00,2026-09-03T18:24:00Z,2026-09-03,5.03271,-70.51923,VIIRS-NOAA-21,NOAA-21,VIIRS,69.2,21.5,5.3,Nominal,D,0.39,0.44,true,true,Puntos_de_calor_Colombia_2026-09-03.csv,2026-09-05T10:40:54Z
41f1e6def991e7ce9e1120ce,2026-09-03T13:24-05:00,2026-09-03T18:24:00Z,2026-09-03,4.33016,-69.23823,VIIRS-NOAA-21,NOAA-21,VIIRS,70.1,16.4,5.6,Nominal,D,0.46,0.47,true,true,Puntos_de_calor_Colombia_2026-09-03.csv,2026-09-05T10:40:54Z
421ae3fb92c778a141fd4da2,2026-09-03T13:24-05:00,2026-09-03T18:24:00Z,2026-09-03,4.58702,-70.66007,VIIRS-NOAA-21,NOAA-21,VIIRS,62,22.6,5.7,Nominal,D,0.56,0.43,true,true,Puntos_de_calor_Colombia_2026-09-03.csv,2026-09-05T10:40:54Z
44c3ec4450f7c0212015ec6d,2026-09-03T13:24-05:00,2026-09-03T18:24:00Z,2026-09-03,4.9408,-70.46219,VIIRS-NOAA-21,NOAA-21,VIIRS,75.2,21.2,10.8,Nominal,D,0.39,0.44,true,true,Puntos_de_calor_Colombia_2026-09-03.csv,2026-09-05T10:40:54Z
471df8e1ba997cdfe747f141,2026-09-03T13:24-05:00,2026-09-03T18:24:00Z,2026-09-03,4.93979,-70.46918,VIIRS-NOAA-21,NOAA-21,VIIRS,63.5,21.4,5.1,Nominal,D,0.39,0.44,true,true,Puntos_de_calor_Colombia_2026-09-03.csv,2026-09-05T10:40:54Z
4731254f57cad154cc5102d3,2026-09-03T13:24-05:00,2026-09-03T18:24:00Z,2026-09-03,8.68341,-73.55391,VIIRS-NOAA-21,NOAA-21,VIIRS,60.7,24.8,3.7,Nominal,D,0.44,0.39,true,true,Puntos_de_calor_Colombia_2026-09-03.csv,2026-09-05T10:40:54Z
476dde4109d5ecd1f6cd48b6,2026-09-03T13:24-05:00,2026-09-03T18:24:00Z,2026-09-03,3.49423,-71.57814,VIIRS-NOAA-21,NOAA-21,VIIRS,75.9,21.1,12.9,Nominal,D,0.49,0.4,true,true,Puntos_de_calor_Colombia_2026-09-03.csv,2026-09-05T10:40:54Z
48dc01f10832b119b78603bc,2026-09-03T13:24-05:00,2026-09-03T18:24:00Z,2026-09-03,3.36005,-71.87251,VIIRS-NOAA-21,NOAA-21,VIIRS,57.2,21.1,5.1,Nominal,D,0.47,0.4,true,true,Puntos_de_calor_Colombia_2026-09-03.csv,2026-09-05T10:40:54Z
48e150290c8f45393c1b740e,2026-09-03T13:24-05:00,2026-09-03T18:24:00Z,2026-09-03,6.00022,-67.56719,VIIRS-NOAA-21,NOAA-21,VIIRS,56.7,14.1,6.9,Nominal,D,0.64,0.54,true,true,Puntos_de_calor_Colombia_2026-09-03.csv,2026-09-05T10:40:54Z
54c7d039ec467dbb0cc53a39,2026-09-03T13:24-05:00,2026-09-03T18:24:00Z,2026-09-03,3.65194,-71.95123,VIIRS-NOAA-21,NOAA-21,VIIRS,61.5,21.2,8.3,Nominal,D,0.47,0.39,true,true,Puntos_de_calor_Colombia_2026-09-03.csv,2026-09-05T10:40:54Z
5d0789bbc5c4314f0080d66c,2026-09-03T13:24-05:00,2026-09-03T18:24:00Z,2026-09-03,4.32286,-71.08981,VIIRS-NOAA-21,NOAA-21,VIIRS,66.2,21.8,8.9,Nominal,D,0.53,0.42,true,true,Puntos_de_calor_Colombia_2026-09-03.csv,2026-09-05T10:40:54Z
5e8280fe46ada6d55a077d64,2026-09-03T13:24-05:00,2026-09-03T18:24:00Z,2026-09-03,5.7327,-69.80219,VIIRS-NOAA-21,NOAA-21,VIIRS,61.2,11.8,6.4,Nominal,D,0.44,0.46,true,true,Puntos_de_calor_Colombia_2026-09-03.csv,2026-09-05T10:40:54Z
690a6fc503a9fb9e6ad506e6,2026-09-03T13:24-05:00,2026-09-03T18:24:00Z,2026-09-03,5.02871,-70.51865,VIIRS-NOAA-21,NOAA-21,VIIRS,75.2,22,11.9,Nominal,D,0.39,0.44,true,true,Puntos_de_calor_Colombia_2026-09-03.csv,2026-09-05T10:40:54Z
69425acb896a80229aaf2c3d,2026-09-03T13:24-05:00,2026-09-03T18:24:00Z,2026-09-03,2.95803,-72.27872,VIIRS-NOAA-21,NOAA-21,VIIRS,59.1,20.3,6.3,Nominal,D,0.44,0.39,true,true,Puntos_de_calor_Colombia_2026-09-03.csv,2026-09-05T10:40:54Z
696d296981387da272ec5976,2026-09-03T13:24-05:00,2026-09-03T18:24:00Z,2026-09-03,8.6826,-72.74262,VIIRS-NOAA-21,NOAA-21,VIIRS,60.1,21.2,4.8,Nominal,D,0.48,0.4,true,true,Puntos_de_calor_Colombia_2026-09-03.csv,2026-09-05T10:40:54Z
6a0bd81d4286be6b88f06f13,2026-09-03T13:24-05:00,2026-09-03T18:24:00Z,2026-09-03,4.93177,-70.46802,VIIRS-NOAA-21,NOAA-21,VIIRS,57.1,17.8,4.8,Nominal,D,0.39,0.44,true,true,Puntos_de_calor_Colombia_2026-09-03.csv,2026-09-05T10:40:54Z
6a574d19b88dffd6518d0eed,2026-09-03T13:24-05:00,2026-09-03T18:24:00Z,2026-09-03,5.02521,-70.51459,VIIRS-NOAA-21,NOAA-21,VIIRS,70.4,21.5,6.6,Nominal,D,0.39,0.44,true,true,Puntos_de_calor_Colombia_2026-09-03.csv,2026-09-05T10:40:54Z
6c602240dd7cd14f562ec559,2026-09-03T13:24-05:00,2026-09-03T18:24:00Z,2026-09-03,3.49487,-71.57382,VIIRS-NOAA-21,NOAA-21,VIIRS,58.5,20,4.5,Nominal,D,0.49,0.4,true,true,Puntos_de_calor_Colombia_2026-09-03.csv,2026-09-05T10:40:54Z
6f0a5b1995411a70a5bb5a4a,2026-09-03T13:24-05:00,2026-09-03T18:24:00Z,2026-09-03,4.68263,-71.25004,VIIRS-NOAA-21,NOAA-21,VIIRS,81.4,23.4,18.9,Nominal,D,0.52,0.42,true,true,Puntos_de_calor_Colombia_2026-09-03.csv,2026-09-05T10:40:54Z
6fcf4474a8f34088502e325a,2026-09-03T13:24-05:00,2026-09-03T18:24:00Z,2026-09-03,4.93951,-68.04906,VIIRS-NOAA-21,NOAA-21,VIIRS,58.2,18.7,8.5,Nominal,D,0.57,0.52,true,true,Puntos_de_calor_Colombia_2026-09-03.csv,2026-09-05T10:40:54Z
7788df53a23cecddd7fa4a55,2026-09-03T13:24-05:00,2026-09-03T18:24:00Z,2026-09-03,5.10767,-68.0657,VIIRS-NOAA-21,NOAA-21,VIIRS,66.2,16.7,7.4,Nominal,D,0.57,0.52,true,true,Puntos_de_calor_Colombia_2026-09-03.csv,2026-09-05T10:40:54Z
781ff7c158d093c7e2ea4e60,2026-09-03T13:24-05:00,2026-09-03T18:24:00Z,2026-09-03,8.01419,-75.52164,VIIRS-NOAA-21,NOAA-21,VIIRS,69.1,15.9,7.4,Nominal,D,0.39,0.36,true,true,Puntos_de_calor_Colombia_2026-09-03.csv,2026-09-05T10:40:54Z
833ed38fa91b6d3fe0034486,2026-09-03T13:24-05:00,2026-09-03T18:24:00Z,2026-09-03,8.05035,-72.58752,VIIRS-NOAA-21,NOAA-21,VIIRS,62.2,24.1,5.5,Nominal,D,0.48,0.4,true,true,Puntos_de_calor_Colombia_2026-09-03.csv,2026-09-05T10:40:54Z
8715ab87479af7ae3eef883e,2026-09-03T13:24-05:00,2026-09-03T18:24:00Z,2026-09-03,8.67745,-73.98772,VIIRS-NOAA-21,NOAA-21,VIIRS,61,22.5,6.2,Nominal,D,0.43,0.38,true,true,Puntos_de_calor_Colombia_2026-09-03.csv,2026-09-05T10:40:54Z
876ed79c843f73187064e441,2026-09-03T13:24-05:00,2026-09-03T18:24:00Z,2026-09-03,4.62002,-70.65455,VIIRS-NOAA-21,NOAA-21,VIIRS,59.1,21.5,4.3,Nominal,D,0.57,0.43,true,true,Puntos_de_calor_Colombia_2026-09-03.csv,2026-09-05T10:40:54Z
8df9c54f9042c2527697ca4a,2026-09-03T13:24-05:00,2026-09-03T18:24:00Z,2026-09-03,3.19445,-76.45539,VIIRS-NOAA-21,NOAA-21,VIIRS,64.6,31.8,9.4,Nominal,D,0.4,0.37,true,true,Puntos_de_calor_Colombia_2026-09-03.csv,2026-09-05T10:40:54Z
909bd153964822748fd54f5a,2026-09-03T13:24-05:00,2026-09-03T18:24:00Z,2026-09-03,4.68331,-71.24536,VIIRS-NOAA-21,NOAA-21,VIIRS,58.5,22.2,7.7,Nominal,D,0.52,0.42,true,true,Puntos_de_calor_Colombia_2026-09-03.csv,2026-09-05T10:40:54Z
93d2114c4d0546d8870dd30f,2026-09-03T13:24-05:00,2026-09-03T18:24:00Z,2026-09-03,3.31621,-71.61617,VIIRS-NOAA-21,NOAA-21,VIIRS,61.2,18.3,5.1,Nominal,D,0.48,0.4,true,true,Puntos_de_calor_Colombia_2026-09-03.csv,2026-09-05T10:40:54Z
959c1579e6664107750dc212,2026-09-03T13:24-05:00,2026-09-03T18:24:00Z,2026-09-03,8.62267,-73.95178,VIIRS-NOAA-21,NOAA-21,VIIRS,73.7,24.1,9.3,Nominal,D,0.43,0.38,true,true,Puntos_de_calor_Colombia_2026-09-03.csv,2026-09-05T10:40:54Z
9bdc8b3ac863bfd1ff73949e,2026-09-03T13:24-05:00,2026-09-03T18:24:00Z,2026-09-03,4.94496,-68.04465,VIIRS-NOAA-21,NOAA-21,VIIRS,66.4,19.2,8.3,Nominal,D,0.57,0.52,true,true,Puntos_de_calor_Colombia_2026-09-03.csv,2026-09-05T10:40:54Z
9c182597cb8471faab41e2fe,2026-09-03T13:24-05:00,2026-09-03T18:24:00Z,2026-09-03,8.04668,-72.58698,VIIRS-NOAA-21,NOAA-21,VIIRS,74.2,26.2,5.5,Nominal,D,0.48,0.4,true,true,Puntos_de_calor_Colombia_2026-09-03.csv,2026-09-05T10:40:54Z
9d03e5ed7cee8efae51e0478,2026-09-03T13:24-05:00,2026-09-03T18:24:00Z,2026-09-03,3.66546,-71.58369,VIIRS-NOAA-21,NOAA-21,VIIRS,58.4,17.8,6.6,Nominal,D,0.49,0.4,true,true,Puntos_de_calor_Colombia_2026-09-03.csv,2026-09-05T10:40:54Z
a211b6238b78c4a7a93fae5f,2026-09-03T13:24-05:00,2026-09-03T18:24:00Z,2026-09-03,8.21432,-72.43268,VIIRS-NOAA-21,NOAA-21,VIIRS,68.8,22.6,10.1,Nominal,D,0.5,0.41,true,true,Puntos_de_calor_Colombia_2026-09-03.csv,2026-09-05T10:40:54Z
a686830e8312269041a8e81d,2026-09-03T13:24-05:00,2026-09-03T18:24:00Z,2026-09-03,5.02921,-70.51516,VIIRS-NOAA-21,NOAA-21,VIIRS,67.4,22.1,6.6,Nominal,D,0.39,0.44,true,true,Puntos_de_calor_Colombia_2026-09-03.csv,2026-09-05T10:40:54Z
ad69d42a6bb143ab74741637,2026-09-03T13:24-05:00,2026-09-03T18:24:00Z,2026-09-03,4.93578,-70.46861,VIIRS-NOAA-21,NOAA-21,VIIRS,65,22.3,4.8,Nominal,D,0.39,0.44,true,true,Puntos_de_calor_Colombia_2026-09-03.csv,2026-09-05T10:40:54Z
aea9237d33b7d40ca4a30c0d,2026-09-03T13:24-05:00,2026-09-03T18:24:00Z,2026-09-03,6.00293,-71.13654,VIIRS-NOAA-21,NOAA-21,VIIRS,58.5,19.2,8,Nominal,D,0.55,0.43,true,true,Puntos_de_calor_Colombia_2026-09-03.csv,2026-09-05T10:40:54Z
af272f332c5a28181e257fad,2026-09-03T13:24-05:00,2026-09-03T18:24:00Z,2026-09-03,5.46678,-69.31115,VIIRS-NOAA-21,NOAA-21,VIIRS,70.6,18.7,23.1,Nominal,D,0.47,0.48,true,true,Puntos_de_calor_Colombia_2026-09-03.csv,2026-09-05T10:40:54Z
afd1ada660ccd541c2c4950e,2026-09-03T13:24-05:00,2026-09-03T18:24:00Z,2026-09-03,4.94029,-70.4657,VIIRS-NOAA-21,NOAA-21,VIIRS,74.1,23.5,10.8,Nominal,D,0.39,0.44,true,true,Puntos_de_calor_Colombia_2026-09-03.csv,2026-09-05T10:40:54Z
b13daa5cedd870db562f04aa,2026-09-03T13:24-05:00,2026-09-03T18:24:00Z,2026-09-03,4.47712,-68.99592,VIIRS-NOAA-21,NOAA-21,VIIRS,66.9,17.8,17.3,Nominal,D,0.48,0.48,true,true,Puntos_de_calor_Colombia_2026-09-03.csv,2026-09-05T10:40:54Z
b84046446405b1321be975c8,2026-09-03T13:24-05:00,2026-09-03T18:24:00Z,2026-09-03,6.32832,-74.72677,VIIRS-NOAA-21,NOAA-21,VIIRS,76.6,19.6,12.2,Nominal,D,0.39,0.36,true,true,Puntos_de_calor_Colombia_2026-09-03.csv,2026-09-05T10:40:54Z
ba9d52e26c17dca7d52281f1,2026-09-03T13:24-05:00,2026-09-03T18:24:00Z,2026-09-03,8.68199,-72.74601,VIIRS-NOAA-21,NOAA-21,VIIRS,60.7,20.9,3.7,Nominal,D,0.48,0.4,true,true,Puntos_de_calor_Colombia_2026-09-03.csv,2026-09-05T10:40:54Z
bf12e6076b143842061584ab,2026-09-03T13:24-05:00,2026-09-03T18:24:00Z,2026-09-03,6.101,-74.1525,VIIRS-NOAA-21,NOAA-21,VIIRS,65.9,21.6,31.2,Nominal,D,0.4,0.37,true,true,Puntos_de_calor_Colombia_2026-09-03.csv,2026-09-05T10:40:54Z
c3f99cb41dc2018601d6b57e,2026-09-03T13:24-05:00,2026-09-03T18:24:00Z,2026-09-03,8.61921,-73.95125,VIIRS-NOAA-21,NOAA-21,VIIRS,68.1,24.2,19.9,Nominal,D,0.43,0.38,true,true,Puntos_de_calor_Colombia_2026-09-03.csv,2026-09-05T10:40:54Z
c9390c30671b9badf5b83cb0,2026-09-03T13:24-05:00,2026-09-03T18:24:00Z,2026-09-03,8.31383,-72.46817,VIIRS-NOAA-21,NOAA-21,VIIRS,70.8,23.5,9.5,Nominal,D,0.5,0.41,true,true,Puntos_de_calor_Colombia_2026-09-03.csv,2026-09-05T10:40:54Z
cb403250beea540c267d8646,2026-09-03T13:24-05:00,2026-09-03T18:24:00Z,2026-09-03,4.45865,-71.27245,VIIRS-NOAA-21,NOAA-21,VIIRS,58.8,21,10.4,Nominal,D,0.52,0.41,true,true,Puntos_de_calor_Colombia_2026-09-03.csv,2026-09-05T10:40:54Z
d6950ec4eae929de46ea268d,2026-09-03T13:24-05:00,2026-09-03T18:24:00Z,2026-09-03,4.17626,-71.67581,VIIRS-NOAA-21,NOAA-21,VIIRS,57.4,22.8,6.2,Nominal,D,0.49,0.4,true,true,Puntos_de_calor_Colombia_2026-09-03.csv,2026-09-05T10:40:54Z
d6a866b6a3e7d485bbbd4cad,2026-09-03T13:24-05:00,2026-09-03T18:24:00Z,2026-09-03,4.13119,-70.99845,VIIRS-NOAA-21,NOAA-21,VIIRS,56.9,20.3,2.9,Nominal,D,0.53,0.42,true,true,Puntos_de_calor_Colombia_2026-09-03.csv,2026-09-05T10:40:54Z
da791b1db96a7437f1020fb0,2026-09-03T13:24-05:00,2026-09-03T18:24:00Z,2026-09-03,8.20471,-72.55319,VIIRS-NOAA-21,NOAA-21,VIIRS,61.2,23.8,8.9,Nominal,D,0.49,0.4,true,true,Puntos_de_calor_Colombia_2026-09-03.csv,2026-09-05T10:40:54Z
dabbd6706f6a6bc266ce06e0,2026-09-03T13:24-05:00,2026-09-03T18:24:00Z,2026-09-03,6.09357,-74.13292,VIIRS-NOAA-21,NOAA-21,VIIRS,59.7,16.5,3.5,Nominal,D,0.4,0.37,true,true,Puntos_de_calor_Colombia_2026-09-03.csv,2026-09-05T10:40:54Z
dce23e05da30cdef507a3b19,2026-09-03T13:24-05:00,2026-09-03T18:24:00Z,2026-09-03,7.5565,-74.74123,VIIRS-NOAA-21,NOAA-21,VIIRS,61.1,14.1,22.3,Nominal,D,0.4,0.37,true,true,Puntos_de_calor_Colombia_2026-09-03.csv,2026-09-05T10:40:54Z
df78e3840d3dcbdc4d6e7dea,2026-09-03T13:24-05:00,2026-09-03T18:24:00Z,2026-09-03,3.66287,-71.49838,VIIRS-NOAA-21,NOAA-21,VIIRS,68.2,20.7,8.1,Nominal,D,0.49,0.4,true,true,Puntos_de_calor_Colombia_2026-09-03.csv,2026-09-05T10:40:54Z
e245f6743e3a1adb7f73867d,2026-09-03T13:24-05:00,2026-09-03T18:24:00Z,2026-09-03,3.99299,-72.48014,VIIRS-NOAA-21,NOAA-21,VIIRS,67.3,23.7,5.1,Nominal,D,0.44,0.39,true,true,Puntos_de_calor_Colombia_2026-09-03.csv,2026-09-05T10:40:54Z
e39defaffc55c70215e0ffb4,2026-09-03T13:24-05:00,2026-09-03T18:24:00Z,2026-09-03,4.13573,-70.99429,VIIRS-NOAA-21,NOAA-21,VIIRS,57.7,18.8,2.2,Nominal,D,0.53,0.42,true,true,Puntos_de_calor_Colombia_2026-09-03.csv,2026-09-05T10:40:54Z
e951650e3a309850d0b06b13,2026-09-03T13:24-05:00,2026-09-03T18:24:00Z,2026-09-03,4.06133,-70.73855,VIIRS-NOAA-21,NOAA-21,VIIRS,63.7,21.1,7.4,Nominal,D,0.55,0.43,true,true,Puntos_de_calor_Colombia_2026-09-03.csv,2026-09-05T10:40:54Z
e986fa489343a3bbac8a21e4,2026-09-03T13:24-05:00,2026-09-03T18:24:00Z,2026-09-03,3.66785,-71.49014,VIIRS-NOAA-21,NOAA-21,VIIRS,59.8,19.7,4.5,Nominal,D,0.49,0.4,true,true,Puntos_de_calor_Colombia_2026-09-03.csv,2026-09-05T10:40:54Z
eed3761bdb3a7ee04e26328e,2026-09-03T13:24-05:00,2026-09-03T18:24:00Z,2026-09-03,6.34659,-74.42407,VIIRS-NOAA-21,NOAA-21,VIIRS,62,17.7,7.5,Nominal,D,0.4,0.37,true,true,Puntos_de_calor_Colombia_2026-09-03.csv,2026-09-05T10:40:54Z
ef5e9549d0834b806dee7571,2026-09-03T13:24-05:00,2026-09-03T18:24:00Z,2026-09-03,8.72719,-73.72128,VIIRS-NOAA-21,NOAA-21,VIIRS,58.7,28.3,2.5,Nominal,D,0.44,0.38,true,true,Puntos_de_calor_Colombia_2026-09-03.csv,2026-09-05T10:40:54Z
f59a1c8f5dcec3edcc19ee67,2026-09-03T13:24-05:00,2026-09-03T18:24:00Z,2026-09-03,5.68218,-74.54632,VIIRS-NOAA-21,NOAA-21,VIIRS,68.8,20.2,8.6,Nominal,D,0.39,0.36,true,true,Puntos_de_calor_Colombia_2026-09-03.csv,2026-09-05T10:40:54Z
f59cea121bb630273a546702,2026-09-03T13:24-05:00,2026-09-03T18:24:00Z,2026-09-03,4.47651,-69.00021,VIIRS-NOAA-21,NOAA-21,VIIRS,67.1,17.9,17.2,Nominal,D,0.48,0.48,true,true,Puntos_de_calor_Colombia_2026-09-03.csv,2026-09-05T10:40:54Z
fa6fcecabc9f16e98f893ffd,2026-09-03T13:24-05:00,2026-09-03T18:24:00Z,2026-09-03,4.31905,-71.08923,VIIRS-NOAA-21,NOAA-21,VIIRS,60.4,21.3,4,Nominal,D,0.53,0.42,true,true,Puntos_de_calor_Colombia_2026-09-03.csv,2026-09-05T10:40:54Z
fce295ec4e4813a8756df66d,2026-09-03T13:24-05:00,2026-09-03T18:24:00Z,2026-09-03,4.12019,-71.69865,VIIRS-NOAA-21,NOAA-21,VIIRS,59,20.5,4.9,Nominal,D,0.49,0.4,true,true,Puntos_de_calor_Colombia_2026-09-03.csv,2026-09-05T10:40:54Z
ff12e4db65a4352eb47660c2,2026-09-03T13:24-05:00,2026-09-03T18:24:00Z,2026-09-03,5.02071,-70.51747,VIIRS-NOAA-21,NOAA-21,VIIRS,68.1,21.3,3.8,Nominal,D,0.39,0.44,true,true,Puntos_de_calor_Colombia_2026-09-03.csv,2026-09-05T10:40:54Z
ff554714ddf10a5b863afafc,2026-09-03T13:24-05:00,2026-09-03T18:24:00Z,2026-09-03,4.49043,-72.22914,VIIRS-NOAA-21,NOAA-21,VIIRS,59,21.1,3.1,Nominal,D,0.46,0.39,true,true,Puntos_de_calor_Colombia_2026-09-03.csv,2026-09-05T10:40:54Z
054289da65bf12c01d0e7894,2026-09-03T13:26-05:00,2026-09-03T18:26:00Z,2026-09-03,9.70578,-74.21569,VIIRS-NOAA-21,NOAA-21,VIIRS,69.9,27.9,7.3,Nominal,D,0.43,0.38,true,true,Puntos_de_calor_Colombia_2026-09-03.csv,2026-09-05T10:40:54Z
0682d71cb2bc4f6602417a85,2026-09-03T13:26-05:00,2026-09-03T18:26:00Z,2026-09-03,10.66894,-73.23488,VIIRS-NOAA-21,NOAA-21,VIIRS,63.2,25.7,6.5,Nominal,D,0.48,0.4,true,true,Puntos_de_calor_Colombia_2026-09-03.csv,2026-09-05T10:40:54Z
097933a755af7b8ee39b6b23,2026-09-03T13:26-05:00,2026-09-03T18:26:00Z,2026-09-03,11.21129,-73.02366,VIIRS-NOAA-21,NOAA-21,VIIRS,61.3,21.2,7.8,Nominal,D,0.5,0.41,true,true,Puntos_de_calor_Colombia_2026-09-03.csv,2026-09-05T10:40:54Z
1ded62afbcdb6241bd24b990,2026-09-03T13:26-05:00,2026-09-03T18:26:00Z,2026-09-03,10.28456,-73.41295,VIIRS-NOAA-21,NOAA-21,VIIRS,67.2,29.8,11.7,Nominal,D,0.47,0.39,true,true,Puntos_de_calor_Colombia_2026-09-03.csv,2026-09-05T10:40:54Z
1e017d1ada67586263c01c05,2026-09-03T13:26-05:00,2026-09-03T18:26:00Z,2026-09-03,8.97089,-73.96703,VIIRS-NOAA-21,NOAA-21,VIIRS,66.3,30.7,9.1,Nominal,D,0.43,0.38,true,true,Puntos_de_calor_Colombia_2026-09-03.csv,2026-09-05T10:40:54Z
28ba90bc6d027699f7dcd1cd,2026-09-03T13:26-05:00,2026-09-03T18:26:00Z,2026-09-03,10.47869,-74.22548,VIIRS-NOAA-21,NOAA-21,VIIRS,69.2,27.8,8.9,Nominal,D,0.43,0.38,true,true,Puntos_de_calor_Colombia_2026-09-03.csv,2026-09-05T10:40:54Z
30eae853aee5277b3d610cc8,2026-09-03T13:26-05:00,2026-09-03T18:26:00Z,2026-09-03,10.6286,-74.59311,VIIRS-NOAA-21,NOAA-21,VIIRS,65.4,29.5,5.7,Nominal,D,0.42,0.38,true,true,Puntos_de_calor_Colombia_2026-09-03.csv,2026-09-05T10:40:54Z
3c81616c86f1d07ee8109589,2026-09-03T13:26-05:00,2026-09-03T18:26:00Z,2026-09-03,8.85913,-74.54358,VIIRS-NOAA-21,NOAA-21,VIIRS,57.2,29.8,4.7,Baja,D,0.41,0.37,true,true,Puntos_de_calor_Colombia_2026-09-03.csv,2026-09-05T10:40:54Z
4806d24a3b6a3371e5c7a1cd,2026-09-03T13:26-05:00,2026-09-03T18:26:00Z,2026-09-03,10.54702,-74.50388,VIIRS-NOAA-21,NOAA-21,VIIRS,61.9,28.9,3.7,Nominal,D,0.42,0.38,true,true,Puntos_de_calor_Colombia_2026-09-03.csv,2026-09-05T10:40:54Z
5256cb48ced0d0190075af30,2026-09-03T13:26-05:00,2026-09-03T18:26:00Z,2026-09-03,9.76245,-73.47334,VIIRS-NOAA-21,NOAA-21,VIIRS,59.4,26.1,4.2,Nominal,D,0.46,0.39,true,true,Puntos_de_calor_Colombia_2026-09-03.csv,2026-09-05T10:40:54Z
55aa984bce127b6a4df8c1ad,2026-09-03T13:26-05:00,2026-09-03T18:26:00Z,2026-09-03,9.56647,-75.2813,VIIRS-NOAA-21,NOAA-21,VIIRS,71,25.6,12.2,Nominal,D,0.4,0.37,true,true,Puntos_de_calor_Colombia_2026-09-03.csv,2026-09-05T10:40:54Z
5edf05a7de31a0c214a70b8e,2026-09-03T13:26-05:00,2026-09-03T18:26:00Z,2026-09-03,10.43784,-74.38571,VIIRS-NOAA-21,NOAA-21,VIIRS,64.6,28.2,2.7,Nominal,D,0.43,0.38,true,true,Puntos_de_calor_Colombia_2026-09-03.csv,2026-09-05T10:40:54Z
66c932dddc325ad57356a4fa,2026-09-03T13:26-05:00,2026-09-03T18:26:00Z,2026-09-03,8.78931,-74.39683,VIIRS-NOAA-21,NOAA-21,VIIRS,60.4,24.5,5,Nominal,D,0.41,0.37,true,true,Puntos_de_calor_Colombia_2026-09-03.csv,2026-09-05T10:40:54Z
68aac5c797ee9aceb1a21e9a,2026-09-03T13:26-05:00,2026-09-03T18:26:00Z,2026-09-03,10.66431,-75.37334,VIIRS-NOAA-21,NOAA-21,VIIRS,73.9,29.7,9.4,Nominal,D,0.4,0.37,true,true,Puntos_de_calor_Colombia_2026-09-03.csv,2026-09-05T10:40:54Z
6a8ec2bc3cd20da4a0d76eea,2026-09-03T13:26-05:00,2026-09-03T18:26:00Z,2026-09-03,8.85574,-74.54307,VIIRS-NOAA-21,NOAA-21,VIIRS,57.7,30.1,4.7,Baja,D,0.41,0.37,true,true,Puntos_de_calor_Colombia_2026-09-03.csv,2026-09-05T10:40:54Z
76f44219d9abe76c7a695e8d,2026-09-03T13:26-05:00,2026-09-03T18:26:00Z,2026-09-03,8.93303,-74.41838,VIIRS-NOAA-21,NOAA-21,VIIRS,63,23.2,8,Nominal,D,0.41,0.37,true,true,Puntos_de_calor_Colombia_2026-09-03.csv,2026-09-05T10:40:54Z
77914549fc1c32dae3bd0071,2026-09-03T13:26-05:00,2026-09-03T18:26:00Z,2026-09-03,10.87924,-74.70068,VIIRS-NOAA-21,NOAA-21,VIIRS,57.1,25.9,3.4,Nominal,D,0.42,0.37,true,true,Puntos_de_calor_Colombia_2026-09-03.csv,2026-09-05T10:40:54Z
7dc902a4abfbda347294ad29,2026-09-03T13:26-05:00,2026-09-03T18:26:00Z,2026-09-03,10.48969,-74.2231,VIIRS-NOAA-21,NOAA-21,VIIRS,64.4,26.9,5.7,Nominal,D,0.43,0.38,true,true,Puntos_de_calor_Colombia_2026-09-03.csv,2026-09-05T10:40:54Z
7fee1ce483ac98d2c52be02c,2026-09-03T13:26-05:00,2026-09-03T18:26:00Z,2026-09-03,10.45211,-73.31805,VIIRS-NOAA-21,NOAA-21,VIIRS,63.3,25.8,6.1,Nominal,D,0.47,0.4,true,true,Puntos_de_calor_Colombia_2026-09-03.csv,2026-09-05T10:40:54Z
8b01152c895a30153e8bfcef,2026-09-03T13:26-05:00,2026-09-03T18:26:00Z,2026-09-03,10.37099,-74.02155,VIIRS-NOAA-21,NOAA-21,VIIRS,60,21.3,4.2,Nominal,D,0.44,0.38,true,true,Puntos_de_calor_Colombia_2026-09-03.csv,2026-09-05T10:40:54Z
91586694166a38ebb68236b8,2026-09-03T13:26-05:00,2026-09-03T18:26:00Z,2026-09-03,9.28473,-73.79301,VIIRS-NOAA-21,NOAA-21,VIIRS,65,27.8,10.5,Nominal,D,0.44,0.38,true,true,Puntos_de_calor_Colombia_2026-09-03.csv,2026-09-05T10:40:54Z
920f70bdc447b3992354b173,2026-09-03T13:26-05:00,2026-09-03T18:26:00Z,2026-09-03,8.95777,-74.36876,VIIRS-NOAA-21,NOAA-21,VIIRS,63.5,22.5,5.8,Nominal,D,0.41,0.37,true,true,Puntos_de_calor_Colombia_2026-09-03.csv,2026-09-05T10:40:54Z
945671e97344dd8076b1e54a,2026-09-03T13:26-05:00,2026-09-03T18:26:00Z,2026-09-03,9.70191,-73.61503,VIIRS-NOAA-21,NOAA-21,VIIRS,65,27.7,7.7,Nominal,D,0.45,0.39,true,true,Puntos_de_calor_Colombia_2026-09-03.csv,2026-09-05T10:40:54Z
94fff86d3b13e3687a85b93c,2026-09-03T13:26-05:00,2026-09-03T18:26:00Z,2026-09-03,8.97838,-73.9642,VIIRS-NOAA-21,NOAA-21,VIIRS,67.1,32.1,8.5,Nominal,D,0.43,0.38,true,true,Puntos_de_calor_Colombia_2026-09-03.csv,2026-09-05T10:40:54Z
98e20fe15f7a6b03143b3125,2026-09-03T13:26-05:00,2026-09-03T18:26:00Z,2026-09-03,8.83252,-74.19642,VIIRS-NOAA-21,NOAA-21,VIIRS,59.7,25.9,4.8,Nominal,D,0.42,0.38,true,true,Puntos_de_calor_Colombia_2026-09-03.csv,2026-09-05T10:40:54Z
9c22bfb4e0af4f888055ffa5,2026-09-03T13:26-05:00,2026-09-03T18:26:00Z,2026-09-03,8.79272,-74.39734,VIIRS-NOAA-21,NOAA-21,VIIRS,65.7,24.9,5,Nominal,D,0.41,0.37,true,true,Puntos_de_calor_Colombia_2026-09-03.csv,2026-09-05T10:40:54Z
a687ed634afaf21a72f9b293,2026-09-03T13:26-05:00,2026-09-03T18:26:00Z,2026-09-03,8.91244,-72.88713,VIIRS-NOAA-21,NOAA-21,VIIRS,58.3,22.6,2.4,Nominal,D,0.48,0.4,true,true,Puntos_de_calor_Colombia_2026-09-03.csv,2026-09-05T10:40:54Z
a8d3b8eb5e9f559ea8f6d908,2026-09-03T13:26-05:00,2026-09-03T18:26:00Z,2026-09-03,8.94542,-74.52259,VIIRS-NOAA-21,NOAA-21,VIIRS,57.3,25.2,6,Nominal,D,0.41,0.37,true,true,Puntos_de_calor_Colombia_2026-09-03.csv,2026-09-05T10:40:54Z
af76e1b612260911041bd69b,2026-09-03T13:26-05:00,2026-09-03T18:26:00Z,2026-09-03,9.24735,-73.42863,VIIRS-NOAA-21,NOAA-21,VIIRS,69,29,7.7,Nominal,D,0.45,0.39,true,true,Puntos_de_calor_Colombia_2026-09-03.csv,2026-09-05T10:40:54Z
bc2af276f7448729bfb64b23,2026-09-03T13:26-05:00,2026-09-03T18:26:00Z,2026-09-03,9.01223,-74.09495,VIIRS-NOAA-21,NOAA-21,VIIRS,66.3,28.6,6.6,Nominal,D,0.42,0.38,true,true,Puntos_de_calor_Colombia_2026-09-03.csv,2026-09-05T10:40:54Z
c7b663e9bbd4b68c01934b41,2026-09-03T13:26-05:00,2026-09-03T18:26:00Z,2026-09-03,8.98808,-74.38029,VIIRS-NOAA-21,NOAA-21,VIIRS,60.6,25.1,3.9,Nominal,D,0.41,0.37,true,true,Puntos_de_calor_Colombia_2026-09-03.csv,2026-09-05T10:40:54Z
cbb7378ae77ee259fa4dca7b,2026-09-03T13:26-05:00,2026-09-03T18:26:00Z,2026-09-03,10.50493,-74.5521,VIIRS-NOAA-21,NOAA-21,VIIRS,61.8,28.8,4.1,Nominal,D,0.42,0.38,true,true,Puntos_de_calor_Colombia_2026-09-03.csv,2026-09-05T10:40:54Z
dc290be32a45327e59a0273c,2026-09-03T13:26-05:00,2026-09-03T18:26:00Z,2026-09-03,10.99274,-73.06273,VIIRS-NOAA-21,NOAA-21,VIIRS,61.4,25,5.7,Nominal,D,0.49,0.41,true,true,Puntos_de_calor_Colombia_2026-09-03.csv,2026-09-05T10:40:54Z
dfbdb6f8e2f597fb9f4f5d0b,2026-09-03T13:26-05:00,2026-09-03T18:26:00Z,2026-09-03,10.45271,-73.31374,VIIRS-NOAA-21,NOAA-21,VIIRS,64,26.6,5.5,Nominal,D,0.47,0.4,true,true,Puntos_de_calor_Colombia_2026-09-03.csv,2026-09-05T10:40:54Z
e0598c176782f60ea6b00607,2026-09-03T13:26-05:00,2026-09-03T18:26:00Z,2026-09-03,10.9748,-72.72608,VIIRS-NOAA-21,NOAA-21,VIIRS,62.1,31.2,10.3,Nominal,D,0.52,0.41,true,true,Puntos_de_calor_Colombia_2026-09-03.csv,2026-09-05T10:40:54Z
e6e623583df5bba8e25b2fd5,2026-09-03T13:26-05:00,2026-09-03T18:26:00Z,2026-09-03,10.57533,-74.5743,VIIRS-NOAA-21,NOAA-21,VIIRS,72,32.1,10.2,Nominal,D,0.42,0.38,true,true,Puntos_de_calor_Colombia_2026-09-03.csv,2026-09-05T10:40:54Z
ff11f35f1936dc611ffb7836,2026-09-03T13:26-05:00,2026-09-03T18:26:00Z,2026-09-03,8.97033,-73.9709,VIIRS-NOAA-21,NOAA-21,VIIRS,65.6,31.4,8.9,Nominal,D,0.43,0.38,true,true,Puntos_de_calor_Colombia_2026-09-03.csv,2026-09-05T10:40:54Z
067a59289870a55d5de4d7a1,2026-09-03T14:00-05:00,2026-09-03T19:00:00Z,2026-09-03,2.91507,-75.2559,VIIRS-Suomi-NPP,Suomi-NPP,VIIRS,70.8,23.3,6.3,Nominal,D,0.45,0.47,true,false,Puntos_de_calor_Colombia_2026-09-03.csv,2026-09-05T10:40:54Z
08cc877002f54b31fdf46d8d,2026-09-03T14:00-05:00,2026-09-03T19:00:00Z,2026-09-03,5.45633,-69.3105,VIIRS-Suomi-NPP,Suomi-NPP,VIIRS,63.2,-2,7.3,Nominal,D,0.62,0.72,true,false,Puntos_de_calor_Colombia_2026-09-03.csv,2026-09-05T10:40:54Z
0c94e3c025f3d7f2722bb45f,2026-09-03T14:00-05:00,2026-09-03T19:00:00Z,2026-09-03,4.68209,-71.24607,VIIRS-Suomi-NPP,Suomi-NPP,VIIRS,76.3,15,8.7,Nominal,D,0.45,0.63,true,false,Puntos_de_calor_Colombia_2026-09-03.csv,2026-09-05T10:40:54Z
0d77b8e6a932b263dae21b70,2026-09-03T14:00-05:00,2026-09-03T19:00:00Z,2026-09-03,4.13973,-73.14908,VIIRS-Suomi-NPP,Suomi-NPP,VIIRS,57.9,17.4,3.6,Nominal,D,0.33,0.55,true,false,Puntos_de_calor_Colombia_2026-09-03.csv,2026-09-05T10:40:54Z
1224d3f734f9dff88ecee667,2026-09-03T14:00-05:00,2026-09-03T19:00:00Z,2026-09-03,4.9276,-70.46732,VIIRS-Suomi-NPP,Suomi-NPP,VIIRS,83.7,13,16,Baja,D,0.51,0.66,true,false,Puntos_de_calor_Colombia_2026-09-03.csv,2026-09-05T10:40:54Z
1625f03f88645e5e16e465ec,2026-09-03T14:00-05:00,2026-09-03T19:00:00Z,2026-09-03,4.92893,-70.45789,VIIRS-Suomi-NPP,Suomi-NPP,VIIRS,74.8,11.2,18,Nominal,D,0.51,0.66,true,false,Puntos_de_calor_Colombia_2026-09-03.csv,2026-09-05T10:40:54Z
289551b04043e7c0375129d4,2026-09-03T14:00-05:00,2026-09-03T19:00:00Z,2026-09-03,5.02668,-70.51799,VIIRS-Suomi-NPP,Suomi-NPP,VIIRS,58.9,14.7,5.2,Nominal,D,0.51,0.66,true,false,Puntos_de_calor_Colombia_2026-09-03.csv,2026-09-05T10:40:54Z
2cb7c170282d9e5e9b28d8e2,2026-09-03T14:00-05:00,2026-09-03T19:00:00Z,2026-09-03,6.87281,-73.85694,VIIRS-Suomi-NPP,Suomi-NPP,VIIRS,56.6,11.6,2.6,Nominal,D,0.32,0.55,true,false,Puntos_de_calor_Colombia_2026-09-03.csv,2026-09-05T10:40:54Z
2e89a7430adffca67adfbf8e,2026-09-03T14:00-05:00,2026-09-03T19:00:00Z,2026-09-03,5.15551,-70.98216,VIIRS-Suomi-NPP,Suomi-NPP,VIIRS,64.3,16.8,4.4,Nominal,D,0.48,0.64,true,false,Puntos_de_calor_Colombia_2026-09-03.csv,2026-09-05T10:40:54Z
3c80229effca7e362cefbc44,2026-09-03T14:00-05:00,2026-09-03T19:00:00Z,2026-09-03,4.58892,-70.66048,VIIRS-Suomi-NPP,Suomi-NPP,VIIRS,65,10.4,6.3,Nominal,D,0.49,0.65,true,false,Puntos_de_calor_Colombia_2026-09-03.csv,2026-09-05T10:40:54Z
3f5514807e2ad82c5fc29713,2026-09-03T14:00-05:00,2026-09-03T19:00:00Z,2026-09-03,4.75061,-71.0582,VIIRS-Suomi-NPP,Suomi-NPP,VIIRS,58.3,12.5,4.7,Nominal,D,0.46,0.64,true,false,Puntos_de_calor_Colombia_2026-09-03.csv,2026-09-05T10:40:54Z
404e827d8198b6a1f9f30257,2026-09-03T14:00-05:00,2026-09-03T19:00:00Z,2026-09-03,1.11514,-76.05585,VIIRS-Suomi-NPP,Suomi-NPP,VIIRS,62.4,21.7,6.4,Nominal,D,0.57,0.43,true,false,Puntos_de_calor_Colombia_2026-09-03.csv,2026-09-05T10:40:54Z
42923f0a674cb2100f8c3ac2,2026-09-03T14:00-05:00,2026-09-03T19:00:00Z,2026-09-03,4.79597,-74.80478,VIIRS-Suomi-NPP,Suomi-NPP,VIIRS,62.1,22.6,3.1,Nominal,D,0.52,0.5,true,false,Puntos_de_calor_Colombia_2026-09-03.csv,2026-09-05T10:40:54Z
477a31c3e697271696e1b73c,2026-09-03T14:00-05:00,2026-09-03T19:00:00Z,2026-09-03,4.92826,-70.46261,VIIRS-Suomi-NPP,Suomi-NPP,VIIRS,83.6,13.1,16,Baja,D,0.51,0.66,true,false,Puntos_de_calor_Colombia_2026-09-03.csv,2026-09-05T10:40:54Z
4e384648efd3f68b53e39a1c,2026-09-03T14:00-05:00,2026-09-03T19:00:00Z,2026-09-03,3.01448,-72.26965,VIIRS-Suomi-NPP,Suomi-NPP,VIIRS,58.7,14.5,3.2,Nominal,D,0.36,0.57,true,false,Puntos_de_calor_Colombia_2026-09-03.csv,2026-09-05T10:40:54Z
63e888f8fdb4adfd20364975,2026-09-03T14:00-05:00,2026-09-03T19:00:00Z,2026-09-03,7.28447,-74.7205,VIIRS-Suomi-NPP,Suomi-NPP,VIIRS,53.4,10.6,5.1,Nominal,D,0.57,0.52,true,false,Puntos_de_calor_Colombia_2026-09-03.csv,2026-09-05T10:40:54Z
6c662e1fcb4304b9f144154b,2026-09-03T14:00-05:00,2026-09-03T19:00:00Z,2026-09-03,7.28017,-74.72175,VIIRS-Suomi-NPP,Suomi-NPP,VIIRS,58.1,11.3,5.3,Nominal,D,0.57,0.52,true,false,Puntos_de_calor_Colombia_2026-09-03.csv,2026-09-05T10:40:54Z
6e50ce54248ba29ee3009da4,2026-09-03T14:00-05:00,2026-09-03T19:00:00Z,2026-09-03,4.93444,-70.46342,VIIRS-Suomi-NPP,Suomi-NPP,VIIRS,76.4,12.9,16.1,Nominal,D,0.51,0.66,true,false,Puntos_de_calor_Colombia_2026-09-03.csv,2026-09-05T10:40:54Z
6ea40e39fedc6a7060b072b2,2026-09-03T14:00-05:00,2026-09-03T19:00:00Z,2026-09-03,5.2663,-74.43819,VIIRS-Suomi-NPP,Suomi-NPP,VIIRS,62.4,18,7,Nominal,D,0.56,0.51,true,false,Puntos_de_calor_Colombia_2026-09-03.csv,2026-09-05T10:40:54Z
6f384a03815e893711ed2fbe,2026-09-03T14:00-05:00,2026-09-03T19:00:00Z,2026-09-03,5.78177,-71.74079,VIIRS-Suomi-NPP,Suomi-NPP,VIIRS,75.1,3.9,6.9,Nominal,D,0.43,0.62,true,false,Puntos_de_calor_Colombia_2026-09-03.csv,2026-09-05T10:40:54Z
70c2433edefafbe7896c10ce,2026-09-03T14:00-05:00,2026-09-03T19:00:00Z,2026-09-03,5.45999,-69.30999,VIIRS-Suomi-NPP,Suomi-NPP,VIIRS,63.7,-1.7,14.4,Nominal,D,0.62,0.72,true,false,Puntos_de_calor_Colombia_2026-09-03.csv,2026-09-05T10:40:54Z
79788fdffff5fb88d5afc03a,2026-09-03T14:00-05:00,2026-09-03T19:00:00Z,2026-09-03,4.82872,-69.84903,VIIRS-Suomi-NPP,Suomi-NPP,VIIRS,66.1,13.7,6.8,Nominal,D,0.56,0.69,true,false,Puntos_de_calor_Colombia_2026-09-03.csv,2026-09-05T10:40:54Z
7dc452f848d377c6e12a5865,2026-09-03T14:00-05:00,2026-09-03T19:00:00Z,2026-09-03,5.07269,-70.28009,VIIRS-Suomi-NPP,Suomi-NPP,VIIRS,56.5,14.4,3.3,Nominal,D,0.53,0.67,true,false,Puntos_de_calor_Colombia_2026-09-03.csv,2026-09-05T10:40:54Z
886a360f3ef8dab802ed0b15,2026-09-03T14:00-05:00,2026-09-03T19:00:00Z,2026-09-03,3.66541,-71.58399,VIIRS-Suomi-NPP,Suomi-NPP,VIIRS,56.9,9.5,6.2,Nominal,D,0.41,0.61,true,false,Puntos_de_calor_Colombia_2026-09-03.csv,2026-09-05T10:40:54Z
8d109e2b4c9b03ade1518b38,2026-09-03T14:00-05:00,2026-09-03T19:00:00Z,2026-09-03,7.2633,-74.63356,VIIRS-Suomi-NPP,Suomi-NPP,VIIRS,80.1,5.9,17.3,Nominal,D,0.58,0.52,true,false,Puntos_de_calor_Colombia_2026-09-03.csv,2026-09-05T10:40:54Z
972a4af82c30d246ae0e0913,2026-09-03T14:00-05:00,2026-09-03T19:00:00Z,2026-09-03,5.4638,-69.30549,VIIRS-Suomi-NPP,Suomi-NPP,VIIRS,54.5,-0.1,10,Nominal,D,0.62,0.72,true,false,Puntos_de_calor_Colombia_2026-09-03.csv,2026-09-05T10:40:54Z
9e8773ea60e81eb28040239e,2026-09-03T14:00-05:00,2026-09-03T19:00:00Z,2026-09-03,5.46302,-69.31131,VIIRS-Suomi-NPP,Suomi-NPP,VIIRS,66.5,-0.8,14.1,Nominal,D,0.62,0.72,true,false,Puntos_de_calor_Colombia_2026-09-03.csv,2026-09-05T10:40:54Z
a4ed892f240ef8613348fd68,2026-09-03T14:00-05:00,2026-09-03T19:00:00Z,2026-09-03,4.98025,-70.31828,VIIRS-Suomi-NPP,Suomi-NPP,VIIRS,55.4,9.8,11.4,Nominal,D,0.52,0.67,true,false,Puntos_de_calor_Colombia_2026-09-03.csv,2026-09-05T10:40:54Z
ab70c3ae3c5add7f7ea9c473,2026-09-03T14:00-05:00,2026-09-03T19:00:00Z,2026-09-03,5.67617,-70.90785,VIIRS-Suomi-NPP,Suomi-NPP,VIIRS,81.2,14.9,10.4,Nominal,D,0.49,0.65,true,false,Puntos_de_calor_Colombia_2026-09-03.csv,2026-09-05T10:40:54Z
b027a1932dbd693804cd4a91,2026-09-03T14:00-05:00,2026-09-03T19:00:00Z,2026-09-03,3.11776,-76.77779,VIIRS-Suomi-NPP,Suomi-NPP,VIIRS,66,18.5,6.7,Nominal,D,0.55,0.43,true,false,Puntos_de_calor_Colombia_2026-09-03.csv,2026-09-05T10:40:54Z
c41e7c695382a3742ca0c90c,2026-09-03T14:00-05:00,2026-09-03T19:00:00Z,2026-09-03,2.1321,-73.7748,VIIRS-Suomi-NPP,Suomi-NPP,VIIRS,65.5,20.5,5.5,Nominal,D,0.55,0.51,true,false,Puntos_de_calor_Colombia_2026-09-03.csv,2026-09-05T10:40:54Z
c69966e1cd474662567ab09f,2026-09-03T14:00-05:00,2026-09-03T19:00:00Z,2026-09-03,3.87958,-70.95408,VIIRS-Suomi-NPP,Suomi-NPP,VIIRS,60.9,13.3,3,Nominal,D,0.46,0.63,true,false,Puntos_de_calor_Colombia_2026-09-03.csv,2026-09-05T10:40:54Z
d0dfd4049381a8c1cbb9c25c,2026-09-03T14:00-05:00,2026-09-03T19:00:00Z,2026-09-03,5.3858,-70.98348,VIIRS-Suomi-NPP,Suomi-NPP,VIIRS,62.5,14.2,4.1,Nominal,D,0.48,0.65,true,false,Puntos_de_calor_Colombia_2026-09-03.csv,2026-09-05T10:40:54Z
d8ff6a0cf0e2e74d73787885,2026-09-03T14:00-05:00,2026-09-03T19:00:00Z,2026-09-03,4.97955,-70.32318,VIIRS-Suomi-NPP,Suomi-NPP,VIIRS,84.5,9.5,19.9,Baja,D,0.52,0.67,true,false,Puntos_de_calor_Colombia_2026-09-03.csv,2026-09-05T10:40:54Z
df8c47fb3ec711ab232d8186,2026-09-03T14:00-05:00,2026-09-03T19:00:00Z,2026-09-03,4.14749,-73.30692,VIIRS-Suomi-NPP,Suomi-NPP,VIIRS,62.9,18.2,2.9,Nominal,D,0.32,0.55,true,false,Puntos_de_calor_Colombia_2026-09-03.csv,2026-09-05T10:40:54Z
e30863df1883bb6584a01d0a,2026-09-03T14:00-05:00,2026-09-03T19:00:00Z,2026-09-03,4.94128,-70.45951,VIIRS-Suomi-NPP,Suomi-NPP,VIIRS,59.7,12.1,13.1,Nominal,D,0.51,0.66,true,false,Puntos_de_calor_Colombia_2026-09-03.csv,2026-09-05T10:40:54Z
eff53e6294c24baf993d8709,2026-09-03T14:00-05:00,2026-09-03T19:00:00Z,2026-09-03,3.65978,-71.58316,VIIRS-Suomi-NPP,Suomi-NPP,VIIRS,64,9.5,7.4,Nominal,D,0.41,0.61,true,false,Puntos_de_calor_Colombia_2026-09-03.csv,2026-09-05T10:40:54Z
f30d40b47b4f575e741c390a,2026-09-03T14:00-05:00,2026-09-03T19:00:00Z,2026-09-03,5.45918,-69.3158,VIIRS-Suomi-NPP,Suomi-NPP,VIIRS,55.3,-2,7.8,Nominal,D,0.62,0.72,true,false,Puntos_de_calor_Colombia_2026-09-03.csv,2026-09-05T10:40:54Z
fc4be654b4902d71713573ce,2026-09-03T14:00-05:00,2026-09-03T19:00:00Z,2026-09-03,3.44223,-72.80354,VIIRS-Suomi-NPP,Suomi-NPP,VIIRS,57.6,16.6,2.7,Nominal,D,0.34,0.56,true,false,Puntos_de_calor_Colombia_2026-09-03.csv,2026-09-05T10:40:54Z
fdb88f175cde5cc7fe7359b6,2026-09-03T14:00-05:00,2026-09-03T19:00:00Z,2026-09-03,3.01259,-72.27084,VIIRS-Suomi-NPP,Suomi-NPP,VIIRS,67.7,14.4,4,Nominal,D,0.36,0.58,true,false,Puntos_de_calor_Colombia_2026-09-03.csv,2026-09-05T10:40:54Z
00107a1a5d3ee6973b33b2bd,2026-09-03T14:02-05:00,2026-09-03T19:02:00Z,2026-09-03,8.94406,-74.5974,VIIRS-Suomi-NPP,Suomi-NPP,VIIRS,68.8,20.4,15.3,Nominal,D,0.61,0.54,true,false,Puntos_de_calor_Colombia_2026-09-03.csv,2026-09-05T10:40:54Z
0056417dc87796ed6a595e9a,2026-09-03T14:02-05:00,2026-09-03T19:02:00Z,2026-09-03,8.21477,-72.43478,VIIRS-Suomi-NPP,Suomi-NPP,VIIRS,75.9,16.1,28.4,Nominal,D,0.42,0.61,true,false,Puntos_de_calor_Colombia_2026-09-03.csv,2026-09-05T10:40:54Z
0578271b3e773d4cd4f1f4df,2026-09-03T14:02-05:00,2026-09-03T19:02:00Z,2026-09-03,11.36845,-72.7372,VIIRS-Suomi-NPP,Suomi-NPP,VIIRS,67.1,19.8,7.4,Nominal,D,0.44,0.62,true,false,Puntos_de_calor_Colombia_2026-09-03.csv,2026-09-05T10:40:54Z
0beb8714ce0552fe472a3b01,2026-09-03T14:02-05:00,2026-09-03T19:02:00Z,2026-09-03,8.2153,-72.4306,VIIRS-Suomi-NPP,Suomi-NPP,VIIRS,84.1,15.2,40.3,Baja,D,0.42,0.61,true,false,Puntos_de_calor_Colombia_2026-09-03.csv,2026-09-05T10:40:54Z
0f134449ee99abd7ce15a020,2026-09-03T14:02-05:00,2026-09-03T19:02:00Z,2026-09-03,8.21318,-72.43324,VIIRS-Suomi-NPP,Suomi-NPP,VIIRS,78.4,15.7,17.8,Nominal,D,0.42,0.61,true,false,Puntos_de_calor_Colombia_2026-09-03.csv,2026-09-05T10:40:54Z
1a9531820489ba043b1cc57b,2026-09-03T14:02-05:00,2026-09-03T19:02:00Z,2026-09-03,8.90125,-72.83605,VIIRS-Suomi-NPP,Suomi-NPP,VIIRS,61.3,15.2,3.2,Nominal,D,0.4,0.6,true,false,Puntos_de_calor_Colombia_2026-09-03.csv,2026-09-05T10:40:54Z
20242aa7c82896684d880267,2026-09-03T14:02-05:00,2026-09-03T19:02:00Z,2026-09-03,8.97008,-73.96651,VIIRS-Suomi-NPP,Suomi-NPP,VIIRS,60.9,22.1,4.9,Nominal,D,0.34,0.56,true,false,Puntos_de_calor_Colombia_2026-09-03.csv,2026-09-05T10:40:54Z
2c059eb412977044654d31c0,2026-09-03T14:02-05:00,2026-09-03T19:02:00Z,2026-09-03,8.60269,-73.52377,VIIRS-Suomi-NPP,Suomi-NPP,VIIRS,57.1,13.4,2.4,Nominal,D,0.36,0.57,true,false,Puntos_de_calor_Colombia_2026-09-03.csv,2026-09-05T10:40:54Z
3452fbae6b34c618410735f2,2026-09-03T14:02-05:00,2026-09-03T19:02:00Z,2026-09-03,10.86199,-72.83586,VIIRS-Suomi-NPP,Suomi-NPP,VIIRS,60.3,16.9,3.8,Nominal,D,0.43,0.62,true,false,Puntos_de_calor_Colombia_2026-09-03.csv,2026-09-05T10:40:54Z
39daac39dbd673996ee53e02,2026-09-03T14:02-05:00,2026-09-03T19:02:00Z,2026-09-03,9.38924,-73.60719,VIIRS-Suomi-NPP,Suomi-NPP,VIIRS,59.4,20,1.6,Nominal,D,0.36,0.58,true,false,Puntos_de_calor_Colombia_2026-09-03.csv,2026-09-05T10:40:54Z
49efc9108ebcf57da26dec9b,2026-09-03T14:02-05:00,2026-09-03T19:02:00Z,2026-09-03,8.16384,-72.6291,VIIRS-Suomi-NPP,Suomi-NPP,VIIRS,77.7,18,5.2,Nominal,D,0.41,0.6,true,false,Puntos_de_calor_Colombia_2026-09-03.csv,2026-09-05T10:40:54Z
58afb5565ca2e97ecc1834e0,2026-09-03T14:02-05:00,2026-09-03T19:02:00Z,2026-09-03,8.64915,-76.65876,VIIRS-Suomi-NPP,Suomi-NPP,VIIRS,58,14.9,3.7,Nominal,D,0.44,0.46,true,false,Puntos_de_calor_Colombia_2026-09-03.csv,2026-09-05T10:40:54Z
62d73d1631ef54fb6fc42067,2026-09-03T14:02-05:00,2026-09-03T19:02:00Z,2026-09-03,8.96928,-73.97276,VIIRS-Suomi-NPP,Suomi-NPP,VIIRS,64.2,22.5,4.3,Nominal,D,0.34,0.56,true,false,Puntos_de_calor_Colombia_2026-09-03.csv,2026-09-05T10:40:54Z
65c373d2c6bfbe79a1b05847,2026-09-03T14:02-05:00,2026-09-03T19:02:00Z,2026-09-03,8.21072,-72.6445,VIIRS-Suomi-NPP,Suomi-NPP,VIIRS,61.2,16,5.4,Nominal,D,0.41,0.6,true,false,Puntos_de_calor_Colombia_2026-09-03.csv,2026-09-05T10:40:54Z
7bcbac5efecfdf3be7eb2322,2026-09-03T14:02-05:00,2026-09-03T19:02:00Z,2026-09-03,8.01243,-75.52595,VIIRS-Suomi-NPP,Suomi-NPP,VIIRS,58.1,15.9,2.9,Nominal,D,0.51,0.5,true,false,Puntos_de_calor_Colombia_2026-09-03.csv,2026-09-05T10:40:54Z
802e2a60f59dbc790aee55ef,2026-09-03T14:02-05:00,2026-09-03T19:02:00Z,2026-09-03,8.97334,-73.97131,VIIRS-Suomi-NPP,Suomi-NPP,VIIRS,60.1,23.3,4.7,Nominal,D,0.34,0.56,true,false,Puntos_de_calor_Colombia_2026-09-03.csv,2026-09-05T10:40:54Z
8d158b0398c40702ffa42d9a,2026-09-03T14:02-05:00,2026-09-03T19:02:00Z,2026-09-03,8.21887,-72.43398,VIIRS-Suomi-NPP,Suomi-NPP,VIIRS,75.9,15.8,17.8,Nominal,D,0.42,0.61,true,false,Puntos_de_calor_Colombia_2026-09-03.csv,2026-09-05T10:40:54Z
985fc182a778989e7e1486a0,2026-09-03T14:02-05:00,2026-09-03T19:02:00Z,2026-09-03,8.81434,-72.81712,VIIRS-Suomi-NPP,Suomi-NPP,VIIRS,58.5,15.8,3.1,Nominal,D,0.4,0.6,true,false,Puntos_de_calor_Colombia_2026-09-03.csv,2026-09-05T10:40:54Z
b0676db600e2690b60e4bc47,2026-09-03T14:02-05:00,2026-09-03T19:02:00Z,2026-09-03,8.20664,-72.45325,VIIRS-Suomi-NPP,Suomi-NPP,VIIRS,71.6,15.9,6.4,Nominal,D,0.42,0.61,true,false,Puntos_de_calor_Colombia_2026-09-03.csv,2026-09-05T10:40:54Z
b2cbac7de2a00af97b58f940,2026-09-03T14:02-05:00,2026-09-03T19:02:00Z,2026-09-03,8.21121,-72.64076,VIIRS-Suomi-NPP,Suomi-NPP,VIIRS,73.4,16.7,8.7,Nominal,D,0.41,0.6,true,false,Puntos_de_calor_Colombia_2026-09-03.csv,2026-09-05T10:40:54Z
b56be6de26536f6f1b4a1380,2026-09-03T14:02-05:00,2026-09-03T19:02:00Z,2026-09-03,8.04602,-72.58625,VIIRS-Suomi-NPP,Suomi-NPP,VIIRS,56.8,16.5,3.9,Nominal,D,0.41,0.6,true,false,Puntos_de_calor_Colombia_2026-09-03.csv,2026-09-05T10:40:54Z
b6c7dcf048152e236cddd8bd,2026-09-03T14:02-05:00,2026-09-03T19:02:00Z,2026-09-03,9.97724,-75.0464,VIIRS-Suomi-NPP,Suomi-NPP,VIIRS,57.1,22.2,3.2,Nominal,D,0.59,0.53,true,false,Puntos_de_calor_Colombia_2026-09-03.csv,2026-09-05T10:40:54Z
bbd2fe0784fde308f66c4bce,2026-09-03T14:02-05:00,2026-09-03T19:02:00Z,2026-09-03,8.21943,-72.42986,VIIRS-Suomi-NPP,Suomi-NPP,VIIRS,83.7,14.7,33.1,Nominal,D,0.42,0.61,true,false,Puntos_de_calor_Colombia_2026-09-03.csv,2026-09-05T10:40:54Z
bc2b42ad4e523efd4e11bab2,2026-09-03T14:02-05:00,2026-09-03T19:02:00Z,2026-09-03,8.20524,-72.55408,VIIRS-Suomi-NPP,Suomi-NPP,VIIRS,62.7,16.5,3.2,Nominal,D,0.41,0.61,true,false,Puntos_de_calor_Colombia_2026-09-03.csv,2026-09-05T10:40:54Z
c171726edd99cd098b8331bc,2026-09-03T14:02-05:00,2026-09-03T19:02:00Z,2026-09-03,8.66649,-76.46915,VIIRS-Suomi-NPP,Suomi-NPP,VIIRS,60.3,16.2,3.3,Nominal,D,0.46,0.47,true,false,Puntos_de_calor_Colombia_2026-09-03.csv,2026-09-05T10:40:54Z
c802bcc9486ec1514e4e9d96,2026-09-03T14:02-05:00,2026-09-03T19:02:00Z,2026-09-03,11.36824,-72.73401,VIIRS-Suomi-NPP,Suomi-NPP,VIIRS,61.9,20.3,4,Nominal,D,0.44,0.63,true,false,Puntos_de_calor_Colombia_2026-09-03.csv,2026-09-05T10:40:54Z
cbc7ccf6397374d7906a10ba,2026-09-03T14:02-05:00,2026-09-03T19:02:00Z,2026-09-03,9.2803,-73.79204,VIIRS-Suomi-NPP,Suomi-NPP,VIIRS,63.3,20.5,2.4,Nominal,D,0.35,0.57,true,false,Puntos_de_calor_Colombia_2026-09-03.csv,2026-09-05T10:40:54Z
d0bf0ba82d826165bd62dd9e,2026-09-03T14:02-05:00,2026-09-03T19:02:00Z,2026-09-03,8.9798,-73.96261,VIIRS-Suomi-NPP,Suomi-NPP,VIIRS,63.6,22.5,4.7,Nominal,D,0.34,0.56,true,false,Puntos_de_calor_Colombia_2026-09-03.csv,2026-09-05T10:40:54Z
d49de98856ac8a7cded6bbee,2026-09-03T14:02-05:00,2026-09-03T19:02:00Z,2026-09-03,8.21007,-72.45628,VIIRS-Suomi-NPP,Suomi-NPP,VIIRS,68.2,16,4.5,Nominal,D,0.42,0.61,true,false,Puntos_de_calor_Colombia_2026-09-03.csv,2026-09-05T10:40:54Z
d70184674457cb1e6a1b157d,2026-09-03T14:02-05:00,2026-09-03T19:02:00Z,2026-09-03,11.36776,-72.73813,VIIRS-Suomi-NPP,Suomi-NPP,VIIRS,59.7,19.9,4,Nominal,D,0.44,0.63,true,false,Puntos_de_calor_Colombia_2026-09-03.csv,2026-09-05T10:40:54Z
e787a62fefecbca89c62917f,2026-09-03T14:02-05:00,2026-09-03T19:02:00Z,2026-09-03,10.86248,-72.83186,VIIRS-Suomi-NPP,Suomi-NPP,VIIRS,62.4,17.2,3.8,Nominal,D,0.43,0.62,true,false,Puntos_de_calor_Colombia_2026-09-03.csv,2026-09-05T10:40:54Z
e8739dba17c5173dee2705af,2026-09-03T14:02-05:00,2026-09-03T19:02:00Z,2026-09-03,8.30902,-72.46539,VIIRS-Suomi-NPP,Suomi-NPP,VIIRS,55.9,14.4,1.7,Nominal,D,0.42,0.61,true,false,Puntos_de_calor_Colombia_2026-09-03.csv,2026-09-05T10:40:54Z
ed0ce5cad21d0714b4dad4f2,2026-09-03T14:02-05:00,2026-09-03T19:02:00Z,2026-09-03,8.8164,-72.81768,VIIRS-Suomi-NPP,Suomi-NPP,VIIRS,62.3,16.2,3.1,Nominal,D,0.4,0.6,true,false,Puntos_de_calor_Colombia_2026-09-03.csv,2026-09-05T10:40:54Z
f09deb750739850ad42877b3,2026-09-03T14:02-05:00,2026-09-03T19:02:00Z,2026-09-03,9.28557,-73.79272,VIIRS-Suomi-NPP,Suomi-NPP,VIIRS,93.9,20.3,7,Alta,D,0.35,0.57,true,false,Puntos_de_calor_Colombia_2026-09-03.csv,2026-09-05T10:40:54Z
443431cf01300fabd48b5be3,2026-09-03T14:19-05:00,2026-09-03T19:19:00Z,2026-09-03,5.67476,-74.54747,VIIRS-NOAA-20,NOAA-20,VIIRS,79,11.3,13.5,Nominal,D,0.77,0.78,true,true,Puntos_de_calor_Colombia_2026-09-03.csv,2026-09-05T10:40:54Z
863bca29858c78bee3ecef74,2026-09-03T16:01-05:00,2026-09-03T21:01:00Z,2026-09-03,2.33976,-77.22619,MODIS-Aqua,Aqua,MODIS,55.7,7.1,47.3,85 %,D,1.49,1.2,true,true,Puntos_de_calor_Colombia_2026-09-03.csv,2026-09-05T10:40:54Z
29b3c5f2e05b27b5993344e0,2026-09-04T00:55-05:00,2026-09-04T05:55:00Z,2026-09-04,9.71962,-73.52263,VIIRS-Suomi-NPP,Suomi-NPP,VIIRS,28.8,11.2,1,Nominal,N,0.43,0.62,true,false,Puntos_de_calor_Colombia_2026-09-04.csv,2026-09-05T10:40:54Z
84d0dbc33df905b2eac8abb7,2026-09-04T00:55-05:00,2026-09-04T05:55:00Z,2026-09-04,9.74522,-73.50082,VIIRS-Suomi-NPP,Suomi-NPP,VIIRS,32.2,11.8,1.4,Nominal,N,0.43,0.62,true,false,Puntos_de_calor_Colombia_2026-09-04.csv,2026-09-05T10:40:54Z
a2c2f86f0d6ffae35426c455,2026-09-04T00:55-05:00,2026-09-04T05:55:00Z,2026-09-04,10.32019,-75.49072,VIIRS-Suomi-NPP,Suomi-NPP,VIIRS,30.2,14,1.6,Nominal,N,0.59,0.7,true,false,Puntos_de_calor_Colombia_2026-09-04.csv,2026-09-05T10:40:54Z
b9a18835b87999637ca2ec92,2026-09-04T00:55-05:00,2026-09-04T05:55:00Z,2026-09-04,9.72439,-73.51984,VIIRS-Suomi-NPP,Suomi-NPP,VIIRS,30.8,11.7,1.1,Nominal,N,0.43,0.62,true,false,Puntos_de_calor_Colombia_2026-09-04.csv,2026-09-05T10:40:54Z
bea22239c5d0458c5e807970,2026-09-04T00:55-05:00,2026-09-04T05:55:00Z,2026-09-04,10.89273,-74.67883,VIIRS-Suomi-NPP,Suomi-NPP,VIIRS,37,15.7,1.5,Nominal,N,0.53,0.67,true,false,Puntos_de_calor_Colombia_2026-09-04.csv,2026-09-05T10:40:54Z
f473d91464837a4420e982c7,2026-09-04T00:55-05:00,2026-09-04T05:55:00Z,2026-09-04,10.3192,-75.48975,VIIRS-Suomi-NPP,Suomi-NPP,VIIRS,30.6,13.8,2.5,Nominal,N,0.59,0.7,true,false,Puntos_de_calor_Colombia_2026-09-04.csv,2026-09-05T10:40:54Z
010180dc6e678b770be30766,2026-09-04T00:57-05:00,2026-09-04T05:57:00Z,2026-09-04,5.24882,-69.31845,VIIRS-Suomi-NPP,Suomi-NPP,VIIRS,45.8,4.8,,Nominal,N,0.39,0.44,true,false,Puntos_de_calor_Colombia_2026-09-04.csv,2026-09-05T10:40:54Z
0b43b873754f4c83ef5be448,2026-09-04T00:57-05:00,2026-09-04T05:57:00Z,2026-09-04,5.24076,-69.81239,VIIRS-Suomi-NPP,Suomi-NPP,VIIRS,36.9,-3.9,1.4,Nominal,N,0.42,0.45,true,false,Puntos_de_calor_Colombia_2026-09-04.csv,2026-09-05T10:40:54Z
0b864bdba6c88b160c316bd4,2026-09-04T00:57-05:00,2026-09-04T05:57:00Z,2026-09-04,2.24425,-76.71952,VIIRS-Suomi-NPP,Suomi-NPP,VIIRS,36.4,-9.3,3.2,Nominal,N,0.56,0.68,true,false,Puntos_de_calor_Colombia_2026-09-04.csv,2026-09-05T10:40:54Z
47a87ac6079487d941c949ee,2026-09-04T00:57-05:00,2026-09-04T05:57:00Z,2026-09-04,2.33911,-77.22179,VIIRS-Suomi-NPP,Suomi-NPP,VIIRS,28.6,7.3,3.6,Nominal,N,0.6,0.71,true,false,Puntos_de_calor_Colombia_2026-09-04.csv,2026-09-05T10:40:54Z
5dae0f00d3bbf28d0c74802b,2026-09-04T00:57-05:00,2026-09-04T05:57:00Z,2026-09-04,5.7869,-69.20554,VIIRS-Suomi-NPP,Suomi-NPP,VIIRS,38.8,11.7,1.1,Nominal,N,0.39,0.44,true,false,Puntos_de_calor_Colombia_2026-09-04.csv,2026-09-05T10:40:54Z
5e0f0de1090badfcdc9c8f8e,2026-09-04T00:57-05:00,2026-09-04T05:57:00Z,2026-09-04,2.24144,-76.71765,VIIRS-Suomi-NPP,Suomi-NPP,VIIRS,51.3,-8.6,4.7,Nominal,N,0.55,0.68,true,false,Puntos_de_calor_Colombia_2026-09-04.csv,2026-09-05T10:40:54Z
74921aa0bfc31696e2da94fa,2026-09-04T00:57-05:00,2026-09-04T05:57:00Z,2026-09-04,2.34058,-77.23165,VIIRS-Suomi-NPP,Suomi-NPP,VIIRS,51.4,8.1,6.2,Nominal,N,0.6,0.71,true,false,Puntos_de_calor_Colombia_2026-09-04.csv,2026-09-05T10:40:54Z
759bb06f6bf048fc49715dc6,2026-09-04T00:57-05:00,2026-09-04T05:57:00Z,2026-09-04,5.46633,-69.30431,VIIRS-Suomi-NPP,Suomi-NPP,VIIRS,25.6,1.2,,Nominal,N,0.39,0.44,true,false,Puntos_de_calor_Colombia_2026-09-04.csv,2026-09-05T10:40:54Z
8e112f655ca0482eae8d0c01,2026-09-04T00:57-05:00,2026-09-04T05:57:00Z,2026-09-04,5.4658,-69.30077,VIIRS-Suomi-NPP,Suomi-NPP,VIIRS,29.4,3,,Nominal,N,0.39,0.44,true,false,Puntos_de_calor_Colombia_2026-09-04.csv,2026-09-05T10:40:54Z
ab110cbd7cd6cc777c04ee72,2026-09-04T00:57-05:00,2026-09-04T05:57:00Z,2026-09-04,2.24365,-76.71554,VIIRS-Suomi-NPP,Suomi-NPP,VIIRS,31.6,-8.9,2,Nominal,N,0.55,0.68,true,false,Puntos_de_calor_Colombia_2026-09-04.csv,2026-09-05T10:40:54Z
c67e64ce8c73b19c9732abd1,2026-09-04T00:57-05:00,2026-09-04T05:57:00Z,2026-09-04,2.34596,-77.22281,VIIRS-Suomi-NPP,Suomi-NPP,VIIRS,46.2,9,6.5,Nominal,N,0.6,0.71,true,false,Puntos_de_calor_Colombia_2026-09-04.csv,2026-09-05T10:40:54Z
d7c5c06b4c9b9874df387419,2026-09-04T00:57-05:00,2026-09-04T05:57:00Z,2026-09-04,2.34694,-77.22933,VIIRS-Suomi-NPP,Suomi-NPP,VIIRS,61.5,9.3,10.1,Nominal,N,0.6,0.71,true,false,Puntos_de_calor_Colombia_2026-09-04.csv,2026-09-05T10:40:54Z
d882930a726bbae5b727220f,2026-09-04T00:57-05:00,2026-09-04T05:57:00Z,2026-09-04,5.23659,-69.81301,VIIRS-Suomi-NPP,Suomi-NPP,VIIRS,27.3,-9.4,,Nominal,N,0.42,0.45,true,false,Puntos_de_calor_Colombia_2026-09-04.csv,2026-09-05T10:40:54Z
f5277e1629ab1bb9742f6a54,2026-09-04T00:57-05:00,2026-09-04T05:57:00Z,2026-09-04,5.24134,-69.81617,VIIRS-Suomi-NPP,Suomi-NPP,VIIRS,41.7,-5.4,1.4,Nominal,N,0.42,0.45,true,false,Puntos_de_calor_Colombia_2026-09-04.csv,2026-09-05T10:40:54Z
0ac7c2e8e3f54cdbf9cf0b72,2026-09-04T01:16-05:00,2026-09-04T06:16:00Z,2026-09-04,9.25117,-73.43068,VIIRS-NOAA-20,NOAA-20,VIIRS,27.7,6.8,1.1,Nominal,N,0.48,0.4,true,true,Puntos_de_calor_Colombia_2026-09-04.csv,2026-09-05T10:40:54Z
308b4712c05706800110960f,2026-09-04T01:16-05:00,2026-09-04T06:16:00Z,2026-09-04,5.46635,-69.30408,VIIRS-NOAA-20,NOAA-20,VIIRS,32.6,5.8,1.1,Nominal,N,0.4,0.37,true,true,Puntos_de_calor_Colombia_2026-09-04.csv,2026-09-05T10:40:54Z
34e5610faf6b9f3f64fb87db,2026-09-04T01:16-05:00,2026-09-04T06:16:00Z,2026-09-04,5.24278,-69.81592,VIIRS-NOAA-20,NOAA-20,VIIRS,64.2,11.6,3.8,Nominal,N,0.39,0.36,true,true,Puntos_de_calor_Colombia_2026-09-04.csv,2026-09-05T10:40:54Z
6b494d2e2c9909741b087b43,2026-09-04T01:16-05:00,2026-09-04T06:16:00Z,2026-09-04,5.77689,-72.88013,VIIRS-NOAA-20,NOAA-20,VIIRS,26.6,-10.7,1,Nominal,N,0.42,0.38,true,true,Puntos_de_calor_Colombia_2026-09-04.csv,2026-09-05T10:40:54Z
75c6a0053f307a7596dcf403,2026-09-04T01:16-05:00,2026-09-04T06:16:00Z,2026-09-04,10.89584,-74.68053,VIIRS-NOAA-20,NOAA-20,VIIRS,65,20.1,5.5,Nominal,N,0.4,0.44,true,true,Puntos_de_calor_Colombia_2026-09-04.csv,2026-09-05T10:40:54Z
8c8fee9c9d07fe8e95fc6a06,2026-09-04T01:16-05:00,2026-09-04T06:16:00Z,2026-09-04,5.46577,-69.3005,VIIRS-NOAA-20,NOAA-20,VIIRS,38.1,7.8,1.4,Nominal,N,0.4,0.37,true,true,Puntos_de_calor_Colombia_2026-09-04.csv,2026-09-05T10:40:54Z
b963c07eebae58e3da038d1c,2026-09-04T01:16-05:00,2026-09-04T06:16:00Z,2026-09-04,10.89532,-74.67693,VIIRS-NOAA-20,NOAA-20,VIIRS,35.4,19.7,4.1,Nominal,N,0.4,0.44,true,true,Puntos_de_calor_Colombia_2026-09-04.csv,2026-09-05T10:40:54Z
cefde88ce640610f5c45086a,2026-09-04T01:16-05:00,2026-09-04T06:16:00Z,2026-09-04,5.23167,-69.81049,VIIRS-NOAA-20,NOAA-20,VIIRS,44.5,12.7,1.5,Nominal,N,0.39,0.36,true,true,Puntos_de_calor_Colombia_2026-09-04.csv,2026-09-05T10:40:54Z
dfd3b636d246d33d3f3b0860,2026-09-04T01:16-05:00,2026-09-04T06:16:00Z,2026-09-04,9.74393,-73.50261,VIIRS-NOAA-20,NOAA-20,VIIRS,27.6,9.9,1.1,Nominal,N,0.49,0.4,true,true,Puntos_de_calor_Colombia_2026-09-04.csv,2026-09-05T10:40:54Z
dfdf1cda0fb124aeae6ea2c4,2026-09-04T01:16-05:00,2026-09-04T06:16:00Z,2026-09-04,9.25485,-73.43018,VIIRS-NOAA-20,NOAA-20,VIIRS,26.5,5.5,1.3,Nominal,N,0.48,0.4,true,true,Puntos_de_calor_Colombia_2026-09-04.csv,2026-09-05T10:40:54Z
ec74ab01102ee7eba60e47c6,2026-09-04T01:16-05:00,2026-09-04T06:16:00Z,2026-09-04,11.26581,-74.18759,VIIRS-NOAA-20,NOAA-20,VIIRS,36.4,21.7,8.7,Nominal,N,0.56,0.43,true,true,Puntos_de_calor_Colombia_2026-09-04.csv,2026-09-05T10:40:54Z
f8971ecad0b6fed8f1fe66e9,2026-09-04T01:16-05:00,2026-09-04T06:16:00Z,2026-09-04,5.24783,-69.31984,VIIRS-NOAA-20,NOAA-20,VIIRS,31.3,3.1,,Nominal,N,0.4,0.37,true,true,Puntos_de_calor_Colombia_2026-09-04.csv,2026-09-05T10:40:54Z
3b638f4bc1da124142a18639,2026-09-04T01:18-05:00,2026-09-04T06:18:00Z,2026-09-04,2.34727,-77.22361,VIIRS-NOAA-20,NOAA-20,VIIRS,49.5,9.5,9.7,Nominal,N,0.44,0.46,true,true,Puntos_de_calor_Colombia_2026-09-04.csv,2026-09-05T10:40:54Z
4526d6e270fc1f3b2d816774,2026-09-04T01:18-05:00,2026-09-04T06:18:00Z,2026-09-04,2.34365,-77.22839,VIIRS-NOAA-20,NOAA-20,VIIRS,27.7,8.4,9.7,Nominal,N,0.44,0.46,true,true,Puntos_de_calor_Colombia_2026-09-04.csv,2026-09-05T10:40:54Z
5561eb8db75947d07e2ecff9,2026-09-04T01:18-05:00,2026-09-04T06:18:00Z,2026-09-04,2.34374,-77.22781,VIIRS-NOAA-20,NOAA-20,VIIRS,32.4,8.7,14.9,Nominal,N,0.44,0.46,true,true,Puntos_de_calor_Colombia_2026-09-04.csv,2026-09-05T10:40:54Z
5b65c5f0e06b8fc139c48461,2026-09-04T01:18-05:00,2026-09-04T06:18:00Z,2026-09-04,2.28479,-76.78114,VIIRS-NOAA-20,NOAA-20,VIIRS,56.8,10.2,2.8,Nominal,N,0.41,0.45,true,true,Puntos_de_calor_Colombia_2026-09-04.csv,2026-09-05T10:40:54Z
65d83f2f4d6086ee612a2c80,2026-09-04T01:18-05:00,2026-09-04T06:18:00Z,2026-09-04,3.97994,-76.32788,VIIRS-NOAA-20,NOAA-20,VIIRS,35.7,-0.7,1.8,Nominal,N,0.41,0.45,true,true,Puntos_de_calor_Colombia_2026-09-04.csv,2026-09-05T10:40:54Z
75e0caced9b009d6dfd93ee7,2026-09-04T01:18-05:00,2026-09-04T06:18:00Z,2026-09-04,2.28594,-76.78876,VIIRS-NOAA-20,NOAA-20,VIIRS,38.9,11,1.5,Nominal,N,0.41,0.45,true,true,Puntos_de_calor_Colombia_2026-09-04.csv,2026-09-05T10:40:54Z
79ae24cca0417f4eb0dadb09,2026-09-04T01:18-05:00,2026-09-04T06:18:00Z,2026-09-04,2.343,-77.22401,VIIRS-NOAA-20,NOAA-20,VIIRS,76.1,18.1,9.7,Nominal,N,0.44,0.46,true,true,Puntos_de_calor_Colombia_2026-09-04.csv,2026-09-05T10:40:54Z
8564baad11ae23175c608f33,2026-09-04T01:18-05:00,2026-09-04T06:18:00Z,2026-09-04,3.56359,-76.4906,VIIRS-NOAA-20,NOAA-20,VIIRS,30.9,9.9,1.7,Nominal,N,0.41,0.45,true,true,Puntos_de_calor_Colombia_2026-09-04.csv,2026-09-05T10:40:54Z
c5d460ba708a6e7442b61887,2026-09-04T01:18-05:00,2026-09-04T06:18:00Z,2026-09-04,2.28182,-76.78927,VIIRS-NOAA-20,NOAA-20,VIIRS,32,10.3,,Nominal,N,0.41,0.45,true,true,Puntos_de_calor_Colombia_2026-09-04.csv,2026-09-05T10:40:54Z
c9351409bfe7f65a488ddddd,2026-09-04T01:18-05:00,2026-09-04T06:18:00Z,2026-09-04,2.34306,-77.22348,VIIRS-NOAA-20,NOAA-20,VIIRS,76,18.1,14.9,Nominal,N,0.44,0.46,true,true,Puntos_de_calor_Colombia_2026-09-04.csv,2026-09-05T10:40:54Z
c9398cf132b4433167641091,2026-09-04T01:18-05:00,2026-09-04T06:18:00Z,2026-09-04,2.28536,-76.78493,VIIRS-NOAA-20,NOAA-20,VIIRS,36.9,9.7,2.8,Nominal,N,0.41,0.45,true,true,Puntos_de_calor_Colombia_2026-09-04.csv,2026-09-05T10:40:54Z
df8a19d5bd9c41696f933d51,2026-09-04T01:18-05:00,2026-09-04T06:18:00Z,2026-09-04,2.36536,-77.14286,VIIRS-NOAA-20,NOAA-20,VIIRS,29.1,7.6,,Nominal,N,0.43,0.46,true,true,Puntos_de_calor_Colombia_2026-09-04.csv,2026-09-05T10:40:54Z
4d0c7de2281ada95764d9a5d,2026-09-04T01:59-05:00,2026-09-04T06:59:00Z,2026-09-04,10.89246,-74.67714,VIIRS-NOAA-21,NOAA-21,VIIRS,34.8,18.4,1.9,Nominal,N,0.56,0.52,true,true,Puntos_de_calor_Colombia_2026-09-04.csv,2026-09-05T10:40:54Z
5d9e6ace483d7b831f48c912,2026-09-04T01:59-05:00,2026-09-04T06:59:00Z,2026-09-04,10.89531,-74.67744,VIIRS-NOAA-21,NOAA-21,VIIRS,39.5,18.4,1.4,Nominal,N,0.56,0.52,true,true,Puntos_de_calor_Colombia_2026-09-04.csv,2026-09-05T10:40:54Z
a23ec5af67dcc0fe35a88f5b,2026-09-04T01:59-05:00,2026-09-04T06:59:00Z,2026-09-04,9.76113,-73.4761,VIIRS-NOAA-21,NOAA-21,VIIRS,52.8,15.8,4.2,Nominal,N,0.36,0.57,true,true,Puntos_de_calor_Colombia_2026-09-04.csv,2026-09-05T10:40:54Z
106692c265408718c6c969a2,2026-09-04T02:01-05:00,2026-09-04T07:01:00Z,2026-09-04,2.3464,-77.22369,VIIRS-NOAA-21,NOAA-21,VIIRS,36.3,12.9,2,Nominal,N,0.52,0.5,true,true,Puntos_de_calor_Colombia_2026-09-04.csv,2026-09-05T10:40:54Z
138ba36c292b932c63ca6f0a,2026-09-04T02:01-05:00,2026-09-04T07:01:00Z,2026-09-04,5.76369,-72.93242,VIIRS-NOAA-21,NOAA-21,VIIRS,23.9,2.1,1.2,Nominal,N,0.46,0.63,true,true,Puntos_de_calor_Colombia_2026-09-04.csv,2026-09-05T10:40:54Z
1d10611dcf0688881a9b7ae5,2026-09-04T02:01-05:00,2026-09-04T07:01:00Z,2026-09-04,7.89437,-72.59393,VIIRS-NOAA-21,NOAA-21,VIIRS,28.6,10.5,,Nominal,N,0.44,0.63,true,true,Puntos_de_calor_Colombia_2026-09-04.csv,2026-09-05T10:40:54Z
1f287390be4cb038ab885ff9,2026-09-04T02:01-05:00,2026-09-04T07:01:00Z,2026-09-04,2.27975,-76.78606,VIIRS-NOAA-21,NOAA-21,VIIRS,27.9,12.2,,Nominal,N,0.56,0.52,true,true,Puntos_de_calor_Colombia_2026-09-04.csv,2026-09-05T10:40:54Z
208d9efc4fabe6e2db2f2f16,2026-09-04T02:01-05:00,2026-09-04T07:01:00Z,2026-09-04,2.21487,-76.69344,VIIRS-NOAA-21,NOAA-21,VIIRS,22.7,9.9,1.5,Nominal,N,0.57,0.52,true,true,Puntos_de_calor_Colombia_2026-09-04.csv,2026-09-05T10:40:54Z
414d57f20b9dfd6367ba56bc,2026-09-04T02:01-05:00,2026-09-04T07:01:00Z,2026-09-04,2.3457,-77.21942,VIIRS-NOAA-21,NOAA-21,VIIRS,28.7,12.6,2.1,Nominal,N,0.52,0.5,true,true,Puntos_de_calor_Colombia_2026-09-04.csv,2026-09-05T10:40:54Z
4ea726c2940ce295fbc90fd1,2026-09-04T02:01-05:00,2026-09-04T07:01:00Z,2026-09-04,5.77161,-72.87576,VIIRS-NOAA-21,NOAA-21,VIIRS,24.4,2.8,1.9,Nominal,N,0.46,0.64,true,true,Puntos_de_calor_Colombia_2026-09-04.csv,2026-09-05T10:40:54Z
74fd8d91bacc5d9e5d4cf851,2026-09-04T02:01-05:00,2026-09-04T07:01:00Z,2026-09-04,2.32837,-77.08455,VIIRS-NOAA-21,NOAA-21,VIIRS,29.5,8,,Nominal,N,0.54,0.51,true,true,Puntos_de_calor_Colombia_2026-09-04.csv,2026-09-05T10:40:54Z
7982206054c220262bc77add,2026-09-04T02:01-05:00,2026-09-04T07:01:00Z,2026-09-04,5.77233,-72.87988,VIIRS-NOAA-21,NOAA-21,VIIRS,22.6,1.8,1.8,Nominal,N,0.46,0.64,true,true,Puntos_de_calor_Colombia_2026-09-04.csv,2026-09-05T10:40:54Z
d22562735661433dd3fa3042,2026-09-04T02:01-05:00,2026-09-04T07:01:00Z,2026-09-04,2.34188,-77.22468,VIIRS-NOAA-21,NOAA-21,VIIRS,48.3,12.6,6.4,Nominal,N,0.52,0.5,true,true,Puntos_de_calor_Colombia_2026-09-04.csv,2026-09-05T10:40:54Z
d2b6e7b02477df88bbebbfa1,2026-09-04T02:01-05:00,2026-09-04T07:01:00Z,2026-09-04,2.28439,-76.78494,VIIRS-NOAA-21,NOAA-21,VIIRS,45.5,13,4.5,Nominal,N,0.56,0.52,true,true,Puntos_de_calor_Colombia_2026-09-04.csv,2026-09-05T10:40:54Z
d7b327069c342080f9703f6a,2026-09-04T02:01-05:00,2026-09-04T07:01:00Z,2026-09-04,2.28362,-76.78022,VIIRS-NOAA-21,NOAA-21,VIIRS,46.8,13.4,4.5,Nominal,N,0.56,0.52,true,true,Puntos_de_calor_Colombia_2026-09-04.csv,2026-09-05T10:40:54Z
e82e7733fceb89ab38f3284c,2026-09-04T02:01-05:00,2026-09-04T07:01:00Z,2026-09-04,2.34123,-77.2207,VIIRS-NOAA-21,NOAA-21,VIIRS,93.9,15.8,21,Alta,N,0.52,0.5,true,true,Puntos_de_calor_Colombia_2026-09-04.csv,2026-09-05T10:40:54Z
ec669fc9b7a4db2374768e1c,2026-09-04T02:01-05:00,2026-09-04T07:01:00Z,2026-09-04,2.08137,-76.95538,VIIRS-NOAA-21,NOAA-21,VIIRS,57.7,16.4,7.1,Nominal,N,0.55,0.51,true,true,Puntos_de_calor_Colombia_2026-09-04.csv,2026-09-05T10:40:54Z
1e79b811042bce4f19e6ceea,2026-09-04T02:03-05:00,2026-09-04T07:03:00Z,2026-09-04,1.07773,-77.91577,VIIRS-NOAA-21,NOAA-21,VIIRS,23.7,9.3,,Nominal,N,0.49,0.49,true,true,Puntos_de_calor_Colombia_2026-09-04.csv,2026-09-05T10:40:54Z
884c74c52fe1ce744344edb2,2026-09-04T02:35-05:00,2026-09-04T07:35:00Z,2026-09-04,10.89379,-74.6779,VIIRS-Suomi-NPP,Suomi-NPP,VIIRS,30.1,13.7,,Nominal,N,0.72,0.76,true,false,Puntos_de_calor_Colombia_2026-09-04.csv,2026-09-05T10:40:54Z
6d491377d67bb72dbc699653,2026-09-04T02:37-05:00,2026-09-04T07:37:00Z,2026-09-04,2.28467,-76.78302,VIIRS-Suomi-NPP,Suomi-NPP,VIIRS,46.5,9,4.5,Nominal,N,0.74,0.76,true,false,Puntos_de_calor_Colombia_2026-09-04.csv,2026-09-05T10:40:54Z
2c7aa613d9964ffbd52473e0,2026-09-04T12:20-05:00,2026-09-04T17:20:00Z,2026-09-04,4.24282,-71.12915,VIIRS-NOAA-20,NOAA-20,VIIRS,56.1,9,4.1,Nominal,D,0.72,0.76,true,true,Puntos_de_calor_Colombia_2026-09-04.csv,2026-09-05T10:40:54Z
b7a8edfc5a6c818a1f54380d,2026-09-04T12:20-05:00,2026-09-04T17:20:00Z,2026-09-04,6.21661,-67.83238,VIIRS-NOAA-20,NOAA-20,VIIRS,69.6,11.2,4.6,Nominal,D,0.39,0.6,true,true,Puntos_de_calor_Colombia_2026-09-04.csv,2026-09-05T10:40:54Z
029ef90b784b11e6134e627e,2026-09-04T12:22-05:00,2026-09-04T17:22:00Z,2026-09-04,8.19839,-72.46455,VIIRS-NOAA-20,NOAA-20,VIIRS,74.1,13.7,18.5,Nominal,D,0.76,0.77,true,true,Puntos_de_calor_Colombia_2026-09-04.csv,2026-09-05T10:40:54Z
233bd162d532c7d933f20da7,2026-09-04T12:22-05:00,2026-09-04T17:22:00Z,2026-09-04,11.33369,-72.24717,VIIRS-NOAA-20,NOAA-20,VIIRS,77.7,17.7,11,Nominal,D,0.64,0.72,true,true,Puntos_de_calor_Colombia_2026-09-04.csv,2026-09-05T10:40:54Z
557c2b26a87a64bc2a72bd7c,2026-09-04T12:22-05:00,2026-09-04T17:22:00Z,2026-09-04,11.32893,-72.24271,VIIRS-NOAA-20,NOAA-20,VIIRS,63,17.2,2.8,Nominal,D,0.64,0.72,true,true,Puntos_de_calor_Colombia_2026-09-04.csv,2026-09-05T10:40:54Z
63e443be05399dc5072bd86a,2026-09-04T12:22-05:00,2026-09-04T17:22:00Z,2026-09-04,8.19399,-72.45912,VIIRS-NOAA-20,NOAA-20,VIIRS,77.4,13.5,15.3,Nominal,D,0.76,0.77,true,true,Puntos_de_calor_Colombia_2026-09-04.csv,2026-09-05T10:40:54Z
8ea8d43adcadba1c4cb1969a,2026-09-04T12:22-05:00,2026-09-04T17:22:00Z,2026-09-04,11.33545,-72.24409,VIIRS-NOAA-20,NOAA-20,VIIRS,82.7,19,10.8,Nominal,D,0.64,0.72,true,true,Puntos_de_calor_Colombia_2026-09-04.csv,2026-09-05T10:40:54Z
a59340485fff91bee27b697f,2026-09-04T12:22-05:00,2026-09-04T17:22:00Z,2026-09-04,11.33486,-72.24147,VIIRS-NOAA-20,NOAA-20,VIIRS,72.7,18.7,11,Nominal,D,0.64,0.72,true,true,Puntos_de_calor_Colombia_2026-09-04.csv,2026-09-05T10:40:54Z
0c9af364d12bc526bc3a90a9,2026-09-04T13:04-05:00,2026-09-04T18:04:00Z,2026-09-04,4.2091,-71.10126,VIIRS-NOAA-21,NOAA-21,VIIRS,74.2,25.1,9.3,Nominal,D,0.39,0.36,true,true,Puntos_de_calor_Colombia_2026-09-04.csv,2026-09-05T10:40:54Z
0cbc0d1985085f02047d7b7c,2026-09-04T13:04-05:00,2026-09-04T18:04:00Z,2026-09-04,1.56891,-75.0541,VIIRS-NOAA-21,NOAA-21,VIIRS,64.2,20.3,4.2,Nominal,D,0.4,0.44,true,true,Puntos_de_calor_Colombia_2026-09-04.csv,2026-09-05T10:40:54Z
1629cde1650d0fb130682290,2026-09-04T13:04-05:00,2026-09-04T18:04:00Z,2026-09-04,5.34912,-69.41428,VIIRS-NOAA-21,NOAA-21,VIIRS,73.8,24.2,10.1,Nominal,D,0.4,0.37,true,true,Puntos_de_calor_Colombia_2026-09-04.csv,2026-09-05T10:40:54Z
185e02507c6e4f38e31b1b4b,2026-09-04T13:04-05:00,2026-09-04T18:04:00Z,2026-09-04,2.29456,-76.86114,VIIRS-NOAA-21,NOAA-21,VIIRS,76.7,30.4,15.3,Nominal,D,0.52,0.5,true,true,Puntos_de_calor_Colombia_2026-09-04.csv,2026-09-05T10:40:54Z
1a80b9e7db4340accf395e6b,2026-09-04T13:04-05:00,2026-09-04T18:04:00Z,2026-09-04,2.29916,-76.86139,VIIRS-NOAA-21,NOAA-21,VIIRS,78.2,36.4,15.3,Nominal,D,0.52,0.5,true,true,Puntos_de_calor_Colombia_2026-09-04.csv,2026-09-05T10:40:54Z
1b57e5800f3b9ee352547c09,2026-09-04T13:04-05:00,2026-09-04T18:04:00Z,2026-09-04,5.2463,-69.32964,VIIRS-NOAA-21,NOAA-21,VIIRS,61.9,23.5,5.2,Nominal,D,0.4,0.37,true,true,Puntos_de_calor_Colombia_2026-09-04.csv,2026-09-05T10:40:54Z
21cb552458861699269f7e38,2026-09-04T13:04-05:00,2026-09-04T18:04:00Z,2026-09-04,4.69113,-74.62819,VIIRS-NOAA-21,NOAA-21,VIIRS,57,19.8,4.4,Nominal,D,0.51,0.41,true,true,Puntos_de_calor_Colombia_2026-09-04.csv,2026-09-05T10:40:54Z
22aa921de99b5af1a455fb88,2026-09-04T13:04-05:00,2026-09-04T18:04:00Z,2026-09-04,4.03081,-71.39984,VIIRS-NOAA-21,NOAA-21,VIIRS,59.4,23.2,12.7,Baja,D,0.39,0.36,true,true,Puntos_de_calor_Colombia_2026-09-04.csv,2026-09-05T10:40:54Z
36465e15c85abc26880a231b,2026-09-04T13:04-05:00,2026-09-04T18:04:00Z,2026-09-04,3.24667,-76.47522,VIIRS-NOAA-21,NOAA-21,VIIRS,68.5,17.9,7.8,Nominal,D,0.47,0.48,true,true,Puntos_de_calor_Colombia_2026-09-04.csv,2026-09-05T10:40:54Z
36ae335e722993e8307a80f8,2026-09-04T13:04-05:00,2026-09-04T18:04:00Z,2026-09-04,3.68669,-75.15839,VIIRS-NOAA-21,NOAA-21,VIIRS,66.6,25.8,8.8,Nominal,D,0.57,0.43,true,true,Puntos_de_calor_Colombia_2026-09-04.csv,2026-09-05T10:40:54Z
36ce0608a1a23a882d1eda02,2026-09-04T13:04-05:00,2026-09-04T18:04:00Z,2026-09-04,3.70601,-74.76247,VIIRS-NOAA-21,NOAA-21,VIIRS,68,22.2,9.3,Nominal,D,0.54,0.42,true,true,Puntos_de_calor_Colombia_2026-09-04.csv,2026-09-05T10:40:54Z
3851ddae0a27bf965f4e09a8,2026-09-04T13:04-05:00,2026-09-04T18:04:00Z,2026-09-04,2.31892,-76.7674,VIIRS-NOAA-21,NOAA-21,VIIRS,69.3,26.4,16.4,Nominal,D,0.51,0.49,true,true,Puntos_de_calor_Colombia_2026-09-04.csv,2026-09-05T10:40:54Z
3de6773c6f6812a7df80c1dc,2026-09-04T13:04-05:00,2026-09-04T18:04:00Z,2026-09-04,2.31428,-76.76762,VIIRS-NOAA-21,NOAA-21,VIIRS,61.1,24.8,5,Nominal,D,0.51,0.49,true,true,Puntos_de_calor_Colombia_2026-09-04.csv,2026-09-05T10:40:54Z
3e76b55bdc57afa683488feb,2026-09-04T13:04-05:00,2026-09-04T18:04:00Z,2026-09-04,5.34349,-69.40614,VIIRS-NOAA-21,NOAA-21,VIIRS,61.9,20.3,3.1,Nominal,D,0.4,0.37,true,true,Puntos_de_calor_Colombia_2026-09-04.csv,2026-09-05T10:40:54Z
3e772a440c5ddbea1a111a78,2026-09-04T13:04-05:00,2026-09-04T18:04:00Z,2026-09-04,2.32422,-76.76307,VIIRS-NOAA-21,NOAA-21,VIIRS,70.3,25,33.6,Nominal,D,0.51,0.49,true,true,Puntos_de_calor_Colombia_2026-09-04.csv,2026-09-05T10:40:54Z
4551b30a539b82759a8a688d,2026-09-04T13:04-05:00,2026-09-04T18:04:00Z,2026-09-04,2.56738,-76.62675,VIIRS-NOAA-21,NOAA-21,VIIRS,66.4,15.7,7,Nominal,D,0.49,0.49,true,true,Puntos_de_calor_Colombia_2026-09-04.csv,2026-09-05T10:40:54Z
4e4feecbbf5b169e66cbf51f,2026-09-04T13:04-05:00,2026-09-04T18:04:00Z,2026-09-04,2.31969,-76.76264,VIIRS-NOAA-21,NOAA-21,VIIRS,66.4,33.2,33.6,Nominal,D,0.51,0.49,true,true,Puntos_de_calor_Colombia_2026-09-04.csv,2026-09-05T10:40:54Z
4ffc5e4b1f690969af6cf8ff,2026-09-04T13:04-05:00,2026-09-04T18:04:00Z,2026-09-04,2.30378,-76.86152,VIIRS-NOAA-21,NOAA-21,VIIRS,72.8,28.3,6.4,Nominal,D,0.52,0.5,true,true,Puntos_de_calor_Colombia_2026-09-04.csv,2026-09-05T10:40:54Z
515f9eda8711e9ebd89bf149,2026-09-04T13:04-05:00,2026-09-04T18:04:00Z,2026-09-04,4.2058,-71.10077,VIIRS-NOAA-21,NOAA-21,VIIRS,67,23.6,5.9,Nominal,D,0.39,0.36,true,true,Puntos_de_calor_Colombia_2026-09-04.csv,2026-09-05T10:40:54Z
5cc20dc3c09d3e19b4cf5093,2026-09-04T13:04-05:00,2026-09-04T18:04:00Z,2026-09-04,3.6891,-75.14322,VIIRS-NOAA-21,NOAA-21,VIIRS,71.7,23.4,4.7,Nominal,D,0.57,0.43,true,true,Puntos_de_calor_Colombia_2026-09-04.csv,2026-09-05T10:40:54Z
5ded3cf216a9ff110456d026,2026-09-04T13:04-05:00,2026-09-04T18:04:00Z,2026-09-04,3.67962,-75.15199,VIIRS-NOAA-21,NOAA-21,VIIRS,68.6,30.8,13.8,Nominal,D,0.57,0.43,true,true,Puntos_de_calor_Colombia_2026-09-04.csv,2026-09-05T10:40:54Z
5fd35e643c98eeaf177265e8,2026-09-04T13:04-05:00,2026-09-04T18:04:00Z,2026-09-04,3.70992,-76.26629,VIIRS-NOAA-21,NOAA-21,VIIRS,66.6,25.4,6.5,Nominal,D,0.45,0.47,true,true,Puntos_de_calor_Colombia_2026-09-04.csv,2026-09-05T10:40:54Z
627212f84ba7f5fe48ffcf0b,2026-09-04T13:04-05:00,2026-09-04T18:04:00Z,2026-09-04,0.93544,-78.04173,VIIRS-NOAA-21,NOAA-21,VIIRS,55.9,6,6.1,Nominal,D,0.33,0.55,true,true,Puntos_de_calor_Colombia_2026-09-04.csv,2026-09-05T10:40:54Z
62978d3cc42bafce3acc06df,2026-09-04T13:04-05:00,2026-09-04T18:04:00Z,2026-09-04,0.93582,-78.03935,VIIRS-NOAA-21,NOAA-21,VIIRS,82.3,10.8,6.1,Baja,D,0.33,0.55,true,true,Puntos_de_calor_Colombia_2026-09-04.csv,2026-09-05T10:40:54Z
655c3285bdad62af94f841ac,2026-09-04T13:04-05:00,2026-09-04T18:04:00Z,2026-09-04,5.01924,-68.69155,VIIRS-NOAA-21,NOAA-21,VIIRS,66.8,22.3,4.8,Nominal,D,0.42,0.37,true,true,Puntos_de_calor_Colombia_2026-09-04.csv,2026-09-05T10:40:54Z
6958a4349d4bd415b1b69a68,2026-09-04T13:04-05:00,2026-09-04T18:04:00Z,2026-09-04,4.32201,-70.72174,VIIRS-NOAA-21,NOAA-21,VIIRS,58.5,22.2,1.5,Nominal,D,0.38,0.36,true,true,Puntos_de_calor_Colombia_2026-09-04.csv,2026-09-05T10:40:54Z
6b3276461118bc0586cc1ac0,2026-09-04T13:04-05:00,2026-09-04T18:04:00Z,2026-09-04,3.778,-76.65334,VIIRS-NOAA-21,NOAA-21,VIIRS,66.8,16.7,13,Nominal,D,0.47,0.48,true,true,Puntos_de_calor_Colombia_2026-09-04.csv,2026-09-05T10:40:54Z
6b6c322c71fdb0092380abec,2026-09-04T13:04-05:00,2026-09-04T18:04:00Z,2026-09-04,3.97884,-70.89605,VIIRS-NOAA-21,NOAA-21,VIIRS,57.5,22.6,1.7,Nominal,D,0.39,0.36,true,true,Puntos_de_calor_Colombia_2026-09-04.csv,2026-09-05T10:40:54Z
7806c3545381189620ad0cf2,2026-09-04T13:04-05:00,2026-09-04T18:04:00Z,2026-09-04,5.0198,-68.68783,VIIRS-NOAA-21,NOAA-21,VIIRS,74.2,26.6,15.7,Nominal,D,0.42,0.37,true,true,Puntos_de_calor_Colombia_2026-09-04.csv,2026-09-05T10:40:54Z
788d78bdfb1d1c6b2ef90d3a,2026-09-04T13:04-05:00,2026-09-04T18:04:00Z,2026-09-04,4.21202,-71.12643,VIIRS-NOAA-21,NOAA-21,VIIRS,66.2,24.2,7,Nominal,D,0.39,0.36,true,true,Puntos_de_calor_Colombia_2026-09-04.csv,2026-09-05T10:40:54Z
821133eb10d914d3163b5482,2026-09-04T13:04-05:00,2026-09-04T18:04:00Z,2026-09-04,2.28312,-76.78939,VIIRS-NOAA-21,NOAA-21,VIIRS,70.4,22.4,7.8,Nominal,D,0.51,0.49,true,true,Puntos_de_calor_Colombia_2026-09-04.csv,2026-09-05T10:40:54Z
91e31165ad734ab862247249,2026-09-04T13:04-05:00,2026-09-04T18:04:00Z,2026-09-04,3.77858,-76.6497,VIIRS-NOAA-21,NOAA-21,VIIRS,82.1,23.5,36.3,Nominal,D,0.47,0.48,true,true,Puntos_de_calor_Colombia_2026-09-04.csv,2026-09-05T10:40:54Z
99fe773ca399ca040efa7a80,2026-09-04T13:04-05:00,2026-09-04T18:04:00Z,2026-09-04,1.11566,-76.04626,VIIRS-NOAA-21,NOAA-21,VIIRS,54.5,17.3,6,Nominal,D,0.47,0.48,true,true,Puntos_de_calor_Colombia_2026-09-04.csv,2026-09-05T10:40:54Z
a05ba693a42c4c70b945d8a7,2026-09-04T13:04-05:00,2026-09-04T18:04:00Z,2026-09-04,5.02266,-68.69207,VIIRS-NOAA-21,NOAA-21,VIIRS,64,25,4,Nominal,D,0.42,0.37,true,true,Puntos_de_calor_Colombia_2026-09-04.csv,2026-09-05T10:40:54Z
a1fa972caed81d31a86c2633,2026-09-04T13:04-05:00,2026-09-04T18:04:00Z,2026-09-04,5.11776,-70.56539,VIIRS-NOAA-21,NOAA-21,VIIRS,66.6,22.7,5.5,Nominal,D,0.38,0.36,true,true,Puntos_de_calor_Colombia_2026-09-04.csv,2026-09-05T10:40:54Z
a65c2b48e986a89251bf6998,2026-09-04T13:04-05:00,2026-09-04T18:04:00Z,2026-09-04,3.28629,-76.28323,VIIRS-NOAA-21,NOAA-21,VIIRS,69.4,18.4,20.9,Nominal,D,0.46,0.47,true,true,Puntos_de_calor_Colombia_2026-09-04.csv,2026-09-05T10:40:54Z
aa696a6d85982d322288499a,2026-09-04T13:04-05:00,2026-09-04T18:04:00Z,2026-09-04,2.32043,-76.75803,VIIRS-NOAA-21,NOAA-21,VIIRS,68.2,29.7,33.6,Nominal,D,0.51,0.49,true,true,Puntos_de_calor_Colombia_2026-09-04.csv,2026-09-05T10:40:54Z
aa71ae51bbd5b18bca47cbd9,2026-09-04T13:04-05:00,2026-09-04T18:04:00Z,2026-09-04,3.69291,-72.2683,VIIRS-NOAA-21,NOAA-21,VIIRS,60.7,23.7,7.8,Baja,D,0.41,0.37,true,true,Puntos_de_calor_Colombia_2026-09-04.csv,2026-09-05T10:40:54Z
c861fb6f41dc5160242e190e,2026-09-04T13:04-05:00,2026-09-04T18:04:00Z,2026-09-04,5.34684,-69.40664,VIIRS-NOAA-21,NOAA-21,VIIRS,60.1,23.7,3.1,Nominal,D,0.4,0.37,true,true,Puntos_de_calor_Colombia_2026-09-04.csv,2026-09-05T10:40:54Z
d3394e1a0cba7127b2126a83,2026-09-04T13:04-05:00,2026-09-04T18:04:00Z,2026-09-04,5.24241,-69.33272,VIIRS-NOAA-21,NOAA-21,VIIRS,59.1,23.4,4,Nominal,D,0.4,0.37,true,true,Puntos_de_calor_Colombia_2026-09-04.csv,2026-09-05T10:40:54Z
d4ec166c3bb38b8c2188e0ca,2026-09-04T13:04-05:00,2026-09-04T18:04:00Z,2026-09-04,3.94305,-70.7493,VIIRS-NOAA-21,NOAA-21,VIIRS,60.1,21.9,4.4,Nominal,D,0.38,0.36,true,true,Puntos_de_calor_Colombia_2026-09-04.csv,2026-09-05T10:40:54Z
de4e09cff042b76dc6c4ece3,2026-09-04T13:04-05:00,2026-09-04T18:04:00Z,2026-09-04,3.68047,-75.14669,VIIRS-NOAA-21,NOAA-21,VIIRS,79.2,29.5,13.8,Nominal,D,0.57,0.43,true,true,Puntos_de_calor_Colombia_2026-09-04.csv,2026-09-05T10:40:54Z
ee07d25019badb81ba4ce347,2026-09-04T13:04-05:00,2026-09-04T18:04:00Z,2026-09-04,2.29303,-76.59324,VIIRS-NOAA-21,NOAA-21,VIIRS,64.5,12.9,4.2,Nominal,D,0.5,0.49,true,true,Puntos_de_calor_Colombia_2026-09-04.csv,2026-09-05T10:40:54Z
efb19160620a41fa3dfdc222,2026-09-04T13:04-05:00,2026-09-04T18:04:00Z,2026-09-04,3.77415,-76.64948,VIIRS-NOAA-21,NOAA-21,VIIRS,78.1,16.6,36.3,Nominal,D,0.47,0.48,true,true,Puntos_de_calor_Colombia_2026-09-04.csv,2026-09-05T10:40:54Z
f33ab1205c9a0fbdde19c023,2026-09-04T13:04-05:00,2026-09-04T18:04:00Z,2026-09-04,3.243,-76.47038,VIIRS-NOAA-21,NOAA-21,VIIRS,66.4,20.6,7.8,Nominal,D,0.47,0.48,true,true,Puntos_de_calor_Colombia_2026-09-04.csv,2026-09-05T10:40:54Z
055eed945543140363531559,2026-09-04T13:06-05:00,2026-09-04T18:06:00Z,2026-09-04,11.13557,-72.57478,VIIRS-NOAA-21,NOAA-21,VIIRS,63.5,35.8,7.2,Baja,D,0.39,0.36,true,true,Puntos_de_calor_Colombia_2026-09-04.csv,2026-09-05T10:40:54Z
0b5e6075c5fc094d9b737ade,2026-09-04T13:06-05:00,2026-09-04T18:06:00Z,2026-09-04,9.12185,-73.54089,VIIRS-NOAA-21,NOAA-21,VIIRS,57.8,27.8,3.8,Baja,D,0.41,0.37,true,true,Puntos_de_calor_Colombia_2026-09-04.csv,2026-09-05T10:40:54Z
0db57f9f1a0d7549b0b2d8ef,2026-09-04T13:06-05:00,2026-09-04T18:06:00Z,2026-09-04,8.48005,-74.10033,VIIRS-NOAA-21,NOAA-21,VIIRS,59.8,22.6,20.4,Nominal,D,0.44,0.38,true,true,Puntos_de_calor_Colombia_2026-09-04.csv,2026-09-05T10:40:54Z
24d4e1093a51d2644b1e0809,2026-09-04T13:06-05:00,2026-09-04T18:06:00Z,2026-09-04,10.83024,-74.75017,VIIRS-NOAA-21,NOAA-21,VIIRS,63,26.6,6.8,Baja,D,0.44,0.39,true,true,Puntos_de_calor_Colombia_2026-09-04.csv,2026-09-05T10:40:54Z
3a05df2711e392e8ca454c7a,2026-09-04T13:06-05:00,2026-09-04T18:06:00Z,2026-09-04,10.3462,-74.86825,VIIRS-NOAA-21,NOAA-21,VIIRS,64.2,31.8,3.6,Nominal,D,0.45,0.39,true,true,Puntos_de_calor_Colombia_2026-09-04.csv,2026-09-05T10:40:54Z
424bd6d9eb89980fa5375e2a,2026-09-04T13:06-05:00,2026-09-04T18:06:00Z,2026-09-04,10.88833,-74.6656,VIIRS-NOAA-21,NOAA-21,VIIRS,61.2,26,7,Baja,D,0.44,0.38,true,true,Puntos_de_calor_Colombia_2026-09-04.csv,2026-09-05T10:40:54Z
511ece6c9f38e1bb42763344,2026-09-04T13:06-05:00,2026-09-04T18:06:00Z,2026-09-04,6.32801,-75.90896,VIIRS-NOAA-21,NOAA-21,VIIRS,66.7,10.5,6.3,Nominal,D,0.39,0.44,true,true,Puntos_de_calor_Colombia_2026-09-04.csv,2026-09-05T10:40:54Z
5252529a8128031595c7c4c2,2026-09-04T13:06-05:00,2026-09-04T18:06:00Z,2026-09-04,10.93438,-74.66907,VIIRS-NOAA-21,NOAA-21,VIIRS,60,26.4,2.4,Baja,D,0.44,0.38,true,true,Puntos_de_calor_Colombia_2026-09-04.csv,2026-09-05T10:40:54Z
629843c94e0e538d378f1e56,2026-09-04T13:06-05:00,2026-09-04T18:06:00Z,2026-09-04,10.88754,-74.66153,VIIRS-NOAA-21,NOAA-21,VIIRS,61.3,26.1,5.5,Baja,D,0.44,0.38,true,true,Puntos_de_calor_Colombia_2026-09-04.csv,2026-09-05T10:40:54Z
7dc796b69143d464520118a6,2026-09-04T13:06-05:00,2026-09-04T18:06:00Z,2026-09-04,8.44554,-73.36891,VIIRS-NOAA-21,NOAA-21,VIIRS,61.6,25.9,3.8,Nominal,D,0.41,0.37,true,true,Puntos_de_calor_Colombia_2026-09-04.csv,2026-09-05T10:40:54Z
7e01bc55928a8bbb68db0213,2026-09-04T13:06-05:00,2026-09-04T18:06:00Z,2026-09-04,10.31134,-74.27952,VIIRS-NOAA-21,NOAA-21,VIIRS,76.7,28.9,10,Nominal,D,0.43,0.38,true,true,Puntos_de_calor_Colombia_2026-09-04.csv,2026-09-05T10:40:54Z
8fda8538b48f826f6ec3e439,2026-09-04T13:06-05:00,2026-09-04T18:06:00Z,2026-09-04,8.19843,-72.46339,VIIRS-NOAA-21,NOAA-21,VIIRS,65.6,25.8,12.8,Nominal,D,0.39,0.36,true,true,Puntos_de_calor_Colombia_2026-09-04.csv,2026-09-05T10:40:54Z
98d933d52f0999b52d17b3c8,2026-09-04T13:06-05:00,2026-09-04T18:06:00Z,2026-09-04,6.32677,-75.90916,VIIRS-NOAA-21,NOAA-21,VIIRS,65.7,8.8,5.6,Nominal,D,0.39,0.44,true,true,Puntos_de_calor_Colombia_2026-09-04.csv,2026-09-05T10:40:54Z
a4e6dbf7c844b30aa98d8b8b,2026-09-04T13:06-05:00,2026-09-04T18:06:00Z,2026-09-04,10.88484,-74.66503,VIIRS-NOAA-21,NOAA-21,VIIRS,75.8,26.2,7,Nominal,D,0.44,0.38,true,true,Puntos_de_calor_Colombia_2026-09-04.csv,2026-09-05T10:40:54Z
b81d42735817c19312793af3,2026-09-04T13:06-05:00,2026-09-04T18:06:00Z,2026-09-04,8.38285,-73.16203,VIIRS-NOAA-21,NOAA-21,VIIRS,63.8,22.9,3.1,Nominal,D,0.41,0.37,true,true,Puntos_de_calor_Colombia_2026-09-04.csv,2026-09-05T10:40:54Z
b8dbc26a6853f40ab9d3bb29,2026-09-04T13:06-05:00,2026-09-04T18:06:00Z,2026-09-04,10.05231,-75.0841,VIIRS-NOAA-21,NOAA-21,VIIRS,58.1,27.3,4.1,Nominal,D,0.47,0.39,true,true,Puntos_de_calor_Colombia_2026-09-04.csv,2026-09-05T10:40:54Z
ba7dd93ddb5f2371cf5c498f,2026-09-04T13:06-05:00,2026-09-04T18:06:00Z,2026-09-04,5.96052,-76.04102,VIIRS-NOAA-21,NOAA-21,VIIRS,65.4,18.4,3.8,Nominal,D,0.4,0.44,true,true,Puntos_de_calor_Colombia_2026-09-04.csv,2026-09-05T10:40:54Z
bb4d4d8cb90816154c494932,2026-09-04T13:06-05:00,2026-09-04T18:06:00Z,2026-09-04,10.88691,-74.66549,VIIRS-NOAA-21,NOAA-21,VIIRS,72.7,26.5,8.6,Nominal,D,0.44,0.38,true,true,Puntos_de_calor_Colombia_2026-09-04.csv,2026-09-05T10:40:54Z
c210900a5ecc58399907560d,2026-09-04T13:06-05:00,2026-09-04T18:06:00Z,2026-09-04,10.3198,-75.48708,VIIRS-NOAA-21,NOAA-21,VIIRS,58.1,21.9,4.2,Nominal,D,0.49,0.4,true,true,Puntos_de_calor_Colombia_2026-09-04.csv,2026-09-05T10:40:54Z
c5b07bc9706d148b8467a072,2026-09-04T13:06-05:00,2026-09-04T18:06:00Z,2026-09-04,8.98109,-74.02775,VIIRS-NOAA-21,NOAA-21,VIIRS,62.8,29.2,5,Baja,D,0.43,0.38,true,true,Puntos_de_calor_Colombia_2026-09-04.csv,2026-09-05T10:40:54Z
cc16b63df99524cc25a49904,2026-09-04T13:06-05:00,2026-09-04T18:06:00Z,2026-09-04,8.92318,-73.88499,VIIRS-NOAA-21,NOAA-21,VIIRS,72.6,30.8,10,Nominal,D,0.43,0.38,true,true,Puntos_de_calor_Colombia_2026-09-04.csv,2026-09-05T10:40:54Z
ce7a0dea7b45bfe0b5699763,2026-09-04T13:06-05:00,2026-09-04T18:06:00Z,2026-09-04,8.1951,-72.46288,VIIRS-NOAA-21,NOAA-21,VIIRS,60,23.5,3.5,Nominal,D,0.39,0.36,true,true,Puntos_de_calor_Colombia_2026-09-04.csv,2026-09-05T10:40:54Z
dd8921b7f1367628bcbcbb2d,2026-09-04T13:06-05:00,2026-09-04T18:06:00Z,2026-09-04,10.78687,-74.64099,VIIRS-NOAA-21,NOAA-21,VIIRS,58.7,28.3,6.5,Baja,D,0.44,0.38,true,true,Puntos_de_calor_Colombia_2026-09-04.csv,2026-09-05T10:40:54Z
ee102bbf352ea21c16e6e56c,2026-09-04T13:06-05:00,2026-09-04T18:06:00Z,2026-09-04,10.89338,-74.67863,VIIRS-NOAA-21,NOAA-21,VIIRS,61,25.6,3.9,Baja,D,0.44,0.38,true,true,Puntos_de_calor_Colombia_2026-09-04.csv,2026-09-05T10:40:54Z
fb50335aeba1f9c7a038a6e5,2026-09-04T13:06-05:00,2026-09-04T18:06:00Z,2026-09-04,10.88341,-74.66493,VIIRS-NOAA-21,NOAA-21,VIIRS,77,26.3,8.6,Nominal,D,0.44,0.38,true,true,Puntos_de_calor_Colombia_2026-09-04.csv,2026-09-05T10:40:54Z
0120272cd76cd60c7756ca87,2026-09-04T13:41-05:00,2026-09-04T18:41:00Z,2026-09-04,9.20006,-73.87209,VIIRS-Suomi-NPP,Suomi-NPP,VIIRS,78.1,31,30,Nominal,D,0.51,0.41,true,false,Puntos_de_calor_Colombia_2026-09-04.csv,2026-09-05T10:40:54Z
02f5b04da22f5fae45fe554b,2026-09-04T13:41-05:00,2026-09-04T18:41:00Z,2026-09-04,2.32517,-76.76221,VIIRS-Suomi-NPP,Suomi-NPP,VIIRS,67.1,27.4,12.7,Nominal,D,0.39,0.36,true,false,Puntos_de_calor_Colombia_2026-09-04.csv,2026-09-05T10:40:54Z
06fb4596a0d992facc533891,2026-09-04T13:41-05:00,2026-09-04T18:41:00Z,2026-09-04,9.69031,-75.07997,VIIRS-Suomi-NPP,Suomi-NPP,VIIRS,62.5,28.4,4.3,Nominal,D,0.45,0.39,true,false,Puntos_de_calor_Colombia_2026-09-04.csv,2026-09-05T10:40:54Z
088cbc2d187db219d700da37,2026-09-04T13:41-05:00,2026-09-04T18:41:00Z,2026-09-04,9.00644,-72.91364,VIIRS-Suomi-NPP,Suomi-NPP,VIIRS,65.3,21,3.2,Nominal,D,0.39,0.44,true,false,Puntos_de_calor_Colombia_2026-09-04.csv,2026-09-05T10:40:54Z
09c0b63b1ade453373ba3d31,2026-09-04T13:41-05:00,2026-09-04T18:41:00Z,2026-09-04,7.59242,-74.46244,VIIRS-Suomi-NPP,Suomi-NPP,VIIRS,57.7,20.6,2.4,Nominal,D,0.46,0.39,true,false,Puntos_de_calor_Colombia_2026-09-04.csv,2026-09-05T10:40:54Z
0c34b6c1a81c80f49c3c2435,2026-09-04T13:41-05:00,2026-09-04T18:41:00Z,2026-09-04,3.16112,-76.68961,VIIRS-Suomi-NPP,Suomi-NPP,VIIRS,59.9,13,2.9,Nominal,D,0.38,0.36,true,false,Puntos_de_calor_Colombia_2026-09-04.csv,2026-09-05T10:40:54Z
108d166eb736dbc574082e87,2026-09-04T13:41-05:00,2026-09-04T18:41:00Z,2026-09-04,1.2261,-76.05652,VIIRS-Suomi-NPP,Suomi-NPP,VIIRS,59,23.3,2,Nominal,D,0.38,0.36,true,false,Puntos_de_calor_Colombia_2026-09-04.csv,2026-09-05T10:40:54Z
1229014d90781f8061414457,2026-09-04T13:41-05:00,2026-09-04T18:41:00Z,2026-09-04,9.00706,-74.01292,VIIRS-Suomi-NPP,Suomi-NPP,VIIRS,58.1,26.5,3.7,Nominal,D,0.5,0.41,true,false,Puntos_de_calor_Colombia_2026-09-04.csv,2026-09-05T10:40:54Z
126c1143af2783cb2b34610e,2026-09-04T13:41-05:00,2026-09-04T18:41:00Z,2026-09-04,8.9142,-73.57825,VIIRS-Suomi-NPP,Suomi-NPP,VIIRS,72.4,21.2,8.5,Nominal,D,0.53,0.42,true,false,Puntos_de_calor_Colombia_2026-09-04.csv,2026-09-05T10:40:54Z
12c66aa1479a79e2453a468d,2026-09-04T13:41-05:00,2026-09-04T18:41:00Z,2026-09-04,8.04988,-73.76286,VIIRS-Suomi-NPP,Suomi-NPP,VIIRS,59.8,21.8,8,Nominal,D,0.5,0.41,true,false,Puntos_de_calor_Colombia_2026-09-04.csv,2026-09-05T10:40:54Z
14c402db853658f943f6e153,2026-09-04T13:41-05:00,2026-09-04T18:41:00Z,2026-09-04,8.83338,-75.58059,VIIRS-Suomi-NPP,Suomi-NPP,VIIRS,60.8,22.7,3.9,Nominal,D,0.42,0.38,true,false,Puntos_de_calor_Colombia_2026-09-04.csv,2026-09-05T10:40:54Z
1befa086755bd4027bb83e60,2026-09-04T13:41-05:00,2026-09-04T18:41:00Z,2026-09-04,2.31853,-76.76122,VIIRS-Suomi-NPP,Suomi-NPP,VIIRS,73.4,29.3,19.5,Nominal,D,0.39,0.36,true,false,Puntos_de_calor_Colombia_2026-09-04.csv,2026-09-05T10:40:54Z
1c754a474cbf9266f65fa603,2026-09-04T13:41-05:00,2026-09-04T18:41:00Z,2026-09-04,8.85403,-73.52215,VIIRS-Suomi-NPP,Suomi-NPP,VIIRS,60,23.1,9.9,Nominal,D,0.53,0.42,true,false,Puntos_de_calor_Colombia_2026-09-04.csv,2026-09-05T10:40:54Z
1efc1c27999aedd211ae65ad,2026-09-04T13:41-05:00,2026-09-04T18:41:00Z,2026-09-04,-1.12344,-70.17868,VIIRS-Suomi-NPP,Suomi-NPP,VIIRS,62,10.8,4.5,Nominal,D,0.41,0.45,true,false,Puntos_de_calor_Colombia_2026-09-04.csv,2026-09-05T10:40:54Z
1fe7b0668f5e6a7cc7a41416,2026-09-04T13:41-05:00,2026-09-04T18:41:00Z,2026-09-04,9.65757,-74.65857,VIIRS-Suomi-NPP,Suomi-NPP,VIIRS,58,24.6,3.5,Nominal,D,0.47,0.4,true,false,Puntos_de_calor_Colombia_2026-09-04.csv,2026-09-05T10:40:54Z
20670633f9dff1f56e2257a5,2026-09-04T13:41-05:00,2026-09-04T18:41:00Z,2026-09-04,3.97173,-74.90475,VIIRS-Suomi-NPP,Suomi-NPP,VIIRS,64.7,26,4.9,Nominal,D,0.41,0.37,true,false,Puntos_de_calor_Colombia_2026-09-04.csv,2026-09-05T10:40:54Z
2119caa8ac38aa1161da3eef,2026-09-04T13:41-05:00,2026-09-04T18:41:00Z,2026-09-04,2.32079,-76.76862,VIIRS-Suomi-NPP,Suomi-NPP,VIIRS,69.2,25.2,12.7,Nominal,D,0.39,0.36,true,false,Puntos_de_calor_Colombia_2026-09-04.csv,2026-09-05T10:40:54Z
243c935b9ae338b90c7311ff,2026-09-04T13:41-05:00,2026-09-04T18:41:00Z,2026-09-04,9.20386,-73.87265,VIIRS-Suomi-NPP,Suomi-NPP,VIIRS,71.8,26.5,30,Nominal,D,0.51,0.41,true,false,Puntos_de_calor_Colombia_2026-09-04.csv,2026-09-05T10:40:54Z
247033c1f35fb9889668dcea,2026-09-04T13:41-05:00,2026-09-04T18:41:00Z,2026-09-04,7.58374,-73.3671,VIIRS-Suomi-NPP,Suomi-NPP,VIIRS,57.6,22.9,14.9,Nominal,D,0.52,0.42,true,false,Puntos_de_calor_Colombia_2026-09-04.csv,2026-09-05T10:40:54Z
27ba442c297d9d6bed2b936e,2026-09-04T13:41-05:00,2026-09-04T18:41:00Z,2026-09-04,2.29594,-76.86424,VIIRS-Suomi-NPP,Suomi-NPP,VIIRS,81.2,31.8,29.9,Nominal,D,0.39,0.36,true,false,Puntos_de_calor_Colombia_2026-09-04.csv,2026-09-05T10:40:54Z
2aeeb2de5db5a5a61a830880,2026-09-04T13:41-05:00,2026-09-04T18:41:00Z,2026-09-04,10.04982,-74.31059,VIIRS-Suomi-NPP,Suomi-NPP,VIIRS,62.1,26.2,3.6,Nominal,D,0.5,0.41,true,false,Puntos_de_calor_Colombia_2026-09-04.csv,2026-09-05T10:40:54Z
2baadc66a01717abd1d9d966,2026-09-04T13:41-05:00,2026-09-04T18:41:00Z,2026-09-04,9.40225,-74.42093,VIIRS-Suomi-NPP,Suomi-NPP,VIIRS,74,28.7,7.1,Nominal,D,0.48,0.4,true,false,Puntos_de_calor_Colombia_2026-09-04.csv,2026-09-05T10:40:54Z
2c003f043844c9b20ecb3cf6,2026-09-04T13:41-05:00,2026-09-04T18:41:00Z,2026-09-04,9.00609,-73.85759,VIIRS-Suomi-NPP,Suomi-NPP,VIIRS,58.3,26.5,,Nominal,D,0.51,0.41,true,false,Puntos_de_calor_Colombia_2026-09-04.csv,2026-09-05T10:40:54Z
2cc60bcb6b2041417966c5db,2026-09-04T13:41-05:00,2026-09-04T18:41:00Z,2026-09-04,3.43229,-72.66296,VIIRS-Suomi-NPP,Suomi-NPP,VIIRS,73.8,20.3,5.6,Nominal,D,0.51,0.41,true,false,Puntos_de_calor_Colombia_2026-09-04.csv,2026-09-05T10:40:54Z
2ce5b69add0f342b6591bec7,2026-09-04T13:41-05:00,2026-09-04T18:41:00Z,2026-09-04,1.78472,-74.79397,VIIRS-Suomi-NPP,Suomi-NPP,VIIRS,61.3,22.8,3.4,Nominal,D,0.4,0.37,true,false,Puntos_de_calor_Colombia_2026-09-04.csv,2026-09-05T10:40:54Z
31bc7a67ecbc5c07fa1ba412,2026-09-04T13:41-05:00,2026-09-04T18:41:00Z,2026-09-04,2.01793,-76.91515,VIIRS-Suomi-NPP,Suomi-NPP,VIIRS,70,27,10,Nominal,D,0.39,0.36,true,false,Puntos_de_calor_Colombia_2026-09-04.csv,2026-09-05T10:40:54Z
3363838c3a6ade952e3793cd,2026-09-04T13:41-05:00,2026-09-04T18:41:00Z,2026-09-04,8.28647,-74.4453,VIIRS-Suomi-NPP,Suomi-NPP,VIIRS,63.9,21.9,36.9,Nominal,D,0.47,0.4,true,false,Puntos_de_calor_Colombia_2026-09-04.csv,2026-09-05T10:40:54Z
388a43dd3902e27adca4727b,2026-09-04T13:41-05:00,2026-09-04T18:41:00Z,2026-09-04,2.45295,-76.50019,VIIRS-Suomi-NPP,Suomi-NPP,VIIRS,68.4,22.2,9.5,Nominal,D,0.38,0.36,true,false,Puntos_de_calor_Colombia_2026-09-04.csv,2026-09-05T10:40:54Z
38929551d1627d4923ced6c1,2026-09-04T13:41-05:00,2026-09-04T18:41:00Z,2026-09-04,8.62882,-73.9673,VIIRS-Suomi-NPP,Suomi-NPP,VIIRS,65.8,25,6,Nominal,D,0.5,0.41,true,false,Puntos_de_calor_Colombia_2026-09-04.csv,2026-09-05T10:40:54Z
3f6301b8346aee35177cecba,2026-09-04T13:41-05:00,2026-09-04T18:41:00Z,2026-09-04,2.0354,-76.80056,VIIRS-Suomi-NPP,Suomi-NPP,VIIRS,56,19.7,13.9,Nominal,D,0.39,0.36,true,false,Puntos_de_calor_Colombia_2026-09-04.csv,2026-09-05T10:40:54Z
4088e84f6c6fa9ce77245dc0,2026-09-04T13:41-05:00,2026-09-04T18:41:00Z,2026-09-04,9.71802,-74.09983,VIIRS-Suomi-NPP,Suomi-NPP,VIIRS,58.1,26.3,1.5,Nominal,D,0.51,0.41,true,false,Puntos_de_calor_Colombia_2026-09-04.csv,2026-09-05T10:40:54Z
44c561c0a80e1aaa0f75c9c9,2026-09-04T13:41-05:00,2026-09-04T18:41:00Z,2026-09-04,8.95532,-73.83765,VIIRS-Suomi-NPP,Suomi-NPP,VIIRS,62.7,27.6,2.6,Nominal,D,0.51,0.41,true,false,Puntos_de_calor_Colombia_2026-09-04.csv,2026-09-05T10:40:54Z
45b78f89f01d1c37b0747e0f,2026-09-04T13:41-05:00,2026-09-04T18:41:00Z,2026-09-04,3.93815,-70.74816,VIIRS-Suomi-NPP,Suomi-NPP,VIIRS,65.2,17.3,4.5,Nominal,D,0.45,0.47,true,false,Puntos_de_calor_Colombia_2026-09-04.csv,2026-09-05T10:40:54Z
46900a95ffa32e8ee7910db9,2026-09-04T13:41-05:00,2026-09-04T18:41:00Z,2026-09-04,10.41855,-73.16615,VIIRS-Suomi-NPP,Suomi-NPP,VIIRS,70.9,29.6,3.5,Nominal,D,0.39,0.44,true,false,Puntos_de_calor_Colombia_2026-09-04.csv,2026-09-05T10:40:54Z
4a0b689e614d1f1f85d3dca8,2026-09-04T13:41-05:00,2026-09-04T18:41:00Z,2026-09-04,1.11245,-76.04906,VIIRS-Suomi-NPP,Suomi-NPP,VIIRS,75.5,28.6,11.9,Nominal,D,0.38,0.36,true,false,Puntos_de_calor_Colombia_2026-09-04.csv,2026-09-05T10:40:54Z
4a2d28a36ab5ae59b9f40d50,2026-09-04T13:41-05:00,2026-09-04T18:41:00Z,2026-09-04,2.31799,-76.76469,VIIRS-Suomi-NPP,Suomi-NPP,VIIRS,59.6,25.7,12.7,Nominal,D,0.39,0.36,true,false,Puntos_de_calor_Colombia_2026-09-04.csv,2026-09-05T10:40:54Z
4f8cd1bd214bc242076bbe5d,2026-09-04T13:41-05:00,2026-09-04T18:41:00Z,2026-09-04,1.46428,-75.38509,VIIRS-Suomi-NPP,Suomi-NPP,VIIRS,58.2,21.6,2.7,Nominal,D,0.39,0.36,true,false,Puntos_de_calor_Colombia_2026-09-04.csv,2026-09-05T10:40:54Z
54b4b65c5b0510b32d35891d,2026-09-04T13:41-05:00,2026-09-04T18:41:00Z,2026-09-04,7.59102,-74.4636,VIIRS-Suomi-NPP,Suomi-NPP,VIIRS,60.1,21,3.8,Nominal,D,0.46,0.39,true,false,Puntos_de_calor_Colombia_2026-09-04.csv,2026-09-05T10:40:54Z
557114f91c0edb11876e91ad,2026-09-04T13:41-05:00,2026-09-04T18:41:00Z,2026-09-04,10.3502,-73.06116,VIIRS-Suomi-NPP,Suomi-NPP,VIIRS,71.8,26.9,5,Nominal,D,0.39,0.44,true,false,Puntos_de_calor_Colombia_2026-09-04.csv,2026-09-05T10:40:54Z
57378d13fe889af19ea54011,2026-09-04T13:41-05:00,2026-09-04T18:41:00Z,2026-09-04,8.69394,-73.96761,VIIRS-Suomi-NPP,Suomi-NPP,VIIRS,58.3,25.1,2.8,Nominal,D,0.5,0.41,true,false,Puntos_de_calor_Colombia_2026-09-04.csv,2026-09-05T10:40:54Z
575bbf3980434bcd1a2e4856,2026-09-04T13:41-05:00,2026-09-04T18:41:00Z,2026-09-04,9.38666,-73.56055,VIIRS-Suomi-NPP,Suomi-NPP,VIIRS,67.3,25,4.2,Nominal,D,0.54,0.42,true,false,Puntos_de_calor_Colombia_2026-09-04.csv,2026-09-05T10:40:54Z
59583a071bbbddc9054f0b0e,2026-09-04T13:41-05:00,2026-09-04T18:41:00Z,2026-09-04,10.20959,-73.42825,VIIRS-Suomi-NPP,Suomi-NPP,VIIRS,67.5,31.2,4.2,Nominal,D,0.56,0.43,true,false,Puntos_de_calor_Colombia_2026-09-04.csv,2026-09-05T10:40:54Z
5a6e74ae74855039775befd0,2026-09-04T13:41-05:00,2026-09-04T18:41:00Z,2026-09-04,3.68938,-72.26852,VIIRS-Suomi-NPP,Suomi-NPP,VIIRS,60.5,17.5,4.3,Nominal,D,0.54,0.42,true,false,Puntos_de_calor_Colombia_2026-09-04.csv,2026-09-05T10:40:54Z
5adcb8290469d99c18ccd4a4,2026-09-04T13:41-05:00,2026-09-04T18:41:00Z,2026-09-04,2.03103,-76.80688,VIIRS-Suomi-NPP,Suomi-NPP,VIIRS,80.9,13.8,15.6,Nominal,D,0.39,0.36,true,false,Puntos_de_calor_Colombia_2026-09-04.csv,2026-09-05T10:40:54Z
5aed374c8f5e314b2ff241fd,2026-09-04T13:41-05:00,2026-09-04T18:41:00Z,2026-09-04,9.21416,-74.07187,VIIRS-Suomi-NPP,Suomi-NPP,VIIRS,64.5,29.1,3.6,Nominal,D,0.5,0.41,true,false,Puntos_de_calor_Colombia_2026-09-04.csv,2026-09-05T10:40:54Z
5af7c0703a6d326e6ff4dac5,2026-09-04T13:41-05:00,2026-09-04T18:41:00Z,2026-09-04,10.20563,-73.4277,VIIRS-Suomi-NPP,Suomi-NPP,VIIRS,63.4,30.8,4.2,Nominal,D,0.56,0.43,true,false,Puntos_de_calor_Colombia_2026-09-04.csv,2026-09-05T10:40:54Z
5ee16163271ab0617381d7cb,2026-09-04T13:41-05:00,2026-09-04T18:41:00Z,2026-09-04,2.46333,-76.56517,VIIRS-Suomi-NPP,Suomi-NPP,VIIRS,69.8,20.1,11.3,Nominal,D,0.38,0.36,true,false,Puntos_de_calor_Colombia_2026-09-04.csv,2026-09-05T10:40:54Z
5f953e5be416ad122945b127,2026-09-04T13:41-05:00,2026-09-04T18:41:00Z,2026-09-04,9.56864,-75.34899,VIIRS-Suomi-NPP,Suomi-NPP,VIIRS,63.4,19.4,2.3,Nominal,D,0.44,0.38,true,false,Puntos_de_calor_Colombia_2026-09-04.csv,2026-09-05T10:40:54Z
60564108e4e66d9f0ca64541,2026-09-04T13:41-05:00,2026-09-04T18:41:00Z,2026-09-04,9.01226,-74.08322,VIIRS-Suomi-NPP,Suomi-NPP,VIIRS,61.9,25.2,3.2,Nominal,D,0.5,0.41,true,false,Puntos_de_calor_Colombia_2026-09-04.csv,2026-09-05T10:40:54Z
606715cc80a6dc506e42d228,2026-09-04T13:41-05:00,2026-09-04T18:41:00Z,2026-09-04,10.00247,-73.18339,VIIRS-Suomi-NPP,Suomi-NPP,VIIRS,63.5,23.8,10.7,Nominal,D,0.38,0.43,true,false,Puntos_de_calor_Colombia_2026-09-04.csv,2026-09-05T10:40:54Z
62c467551d6b341cf8140b81,2026-09-04T13:41-05:00,2026-09-04T18:41:00Z,2026-09-04,7.88395,-73.76479,VIIRS-Suomi-NPP,Suomi-NPP,VIIRS,75,19.4,22.4,Nominal,D,0.5,0.41,true,false,Puntos_de_calor_Colombia_2026-09-04.csv,2026-09-05T10:40:54Z
66836644b24717fd219cbce5,2026-09-04T13:41-05:00,2026-09-04T18:41:00Z,2026-09-04,2.31414,-76.76768,VIIRS-Suomi-NPP,Suomi-NPP,VIIRS,78.7,34.8,15.9,Nominal,D,0.39,0.36,true,false,Puntos_de_calor_Colombia_2026-09-04.csv,2026-09-05T10:40:54Z
6ea63268f00de2e7929b9343,2026-09-04T13:41-05:00,2026-09-04T18:41:00Z,2026-09-04,1.07202,-76.00394,VIIRS-Suomi-NPP,Suomi-NPP,VIIRS,69.7,25.5,24.6,Nominal,D,0.38,0.36,true,false,Puntos_de_calor_Colombia_2026-09-04.csv,2026-09-05T10:40:54Z
6ea69a63ca10ad48bbb4446c,2026-09-04T13:41-05:00,2026-09-04T18:41:00Z,2026-09-04,3.70327,-76.35104,VIIRS-Suomi-NPP,Suomi-NPP,VIIRS,71,32.2,6,Nominal,D,0.38,0.36,true,false,Puntos_de_calor_Colombia_2026-09-04.csv,2026-09-05T10:40:54Z
6f1159a139617e255584e336,2026-09-04T13:41-05:00,2026-09-04T18:41:00Z,2026-09-04,8.70166,-74.48006,VIIRS-Suomi-NPP,Suomi-NPP,VIIRS,64.4,23.4,4.7,Nominal,D,0.47,0.4,true,false,Puntos_de_calor_Colombia_2026-09-04.csv,2026-09-05T10:40:54Z
6ffab933d30a14dae1cd5b0c,2026-09-04T13:41-05:00,2026-09-04T18:41:00Z,2026-09-04,1.11629,-76.04611,VIIRS-Suomi-NPP,Suomi-NPP,VIIRS,69.6,26.5,108,Nominal,D,0.38,0.36,true,false,Puntos_de_calor_Colombia_2026-09-04.csv,2026-09-05T10:40:54Z
7552c275a5f9d0f5f6b3a329,2026-09-04T13:41-05:00,2026-09-04T18:41:00Z,2026-09-04,7.06377,-74.02979,VIIRS-Suomi-NPP,Suomi-NPP,VIIRS,65.7,-5.7,5.9,Nominal,D,0.48,0.4,true,false,Puntos_de_calor_Colombia_2026-09-04.csv,2026-09-05T10:40:54Z
757b1038a795dce0fb325de2,2026-09-04T13:41-05:00,2026-09-04T18:41:00Z,2026-09-04,8.04741,-73.75316,VIIRS-Suomi-NPP,Suomi-NPP,VIIRS,57.2,22.4,13.1,Nominal,D,0.5,0.41,true,false,Puntos_de_calor_Colombia_2026-09-04.csv,2026-09-05T10:40:54Z
761570f32e024631c3a42daf,2026-09-04T13:41-05:00,2026-09-04T18:41:00Z,2026-09-04,7.52846,-74.66253,VIIRS-Suomi-NPP,Suomi-NPP,VIIRS,61.1,15.8,3.6,Nominal,D,0.45,0.39,true,false,Puntos_de_calor_Colombia_2026-09-04.csv,2026-09-05T10:40:54Z
764214a2a139a353a64a9290,2026-09-04T13:41-05:00,2026-09-04T18:41:00Z,2026-09-04,10.00291,-73.18027,VIIRS-Suomi-NPP,Suomi-NPP,VIIRS,68.2,25.4,15.4,Nominal,D,0.38,0.43,true,false,Puntos_de_calor_Colombia_2026-09-04.csv,2026-09-05T10:40:54Z
78b5570e95dc427ded0958af,2026-09-04T13:41-05:00,2026-09-04T18:41:00Z,2026-09-04,7.58442,-73.36237,VIIRS-Suomi-NPP,Suomi-NPP,VIIRS,62.4,23.9,14.9,Nominal,D,0.52,0.42,true,false,Puntos_de_calor_Colombia_2026-09-04.csv,2026-09-05T10:40:54Z
7eeae48809c0473b5e1c7078,2026-09-04T13:41-05:00,2026-09-04T18:41:00Z,2026-09-04,3.43607,-72.66352,VIIRS-Suomi-NPP,Suomi-NPP,VIIRS,58.7,20.6,5.6,Nominal,D,0.51,0.41,true,false,Puntos_de_calor_Colombia_2026-09-04.csv,2026-09-05T10:40:54Z
7f896eb0b03e8ad2dac88de9,2026-09-04T13:41-05:00,2026-09-04T18:41:00Z,2026-09-04,2.29261,-76.86375,VIIRS-Suomi-NPP,Suomi-NPP,VIIRS,64.9,24.4,5.9,Nominal,D,0.39,0.36,true,false,Puntos_de_calor_Colombia_2026-09-04.csv,2026-09-05T10:40:54Z
81eb7a781d492f8363fef874,2026-09-04T13:41-05:00,2026-09-04T18:41:00Z,2026-09-04,6.85054,-74.44569,VIIRS-Suomi-NPP,Suomi-NPP,VIIRS,66.4,0.4,9.8,Nominal,D,0.45,0.39,true,false,Puntos_de_calor_Colombia_2026-09-04.csv,2026-09-05T10:40:54Z
86762326d4dd212d89725add,2026-09-04T13:41-05:00,2026-09-04T18:41:00Z,2026-09-04,8.97526,-73.96632,VIIRS-Suomi-NPP,Suomi-NPP,VIIRS,65.3,29,9.5,Nominal,D,0.5,0.41,true,false,Puntos_de_calor_Colombia_2026-09-04.csv,2026-09-05T10:40:54Z
8ba205ee2e72e11b9959250f,2026-09-04T13:41-05:00,2026-09-04T18:41:00Z,2026-09-04,8.62891,-73.96448,VIIRS-Suomi-NPP,Suomi-NPP,VIIRS,69.2,27.6,9.7,Nominal,D,0.5,0.41,true,false,Puntos_de_calor_Colombia_2026-09-04.csv,2026-09-05T10:40:54Z
8d46c97faa34b3dab8016640,2026-09-04T13:41-05:00,2026-09-04T18:41:00Z,2026-09-04,3.98411,-71.60725,VIIRS-Suomi-NPP,Suomi-NPP,VIIRS,69,21.2,5.4,Nominal,D,0.4,0.44,true,false,Puntos_de_calor_Colombia_2026-09-04.csv,2026-09-05T10:40:54Z
908b756802a3a4606f89a943,2026-09-04T13:41-05:00,2026-09-04T18:41:00Z,2026-09-04,10.17811,-75.02055,VIIRS-Suomi-NPP,Suomi-NPP,VIIRS,64.1,30.7,4.6,Nominal,D,0.46,0.39,true,false,Puntos_de_calor_Colombia_2026-09-04.csv,2026-09-05T10:40:54Z
9356b76a541c8bc11a833a0c,2026-09-04T13:41-05:00,2026-09-04T18:41:00Z,2026-09-04,3.98314,-70.89076,VIIRS-Suomi-NPP,Suomi-NPP,VIIRS,65.4,20.3,6.9,Nominal,D,0.44,0.46,true,false,Puntos_de_calor_Colombia_2026-09-04.csv,2026-09-05T10:40:54Z
94f2de1d808a3bafc5a82987,2026-09-04T13:41-05:00,2026-09-04T18:41:00Z,2026-09-04,2.31361,-76.77116,VIIRS-Suomi-NPP,Suomi-NPP,VIIRS,57.6,26.9,6,Nominal,D,0.39,0.36,true,false,Puntos_de_calor_Colombia_2026-09-04.csv,2026-09-05T10:40:54Z
960b9a8edb53a12f5248e0f1,2026-09-04T13:41-05:00,2026-09-04T18:41:00Z,2026-09-04,2.03435,-76.8074,VIIRS-Suomi-NPP,Suomi-NPP,VIIRS,84.1,16,37.3,Baja,D,0.39,0.36,true,false,Puntos_de_calor_Colombia_2026-09-04.csv,2026-09-05T10:40:54Z
9a603f40e3be0ef821f335b2,2026-09-04T13:41-05:00,2026-09-04T18:41:00Z,2026-09-04,8.19749,-72.46442,VIIRS-Suomi-NPP,Suomi-NPP,VIIRS,80.6,24.4,8.4,Nominal,D,0.4,0.44,true,false,Puntos_de_calor_Colombia_2026-09-04.csv,2026-09-05T10:40:54Z
9af8eb0d3f7f6de09f1b0f35,2026-09-04T13:41-05:00,2026-09-04T18:41:00Z,2026-09-04,9.26939,-74.77444,VIIRS-Suomi-NPP,Suomi-NPP,VIIRS,71.7,26.1,3.2,Nominal,D,0.46,0.39,true,false,Puntos_de_calor_Colombia_2026-09-04.csv,2026-09-05T10:40:54Z
9cc0ac4aada483ed5ff5b213,2026-09-04T13:41-05:00,2026-09-04T18:41:00Z,2026-09-04,2.32185,-76.76171,VIIRS-Suomi-NPP,Suomi-NPP,VIIRS,71.1,38.9,19.5,Nominal,D,0.39,0.36,true,false,Puntos_de_calor_Colombia_2026-09-04.csv,2026-09-05T10:40:54Z
9dab48425ee9d4f4e3112aaa,2026-09-04T13:41-05:00,2026-09-04T18:41:00Z,2026-09-04,8.82106,-73.53233,VIIRS-Suomi-NPP,Suomi-NPP,VIIRS,67.2,25.6,33.7,Nominal,D,0.53,0.42,true,false,Puntos_de_calor_Colombia_2026-09-04.csv,2026-09-05T10:40:54Z
9e9453b774d7c458ef1844d5,2026-09-04T13:41-05:00,2026-09-04T18:41:00Z,2026-09-04,1.11297,-76.04561,VIIRS-Suomi-NPP,Suomi-NPP,VIIRS,67.4,20.7,11.9,Nominal,D,0.38,0.36,true,false,Puntos_de_calor_Colombia_2026-09-04.csv,2026-09-05T10:40:54Z
a1707c82a616dc3d343376c3,2026-09-04T13:41-05:00,2026-09-04T18:41:00Z,2026-09-04,9.08455,-73.58142,VIIRS-Suomi-NPP,Suomi-NPP,VIIRS,60.2,22.2,4.4,Nominal,D,0.53,0.42,true,false,Puntos_de_calor_Colombia_2026-09-04.csv,2026-09-05T10:40:54Z
a4a8c97dca69ac50ed71e0fe,2026-09-04T13:41-05:00,2026-09-04T18:41:00Z,2026-09-04,10.21955,-73.78952,VIIRS-Suomi-NPP,Suomi-NPP,VIIRS,59.5,23.9,3.9,Nominal,D,0.53,0.42,true,false,Puntos_de_calor_Colombia_2026-09-04.csv,2026-09-05T10:40:54Z
a599b57db02ccd904655d086,2026-09-04T13:41-05:00,2026-09-04T18:41:00Z,2026-09-04,8.66327,-76.47446,VIIRS-Suomi-NPP,Suomi-NPP,VIIRS,67.2,22.5,6.2,Nominal,D,0.4,0.37,true,false,Puntos_de_calor_Colombia_2026-09-04.csv,2026-09-05T10:40:54Z
a70f462ad8adbffce8661ad4,2026-09-04T13:41-05:00,2026-09-04T18:41:00Z,2026-09-04,1.56799,-75.0528,VIIRS-Suomi-NPP,Suomi-NPP,VIIRS,59.7,23.9,2.6,Nominal,D,0.39,0.36,true,false,Puntos_de_calor_Colombia_2026-09-04.csv,2026-09-05T10:40:54Z
a74bd8a88d7cb5c160b3a7ce,2026-09-04T13:41-05:00,2026-09-04T18:41:00Z,2026-09-04,3.43283,-72.6642,VIIRS-Suomi-NPP,Suomi-NPP,VIIRS,75.8,21.2,9.9,Nominal,D,0.51,0.41,true,false,Puntos_de_calor_Colombia_2026-09-04.csv,2026-09-05T10:40:54Z
a9f1c2b54108ecb76470e4e4,2026-09-04T13:41-05:00,2026-09-04T18:41:00Z,2026-09-04,6.84696,-74.44508,VIIRS-Suomi-NPP,Suomi-NPP,VIIRS,71.5,3.4,9.8,Nominal,D,0.45,0.39,true,false,Puntos_de_calor_Colombia_2026-09-04.csv,2026-09-05T10:40:54Z
b202d293e8fe1f55677c4c7a,2026-09-04T13:41-05:00,2026-09-04T18:41:00Z,2026-09-04,3.7038,-76.3476,VIIRS-Suomi-NPP,Suomi-NPP,VIIRS,61.3,26.4,6,Nominal,D,0.38,0.36,true,false,Puntos_de_calor_Colombia_2026-09-04.csv,2026-09-05T10:40:54Z
b5b206ffabc26d09407e8a23,2026-09-04T13:41-05:00,2026-09-04T18:41:00Z,2026-09-04,8.04364,-73.75262,VIIRS-Suomi-NPP,Suomi-NPP,VIIRS,66.5,24.5,21.8,Nominal,D,0.5,0.41,true,false,Puntos_de_calor_Colombia_2026-09-04.csv,2026-09-05T10:40:54Z
b88a0dc9ab84d4c3070f539e,2026-09-04T13:41-05:00,2026-09-04T18:41:00Z,2026-09-04,9.26756,-74.76125,VIIRS-Suomi-NPP,Suomi-NPP,VIIRS,71.5,25.2,3.1,Nominal,D,0.46,0.39,true,false,Puntos_de_calor_Colombia_2026-09-04.csv,2026-09-05T10:40:54Z
b8b1ee03e84c22cfa9200757,2026-09-04T13:41-05:00,2026-09-04T18:41:00Z,2026-09-04,8.58172,-74.45914,VIIRS-Suomi-NPP,Suomi-NPP,VIIRS,60.6,23,2.7,Nominal,D,0.47,0.4,true,false,Puntos_de_calor_Colombia_2026-09-04.csv,2026-09-05T10:40:54Z
c043e37fc1b0ccdc1649c931,2026-09-04T13:41-05:00,2026-09-04T18:41:00Z,2026-09-04,1.56745,-75.05634,VIIRS-Suomi-NPP,Suomi-NPP,VIIRS,59.2,23.6,1.9,Nominal,D,0.39,0.36,true,false,Puntos_de_calor_Colombia_2026-09-04.csv,2026-09-05T10:40:54Z
c0cc223834b7d56a43f563d9,2026-09-04T13:41-05:00,2026-09-04T18:41:00Z,2026-09-04,10.31862,-75.48756,VIIRS-Suomi-NPP,Suomi-NPP,VIIRS,63.7,25,4.5,Nominal,D,0.44,0.38,true,false,Puntos_de_calor_Colombia_2026-09-04.csv,2026-09-05T10:40:54Z
c3cd02cc800f462afe2f14ac,2026-09-04T13:41-05:00,2026-09-04T18:41:00Z,2026-09-04,9.26842,-74.77496,VIIRS-Suomi-NPP,Suomi-NPP,VIIRS,66.6,26.5,2.9,Nominal,D,0.46,0.39,true,false,Puntos_de_calor_Colombia_2026-09-04.csv,2026-09-05T10:40:54Z
c767503ef3f127d193facea2,2026-09-04T13:41-05:00,2026-09-04T18:41:00Z,2026-09-04,9.15939,-72.97121,VIIRS-Suomi-NPP,Suomi-NPP,VIIRS,68.9,24,3.7,Nominal,D,0.38,0.44,true,false,Puntos_de_calor_Colombia_2026-09-04.csv,2026-09-05T10:40:54Z
cad8fd8fd0708ceef2cc4eac,2026-09-04T13:41-05:00,2026-09-04T18:41:00Z,2026-09-04,8.66381,-76.47083,VIIRS-Suomi-NPP,Suomi-NPP,VIIRS,60.6,22.1,7,Nominal,D,0.4,0.37,true,false,Puntos_de_calor_Colombia_2026-09-04.csv,2026-09-05T10:40:54Z
cd260048d965a7ec81ace590,2026-09-04T13:41-05:00,2026-09-04T18:41:00Z,2026-09-04,2.31746,-76.76816,VIIRS-Suomi-NPP,Suomi-NPP,VIIRS,79.6,37.5,12.7,Nominal,D,0.39,0.36,true,false,Puntos_de_calor_Colombia_2026-09-04.csv,2026-09-05T10:40:54Z
d0e0086337bc0da258f80158,2026-09-04T13:41-05:00,2026-09-04T18:41:00Z,2026-09-04,9.87348,-74.86273,VIIRS-Suomi-NPP,Suomi-NPP,VIIRS,59.6,24.2,5.2,Nominal,D,0.46,0.39,true,false,Puntos_de_calor_Colombia_2026-09-04.csv,2026-09-05T10:40:54Z
d1bfd01551fdb1cf4db5d78e,2026-09-04T13:41-05:00,2026-09-04T18:41:00Z,2026-09-04,-0.0444,-74.70687,VIIRS-Suomi-NPP,Suomi-NPP,VIIRS,59.6,18.5,2.4,Nominal,D,0.39,0.36,true,false,Puntos_de_calor_Colombia_2026-09-04.csv,2026-09-05T10:40:54Z
d3b9f49870f7632f4e39b0fa,2026-09-04T13:41-05:00,2026-09-04T18:41:00Z,2026-09-04,7.39485,-74.61511,VIIRS-Suomi-NPP,Suomi-NPP,VIIRS,59.9,13.6,5.7,Nominal,D,0.45,0.39,true,false,Puntos_de_calor_Colombia_2026-09-04.csv,2026-09-05T10:40:54Z
d4c111dd96488c7cfb5c3325,2026-09-04T13:41-05:00,2026-09-04T18:41:00Z,2026-09-04,10.20775,-73.42489,VIIRS-Suomi-NPP,Suomi-NPP,VIIRS,75.8,31.1,8.4,Nominal,D,0.56,0.43,true,false,Puntos_de_calor_Colombia_2026-09-04.csv,2026-09-05T10:40:54Z
d6011f63d20ba5321f9a6ed6,2026-09-04T13:41-05:00,2026-09-04T18:41:00Z,2026-09-04,8.60318,-73.79694,VIIRS-Suomi-NPP,Suomi-NPP,VIIRS,61,26.6,2.4,Nominal,D,0.51,0.41,true,false,Puntos_de_calor_Colombia_2026-09-04.csv,2026-09-05T10:40:54Z
d8ba25686bae80f32d198f27,2026-09-04T13:41-05:00,2026-09-04T18:41:00Z,2026-09-04,7.22991,-74.75605,VIIRS-Suomi-NPP,Suomi-NPP,VIIRS,58,6.2,3.9,Nominal,D,0.44,0.38,true,false,Puntos_de_calor_Colombia_2026-09-04.csv,2026-09-05T10:40:54Z
d8da15d7655b54bc725c3dc0,2026-09-04T13:41-05:00,2026-09-04T18:41:00Z,2026-09-04,7.95237,-73.7732,VIIRS-Suomi-NPP,Suomi-NPP,VIIRS,61.6,21.5,52.5,Nominal,D,0.5,0.41,true,false,Puntos_de_calor_Colombia_2026-09-04.csv,2026-09-05T10:40:54Z
d9502c1549edf0f8a4b560c7,2026-09-04T13:41-05:00,2026-09-04T18:41:00Z,2026-09-04,8.44374,-72.58945,VIIRS-Suomi-NPP,Suomi-NPP,VIIRS,58.6,19.9,2.5,Nominal,D,0.4,0.44,true,false,Puntos_de_calor_Colombia_2026-09-04.csv,2026-09-05T10:40:54Z
da07ed213e7737656496e480,2026-09-04T13:41-05:00,2026-09-04T18:41:00Z,2026-09-04,2.03872,-76.80107,VIIRS-Suomi-NPP,Suomi-NPP,VIIRS,81.2,22.4,13.9,Nominal,D,0.39,0.36,true,false,Puntos_de_calor_Colombia_2026-09-04.csv,2026-09-05T10:40:54Z
da4477858750d1ba0f8eda37,2026-09-04T13:41-05:00,2026-09-04T18:41:00Z,2026-09-04,7.88771,-73.76534,VIIRS-Suomi-NPP,Suomi-NPP,VIIRS,70.3,21,22.4,Nominal,D,0.5,0.41,true,false,Puntos_de_calor_Colombia_2026-09-04.csv,2026-09-05T10:40:54Z
dd05907e6999fd32f682b006,2026-09-04T13:41-05:00,2026-09-04T18:41:00Z,2026-09-04,7.95303,-73.76865,VIIRS-Suomi-NPP,Suomi-NPP,VIIRS,75.8,27.5,52.5,Nominal,D,0.5,0.41,true,false,Puntos_de_calor_Colombia_2026-09-04.csv,2026-09-05T10:40:54Z
e2ce4bf8608d15f865120d73,2026-09-04T13:41-05:00,2026-09-04T18:41:00Z,2026-09-04,7.33458,-74.75411,VIIRS-Suomi-NPP,Suomi-NPP,VIIRS,73.9,-0.1,11.3,Nominal,D,0.44,0.39,true,false,Puntos_de_calor_Colombia_2026-09-04.csv,2026-09-05T10:40:54Z
e3cc8e4ea254883cce97944c,2026-09-04T13:41-05:00,2026-09-04T18:41:00Z,2026-09-04,2.91173,-76.26281,VIIRS-Suomi-NPP,Suomi-NPP,VIIRS,62.6,13.7,5.3,Nominal,D,0.38,0.36,true,false,Puntos_de_calor_Colombia_2026-09-04.csv,2026-09-05T10:40:54Z
e4c988b476d585e997922101,2026-09-04T13:41-05:00,2026-09-04T18:41:00Z,2026-09-04,9.01844,-74.09332,VIIRS-Suomi-NPP,Suomi-NPP,VIIRS,67.2,28,4.5,Nominal,D,0.5,0.41,true,false,Puntos_de_calor_Colombia_2026-09-04.csv,2026-09-05T10:40:54Z
e8a40fb5b6c6fdfbe4538299,2026-09-04T13:41-05:00,2026-09-04T18:41:00Z,2026-09-04,7.42888,-74.50797,VIIRS-Suomi-NPP,Suomi-NPP,VIIRS,59.9,16.3,5.5,Nominal,D,0.45,0.39,true,false,Puntos_de_calor_Colombia_2026-09-04.csv,2026-09-05T10:40:54Z
e966c7dc767560d30eed6076,2026-09-04T13:41-05:00,2026-09-04T18:41:00Z,2026-09-04,9.26577,-74.77393,VIIRS-Suomi-NPP,Suomi-NPP,VIIRS,62.9,25.8,3.2,Nominal,D,0.46,0.39,true,false,Puntos_de_calor_Colombia_2026-09-04.csv,2026-09-05T10:40:54Z
eb05bd8d1c0662b0c14f5526,2026-09-04T13:41-05:00,2026-09-04T18:41:00Z,2026-09-04,7.9616,-74.77733,VIIRS-Suomi-NPP,Suomi-NPP,VIIRS,57.2,24.3,2.7,Nominal,D,0.45,0.39,true,false,Puntos_de_calor_Colombia_2026-09-04.csv,2026-09-05T10:40:54Z
ebdc9c58973bb4ef707331c4,2026-09-04T13:41-05:00,2026-09-04T18:41:00Z,2026-09-04,2.09915,-76.71522,VIIRS-Suomi-NPP,Suomi-NPP,VIIRS,72,1.3,8,Nominal,D,0.39,0.36,true,false,Puntos_de_calor_Colombia_2026-09-04.csv,2026-09-05T10:40:54Z
ece41881777d35ecc32d0e7f,2026-09-04T13:41-05:00,2026-09-04T18:41:00Z,2026-09-04,2.27911,-76.73045,VIIRS-Suomi-NPP,Suomi-NPP,VIIRS,56.7,27.7,1.6,Nominal,D,0.39,0.36,true,false,Puntos_de_calor_Colombia_2026-09-04.csv,2026-09-05T10:40:54Z
ee760497557e788fc8ae0309,2026-09-04T13:41-05:00,2026-09-04T18:41:00Z,2026-09-04,2.03156,-76.8035,VIIRS-Suomi-NPP,Suomi-NPP,VIIRS,78.7,24.1,15.6,Nominal,D,0.39,0.36,true,false,Puntos_de_calor_Colombia_2026-09-04.csv,2026-09-05T10:40:54Z
eef2a41a3550bc1b73fe8ade,2026-09-04T13:41-05:00,2026-09-04T18:41:00Z,2026-09-04,10.4145,-73.16563,VIIRS-Suomi-NPP,Suomi-NPP,VIIRS,72.7,30.3,3.5,Nominal,D,0.39,0.44,true,false,Puntos_de_calor_Colombia_2026-09-04.csv,2026-09-05T10:40:54Z
f013e3cc8fbd93031d7551d0,2026-09-04T13:41-05:00,2026-09-04T18:41:00Z,2026-09-04,2.03487,-76.804,VIIRS-Suomi-NPP,Suomi-NPP,VIIRS,83.9,22.7,37.3,Nominal,D,0.39,0.36,true,false,Puntos_de_calor_Colombia_2026-09-04.csv,2026-09-05T10:40:54Z
f22e707ba8f23abe401b5fd2,2026-09-04T13:41-05:00,2026-09-04T18:41:00Z,2026-09-04,8.20012,-72.46574,VIIRS-Suomi-NPP,Suomi-NPP,VIIRS,59.4,22,3.3,Nominal,D,0.4,0.44,true,false,Puntos_de_calor_Colombia_2026-09-04.csv,2026-09-05T10:40:54Z
f366afdc440728d5eb017b7e,2026-09-04T13:41-05:00,2026-09-04T18:41:00Z,2026-09-04,8.72792,-73.53959,VIIRS-Suomi-NPP,Suomi-NPP,VIIRS,66.3,24.1,12.8,Nominal,D,0.53,0.42,true,false,Puntos_de_calor_Colombia_2026-09-04.csv,2026-09-05T10:40:54Z
f8da84ce75cdb21d8f48c8a5,2026-09-04T13:41-05:00,2026-09-04T18:41:00Z,2026-09-04,8.19602,-72.46521,VIIRS-Suomi-NPP,Suomi-NPP,VIIRS,68.7,24.2,3.3,Nominal,D,0.4,0.44,true,false,Puntos_de_calor_Colombia_2026-09-04.csv,2026-09-05T10:40:54Z
f9969c6ed449748fe2230be1,2026-09-04T13:41-05:00,2026-09-04T18:41:00Z,2026-09-04,7.75237,-74.20162,VIIRS-Suomi-NPP,Suomi-NPP,VIIRS,58.9,16.3,3.9,Nominal,D,0.47,0.4,true,false,Puntos_de_calor_Colombia_2026-09-04.csv,2026-09-05T10:40:54Z
fa16627b824a63d423716439,2026-09-04T13:41-05:00,2026-09-04T18:41:00Z,2026-09-04,8.85333,-73.52703,VIIRS-Suomi-NPP,Suomi-NPP,VIIRS,60.8,24.3,9.9,Nominal,D,0.53,0.42,true,false,Puntos_de_calor_Colombia_2026-09-04.csv,2026-09-05T10:40:54Z
fa5e7b636dfca4ce725858c4,2026-09-04T13:41-05:00,2026-09-04T18:41:00Z,2026-09-04,3.69996,-76.35056,VIIRS-Suomi-NPP,Suomi-NPP,VIIRS,65.3,26.2,6,Nominal,D,0.38,0.36,true,false,Puntos_de_calor_Colombia_2026-09-04.csv,2026-09-05T10:40:54Z
01037c1dc4d5704fe77b2494,2026-09-04T13:43-05:00,2026-09-04T18:43:00Z,2026-09-04,10.83036,-74.75003,VIIRS-Suomi-NPP,Suomi-NPP,VIIRS,64,26.3,3.6,Nominal,D,0.48,0.4,true,false,Puntos_de_calor_Colombia_2026-09-04.csv,2026-09-05T10:40:54Z
071036892e5a8ea8e018329a,2026-09-04T13:43-05:00,2026-09-04T18:43:00Z,2026-09-04,11.0635,-72.95045,VIIRS-Suomi-NPP,Suomi-NPP,VIIRS,62.6,26.2,4.3,Nominal,D,0.41,0.45,true,false,Puntos_de_calor_Colombia_2026-09-04.csv,2026-09-05T10:40:54Z
07dc00a7c544f3ac358b4b06,2026-09-04T13:43-05:00,2026-09-04T18:43:00Z,2026-09-04,5.4116,-74.71509,VIIRS-Suomi-NPP,Suomi-NPP,VIIRS,72.7,33.7,4.2,Nominal,D,0.43,0.38,true,false,Puntos_de_calor_Colombia_2026-09-04.csv,2026-09-05T10:40:54Z
08dc713d092c734257ee1ab9,2026-09-04T13:43-05:00,2026-09-04T18:43:00Z,2026-09-04,5.40811,-74.71457,VIIRS-Suomi-NPP,Suomi-NPP,VIIRS,83.2,33.6,5.2,Baja,D,0.43,0.38,true,false,Puntos_de_calor_Colombia_2026-09-04.csv,2026-09-05T10:40:54Z
0c9a4ec6b4e20fd6541c7087,2026-09-04T13:43-05:00,2026-09-04T18:43:00Z,2026-09-04,5.41337,-74.72719,VIIRS-Suomi-NPP,Suomi-NPP,VIIRS,63.1,32.6,2.8,Nominal,D,0.43,0.38,true,false,Puntos_de_calor_Colombia_2026-09-04.csv,2026-09-05T10:40:54Z
269768a66a081500f05ede88,2026-09-04T13:43-05:00,2026-09-04T18:43:00Z,2026-09-04,10.4753,-75.0742,VIIRS-Suomi-NPP,Suomi-NPP,VIIRS,76.3,28.3,12,Nominal,D,0.46,0.39,true,false,Puntos_de_calor_Colombia_2026-09-04.csv,2026-09-05T10:40:54Z
2886cad88987d087b2ba86c6,2026-09-04T13:43-05:00,2026-09-04T18:43:00Z,2026-09-04,11.24475,-72.36277,VIIRS-Suomi-NPP,Suomi-NPP,VIIRS,67.5,26.9,4,Nominal,D,0.45,0.47,true,false,Puntos_de_calor_Colombia_2026-09-04.csv,2026-09-05T10:40:54Z
28e11bfaabb849a6f3602130,2026-09-04T13:43-05:00,2026-09-04T18:43:00Z,2026-09-04,5.41686,-74.7277,VIIRS-Suomi-NPP,Suomi-NPP,VIIRS,78,32.3,3.1,Nominal,D,0.43,0.38,true,false,Puntos_de_calor_Colombia_2026-09-04.csv,2026-09-05T10:40:54Z
2b730de02747879c9df7cc85,2026-09-04T13:43-05:00,2026-09-04T18:43:00Z,2026-09-04,5.41217,-74.71124,VIIRS-Suomi-NPP,Suomi-NPP,VIIRS,82,33.5,7.1,Nominal,D,0.43,0.38,true,false,Puntos_de_calor_Colombia_2026-09-04.csv,2026-09-05T10:40:54Z
373b6ad93ee36a6b1dc5510f,2026-09-04T13:43-05:00,2026-09-04T18:43:00Z,2026-09-04,11.33528,-72.24725,VIIRS-Suomi-NPP,Suomi-NPP,VIIRS,70.1,28.7,5.9,Nominal,D,0.46,0.47,true,false,Puntos_de_calor_Colombia_2026-09-04.csv,2026-09-05T10:40:54Z
38f1fe0bedfa06854b9c6d39,2026-09-04T13:43-05:00,2026-09-04T18:43:00Z,2026-09-04,10.56664,-74.79872,VIIRS-Suomi-NPP,Suomi-NPP,VIIRS,66,29.3,13.3,Nominal,D,0.48,0.4,true,false,Puntos_de_calor_Colombia_2026-09-04.csv,2026-09-05T10:40:54Z
41bd78cbc66a57a19bd6bb6b,2026-09-04T13:43-05:00,2026-09-04T18:43:00Z,2026-09-04,5.40576,-74.70634,VIIRS-Suomi-NPP,Suomi-NPP,VIIRS,83.2,32.8,4.4,Nominal,D,0.43,0.38,true,false,Puntos_de_calor_Colombia_2026-09-04.csv,2026-09-05T10:40:54Z
4b3c27759bef32d8c6bfb4b1,2026-09-04T13:43-05:00,2026-09-04T18:43:00Z,2026-09-04,5.40754,-74.71843,VIIRS-Suomi-NPP,Suomi-NPP,VIIRS,64.6,33.4,5.2,Nominal,D,0.43,0.38,true,false,Puntos_de_calor_Colombia_2026-09-04.csv,2026-09-05T10:40:54Z
4b7e961817145bd2dcc86fdf,2026-09-04T13:43-05:00,2026-09-04T18:43:00Z,2026-09-04,11.06766,-72.95086,VIIRS-Suomi-NPP,Suomi-NPP,VIIRS,58.9,25.3,4.3,Nominal,D,0.41,0.45,true,false,Puntos_de_calor_Colombia_2026-09-04.csv,2026-09-05T10:40:54Z
4c5efd6c45b099628a04ab53,2026-09-04T13:43-05:00,2026-09-04T18:43:00Z,2026-09-04,11.2303,-72.32825,VIIRS-Suomi-NPP,Suomi-NPP,VIIRS,62.6,27.9,2,Nominal,D,0.45,0.47,true,false,Puntos_de_calor_Colombia_2026-09-04.csv,2026-09-05T10:40:54Z
4fbf9ca62427e7ed1772edc3,2026-09-04T13:43-05:00,2026-09-04T18:43:00Z,2026-09-04,4.68994,-74.62577,VIIRS-Suomi-NPP,Suomi-NPP,VIIRS,60.1,30.1,3.9,Nominal,D,0.42,0.38,true,false,Puntos_de_calor_Colombia_2026-09-04.csv,2026-09-05T10:40:54Z
51b10bfc8107cb5fecb4b1a6,2026-09-04T13:43-05:00,2026-09-04T18:43:00Z,2026-09-04,5.09221,-69.99345,VIIRS-Suomi-NPP,Suomi-NPP,VIIRS,72.2,16.9,6.8,Nominal,D,0.53,0.5,true,false,Puntos_de_calor_Colombia_2026-09-04.csv,2026-09-05T10:40:54Z
585765a37923651e2aa35848,2026-09-04T13:43-05:00,2026-09-04T18:43:00Z,2026-09-04,4.46567,-74.51383,VIIRS-Suomi-NPP,Suomi-NPP,VIIRS,65.6,30.8,7,Nominal,D,0.43,0.38,true,false,Puntos_de_calor_Colombia_2026-09-04.csv,2026-09-05T10:40:54Z
5f8664bc5eac828dc9e81ab2,2026-09-04T13:43-05:00,2026-09-04T18:43:00Z,2026-09-04,5.40982,-74.703,VIIRS-Suomi-NPP,Suomi-NPP,VIIRS,69.4,27.8,4,Nominal,D,0.43,0.38,true,false,Puntos_de_calor_Colombia_2026-09-04.csv,2026-09-05T10:40:54Z
678368cbdcf41e83cbca5b3d,2026-09-04T13:43-05:00,2026-09-04T18:43:00Z,2026-09-04,5.40633,-74.70248,VIIRS-Suomi-NPP,Suomi-NPP,VIIRS,79.4,30.9,4,Nominal,D,0.43,0.38,true,false,Puntos_de_calor_Colombia_2026-09-04.csv,2026-09-05T10:40:54Z
6af1e350735620384564e87e,2026-09-04T13:43-05:00,2026-09-04T18:43:00Z,2026-09-04,10.916,-73.15349,VIIRS-Suomi-NPP,Suomi-NPP,VIIRS,62.8,25.4,5,Nominal,D,0.4,0.44,true,false,Puntos_de_calor_Colombia_2026-09-04.csv,2026-09-05T10:40:54Z
6dacbdf1868e2b64da825d1e,2026-09-04T13:43-05:00,2026-09-04T18:43:00Z,2026-09-04,10.69564,-75.22047,VIIRS-Suomi-NPP,Suomi-NPP,VIIRS,73.2,26.7,4.6,Nominal,D,0.46,0.39,true,false,Puntos_de_calor_Colombia_2026-09-04.csv,2026-09-05T10:40:54Z
743489a57bfb86189b6aae79,2026-09-04T13:43-05:00,2026-09-04T18:43:00Z,2026-09-04,11.06299,-72.95429,VIIRS-Suomi-NPP,Suomi-NPP,VIIRS,67.5,25.6,4.3,Nominal,D,0.41,0.45,true,false,Puntos_de_calor_Colombia_2026-09-04.csv,2026-09-05T10:40:54Z
750f8180b45c4538dd368c54,2026-09-04T13:43-05:00,2026-09-04T18:43:00Z,2026-09-04,11.17317,-72.77264,VIIRS-Suomi-NPP,Suomi-NPP,VIIRS,65.7,26.9,28.3,Nominal,D,0.42,0.45,true,false,Puntos_de_calor_Colombia_2026-09-04.csv,2026-09-05T10:40:54Z
7b3b22b5bb57e4157930b00f,2026-09-04T13:43-05:00,2026-09-04T18:43:00Z,2026-09-04,10.88436,-74.66286,VIIRS-Suomi-NPP,Suomi-NPP,VIIRS,60.9,24.4,3.2,Nominal,D,0.49,0.4,true,false,Puntos_de_calor_Colombia_2026-09-04.csv,2026-09-05T10:40:54Z
7cb7f6ad798f2f8220bfc253,2026-09-04T13:43-05:00,2026-09-04T18:43:00Z,2026-09-04,6.06959,-74.21037,VIIRS-Suomi-NPP,Suomi-NPP,VIIRS,61.8,18.8,3,Nominal,D,0.45,0.39,true,false,Puntos_de_calor_Colombia_2026-09-04.csv,2026-09-05T10:40:54Z
7fce0a3986c73dec07914309,2026-09-04T13:43-05:00,2026-09-04T18:43:00Z,2026-09-04,11.06713,-72.95474,VIIRS-Suomi-NPP,Suomi-NPP,VIIRS,63.1,25,4.3,Nominal,D,0.41,0.45,true,false,Puntos_de_calor_Colombia_2026-09-04.csv,2026-09-05T10:40:54Z
888ae19097bdacc644cb8ab1,2026-09-04T13:43-05:00,2026-09-04T18:43:00Z,2026-09-04,10.95332,-72.77412,VIIRS-Suomi-NPP,Suomi-NPP,VIIRS,65.6,28.6,3.8,Nominal,D,0.42,0.45,true,false,Puntos_de_calor_Colombia_2026-09-04.csv,2026-09-05T10:40:54Z
903f44c7c182bbac2dc11adc,2026-09-04T13:43-05:00,2026-09-04T18:43:00Z,2026-09-04,11.33093,-72.24667,VIIRS-Suomi-NPP,Suomi-NPP,VIIRS,72.7,27.6,8.3,Nominal,D,0.46,0.47,true,false,Puntos_de_calor_Colombia_2026-09-04.csv,2026-09-05T10:40:54Z
94939af2b2f7b97e119a9d7a,2026-09-04T13:43-05:00,2026-09-04T18:43:00Z,2026-09-04,11.17366,-72.76894,VIIRS-Suomi-NPP,Suomi-NPP,VIIRS,71.2,30.4,28.3,Nominal,D,0.42,0.45,true,false,Puntos_de_calor_Colombia_2026-09-04.csv,2026-09-05T10:40:54Z
a6717f0995d31ffb55c6594f,2026-09-04T13:43-05:00,2026-09-04T18:43:00Z,2026-09-04,5.41046,-74.72281,VIIRS-Suomi-NPP,Suomi-NPP,VIIRS,70.5,32.4,2.8,Nominal,D,0.43,0.38,true,false,Puntos_de_calor_Colombia_2026-09-04.csv,2026-09-05T10:40:54Z
b09206305e7e183e5b091122,2026-09-04T13:43-05:00,2026-09-04T18:43:00Z,2026-09-04,10.95411,-72.77464,VIIRS-Suomi-NPP,Suomi-NPP,VIIRS,64.6,28.5,3.1,Nominal,D,0.42,0.45,true,false,Puntos_de_calor_Colombia_2026-09-04.csv,2026-09-05T10:40:54Z
bc2be604c8530a210ce399dd,2026-09-04T13:43-05:00,2026-09-04T18:43:00Z,2026-09-04,5.40519,-74.7102,VIIRS-Suomi-NPP,Suomi-NPP,VIIRS,65.8,33.6,4.4,Nominal,D,0.43,0.38,true,false,Puntos_de_calor_Colombia_2026-09-04.csv,2026-09-05T10:40:54Z
c411edcf609d01d7e01dabb8,2026-09-04T13:43-05:00,2026-09-04T18:43:00Z,2026-09-04,10.69204,-75.21995,VIIRS-Suomi-NPP,Suomi-NPP,VIIRS,62,25.6,4.6,Nominal,D,0.46,0.39,true,false,Puntos_de_calor_Colombia_2026-09-04.csv,2026-09-05T10:40:54Z
c54500dd1e74f62c054a7233,2026-09-04T13:43-05:00,2026-09-04T18:43:00Z,2026-09-04,5.41744,-74.72384,VIIRS-Suomi-NPP,Suomi-NPP,VIIRS,63.7,31.3,3.1,Nominal,D,0.43,0.38,true,false,Puntos_de_calor_Colombia_2026-09-04.csv,2026-09-05T10:40:54Z
ca43522f65f33a629e50d9ad,2026-09-04T13:43-05:00,2026-09-04T18:43:00Z,2026-09-04,4.37244,-75.8149,VIIRS-Suomi-NPP,Suomi-NPP,VIIRS,69,36.4,8,Nominal,D,0.39,0.36,true,false,Puntos_de_calor_Colombia_2026-09-04.csv,2026-09-05T10:40:54Z
cfbe9cbd65ccb0c74275eeed,2026-09-04T13:43-05:00,2026-09-04T18:43:00Z,2026-09-04,5.41103,-74.71894,VIIRS-Suomi-NPP,Suomi-NPP,VIIRS,73.8,33.4,4.2,Nominal,D,0.43,0.38,true,false,Puntos_de_calor_Colombia_2026-09-04.csv,2026-09-05T10:40:54Z
d5ac9522a17d6da210c2c50b,2026-09-04T13:43-05:00,2026-09-04T18:43:00Z,2026-09-04,11.24906,-72.36336,VIIRS-Suomi-NPP,Suomi-NPP,VIIRS,69,26.5,3.1,Nominal,D,0.45,0.47,true,false,Puntos_de_calor_Colombia_2026-09-04.csv,2026-09-05T10:40:54Z
dad9de339748203f6f31fb3e,2026-09-04T13:43-05:00,2026-09-04T18:43:00Z,2026-09-04,5.40925,-74.70686,VIIRS-Suomi-NPP,Suomi-NPP,VIIRS,76.7,32,4.4,Nominal,D,0.43,0.38,true,false,Puntos_de_calor_Colombia_2026-09-04.csv,2026-09-05T10:40:54Z
dccc6027448b706df2d4bd7d,2026-09-04T13:43-05:00,2026-09-04T18:43:00Z,2026-09-04,11.00593,-73.43486,VIIRS-Suomi-NPP,Suomi-NPP,VIIRS,58.5,21.2,5.7,Nominal,D,0.57,0.43,true,false,Puntos_de_calor_Colombia_2026-09-04.csv,2026-09-05T10:40:54Z
dce6f7422f502af50e1451f7,2026-09-04T13:43-05:00,2026-09-04T18:43:00Z,2026-09-04,5.41395,-74.72332,VIIRS-Suomi-NPP,Suomi-NPP,VIIRS,67.8,31.8,2.8,Nominal,D,0.43,0.38,true,false,Puntos_de_calor_Colombia_2026-09-04.csv,2026-09-05T10:40:54Z
de0bc3e73e19d0d499cff494,2026-09-04T13:43-05:00,2026-09-04T18:43:00Z,2026-09-04,10.86199,-74.68689,VIIRS-Suomi-NPP,Suomi-NPP,VIIRS,66.1,28.3,9.3,Nominal,D,0.48,0.4,true,false,Puntos_de_calor_Colombia_2026-09-04.csv,2026-09-05T10:40:54Z
e2094fa4715e9ed573b54520,2026-09-04T13:43-05:00,2026-09-04T18:43:00Z,2026-09-04,10.9343,-74.6683,VIIRS-Suomi-NPP,Suomi-NPP,VIIRS,61.6,25.1,2.8,Nominal,D,0.49,0.4,true,false,Puntos_de_calor_Colombia_2026-09-04.csv,2026-09-05T10:40:54Z
e80525c2caf8f73f0b787f9c,2026-09-04T13:43-05:00,2026-09-04T18:43:00Z,2026-09-04,5.02135,-74.72038,VIIRS-Suomi-NPP,Suomi-NPP,VIIRS,66.8,31.9,11,Nominal,D,0.42,0.38,true,false,Puntos_de_calor_Colombia_2026-09-04.csv,2026-09-05T10:40:54Z
f01d9b431ccb14e347ca8735,2026-09-04T13:43-05:00,2026-09-04T18:43:00Z,2026-09-04,10.69045,-74.97447,VIIRS-Suomi-NPP,Suomi-NPP,VIIRS,62.8,27.2,5.2,Nominal,D,0.47,0.4,true,false,Puntos_de_calor_Colombia_2026-09-04.csv,2026-09-05T10:40:54Z
f062c86c8aa95105660f5118,2026-09-04T13:43-05:00,2026-09-04T18:43:00Z,2026-09-04,5.21141,-72.61046,VIIRS-Suomi-NPP,Suomi-NPP,VIIRS,63.5,20.5,8.4,Nominal,D,0.54,0.42,true,false,Puntos_de_calor_Colombia_2026-09-04.csv,2026-09-05T10:40:54Z
f2e4fe38697e760056086a0b,2026-09-04T13:43-05:00,2026-09-04T18:43:00Z,2026-09-04,11.24092,-73.16548,VIIRS-Suomi-NPP,Suomi-NPP,VIIRS,63,24.3,1.9,Nominal,D,0.4,0.44,true,false,Puntos_de_calor_Colombia_2026-09-04.csv,2026-09-05T10:40:54Z
fbe55bfd4176011e93eea5cd,2026-09-04T13:43-05:00,2026-09-04T18:43:00Z,2026-09-04,5.40868,-74.71072,VIIRS-Suomi-NPP,Suomi-NPP,VIIRS,83.2,34,4.4,Baja,D,0.43,0.38,true,false,Puntos_de_calor_Colombia_2026-09-04.csv,2026-09-05T10:40:54Z
fd2bd942e85725832f3669d6,2026-09-04T13:43-05:00,2026-09-04T18:43:00Z,2026-09-04,11.23185,-72.3273,VIIRS-Suomi-NPP,Suomi-NPP,VIIRS,62.6,28.6,2.7,Nominal,D,0.45,0.47,true,false,Puntos_de_calor_Colombia_2026-09-04.csv,2026-09-05T10:40:54Z
04c96c5eeb073249b911e5e4,2026-09-04T14:00-05:00,2026-09-04T19:00:00Z,2026-09-04,5.67684,-74.54943,VIIRS-NOAA-20,NOAA-20,VIIRS,80.2,16.9,12.2,Nominal,D,0.37,0.58,true,true,Puntos_de_calor_Colombia_2026-09-04.csv,2026-09-05T10:40:54Z
07d2178a0745b2c930e4c505,2026-09-04T14:00-05:00,2026-09-04T19:00:00Z,2026-09-04,2.01933,-76.91238,VIIRS-NOAA-20,NOAA-20,VIIRS,54.4,22.6,2.4,Nominal,D,0.45,0.47,true,true,Puntos_de_calor_Colombia_2026-09-04.csv,2026-09-05T10:40:54Z
0b5494331de446b955bc3534,2026-09-04T14:00-05:00,2026-09-04T19:00:00Z,2026-09-04,2.73998,-76.32982,VIIRS-NOAA-20,NOAA-20,VIIRS,56.5,-2.2,7.3,Nominal,D,0.5,0.49,true,true,Puntos_de_calor_Colombia_2026-09-04.csv,2026-09-05T10:40:54Z
1f545e1ceda483d5d68d1eeb,2026-09-04T14:00-05:00,2026-09-04T19:00:00Z,2026-09-04,1.25898,-74.13516,VIIRS-NOAA-20,NOAA-20,VIIRS,77.9,18.2,6.6,Nominal,D,0.33,0.56,true,true,Puntos_de_calor_Colombia_2026-09-04.csv,2026-09-05T10:40:54Z
22c9b9888758ad1293787330,2026-09-04T14:00-05:00,2026-09-04T19:00:00Z,2026-09-04,5.09186,-69.99271,VIIRS-NOAA-20,NOAA-20,VIIRS,53.9,10.5,8.9,Nominal,D,0.74,0.76,true,true,Puntos_de_calor_Colombia_2026-09-04.csv,2026-09-05T10:40:54Z
24a27592a6ca41ef3c5552bf,2026-09-04T14:00-05:00,2026-09-04T19:00:00Z,2026-09-04,1.43564,-77.62501,VIIRS-NOAA-20,NOAA-20,VIIRS,82.6,20.5,12.3,Nominal,D,0.39,0.44,true,true,Puntos_de_calor_Colombia_2026-09-04.csv,2026-09-05T10:40:54Z
267c346dcfa88de2ab833257,2026-09-04T14:00-05:00,2026-09-04T19:00:00Z,2026-09-04,1.25853,-74.13817,VIIRS-NOAA-20,NOAA-20,VIIRS,77.6,19.4,6.9,Nominal,D,0.33,0.56,true,true,Puntos_de_calor_Colombia_2026-09-04.csv,2026-09-05T10:40:54Z
327ed57677f2341af5c31f37,2026-09-04T14:00-05:00,2026-09-04T19:00:00Z,2026-09-04,1.06928,-76.00619,VIIRS-NOAA-20,NOAA-20,VIIRS,69.4,22.3,10.5,Nominal,D,0.49,0.49,true,true,Puntos_de_calor_Colombia_2026-09-04.csv,2026-09-05T10:40:54Z
3b7d49c16d5ee52093878151,2026-09-04T14:00-05:00,2026-09-04T19:00:00Z,2026-09-04,3.24353,-76.47744,VIIRS-NOAA-20,NOAA-20,VIIRS,60.5,21.6,14.7,Nominal,D,0.5,0.49,true,true,Puntos_de_calor_Colombia_2026-09-04.csv,2026-09-05T10:40:54Z
416fdee7185b17d288f3dc61,2026-09-04T14:00-05:00,2026-09-04T19:00:00Z,2026-09-04,2.10095,-76.71709,VIIRS-NOAA-20,NOAA-20,VIIRS,64.5,21.1,20,Nominal,D,0.46,0.47,true,true,Puntos_de_calor_Colombia_2026-09-04.csv,2026-09-05T10:40:54Z
424442825d94234e160cfaf0,2026-09-04T14:00-05:00,2026-09-04T19:00:00Z,2026-09-04,1.4397,-77.62535,VIIRS-NOAA-20,NOAA-20,VIIRS,76,15.4,12.3,Nominal,D,0.39,0.44,true,true,Puntos_de_calor_Colombia_2026-09-04.csv,2026-09-05T10:40:54Z
4738900169f34e4ddd5c1569,2026-09-04T14:00-05:00,2026-09-04T19:00:00Z,2026-09-04,2.46314,-76.61216,VIIRS-NOAA-20,NOAA-20,VIIRS,57.9,12.8,2.8,Nominal,D,0.47,0.48,true,true,Puntos_de_calor_Colombia_2026-09-04.csv,2026-09-05T10:40:54Z
4e3868d1bedc837889e9c9f9,2026-09-04T14:00-05:00,2026-09-04T19:00:00Z,2026-09-04,5.67198,-74.54553,VIIRS-NOAA-20,NOAA-20,VIIRS,60,15.8,7.6,Nominal,D,0.37,0.58,true,true,Puntos_de_calor_Colombia_2026-09-04.csv,2026-09-05T10:40:54Z
5510cb30a1a1aabfa44a99ba,2026-09-04T14:00-05:00,2026-09-04T19:00:00Z,2026-09-04,2.03457,-76.80867,VIIRS-NOAA-20,NOAA-20,VIIRS,73.4,27.5,20.6,Nominal,D,0.45,0.47,true,true,Puntos_de_calor_Colombia_2026-09-04.csv,2026-09-05T10:40:54Z
55781c6203137a4394194216,2026-09-04T14:00-05:00,2026-09-04T19:00:00Z,2026-09-04,2.0283,-76.80304,VIIRS-NOAA-20,NOAA-20,VIIRS,75.2,26.2,11.4,Nominal,D,0.45,0.47,true,true,Puntos_de_calor_Colombia_2026-09-04.csv,2026-09-05T10:40:54Z
57910f8f055d9b6522e3c28c,2026-09-04T14:00-05:00,2026-09-04T19:00:00Z,2026-09-04,2.17773,-76.65976,VIIRS-NOAA-20,NOAA-20,VIIRS,63.7,22.6,4.5,Nominal,D,0.47,0.47,true,true,Puntos_de_calor_Colombia_2026-09-04.csv,2026-09-05T10:40:54Z
5b4588408726e1fb8e7c0dec,2026-09-04T14:00-05:00,2026-09-04T19:00:00Z,2026-09-04,2.0678,-76.82094,VIIRS-NOAA-20,NOAA-20,VIIRS,72.2,27.2,4.2,Nominal,D,0.45,0.47,true,true,Puntos_de_calor_Colombia_2026-09-04.csv,2026-09-05T10:40:54Z
5c02377755a06ced5fcbd7b6,2026-09-04T14:00-05:00,2026-09-04T19:00:00Z,2026-09-04,2.01874,-76.91639,VIIRS-NOAA-20,NOAA-20,VIIRS,55.9,24,2.7,Nominal,D,0.45,0.47,true,true,Puntos_de_calor_Colombia_2026-09-04.csv,2026-09-05T10:40:54Z
5de676e3fd79779413e038cd,2026-09-04T14:00-05:00,2026-09-04T19:00:00Z,2026-09-04,2.03966,-76.80379,VIIRS-NOAA-20,NOAA-20,VIIRS,80.5,26.7,16.8,Nominal,D,0.45,0.47,true,true,Puntos_de_calor_Colombia_2026-09-04.csv,2026-09-05T10:40:54Z
66cdb5ff33717b3177604d2e,2026-09-04T14:00-05:00,2026-09-04T19:00:00Z,2026-09-04,1.26092,-74.22662,VIIRS-NOAA-20,NOAA-20,VIIRS,58,19.7,2.4,Nominal,D,0.33,0.55,true,true,Puntos_de_calor_Colombia_2026-09-04.csv,2026-09-05T10:40:54Z
697ef70d2b2534b3a3f0d164,2026-09-04T14:00-05:00,2026-09-04T19:00:00Z,2026-09-04,2.03619,-76.80872,VIIRS-NOAA-20,NOAA-20,VIIRS,66.9,22,11.1,Nominal,D,0.45,0.47,true,true,Puntos_de_calor_Colombia_2026-09-04.csv,2026-09-05T10:40:54Z
73f9ee05ff6936abdcb7d7f0,2026-09-04T14:00-05:00,2026-09-04T19:00:00Z,2026-09-04,2.03261,-76.80351,VIIRS-NOAA-20,NOAA-20,VIIRS,77.7,33.1,11.4,Nominal,D,0.45,0.47,true,true,Puntos_de_calor_Colombia_2026-09-04.csv,2026-09-05T10:40:54Z
7897820f3c0aea8279d52a34,2026-09-04T14:00-05:00,2026-09-04T19:00:00Z,2026-09-04,2.03695,-76.80383,VIIRS-NOAA-20,NOAA-20,VIIRS,76.3,37,48.1,Nominal,D,0.45,0.47,true,true,Puntos_de_calor_Colombia_2026-09-04.csv,2026-09-05T10:40:54Z
7a349457c7505c01de88e226,2026-09-04T14:00-05:00,2026-09-04T19:00:00Z,2026-09-04,2.10151,-76.7133,VIIRS-NOAA-20,NOAA-20,VIIRS,67.3,23.3,20,Nominal,D,0.46,0.47,true,true,Puntos_de_calor_Colombia_2026-09-04.csv,2026-09-05T10:40:54Z
7baffc64e68d43f9bb6ecf4a,2026-09-04T14:00-05:00,2026-09-04T19:00:00Z,2026-09-04,2.03097,-76.8033,VIIRS-NOAA-20,NOAA-20,VIIRS,69.8,30.3,25.2,Nominal,D,0.45,0.47,true,true,Puntos_de_calor_Colombia_2026-09-04.csv,2026-09-05T10:40:54Z
80c0fbc2d725e6c3fb7c04ec,2026-09-04T14:00-05:00,2026-09-04T19:00:00Z,2026-09-04,1.07376,-76.00684,VIIRS-NOAA-20,NOAA-20,VIIRS,67,19.1,10.5,Nominal,D,0.49,0.49,true,true,Puntos_de_calor_Colombia_2026-09-04.csv,2026-09-05T10:40:54Z
80cf16475e2da7d2fb2f4537,2026-09-04T14:00-05:00,2026-09-04T19:00:00Z,2026-09-04,1.07172,-76.00281,VIIRS-NOAA-20,NOAA-20,VIIRS,67.1,20,14.7,Nominal,D,0.49,0.49,true,true,Puntos_de_calor_Colombia_2026-09-04.csv,2026-09-05T10:40:54Z
9faf7ab5db22f8e14151e275,2026-09-04T14:00-05:00,2026-09-04T19:00:00Z,2026-09-04,1.07103,-76.00727,VIIRS-NOAA-20,NOAA-20,VIIRS,62.1,21.5,14.8,Nominal,D,0.49,0.49,true,true,Puntos_de_calor_Colombia_2026-09-04.csv,2026-09-05T10:40:54Z
a880736003068db339feb118,2026-09-04T14:00-05:00,2026-09-04T19:00:00Z,2026-09-04,3.13787,-76.7021,VIIRS-NOAA-20,NOAA-20,VIIRS,55.9,7.2,2.6,Nominal,D,0.48,0.48,true,true,Puntos_de_calor_Colombia_2026-09-04.csv,2026-09-05T10:40:54Z
aee7fe7ddc342df4405b77d4,2026-09-04T14:00-05:00,2026-09-04T19:00:00Z,2026-09-04,2.03019,-76.80863,VIIRS-NOAA-20,NOAA-20,VIIRS,79.4,29,20.6,Nominal,D,0.45,0.47,true,true,Puntos_de_calor_Colombia_2026-09-04.csv,2026-09-05T10:40:54Z
b114dd4831a92fe0911b15b1,2026-09-04T14:00-05:00,2026-09-04T19:00:00Z,2026-09-04,1.25015,-77.75748,VIIRS-NOAA-20,NOAA-20,VIIRS,61.4,14.9,2.7,Nominal,D,0.38,0.43,true,true,Puntos_de_calor_Colombia_2026-09-04.csv,2026-09-05T10:40:54Z
c033a6b171890e2494a86757,2026-09-04T14:00-05:00,2026-09-04T19:00:00Z,2026-09-04,1.25564,-74.13631,VIIRS-NOAA-20,NOAA-20,VIIRS,93.9,19.3,8.5,Alta,D,0.33,0.56,true,true,Puntos_de_calor_Colombia_2026-09-04.csv,2026-09-05T10:40:54Z
c0484aa2afd4efb20b34c7c3,2026-09-04T14:00-05:00,2026-09-04T19:00:00Z,2026-09-04,3.98134,-71.60763,VIIRS-NOAA-20,NOAA-20,VIIRS,56.8,12.1,3.9,Nominal,D,0.55,0.68,true,true,Puntos_de_calor_Colombia_2026-09-04.csv,2026-09-05T10:40:54Z
c3757c00d7afd343f3cecd5e,2026-09-04T14:00-05:00,2026-09-04T19:00:00Z,2026-09-04,3.24419,-76.47298,VIIRS-NOAA-20,NOAA-20,VIIRS,57.1,15.5,14.7,Nominal,D,0.5,0.49,true,true,Puntos_de_calor_Colombia_2026-09-04.csv,2026-09-05T10:40:54Z
c9ca8c0412833499c50f1425,2026-09-04T14:00-05:00,2026-09-04T19:00:00Z,2026-09-04,2.0318,-76.80872,VIIRS-NOAA-20,NOAA-20,VIIRS,76.5,31.3,16.9,Nominal,D,0.45,0.47,true,true,Puntos_de_calor_Colombia_2026-09-04.csv,2026-09-05T10:40:54Z
ca87977a8d8f38969e56c143,2026-09-04T14:00-05:00,2026-09-04T19:00:00Z,2026-09-04,2.91046,-76.26404,VIIRS-NOAA-20,NOAA-20,VIIRS,58.9,5.5,8.9,Nominal,D,0.51,0.49,true,true,Puntos_de_calor_Colombia_2026-09-04.csv,2026-09-05T10:40:54Z
cbaf97beaff436771869d015,2026-09-04T14:00-05:00,2026-09-04T19:00:00Z,2026-09-04,2.09431,-77.16704,VIIRS-NOAA-20,NOAA-20,VIIRS,55.7,21.3,4.9,Nominal,D,0.43,0.46,true,true,Puntos_de_calor_Colombia_2026-09-04.csv,2026-09-05T10:40:54Z
d575af984b62f1c45c730319,2026-09-04T14:00-05:00,2026-09-04T19:00:00Z,2026-09-04,4.43859,-75.0239,VIIRS-NOAA-20,NOAA-20,VIIRS,59.2,20.2,3.4,Nominal,D,0.32,0.55,true,true,Puntos_de_calor_Colombia_2026-09-04.csv,2026-09-05T10:40:54Z
d99e8257dfa910556d7b6979,2026-09-04T14:00-05:00,2026-09-04T19:00:00Z,2026-09-04,2.09323,-77.16702,VIIRS-NOAA-20,NOAA-20,VIIRS,56.2,19.3,6.7,Nominal,D,0.43,0.46,true,true,Puntos_de_calor_Colombia_2026-09-04.csv,2026-09-05T10:40:54Z
dc572e0841f8727dc118bd25,2026-09-04T14:00-05:00,2026-09-04T19:00:00Z,2026-09-04,5.17682,-70.76687,VIIRS-NOAA-20,NOAA-20,VIIRS,59,13.3,5,Nominal,D,0.65,0.73,true,true,Puntos_de_calor_Colombia_2026-09-04.csv,2026-09-05T10:40:54Z
efcf52ca881f6d1570a147d4,2026-09-04T14:00-05:00,2026-09-04T19:00:00Z,2026-09-04,2.0353,-76.80367,VIIRS-NOAA-20,NOAA-20,VIIRS,80.6,38,25.2,Nominal,D,0.45,0.47,true,true,Puntos_de_calor_Colombia_2026-09-04.csv,2026-09-05T10:40:54Z
f1cd198e0d8654333722e337,2026-09-04T14:00-05:00,2026-09-04T19:00:00Z,2026-09-04,5.6773,-74.54619,VIIRS-NOAA-20,NOAA-20,VIIRS,83.3,16.7,7.6,Baja,D,0.37,0.58,true,true,Puntos_de_calor_Colombia_2026-09-04.csv,2026-09-05T10:40:54Z
196efcff3ed6c559c15787f2,2026-09-04T14:02-05:00,2026-09-04T19:02:00Z,2026-09-04,8.82109,-73.5336,VIIRS-NOAA-20,NOAA-20,VIIRS,80.9,17.2,12.4,Nominal,D,0.48,0.64,true,true,Puntos_de_calor_Colombia_2026-09-04.csv,2026-09-05T10:40:54Z
20d1b51f7ff3df06a8a78d46,2026-09-04T14:02-05:00,2026-09-04T19:02:00Z,2026-09-04,8.72972,-74.02046,VIIRS-NOAA-20,NOAA-20,VIIRS,63.9,17.1,4.3,Nominal,D,0.44,0.62,true,true,Puntos_de_calor_Colombia_2026-09-04.csv,2026-09-05T10:40:54Z
210b487811c1da09ba3d4324,2026-09-04T14:02-05:00,2026-09-04T19:02:00Z,2026-09-04,10.86402,-72.82903,VIIRS-NOAA-20,NOAA-20,VIIRS,62.9,20.5,6.3,Nominal,D,0.57,0.69,true,true,Puntos_de_calor_Colombia_2026-09-04.csv,2026-09-05T10:40:54Z
237328eb606e01b37f724b5f,2026-09-04T14:02-05:00,2026-09-04T19:02:00Z,2026-09-04,10.20653,-73.42548,VIIRS-NOAA-20,NOAA-20,VIIRS,60.8,21.3,3.9,Nominal,D,0.51,0.66,true,true,Puntos_de_calor_Colombia_2026-09-04.csv,2026-09-05T10:40:54Z
250f006973d583491ba3047f,2026-09-04T14:02-05:00,2026-09-04T19:02:00Z,2026-09-04,8.96614,-73.97636,VIIRS-NOAA-20,NOAA-20,VIIRS,57.5,17,8.5,Nominal,D,0.45,0.63,true,true,Puntos_de_calor_Colombia_2026-09-04.csv,2026-09-05T10:40:54Z
3af099462736e5521e13801f,2026-09-04T14:02-05:00,2026-09-04T19:02:00Z,2026-09-04,9.0042,-72.91331,VIIRS-NOAA-20,NOAA-20,VIIRS,71.9,17,4.9,Nominal,D,0.53,0.67,true,true,Puntos_de_calor_Colombia_2026-09-04.csv,2026-09-05T10:40:54Z
40b7eeb09388eff724cc73f0,2026-09-04T14:02-05:00,2026-09-04T19:02:00Z,2026-09-04,11.26493,-72.83185,VIIRS-NOAA-20,NOAA-20,VIIRS,58.6,18.7,2.1,Nominal,D,0.57,0.69,true,true,Puntos_de_calor_Colombia_2026-09-04.csv,2026-09-05T10:40:54Z
426188d48dae47213bda490a,2026-09-04T14:02-05:00,2026-09-04T19:02:00Z,2026-09-04,10.37613,-73.99477,VIIRS-NOAA-20,NOAA-20,VIIRS,81.4,20.6,12.4,Nominal,D,0.47,0.64,true,true,Puntos_de_calor_Colombia_2026-09-04.csv,2026-09-05T10:40:54Z
4e7555141e7b7144354052c9,2026-09-04T14:02-05:00,2026-09-04T19:02:00Z,2026-09-04,10.65585,-74.36883,VIIRS-NOAA-20,NOAA-20,VIIRS,58.6,19.2,4.1,Nominal,D,0.44,0.63,true,true,Puntos_de_calor_Colombia_2026-09-04.csv,2026-09-05T10:40:54Z
51bf31d72ed800ea2d90a5c3,2026-09-04T14:02-05:00,2026-09-04T19:02:00Z,2026-09-04,11.13318,-72.7361,VIIRS-NOAA-20,NOAA-20,VIIRS,93.9,19.2,11.9,Alta,D,0.58,0.7,true,true,Puntos_de_calor_Colombia_2026-09-04.csv,2026-09-05T10:40:54Z
54349f1a9cf22a711f30899a,2026-09-04T14:02-05:00,2026-09-04T19:02:00Z,2026-09-04,8.73389,-73.57265,VIIRS-NOAA-20,NOAA-20,VIIRS,78,15.9,5.2,Nominal,D,0.47,0.64,true,true,Puntos_de_calor_Colombia_2026-09-04.csv,2026-09-05T10:40:54Z
5a0f706b13325a50579aaa28,2026-09-04T14:02-05:00,2026-09-04T19:02:00Z,2026-09-04,8.81761,-73.53012,VIIRS-NOAA-20,NOAA-20,VIIRS,93.9,17.4,18.4,Alta,D,0.48,0.64,true,true,Puntos_de_calor_Colombia_2026-09-04.csv,2026-09-05T10:40:54Z
5b4c6fdc944716ee6abd5601,2026-09-04T14:02-05:00,2026-09-04T19:02:00Z,2026-09-04,8.79192,-74.00242,VIIRS-NOAA-20,NOAA-20,VIIRS,66.6,16.6,4.2,Nominal,D,0.44,0.63,true,true,Puntos_de_calor_Colombia_2026-09-04.csv,2026-09-05T10:40:54Z
5c4a78a787fa84a9ae5b0012,2026-09-04T14:02-05:00,2026-09-04T19:02:00Z,2026-09-04,9.76346,-73.4738,VIIRS-NOAA-20,NOAA-20,VIIRS,57.1,20.8,3.8,Nominal,D,0.5,0.65,true,true,Puntos_de_calor_Colombia_2026-09-04.csv,2026-09-05T10:40:54Z
5c57bfaa105333e777710aa6,2026-09-04T14:02-05:00,2026-09-04T19:02:00Z,2026-09-04,11.13157,-72.7382,VIIRS-NOAA-20,NOAA-20,VIIRS,93.9,20,14.4,Alta,D,0.58,0.7,true,true,Puntos_de_calor_Colombia_2026-09-04.csv,2026-09-05T10:40:54Z
5e8b2466af3d9c1ead60b296,2026-09-04T14:02-05:00,2026-09-04T19:02:00Z,2026-09-04,8.8216,-73.52953,VIIRS-NOAA-20,NOAA-20,VIIRS,83.2,11.7,12.4,Baja,D,0.48,0.64,true,true,Puntos_de_calor_Colombia_2026-09-04.csv,2026-09-05T10:40:54Z
63d2c473e16412f923136585,2026-09-04T14:02-05:00,2026-09-04T19:02:00Z,2026-09-04,11.32907,-72.24371,VIIRS-NOAA-20,NOAA-20,VIIRS,67.4,20.5,7.3,Nominal,D,0.63,0.72,true,true,Puntos_de_calor_Colombia_2026-09-04.csv,2026-09-05T10:40:54Z
671c739414c2fb2dc293688c,2026-09-04T14:02-05:00,2026-09-04T19:02:00Z,2026-09-04,11.26708,-72.83141,VIIRS-NOAA-20,NOAA-20,VIIRS,93.9,18.6,12.3,Alta,D,0.57,0.69,true,true,Puntos_de_calor_Colombia_2026-09-04.csv,2026-09-05T10:40:54Z
6862ee91140af1de14ec9c1d,2026-09-04T14:02-05:00,2026-09-04T19:02:00Z,2026-09-04,11.13242,-72.74281,VIIRS-NOAA-20,NOAA-20,VIIRS,59.5,19.5,11.9,Nominal,D,0.58,0.7,true,true,Puntos_de_calor_Colombia_2026-09-04.csv,2026-09-05T10:40:54Z
74d2f4e9e6489d845b9898d9,2026-09-04T14:02-05:00,2026-09-04T19:02:00Z,2026-09-04,8.82352,-73.53104,VIIRS-NOAA-20,NOAA-20,VIIRS,64.7,14,7.4,Nominal,D,0.48,0.64,true,true,Puntos_de_calor_Colombia_2026-09-04.csv,2026-09-05T10:40:54Z
79d0fd9e10d83af10c1348c0,2026-09-04T14:02-05:00,2026-09-04T19:02:00Z,2026-09-04,8.96686,-73.97752,VIIRS-NOAA-20,NOAA-20,VIIRS,73.9,17.3,10.2,Nominal,D,0.45,0.63,true,true,Puntos_de_calor_Colombia_2026-09-04.csv,2026-09-05T10:40:54Z
873a8035aa1a6a74738d4a4c,2026-09-04T14:02-05:00,2026-09-04T19:02:00Z,2026-09-04,10.37663,-73.99062,VIIRS-NOAA-20,NOAA-20,VIIRS,66.3,18.3,12.4,Nominal,D,0.47,0.64,true,true,Puntos_de_calor_Colombia_2026-09-04.csv,2026-09-05T10:40:54Z
967ee1b46fe8fa9e0de2c7ab,2026-09-04T14:02-05:00,2026-09-04T19:02:00Z,2026-09-04,9.75742,-73.47308,VIIRS-NOAA-20,NOAA-20,VIIRS,59.3,20.7,2.7,Nominal,D,0.5,0.65,true,true,Puntos_de_calor_Colombia_2026-09-04.csv,2026-09-05T10:40:54Z
9e0ed7d1f04292c58a23307f,2026-09-04T14:02-05:00,2026-09-04T19:02:00Z,2026-09-04,10.3779,-73.9907,VIIRS-NOAA-20,NOAA-20,VIIRS,79.2,18.3,11.5,Nominal,D,0.47,0.64,true,true,Puntos_de_calor_Colombia_2026-09-04.csv,2026-09-05T10:40:54Z
adc59b9537994e1b641de000,2026-09-04T14:02-05:00,2026-09-04T19:02:00Z,2026-09-04,10.688,-74.57945,VIIRS-NOAA-20,NOAA-20,VIIRS,59.7,19.1,4.4,Nominal,D,0.43,0.62,true,true,Puntos_de_calor_Colombia_2026-09-04.csv,2026-09-05T10:40:54Z
aee00f42d8225e48a5c61e6f,2026-09-04T14:02-05:00,2026-09-04T19:02:00Z,2026-09-04,7.87409,-74.6724,VIIRS-NOAA-20,NOAA-20,VIIRS,69.4,16.8,3.3,Nominal,D,0.39,0.59,true,true,Puntos_de_calor_Colombia_2026-09-04.csv,2026-09-05T10:40:54Z
b5841066477a1e9b23eaf34e,2026-09-04T14:02-05:00,2026-09-04T19:02:00Z,2026-09-04,8.60228,-73.81973,VIIRS-NOAA-20,NOAA-20,VIIRS,58.7,18.5,2.5,Nominal,D,0.45,0.63,true,true,Puntos_de_calor_Colombia_2026-09-04.csv,2026-09-05T10:40:54Z
b8e6289341b2c9729e0c5b21,2026-09-04T14:02-05:00,2026-09-04T19:02:00Z,2026-09-04,11.33396,-72.24262,VIIRS-NOAA-20,NOAA-20,VIIRS,62.9,20.1,4.5,Nominal,D,0.63,0.72,true,true,Puntos_de_calor_Colombia_2026-09-04.csv,2026-09-05T10:40:54Z
bab660b1d3363a3135b85e5c,2026-09-04T14:02-05:00,2026-09-04T19:02:00Z,2026-09-04,10.8634,-72.83428,VIIRS-NOAA-20,NOAA-20,VIIRS,59,21.6,5.8,Nominal,D,0.57,0.69,true,true,Puntos_de_calor_Colombia_2026-09-04.csv,2026-09-05T10:40:54Z
c0f2367a9cb90cfadb339ae5,2026-09-04T14:02-05:00,2026-09-04T19:02:00Z,2026-09-04,10.43359,-75.22288,VIIRS-NOAA-20,NOAA-20,VIIRS,62.8,19.8,3.2,Nominal,D,0.38,0.59,true,true,Puntos_de_calor_Colombia_2026-09-04.csv,2026-09-05T10:40:54Z
d57631367b432ebdd9c1fca1,2026-09-04T14:02-05:00,2026-09-04T19:02:00Z,2026-09-04,10.69128,-75.22165,VIIRS-NOAA-20,NOAA-20,VIIRS,79.8,19.7,40.2,Nominal,D,0.39,0.59,true,true,Puntos_de_calor_Colombia_2026-09-04.csv,2026-09-05T10:40:54Z
d71b5319bffb184773b896bc,2026-09-04T14:02-05:00,2026-09-04T19:02:00Z,2026-09-04,8.08009,-75.2522,VIIRS-NOAA-20,NOAA-20,VIIRS,55.5,7.8,2.3,Nominal,D,0.35,0.57,true,true,Puntos_de_calor_Colombia_2026-09-04.csv,2026-09-05T10:40:54Z
d729a23ad03db2778af3dc9b,2026-09-04T14:02-05:00,2026-09-04T19:02:00Z,2026-09-04,8.59534,-74.4481,VIIRS-NOAA-20,NOAA-20,VIIRS,60.3,17.2,3.7,Nominal,D,0.41,0.61,true,true,Puntos_de_calor_Colombia_2026-09-04.csv,2026-09-05T10:40:54Z
dc7dd7450b81383c0033ded9,2026-09-04T14:02-05:00,2026-09-04T19:02:00Z,2026-09-04,10.37737,-73.99484,VIIRS-NOAA-20,NOAA-20,VIIRS,81.2,20,11.5,Nominal,D,0.47,0.64,true,true,Puntos_de_calor_Colombia_2026-09-04.csv,2026-09-05T10:40:54Z
dd1efd13bf8cce6ba23b5676,2026-09-04T14:02-05:00,2026-09-04T19:02:00Z,2026-09-04,9.00347,-72.91191,VIIRS-NOAA-20,NOAA-20,VIIRS,66,17,6.2,Nominal,D,0.53,0.67,true,true,Puntos_de_calor_Colombia_2026-09-04.csv,2026-09-05T10:40:54Z
e328e8f3828dc6c090f4e363,2026-09-04T14:02-05:00,2026-09-04T19:02:00Z,2026-09-04,8.80055,-74.42484,VIIRS-NOAA-20,NOAA-20,VIIRS,93.9,19.3,33.5,Alta,D,0.41,0.61,true,true,Puntos_de_calor_Colombia_2026-09-04.csv,2026-09-05T10:40:54Z
e88e25beb8e899d3b980b687,2026-09-04T14:02-05:00,2026-09-04T19:02:00Z,2026-09-04,11.16838,-72.76977,VIIRS-NOAA-20,NOAA-20,VIIRS,67.2,20.5,6,Nominal,D,0.58,0.7,true,true,Puntos_de_calor_Colombia_2026-09-04.csv,2026-09-05T10:40:54Z
f5d17366c1f9e24a16879902,2026-09-04T14:02-05:00,2026-09-04T19:02:00Z,2026-09-04,10.04811,-74.30995,VIIRS-NOAA-20,NOAA-20,VIIRS,60.3,20.3,3.1,Nominal,D,0.44,0.62,true,true,Puntos_de_calor_Colombia_2026-09-04.csv,2026-09-05T10:40:54Z
9eb0d4647584e7e534659a86,2026-09-04T15:02-05:00,2026-09-04T20:02:00Z,2026-09-04,4.40676,-69.6701,MODIS-Aqua,Aqua,MODIS,37.7,21.4,6.4,58 %,D,1.29,1.13,true,true,Puntos_de_calor_Colombia_2026-09-04.csv,2026-09-05T10:40:54Z
bbe43190569120be37930593,2026-09-04T15:02-05:00,2026-09-04T20:02:00Z,2026-09-04,4.40735,-69.6756,MODIS-Aqua,Aqua,MODIS,37.9,21.5,6.6,58 %,D,1.29,1.13,true,true,Puntos_de_calor_Colombia_2026-09-04.csv,2026-09-05T10:40:54Z
4125048e12786b448f88de47,2026-09-04T15:04-05:00,2026-09-04T20:04:00Z,2026-09-04,8.75955,-72.73838,MODIS-Aqua,Aqua,MODIS,39.7,22.2,12.2,63 %,D,1.82,1.32,true,true,Puntos_de_calor_Colombia_2026-09-04.csv,2026-09-05T10:40:54Z
8311892c4265d1904865bcf2,2026-09-04T15:04-05:00,2026-09-04T20:04:00Z,2026-09-04,10.37271,-73.99711,MODIS-Aqua,Aqua,MODIS,39.4,22.2,17.2,49 %,D,2.14,1.42,true,true,Puntos_de_calor_Colombia_2026-09-04.csv,2026-09-05T10:40:54Z
432e515a601dc3f815f7d223,2026-09-04T20:26-05:00,2026-09-05T01:26:00Z,2026-09-04,3.92287,-74.93177,MODIS-Terra,Terra,MODIS,40,15.1,16.8,66 %,N,1.21,1.09,true,true,Puntos_de_calor_Colombia_2026-09-04.csv,2026-09-05T10:40:54Z
4aa6e8a913c4470f0143780f,2026-09-04T20:26-05:00,2026-09-05T01:26:00Z,2026-09-04,3.01342,-76.70414,MODIS-Terra,Terra,MODIS,40.7,14.8,25.7,88 %,N,1.65,1.26,true,true,Puntos_de_calor_Colombia_2026-09-04.csv,2026-09-05T10:40:54Z
246688101acb9eaef5a22017,2026-09-05T00:38-05:00,2026-09-05T05:38:00Z,2026-09-05,4.78816,-70.23345,VIIRS-Suomi-NPP,Suomi-NPP,VIIRS,28.3,14,,Nominal,N,0.46,0.64,true,false,Puntos_de_calor_Colombia_2026-09-05.csv,2026-09-05T10:40:54Z
f53244c40aaef5d7fd260380,2026-09-05T00:38-05:00,2026-09-05T05:38:00Z,2026-09-05,4.78755,-70.22919,VIIRS-Suomi-NPP,Suomi-NPP,VIIRS,32.9,14.1,,Nominal,N,0.46,0.64,true,false,Puntos_de_calor_Colombia_2026-09-05.csv,2026-09-05T10:40:54Z
2c2292c829a04816925d3c30,2026-09-05T00:55-05:00,2026-09-05T05:55:00Z,2026-09-05,10.32249,-75.49109,VIIRS-NOAA-20,NOAA-20,VIIRS,35,17.6,1.4,Nominal,N,0.46,0.64,true,true,Puntos_de_calor_Colombia_2026-09-05.csv,2026-09-05T10:40:54Z
773cbb5f7fd58918a004a541,2026-09-05T00:55-05:00,2026-09-05T05:55:00Z,2026-09-05,9.7466,-73.50221,VIIRS-NOAA-20,NOAA-20,VIIRS,39.7,18,2,Nominal,N,0.33,0.55,true,true,Puntos_de_calor_Colombia_2026-09-05.csv,2026-09-05T10:40:54Z
9bc1422f18f14e0cf4a09776,2026-09-05T00:55-05:00,2026-09-05T05:55:00Z,2026-09-05,9.72354,-73.5239,VIIRS-NOAA-20,NOAA-20,VIIRS,33.1,17.6,1.2,Nominal,N,0.33,0.55,true,true,Puntos_de_calor_Colombia_2026-09-05.csv,2026-09-05T10:40:54Z
e238e9c73b3b6deb83e8462f,2026-09-05T00:55-05:00,2026-09-05T05:55:00Z,2026-09-05,9.72314,-73.52087,VIIRS-NOAA-20,NOAA-20,VIIRS,35.2,17.8,1.3,Nominal,N,0.33,0.55,true,true,Puntos_de_calor_Colombia_2026-09-05.csv,2026-09-05T10:40:54Z
f8c6621b67c32951c8d0b092,2026-09-05T00:55-05:00,2026-09-05T05:55:00Z,2026-09-05,10.97032,-72.72904,VIIRS-NOAA-20,NOAA-20,VIIRS,32.9,18.1,5.8,Nominal,N,0.61,0.53,true,true,Puntos_de_calor_Colombia_2026-09-05.csv,2026-09-05T10:40:54Z
285198b477c59eab4a1417cf,2026-09-05T00:57-05:00,2026-09-05T05:57:00Z,2026-09-05,3.02107,-76.70303,VIIRS-NOAA-20,NOAA-20,VIIRS,29.8,12.5,,Nominal,N,0.44,0.62,true,true,Puntos_de_calor_Colombia_2026-09-05.csv,2026-09-05T10:40:54Z
77e777d889eef552815ec006,2026-09-05T00:57-05:00,2026-09-05T05:57:00Z,2026-09-05,4.79169,-70.23091,VIIRS-NOAA-20,NOAA-20,VIIRS,37.8,17.4,1.1,Nominal,N,0.52,0.41,true,true,Puntos_de_calor_Colombia_2026-09-05.csv,2026-09-05T10:40:54Z
98b49d6ee6865ebc387fb220,2026-09-05T00:57-05:00,2026-09-05T05:57:00Z,2026-09-05,3.0097,-76.70522,VIIRS-NOAA-20,NOAA-20,VIIRS,55.8,12.7,4.3,Nominal,N,0.44,0.62,true,true,Puntos_de_calor_Colombia_2026-09-05.csv,2026-09-05T10:40:54Z
fa67f78d5a909271f50db7ea,2026-09-05T00:57-05:00,2026-09-05T05:57:00Z,2026-09-05,3.01483,-76.70037,VIIRS-NOAA-20,NOAA-20,VIIRS,28.7,12.6,,Nominal,N,0.44,0.62,true,true,Puntos_de_calor_Colombia_2026-09-05.csv,2026-09-05T10:40:54Z
3f3d1d3278dcc56ed52c512c,2026-09-05T00:59-05:00,2026-09-05T05:59:00Z,2026-09-05,1.43951,-77.6329,VIIRS-NOAA-20,NOAA-20,VIIRS,50,4.4,3.9,Nominal,N,0.48,0.65,true,true,Puntos_de_calor_Colombia_2026-09-05.csv,2026-09-05T10:40:54Z
01efffa87a5c3ebae35becad,2026-09-05T01:42-05:00,2026-09-05T06:42:00Z,2026-09-05,8.17481,-72.86683,VIIRS-NOAA-21,NOAA-21,VIIRS,32.4,16.8,1.1,Nominal,N,0.4,0.44,true,true,Puntos_de_calor_Colombia_2026-09-05.csv,2026-09-05T10:40:54Z
1f76d26a0d876fb56808d81a,2026-09-05T01:42-05:00,2026-09-05T06:42:00Z,2026-09-05,7.89024,-72.56487,VIIRS-NOAA-21,NOAA-21,VIIRS,35.2,15.6,3.8,Nominal,N,0.42,0.45,true,true,Puntos_de_calor_Colombia_2026-09-05.csv,2026-09-05T10:40:54Z
30eb11b968cffd00341f6f57,2026-09-05T01:42-05:00,2026-09-05T06:42:00Z,2026-09-05,7.8953,-72.59505,VIIRS-NOAA-21,NOAA-21,VIIRS,34.7,16,1.4,Nominal,N,0.42,0.45,true,true,Puntos_de_calor_Colombia_2026-09-05.csv,2026-09-05T10:40:54Z
56726200897c04929d8a3b0e,2026-09-05T01:42-05:00,2026-09-05T06:42:00Z,2026-09-05,10.96894,-72.73062,VIIRS-NOAA-21,NOAA-21,VIIRS,37.7,20.3,4,Nominal,N,0.56,0.43,true,true,Puntos_de_calor_Colombia_2026-09-05.csv,2026-09-05T10:40:54Z
6404be8fd3e1f4174d8c0f7c,2026-09-05T01:42-05:00,2026-09-05T06:42:00Z,2026-09-05,8.08309,-72.59505,VIIRS-NOAA-21,NOAA-21,VIIRS,34.7,8.6,2.1,Nominal,N,0.42,0.45,true,true,Puntos_de_calor_Colombia_2026-09-05.csv,2026-09-05T10:40:54Z
715b02962792413fd4718b9b,2026-09-05T01:42-05:00,2026-09-05T06:42:00Z,2026-09-05,9.76365,-73.47335,VIIRS-NOAA-21,NOAA-21,VIIRS,45.9,20.8,4.5,Nominal,N,0.52,0.42,true,true,Puntos_de_calor_Colombia_2026-09-05.csv,2026-09-05T10:40:54Z
7af41e38087eabf6aa58619f,2026-09-05T01:42-05:00,2026-09-05T06:42:00Z,2026-09-05,9.73809,-73.50686,VIIRS-NOAA-21,NOAA-21,VIIRS,35.7,20.1,5.2,Nominal,N,0.52,0.42,true,true,Puntos_de_calor_Colombia_2026-09-05.csv,2026-09-05T10:40:54Z
7eb6a312beb02a09678acd35,2026-09-05T01:42-05:00,2026-09-05T06:42:00Z,2026-09-05,9.88021,-74.63006,VIIRS-NOAA-21,NOAA-21,VIIRS,51.2,20.9,1.9,Nominal,N,0.46,0.39,true,true,Puntos_de_calor_Colombia_2026-09-05.csv,2026-09-05T10:40:54Z
8eb29b33abe442cda2b732f7,2026-09-05T01:42-05:00,2026-09-05T06:42:00Z,2026-09-05,8.0762,-72.60435,VIIRS-NOAA-21,NOAA-21,VIIRS,33.6,11.7,1.4,Nominal,N,0.42,0.45,true,true,Puntos_de_calor_Colombia_2026-09-05.csv,2026-09-05T10:40:54Z
9b684fa68230e06b297b43fc,2026-09-05T01:42-05:00,2026-09-05T06:42:00Z,2026-09-05,11.02966,-72.66089,VIIRS-NOAA-21,NOAA-21,VIIRS,38.2,20.5,3.8,Nominal,N,0.56,0.43,true,true,Puntos_de_calor_Colombia_2026-09-05.csv,2026-09-05T10:40:54Z
9d98b1e7ecf534f9263fea5e,2026-09-05T01:42-05:00,2026-09-05T06:42:00Z,2026-09-05,10.97979,-72.72352,VIIRS-NOAA-21,NOAA-21,VIIRS,34.9,20.4,4.9,Nominal,N,0.56,0.43,true,true,Puntos_de_calor_Colombia_2026-09-05.csv,2026-09-05T10:40:54Z
a065230f9edffbc2289afa31,2026-09-05T01:42-05:00,2026-09-05T06:42:00Z,2026-09-05,11.03355,-72.6601,VIIRS-NOAA-21,NOAA-21,VIIRS,33.5,20.2,3.8,Nominal,N,0.56,0.43,true,true,Puntos_de_calor_Colombia_2026-09-05.csv,2026-09-05T10:40:54Z
a9a495411f008a12ece1e3a1,2026-09-05T01:42-05:00,2026-09-05T06:42:00Z,2026-09-05,10.97589,-72.72423,VIIRS-NOAA-21,NOAA-21,VIIRS,49.5,20.9,5.9,Nominal,N,0.56,0.43,true,true,Puntos_de_calor_Colombia_2026-09-05.csv,2026-09-05T10:40:54Z
af8686ec5f8028d89ec22896,2026-09-05T01:42-05:00,2026-09-05T06:42:00Z,2026-09-05,9.72117,-73.52123,VIIRS-NOAA-21,NOAA-21,VIIRS,37,19.9,4,Nominal,N,0.52,0.42,true,true,Puntos_de_calor_Colombia_2026-09-05.csv,2026-09-05T10:40:54Z
c953f42fa1e370f09acfb0ca,2026-09-05T01:42-05:00,2026-09-05T06:42:00Z,2026-09-05,10.31806,-75.48726,VIIRS-NOAA-21,NOAA-21,VIIRS,39.6,22.1,1.1,Nominal,N,0.42,0.37,true,true,Puntos_de_calor_Colombia_2026-09-05.csv,2026-09-05T10:40:54Z
e63a6b723cfe8c8ebd0fde9f,2026-09-05T01:42-05:00,2026-09-05T06:42:00Z,2026-09-05,9.75986,-73.474,VIIRS-NOAA-21,NOAA-21,VIIRS,47.5,20.8,4.5,Nominal,N,0.52,0.42,true,true,Puntos_de_calor_Colombia_2026-09-05.csv,2026-09-05T10:40:54Z
e89d5191d7fb20f7eaca1fa1,2026-09-05T01:42-05:00,2026-09-05T06:42:00Z,2026-09-05,9.72156,-73.52422,VIIRS-NOAA-21,NOAA-21,VIIRS,36,20,3.1,Nominal,N,0.52,0.42,true,true,Puntos_de_calor_Colombia_2026-09-05.csv,2026-09-05T10:40:54Z
440ff86f7945315d1019e209,2026-09-05T01:44-05:00,2026-09-05T06:44:00Z,2026-09-05,3.2708,-75.38808,VIIRS-NOAA-21,NOAA-21,VIIRS,34,7.6,1.4,Nominal,N,0.5,0.41,true,true,Puntos_de_calor_Colombia_2026-09-05.csv,2026-09-05T10:40:54Z
49a3fded2e9b4b57369cdb98,2026-09-05T01:44-05:00,2026-09-05T06:44:00Z,2026-09-05,1.44066,-77.624,VIIRS-NOAA-21,NOAA-21,VIIRS,26.9,10.5,,Nominal,N,0.41,0.37,true,true,Puntos_de_calor_Colombia_2026-09-05.csv,2026-09-05T10:40:54Z
5505c364d02f8a8d29f24265,2026-09-05T01:44-05:00,2026-09-05T06:44:00Z,2026-09-05,2.57351,-76.63111,VIIRS-NOAA-21,NOAA-21,VIIRS,39.6,10.2,1.3,Nominal,N,0.44,0.38,true,true,Puntos_de_calor_Colombia_2026-09-05.csv,2026-09-05T10:40:54Z
5f790d5a7912f2716c2ed796,2026-09-05T01:44-05:00,2026-09-05T06:44:00Z,2026-09-05,2.34269,-77.21812,VIIRS-NOAA-21,NOAA-21,VIIRS,54.5,15.6,2.9,Nominal,N,0.42,0.38,true,true,Puntos_de_calor_Colombia_2026-09-05.csv,2026-09-05T10:40:54Z
62b5b3ac2883f2b4751f3a16,2026-09-05T01:44-05:00,2026-09-05T06:44:00Z,2026-09-05,1.43386,-77.62518,VIIRS-NOAA-21,NOAA-21,VIIRS,38.8,13.3,1.9,Nominal,N,0.41,0.37,true,true,Puntos_de_calor_Colombia_2026-09-05.csv,2026-09-05T10:40:54Z
790fc08f9f6eb22ef667d69f,2026-09-05T01:44-05:00,2026-09-05T06:44:00Z,2026-09-05,3.26706,-75.38849,VIIRS-NOAA-21,NOAA-21,VIIRS,56.8,7.8,4.3,Nominal,N,0.5,0.41,true,true,Puntos_de_calor_Colombia_2026-09-05.csv,2026-09-05T10:40:54Z
7d0ea8ca93ce2dc3a01dbfb2,2026-09-05T01:44-05:00,2026-09-05T06:44:00Z,2026-09-05,3.01585,-76.69967,VIIRS-NOAA-21,NOAA-21,VIIRS,44.5,14.9,1.9,Nominal,N,0.43,0.38,true,true,Puntos_de_calor_Colombia_2026-09-05.csv,2026-09-05T10:40:54Z
8ae390ac25ba0e4b8be943fb,2026-09-05T01:44-05:00,2026-09-05T06:44:00Z,2026-09-05,1.43726,-77.62457,VIIRS-NOAA-21,NOAA-21,VIIRS,28.2,13.1,,Nominal,N,0.41,0.37,true,true,Puntos_de_calor_Colombia_2026-09-05.csv,2026-09-05T10:40:54Z
b5d2c445d495f884c4673461,2026-09-05T01:44-05:00,2026-09-05T06:44:00Z,2026-09-05,3.00887,-76.70068,VIIRS-NOAA-21,NOAA-21,VIIRS,55.5,15.2,4,Nominal,N,0.43,0.38,true,true,Puntos_de_calor_Colombia_2026-09-05.csv,2026-09-05T10:40:54Z
cb940698124c09b2fad7dafa,2026-09-05T01:44-05:00,2026-09-05T06:44:00Z,2026-09-05,1.44177,-77.63107,VIIRS-NOAA-21,NOAA-21,VIIRS,27,13.3,1,Nominal,N,0.41,0.37,true,true,Puntos_de_calor_Colombia_2026-09-05.csv,2026-09-05T10:40:54Z
eec69461815846585e25c1de,2026-09-05T01:44-05:00,2026-09-05T06:44:00Z,2026-09-05,1.43782,-77.62817,VIIRS-NOAA-21,NOAA-21,VIIRS,24.7,12.9,1,Nominal,N,0.41,0.37,true,true,Puntos_de_calor_Colombia_2026-09-05.csv,2026-09-05T10:40:54Z
fcb1f1ff622be10c7d6ce786,2026-09-05T01:44-05:00,2026-09-05T06:44:00Z,2026-09-05,1.44122,-77.62755,VIIRS-NOAA-21,NOAA-21,VIIRS,24.3,13.3,1,Nominal,N,0.41,0.37,true,true,Puntos_de_calor_Colombia_2026-09-05.csv,2026-09-05T10:40:54Z
13e547e9c5fa77c7b0a84ee8,2026-09-05T02:18-05:00,2026-09-05T07:18:00Z,2026-09-05,10.97903,-72.72856,VIIRS-Suomi-NPP,Suomi-NPP,VIIRS,38.9,16.8,3.5,Nominal,N,0.47,0.64,true,false,Puntos_de_calor_Colombia_2026-09-05.csv,2026-09-05T10:40:54Z
1411abed5449e916e1babda3,2026-09-05T02:18-05:00,2026-09-05T07:18:00Z,2026-09-05,7.89211,-72.57214,VIIRS-Suomi-NPP,Suomi-NPP,VIIRS,30.3,13.3,1.7,Nominal,N,0.55,0.68,true,false,Puntos_de_calor_Colombia_2026-09-05.csv,2026-09-05T10:40:54Z
22667461274385bb0340adaa,2026-09-05T02:18-05:00,2026-09-05T07:18:00Z,2026-09-05,9.76182,-73.47763,VIIRS-Suomi-NPP,Suomi-NPP,VIIRS,33.7,13.1,1.6,Nominal,N,0.44,0.62,true,false,Puntos_de_calor_Colombia_2026-09-05.csv,2026-09-05T10:40:54Z
3ec2c88717e3a73fa95730a6,2026-09-05T02:18-05:00,2026-09-05T07:18:00Z,2026-09-05,9.73808,-73.50962,VIIRS-Suomi-NPP,Suomi-NPP,VIIRS,37.2,15.8,2.4,Nominal,N,0.44,0.62,true,false,Puntos_de_calor_Colombia_2026-09-05.csv,2026-09-05T10:40:54Z
41075b73236b9e0732e80d59,2026-09-05T02:18-05:00,2026-09-05T07:18:00Z,2026-09-05,10.31879,-75.48538,VIIRS-Suomi-NPP,Suomi-NPP,VIIRS,33.5,18.7,1.6,Nominal,N,0.63,0.54,true,false,Puntos_de_calor_Colombia_2026-09-05.csv,2026-09-05T10:40:54Z
4382d2333d7299875d2c597d,2026-09-05T02:18-05:00,2026-09-05T07:18:00Z,2026-09-05,9.8833,-74.63025,VIIRS-Suomi-NPP,Suomi-NPP,VIIRS,32.3,16.9,,Nominal,N,0.37,0.58,true,false,Puntos_de_calor_Colombia_2026-09-05.csv,2026-09-05T10:40:54Z
47636acfcf6d4655e63ef310,2026-09-05T02:18-05:00,2026-09-05T07:18:00Z,2026-09-05,9.76103,-73.4736,VIIRS-Suomi-NPP,Suomi-NPP,VIIRS,32.1,13.4,1.6,Nominal,N,0.44,0.62,true,false,Puntos_de_calor_Colombia_2026-09-05.csv,2026-09-05T10:40:54Z
5457d917f4feff9fcc2df234,2026-09-05T02:18-05:00,2026-09-05T07:18:00Z,2026-09-05,11.03281,-72.65837,VIIRS-Suomi-NPP,Suomi-NPP,VIIRS,30.5,16.4,2.5,Nominal,N,0.48,0.64,true,false,Puntos_de_calor_Colombia_2026-09-05.csv,2026-09-05T10:40:54Z
5f28c7f56cb04bc66beb527a,2026-09-05T02:18-05:00,2026-09-05T07:18:00Z,2026-09-05,11.03366,-72.6628,VIIRS-Suomi-NPP,Suomi-NPP,VIIRS,32.7,16.4,3.5,Nominal,N,0.48,0.64,true,false,Puntos_de_calor_Colombia_2026-09-05.csv,2026-09-05T10:40:54Z
809aed3833d228526b71134c,2026-09-05T02:18-05:00,2026-09-05T07:18:00Z,2026-09-05,9.76138,-73.47566,VIIRS-Suomi-NPP,Suomi-NPP,VIIRS,41.2,13.1,2.1,Nominal,N,0.44,0.63,true,false,Puntos_de_calor_Colombia_2026-09-05.csv,2026-09-05T10:40:54Z
f191096add8ccf3b29b8b815,2026-09-05T02:18-05:00,2026-09-05T07:18:00Z,2026-09-05,10.97316,-72.72983,VIIRS-Suomi-NPP,Suomi-NPP,VIIRS,37.4,16.8,2.7,Nominal,N,0.47,0.64,true,false,Puntos_de_calor_Colombia_2026-09-05.csv,2026-09-05T10:40:54Z
f1e0f110f844fbc8924ad926,2026-09-05T02:18-05:00,2026-09-05T07:18:00Z,2026-09-05,10.97821,-72.72436,VIIRS-Suomi-NPP,Suomi-NPP,VIIRS,44.5,16.8,3.3,Nominal,N,0.47,0.64,true,false,Puntos_de_calor_Colombia_2026-09-05.csv,2026-09-05T10:40:54Z
ff8b3cc28a4d8a44d6b553e2,2026-09-05T02:18-05:00,2026-09-05T07:18:00Z,2026-09-05,11.03094,-72.66183,VIIRS-Suomi-NPP,Suomi-NPP,VIIRS,38,16.1,2.5,Nominal,N,0.48,0.64,true,false,Puntos_de_calor_Colombia_2026-09-05.csv,2026-09-05T10:40:54Z
01d7b37c1fd1c9fbdc711380,2026-09-05T02:20-05:00,2026-09-05T07:20:00Z,2026-09-05,3.68953,-75.13287,VIIRS-Suomi-NPP,Suomi-NPP,VIIRS,44.2,-1.9,1.7,Nominal,N,0.43,0.62,true,false,Puntos_de_calor_Colombia_2026-09-05.csv,2026-09-05T10:40:54Z
2f98680dc1709e8ce5a43e46,2026-09-05T02:20-05:00,2026-09-05T07:20:00Z,2026-09-05,4.17576,-76.18682,VIIRS-Suomi-NPP,Suomi-NPP,VIIRS,21.9,2.3,1.4,Nominal,N,0.36,0.57,true,false,Puntos_de_calor_Colombia_2026-09-05.csv,2026-09-05T10:40:54Z
6e93fd41469b6e837d3199f9,2026-09-05T02:20-05:00,2026-09-05T07:20:00Z,2026-09-05,2.57164,-76.63352,VIIRS-Suomi-NPP,Suomi-NPP,VIIRS,23,12.1,,Nominal,N,0.36,0.57,true,false,Puntos_de_calor_Colombia_2026-09-05.csv,2026-09-05T10:40:54Z
d0129f288d588f99044c23da,2026-09-05T02:20-05:00,2026-09-05T07:20:00Z,2026-09-05,4.1752,-76.18358,VIIRS-Suomi-NPP,Suomi-NPP,VIIRS,52.4,3.2,1.4,Nominal,N,0.36,0.57,true,false,Puntos_de_calor_Colombia_2026-09-05.csv,2026-09-05T10:40:54Z
d105a22378565dce3754c709,2026-09-05T02:20-05:00,2026-09-05T07:20:00Z,2026-09-05,3.6839,-75.13431,VIIRS-Suomi-NPP,Suomi-NPP,VIIRS,24.7,-4.4,1.7,Nominal,N,0.43,0.62,true,false,Puntos_de_calor_Colombia_2026-09-05.csv,2026-09-05T10:40:54Z
d8ec3a8ea1ffd2b7c078aecf,2026-09-05T02:20-05:00,2026-09-05T07:20:00Z,2026-09-05,2.5711,-76.63023,VIIRS-Suomi-NPP,Suomi-NPP,VIIRS,25.3,12.6,,Nominal,N,0.36,0.57,true,false,Puntos_de_calor_Colombia_2026-09-05.csv,2026-09-05T10:40:54Z
ea62163ebfb4c9434351fc1e,2026-09-05T02:20-05:00,2026-09-05T07:20:00Z,2026-09-05,3.67901,-75.14011,VIIRS-Suomi-NPP,Suomi-NPP,VIIRS,24.4,-4.7,1.6,Nominal,N,0.43,0.62,true,false,Puntos_de_calor_Colombia_2026-09-05.csv,2026-09-05T10:40:54Z
f49a6fa0f83d35f4f9740441,2026-09-05T02:20-05:00,2026-09-05T07:20:00Z,2026-09-05,4.16991,-76.18448,VIIRS-Suomi-NPP,Suomi-NPP,VIIRS,27.3,2.5,,Nominal,N,0.36,0.57,true,false,Puntos_de_calor_Colombia_2026-09-05.csv,2026-09-05T10:40:54Z
