hotspot_id,fecha_hora_col,fecha_hora_utc,fecha_local,latitud,longitud,fuente,satelite,sensor,temperatura_c,temperatura_alt_c,frp_mw,confianza,captura,scan_km,track_km,escenario_a,escenario_b,fuente_archivo,fecha_descarga_utc,dpto_codigo,departamento,mpio_codigo,municipio,asignacion_territorial,metodo_asignacion_territorial,en_area_protegida,areas_protegidas_count,areas_protegidas_ids,areas_protegidas_nombres,areas_protegidas_categorias,cobertura_estado,cobertura_codigo,cobertura_leyenda,cobertura_nivel_1,cobertura_nivel_2,cobertura_nivel_3,cobertura_nivel_4,cobertura_nivel_5,cobertura_nivel_6,cobertura_confiabilidad,cobertura_insumo,cobertura_apoyo,en_titulo_minero,titulos_mineros_count,titulos_mineros_codigos,titulos_mineros_solicitantes,titulos_mineros_etapas,titulos_mineros_minerales,anla_clase_minima,anla_distancia_min_m,anla_relaciones_count,anla_evaluacion_count,anla_licenciado_count,anla_expedientes,anla_proyectos,anla_operadores,anla_geometrias,anh_clase_minima,anh_distancia_min_m,anh_relaciones_count,anh_contratos_ids,anh_contratos_numeros,anh_areas_nombres,anh_operadores,anh_estados,anh_tipos_contrato
21b34a044227807bc4e99cad,2026-10-01T00:14-05:00,2026-10-01T05:14:00Z,2026-10-01,5.9933,-68.85434,VIIRS-NOAA-21,NOAA-21,VIIRS,59.1,-0.6,7.8,Nominal,N,0.64,0.72,true,true,Puntos_de_calor_Colombia_2026-10-01.csv,2026-10-03T21:23:04Z,99,Vichada,99524,La Primavera,asignado,cache_geometrico,false,0,,,,asignado,321121,3.2.1.1.2.1. Herbazal denso inundable no arbolado,3,32,321,3211,32112,321121,SI,Landsat_2024_mediana_28042025,GoogleEarth,false,0,,,,,mas_de_5_km,,0,0,0,,,,,mas_de_5_km,,0,,,,,,
53c1d3ee3c4c00ba1162912d,2026-10-01T00:14-05:00,2026-10-01T05:14:00Z,2026-10-01,5.98821,-68.8666,VIIRS-NOAA-21,NOAA-21,VIIRS,45,2.1,11.8,Nominal,N,0.64,0.72,true,true,Puntos_de_calor_Colombia_2026-10-01.csv,2026-10-03T21:23:04Z,99,Vichada,99524,La Primavera,asignado,cache_geometrico,false,0,,,,asignado,321121,3.2.1.1.2.1. Herbazal denso inundable no arbolado,3,32,321,3211,32112,321121,SI,Landsat_2024_mediana_28042025,GoogleEarth,false,0,,,,,mas_de_5_km,,0,0,0,,,,,mas_de_5_km,,0,,,,,,
870bdbd16c0df5dfd47d5f67,2026-10-01T00:14-05:00,2026-10-01T05:14:00Z,2026-10-01,5.99407,-68.86006,VIIRS-NOAA-21,NOAA-21,VIIRS,76.5,0.6,11.8,Nominal,N,0.64,0.72,true,true,Puntos_de_calor_Colombia_2026-10-01.csv,2026-10-03T21:23:04Z,99,Vichada,99524,La Primavera,asignado,cache_geometrico,false,0,,,,asignado,314,3.1.4. Bosque de galería y ripario,3,31,314,,,,SI,Landsat_2024_mediana_28042025,GoogleEarth,false,0,,,,,mas_de_5_km,,0,0,0,,,,,mas_de_5_km,,0,,,,,,
dd42409271b344ede043da5f,2026-10-01T00:14-05:00,2026-10-01T05:14:00Z,2026-10-01,5.98668,-68.85514,VIIRS-NOAA-21,NOAA-21,VIIRS,28.8,-1.1,7.8,Nominal,N,0.64,0.72,true,true,Puntos_de_calor_Colombia_2026-10-01.csv,2026-10-03T21:23:04Z,99,Vichada,99524,La Primavera,asignado,cache_geometrico,false,0,,,,asignado,321121,3.2.1.1.2.1. Herbazal denso inundable no arbolado,3,32,321,3211,32112,321121,SI,Landsat_2024_mediana_28042025,GoogleEarth,false,0,,,,,mas_de_5_km,,0,0,0,,,,,mas_de_5_km,,0,,,,,,
088fef29baff29636816b693,2026-10-01T00:53-05:00,2026-10-01T05:53:00Z,2026-10-01,3.57977,-71.92667,VIIRS-Suomi-NPP,Suomi-NPP,VIIRS,93.9,9.9,4.8,Alta,N,0.36,0.57,true,false,Puntos_de_calor_Colombia_2026-10-01.csv,2026-10-03T21:23:04Z,50,Meta,50568,Puerto Gaitán,asignado,cache_geometrico,false,0,,,,asignado,321113,3.2.1.1.1.3.  Herbazal denso de tierra firme con arbustos,3,32,321,3211,32111,321113,SI,Landsat_2024_mediana_28042025,Sentinel_2024_mediana_11042025,false,0,,,,,dentro,0.00,1,0,1,LAM5281,PERFORACIÓN EXPLORATORIA CPO-13,TECPETROL COLOMBIA S.A.S.,poligono,dentro,0.00,2,0195,CPO 13,MAUTE|NO APLICA,TECPETROL COLOMBIA SAS,EVALUACION|EXPLORACION,CONTRATO DE EXPLORACION Y PRODUCCION (E&P)
0c852fa14d99cfbad589c224,2026-10-01T00:53-05:00,2026-10-01T05:53:00Z,2026-10-01,3.60197,-71.93015,VIIRS-Suomi-NPP,Suomi-NPP,VIIRS,39.9,10.7,1.7,Nominal,N,0.36,0.57,true,false,Puntos_de_calor_Colombia_2026-10-01.csv,2026-10-03T21:23:04Z,50,Meta,50568,Puerto Gaitán,asignado,cache_geometrico,false,0,,,,asignado,321111,3.2.1.1.1.1.  Herbazal denso de tierra firme no arbolado,3,32,321,3211,32111,321111,SI,Landsat_2024_mediana_28042025,GoogleEarth,false,0,,,,,dentro,0.00,1,0,1,LAM5281,PERFORACIÓN EXPLORATORIA CPO-13,TECPETROL COLOMBIA S.A.S.,poligono,dentro,0.00,3,0195,CPO 13,MAUTE|NO APLICA|LA PLUMA,TECPETROL COLOMBIA SAS,EVALUACION|EXPLORACION,CONTRATO DE EXPLORACION Y PRODUCCION (E&P)
104f7527f0efe3e93d83c80a,2026-10-01T00:53-05:00,2026-10-01T05:53:00Z,2026-10-01,5.80973,-69.19466,VIIRS-Suomi-NPP,Suomi-NPP,VIIRS,39.8,16,6.4,Nominal,N,0.5,0.49,true,false,Puntos_de_calor_Colombia_2026-10-01.csv,2026-10-03T21:23:04Z,99,Vichada,99524,La Primavera,asignado,cache_geometrico,false,0,,,,asignado,321111,3.2.1.1.1.1.  Herbazal denso de tierra firme no arbolado,3,32,321,3211,32111,321111,SI,Landsat_2024_mediana_28042025,GoogleEarth,false,0,,,,,mas_de_5_km,,0,0,0,,,,,mas_de_5_km,,0,,,,,,
1903b3cee2a1c0e0a1e25fcd,2026-10-01T00:53-05:00,2026-10-01T05:53:00Z,2026-10-01,5.80519,-69.19535,VIIRS-Suomi-NPP,Suomi-NPP,VIIRS,66.7,16.9,6.4,Nominal,N,0.5,0.49,true,false,Puntos_de_calor_Colombia_2026-10-01.csv,2026-10-03T21:23:04Z,99,Vichada,99524,La Primavera,asignado,cache_geometrico,false,0,,,,asignado,321111,3.2.1.1.1.1.  Herbazal denso de tierra firme no arbolado,3,32,321,3211,32111,321111,SI,Landsat_2024_mediana_28042025,GoogleEarth,false,0,,,,,mas_de_5_km,,0,0,0,,,,,mas_de_5_km,,0,,,,,,
2abbe830dbc9011d766160c8,2026-10-01T00:53-05:00,2026-10-01T05:53:00Z,2026-10-01,3.57495,-71.93074,VIIRS-Suomi-NPP,Suomi-NPP,VIIRS,28,9.1,,Nominal,N,0.36,0.57,true,false,Puntos_de_calor_Colombia_2026-10-01.csv,2026-10-03T21:23:04Z,50,Meta,50568,Puerto Gaitán,asignado,cache_geometrico,false,0,,,,asignado,321113,3.2.1.1.1.3.  Herbazal denso de tierra firme con arbustos,3,32,321,3211,32111,321113,SI,Landsat_2024_mediana_28042025,Sentinel_2024_mediana_11042025,false,0,,,,,dentro,0.00,1,0,1,LAM5281,PERFORACIÓN EXPLORATORIA CPO-13,TECPETROL COLOMBIA S.A.S.,poligono,dentro,0.00,1,0195,CPO 13,MAUTE,TECPETROL COLOMBIA SAS,EVALUACION,CONTRATO DE EXPLORACION Y PRODUCCION (E&P)
31fa7a3880f110e1d8e5fb6a,2026-10-01T00:53-05:00,2026-10-01T05:53:00Z,2026-10-01,5.98001,-68.84801,VIIRS-Suomi-NPP,Suomi-NPP,VIIRS,60,12.8,5.6,Nominal,N,0.48,0.48,true,false,Puntos_de_calor_Colombia_2026-10-01.csv,2026-10-03T21:23:04Z,99,Vichada,99524,La Primavera,asignado,cache_geometrico,false,0,,,,asignado,321121,3.2.1.1.2.1. Herbazal denso inundable no arbolado,3,32,321,3211,32112,321121,SI,Landsat_2024_mediana_28042025,GoogleEarth,false,0,,,,,mas_de_5_km,,0,0,0,,,,,mas_de_5_km,,0,,,,,,
376cf2aef3a2bdf630da1ab7,2026-10-01T00:53-05:00,2026-10-01T05:53:00Z,2026-10-01,5.55248,-69.25227,VIIRS-Suomi-NPP,Suomi-NPP,VIIRS,41.5,16.6,1,Nominal,N,0.5,0.49,true,false,Puntos_de_calor_Colombia_2026-10-01.csv,2026-10-03T21:23:04Z,99,Vichada,99524,La Primavera,asignado,cache_geometrico,false,0,,,,asignado,321111,3.2.1.1.1.1.  Herbazal denso de tierra firme no arbolado,3,32,321,3211,32111,321111,SI,Landsat_2024_mediana_28042025,GoogleEarth,false,0,,,,,mas_de_5_km,,0,0,0,,,,,mas_de_5_km,,0,,,,,,
3f8387a9411236077e4201a7,2026-10-01T00:53-05:00,2026-10-01T05:53:00Z,2026-10-01,5.97703,-68.84627,VIIRS-Suomi-NPP,Suomi-NPP,VIIRS,32.4,13,1.9,Nominal,N,0.48,0.48,true,false,Puntos_de_calor_Colombia_2026-10-01.csv,2026-10-03T21:23:04Z,99,Vichada,99524,La Primavera,asignado,cache_geometrico,false,0,,,,asignado,321121,3.2.1.1.2.1. Herbazal denso inundable no arbolado,3,32,321,3211,32112,321121,SI,Landsat_2024_mediana_28042025,GoogleEarth,false,0,,,,,mas_de_5_km,,0,0,0,,,,,mas_de_5_km,,0,,,,,,
43f6de5d28466dd7ca068db1,2026-10-01T00:53-05:00,2026-10-01T05:53:00Z,2026-10-01,5.56223,-69.25548,VIIRS-Suomi-NPP,Suomi-NPP,VIIRS,53.4,16.7,2,Nominal,N,0.5,0.49,true,false,Puntos_de_calor_Colombia_2026-10-01.csv,2026-10-03T21:23:04Z,99,Vichada,99524,La Primavera,asignado,cache_geometrico,false,0,,,,asignado,321111,3.2.1.1.1.1.  Herbazal denso de tierra firme no arbolado,3,32,321,3211,32111,321111,SI,Landsat_2024_mediana_28042025,GoogleEarth,false,0,,,,,mas_de_5_km,,0,0,0,,,,,mas_de_5_km,,0,,,,,,
487015398c1442b22d6df97f,2026-10-01T00:53-05:00,2026-10-01T05:53:00Z,2026-10-01,5.98657,-68.84928,VIIRS-Suomi-NPP,Suomi-NPP,VIIRS,29.9,11.4,,Nominal,N,0.48,0.48,true,false,Puntos_de_calor_Colombia_2026-10-01.csv,2026-10-03T21:23:04Z,99,Vichada,99524,La Primavera,asignado,cache_geometrico,false,0,,,,asignado,321121,3.2.1.1.2.1. Herbazal denso inundable no arbolado,3,32,321,3211,32112,321121,SI,Landsat_2024_mediana_28042025,GoogleEarth,false,0,,,,,mas_de_5_km,,0,0,0,,,,,mas_de_5_km,,0,,,,,,
5688edb298cecc3768b6b5a2,2026-10-01T00:53-05:00,2026-10-01T05:53:00Z,2026-10-01,5.99167,-68.85299,VIIRS-Suomi-NPP,Suomi-NPP,VIIRS,25.8,5.5,1,Nominal,N,0.48,0.48,true,false,Puntos_de_calor_Colombia_2026-10-01.csv,2026-10-03T21:23:04Z,99,Vichada,99524,La Primavera,asignado,cache_geometrico,false,0,,,,asignado,321121,3.2.1.1.2.1. Herbazal denso inundable no arbolado,3,32,321,3211,32112,321121,SI,Landsat_2024_mediana_28042025,GoogleEarth,false,0,,,,,mas_de_5_km,,0,0,0,,,,,mas_de_5_km,,0,,,,,,
68da3eb53084aacb885f704f,2026-10-01T00:53-05:00,2026-10-01T05:53:00Z,2026-10-01,5.20365,-69.70249,VIIRS-Suomi-NPP,Suomi-NPP,VIIRS,71.1,15,6.5,Nominal,N,0.53,0.5,true,false,Puntos_de_calor_Colombia_2026-10-01.csv,2026-10-03T21:23:04Z,99,Vichada,99524,La Primavera,asignado,cache_geometrico,false,0,,,,asignado,321121,3.2.1.1.2.1. Herbazal denso inundable no arbolado,3,32,321,3211,32112,321121,SI,Landsat_2024_mediana_28042025,GoogleEarth,false,0,,,,,mas_de_5_km,,0,0,0,,,,,mas_de_5_km,,0,,,,,,
771fea4116a821b24b380af4,2026-10-01T00:53-05:00,2026-10-01T05:53:00Z,2026-10-01,3.60246,-71.93343,VIIRS-Suomi-NPP,Suomi-NPP,VIIRS,38.5,10.6,3.7,Nominal,N,0.36,0.57,true,false,Puntos_de_calor_Colombia_2026-10-01.csv,2026-10-03T21:23:04Z,50,Meta,50568,Puerto Gaitán,asignado,cache_geometrico,false,0,,,,asignado,321111,3.2.1.1.1.1.  Herbazal denso de tierra firme no arbolado,3,32,321,3211,32111,321111,SI,Landsat_2024_mediana_28042025,GoogleEarth,false,0,,,,,dentro,0.00,1,0,1,LAM5281,PERFORACIÓN EXPLORATORIA CPO-13,TECPETROL COLOMBIA S.A.S.,poligono,dentro,0.00,3,0195,CPO 13,MAUTE|NO APLICA|LA PLUMA,TECPETROL COLOMBIA SAS,EVALUACION|EXPLORACION,CONTRATO DE EXPLORACION Y PRODUCCION (E&P)
7bc7dd424f54c1b62f58dc43,2026-10-01T00:53-05:00,2026-10-01T05:53:00Z,2026-10-01,5.19899,-69.70318,VIIRS-Suomi-NPP,Suomi-NPP,VIIRS,43,14.1,6.5,Nominal,N,0.53,0.5,true,false,Puntos_de_calor_Colombia_2026-10-01.csv,2026-10-03T21:23:04Z,99,Vichada,99524,La Primavera,asignado,cache_geometrico,false,0,,,,asignado,321122,3.2.1.1.2.2. Herbazal denso inundable arbolado,3,32,321,3211,32112,321122,SI,Landsat_2024_mediana_28042025,GoogleEarth,false,0,,,,,mas_de_5_km,,0,0,0,,,,,mas_de_5_km,,0,,,,,,
7e4ad942f579d13fff9dbd30,2026-10-01T00:53-05:00,2026-10-01T05:53:00Z,2026-10-01,5.8045,-69.19076,VIIRS-Suomi-NPP,Suomi-NPP,VIIRS,80.5,17.1,6.2,Nominal,N,0.5,0.49,true,false,Puntos_de_calor_Colombia_2026-10-01.csv,2026-10-03T21:23:04Z,99,Vichada,99524,La Primavera,asignado,cache_geometrico,false,0,,,,asignado,321111,3.2.1.1.1.1.  Herbazal denso de tierra firme no arbolado,3,32,321,3211,32111,321111,SI,Landsat_2024_mediana_28042025,GoogleEarth,false,0,,,,,mas_de_5_km,,0,0,0,,,,,mas_de_5_km,,0,,,,,,
87c7e1179704c827cc05cdbe,2026-10-01T00:53-05:00,2026-10-01T05:53:00Z,2026-10-01,5.98213,-68.84995,VIIRS-Suomi-NPP,Suomi-NPP,VIIRS,34.2,12.4,1.9,Nominal,N,0.48,0.48,true,false,Puntos_de_calor_Colombia_2026-10-01.csv,2026-10-03T21:23:04Z,99,Vichada,99524,La Primavera,asignado,cache_geometrico,false,0,,,,asignado,321121,3.2.1.1.2.1. Herbazal denso inundable no arbolado,3,32,321,3211,32112,321121,SI,Landsat_2024_mediana_28042025,GoogleEarth,false,0,,,,,mas_de_5_km,,0,0,0,,,,,mas_de_5_km,,0,,,,,,
8a147dec0df7eb13ceaa5da4,2026-10-01T00:53-05:00,2026-10-01T05:53:00Z,2026-10-01,5.21369,-69.70596,VIIRS-Suomi-NPP,Suomi-NPP,VIIRS,33.3,14.4,2.1,Nominal,N,0.53,0.5,true,false,Puntos_de_calor_Colombia_2026-10-01.csv,2026-10-03T21:23:04Z,99,Vichada,99524,La Primavera,asignado,cache_geometrico,false,0,,,,asignado,321121,3.2.1.1.2.1. Herbazal denso inundable no arbolado,3,32,321,3211,32112,321121,SI,Landsat_2024_mediana_28042025,GoogleEarth,false,0,,,,,mas_de_5_km,,0,0,0,,,,,mas_de_5_km,,0,,,,,,
8c5ac331bd3288da802cb445,2026-10-01T00:53-05:00,2026-10-01T05:53:00Z,2026-10-01,5.55702,-69.25158,VIIRS-Suomi-NPP,Suomi-NPP,VIIRS,37.1,16.5,1,Nominal,N,0.5,0.49,true,false,Puntos_de_calor_Colombia_2026-10-01.csv,2026-10-03T21:23:04Z,99,Vichada,99524,La Primavera,asignado,cache_geometrico,false,0,,,,asignado,321111,3.2.1.1.1.1.  Herbazal denso de tierra firme no arbolado,3,32,321,3211,32111,321111,SI,Landsat_2024_mediana_28042025,GoogleEarth,false,0,,,,,mas_de_5_km,,0,0,0,,,,,mas_de_5_km,,0,,,,,,
8f0062c40cb78cd83688dcdb,2026-10-01T00:53-05:00,2026-10-01T05:53:00Z,2026-10-01,5.20903,-69.70665,VIIRS-Suomi-NPP,Suomi-NPP,VIIRS,53.3,14.4,2.1,Nominal,N,0.53,0.5,true,false,Puntos_de_calor_Colombia_2026-10-01.csv,2026-10-03T21:23:04Z,99,Vichada,99524,La Primavera,asignado,cache_geometrico,false,0,,,,asignado,321121,3.2.1.1.2.1. Herbazal denso inundable no arbolado,3,32,321,3211,32112,321121,SI,Landsat_2024_mediana_28042025,GoogleEarth,false,0,,,,,mas_de_5_km,,0,0,0,,,,,mas_de_5_km,,0,,,,,,
a361a0c6c773b8e87715d9a4,2026-10-01T00:53-05:00,2026-10-01T05:53:00Z,2026-10-01,3.60728,-71.92938,VIIRS-Suomi-NPP,Suomi-NPP,VIIRS,65.7,10.8,1.7,Nominal,N,0.36,0.57,true,false,Puntos_de_calor_Colombia_2026-10-01.csv,2026-10-03T21:23:04Z,50,Meta,50568,Puerto Gaitán,asignado,cache_geometrico,false,0,,,,asignado,321111,3.2.1.1.1.1.  Herbazal denso de tierra firme no arbolado,3,32,321,3211,32111,321111,SI,Landsat_2024_mediana_28042025,GoogleEarth,false,0,,,,,dentro,0.00,1,0,1,LAM5281,PERFORACIÓN EXPLORATORIA CPO-13,TECPETROL COLOMBIA S.A.S.,poligono,dentro,0.00,3,0195,CPO 13,MAUTE|NO APLICA|LA PLUMA,TECPETROL COLOMBIA SAS,EVALUACION|EXPLORACION,CONTRATO DE EXPLORACION Y PRODUCCION (E&P)
a46793b591eb79c53c706306,2026-10-01T00:53-05:00,2026-10-01T05:53:00Z,2026-10-01,5.56678,-69.2548,VIIRS-Suomi-NPP,Suomi-NPP,VIIRS,36.6,16.2,2,Nominal,N,0.5,0.49,true,false,Puntos_de_calor_Colombia_2026-10-01.csv,2026-10-03T21:23:04Z,99,Vichada,99524,La Primavera,asignado,cache_geometrico,false,0,,,,asignado,231,2.3.1. Pastos limpios,2,23,231,,,,SI,Landsat_2024_mediana_28042025,GoogleEarth,false,0,,,,,mas_de_5_km,,0,0,0,,,,,mas_de_5_km,,0,,,,,,
d029058385ccabb610f22070,2026-10-01T00:53-05:00,2026-10-01T05:53:00Z,2026-10-01,5.98148,-68.84562,VIIRS-Suomi-NPP,Suomi-NPP,VIIRS,53.4,12.7,1.9,Nominal,N,0.48,0.48,true,false,Puntos_de_calor_Colombia_2026-10-01.csv,2026-10-03T21:23:04Z,99,Vichada,99524,La Primavera,asignado,cache_geometrico,false,0,,,,asignado,321121,3.2.1.1.2.1. Herbazal denso inundable no arbolado,3,32,321,3211,32112,321121,SI,Landsat_2024_mediana_28042025,GoogleEarth,false,0,,,,,mas_de_5_km,,0,0,0,,,,,mas_de_5_km,,0,,,,,,
dcdd8c16b4bdd13645880814,2026-10-01T00:53-05:00,2026-10-01T05:53:00Z,2026-10-01,3.5793,-71.92342,VIIRS-Suomi-NPP,Suomi-NPP,VIIRS,42.3,9.1,4.8,Nominal,N,0.36,0.57,true,false,Puntos_de_calor_Colombia_2026-10-01.csv,2026-10-03T21:23:04Z,50,Meta,50568,Puerto Gaitán,asignado,cache_geometrico,false,0,,,,asignado,321113,3.2.1.1.1.3.  Herbazal denso de tierra firme con arbustos,3,32,321,3211,32111,321113,SI,Landsat_2024_mediana_28042025,Sentinel_2024_mediana_11042025,false,0,,,,,dentro,0.00,1,0,1,LAM5281,PERFORACIÓN EXPLORATORIA CPO-13,TECPETROL COLOMBIA S.A.S.,poligono,dentro,0.00,2,0195,CPO 13,MAUTE|NO APLICA,TECPETROL COLOMBIA SAS,EVALUACION|EXPLORACION,CONTRATO DE EXPLORACION Y PRODUCCION (E&P)
ece2397b7ed6917db4328c16,2026-10-01T00:53-05:00,2026-10-01T05:53:00Z,2026-10-01,5.17298,-69.78674,VIIRS-Suomi-NPP,Suomi-NPP,VIIRS,44.1,14.4,2.3,Nominal,N,0.54,0.51,true,false,Puntos_de_calor_Colombia_2026-10-01.csv,2026-10-03T21:23:04Z,99,Vichada,99524,La Primavera,asignado,cache_geometrico,false,0,,,,asignado,321111,3.2.1.1.1.1.  Herbazal denso de tierra firme no arbolado,3,32,321,3211,32111,321111,SI,Landsat_2024_mediana_28042025,GoogleEarth,false,0,,,,,mas_de_5_km,,0,0,0,,,,,mas_de_5_km,,0,,,,,,
f4644640fd74cbe559e024cd,2026-10-01T00:53-05:00,2026-10-01T05:53:00Z,2026-10-01,3.60679,-71.92612,VIIRS-Suomi-NPP,Suomi-NPP,VIIRS,45.5,10.2,1.7,Nominal,N,0.36,0.57,true,false,Puntos_de_calor_Colombia_2026-10-01.csv,2026-10-03T21:23:04Z,50,Meta,50568,Puerto Gaitán,asignado,cache_geometrico,false,0,,,,asignado,321111,3.2.1.1.1.1.  Herbazal denso de tierra firme no arbolado,3,32,321,3211,32111,321111,SI,Landsat_2024_mediana_28042025,GoogleEarth,false,0,,,,,dentro,0.00,1,0,1,LAM5281,PERFORACIÓN EXPLORATORIA CPO-13,TECPETROL COLOMBIA S.A.S.,poligono,dentro,0.00,3,0195,CPO 13,MAUTE|NO APLICA|LA PLUMA,TECPETROL COLOMBIA SAS,EVALUACION|EXPLORACION,CONTRATO DE EXPLORACION Y PRODUCCION (E&P)
faa857775d9df286f5ed5828,2026-10-01T00:53-05:00,2026-10-01T05:53:00Z,2026-10-01,3.58026,-71.92995,VIIRS-Suomi-NPP,Suomi-NPP,VIIRS,77.7,9.9,9.6,Nominal,N,0.36,0.57,true,false,Puntos_de_calor_Colombia_2026-10-01.csv,2026-10-03T21:23:04Z,50,Meta,50568,Puerto Gaitán,asignado,cache_geometrico,false,0,,,,asignado,321113,3.2.1.1.1.3.  Herbazal denso de tierra firme con arbustos,3,32,321,3211,32111,321113,SI,Landsat_2024_mediana_28042025,Sentinel_2024_mediana_11042025,false,0,,,,,dentro,0.00,1,0,1,LAM5281,PERFORACIÓN EXPLORATORIA CPO-13,TECPETROL COLOMBIA S.A.S.,poligono,dentro,0.00,2,0195,CPO 13,MAUTE|NO APLICA,TECPETROL COLOMBIA SAS,EVALUACION|EXPLORACION,CONTRATO DE EXPLORACION Y PRODUCCION (E&P)
ff1f1fa71a559ea3833b7206,2026-10-01T00:53-05:00,2026-10-01T05:53:00Z,2026-10-01,5.80382,-69.18616,VIIRS-Suomi-NPP,Suomi-NPP,VIIRS,36.5,16,6.2,Nominal,N,0.5,0.49,true,false,Puntos_de_calor_Colombia_2026-10-01.csv,2026-10-03T21:23:04Z,99,Vichada,99524,La Primavera,asignado,cache_geometrico,false,0,,,,asignado,321111,3.2.1.1.1.1.  Herbazal denso de tierra firme no arbolado,3,32,321,3211,32111,321111,SI,Landsat_2024_mediana_28042025,GoogleEarth,false,0,,,,,mas_de_5_km,,0,0,0,,,,,mas_de_5_km,,0,,,,,,
0509482063d3a25162de45cf,2026-10-01T01:10-05:00,2026-10-01T06:10:00Z,2026-10-01,5.80686,-69.18976,VIIRS-NOAA-20,NOAA-20,VIIRS,52.8,9.1,2.5,Nominal,N,0.38,0.36,true,true,Puntos_de_calor_Colombia_2026-10-01.csv,2026-10-03T21:23:04Z,99,Vichada,99524,La Primavera,asignado,cache_geometrico,false,0,,,,asignado,314,3.1.4. Bosque de galería y ripario,3,31,314,,,,SI,Landsat_2024_mediana_28042025,GoogleEarth,false,0,,,,,mas_de_5_km,,0,0,0,,,,,mas_de_5_km,,0,,,,,,
0e9ca703a062e80729ffd802,2026-10-01T01:10-05:00,2026-10-01T06:10:00Z,2026-10-01,5.54736,-69.82949,VIIRS-NOAA-20,NOAA-20,VIIRS,78.4,17.2,7.1,Nominal,N,0.39,0.36,true,true,Puntos_de_calor_Colombia_2026-10-01.csv,2026-10-03T21:23:04Z,99,Vichada,99524,La Primavera,asignado,cache_geometrico,false,0,,,,asignado,321111,3.2.1.1.1.1.  Herbazal denso de tierra firme no arbolado,3,32,321,3211,32111,321111,SI,Landsat_2024_mediana_28042025,GoogleEarth,false,0,,,,,mas_de_5_km,,0,0,0,,,,,mas_de_5_km,,0,,,,,,
13505b7c0631ca7c6eb7a3d9,2026-10-01T01:10-05:00,2026-10-01T06:10:00Z,2026-10-01,5.8074,-69.1932,VIIRS-NOAA-20,NOAA-20,VIIRS,36.7,10.1,1.4,Nominal,N,0.38,0.36,true,true,Puntos_de_calor_Colombia_2026-10-01.csv,2026-10-03T21:23:04Z,99,Vichada,99524,La Primavera,asignado,cache_geometrico,false,0,,,,asignado,321111,3.2.1.1.1.1.  Herbazal denso de tierra firme no arbolado,3,32,321,3211,32111,321111,SI,Landsat_2024_mediana_28042025,GoogleEarth,false,0,,,,,mas_de_5_km,,0,0,0,,,,,mas_de_5_km,,0,,,,,,
1c3249f28305cfb5e1d50285,2026-10-01T01:10-05:00,2026-10-01T06:10:00Z,2026-10-01,5.56563,-69.256,VIIRS-NOAA-20,NOAA-20,VIIRS,41.1,16.1,1.3,Nominal,N,0.38,0.36,true,true,Puntos_de_calor_Colombia_2026-10-01.csv,2026-10-03T21:23:04Z,99,Vichada,99524,La Primavera,asignado,cache_geometrico,false,0,,,,asignado,314,3.1.4. Bosque de galería y ripario,3,31,314,,,,SI,Landsat_2024_mediana_28042025,GoogleEarth,false,0,,,,,mas_de_5_km,,0,0,0,,,,,mas_de_5_km,,0,,,,,,
26d71ccbcf8c6842c74d82f0,2026-10-01T01:10-05:00,2026-10-01T06:10:00Z,2026-10-01,5.99517,-68.85583,VIIRS-NOAA-20,NOAA-20,VIIRS,77,13.3,7.5,Nominal,N,0.38,0.36,true,true,Puntos_de_calor_Colombia_2026-10-01.csv,2026-10-03T21:23:04Z,99,Vichada,99524,La Primavera,asignado,cache_geometrico,false,0,,,,asignado,321121,3.2.1.1.2.1. Herbazal denso inundable no arbolado,3,32,321,3211,32112,321121,SI,Landsat_2024_mediana_28042025,GoogleEarth,false,0,,,,,mas_de_5_km,,0,0,0,,,,,mas_de_5_km,,0,,,,,,
2c4b6114e23b523d694683a7,2026-10-01T01:10-05:00,2026-10-01T06:10:00Z,2026-10-01,5.20449,-69.70184,VIIRS-NOAA-20,NOAA-20,VIIRS,55.2,14.3,4.5,Nominal,N,0.39,0.36,true,true,Puntos_de_calor_Colombia_2026-10-01.csv,2026-10-03T21:23:04Z,99,Vichada,99524,La Primavera,asignado,cache_geometrico,false,0,,,,asignado,321121,3.2.1.1.2.1. Herbazal denso inundable no arbolado,3,32,321,3211,32112,321121,SI,Landsat_2024_mediana_28042025,GoogleEarth,false,0,,,,,mas_de_5_km,,0,0,0,,,,,mas_de_5_km,,0,,,,,,
353e3aecaaf0c0840ddcad20,2026-10-01T01:10-05:00,2026-10-01T06:10:00Z,2026-10-01,5.80795,-69.19664,VIIRS-NOAA-20,NOAA-20,VIIRS,49.3,9.8,1.4,Nominal,N,0.38,0.36,true,true,Puntos_de_calor_Colombia_2026-10-01.csv,2026-10-03T21:23:04Z,99,Vichada,99524,La Primavera,asignado,cache_geometrico,false,0,,,,asignado,314,3.1.4. Bosque de galería y ripario,3,31,314,,,,SI,Landsat_2024_mediana_28042025,GoogleEarth,false,0,,,,,mas_de_5_km,,0,0,0,,,,,mas_de_5_km,,0,,,,,,
417855a277e00ba80aa06eaa,2026-10-01T01:10-05:00,2026-10-01T06:10:00Z,2026-10-01,5.80465,-69.19717,VIIRS-NOAA-20,NOAA-20,VIIRS,33.6,4.6,3.6,Nominal,N,0.38,0.36,true,true,Puntos_de_calor_Colombia_2026-10-01.csv,2026-10-03T21:23:04Z,99,Vichada,99524,La Primavera,asignado,cache_geometrico,false,0,,,,asignado,321111,3.2.1.1.1.1.  Herbazal denso de tierra firme no arbolado,3,32,321,3211,32111,321111,SI,Landsat_2024_mediana_28042025,GoogleEarth,false,0,,,,,mas_de_5_km,,0,0,0,,,,,mas_de_5_km,,0,,,,,,
4f0a130325265c0ff0bb6523,2026-10-01T01:10-05:00,2026-10-01T06:10:00Z,2026-10-01,5.56178,-69.25307,VIIRS-NOAA-20,NOAA-20,VIIRS,41.2,16.3,,Nominal,N,0.38,0.36,true,true,Puntos_de_calor_Colombia_2026-10-01.csv,2026-10-03T21:23:04Z,99,Vichada,99524,La Primavera,asignado,cache_geometrico,false,0,,,,asignado,321111,3.2.1.1.1.1.  Herbazal denso de tierra firme no arbolado,3,32,321,3211,32111,321111,SI,Landsat_2024_mediana_28042025,GoogleEarth,false,0,,,,,mas_de_5_km,,0,0,0,,,,,mas_de_5_km,,0,,,,,,
53f4baa16e96d6e56b44cce6,2026-10-01T01:10-05:00,2026-10-01T06:10:00Z,2026-10-01,5.20835,-69.70477,VIIRS-NOAA-20,NOAA-20,VIIRS,60.4,14.6,3.4,Nominal,N,0.39,0.36,true,true,Puntos_de_calor_Colombia_2026-10-01.csv,2026-10-03T21:23:04Z,99,Vichada,99524,La Primavera,asignado,cache_geometrico,false,0,,,,asignado,321121,3.2.1.1.2.1. Herbazal denso inundable no arbolado,3,32,321,3211,32112,321121,SI,Landsat_2024_mediana_28042025,GoogleEarth,false,0,,,,,mas_de_5_km,,0,0,0,,,,,mas_de_5_km,,0,,,,,,
5d14de10e223005cf5c519c0,2026-10-01T01:10-05:00,2026-10-01T06:10:00Z,2026-10-01,5.20504,-69.70529,VIIRS-NOAA-20,NOAA-20,VIIRS,61.9,17.9,8.2,Nominal,N,0.39,0.36,true,true,Puntos_de_calor_Colombia_2026-10-01.csv,2026-10-03T21:23:04Z,99,Vichada,99524,La Primavera,asignado,cache_geometrico,false,0,,,,asignado,321121,3.2.1.1.2.1. Herbazal denso inundable no arbolado,3,32,321,3211,32112,321121,SI,Landsat_2024_mediana_28042025,GoogleEarth,false,0,,,,,mas_de_5_km,,0,0,0,,,,,mas_de_5_km,,0,,,,,,
60f15c22de4a8e8ac73c6100,2026-10-01T01:10-05:00,2026-10-01T06:10:00Z,2026-10-01,5.55187,-69.25463,VIIRS-NOAA-20,NOAA-20,VIIRS,33.3,16.8,,Nominal,N,0.38,0.36,true,true,Puntos_de_calor_Colombia_2026-10-01.csv,2026-10-03T21:23:04Z,99,Vichada,99524,La Primavera,asignado,cache_geometrico,false,0,,,,asignado,321111,3.2.1.1.1.1.  Herbazal denso de tierra firme no arbolado,3,32,321,3211,32111,321111,SI,Landsat_2024_mediana_28042025,GoogleEarth,false,0,,,,,mas_de_5_km,,0,0,0,,,,,mas_de_5_km,,0,,,,,,
6cc127086338ea18e9faa4ec,2026-10-01T01:10-05:00,2026-10-01T06:10:00Z,2026-10-01,5.55518,-69.25411,VIIRS-NOAA-20,NOAA-20,VIIRS,42.4,16.6,,Nominal,N,0.38,0.36,true,true,Puntos_de_calor_Colombia_2026-10-01.csv,2026-10-03T21:23:04Z,99,Vichada,99524,La Primavera,asignado,cache_geometrico,false,0,,,,asignado,321111,3.2.1.1.1.1.  Herbazal denso de tierra firme no arbolado,3,32,321,3211,32111,321111,SI,Landsat_2024_mediana_28042025,GoogleEarth,false,0,,,,,mas_de_5_km,,0,0,0,,,,,mas_de_5_km,,0,,,,,,
6e7f150cdbb0d7f5bd3736f8,2026-10-01T01:10-05:00,2026-10-01T06:10:00Z,2026-10-01,5.80026,-69.1908,VIIRS-NOAA-20,NOAA-20,VIIRS,24.1,5.7,1.5,Nominal,N,0.38,0.36,true,true,Puntos_de_calor_Colombia_2026-10-01.csv,2026-10-03T21:23:04Z,99,Vichada,99524,La Primavera,asignado,cache_geometrico,false,0,,,,asignado,321111,3.2.1.1.1.1.  Herbazal denso de tierra firme no arbolado,3,32,321,3211,32111,321111,SI,Landsat_2024_mediana_28042025,GoogleEarth,false,0,,,,,mas_de_5_km,,0,0,0,,,,,mas_de_5_km,,0,,,,,,
86e9602de1575b9633f60cc1,2026-10-01T01:10-05:00,2026-10-01T06:10:00Z,2026-10-01,5.8041,-69.19373,VIIRS-NOAA-20,NOAA-20,VIIRS,65.3,8.5,3.6,Nominal,N,0.38,0.36,true,true,Puntos_de_calor_Colombia_2026-10-01.csv,2026-10-03T21:23:04Z,99,Vichada,99524,La Primavera,asignado,cache_geometrico,false,0,,,,asignado,321111,3.2.1.1.1.1.  Herbazal denso de tierra firme no arbolado,3,32,321,3211,32111,321111,SI,Landsat_2024_mediana_28042025,GoogleEarth,false,0,,,,,mas_de_5_km,,0,0,0,,,,,mas_de_5_km,,0,,,,,,
925efec173103248cf847c19,2026-10-01T01:10-05:00,2026-10-01T06:10:00Z,2026-10-01,9.72224,-73.52322,VIIRS-NOAA-20,NOAA-20,VIIRS,23.1,-8.5,,Nominal,N,0.41,0.45,true,true,Puntos_de_calor_Colombia_2026-10-01.csv,2026-10-03T21:23:04Z,20,Cesar,20045,Becerril,asignado,cache_geometrico,false,0,,,,asignado,1313,1.3.1.3. Explotación de carbón,1,13,131,1313,,,SI,Landsat_2024_mediana_28042025,,true,1,144-97,(8000213085) DRUMMOND LTDA.\ (8300377743) DRUMMOND COAL MINING L L C,Explotación,"ANTRACITA, CARBÓN METALÚRGICO, CARBÓN TÉRMICO",dentro,0.00,11,0,11,LAM3271|LAM1321|LAM3308|LAM2622,"EXPLOTACIÓN CARBONÍFERA DESCANSO NORTE|EXPLOTACIÓN MINERA EN LAS ÁREAS DE LOS CONTRATOS 144/97 ""EL DESCANSO"", 283/95 ""SIMILOA"" Y 284/95 ""RINCÓN HONDO"".|BLOQUE DE PERFORACION EXPLORATORIA MARACAS|EXPLORACIÓN DE HIDROCARBUROS (GAS Y PETRÓLEO) Y GAS METANO ASOCIADO A CARBON DENOMINADO LA LOMA|Proyecto Carbonífero Calenturitas",DRUMMOND LTDA.|DRUMMOND LTD.|TEXICAN OIL LTD|DRUMMOND LTD|Sociedad C.I. Prodeco S.A,poligono,dentro,0.00,3,0372|0379|0075,CR 4|LA LOMA ADICIONAL|LA LOMA,NO APLICA|PAUJIL-CANARIO|LA LOMA,"DRUMMOND ENERGY, INC",EXPLORACION|EVALUACION|PRODUCCION,CONTRATO DE EXPLORACION Y PRODUCCION (E&P)|CONTRATO DE EXPLORACION Y EXPLOTACION (E&E)
c38e24603d9b505edce55fe9,2026-10-01T01:10-05:00,2026-10-01T06:10:00Z,2026-10-01,5.80301,-69.18683,VIIRS-NOAA-20,NOAA-20,VIIRS,31.8,8.1,1.5,Nominal,N,0.38,0.36,true,true,Puntos_de_calor_Colombia_2026-10-01.csv,2026-10-03T21:23:04Z,99,Vichada,99524,La Primavera,asignado,cache_geometrico,false,0,,,,asignado,321111,3.2.1.1.1.1.  Herbazal denso de tierra firme no arbolado,3,32,321,3211,32111,321111,SI,Landsat_2024_mediana_28042025,GoogleEarth,false,0,,,,,mas_de_5_km,,0,0,0,,,,,mas_de_5_km,,0,,,,,,
d23684ad27a7bf025204b02b,2026-10-01T01:10-05:00,2026-10-01T06:10:00Z,2026-10-01,5.55848,-69.25359,VIIRS-NOAA-20,NOAA-20,VIIRS,34.8,14.2,,Nominal,N,0.38,0.36,true,true,Puntos_de_calor_Colombia_2026-10-01.csv,2026-10-03T21:23:04Z,99,Vichada,99524,La Primavera,asignado,cache_geometrico,false,0,,,,asignado,321111,3.2.1.1.1.1.  Herbazal denso de tierra firme no arbolado,3,32,321,3211,32111,321111,SI,Landsat_2024_mediana_28042025,GoogleEarth,false,0,,,,,mas_de_5_km,,0,0,0,,,,,mas_de_5_km,,0,,,,,,
d391db96459784eeced50a1a,2026-10-01T01:10-05:00,2026-10-01T06:10:00Z,2026-10-01,5.80356,-69.19028,VIIRS-NOAA-20,NOAA-20,VIIRS,65.8,7.2,1.5,Nominal,N,0.38,0.36,true,true,Puntos_de_calor_Colombia_2026-10-01.csv,2026-10-03T21:23:04Z,99,Vichada,99524,La Primavera,asignado,cache_geometrico,false,0,,,,asignado,321111,3.2.1.1.1.1.  Herbazal denso de tierra firme no arbolado,3,32,321,3211,32111,321111,SI,Landsat_2024_mediana_28042025,GoogleEarth,false,0,,,,,mas_de_5_km,,0,0,0,,,,,mas_de_5_km,,0,,,,,,
f263be7b3b5ac25ca1d8a5d6,2026-10-01T01:10-05:00,2026-10-01T06:10:00Z,2026-10-01,5.2122,-69.70772,VIIRS-NOAA-20,NOAA-20,VIIRS,52.5,14,3.4,Nominal,N,0.39,0.36,true,true,Puntos_de_calor_Colombia_2026-10-01.csv,2026-10-03T21:23:04Z,99,Vichada,99524,La Primavera,asignado,cache_geometrico,false,0,,,,asignado,321121,3.2.1.1.2.1. Herbazal denso inundable no arbolado,3,32,321,3211,32112,321121,SI,Landsat_2024_mediana_28042025,GoogleEarth,false,0,,,,,mas_de_5_km,,0,0,0,,,,,mas_de_5_km,,0,,,,,,
f28f7eb079cc4086ffa544d1,2026-10-01T01:10-05:00,2026-10-01T06:10:00Z,2026-10-01,5.8008,-69.19424,VIIRS-NOAA-20,NOAA-20,VIIRS,23.1,-0.3,3.6,Nominal,N,0.38,0.36,true,true,Puntos_de_calor_Colombia_2026-10-01.csv,2026-10-03T21:23:04Z,99,Vichada,99524,La Primavera,asignado,cache_geometrico,false,0,,,,asignado,321111,3.2.1.1.1.1.  Herbazal denso de tierra firme no arbolado,3,32,321,3211,32111,321111,SI,Landsat_2024_mediana_28042025,GoogleEarth,false,0,,,,,mas_de_5_km,,0,0,0,,,,,mas_de_5_km,,0,,,,,,
08f598b418ba4df27d043196,2026-10-01T01:12-05:00,2026-10-01T06:12:00Z,2026-10-01,3.58012,-71.9234,VIIRS-NOAA-20,NOAA-20,VIIRS,65.2,18.2,11.7,Nominal,N,0.43,0.38,true,true,Puntos_de_calor_Colombia_2026-10-01.csv,2026-10-03T21:23:04Z,50,Meta,50568,Puerto Gaitán,asignado,cache_geometrico,false,0,,,,asignado,321113,3.2.1.1.1.3.  Herbazal denso de tierra firme con arbustos,3,32,321,3211,32111,321113,SI,Landsat_2024_mediana_28042025,Sentinel_2024_mediana_11042025,false,0,,,,,dentro,0.00,1,0,1,LAM5281,PERFORACIÓN EXPLORATORIA CPO-13,TECPETROL COLOMBIA S.A.S.,poligono,dentro,0.00,2,0195,CPO 13,MAUTE|NO APLICA,TECPETROL COLOMBIA SAS,EVALUACION|EXPLORACION,CONTRATO DE EXPLORACION Y PRODUCCION (E&P)
320e2aae3a895b7384147976,2026-10-01T01:12-05:00,2026-10-01T06:12:00Z,2026-10-01,3.58072,-71.92722,VIIRS-NOAA-20,NOAA-20,VIIRS,81.2,18.1,11.7,Nominal,N,0.43,0.38,true,true,Puntos_de_calor_Colombia_2026-10-01.csv,2026-10-03T21:23:04Z,50,Meta,50568,Puerto Gaitán,asignado,cache_geometrico,false,0,,,,asignado,314,3.1.4. Bosque de galería y ripario,3,31,314,,,,SI,Landsat_2024_mediana_28042025,GoogleEarth,false,0,,,,,dentro,0.00,1,0,1,LAM5281,PERFORACIÓN EXPLORATORIA CPO-13,TECPETROL COLOMBIA S.A.S.,poligono,dentro,0.00,2,0195,CPO 13,MAUTE|NO APLICA,TECPETROL COLOMBIA SAS,EVALUACION|EXPLORACION,CONTRATO DE EXPLORACION Y PRODUCCION (E&P)
729d67120c6cf739b7006202,2026-10-01T01:12-05:00,2026-10-01T06:12:00Z,2026-10-01,3.60565,-71.92735,VIIRS-NOAA-20,NOAA-20,VIIRS,61.6,16,3.5,Nominal,N,0.43,0.38,true,true,Puntos_de_calor_Colombia_2026-10-01.csv,2026-10-03T21:23:04Z,50,Meta,50568,Puerto Gaitán,asignado,cache_geometrico,false,0,,,,asignado,321111,3.2.1.1.1.1.  Herbazal denso de tierra firme no arbolado,3,32,321,3211,32111,321111,SI,Landsat_2024_mediana_28042025,GoogleEarth,false,0,,,,,dentro,0.00,1,0,1,LAM5281,PERFORACIÓN EXPLORATORIA CPO-13,TECPETROL COLOMBIA S.A.S.,poligono,dentro,0.00,3,0195,CPO 13,MAUTE|NO APLICA|LA PLUMA,TECPETROL COLOMBIA SAS,EVALUACION|EXPLORACION,CONTRATO DE EXPLORACION Y PRODUCCION (E&P)
fc152adfc2a3187a1215b1c0,2026-10-01T01:12-05:00,2026-10-01T06:12:00Z,2026-10-01,4.77506,-70.57931,VIIRS-NOAA-20,NOAA-20,VIIRS,47,9.4,2.6,Nominal,N,0.4,0.37,true,true,Puntos_de_calor_Colombia_2026-10-01.csv,2026-10-03T21:23:04Z,99,Vichada,99624,Santa Rosalía,asignado,cache_geometrico,false,0,,,,asignado,321111,3.2.1.1.1.1.  Herbazal denso de tierra firme no arbolado,3,32,321,3211,32111,321111,SI,Landsat_2024_mediana_28042025,GoogleEarth,false,0,,,,,mas_de_5_km,,0,0,0,,,,,mas_de_5_km,,0,,,,,,
dc8f17cbf3c2a36fd71f3451,2026-10-01T01:54-05:00,2026-10-01T06:54:00Z,2026-10-01,10.31846,-75.48728,VIIRS-NOAA-21,NOAA-21,VIIRS,30.7,-4.3,1.2,Nominal,N,0.4,0.45,true,true,Puntos_de_calor_Colombia_2026-10-01.csv,2026-10-03T21:23:04Z,13,Bolívar,13001,Cartagena De Indias,asignado,cache_geometrico,false,0,,,,asignado,121,1.2.1. Zonas industriales o comerciales,1,12,121,,,,SI,Landsat_2024_mediana_28042025,Sentinel_2024_mediana_11042025,false,0,,,,,dentro,0.00,69,0,69,LAM0761|LAM0241|LAM5466|LAM7829-00|LAM0862|LAV0045-00-2017|LAV0057-00-2016|LAM2493|LAM0407|LAM7173-00|LAM2745|LAV0087-00-2014|LAV0023-00-2015|LAM1441|LAV0003-00-2016|LAV0004-00-2020|LAM7378-00|LAM1458|LAM0666|LAM0712|LAM1581|LAM6824-00|LAM3207|LAM2191|LAM2145|LAM4031|LAM1872|LAV0100-00-2015|LAM2253|LAM6307|LAM2972|LAM3667,"REFINERIA DE CARTAGENA|PLAN MAESTRO DE DESARROLO REFINERÍA DE CARTAGENA|CONSTRUCCIÓN Y OPERACIÓN GASODUCTO DE LA COSTA ATLÁNTICA, (BALLENA CARTAGENA, BARRANQUILLA), Y CONSTRUCCIÓN DEL LOOP PALOMINO LA MAMI.|SEGUNDA CALZADA GAMBOTE - MAMONAL-VARIANTE CARTAGENA –RUTA DEL CARIBE|PLANTA DE ABASTO LA CANDELARIA|COMBUSTOLEODUCTO AYACUCHO - RETIRO - COVEÑAS|GASODUCTO MAMONAL - PAIVA|Construcción y Operación del ramal a Reficar|OPERACION Y EL MANTENIMIENTO DEL POLIDUCTO CARTAGENA BARANOA Y SU INFRAESTRUCTURA ASOCIADA|ADECUACION DE MUELLES DE BOTES REFINERIA ECOPETROL|OBRAS MENORES EN EL MUELLE PETROLERO DE LA EMPRESA TEXAS PETROLEUM COMPANY, HOY CHEVRON PRETROLEUM COMPANY|PLATAFORMA MARINA PARA EL RECIBO BASES LUBRICANTES EXXONMOBIL DE COLOMBIA - MAMONAL|PUERTO EL CAYAO PARA LA CONSTRUCCIÓN DE UNA TERMINAL DE IMPORTACIÓN, REGASIFICACIÓN, Y POTENCIAL EXPORTACIÓN DE GAS NATURAL LICUADO|CONSTRUCCIÓN Y OPERACIÓN DEL GASODUCTO LOOP SAN MATEO MAMONAL|CONSTRUCCION Y OPERACION DE TERMINAL PORTUARIO DESTINADO AL MANEJO DE HIDROCARBUROS Y SUS DERIVADOS.|PLAN MAESTRO DE DESARROLLO REFINERÍA DE CARTAGENA|CONSTRUCCIÓN DE LA SEGUNDA LÍNEA BOLÍVAR - CARTAGENA  A 200Kv UPME-05-2012|AMPLIACIÓN DEL TERMINAL PORTUARIO OILTANKING COLOMBIA S.A|AMPLIACIÓN DEL TERMINAL PORTUARIO OILTANKING COLOMBIA S.A.|AMPLIACIÓN Y ENSANCHE DEL MUELLE COLCLINKER, UBICADO EN CARTAGENA-BOLÍVAR|Puerto de Mamonal|CONSTRUCCIÓN DE UN TERMINAL DE SERVICIOS PÚBLICOS UBICADO AL MARGEN ORIENTAL DE LA BAHÍA DE CARTAGENA Y CONSTRUCCIÓN DE PISCINAS VERTEDORAS|FORMULACION DE PLAGUICIDAS AMPLIACIÓN DE LA PLANTA DE DOW|PLANTA PRODUCTORA DE PLAGUICIDAS|PLANTA DE FORMULACIÓN Y EMPAQUES DE PRODUCTOS PARA LA PROTECCIÓN DE CULTIVOS SYNGENTA S.A. – CARTAGENA|ZOOCRIADERO CEIBA ROJA S.A|Planta de Producción de Bolsas Plásticas Impregnadas de Plaguicidas|CONSTRUCCION DE DOS ESTACIONES COMPRESORAS EN CARTAGENA Y JOBO|Estación Compresora Cartagena y Sahagún|PLAN DE RESTAURACIÓN Y RECUPERACIÓN AMBIENTAL DE LOS  ECOSISTEMAS  DRAGADOS DEL CANAL DEL DIQUE.|EXPLORACIÓN Y APROPIACIÓN DE MARGAS, ARCILLAS, MINERAL CALIZA, Y YACIMIENTOS CALCÁREOS; EL MANEJO Y ALMACENAMIENTO Y CARGUE DE CARBON LA ACTIVIDAD INDUSTRIAL DE FABRICACIÓN DE CEMENTO.|PROYECTO TÉRMICO MAMONAL 3.|CONSTRUCCIÓN DE UN TERMINAL PARA EL MANEJO DE CARGA A GRANEL EN LA BAHÍA DE CARTAGENA SECTOR MAMONAL|LÍNEA DE TRANSMISIÓN A 230 KV. CIRCUITO SENCILLO SABANALARGA-CARTAGENA|PROYECTO DISPOSICIÓN DE RESIDUOS DE ORIGEN ANIMAL, PROVENIENTE DE EMPRESAS PROCESADORAS DE PESCADO Y ACTIVIDADES DE ALMACENAMIENTO Y TRATAMIENTO PREVIO DE AGUAS SENTINAS Y ACEITES USADOS|CRUCE SUBACUÁTICO PUNTA IGUANA-GASODUCTO PASACABALLOS-BARÚ|CENTRAL TERMOELÉCTRICA CARTAGENA",REFINERIA DE CARTAGENA|REFINERIA DE CARTAGENA S.A|PROMIGAS S.A. E.S.P|CONSORCIO VIAL HELIOS|AUTOPISTAS DEL SOL S.A.S|PETRÓLEOS DEL MILENIO S. A. S. PETROMIL S.A.S.|ECOPETROL S.A.|PROMIGAS S.A E.S.P|LÍNEAS DE CONDUCCIÓN SAS - LINDECON S.A.S|REFINERIA DE CARTAGENA S.A.|CHEVRON PETROLEUM COMPANY|EXXON MOBIL DE COLOMBIA S.A.|SOCIEDAD PORTUARIA EL CAYAO S.A E.S.P|BIOMAX BIOCOMBUSTIBLES S.A|EMPRESA DE ENERGÍA DE BOGOTÁ – EEB|OILTANKING COLOMBIA S.A|OILTANKING COLOMBIA S.A.|CONCRETOS ARGOS S.A.|Puerto de Mamonal S.A.|PUERTO DE MAMONAL S.A.|DOW AGROSCIENCES DE COLOMBIA S.A.|SYNGENTA S.A.|CEIBA ROJA S.A.|POLYBAN INTERNACIONAL S.A.|Promigas S.A. E.S.P.|CORPORACION AUTONOMA REGIONAL DEL RIO GRANDE DE LA MAGDALENA|CEMENTOS ARGOS S.A.|TERMOCANDELARIA S.A E.S.P.|SOCIEDAD PORTUARIA BULLPESA S.A.|INTERCONEXION ELECTRICA S.A. E.S.P. ISA|CARMAN INTERNACIONAL S.A.S|SURTIGAS S.A E.S.P.|EMGESA S.A E.S.P.,poligono|linea|punto,entre_1_y_5_km,3387.89,1,0346,SN 15,NO APLICA,HOCOL S.A.,EXPLORACION,CONTRATO DE EXPLORACION Y PRODUCCION (E&P)
3ce650e9d7e7a98ed985276a,2026-10-01T03:24-05:00,2026-10-01T08:24:00Z,2026-10-01,4.77543,-70.57665,MODIS-Aqua,Aqua,MODIS,42,11.7,15.1,91 %,N,1.03,1.01,true,true,Puntos_de_calor_Colombia_2026-10-01.csv,2026-10-03T21:23:04Z,99,Vichada,99624,Santa Rosalía,asignado,cache_geometrico,false,0,,,,asignado,321111,3.2.1.1.1.1.  Herbazal denso de tierra firme no arbolado,3,32,321,3211,32111,321111,SI,Landsat_2024_mediana_28042025,GoogleEarth,false,0,,,,,mas_de_5_km,,0,0,0,,,,,mas_de_5_km,,0,,,,,,
84d04acbcb786402fd7ca4f1,2026-10-01T03:24-05:00,2026-10-01T08:24:00Z,2026-10-01,4.77678,-70.58559,MODIS-Aqua,Aqua,MODIS,29.2,12.8,5.1,36 %,N,1.03,1.01,true,true,Puntos_de_calor_Colombia_2026-10-01.csv,2026-10-03T21:23:04Z,99,Vichada,99624,Santa Rosalía,asignado,cache_geometrico,false,0,,,,asignado,231,2.3.1. Pastos limpios,2,23,231,,,,SI,Landsat_2024_mediana_28042025,GoogleEarth,false,0,,,,,mas_de_5_km,,0,0,0,,,,,mas_de_5_km,,0,,,,,,
ed3cdf67e3668abfeb7e8903,2026-10-01T09:16-05:00,2026-10-01T14:16:00Z,2026-10-01,5.5419,-76.06194,MODIS-Terra,Terra,MODIS,26.9,9.7,15.4,8 %,D,3,1.65,true,true,Puntos_de_calor_Colombia_2026-10-01.csv,2026-10-03T21:23:04Z,66,Risaralda,66456,Mistrató,asignado,cache_geometrico,false,0,,,,asignado,31111,3.1.1.1.1. Bosque denso alto de tierra firme,3,31,311,3111,31111,,SI,"Landsat_2024_mediana_28042025, Sentinel_2024_mediana_11042025",,false,0,,,,,mas_de_5_km,,0,0,0,,,,,mas_de_5_km,,0,,,,,,
fc3403bc0dd1a59891667f49,2026-10-01T09:16-05:00,2026-10-01T14:16:00Z,2026-10-01,5.52703,-76.06076,MODIS-Terra,Terra,MODIS,27.6,9.3,15.5,13 %,D,3,1.65,true,true,Puntos_de_calor_Colombia_2026-10-01.csv,2026-10-03T21:23:04Z,66,Risaralda,66456,Mistrató,asignado,cache_geometrico,false,0,,,,asignado,31111,3.1.1.1.1. Bosque denso alto de tierra firme,3,31,311,3111,31111,,SI,"Landsat_2024_mediana_28042025, Sentinel_2024_mediana_11042025",,false,0,,,,,mas_de_5_km,,0,0,0,,,,,mas_de_5_km,,0,,,,,,
0fccda1cd38f8674212b0a1a,2026-10-01T12:58-05:00,2026-10-01T17:58:00Z,2026-10-01,4.0685,-71.35468,VIIRS-NOAA-21,NOAA-21,VIIRS,58,24.4,5.4,Baja,D,0.43,0.38,true,true,Puntos_de_calor_Colombia_2026-10-01.csv,2026-10-03T21:23:04Z,50,Meta,50568,Puerto Gaitán,asignado,cache_geometrico,false,0,,,,asignado,321111,3.2.1.1.1.1.  Herbazal denso de tierra firme no arbolado,3,32,321,3211,32111,321111,SI,Landsat_2024_mediana_28042025,Basemap,false,0,,,,,dentro,0.00,5,0,5,LAM4649|LAV0006-12|LAM5172|LAM3340,"AREA DE PERFORACION EXPLORATORIA SABANERO|BLOQUE PERFORACIÓN Y EXPLOTACIÓN SABANERO|PERFORACIÓN EXPLORATORIA BLOQUE CPO-7B|AREA DE MAYOR INTERES SABANERO SURESTE|AREA DE PERFORACION EXPLORATORIA ""QUIFA""",MAUREL & PROM COLOMBIA B.V.|TECPETROL COLOMBIA S.A.S.|META PETROLEUM CORP,poligono,entre_1_y_5_km,2078.08,3,0126|0059,SABANERO|QUIFA,SABANERO|CHAMAN|NO APLICA,FRONTERA ENERGY COLOMBIA CORP.,PRODUCCION|EVALUACION,CONTRATO DE EXPLORACION Y PRODUCCION (E&P)|CONTRATO DE ASOCIACION CON ECOPETROL
107a91b336bc57b2f044863b,2026-10-01T12:58-05:00,2026-10-01T17:58:00Z,2026-10-01,4.19329,-70.95264,VIIRS-NOAA-21,NOAA-21,VIIRS,55.8,15.5,9.4,Baja,D,0.42,0.37,true,true,Puntos_de_calor_Colombia_2026-10-01.csv,2026-10-03T21:23:04Z,99,Vichada,99773,Cumaribo,asignado,cache_geometrico,false,0,,,,asignado,321111,3.2.1.1.1.1.  Herbazal denso de tierra firme no arbolado,3,32,321,3211,32111,321111,SI,Landsat_2024_mediana_28042025,"GoogleEarth, BingMaps",false,0,,,,,mas_de_5_km,,0,0,0,,,,,mas_de_5_km,,0,,,,,,
2dec09d267bede71b5ebb043,2026-10-01T12:58-05:00,2026-10-01T17:58:00Z,2026-10-01,3.85152,-72.47216,VIIRS-NOAA-21,NOAA-21,VIIRS,60.9,18.4,16.1,Baja,D,0.49,0.4,true,true,Puntos_de_calor_Colombia_2026-10-01.csv,2026-10-03T21:23:04Z,50,Meta,50573,Puerto López,asignado,cache_geometrico,false,0,,,,asignado,321111,3.2.1.1.1.1.  Herbazal denso de tierra firme no arbolado,3,32,321,3211,32111,321111,SI,Landsat_2024_mediana_28042025,GoogleEarth,false,0,,,,,dentro,0.00,4,0,4,LAM5475|LAV0036-00-2022|LAV0048-13|LAM5114,"ÁREA DE PERFORACIÓN EXPLORATORIA BLOQUE CPO-12|ÁREA DE DESARROLLO LLANOS 134 - ÁREA DE DESARROLLO LLANOS 134|AREA DE PERFORACIÓN EXPLORATORIA NECTAR, DEL BLOQUE CPO11|ÁREA DE PERFORACIÓN EXPLORATORIA GUACHARACA",META  PETROLEUM CORP|PAREX RESOURCES COLOMBIA LTD SUCURSAL|ECOPETROL S.A.|HUPECOL OPERATING CO LLC,poligono,mas_de_5_km,,0,,,,,,
38b8bbc929ed56fe5bdebfa1,2026-10-01T12:58-05:00,2026-10-01T17:58:00Z,2026-10-01,3.8468,-76.51138,VIIRS-NOAA-21,NOAA-21,VIIRS,65.9,18.6,10.5,Nominal,D,0.59,0.53,true,true,Puntos_de_calor_Colombia_2026-10-01.csv,2026-10-03T21:23:04Z,76,Valle Del Cauca,76606,Restrepo,asignado,cache_geometrico,false,0,,,,asignado,231,2.3.1. Pastos limpios,2,23,231,,,,SI,Landsat_2024_mediana_28042025,,false,0,,,,,entre_1_y_5_km,2509.71,3,0,3,LAM3972|LAM2582,"Construcción de la segunda calzada tramo Loboguerrero-Mediacanoa, Sector 2 (Km 81+000 - Km 96+000). Tramo 7.|CENTRAL HIDROELÉCTRICA CALIMA",Unión temporal de desarrollo vial del Valle del Cauca y Cauca|EMPRESAS PÚBLICAS DE MEDELLÍN E.S.P. - EPM,linea|poligono,mas_de_5_km,,0,,,,,,
5cebf1d2b52ccaffa782d024,2026-10-01T12:58-05:00,2026-10-01T17:58:00Z,2026-10-01,5.67788,-74.5459,VIIRS-NOAA-21,NOAA-21,VIIRS,69.1,22.3,7.7,Nominal,D,0.41,0.45,true,true,Puntos_de_calor_Colombia_2026-10-01.csv,2026-10-03T21:23:04Z,25,Cundinamarca,25572,Puerto Salgar,asignado,cache_geometrico,false,0,,,,asignado,3231,3.2.3.1. Vegetación secundaria alta,3,32,323,3231,,,SI,Landsat_2024_mediana_28042025,GoogleMaps,false,0,,,,,entre_1_y_5_km,1546.04,8,0,8,LAM0347,BLOQUE DE PERFORACION EXPLORATORIA TOPAZ|EXPLORACIÓN Y DESARROLLO DEL CAMPO TORCAZ|BLOQUE EXPLORATORIO SÍSMICA TORCAZ Y BLOQUE DE PERFORACIÓN EXPLORATORIA TORCAZ,COLOMBIA ENERGY DEVELOPMENT CO|CINCO RANCH PETROLEUM COLOMBIA INC. SUCURSAL COLOMBIA,poligono|punto,dentro,0.00,3,0037|0514|0539,BOCACHICO|VMM 14-1|VMM 65,NO APLICA,ECOPETROL S.A.,PRODUCCION|EXPLORACION,CONTRATO DE ASOCIACION CON ECOPETROL|CONTRATO DE EVALUACION TECNICA ANH
5e63c0c4e577674073b94401,2026-10-01T12:58-05:00,2026-10-01T17:58:00Z,2026-10-01,4.75124,-75.91122,VIIRS-NOAA-21,NOAA-21,VIIRS,56.8,23.9,3.6,Nominal,D,0.52,0.5,true,true,Puntos_de_calor_Colombia_2026-10-01.csv,2026-10-03T21:23:04Z,76,Valle Del Cauca,76147,Cartago,asignado,cache_geometrico,false,0,,,,asignado,111,1.1.1. Tejido urbano continuo,1,11,111,,,,SI,"Landsat_2024_mediana_28042025, Sentinel_2024_mediana_11042025",Basemap,false,0,,,,,hasta_1_km,517.48,17,0,17,LAM1963|LAM1834|LAM0674|LAM0520|LAM0421|LAV0002-00-2022|LAM0299|LAV0047-00-2022|LAM2255|LAM2939,"CONCESIÓN DE LA RED FÉRREA PACÍFICA. TREN DEL PACIFICO TREN DE OCCIDENTE.|CLUB CAMPESTRE – CALARÁ, REHABILITACIÓN Y CONSTRUCCIÓN DE LA VÍA.|CONSTRUCCIÓN VARIANTE POLIDUCTO SALGAR – MARIQUITA Y POLIDUCTO DE CALDAS, SALGAR CARTAGO|SEBASTOPOL-MEDELLIN-CARTAGO|LÍNEA DE TRANSMISIÓN A 500 KV. SAN CARLOS-SAN MARCOS INCLUYENDO LA SUBESTACIÓN LA VIRGINIA|LÍNEA DE TRANSMISIÓN 230 KV CSF CONTINUA CARTAGO|GASODUCTO DE OCCIDENTE Y 47 RAMALES DE DISTRIBUCION MARIQUITA Y CALI|UPME 04-2014 REFUERZO SUROCCIDENTAL 500 KV, PROYECTO LA VIRGINIA - ALFÉREZ|POLIDUCTO SEBASTOPOL - MEDELLIN - CARTAGO|PLANTA ALMACENADORA Y ENVASADORA DE GAS PROPANO GLP|CONSTRUCCION DE VARAIENTES FERREAS DE CARTAGO ( VALLE) Y CAIMALITO ( PERERIRA )",TREN DE OCCIDENTE S.A.|CONCESIONARIA DE OCCIDENTE S.A.|ECOPETROL S.A.|INTERCONEXION ELECTRICA S.A. E.S.P. ISA|CSF CARTAGO CONTINUA SAS ESP|TRANSPORTADORA DE GAS INTERNACIONAL S.A. E.S.P. - TGI S.A. E.S.P.|GRUPO ENERGIA BOGOTA S A ESP|CENIT TRANSPORTE Y LOGISTICA DE HIDROCARBUROS S.A.S|VELOGAS DE OCCIDENTE S.A.|TREN DE OCCIDENTE S.A,linea|poligono,mas_de_5_km,,0,,,,,,
63429fc37208ca1332c7ef77,2026-10-01T12:58-05:00,2026-10-01T17:58:00Z,2026-10-01,3.84588,-76.51694,VIIRS-NOAA-21,NOAA-21,VIIRS,54.5,15.7,10.5,Nominal,D,0.59,0.53,true,true,Puntos_de_calor_Colombia_2026-10-01.csv,2026-10-03T21:23:04Z,76,Valle Del Cauca,76606,Restrepo,asignado,cache_geometrico,false,0,,,,asignado,231,2.3.1. Pastos limpios,2,23,231,,,,SI,Landsat_2024_mediana_28042025,,false,0,,,,,entre_1_y_5_km,2330.24,3,0,3,LAM3972|LAM2582,"Construcción de la segunda calzada tramo Loboguerrero-Mediacanoa, Sector 2 (Km 81+000 - Km 96+000). Tramo 7.|CENTRAL HIDROELÉCTRICA CALIMA",Unión temporal de desarrollo vial del Valle del Cauca y Cauca|EMPRESAS PÚBLICAS DE MEDELLÍN E.S.P. - EPM,linea|poligono,mas_de_5_km,,0,,,,,,
66dc0ad40eace9849cb0d8d9,2026-10-01T12:58-05:00,2026-10-01T17:58:00Z,2026-10-01,4.49821,-74.13918,VIIRS-NOAA-21,NOAA-21,VIIRS,53.7,22.8,2.5,Nominal,D,0.4,0.44,true,true,Puntos_de_calor_Colombia_2026-10-01.csv,2026-10-03T21:23:04Z,11,"Bogotá, D.C.",11001,"Bogotá, D.C.",asignado,cache_geometrico,false,0,,,,asignado,132,1.3.2. Zona de disposición de residuos,1,13,132,,,,SI,Landsat_2024_mediana_28042025,,false,0,,,,,hasta_1_km,35.93,15,0,15,LAM7710-00|LAM8039-00|LAM2048|LAV0005-13|LAM0530|LAM0951|LAM2347|LAM1748,RELLENO SANITARIO DOÑA JUANA VIII|Líneas de Transmisión a 230kV. Corredor Sur y Sistema Bogotá|TRANSMISION NUEVA ESPERANZA LÍNEA A 230 KV Y SUBESTACIÓN DE ENERGIA|TRANSMISIÓN NUEVA ESPERANZA LÍNEA A 230 KV Y SUBESTACIÓN DE ENERGÍA – TRANSMISIÓN NUEVA ESPERANZA LÍNEA A 230 KV Y SUBESTACIÓN DE ENERGÍA|PLAN DE RECUPERACION Y ESTABECIMIENTO DE LA RESERVA ECOLOGICA Y PRIVADA LA FISCALA|GASODUCTO APIAY – VILLAVICENCIO – BOGOTÁ|PLAN DE RECUPERACIÓN Y ESTABLECIMIENTO DE LA RESERVA ECOLÓGICA Y PRIVADA LA FISCALA,UNIDAD ADMINISTRATIVA ESPECIAL DE SERVICIOS PÚBLICOS - UAESP|CENTRO DE GERENCIAMIENTO DE RESIDUOS DOÑA JUANA S.A.E.S.P.|Grupo Energía Bogotá|EMPRESAS PUBLICAS DE MEDELLIN E.S.P|EMPRESAS PÚBLICAS DE MEDELLÍN E.S.P. - EPM|CEMEX COLOMBIA S.A.|TRANSPORTADORA DE GAS INTERNACIONAL S.A. E.S.P. - TGI S.A. E.S.P.|FUNDACIÓN SAN ANTONIO|HOLCIM (COLOMBIA) S.A.,poligono|linea,mas_de_5_km,,0,,,,,,
88df094a07622ca0ead21e51,2026-10-01T12:58-05:00,2026-10-01T17:58:00Z,2026-10-01,4.69391,-68.97653,VIIRS-NOAA-21,NOAA-21,VIIRS,59.1,8.1,2.6,Nominal,D,0.38,0.36,true,true,Puntos_de_calor_Colombia_2026-10-01.csv,2026-10-03T21:23:04Z,99,Vichada,99773,Cumaribo,asignado,cache_geometrico,false,0,,,,asignado,321111,3.2.1.1.1.1.  Herbazal denso de tierra firme no arbolado,3,32,321,3211,32111,321111,SI,Landsat_2024_mediana_28042025,GoogleEarth,false,0,,,,,mas_de_5_km,,0,0,0,,,,,mas_de_5_km,,0,,,,,,
8c02272e742a6929f43074a2,2026-10-01T12:58-05:00,2026-10-01T17:58:00Z,2026-10-01,4.06791,-71.35854,VIIRS-NOAA-21,NOAA-21,VIIRS,72.2,27.2,9.1,Baja,D,0.43,0.38,true,true,Puntos_de_calor_Colombia_2026-10-01.csv,2026-10-03T21:23:04Z,50,Meta,50568,Puerto Gaitán,asignado,cache_geometrico,false,0,,,,asignado,321111,3.2.1.1.1.1.  Herbazal denso de tierra firme no arbolado,3,32,321,3211,32111,321111,SI,Landsat_2024_mediana_28042025,Basemap,false,0,,,,,dentro,0.00,4,0,4,LAM4649|LAV0006-12|LAM5172|LAM3340,"AREA DE PERFORACION EXPLORATORIA SABANERO|BLOQUE PERFORACIÓN Y EXPLOTACIÓN SABANERO|PERFORACIÓN EXPLORATORIA BLOQUE CPO-7B|AREA DE PERFORACION EXPLORATORIA ""QUIFA""",MAUREL & PROM COLOMBIA B.V.|TECPETROL COLOMBIA S.A.S.|META PETROLEUM CORP,poligono,entre_1_y_5_km,2506.32,3,0126|0059,SABANERO|QUIFA,SABANERO|CHAMAN|NO APLICA,FRONTERA ENERGY COLOMBIA CORP.,PRODUCCION|EVALUACION,CONTRATO DE EXPLORACION Y PRODUCCION (E&P)|CONTRATO DE ASOCIACION CON ECOPETROL
92f2d894e05c3bb25f99ecba,2026-10-01T12:58-05:00,2026-10-01T17:58:00Z,2026-10-01,4.14052,-70.74826,VIIRS-NOAA-21,NOAA-21,VIIRS,80.1,25.7,21.7,Nominal,D,0.41,0.37,true,true,Puntos_de_calor_Colombia_2026-10-01.csv,2026-10-03T21:23:04Z,99,Vichada,99773,Cumaribo,asignado,cache_geometrico,false,0,,,,asignado,321121,3.2.1.1.2.1. Herbazal denso inundable no arbolado,3,32,321,3211,32112,321121,SI,Landsat_2024_mediana_28042025,"GoogleEarth, BingMaps",false,0,,,,,mas_de_5_km,,0,0,0,,,,,mas_de_5_km,,0,,,,,,
a0c628e1f69d1de745d3c36d,2026-10-01T12:58-05:00,2026-10-01T17:58:00Z,2026-10-01,5.87462,-69.19379,VIIRS-NOAA-21,NOAA-21,VIIRS,72.8,5.5,8.4,Nominal,D,0.38,0.36,true,true,Puntos_de_calor_Colombia_2026-10-01.csv,2026-10-03T21:23:04Z,99,Vichada,99524,La Primavera,asignado,cache_geometrico,false,0,,,,asignado,321121,3.2.1.1.2.1. Herbazal denso inundable no arbolado,3,32,321,3211,32112,321121,SI,Landsat_2024_mediana_28042025,GoogleEarth,false,0,,,,,mas_de_5_km,,0,0,0,,,,,mas_de_5_km,,0,,,,,,
b41e093fd1938a3c6cd977dd,2026-10-01T12:58-05:00,2026-10-01T17:58:00Z,2026-10-01,4.06978,-71.35883,VIIRS-NOAA-21,NOAA-21,VIIRS,60.6,25.9,6.2,Baja,D,0.43,0.38,true,true,Puntos_de_calor_Colombia_2026-10-01.csv,2026-10-03T21:23:04Z,50,Meta,50568,Puerto Gaitán,asignado,cache_geometrico,false,0,,,,asignado,321111,3.2.1.1.1.1.  Herbazal denso de tierra firme no arbolado,3,32,321,3211,32111,321111,SI,Landsat_2024_mediana_28042025,Basemap,false,0,,,,,dentro,0.00,3,0,3,LAM4649|LAV0006-12|LAM5172,AREA DE PERFORACION EXPLORATORIA SABANERO|BLOQUE PERFORACIÓN Y EXPLOTACIÓN SABANERO|PERFORACIÓN EXPLORATORIA BLOQUE CPO-7B,MAUREL & PROM COLOMBIA B.V.|TECPETROL COLOMBIA S.A.S.,poligono,entre_1_y_5_km,2539.18,2,0126,SABANERO,SABANERO|CHAMAN,FRONTERA ENERGY COLOMBIA CORP.,PRODUCCION|EVALUACION,CONTRATO DE EXPLORACION Y PRODUCCION (E&P)
bba371a6d8c2a0cc0c7fd319,2026-10-01T12:58-05:00,2026-10-01T17:58:00Z,2026-10-01,5.87514,-69.19035,VIIRS-NOAA-21,NOAA-21,VIIRS,72,5.8,8.4,Nominal,D,0.38,0.36,true,true,Puntos_de_calor_Colombia_2026-10-01.csv,2026-10-03T21:23:04Z,99,Vichada,99524,La Primavera,asignado,cache_geometrico,false,0,,,,asignado,321121,3.2.1.1.2.1. Herbazal denso inundable no arbolado,3,32,321,3211,32112,321121,SI,Landsat_2024_mediana_28042025,GoogleEarth,false,0,,,,,mas_de_5_km,,0,0,0,,,,,mas_de_5_km,,0,,,,,,
bc58c2474f01c3f539a4bfa1,2026-10-01T12:58-05:00,2026-10-01T17:58:00Z,2026-10-01,4.06384,-71.36186,VIIRS-NOAA-21,NOAA-21,VIIRS,75.5,24.8,9.1,Nominal,D,0.43,0.38,true,true,Puntos_de_calor_Colombia_2026-10-01.csv,2026-10-03T21:23:04Z,50,Meta,50568,Puerto Gaitán,asignado,cache_geometrico,false,0,,,,asignado,321111,3.2.1.1.1.1.  Herbazal denso de tierra firme no arbolado,3,32,321,3211,32111,321111,SI,Landsat_2024_mediana_28042025,Basemap,false,0,,,,,dentro,0.00,4,0,4,LAM4649|LAV0006-12|LAM5172|LAM3340,"AREA DE PERFORACION EXPLORATORIA SABANERO|BLOQUE PERFORACIÓN Y EXPLOTACIÓN SABANERO|PERFORACIÓN EXPLORATORIA BLOQUE CPO-7B|AREA DE PERFORACION EXPLORATORIA ""QUIFA""",MAUREL & PROM COLOMBIA B.V.|TECPETROL COLOMBIA S.A.S.|META PETROLEUM CORP,poligono,entre_1_y_5_km,2873.36,3,0126|0059,SABANERO|QUIFA,SABANERO|CHAMAN|NO APLICA,FRONTERA ENERGY COLOMBIA CORP.,PRODUCCION|EVALUACION,CONTRATO DE EXPLORACION Y PRODUCCION (E&P)|CONTRATO DE ASOCIACION CON ECOPETROL
de5b9c8104d171e11409400b,2026-10-01T12:58-05:00,2026-10-01T17:58:00Z,2026-10-01,4.07286,-71.49786,VIIRS-NOAA-21,NOAA-21,VIIRS,68.2,24,10.6,Nominal,D,0.44,0.38,true,true,Puntos_de_calor_Colombia_2026-10-01.csv,2026-10-03T21:23:04Z,50,Meta,50568,Puerto Gaitán,asignado,cache_geometrico,false,0,,,,asignado,321111,3.2.1.1.1.1.  Herbazal denso de tierra firme no arbolado,3,32,321,3211,32111,321111,SI,Landsat_2024_mediana_28042025,GoogleEarth,false,0,,,,,hasta_1_km,283.36,4,0,4,LAM5124|LAM4503|LAV0033-00-2015|LAV0037-00-2015,ÁREA DE PERFORACIÓN EXPLORATORIA QUIFA NORTE – NORTE|BLOQUE DE PERFORACION EXPLORATORIA QUIFA NORESTE|ÁREA DE EXPLOTACIÓN DE HIDROCARBUROS QUIFA NORTE NORTE|ÁREA DE EXPLOTACIÓN DE HIDROCARBUROS QUIFA NOROESTE,"FRONTERA ENERGY COLOMBIA CORP. SUCURSAL COLOMBIA|META PETROLEUM CORP|PACIFIC RUBIALES ENERGY|FRONTERA ENERGY COLOMBIA CORP., SUCURSAL COLOMBIA",poligono,dentro,0.00,1,0059,QUIFA,NO APLICA,FRONTERA ENERGY COLOMBIA CORP.,PRODUCCION,CONTRATO DE ASOCIACION CON ECOPETROL
ecbeabd4a69a37e0d8c6bbc6,2026-10-01T12:58-05:00,2026-10-01T17:58:00Z,2026-10-01,4.0657,-71.36215,VIIRS-NOAA-21,NOAA-21,VIIRS,69.4,26.4,6.2,Baja,D,0.43,0.38,true,true,Puntos_de_calor_Colombia_2026-10-01.csv,2026-10-03T21:23:04Z,50,Meta,50568,Puerto Gaitán,asignado,cache_geometrico,false,0,,,,asignado,321111,3.2.1.1.1.1.  Herbazal denso de tierra firme no arbolado,3,32,321,3211,32111,321111,SI,Landsat_2024_mediana_28042025,Basemap,false,0,,,,,dentro,0.00,4,0,4,LAM4649|LAV0006-12|LAM5172|LAM3340,"AREA DE PERFORACION EXPLORATORIA SABANERO|BLOQUE PERFORACIÓN Y EXPLOTACIÓN SABANERO|PERFORACIÓN EXPLORATORIA BLOQUE CPO-7B|AREA DE PERFORACION EXPLORATORIA ""QUIFA""",MAUREL & PROM COLOMBIA B.V.|TECPETROL COLOMBIA S.A.S.|META PETROLEUM CORP,poligono,entre_1_y_5_km,2906.22,3,0126|0059,SABANERO|QUIFA,SABANERO|CHAMAN|NO APLICA,FRONTERA ENERGY COLOMBIA CORP.,PRODUCCION|EVALUACION,CONTRATO DE EXPLORACION Y PRODUCCION (E&P)|CONTRATO DE ASOCIACION CON ECOPETROL
fdf4956421f71a57e7e03e28,2026-10-01T12:58-05:00,2026-10-01T17:58:00Z,2026-10-01,4.06631,-71.3583,VIIRS-NOAA-21,NOAA-21,VIIRS,78.8,26.1,6.2,Nominal,D,0.43,0.38,true,true,Puntos_de_calor_Colombia_2026-10-01.csv,2026-10-03T21:23:04Z,50,Meta,50568,Puerto Gaitán,asignado,cache_geometrico,false,0,,,,asignado,321111,3.2.1.1.1.1.  Herbazal denso de tierra firme no arbolado,3,32,321,3211,32111,321111,SI,Landsat_2024_mediana_28042025,Basemap,false,0,,,,,dentro,0.00,4,0,4,LAM4649|LAV0006-12|LAM5172|LAM3340,"AREA DE PERFORACION EXPLORATORIA SABANERO|BLOQUE PERFORACIÓN Y EXPLOTACIÓN SABANERO|PERFORACIÓN EXPLORATORIA BLOQUE CPO-7B|AREA DE PERFORACION EXPLORATORIA ""QUIFA""",MAUREL & PROM COLOMBIA B.V.|TECPETROL COLOMBIA S.A.S.|META PETROLEUM CORP,poligono,entre_1_y_5_km,2479.10,3,0126|0059,SABANERO|QUIFA,SABANERO|CHAMAN|NO APLICA,FRONTERA ENERGY COLOMBIA CORP.,PRODUCCION|EVALUACION,CONTRATO DE EXPLORACION Y PRODUCCION (E&P)|CONTRATO DE ASOCIACION CON ECOPETROL
01a4de1350fca608ab6b2d11,2026-10-01T13:00-05:00,2026-10-01T18:00:00Z,2026-10-01,7.35036,-74.43781,VIIRS-NOAA-21,NOAA-21,VIIRS,71.6,22.8,9.2,Nominal,D,0.57,0.43,true,true,Puntos_de_calor_Colombia_2026-10-01.csv,2026-10-03T21:23:04Z,05,Antioquia,05736,Segovia,asignado,cache_geometrico,false,0,,,,asignado,231,2.3.1. Pastos limpios,2,23,231,,,,SI,Landsat_2024_mediana_28042025,Sentinel_2024_mediana_11042025,false,0,,,,,mas_de_5_km,,0,0,0,,,,,mas_de_5_km,,0,,,,,,
2a2099f7cdad91b4dec595ff,2026-10-01T13:00-05:00,2026-10-01T18:00:00Z,2026-10-01,8.03339,-72.4192,VIIRS-NOAA-21,NOAA-21,VIIRS,59.2,26.6,4.2,Nominal,D,0.44,0.38,true,true,Puntos_de_calor_Colombia_2026-10-01.csv,2026-10-03T21:23:04Z,54,Norte De Santander,54001,San José De Cúcuta,asignado,cache_geometrico,false,0,,,,asignado,131,1.3.1. Zonas de extracción minera,1,13,131,,,,SI,Landsat_2024_mediana_28042025,GoogleEarth,false,0,,,,,entre_1_y_5_km,1591.79,1,0,1,LAM4616,AREA DE PERFORACION EXPLORATORIA ORIPAYA,ECOPETROL S.A.,poligono,entre_1_y_5_km,1773.45,1,0078,URIBANTE,ORIPAYA,ECOPETROL S.A.,PRODUCCION,CONTRATO DE EXPLORACION Y EXPLOTACION (E&E)
5e4ca4df1fd6265ce7027978,2026-10-01T13:00-05:00,2026-10-01T18:00:00Z,2026-10-01,8.16554,-72.91607,VIIRS-NOAA-21,NOAA-21,VIIRS,59.2,18,18.6,Baja,D,0.46,0.39,true,true,Puntos_de_calor_Colombia_2026-10-01.csv,2026-10-03T21:23:04Z,54,Norte De Santander,54720,Sardinata,asignado,cache_geometrico,false,0,,,,asignado,3231,3.2.3.1. Vegetación secundaria alta,3,32,323,3231,,,SI,Landsat_2024_mediana_28042025,GoogleEarth,false,0,,,,,mas_de_5_km,,0,0,0,,,,,mas_de_5_km,,0,,,,,,
6e58c490173dd86e683cfa2d,2026-10-01T13:00-05:00,2026-10-01T18:00:00Z,2026-10-01,7.50696,-75.06242,VIIRS-NOAA-21,NOAA-21,VIIRS,66.7,23.6,67.2,Nominal,D,0.41,0.45,true,true,Puntos_de_calor_Colombia_2026-10-01.csv,2026-10-03T21:23:04Z,05,Antioquia,05895,Zaragoza,asignado,cache_geometrico,false,0,,,,asignado,3231,3.2.3.1. Vegetación secundaria alta,3,32,323,3231,,,SI,Landsat_2024_mediana_28042025,GoogleEarth,false,0,,,,,mas_de_5_km,,0,0,0,,,,,mas_de_5_km,,0,,,,,,
80ff60475c90c81d7199ed60,2026-10-01T13:00-05:00,2026-10-01T18:00:00Z,2026-10-01,8.16487,-72.92036,VIIRS-NOAA-21,NOAA-21,VIIRS,63.9,24.4,18.6,Baja,D,0.46,0.39,true,true,Puntos_de_calor_Colombia_2026-10-01.csv,2026-10-03T21:23:04Z,54,Norte De Santander,54720,Sardinata,asignado,cache_geometrico,false,0,,,,asignado,243,"2.4.3. Mosaico de cultivos, pastos y espacios naturales",2,24,243,,,,SI,Landsat_2024_mediana_28042025,GoogleEarth,false,0,,,,,mas_de_5_km,,0,0,0,,,,,mas_de_5_km,,0,,,,,,
8f7ee0b6772503ba38a70cd5,2026-10-01T13:00-05:00,2026-10-01T18:00:00Z,2026-10-01,7.34642,-74.43719,VIIRS-NOAA-21,NOAA-21,VIIRS,63.3,23.1,9.2,Nominal,D,0.57,0.43,true,true,Puntos_de_calor_Colombia_2026-10-01.csv,2026-10-03T21:23:04Z,05,Antioquia,05736,Segovia,asignado,cache_geometrico,false,0,,,,asignado,231,2.3.1. Pastos limpios,2,23,231,,,,SI,Landsat_2024_mediana_28042025,Sentinel_2024_mediana_11042025,false,0,,,,,mas_de_5_km,,0,0,0,,,,,mas_de_5_km,,0,,,,,,
9665c0fe65c148ef206ec879,2026-10-01T13:00-05:00,2026-10-01T18:00:00Z,2026-10-01,7.83783,-75.08524,VIIRS-NOAA-21,NOAA-21,VIIRS,63.2,20.8,4.3,Nominal,D,0.41,0.45,true,true,Puntos_de_calor_Colombia_2026-10-01.csv,2026-10-03T21:23:04Z,05,Antioquia,05154,Caucasia,asignado,cache_geometrico,false,0,,,,asignado,244,2.4.4. Mosaico de pastos con espacios naturales,2,24,244,,,,SI,Landsat_2024_mediana_28042025,,false,0,,,,,entre_1_y_5_km,4948.91,1,0,1,LAM0318,OLEODUCTO CUSIANA LA BELLEZA VASCONIA COVEÑAS E INSTALACIONES ANEXAS,OLEODUCTO CENTRAL S.A. OCENSA S.A.,linea,dentro,0.00,1,0484,VIM 10-2,NO APLICA,PAREX RESOURCES (COLOMBIA) AG,EXPLORACION,CONTRATO DE EXPLORACION Y PRODUCCION (E&P)
976f004bb036ae6305e53356,2026-10-01T13:00-05:00,2026-10-01T18:00:00Z,2026-10-01,7.94194,-75.28822,VIIRS-NOAA-21,NOAA-21,VIIRS,58.3,16.5,3.4,Nominal,D,0.42,0.45,true,true,Puntos_de_calor_Colombia_2026-10-01.csv,2026-10-03T21:23:04Z,05,Antioquia,05154,Caucasia,asignado,cache_geometrico,false,0,,,,asignado,244,2.4.4. Mosaico de pastos con espacios naturales,2,24,244,,,,SI,Landsat_2024_mediana_28042025,,false,0,,,,,mas_de_5_km,,0,0,0,,,,,dentro,0.00,1,0484,VIM 10-2,NO APLICA,PAREX RESOURCES (COLOMBIA) AG,EXPLORACION,CONTRATO DE EXPLORACION Y PRODUCCION (E&P)
af93e853c77a0c108017d3eb,2026-10-01T13:00-05:00,2026-10-01T18:00:00Z,2026-10-01,8.28816,-73.16534,VIIRS-NOAA-21,NOAA-21,VIIRS,58.8,22.3,7.5,Nominal,D,0.47,0.4,true,true,Puntos_de_calor_Colombia_2026-10-01.csv,2026-10-03T21:23:04Z,54,Norte De Santander,54398,La Playa,asignado,cache_geometrico,false,0,,,,asignado,3231,3.2.3.1. Vegetación secundaria alta,3,32,323,3231,,,SI,Landsat_2024_mediana_28042025,GoogleEarth,false,0,,,,,mas_de_5_km,,0,0,0,,,,,mas_de_5_km,,0,,,,,,
f16e770adfe94415cc5e1fe6,2026-10-01T13:00-05:00,2026-10-01T18:00:00Z,2026-10-01,8.18383,-72.95553,VIIRS-NOAA-21,NOAA-21,VIIRS,64.4,21.8,7.3,Nominal,D,0.46,0.39,true,true,Puntos_de_calor_Colombia_2026-10-01.csv,2026-10-03T21:23:04Z,54,Norte De Santander,54720,Sardinata,asignado,cache_geometrico,false,0,,,,asignado,243,"2.4.3. Mosaico de cultivos, pastos y espacios naturales",2,24,243,,,,SI,Landsat_2024_mediana_28042025,GoogleEarth,false,0,,,,,mas_de_5_km,,0,0,0,,,,,mas_de_5_km,,0,,,,,,
f2962c1311785799f99b11cc,2026-10-01T13:00-05:00,2026-10-01T18:00:00Z,2026-10-01,7.13253,-74.21893,VIIRS-NOAA-21,NOAA-21,VIIRS,58.2,19.9,9.6,Nominal,D,0.55,0.43,true,true,Puntos_de_calor_Colombia_2026-10-01.csv,2026-10-03T21:23:04Z,13,Bolívar,13160,Cantagallo,asignado,cache_geometrico,false,0,,,,asignado,243,"2.4.3. Mosaico de cultivos, pastos y espacios naturales",2,24,243,,,,SI,Landsat_2024_mediana_28042025,,false,0,,,,,mas_de_5_km,,0,0,0,,,,,mas_de_5_km,,0,,,,,,
f36efa51494991eba31bd4c6,2026-10-01T13:00-05:00,2026-10-01T18:00:00Z,2026-10-01,8.04176,-75.01465,VIIRS-NOAA-21,NOAA-21,VIIRS,56.1,18.2,2.7,Nominal,D,0.4,0.44,true,true,Puntos_de_calor_Colombia_2026-10-01.csv,2026-10-03T21:23:04Z,05,Antioquia,05154,Caucasia,asignado,cache_geometrico,false,0,,,,asignado,244,2.4.4. Mosaico de pastos con espacios naturales,2,24,244,,,,SI,Landsat_2024_mediana_28042025,Basemap,false,0,,,,,mas_de_5_km,,0,0,0,,,,,entre_1_y_5_km,1615.71,2,0306|0484,VIM 15|VIM 10-2,NO APLICA,HOCOL S.A.|PAREX RESOURCES (COLOMBIA) AG,EXPLORACION,CONTRATO DE EXPLORACION Y PRODUCCION (E&P)
19575712305495681c6fdfb2,2026-10-01T13:34-05:00,2026-10-01T18:34:00Z,2026-10-01,3.81823,-71.16983,VIIRS-Suomi-NPP,Suomi-NPP,VIIRS,59.4,20.1,4.2,Nominal,D,0.5,0.41,true,false,Puntos_de_calor_Colombia_2026-10-01.csv,2026-10-03T21:23:04Z,50,Meta,50568,Puerto Gaitán,asignado,cache_geometrico,false,0,,,,asignado,321111,3.2.1.1.1.1.  Herbazal denso de tierra firme no arbolado,3,32,321,3211,32111,321111,SI,"Landsat_2024_mediana_28042025, L9_657_20240412, L9_557_20240225","GoogleEarth, BingMaps, Planet Medres Normalized Analytic 2024-01 Mosaic",false,0,,,,,mas_de_5_km,,0,0,0,,,,,mas_de_5_km,,0,,,,,,
226ae7e0ef1875384d8a50d9,2026-10-01T13:34-05:00,2026-10-01T18:34:00Z,2026-10-01,1.61531,-75.61201,VIIRS-Suomi-NPP,Suomi-NPP,VIIRS,56.3,26.7,4.9,Baja,D,0.39,0.36,true,false,Puntos_de_calor_Colombia_2026-10-01.csv,2026-10-03T21:23:04Z,18,Caquetá,18001,Florencia,asignado,cache_geometrico,false,0,,,,asignado,111,1.1.1. Tejido urbano continuo,1,11,111,,,,SI,L8_859_20240222_20240224,,false,0,,,,,mas_de_5_km,,0,0,0,,,,,entre_1_y_5_km,3554.02,1,0296,NOGAL,NO APLICA,EMERALD ENERGY PLC,EXPLORACION,CONTRATO DE EXPLORACION Y PRODUCCION (E&P)
2478bcb7affc390407943327,2026-10-01T13:34-05:00,2026-10-01T18:34:00Z,2026-10-01,3.9785,-70.682,VIIRS-Suomi-NPP,Suomi-NPP,VIIRS,65.6,19,7,Nominal,D,0.54,0.42,true,false,Puntos_de_calor_Colombia_2026-10-01.csv,2026-10-03T21:23:04Z,99,Vichada,99773,Cumaribo,asignado,cache_geometrico,false,0,,,,asignado,321111,3.2.1.1.1.1.  Herbazal denso de tierra firme no arbolado,3,32,321,3211,32111,321111,SI,"Landsat_2024_mediana_28042025, L9_657_20240412, L9_557_20240225","GoogleEarth, BingMaps, Planet Medres Normalized Analytic 2024-01 Mosaic",false,0,,,,,mas_de_5_km,,0,0,0,,,,,mas_de_5_km,,0,,,,,,
3405aaf9aad776d3770a494d,2026-10-01T13:34-05:00,2026-10-01T18:34:00Z,2026-10-01,4.06334,-71.35786,VIIRS-Suomi-NPP,Suomi-NPP,VIIRS,64,21.3,9.5,Nominal,D,0.49,0.4,true,false,Puntos_de_calor_Colombia_2026-10-01.csv,2026-10-03T21:23:04Z,50,Meta,50568,Puerto Gaitán,asignado,cache_geometrico,false,0,,,,asignado,321111,3.2.1.1.1.1.  Herbazal denso de tierra firme no arbolado,3,32,321,3211,32111,321111,SI,Landsat_2024_mediana_28042025,Basemap,false,0,,,,,dentro,0.00,4,0,4,LAM4649|LAV0006-12|LAM5172|LAM3340,"AREA DE PERFORACION EXPLORATORIA SABANERO|BLOQUE PERFORACIÓN Y EXPLOTACIÓN SABANERO|PERFORACIÓN EXPLORATORIA BLOQUE CPO-7B|AREA DE PERFORACION EXPLORATORIA ""QUIFA""",MAUREL & PROM COLOMBIA B.V.|TECPETROL COLOMBIA S.A.S.|META PETROLEUM CORP,poligono,entre_1_y_5_km,2429.19,3,0126|0059,SABANERO|QUIFA,SABANERO|CHAMAN|NO APLICA,FRONTERA ENERGY COLOMBIA CORP.,PRODUCCION|EVALUACION,CONTRATO DE EXPLORACION Y PRODUCCION (E&P)|CONTRATO DE ASOCIACION CON ECOPETROL
5e088cd74c6ae1e01534dedf,2026-10-01T13:34-05:00,2026-10-01T18:34:00Z,2026-10-01,3.6506,-71.40517,VIIRS-Suomi-NPP,Suomi-NPP,VIIRS,73,20,6,Nominal,D,0.48,0.4,true,false,Puntos_de_calor_Colombia_2026-10-01.csv,2026-10-03T21:23:04Z,50,Meta,50568,Puerto Gaitán,asignado,cache_geometrico,false,0,,,,asignado,321111,3.2.1.1.1.1.  Herbazal denso de tierra firme no arbolado,3,32,321,3211,32111,321111,SI,"Landsat_2024_mediana_28042025,L9_657_20240412,  L9_658_20240224","Basemap, Planet Medres Normalized Analytic 2024-01 Mosaic",false,0,,,,,entre_1_y_5_km,4717.22,4,1,3,LAM0066|LAM0019,"EXPLORACION POZOS RUBIALES 18, 19, 20, 21, 22, 23, 24 Y 25 (PAVIMENTACION BONGA -P G|EIA Mod L. G. Campo Rubiales|Explotación de hidrocarburos Campo Rubiales|CAMPO RUBIALES",COPLEX COLOMBIA LIMITED|ECOPETROL S.A.|Ecopetrol S.A.|META PETROLEUM CORP,poligono,entre_1_y_5_km,2612.94,1,0366,RUBIALES,RUBIALES,ECOPETROL S.A.,PRODUCCION,CONVENIO DE EXPLOTACION
7637bd78e957c565dd6e1fc2,2026-10-01T13:34-05:00,2026-10-01T18:34:00Z,2026-10-01,4.00869,-71.66959,VIIRS-Suomi-NPP,Suomi-NPP,VIIRS,62.7,20.3,3.8,Nominal,D,0.47,0.4,true,false,Puntos_de_calor_Colombia_2026-10-01.csv,2026-10-03T21:23:04Z,50,Meta,50568,Puerto Gaitán,asignado,cache_geometrico,false,0,,,,asignado,321111,3.2.1.1.1.1.  Herbazal denso de tierra firme no arbolado,3,32,321,3211,32111,321111,SI,Landsat_2024_mediana_28042025,GoogleEarth,false,0,,,,,hasta_1_km,851.36,2,0,2,LAV0037-00-2015|LAM4503,ÁREA DE EXPLOTACIÓN DE HIDROCARBUROS QUIFA NOROESTE|BLOQUE DE PERFORACION EXPLORATORIA QUIFA NORESTE,"FRONTERA ENERGY COLOMBIA CORP., SUCURSAL COLOMBIA|META PETROLEUM CORP",poligono,hasta_1_km,849.18,1,0059,QUIFA,NO APLICA,FRONTERA ENERGY COLOMBIA CORP.,PRODUCCION,CONTRATO DE ASOCIACION CON ECOPETROL
781ce7a9d3827407c716f495,2026-10-01T13:34-05:00,2026-10-01T18:34:00Z,2026-10-01,4.06773,-71.35401,VIIRS-Suomi-NPP,Suomi-NPP,VIIRS,59.8,20.5,5.2,Nominal,D,0.49,0.4,true,false,Puntos_de_calor_Colombia_2026-10-01.csv,2026-10-03T21:23:04Z,50,Meta,50568,Puerto Gaitán,asignado,cache_geometrico,false,0,,,,asignado,321111,3.2.1.1.1.1.  Herbazal denso de tierra firme no arbolado,3,32,321,3211,32111,321111,SI,Landsat_2024_mediana_28042025,Basemap,false,0,,,,,dentro,0.00,5,0,5,LAM4649|LAV0006-12|LAM5172|LAM3340,"AREA DE PERFORACION EXPLORATORIA SABANERO|BLOQUE PERFORACIÓN Y EXPLOTACIÓN SABANERO|PERFORACIÓN EXPLORATORIA BLOQUE CPO-7B|AREA DE PERFORACION EXPLORATORIA ""QUIFA""|AREA DE MAYOR INTERES SABANERO SURESTE",MAUREL & PROM COLOMBIA B.V.|TECPETROL COLOMBIA S.A.S.|META PETROLEUM CORP,poligono,entre_1_y_5_km,2003.43,3,0126|0059,SABANERO|QUIFA,SABANERO|CHAMAN|NO APLICA,FRONTERA ENERGY COLOMBIA CORP.,PRODUCCION|EVALUACION,CONTRATO DE EXPLORACION Y PRODUCCION (E&P)|CONTRATO DE ASOCIACION CON ECOPETROL
7aafb637a9e4b593a490dc89,2026-10-01T13:34-05:00,2026-10-01T18:34:00Z,2026-10-01,4.06267,-71.36229,VIIRS-Suomi-NPP,Suomi-NPP,VIIRS,80.2,22.3,9.5,Nominal,D,0.49,0.4,true,false,Puntos_de_calor_Colombia_2026-10-01.csv,2026-10-03T21:23:04Z,50,Meta,50568,Puerto Gaitán,asignado,cache_geometrico,false,0,,,,asignado,321111,3.2.1.1.1.1.  Herbazal denso de tierra firme no arbolado,3,32,321,3211,32111,321111,SI,Landsat_2024_mediana_28042025,Basemap,false,0,,,,,dentro,0.00,4,0,4,LAM4649|LAV0006-12|LAM5172|LAM3340,"AREA DE PERFORACION EXPLORATORIA SABANERO|BLOQUE PERFORACIÓN Y EXPLOTACIÓN SABANERO|PERFORACIÓN EXPLORATORIA BLOQUE CPO-7B|AREA DE PERFORACION EXPLORATORIA ""QUIFA""",MAUREL & PROM COLOMBIA B.V.|TECPETROL COLOMBIA S.A.S.|META PETROLEUM CORP,poligono,entre_1_y_5_km,2920.67,3,0126|0059,SABANERO|QUIFA,SABANERO|CHAMAN|NO APLICA,FRONTERA ENERGY COLOMBIA CORP.,PRODUCCION|EVALUACION,CONTRATO DE EXPLORACION Y PRODUCCION (E&P)|CONTRATO DE ASOCIACION CON ECOPETROL
91280c1b85cf44559aa23326,2026-10-01T13:34-05:00,2026-10-01T18:34:00Z,2026-10-01,4.07079,-71.35898,VIIRS-Suomi-NPP,Suomi-NPP,VIIRS,59.7,20.3,2.7,Nominal,D,0.49,0.4,true,false,Puntos_de_calor_Colombia_2026-10-01.csv,2026-10-03T21:23:04Z,50,Meta,50568,Puerto Gaitán,asignado,cache_geometrico,false,0,,,,asignado,321111,3.2.1.1.1.1.  Herbazal denso de tierra firme no arbolado,3,32,321,3211,32111,321111,SI,Landsat_2024_mediana_28042025,Basemap,false,0,,,,,dentro,0.00,3,0,3,LAM4649|LAV0006-12|LAM5172,AREA DE PERFORACION EXPLORATORIA SABANERO|BLOQUE PERFORACIÓN Y EXPLOTACIÓN SABANERO|PERFORACIÓN EXPLORATORIA BLOQUE CPO-7B,MAUREL & PROM COLOMBIA B.V.|TECPETROL COLOMBIA S.A.S.,poligono,entre_1_y_5_km,2556.19,2,0126,SABANERO,SABANERO|CHAMAN,FRONTERA ENERGY COLOMBIA CORP.,PRODUCCION|EVALUACION,CONTRATO DE EXPLORACION Y PRODUCCION (E&P)
989f17ea92429d522e00c191,2026-10-01T13:34-05:00,2026-10-01T18:34:00Z,2026-10-01,4.06706,-71.35842,VIIRS-Suomi-NPP,Suomi-NPP,VIIRS,64,22.9,9.5,Nominal,D,0.49,0.4,true,false,Puntos_de_calor_Colombia_2026-10-01.csv,2026-10-03T21:23:04Z,50,Meta,50568,Puerto Gaitán,asignado,cache_geometrico,false,0,,,,asignado,321111,3.2.1.1.1.1.  Herbazal denso de tierra firme no arbolado,3,32,321,3211,32111,321111,SI,Landsat_2024_mediana_28042025,Basemap,false,0,,,,,dentro,0.00,4,0,4,LAM4649|LAV0006-12|LAM5172|LAM3340,"AREA DE PERFORACION EXPLORATORIA SABANERO|BLOQUE PERFORACIÓN Y EXPLOTACIÓN SABANERO|PERFORACIÓN EXPLORATORIA BLOQUE CPO-7B|AREA DE PERFORACION EXPLORATORIA ""QUIFA""",MAUREL & PROM COLOMBIA B.V.|TECPETROL COLOMBIA S.A.S.|META PETROLEUM CORP,poligono,entre_1_y_5_km,2492.69,3,0126|0059,SABANERO|QUIFA,SABANERO|CHAMAN|NO APLICA,FRONTERA ENERGY COLOMBIA CORP.,PRODUCCION|EVALUACION,CONTRATO DE EXPLORACION Y PRODUCCION (E&P)|CONTRATO DE ASOCIACION CON ECOPETROL
991d30447090d5c196d1e482,2026-10-01T13:34-05:00,2026-10-01T18:34:00Z,2026-10-01,-0.50561,-73.58997,VIIRS-Suomi-NPP,Suomi-NPP,VIIRS,60.1,17.8,5,Nominal,D,0.39,0.36,true,false,Puntos_de_calor_Colombia_2026-10-01.csv,2026-10-03T21:23:04Z,91,Amazonas,91405,La Chorrera,asignado,cache_geometrico,false,0,,,,asignado,323,3.2.3. Vegetación secundaria o en transición,3,32,323,,,,SI,L9_760_20240115,SENTINEL2A T18MXE_20240618T183849,false,0,,,,,mas_de_5_km,,0,0,0,,,,,mas_de_5_km,,0,,,,,,
a68a9f16f2f53ef33b888115,2026-10-01T13:34-05:00,2026-10-01T18:34:00Z,2026-10-01,4.07012,-71.3634,VIIRS-Suomi-NPP,Suomi-NPP,VIIRS,58.7,14.6,2.7,Nominal,D,0.49,0.4,true,false,Puntos_de_calor_Colombia_2026-10-01.csv,2026-10-03T21:23:04Z,50,Meta,50568,Puerto Gaitán,asignado,cache_geometrico,false,0,,,,asignado,321111,3.2.1.1.1.1.  Herbazal denso de tierra firme no arbolado,3,32,321,3211,32111,321111,SI,Landsat_2024_mediana_28042025,Basemap,false,0,,,,,dentro,0.00,3,0,3,LAM4649|LAV0006-12|LAM5172,AREA DE PERFORACION EXPLORATORIA SABANERO|BLOQUE PERFORACIÓN Y EXPLOTACIÓN SABANERO|PERFORACIÓN EXPLORATORIA BLOQUE CPO-7B,MAUREL & PROM COLOMBIA B.V.|TECPETROL COLOMBIA S.A.S.,poligono,entre_1_y_5_km,2532.71,2,0126,SABANERO,CHAMAN|SABANERO,FRONTERA ENERGY COLOMBIA CORP.,EVALUACION|PRODUCCION,CONTRATO DE EXPLORACION Y PRODUCCION (E&P)
a89f98f79397113c0dd9dab4,2026-10-01T13:34-05:00,2026-10-01T18:34:00Z,2026-10-01,3.64935,-71.40406,VIIRS-Suomi-NPP,Suomi-NPP,VIIRS,60.6,20.2,3.5,Nominal,D,0.48,0.4,true,false,Puntos_de_calor_Colombia_2026-10-01.csv,2026-10-03T21:23:04Z,50,Meta,50568,Puerto Gaitán,asignado,cache_geometrico,false,0,,,,asignado,321111,3.2.1.1.1.1.  Herbazal denso de tierra firme no arbolado,3,32,321,3211,32111,321111,SI,"Landsat_2024_mediana_28042025,L9_657_20240412,  L9_658_20240224","Basemap, Planet Medres Normalized Analytic 2024-01 Mosaic",false,0,,,,,entre_1_y_5_km,4880.35,4,1,3,LAM0066|LAM0019,"EXPLORACION POZOS RUBIALES 18, 19, 20, 21, 22, 23, 24 Y 25 (PAVIMENTACION BONGA -P G|EIA Mod L. G. Campo Rubiales|Explotación de hidrocarburos Campo Rubiales|CAMPO RUBIALES",COPLEX COLOMBIA LIMITED|ECOPETROL S.A.|Ecopetrol S.A.|META PETROLEUM CORP,poligono,entre_1_y_5_km,2784.44,1,0366,RUBIALES,RUBIALES,ECOPETROL S.A.,PRODUCCION,CONVENIO DE EXPLOTACION
ec14d87acc8b63550fe0b7b5,2026-10-01T13:34-05:00,2026-10-01T18:34:00Z,2026-10-01,3.65993,-72.47468,VIIRS-Suomi-NPP,Suomi-NPP,VIIRS,64.1,19.9,6.2,Nominal,D,0.43,0.38,true,false,Puntos_de_calor_Colombia_2026-10-01.csv,2026-10-03T21:23:04Z,50,Meta,50689,San Martín,asignado,cache_geometrico,false,0,,,,asignado,321111,3.2.1.1.1.1.  Herbazal denso de tierra firme no arbolado,3,32,321,3211,32111,321111,SI,Landsat_2024_mediana_28042025,Basemap,false,0,,,,,dentro,0.00,2,0,2,LAM5475|LAV0049-13,ÁREA DE PERFORACIÓN EXPLORATORIA BLOQUE CPO-12|AREA PERFORACION EXPLORATORIA  MUÑECA,META  PETROLEUM CORP|ECOPETROL S.A.,poligono,mas_de_5_km,,0,,,,,,
f23ce256aa5a0950e3c1e667,2026-10-01T13:34-05:00,2026-10-01T18:34:00Z,2026-10-01,1.19862,-75.04842,VIIRS-Suomi-NPP,Suomi-NPP,VIIRS,66.1,20.9,5.4,Nominal,D,0.39,0.36,true,false,Puntos_de_calor_Colombia_2026-10-01.csv,2026-10-03T21:23:04Z,18,Caquetá,18410,La Montañita,asignado,cache_geometrico,false,0,,,,asignado,244,2.4.4. Mosaico de pastos con espacios naturales,2,24,244,,,,SI,L8_859_20240410_20240411,Bing Map Aerial,false,0,,,,,mas_de_5_km,,0,0,0,,,,,mas_de_5_km,,0,,,,,,
013c7c5130ae616256b4eea8,2026-10-01T13:36-05:00,2026-10-01T18:36:00Z,2026-10-01,7.01678,-74.38807,VIIRS-Suomi-NPP,Suomi-NPP,VIIRS,69.3,22.1,3.7,Nominal,D,0.4,0.37,true,false,Puntos_de_calor_Colombia_2026-10-01.csv,2026-10-03T21:23:04Z,05,Antioquia,05604,Remedios,asignado,cache_geometrico,false,0,,,,asignado,231,2.3.1. Pastos limpios,2,23,231,,,,SI,Landsat_2024_mediana_28042025,"Sentinel_2024_mediana_11042025, GoogleEarth, Basemap",true,1,LBC-14071,(9003296316) MINERA ANTIOQUEÑA S.A.S.,,MINERALES DE ORO Y SUS CONCENTRADOS,mas_de_5_km,,0,0,0,,,,,mas_de_5_km,,0,,,,,,
07eccf247c30315d7280d5bd,2026-10-01T13:36-05:00,2026-10-01T18:36:00Z,2026-10-01,7.20219,-75.7979,VIIRS-Suomi-NPP,Suomi-NPP,VIIRS,60.8,11.9,7.3,Nominal,D,0.38,0.36,true,false,Puntos_de_calor_Colombia_2026-10-01.csv,2026-10-03T21:23:04Z,05,Antioquia,05361,Ituango,asignado,cache_geometrico,false,0,,,,asignado,245,2.4.5. Mosaico de cultivos con espacios naturales,2,24,245,,,,SI,Landsat_2024_mediana_28042025,,false,0,,,,,mas_de_5_km,,0,0,0,,,,,mas_de_5_km,,0,,,,,,
09bd00f756305c10bab76cc5,2026-10-01T13:36-05:00,2026-10-01T18:36:00Z,2026-10-01,7.38323,-73.49671,VIIRS-Suomi-NPP,Suomi-NPP,VIIRS,72.2,26.7,7.4,Nominal,D,0.43,0.38,true,false,Puntos_de_calor_Colombia_2026-10-01.csv,2026-10-03T21:23:04Z,68,Santander,68655,Sabana De Torres,asignado,cache_geometrico,false,0,,,,asignado,231,2.3.1. Pastos limpios,2,23,231,,,,SI,Landsat_2024_mediana_28042025,Sentinel_2024_mediana_11042025,false,0,,,,,dentro,0.00,12,0,12,LAV0029-00-2024|LAM1373|LAM0172|LAV0014-00-2022|LAM1009|LAM1903|LAV0055-00-2022|LAM1227|LAM1246,"ÁREA DE PERFORACIÓN EXPLORATORIA VMM-53|LA DORADA - SAN ALBERTO, DOBLE CALZADA LA LIZAMA - LA FORTUNA Y VARIANTE SAN ALBERTO.|PERFORACION CAMPOS PAYOA Y SALINAS (DEMA) PARA POZOS LS 54 54 YLSB 24 M- EXPLOTACION DEL AREA DEL CONTRATO CARARE - LAS MONAS|LÍNEA DE TRANSMISIÓN LA LOMA – SOGAMOSO A 500 kV|CAMPOS DE LA SUPERINTENDENCIA PROVINCIA (CAMPOS PROVINCIA, BONANZA, SAN ROQUE Y TISQUIRAMA)|PLAN DE MANEJO AMBIENTAL PARA LOS CAMPOS DE LA SUPERINTENDENCIA PROVINCIA PERTENECIENTES A LA GERENCIA CENTRO ORIENTE, CONFORMADA POR LOS CAMPOS PROVINCIA Y BONANZA|BLOQUE DE PERFORACION EXPLORATORIA RETORNO, LOCALIZADO EN SABANA DE TORRES - SANTANDER|ÁREA DE PERFORACIÓN EXPLORATORIA VMM-47|AREA DE PERFORACION EXPLORATORIA EL PIÑAL|CAMPO LIEBRE, POZOS LIEBRE 1 Y 2.",CANACOL ENERGY LTD/CNE OIL & GAS|INSTITUTO NACIONAL DE VÍAS - INVIAS|PETROSANTANDER (COLOMBIA) INC|INTERCONEXION ELECTRICA S.A. E.S.P.|ECOPETROL S.A|ECOPETROL S.A.|CNE OIL & GAS S.A.S.,poligono|linea,dentro,0.00,4,0529|0024|0006|0151,VMM 53|EL PIÑAL|CARARE LAS MONAS|PROVINCIA P SUR,NO APLICA|PROVINCIA P SUR,CNE OIL & GAS S A S|PETROSANTANDER COLOMBIA INC|ECOPETROL S.A.,EXPLORACION|PRODUCCION,CONTRATO DE EXPLORACION Y PRODUCCION (E&P)|CONTRATO DE ASOCIACION CON ECOPETROL|CONVENIO DE EXPLOTACION
0d55ed90ad95f68767e4a509,2026-10-01T13:36-05:00,2026-10-01T18:36:00Z,2026-10-01,9.60045,-73.79694,VIIRS-Suomi-NPP,Suomi-NPP,VIIRS,78.8,6.5,7,Nominal,D,0.43,0.38,true,false,Puntos_de_calor_Colombia_2026-10-01.csv,2026-10-03T21:23:04Z,20,Cesar,20032,Astrea,asignado,cache_geometrico,false,0,,,,asignado,411,4.1.1. Zonas pantanosas,4,41,411,,,,SI,Landsat_2024_mediana_28042025,<Null>,false,0,,,,,entre_1_y_5_km,2206.02,2,0,2,LAM1321|LAM4387,BLOQUE DE PERFORACION EXPLORATORIA MARACAS|CENTRAL CARBOELÉCTRICA LA LOMA,TEXICAN OIL LTD|EMPRESAS PÚBLICAS DE MEDELLÍN E.S.P. - EPM,poligono,dentro,0.00,3,0494|0372|0379,VIM 42|CR 4|LA LOMA ADICIONAL,NO APLICA|PAUJIL-CANARIO,"LEWIS ENERGY COLOMBIA INC|DRUMMOND ENERGY, INC",EXPLORACION|EVALUACION,CONTRATO DE EXPLORACION Y PRODUCCION (E&P)
0d694737612923c7deba9dab,2026-10-01T13:36-05:00,2026-10-01T18:36:00Z,2026-10-01,5.8751,-70.08794,VIIRS-Suomi-NPP,Suomi-NPP,VIIRS,60.7,11.3,6.8,Nominal,D,0.41,0.45,true,false,Puntos_de_calor_Colombia_2026-10-01.csv,2026-10-03T21:23:04Z,85,Casanare,85250,Paz De Ariporo,asignado,cache_geometrico,false,0,,,,asignado,321111,3.2.1.1.1.1.  Herbazal denso de tierra firme no arbolado,3,32,321,3211,32111,321111,SI,Landsat_2024_mediana_28042025,GoogleEarth,false,0,,,,,mas_de_5_km,,0,0,0,,,,,mas_de_5_km,,0,,,,,,
11edd43b0db3d8cf05f9e2c8,2026-10-01T13:36-05:00,2026-10-01T18:36:00Z,2026-10-01,5.20193,-69.69247,VIIRS-Suomi-NPP,Suomi-NPP,VIIRS,66.3,1.3,8.9,Nominal,D,0.43,0.46,true,false,Puntos_de_calor_Colombia_2026-10-01.csv,2026-10-03T21:23:04Z,99,Vichada,99524,La Primavera,asignado,cache_geometrico,false,0,,,,asignado,321111,3.2.1.1.1.1.  Herbazal denso de tierra firme no arbolado,3,32,321,3211,32111,321111,SI,Landsat_2024_mediana_28042025,IDEAM_puntos_CLC2022_verificacion_campo_2025,false,0,,,,,mas_de_5_km,,0,0,0,,,,,mas_de_5_km,,0,,,,,,
1d0790da35642bcc5cb0b8b8,2026-10-01T13:36-05:00,2026-10-01T18:36:00Z,2026-10-01,8.7169,-75.02432,VIIRS-Suomi-NPP,Suomi-NPP,VIIRS,59.2,17.2,2.6,Nominal,D,0.39,0.36,true,false,Puntos_de_calor_Colombia_2026-10-01.csv,2026-10-03T21:23:04Z,70,Sucre,70678,San Benito Abad,asignado,cache_geometrico,false,0,,,,asignado,321121,3.2.1.1.2.1. Herbazal denso inundable no arbolado,3,32,321,3211,32112,321121,SI,Landsat_2024_mediana_28042025,,false,0,,,,,mas_de_5_km,,0,0,0,,,,,dentro,0.00,2,0245|0249,VIM 5|VIM 6,NO APLICA,CNE OIL & GAS S A S|HOCOL S.A.,EXPLORACION,CONTRATO DE EXPLORACION Y PRODUCCION (E&P)
26b2f45488aad0034614ddd9,2026-10-01T13:36-05:00,2026-10-01T18:36:00Z,2026-10-01,4.25402,-74.50866,VIIRS-Suomi-NPP,Suomi-NPP,VIIRS,62.9,25.4,3.1,Nominal,D,0.39,0.36,true,false,Puntos_de_calor_Colombia_2026-10-01.csv,2026-10-03T21:23:04Z,25,Cundinamarca,25290,Fusagasugá,asignado,cache_geometrico,false,0,,,,asignado,3232,3.2.3.2. Vegetación secundaria baja,3,32,323,3232,,,SI,Landsat_2024_mediana_28042025,,false,0,,,,,entre_1_y_5_km,1233.24,8,0,8,LAM1838|LAV0011-00-2019,"MEJORAMIENTO DE LA CARRETERA AVENIDA BOYACA POR AUTOPISTA SUR - GIRARDOT, SECTOR BOSA - SAN RAFAEL|CONSTRUCCIÓN DE TÚNELES Y AMPLIACIÓN DE LA VÍA EXISTENTE, UNIDAD FUNCIONAL 2, TERCER CARRIL AMBOS SENTIDOS GIRARDOT - BOGOTÁ - GIRARDOT",VIA 40 EXPRESS|VÍA 40 EXPRESS S.A.S,linea|poligono,hasta_1_km,437.89,2,0264|0030,COR 33|BOQUERON,NO APLICA,YPF COLOMBIA S.A.S|HOCOL S.A.,EXPLORACION|PRODUCCION,CONTRATO DE EXPLORACION Y PRODUCCION (E&P)|CONTRATO DE ASOCIACION CON ECOPETROL
3235edbc83bdbabc2568ecac,2026-10-01T13:36-05:00,2026-10-01T18:36:00Z,2026-10-01,6.98956,-74.59231,VIIRS-Suomi-NPP,Suomi-NPP,VIIRS,70.1,16.7,31.8,Nominal,D,0.39,0.36,true,false,Puntos_de_calor_Colombia_2026-10-01.csv,2026-10-03T21:23:04Z,05,Antioquia,05604,Remedios,asignado,cache_geometrico,false,0,,,,asignado,231,2.3.1. Pastos limpios,2,23,231,,,,SI,Landsat_2024_mediana_28042025,"Sentinel_2024_mediana_11042025, GoogleEarth, Basemap",true,1,B7395005,(8110092443) COMERCIALIZADORA INTERNACIONAL DE METALES PRECIOSOS Y METALES COMUNES INVERSIONES GENERALES S.A. CIIGSA.,,MINERALES DE ORO Y SUS CONCENTRADOS,entre_1_y_5_km,3853.07,1,0,1,LAM0318,OLEODUCTO CUSIANA LA BELLEZA VASCONIA COVEÑAS E INSTALACIONES ANEXAS,OLEODUCTO CENTRAL S.A. OCENSA S.A.,linea,mas_de_5_km,,0,,,,,,
38d9d963ff7ed583e72b7ffd,2026-10-01T13:36-05:00,2026-10-01T18:36:00Z,2026-10-01,8.17233,-72.93625,VIIRS-Suomi-NPP,Suomi-NPP,VIIRS,62.8,22.3,10.7,Nominal,D,0.46,0.39,true,false,Puntos_de_calor_Colombia_2026-10-01.csv,2026-10-03T21:23:04Z,54,Norte De Santander,54720,Sardinata,asignado,cache_geometrico,false,0,,,,asignado,3232,3.2.3.2. Vegetación secundaria baja,3,32,323,3232,,,SI,Landsat_2024_mediana_28042025,GoogleEarth,false,0,,,,,mas_de_5_km,,0,0,0,,,,,mas_de_5_km,,0,,,,,,
3cae3f991c6529bbdeaa62a7,2026-10-01T13:36-05:00,2026-10-01T18:36:00Z,2026-10-01,9.21589,-74.58427,VIIRS-Suomi-NPP,Suomi-NPP,VIIRS,54,16.9,3.1,Nominal,D,0.4,0.37,true,false,Puntos_de_calor_Colombia_2026-10-01.csv,2026-10-03T21:23:04Z,13,Bolívar,13780,Talaigua Nuevo,asignado,cache_geometrico,false,0,,,,asignado,321121,3.2.1.1.2.1. Herbazal denso inundable no arbolado,3,32,321,3211,32112,321121,SI,Landsat_2024_mediana_28042025,<Null>,false,0,,,,,dentro,0.00,13,0,13,LAM9123-00|LAM0157|LAM0862,Campo Cicuco Boquete|CAMPO CICUCO BOQUETE|COMBUSTOLEODUCTO AYACUCHO - RETIRO - COVEÑAS,HOCOL S.A|ECOPETROL S.A.,poligono|punto|linea,dentro,0.00,1,0165,CICUCO BOQUETE,CICUCO BOQUETE,HOCOL S.A.,PRODUCCION,CONVENIO DE EXPLOTACION
3d2ffe327f647007bddcf600,2026-10-01T13:36-05:00,2026-10-01T18:36:00Z,2026-10-01,8.97658,-74.62215,VIIRS-Suomi-NPP,Suomi-NPP,VIIRS,64,9.5,3.8,Nominal,D,0.4,0.37,true,false,Puntos_de_calor_Colombia_2026-10-01.csv,2026-10-03T21:23:04Z,13,Bolívar,13430,Magangué,asignado,cache_geometrico,false,0,,,,asignado,321121,3.2.1.1.2.1. Herbazal denso inundable no arbolado,3,32,321,3211,32112,321121,SI,Landsat_2024_mediana_28042025,,false,0,,,,,mas_de_5_km,,0,0,0,,,,,dentro,0.00,1,0249,VIM 6,NO APLICA,HOCOL S.A.,EXPLORACION,CONTRATO DE EXPLORACION Y PRODUCCION (E&P)
3f84e2a6564d2d80739e824a,2026-10-01T13:36-05:00,2026-10-01T18:36:00Z,2026-10-01,9.57705,-73.78545,VIIRS-Suomi-NPP,Suomi-NPP,VIIRS,65.6,8.1,3.2,Nominal,D,0.43,0.38,true,false,Puntos_de_calor_Colombia_2026-10-01.csv,2026-10-03T21:23:04Z,20,Cesar,20250,El Paso,asignado,cache_geometrico,false,0,,,,asignado,511,5.1.1. Ríos,5,51,511,,,,SI,"Landsat9_853_06/12/2024, Landsat_2024_mediana_28042025",,false,0,,,,,hasta_1_km,766.14,2,0,2,LAM4387|LAM1321,CENTRAL CARBOELÉCTRICA LA LOMA|BLOQUE DE PERFORACION EXPLORATORIA MARACAS,EMPRESAS PÚBLICAS DE MEDELLÍN E.S.P. - EPM|TEXICAN OIL LTD,poligono,dentro,0.00,2,0494|0379,VIM 42|LA LOMA ADICIONAL,NO APLICA|PAUJIL-CANARIO,"LEWIS ENERGY COLOMBIA INC|DRUMMOND ENERGY, INC",EXPLORACION|EVALUACION,CONTRATO DE EXPLORACION Y PRODUCCION (E&P)
40b10ea3ae9c35885e53fe0d,2026-10-01T13:36-05:00,2026-10-01T18:36:00Z,2026-10-01,5.84378,-70.12891,VIIRS-Suomi-NPP,Suomi-NPP,VIIRS,73.7,0,8.3,Nominal,D,0.41,0.45,true,false,Puntos_de_calor_Colombia_2026-10-01.csv,2026-10-03T21:23:04Z,85,Casanare,85250,Paz De Ariporo,asignado,cache_geometrico,false,0,,,,asignado,321111,3.2.1.1.1.1.  Herbazal denso de tierra firme no arbolado,3,32,321,3211,32111,321111,SI,Landsat_2024_mediana_28042025,GoogleEarth,false,0,,,,,entre_1_y_5_km,4945.44,1,0,1,LAM3530,AREA DE INTERES DE PERFORACION EXPLORATORIA PRIMAVERA NORTE,GRAN TIERRA ENERGY COLOMBIA LTD.,poligono,mas_de_5_km,,0,,,,,,
412d0e7475d1a74233413e40,2026-10-01T13:36-05:00,2026-10-01T18:36:00Z,2026-10-01,7.34748,-74.4395,VIIRS-Suomi-NPP,Suomi-NPP,VIIRS,64.4,19.1,4,Nominal,D,0.4,0.37,true,false,Puntos_de_calor_Colombia_2026-10-01.csv,2026-10-03T21:23:04Z,05,Antioquia,05736,Segovia,asignado,cache_geometrico,false,0,,,,asignado,231,2.3.1. Pastos limpios,2,23,231,,,,SI,Landsat_2024_mediana_28042025,Sentinel_2024_mediana_11042025,false,0,,,,,mas_de_5_km,,0,0,0,,,,,mas_de_5_km,,0,,,,,,
4594aee9e85dcd47ebdff76c,2026-10-01T13:36-05:00,2026-10-01T18:36:00Z,2026-10-01,5.18227,-77.28592,VIIRS-Suomi-NPP,Suomi-NPP,VIIRS,59.9,10.9,4.7,Nominal,D,0.42,0.37,true,false,Puntos_de_calor_Colombia_2026-10-01.csv,2026-10-03T21:23:04Z,27,Chocó,27077,Bajo Baudó,asignado,cache_geometrico,false,0,,,,asignado,511,5.1.1. Ríos,5,51,511,,,,SI,"Landsat_2024_mediana_28042025, Sentinel_2024_mediana_11042025",,false,0,,,,,mas_de_5_km,,0,0,0,,,,,mas_de_5_km,,0,,,,,,
4ae5b968523d763ce8a67672,2026-10-01T13:36-05:00,2026-10-01T18:36:00Z,2026-10-01,8.55894,-75.66235,VIIRS-Suomi-NPP,Suomi-NPP,VIIRS,65,16.2,3.6,Nominal,D,0.39,0.36,true,false,Puntos_de_calor_Colombia_2026-10-01.csv,2026-10-03T21:23:04Z,23,Córdoba,23678,San Carlos,asignado,cache_geometrico,false,0,,,,asignado,3232,3.2.3.2. Vegetación secundaria baja,3,32,323,3232,,,SI,Landsat_2024_mediana_28042025,,false,0,,,,,entre_1_y_5_km,1818.49,1,0,1,LAV0014-00-2021,ÁREA DE PERFORACIÓN EXPLORATORIA (APE - SN-9),CLEAN ENERGY RESOURCES SAS,poligono,dentro,0.00,1,0353,SN 9,NO APLICA,CLEANENERGY RESOURCES S.A.S,EXPLORACION,CONTRATO DE EXPLORACION Y PRODUCCION (E&P)
522989e8b224366e004a49dc,2026-10-01T13:36-05:00,2026-10-01T18:36:00Z,2026-10-01,5.87565,-70.08422,VIIRS-Suomi-NPP,Suomi-NPP,VIIRS,67.1,12.6,5.4,Nominal,D,0.41,0.45,true,false,Puntos_de_calor_Colombia_2026-10-01.csv,2026-10-03T21:23:04Z,85,Casanare,85250,Paz De Ariporo,asignado,cache_geometrico,false,0,,,,asignado,321111,3.2.1.1.1.1.  Herbazal denso de tierra firme no arbolado,3,32,321,3211,32111,321111,SI,Landsat_2024_mediana_28042025,GoogleEarth,false,0,,,,,mas_de_5_km,,0,0,0,,,,,mas_de_5_km,,0,,,,,,
5290da5740b8ea465ec9e504,2026-10-01T13:36-05:00,2026-10-01T18:36:00Z,2026-10-01,5.68934,-76.65651,VIIRS-Suomi-NPP,Suomi-NPP,VIIRS,55.3,24,7.2,Nominal,D,0.4,0.37,true,false,Puntos_de_calor_Colombia_2026-10-01.csv,2026-10-03T21:23:04Z,27,Chocó,27001,Quibdó,asignado,cache_geometrico,false,0,,,,asignado,111,1.1.1. Tejido urbano continuo,1,11,111,,,,SI,"Landsat_2024_mediana_28042025, Sentinel_2024_mediana_11042025",,false,0,,,,,mas_de_5_km,,0,0,0,,,,,mas_de_5_km,,0,,,,,,
539de20ca669fcec85953b7d,2026-10-01T13:36-05:00,2026-10-01T18:36:00Z,2026-10-01,7.40414,-73.52328,VIIRS-Suomi-NPP,Suomi-NPP,VIIRS,60.7,24.2,1.4,Nominal,D,0.42,0.38,true,false,Puntos_de_calor_Colombia_2026-10-01.csv,2026-10-03T21:23:04Z,68,Santander,68655,Sabana De Torres,asignado,cache_geometrico,false,0,,,,asignado,2232,2.2.3.2. Palma de aceite,2,22,223,2232,,,SI,Landsat_2024_mediana_28042025,,false,0,,,,,dentro,0.00,8,0,8,LAV0029-00-2024|LAM1373|LAM5671|LAM6301|LAM0172|LAV0055-00-2022,"ÁREA DE PERFORACIÓN EXPLORATORIA VMM-53|LA DORADA - SAN ALBERTO, DOBLE CALZADA LA LIZAMA - LA FORTUNA Y VARIANTE SAN ALBERTO.|Ruta del Sol Sector 2|VARIANTE GOMEZ. TRAMO 4 SECTOR 2 RUTA DEL SOL|PERFORACION CAMPOS PAYOA Y SALINAS (DEMA) PARA POZOS LS 54 54 YLSB 24 M- EXPLOTACION DEL AREA DEL CONTRATO CARARE - LAS MONAS|ÁREA DE PERFORACIÓN EXPLORATORIA VMM-47",CANACOL ENERGY LTD/CNE OIL & GAS|INSTITUTO NACIONAL DE VÍAS - INVIAS|Agencia Nacional de Infraestructura - ANI|RUTA DEL SOL II S.A.|PETROSANTANDER (COLOMBIA) INC|CNE OIL & GAS S.A.S.,poligono|linea,dentro,0.00,3,0529|0024|0006,VMM 53|EL PIÑAL|CARARE LAS MONAS,NO APLICA,CNE OIL & GAS S A S|PETROSANTANDER COLOMBIA INC,EXPLORACION|PRODUCCION,CONTRATO DE EXPLORACION Y PRODUCCION (E&P)|CONTRATO DE ASOCIACION CON ECOPETROL
584f53c77263ba68691c1ef5,2026-10-01T13:36-05:00,2026-10-01T18:36:00Z,2026-10-01,8.22726,-73.56127,VIIRS-Suomi-NPP,Suomi-NPP,VIIRS,68.3,24.3,7.7,Nominal,D,0.43,0.38,true,false,Puntos_de_calor_Colombia_2026-10-01.csv,2026-10-03T21:23:04Z,20,Cesar,20011,Aguachica,asignado,cache_geometrico,false,0,,,,asignado,244,2.4.4. Mosaico de pastos con espacios naturales,2,24,244,,,,SI,Landsat_2024_mediana_28042025,GoogleEarth,false,0,,,,,dentro,0.00,17,0,17,LAM5353|LAV0039-00-2020|LAM2199|LAM3254|LAM5547|LAV0014-00-2022|LAV0062-00-2025|LAM2317|LAM5487|LAM5228,"BLOQUE EXPLORATORIO VALLE MEDIO DEL MAGDALENA 2- VMM2|AREA DE DESARROLLO FORTUNA|AREA DE INTERES DE PERFORACION EXPLORATORIA ACORDEON|AREA DE PERFORACION EXPLORATORIA DE HIDROCARBUROS ""FORTUNA""|Área de Explotación Valle Medio Magdalena Uno (VMM-1)|LÍNEA DE TRANSMISIÓN LA LOMA – SOGAMOSO A 500 kV|PARQUES FOTOVOLTAICOS TURPIALES Y LOS NOGALES|CAMPO TOTUMAL|EXPLOTACION  DE HIDROCARBUROS EN EL CAMPO CHUIRA|REHABILITACIÓN, CONSTRUCCIÓN, MEJORAMIENTO Y OPERACIÓN DEL PROYECTO VIAL DENOMINADO RUTA DEL SOL, SECTOR 2, TRAMOS 1, 5 Y 6, Y OBRAS ANEXAS.","VETRA EXPLORACIÓN Y PRODUCCIÓN COLOMBIA S.A.S. – VETRA EyP S.A.S.|PAREX RESOURCES COLOMBIA LTD SUCURSAL|ECOPETROL S.A.|EMERALD ENERGY PLC SUCURSAL COLOMBIA|Lewis Energy Colombia, Inc.|INTERCONEXION ELECTRICA S.A. E.S.P.|SOCIEDAD DE GESTION GRUPO TW SOLAR COLOMBIA S.A.S|Gran Tierra Energy|CONCESIONARIA RUTA DEL SOL S.A.S.",poligono|linea,dentro,0.00,5,0382|0058|0101|0223|0526,VMM 2 ADICIONAL|FORTUNA|MIDAS|VMM 1|VMM 4-1,NO APLICA|CHUIRA,CONOCOPHILLIPS COLOMBIA VENTURES LTD.|PAREX RESOURCES (COLOMBIA) AG|GRAN TIERRA ENERGY COLOMBIA GMBH|WATTLE PETROLEUM COMPANY S.A.S|ECOPETROL S.A.,EXPLORACION|PRODUCCION,CONTRATO DE EXPLORACION Y PRODUCCION (E&P)|CONTRATO DE ASOCIACION CON ECOPETROL|CONTRATO DE EVALUACION TECNICA ANH
594bcdacd1b8d1302aa5f7c6,2026-10-01T13:36-05:00,2026-10-01T18:36:00Z,2026-10-01,8.3615,-73.79361,VIIRS-Suomi-NPP,Suomi-NPP,VIIRS,57.2,26.5,2.2,Nominal,D,0.42,0.38,true,false,Puntos_de_calor_Colombia_2026-10-01.csv,2026-10-03T21:23:04Z,13,Bolívar,13473,Morales,asignado,cache_geometrico,false,0,,,,asignado,242,2.4.2. Mosaico de pastos y cultivos,2,24,242,,,,SI,Landsat_2024_mediana_28042025,GoogleEarth,false,0,,,,,dentro,0.00,5,0,5,LAM2762|LAM3306|LAM3435,"AREA DE PERFORACION EXPLORATORIA ""BLOQUE TIMBAL""|AREA DE PERFORACION EXPLORATORIA ""BLOQUE TIMBAL"" ALTERNATIVA II|AREA DE PERFORACION EXPLORATORIA ""BLOQUE TIMBAL"" ALTERNATIVA I|AREA DE PERFORACION EXPLORATORIA BLOQUE PALMA Y LA EJECUCIÓN DE LAS ACTIVIDADES EXPLORATORIAS EN EL AREA DE INTERES 1|AREA DE PERFORACION EXPLORATORIA EL DIQUE",GEOPETROCOL S.A.|ERAZO VALENCIA S.A.,poligono,mas_de_5_km,,0,,,,,,
5d004ca89818eb7f789183e5,2026-10-01T13:36-05:00,2026-10-01T18:36:00Z,2026-10-01,8.33024,-73.7655,VIIRS-Suomi-NPP,Suomi-NPP,VIIRS,59.3,27.2,5.9,Nominal,D,0.42,0.38,true,false,Puntos_de_calor_Colombia_2026-10-01.csv,2026-10-03T21:23:04Z,13,Bolívar,13473,Morales,asignado,cache_geometrico,false,0,,,,asignado,411,4.1.1. Zonas pantanosas,4,41,411,,,,SI,Landsat_2024_mediana_28042025,GoogleEarth,false,0,,,,,dentro,0.00,4,0,4,LAM2762|LAV0010-00-2015|LAM5547|LAM4166,"AREA DE PERFORACION EXPLORATORIA ""BLOQUE TIMBAL""|GAMARRA E INFRAESTRUCTURA ASOCIADA|Área de Explotación Valle Medio Magdalena Uno (VMM-1)|PROYECTO DENOMINADO “CONSTRUCCIÓN DE LA LÍNEA FÉRREA DOBLE LA LOMA – PUERTO DRUMMOND, SECTOR 2 (PK865+000 – PK910+000) DE LA RED FÉRREA DEL ATLÁNTICO”","GEOPETROCOL S.A.|CONCESIONARIA RUTA DEL SOL S.A.S.|Lewis Energy Colombia, Inc.|FERROCARRILES DEL NORTE DE COLOMBIA S.A FENOCO S.A",poligono|linea,entre_1_y_5_km,3162.30,2,0223|0033,VMM 1|BOLIVAR,NO APLICA,WATTLE PETROLEUM COMPANY S.A.S|LAGOSUR PETROLEUM COLOMBIA INC,EXPLORACION|PRODUCCION,CONTRATO DE EXPLORACION Y PRODUCCION (E&P)|CONTRATO DE ASOCIACION CON ECOPETROL
64b404199445faa6bbcdd5a3,2026-10-01T13:36-05:00,2026-10-01T18:36:00Z,2026-10-01,6.98568,-74.59535,VIIRS-Suomi-NPP,Suomi-NPP,VIIRS,61.9,15.2,34.7,Nominal,D,0.39,0.36,true,false,Puntos_de_calor_Colombia_2026-10-01.csv,2026-10-03T21:23:04Z,05,Antioquia,05604,Remedios,asignado,cache_geometrico,false,0,,,,asignado,231,2.3.1. Pastos limpios,2,23,231,,,,SI,Landsat_2024_mediana_28042025,"Sentinel_2024_mediana_11042025, GoogleEarth, Basemap",true,1,B7395005,(8110092443) COMERCIALIZADORA INTERNACIONAL DE METALES PRECIOSOS Y METALES COMUNES INVERSIONES GENERALES S.A. CIIGSA.,,MINERALES DE ORO Y SUS CONCENTRADOS,entre_1_y_5_km,3310.79,1,0,1,LAM0318,OLEODUCTO CUSIANA LA BELLEZA VASCONIA COVEÑAS E INSTALACIONES ANEXAS,OLEODUCTO CENTRAL S.A. OCENSA S.A.,linea,mas_de_5_km,,0,,,,,,
6676a8f724e43e54ea2b6f30,2026-10-01T13:36-05:00,2026-10-01T18:36:00Z,2026-10-01,7.95188,-72.48773,VIIRS-Suomi-NPP,Suomi-NPP,VIIRS,62.1,28.5,2.3,Nominal,D,0.48,0.4,true,false,Puntos_de_calor_Colombia_2026-10-01.csv,2026-10-03T21:23:04Z,54,Norte De Santander,54001,San José De Cúcuta,asignado,cache_geometrico,false,0,,,,asignado,131,1.3.1. Zonas de extracción minera,1,13,131,,,,SI,Landsat_2024_mediana_28042025,GoogleEarth,true,1,458,(8905002825) TEJAR DE PESCADERO S.A.S.,Explotación,DEMAS_CONCESIBLES\ ARCILLA,hasta_1_km,262.29,10,0,10,LAM2684|LAM1416|LAM1921|LAM6115|LAM2978|LAM1082|LAM0802,"AREA DE EXPLOTACION CERRITO (MODIFICACION)|ÁREA DE EXPLORACIÓN CERRITO Y POZO DE DESARROLLO CERRITO 2, MUNICIPIO DE SAN JOSÉ DE CÚCUTA|ANILLO VIAL DE CUCUTA - SECTOR VILLA LUZ - EL ESCOBAL|CONSTRUCCIÓN ANILLO VIAL OCCIDENTAL DE CÚCUTA|AEROPUERTO INTERNACIONAL CAMILO DAZA-CÚCUTA|Aeropuerto Camilo Daza|OLEODUCTO CAÑO LIMÓN-COVEÑAS|AREA DE PERFORACION EXPLORATORIA LOS TOCHES",KAPPA RESOURCES COLOMBIA LTDA|PACIFIC STRATUS ENERGY COLOMBIA CORP|INSTITUTO NACIONAL DE VÍAS - INVIAS|CONCESIONARIA SAN SIMÓN S.A.|AEROPUERTOS DE ORIENTE S.A.S.|Aeronáutica Civil|CENIT S.A.S|COPLEX COLOMBIA LIMITED,poligono|punto|linea,dentro,0.00,1,0046,CERRITO,NO APLICA,PETROSOUTH ENERGY CORPORATION,PRODUCCION,CONTRATO DE ASOCIACION CON ECOPETROL
6dd8b5280b1efdbd0b1a05ad,2026-10-01T13:36-05:00,2026-10-01T18:36:00Z,2026-10-01,6.01821,-74.53452,VIIRS-Suomi-NPP,Suomi-NPP,VIIRS,58.8,23.4,2.1,Nominal,D,0.39,0.36,true,false,Puntos_de_calor_Colombia_2026-10-01.csv,2026-10-03T21:23:04Z,15,Boyacá,15572,Puerto Boyacá,asignado,cache_geometrico,false,0,,,,asignado,411,4.1.1. Zonas pantanosas,4,41,411,,,,SI,Landsat_2024_mediana_28042025,,false,0,,,,,hasta_1_km,721.94,27,0,27,LAM5278|LAM4128|LAM0069|LAM0318|LAM5671|LAM1373|LAM2647|LAM0054|LAM6550-00|LAM1298|LAM0785|LAM0332|LAM0232|LAM5318|LAM2121,"ÁREA DE INTERÉS DE PERFORACIÓN EXPLORATORIA TURPIAL|OLEODUCTO VELASQUEZ - GALAN|GASODUCTO BARRANCABERMEJA - NEIVA Y SUS DIEZ Y OCHO RAMALES DE DISTRIBUCION.  
ACUMULADOS 229 , 113 Y 512  AL 69|OLEODUCTO CUSIANA LA BELLEZA VASCONIA COVEÑAS E INSTALACIONES ANEXAS|OPERACIÓN Y MANTENIMIENTO DEL GASODUCTO CENTRO ORIENTE|Ruta del Sol Sector 2|LA DORADA - SAN ALBERTO, DOBLE CALZADA LA LIZAMA - LA FORTUNA Y VARIANTE SAN ALBERTO.|AREA DE PERFORACION EXPLORATORIA DIAMANTE|CONSTRUCCIÓN Y OPERACIÓN DEL OLEODUCTO CENTRAL LOS LLANOS “LA BELLEZA VASCONIA A. GASODUCTO|OLEDUCTO VASCONIA – VELASQUEZ|PE OC ST PRO8 POL12-16 GAL-SAL|VARIANTE DEL PROPANODUCTO GALÁN – CANTIMPLORA, POLIDUCTO GALÁN – SEBASTOPOL.|CRUCES SUBFLUVIALES ALTERNOS DE LOS RIOS LEBRIJA, CARARE Y OPÓN.|CAMPO PRODUCCIÓN VELASQUEZ CIÉNAGA DE PALAGUA|CAMPO DE PRODUCCIÓN PALAGUA CAIPAL|ÁREA DE PERFORACIÓN EXPLORATORIA AZULEJO|BLOQUE COLIBRI (ANTES BLOQUE LA MIEL)",PETROLEUM COLOMBIA LIMITED.|MANSAROVAR ENERGY COLOMBIA LTD|TRANSPORTADORA DE GAS INTERNACIONAL S.A. E.S.P.|OLEODUCTO CENTRAL S.A. OCENSA S.A.|TRANSPORTADORA DE GAS INTERNACIONAL TGI SA ESP|Agencia Nacional de Infraestructura - ANI|INSTITUTO NACIONAL DE VÍAS - INVIAS|TRANSPORTADORA DE GAS INTERNACIONAL S.A. E.S.P. - TGI S.A. E.S.P.|PETROLÍFERA PETROLEUM COLOMBIA LIMITED|ECOPETROL S.A.|CENIT S.A.S|ECOPETROL S.A|CENIT TRANSPORTE Y LOGISTICA DE HIDROCARBUROS S.A.S.|ALPHA CONSULTORES LTDA.,poligono|linea|punto,dentro,0.00,4,0121|0004|0148,TURPIAL|VELASQUEZ|PALAGUA,TURPIALES|NO APLICA|PALAGUA,TPL COLOMBIA LTD SUCURSAL COLOMBIA|MANSAROVAR ENERGY COLOMBIA LTD|ECOPETROL S.A.,PRODUCCION|EXPLORACION,CONTRATO DE EXPLORACION Y PRODUCCION (E&P)|CONTRATO DE PROPIEDAD PRIVADA|CONVENIO DE EXPLOTACION
72433aac6806a019fe28a57f,2026-10-01T13:36-05:00,2026-10-01T18:36:00Z,2026-10-01,7.0281,-74.40443,VIIRS-Suomi-NPP,Suomi-NPP,VIIRS,74.9,22.7,9.3,Nominal,D,0.4,0.37,true,false,Puntos_de_calor_Colombia_2026-10-01.csv,2026-10-03T21:23:04Z,05,Antioquia,05604,Remedios,asignado,cache_geometrico,false,0,,,,asignado,244,2.4.4. Mosaico de pastos con espacios naturales,2,24,244,,,,SI,Landsat_2024_mediana_28042025,,true,1,LBC-14071,(9003296316) MINERA ANTIOQUEÑA S.A.S.,,MINERALES DE ORO Y SUS CONCENTRADOS,mas_de_5_km,,0,0,0,,,,,mas_de_5_km,,0,,,,,,
72516db64ba4f0e6f4672808,2026-10-01T13:36-05:00,2026-10-01T18:36:00Z,2026-10-01,3.72074,-75.40723,VIIRS-Suomi-NPP,Suomi-NPP,VIIRS,59.1,24.4,2.7,Nominal,D,0.39,0.36,true,false,Puntos_de_calor_Colombia_2026-10-01.csv,2026-10-03T21:23:04Z,73,Tolima,73168,Chaparral,asignado,cache_geometrico,false,0,,,,asignado,314,3.1.4. Bosque de galería y ripario,3,31,314,,,,SI,Landsat_2024_mediana_28042025,,false,0,,,,,entre_1_y_5_km,1196.33,11,0,11,LAV0016-00-2016|LAM1366|LAM4878|LAM2932,"SUBESTACIÓN TULUNÍ 230 kV Y LAS LÍNEAS DE TRANSMISIÓN ASOCIADAS - PROYECTO UPME 03-2013|Campo río Saldaña, asociación Tolima B. Explotación de hidrocarburos Campo Saldaña y Oliní|REANUDACIÓN DE LABORES DE LA ASOCIACIÓN TOLIMA B. PARA LOS CAMPOS RÍO SALDAÑA Y OLINI.|EXPLOTACIÓN Y DESARROLLO DEL BLOQUE DE ASOCIACIÓN TOLIMA B|CAMPO PAUTA1|LICENCIA AMBIENTAL CAMPO PAUTA Y BLOQUE CHAPARRAL.|REANUDACIÓN DE LABORES DE LA ASOCIACIÓN TOLIMA B. PARA LOS CAMPO RÍO SALDAÑA Y OLINI.",TUPROJECT S.A.S. E.S.P.|VETRA EXPLORACIÓN Y PRODUCCIÓN COLOMBIA S.A.S. – VETRA EyP S.A.S.|HOCOL S.A.|VETRA EXPLORACIÓN Y PRODUCCIÓN COLOMBIA S.A.S,linea|poligono|punto,entre_1_y_5_km,2121.42,2,0360|0020,TOLIMA|CHAPARRAL,TOLIMA|NO APLICA,HOCOL S.A.|ECOPETROL S.A.,PRODUCCION,CONVENIO DE EXPLOTACION|CONTRATO DE ASOCIACION CON ECOPETROL
751490b1759d2f32fee01401,2026-10-01T13:36-05:00,2026-10-01T18:36:00Z,2026-10-01,6.98621,-74.59181,VIIRS-Suomi-NPP,Suomi-NPP,VIIRS,69.6,24.5,31.8,Nominal,D,0.39,0.36,true,false,Puntos_de_calor_Colombia_2026-10-01.csv,2026-10-03T21:23:04Z,05,Antioquia,05604,Remedios,asignado,cache_geometrico,false,0,,,,asignado,231,2.3.1. Pastos limpios,2,23,231,,,,SI,Landsat_2024_mediana_28042025,"Sentinel_2024_mediana_11042025, GoogleEarth, Basemap",true,1,B7395005,(8110092443) COMERCIALIZADORA INTERNACIONAL DE METALES PRECIOSOS Y METALES COMUNES INVERSIONES GENERALES S.A. CIIGSA.,,MINERALES DE ORO Y SUS CONCENTRADOS,entre_1_y_5_km,3632.15,1,0,1,LAM0318,OLEODUCTO CUSIANA LA BELLEZA VASCONIA COVEÑAS E INSTALACIONES ANEXAS,OLEODUCTO CENTRAL S.A. OCENSA S.A.,linea,mas_de_5_km,,0,,,,,,
777c02409890f044ecaf6f08,2026-10-01T13:36-05:00,2026-10-01T18:36:00Z,2026-10-01,7.40332,-75.38968,VIIRS-Suomi-NPP,Suomi-NPP,VIIRS,57.8,0.3,2.1,Nominal,D,0.39,0.36,true,false,Puntos_de_calor_Colombia_2026-10-01.csv,2026-10-03T21:23:04Z,05,Antioquia,05790,Tarazá,asignado,cache_geometrico,false,0,,,,asignado,242,2.4.2. Mosaico de pastos y cultivos,2,24,242,,,,SI,Landsat_2024_mediana_28042025,Sentinel_2024_mediana_11042025,false,0,,,,,entre_1_y_5_km,3272.17,4,0,4,LAV0073-00-2016,LÍNEAS DE TRANSMISIÓN ASOCIADAS A LA CONEXIÓN ANTIOQUIA - CERROMATOSO A 500 kV|LÍNEAS DE TRANSMISIÓN ASOCIADAS A LA CONEXIÓN ANTIOQUIA – CERROMATOSO A 500 kV,INTERCONEXION ELECTRICA S.A. E.S.P. ISA,poligono|linea,mas_de_5_km,,0,,,,,,
7f20fb6ffe6800933061f177,2026-10-01T13:36-05:00,2026-10-01T18:36:00Z,2026-10-01,8.46704,-73.87129,VIIRS-Suomi-NPP,Suomi-NPP,VIIRS,59.5,25.3,2.8,Nominal,D,0.42,0.38,true,false,Puntos_de_calor_Colombia_2026-10-01.csv,2026-10-03T21:23:04Z,13,Bolívar,13473,Morales,asignado,cache_geometrico,false,0,,,,asignado,243,"2.4.3. Mosaico de cultivos, pastos y espacios naturales",2,24,243,,,,SI,Landsat_2024_mediana_28042025,GoogleEarth,false,0,,,,,dentro,0.00,1,0,1,LAM3435,AREA DE PERFORACION EXPLORATORIA EL DIQUE,ERAZO VALENCIA S.A.,poligono,mas_de_5_km,,0,,,,,,
8068a854d2aacf7fb9261da9,2026-10-01T13:36-05:00,2026-10-01T18:36:00Z,2026-10-01,6.89559,-74.36156,VIIRS-Suomi-NPP,Suomi-NPP,VIIRS,59.2,21.5,1.1,Nominal,D,0.4,0.37,true,false,Puntos_de_calor_Colombia_2026-10-01.csv,2026-10-03T21:23:04Z,05,Antioquia,05893,Yondó,asignado,cache_geometrico,false,0,,,,asignado,233,2.3.3. Pastos enmalezados,2,23,233,,,,SI,Landsat_2024_mediana_28042025,,false,0,,,,,mas_de_5_km,,0,0,0,,,,,mas_de_5_km,,0,,,,,,
80f9810bfe49ceaf435ff9a8,2026-10-01T13:36-05:00,2026-10-01T18:36:00Z,2026-10-01,6.67449,-74.75687,VIIRS-Suomi-NPP,Suomi-NPP,VIIRS,59.7,18.5,2.2,Nominal,D,0.39,0.36,true,false,Puntos_de_calor_Colombia_2026-10-01.csv,2026-10-03T21:23:04Z,05,Antioquia,05885,Yalí,asignado,cache_geometrico,false,0,,,,asignado,3232,3.2.3.2. Vegetación secundaria baja,3,32,323,3232,,,SI,Landsat_2024_mediana_28042025,,false,0,,,,,entre_1_y_5_km,1363.83,15,0,15,LAV0017-00-2016,"CONSTRUCCIÓN DE LAS UNIDADES FUNCIONALES UF1 Y UF2 VÍA REMEDIOS - ALTO DE DOLORES, DEPARTAMENTO DE ANTIOQUIA - ANI 4G -  - LICENCIA AMBIENTAL.|CONSTRUCCIÓN DE LAS UNIDADES FUNCIONALES UF1 Y UF2 VÍA REMEDIOS - ALTO DE DOLORES, DEPARTAMENTO DE ANTIOQUIA - ANI 4G|CONSTRUCCIÓN DE LAS UNIDADES FUNCIONALES UF1 Y UF2 VÍA REMEDIOS - ALTO DE DOLORES",AUTOPISTA RÍO MAGDALENA S.A.S.,poligono|linea,mas_de_5_km,,0,,,,,,
882183f90649036af635a14a,2026-10-01T13:36-05:00,2026-10-01T18:36:00Z,2026-10-01,5.86682,-70.08678,VIIRS-Suomi-NPP,Suomi-NPP,VIIRS,60,10.6,3.3,Nominal,D,0.41,0.45,true,false,Puntos_de_calor_Colombia_2026-10-01.csv,2026-10-03T21:23:04Z,85,Casanare,85250,Paz De Ariporo,asignado,cache_geometrico,false,0,,,,asignado,321121,3.2.1.1.2.1. Herbazal denso inundable no arbolado,3,32,321,3211,32112,321121,SI,Landsat_2024_mediana_28042025,GoogleEarth,false,0,,,,,mas_de_5_km,,0,0,0,,,,,mas_de_5_km,,0,,,,,,
8fef1e3ab9d1ee71ef0649ea,2026-10-01T13:36-05:00,2026-10-01T18:36:00Z,2026-10-01,7.19929,-75.79665,VIIRS-Suomi-NPP,Suomi-NPP,VIIRS,66.8,11.7,8.2,Nominal,D,0.38,0.36,true,false,Puntos_de_calor_Colombia_2026-10-01.csv,2026-10-03T21:23:04Z,05,Antioquia,05361,Ituango,asignado,cache_geometrico,false,0,,,,asignado,231,2.3.1. Pastos limpios,2,23,231,,,,SI,Landsat_2024_mediana_28042025,,false,0,,,,,mas_de_5_km,,0,0,0,,,,,mas_de_5_km,,0,,,,,,
902e4ecdeeeb7869dd4f101d,2026-10-01T13:36-05:00,2026-10-01T18:36:00Z,2026-10-01,7.01341,-74.38757,VIIRS-Suomi-NPP,Suomi-NPP,VIIRS,61.9,21.2,1.7,Nominal,D,0.4,0.37,true,false,Puntos_de_calor_Colombia_2026-10-01.csv,2026-10-03T21:23:04Z,05,Antioquia,05604,Remedios,asignado,cache_geometrico,false,0,,,,asignado,31111,3.1.1.1.1. Bosque denso alto de tierra firme,3,31,311,3111,31111,,SI,Landsat_2024_mediana_28042025,Sentinel_2024_mediana_11042025,true,1,LBC-14071,(9003296316) MINERA ANTIOQUEÑA S.A.S.,,MINERALES DE ORO Y SUS CONCENTRADOS,mas_de_5_km,,0,0,0,,,,,mas_de_5_km,,0,,,,,,
98b9444de9d1c61c28b881e5,2026-10-01T13:36-05:00,2026-10-01T18:36:00Z,2026-10-01,8.39362,-73.77837,VIIRS-Suomi-NPP,Suomi-NPP,VIIRS,74,27.6,21.9,Nominal,D,0.42,0.38,true,false,Puntos_de_calor_Colombia_2026-10-01.csv,2026-10-03T21:23:04Z,13,Bolívar,13473,Morales,asignado,cache_geometrico,false,0,,,,asignado,244,2.4.4. Mosaico de pastos con espacios naturales,2,24,244,,,,SI,Landsat_2024_mediana_28042025,GoogleEarth,false,0,,,,,dentro,0.00,7,0,7,LAM2762|LAM3306|LAM5547|LAM3435,"AREA DE PERFORACION EXPLORATORIA ""BLOQUE TIMBAL""|AREA DE PERFORACION EXPLORATORIA BLOQUE PALMA Y LA EJECUCIÓN DE LAS ACTIVIDADES EXPLORATORIAS EN EL AREA DE INTERES 1|AREA DE PERFORACION EXPLORATORIA ""BLOQUE TIMBAL"" ALTERNATIVA I|AREA DE PERFORACION EXPLORATORIA ""BLOQUE TIMBAL"" ALTERNATIVA II|Área de Explotación Valle Medio Magdalena Uno (VMM-1)|AREA DE PERFORACION EXPLORATORIA EL DIQUE","GEOPETROCOL S.A.|ERAZO VALENCIA S.A.|Lewis Energy Colombia, Inc.",poligono,entre_1_y_5_km,3572.28,1,0223,VMM 1,NO APLICA,WATTLE PETROLEUM COMPANY S.A.S,EXPLORACION,CONTRATO DE EXPLORACION Y PRODUCCION (E&P)
9ebe94ca2e439a4fe0764442,2026-10-01T13:36-05:00,2026-10-01T18:36:00Z,2026-10-01,5.19882,-69.68413,VIIRS-Suomi-NPP,Suomi-NPP,VIIRS,61.9,1.8,6.1,Nominal,D,0.43,0.46,true,false,Puntos_de_calor_Colombia_2026-10-01.csv,2026-10-03T21:23:04Z,99,Vichada,99524,La Primavera,asignado,cache_geometrico,false,0,,,,asignado,321111,3.2.1.1.1.1.  Herbazal denso de tierra firme no arbolado,3,32,321,3211,32111,321111,SI,Landsat_2024_mediana_28042025,IDEAM_puntos_CLC2022_verificacion_campo_2025,false,0,,,,,mas_de_5_km,,0,0,0,,,,,mas_de_5_km,,0,,,,,,
a524466cc7947e70f2c000d3,2026-10-01T13:36-05:00,2026-10-01T18:36:00Z,2026-10-01,9.65526,-74.65849,VIIRS-Suomi-NPP,Suomi-NPP,VIIRS,69.6,-0.3,7.5,Nominal,D,0.41,0.37,true,false,Puntos_de_calor_Colombia_2026-10-01.csv,2026-10-03T21:23:04Z,47,Magdalena,47555,Plato,asignado,cache_geometrico,true,1,462,Complejo Cenagoso de Zarate Malibú y Veladero,Distritos Regionales de Manejo Integrado,asignado,3232,3.2.3.2. Vegetación secundaria baja,3,32,323,3232,,,SI,Landsat_2024_mediana_28042025,<Null>,false,0,,,,,dentro,0.00,1,0,1,LAM5327,BLOQUE EXPLORATORIO SSJN-5,SK INNOVATION CO LTD.,poligono,mas_de_5_km,,0,,,,,,
a76943ee3a704936dc43ed5c,2026-10-01T13:36-05:00,2026-10-01T18:36:00Z,2026-10-01,7.41338,-73.95183,VIIRS-Suomi-NPP,Suomi-NPP,VIIRS,59,23.1,4.8,Nominal,D,0.41,0.37,true,false,Puntos_de_calor_Colombia_2026-10-01.csv,2026-10-03T21:23:04Z,13,Bolívar,13160,Cantagallo,asignado,cache_geometrico,false,0,,,,asignado,411,4.1.1. Zonas pantanosas,4,41,411,,,,SI,Landsat_2024_mediana_28042025,Sentinel_2024_mediana_11042025,false,0,,,,,entre_1_y_5_km,1194.90,3,0,3,LAM2317|LAV0059-14,"CAMPO CANTAGALLO-YARIQUIE|SUB TRAMO CANTAGALLO - SAN PABLO (K0+000 AL K8+857.40) PERTENECE AL TRAMO YONDÓ - CANTAGALLO - SAN PABLO - SIMITÍ|SUB TRAMO CANTAGALLO – SAN PABLO (K0+000 AL K8+857.40), PERTENECIENTE AL TRAMO YONDÓ – CANTAGALLO – SAN PABLO – SIMITÍ",ECOPETROL S.A.|VIAS DE LAS AMÉRICAS S.A.S|VIAS DE LAS AMÉRICAS S.A.S.,poligono|linea,entre_1_y_5_km,3520.58,1,0235,MAGDALENA MEDIO,MAGDALENA MEDIO,ECOPETROL S.A.,PRODUCCION,CONVENIO DE EXPLOTACION
af6162ddeec3c0527aec351f,2026-10-01T13:36-05:00,2026-10-01T18:36:00Z,2026-10-01,5.67806,-74.54662,VIIRS-Suomi-NPP,Suomi-NPP,VIIRS,73.6,27.1,30,Nominal,D,0.39,0.36,true,false,Puntos_de_calor_Colombia_2026-10-01.csv,2026-10-03T21:23:04Z,25,Cundinamarca,25572,Puerto Salgar,asignado,cache_geometrico,false,0,,,,asignado,231,2.3.1. Pastos limpios,2,23,231,,,,SI,Landsat_2024_mediana_28042025,GoogleMaps,false,0,,,,,entre_1_y_5_km,1627.93,8,0,8,LAM0347,BLOQUE DE PERFORACION EXPLORATORIA TOPAZ|EXPLORACIÓN Y DESARROLLO DEL CAMPO TORCAZ|BLOQUE EXPLORATORIO SÍSMICA TORCAZ Y BLOQUE DE PERFORACIÓN EXPLORATORIA TORCAZ,COLOMBIA ENERGY DEVELOPMENT CO|CINCO RANCH PETROLEUM COLOMBIA INC. SUCURSAL COLOMBIA,poligono|punto,dentro,0.00,3,0037|0514|0539,BOCACHICO|VMM 14-1|VMM 65,NO APLICA,ECOPETROL S.A.,PRODUCCION|EXPLORACION,CONTRATO DE ASOCIACION CON ECOPETROL|CONTRATO DE EVALUACION TECNICA ANH
af7ad2e2eb28c1b6ca9f8b23,2026-10-01T13:36-05:00,2026-10-01T18:36:00Z,2026-10-01,5.63963,-69.87653,VIIRS-Suomi-NPP,Suomi-NPP,VIIRS,54.9,8.9,3.4,Nominal,D,0.42,0.45,true,false,Puntos_de_calor_Colombia_2026-10-01.csv,2026-10-03T21:23:04Z,99,Vichada,99524,La Primavera,asignado,cache_geometrico,false,0,,,,asignado,321121,3.2.1.1.2.1. Herbazal denso inundable no arbolado,3,32,321,3211,32112,321121,SI,Landsat_2024_mediana_28042025,GoogleEarth,false,0,,,,,mas_de_5_km,,0,0,0,,,,,mas_de_5_km,,0,,,,,,
afb55f357a62d9d23800610b,2026-10-01T13:36-05:00,2026-10-01T18:36:00Z,2026-10-01,5.68611,-74.58365,VIIRS-Suomi-NPP,Suomi-NPP,VIIRS,66.7,25.7,3.4,Nominal,D,0.39,0.36,true,false,Puntos_de_calor_Colombia_2026-10-01.csv,2026-10-03T21:23:04Z,25,Cundinamarca,25572,Puerto Salgar,asignado,cache_geometrico,false,0,,,,asignado,231,2.3.1. Pastos limpios,2,23,231,,,,SI,Landsat_2024_mediana_28042025,GoogleMaps,false,0,,,,,dentro,0.00,18,0,18,LAM0347|LAM5228|LAM1373|LAM0785|LAM1298|LAM0069,"EXPLORACIÓN Y DESARROLLO DEL CAMPO TORCAZ|BLOQUE EXPLORATORIO SÍSMICA TORCAZ Y BLOQUE DE PERFORACIÓN EXPLORATORIA TORCAZ|REHABILITACIÓN, CONSTRUCCIÓN, MEJORAMIENTO Y OPERACIÓN DEL PROYECTO VIAL DENOMINADO RUTA DEL SOL, SECTOR 2, TRAMOS 1, 5 Y 6, Y OBRAS ANEXAS|LA DORADA - SAN ALBERTO, DOBLE CALZADA LA LIZAMA - LA FORTUNA Y VARIANTE SAN ALBERTO.|VARIANTE DEL PROPANODUCTO GALÁN – CANTIMPLORA, POLIDUCTO GALÁN – SEBASTOPOL.|PE OC ST PRO8 POL12-16 GAL-SAL|OPERACIÓN Y MANTENIMIENTO DEL GASODUCTO CENTRO ORIENTE",CINCO RANCH PETROLEUM COLOMBIA INC. SUCURSAL COLOMBIA|COLOMBIA ENERGY DEVELOPMENT CO|CONCESIONARIA RUTA DEL SOL S.A.S.|INSTITUTO NACIONAL DE VÍAS - INVIAS|ECOPETROL S.A|CENIT S.A.S|TRANSPORTADORA DE GAS INTERNACIONAL TGI SA ESP,poligono|punto|linea,dentro,0.00,1,0037,BOCACHICO,NO APLICA,ECOPETROL S.A.,PRODUCCION,CONTRATO DE ASOCIACION CON ECOPETROL
b17ac6810651c1c78140b7c4,2026-10-01T13:36-05:00,2026-10-01T18:36:00Z,2026-10-01,8.26725,-73.88088,VIIRS-Suomi-NPP,Suomi-NPP,VIIRS,60.2,24.7,20,Nominal,D,0.42,0.38,true,false,Puntos_de_calor_Colombia_2026-10-01.csv,2026-10-03T21:23:04Z,13,Bolívar,13473,Morales,asignado,cache_geometrico,false,0,,,,asignado,231,2.3.1. Pastos limpios,2,23,231,,,,SI,Landsat_2024_mediana_28042025,GoogleEarth,false,0,,,,,mas_de_5_km,,0,0,0,,,,,mas_de_5_km,,0,,,,,,
bf05031f63c650bcb27e400f,2026-10-01T13:36-05:00,2026-10-01T18:36:00Z,2026-10-01,5.68543,-76.65955,VIIRS-Suomi-NPP,Suomi-NPP,VIIRS,54.4,23.5,3.6,Nominal,D,0.4,0.37,true,false,Puntos_de_calor_Colombia_2026-10-01.csv,2026-10-03T21:23:04Z,27,Chocó,27001,Quibdó,asignado,cache_geometrico,false,0,,,,asignado,111,1.1.1. Tejido urbano continuo,1,11,111,,,,SI,"Landsat_2024_mediana_28042025, Sentinel_2024_mediana_11042025",,false,0,,,,,mas_de_5_km,,0,0,0,,,,,mas_de_5_km,,0,,,,,,
c5f4eaed3f4cbefc85a30aad,2026-10-01T13:36-05:00,2026-10-01T18:36:00Z,2026-10-01,7.71222,-73.82106,VIIRS-Suomi-NPP,Suomi-NPP,VIIRS,69.3,24.1,8.1,Nominal,D,0.42,0.37,true,false,Puntos_de_calor_Colombia_2026-10-01.csv,2026-10-03T21:23:04Z,13,Bolívar,13744,Simití,asignado,cache_geometrico,false,0,,,,asignado,411,4.1.1. Zonas pantanosas,4,41,411,,,,SI,Landsat_2024_mediana_28042025,Sentinel_2024_mediana_11042025,false,0,,,,,entre_1_y_5_km,1931.99,2,0,2,LAV0032-13|LAM5633,PERFORACIÓN EXPLORATORIA VMM 28|PERFORACIÓN EXPLORATORIA BLOQUE VMM-27,SHELL EXPLORATION AND PRODUCTION COLOMBIA|SHELL COLOMBIA,poligono,mas_de_5_km,,0,,,,,,
c61a39a5158aa523319e9186,2026-10-01T13:36-05:00,2026-10-01T18:36:00Z,2026-10-01,8.16405,-72.91794,VIIRS-Suomi-NPP,Suomi-NPP,VIIRS,65,18.2,8.4,Nominal,D,0.46,0.39,true,false,Puntos_de_calor_Colombia_2026-10-01.csv,2026-10-03T21:23:04Z,54,Norte De Santander,54720,Sardinata,asignado,cache_geometrico,false,0,,,,asignado,243,"2.4.3. Mosaico de cultivos, pastos y espacios naturales",2,24,243,,,,SI,Landsat_2024_mediana_28042025,GoogleEarth,false,0,,,,,mas_de_5_km,,0,0,0,,,,,mas_de_5_km,,0,,,,,,
c75db14c51336283865ce5d8,2026-10-01T13:36-05:00,2026-10-01T18:36:00Z,2026-10-01,9.59988,-73.80088,VIIRS-Suomi-NPP,Suomi-NPP,VIIRS,71.8,5.8,7,Nominal,D,0.43,0.38,true,false,Puntos_de_calor_Colombia_2026-10-01.csv,2026-10-03T21:23:04Z,20,Cesar,20032,Astrea,asignado,cache_geometrico,false,0,,,,asignado,411,4.1.1. Zonas pantanosas,4,41,411,,,,SI,Landsat_2024_mediana_28042025,<Null>,false,0,,,,,entre_1_y_5_km,2640.78,2,0,2,LAM1321|LAM4387,BLOQUE DE PERFORACION EXPLORATORIA MARACAS|CENTRAL CARBOELÉCTRICA LA LOMA,TEXICAN OIL LTD|EMPRESAS PÚBLICAS DE MEDELLÍN E.S.P. - EPM,poligono,dentro,0.00,3,0494|0372|0379,VIM 42|CR 4|LA LOMA ADICIONAL,NO APLICA|PAUJIL-CANARIO,"LEWIS ENERGY COLOMBIA INC|DRUMMOND ENERGY, INC",EXPLORACION|EVALUACION,CONTRATO DE EXPLORACION Y PRODUCCION (E&P)
c84d16464fe1ba93ab2b9a91,2026-10-01T13:36-05:00,2026-10-01T18:36:00Z,2026-10-01,7.10125,-74.47879,VIIRS-Suomi-NPP,Suomi-NPP,VIIRS,67.8,23.2,3.5,Nominal,D,0.4,0.37,true,false,Puntos_de_calor_Colombia_2026-10-01.csv,2026-10-03T21:23:04Z,05,Antioquia,05604,Remedios,asignado,cache_geometrico,false,0,,,,asignado,231,2.3.1. Pastos limpios,2,23,231,,,,SI,Landsat_2024_mediana_28042025,,true,1,JL1-14192X,(9002099918) MIDRAE GOLD S.A.S,,MINERALES DE ORO Y SUS CONCENTRADOS,mas_de_5_km,,0,0,0,,,,,mas_de_5_km,,0,,,,,,
c98796f191823b2a4e08bd2a,2026-10-01T13:36-05:00,2026-10-01T18:36:00Z,2026-10-01,5.18286,-77.28214,VIIRS-Suomi-NPP,Suomi-NPP,VIIRS,55.2,12,5,Nominal,D,0.42,0.37,true,false,Puntos_de_calor_Colombia_2026-10-01.csv,2026-10-03T21:23:04Z,27,Chocó,27077,Bajo Baudó,asignado,cache_geometrico,false,0,,,,asignado,31111,3.1.1.1.1. Bosque denso alto de tierra firme,3,31,311,3111,31111,,SI,"Landsat8_1054_23092024, Landsat_2024_mediana_28042025, Landsat8_1055_28/02/2024",GoogleMaps,false,0,,,,,mas_de_5_km,,0,0,0,,,,,mas_de_5_km,,0,,,,,,
cf0805d204b8efe2e857129b,2026-10-01T13:36-05:00,2026-10-01T18:36:00Z,2026-10-01,7.93966,-75.28519,VIIRS-Suomi-NPP,Suomi-NPP,VIIRS,60,19,2.6,Nominal,D,0.39,0.36,true,false,Puntos_de_calor_Colombia_2026-10-01.csv,2026-10-03T21:23:04Z,05,Antioquia,05154,Caucasia,asignado,cache_geometrico,false,0,,,,asignado,244,2.4.4. Mosaico de pastos con espacios naturales,2,24,244,,,,SI,Landsat_2024_mediana_28042025,,false,0,,,,,mas_de_5_km,,0,0,0,,,,,dentro,0.00,1,0484,VIM 10-2,NO APLICA,PAREX RESOURCES (COLOMBIA) AG,EXPLORACION,CONTRATO DE EXPLORACION Y PRODUCCION (E&P)
cfe6d70e4b525f0c58d1925e,2026-10-01T13:36-05:00,2026-10-01T18:36:00Z,2026-10-01,7.93913,-75.28869,VIIRS-Suomi-NPP,Suomi-NPP,VIIRS,59.5,18.8,2.6,Nominal,D,0.39,0.36,true,false,Puntos_de_calor_Colombia_2026-10-01.csv,2026-10-03T21:23:04Z,05,Antioquia,05154,Caucasia,asignado,cache_geometrico,false,0,,,,asignado,244,2.4.4. Mosaico de pastos con espacios naturales,2,24,244,,,,SI,Landsat_2024_mediana_28042025,,false,0,,,,,mas_de_5_km,,0,0,0,,,,,dentro,0.00,1,0484,VIM 10-2,NO APLICA,PAREX RESOURCES (COLOMBIA) AG,EXPLORACION,CONTRATO DE EXPLORACION Y PRODUCCION (E&P)
e336eb1e7eb8c9293fbee511,2026-10-01T13:36-05:00,2026-10-01T18:36:00Z,2026-10-01,5.95634,-74.61093,VIIRS-Suomi-NPP,Suomi-NPP,VIIRS,74.6,26.1,8.1,Nominal,D,0.39,0.36,true,false,Puntos_de_calor_Colombia_2026-10-01.csv,2026-10-03T21:23:04Z,05,Antioquia,05591,Puerto Triunfo,asignado,cache_geometrico,false,0,,,,asignado,244,2.4.4. Mosaico de pastos con espacios naturales,2,24,244,,,,SI,Landsat_2024_mediana_28042025,,false,0,,,,,dentro,0.00,17,0,17,LAV0006-00-2019|LAM2121|LAM2647|LAM6358|LAM0022|LAM6817-00|LAM2375|LAM5318|LAM0276|LAM6298|LAM1373|LAM5671|LAM0192|LAM0785,"AREA DE PERFORACION EXPLORATORIA TURPIAL PEP|BLOQUE COLIBRI (ANTES BLOQUE LA MIEL)|AREA DE PERFORACION EXPLORATORIA DIAMANTE|CONTRATO DE ASOCIACIÓN COCORNÁ - CAMPO TECA.|OLEODUCTO DEL VALLE DEL MAGDALENA TENAY VASCONIA COVEÑAS|CONTRATO VE-313-2017 ENTRE AGENCIA NACIONAL DE INFRAESTRUCTURA – ANI Y CONSORCIO IBINES FÉRREO CIF|RED FERREA DEL ATLANTICO, REHABILITACION, CONSERVACION Y MANTENIMIENTO DE RED FERREA EN LOS SECTORES DE BOGOTA - SANTA MARTA, BOGOTA -  BELENCITO, LA CARO – LENGUAZAQUE, BELLO - PUERTO BERRIO|ÁREA DE INTERES DE PERFORACIÓN EXPLORATORIA  AIPE PAOLA|ÁREA DE PERFORACIÓN EXPLORATORIA AZULEJO|REFINERIA DEL NARE|RUTA DEL SOL SECTOR 2 PUERTO SALGAR- SAN ROQUE. VARIANTE DOS Y MEDIO|LA DORADA - SAN ALBERTO, DOBLE CALZADA LA LIZAMA - LA FORTUNA Y VARIANTE SAN ALBERTO.|CONSTRUCCIÓN Y OPERACIÓN DE LA SEGUNDA CALZADA DEL TRAMO 2 CAÑO ALEGRE – PUERTO ARAUJO (PR81+500 AL PR61+500), TRAMO 3, PUERTO ARAUJO – LA LIZAMA, (PR61+500 AL PR 149+000), TRAMO 4, LA LIZAMA – SAN ALBERTO (PR0+000 AL PR90+600) Y TRAMO 7 LA MATA|Ruta del Sol Sector 2|CARRETERA CHIQUINQUIRA PUENTE NACIONAL BARBOSA|VARIANTE DEL PROPANODUCTO GALÁN – CANTIMPLORA, POLIDUCTO GALÁN – SEBASTOPOL.",TPL COLOMBIA LTD SUCURSAL COLOMBIA|ALPHA CONSULTORES LTDA.|MANSAROVAR ENERGY COLOMBIA LTD|ECOPETROL S.A.|HOCOL S.A.|Agencia Nacional de Infraestructura - ANI|FERROCARRILES DEL NORTE DE COLOMBIA S.A FENOCO S.A|CONEQUIPOS ING. LTDA|PETROLÍFERA PETROLEUM COLOMBIA LIMITED|CRC - CORPORACION AUTONOMA REGIONAL DEL CAUCA|CONCESIONARIA RUTA DEL SOL S.A.S.|INSTITUTO NACIONAL DE VÍAS - INVIAS|CONCESIONARIA RUTA DEL SOL SAS|ECOPETROL S.A,poligono|linea,dentro,0.00,5,0121|0356|0210|0131,TURPIAL|TECA COCORNA|VMM 12|EL REMANSO,NO APLICA|TECA COCORNA|WOLF|TURPIALES,TPL COLOMBIA LTD SUCURSAL COLOMBIA|ECOPETROL S.A.|INGENIERIA CONSTRUCCIONES Y EQUIPOS CONEQUIPOS ING S.A.S.|COMTROL COLOMBIA S A,EXPLORACION|PRODUCCION|EVALUACION,CONTRATO DE EXPLORACION Y PRODUCCION (E&P)|CONVENIO DE EXPLOTACION
e5f73a2f87d13d931fb3ba84,2026-10-01T13:36-05:00,2026-10-01T18:36:00Z,2026-10-01,9.60102,-73.79301,VIIRS-Suomi-NPP,Suomi-NPP,VIIRS,61.4,4.6,5,Nominal,D,0.43,0.38,true,false,Puntos_de_calor_Colombia_2026-10-01.csv,2026-10-03T21:23:04Z,20,Cesar,20032,Astrea,asignado,cache_geometrico,false,0,,,,asignado,411,4.1.1. Zonas pantanosas,4,41,411,,,,SI,Landsat_2024_mediana_28042025,<Null>,false,0,,,,,entre_1_y_5_km,1772.32,2,0,2,LAM1321|LAM4387,BLOQUE DE PERFORACION EXPLORATORIA MARACAS|CENTRAL CARBOELÉCTRICA LA LOMA,TEXICAN OIL LTD|EMPRESAS PÚBLICAS DE MEDELLÍN E.S.P. - EPM,poligono,dentro,0.00,3,0494|0372|0379,VIM 42|CR 4|LA LOMA ADICIONAL,NO APLICA|PAUJIL-CANARIO,"LEWIS ENERGY COLOMBIA INC|DRUMMOND ENERGY, INC",EXPLORACION|EVALUACION,CONTRATO DE EXPLORACION Y PRODUCCION (E&P)
e6e987afc925e5151df6211e,2026-10-01T13:36-05:00,2026-10-01T18:36:00Z,2026-10-01,7.45755,-75.41219,VIIRS-Suomi-NPP,Suomi-NPP,VIIRS,57.4,6.2,2.2,Nominal,D,0.39,0.36,true,false,Puntos_de_calor_Colombia_2026-10-01.csv,2026-10-03T21:23:04Z,05,Antioquia,05790,Tarazá,asignado,cache_geometrico,false,0,,,,asignado,231,2.3.1. Pastos limpios,2,23,231,,,,SI,Landsat_2024_mediana_28042025,Sentinel_2024_mediana_11042025,false,0,,,,,mas_de_5_km,,0,0,0,,,,,mas_de_5_km,,0,,,,,,
e9c3a4dfc787c23b51920a76,2026-10-01T13:36-05:00,2026-10-01T18:36:00Z,2026-10-01,7.34802,-74.4359,VIIRS-Suomi-NPP,Suomi-NPP,VIIRS,62.8,18.6,3.6,Nominal,D,0.4,0.37,true,false,Puntos_de_calor_Colombia_2026-10-01.csv,2026-10-03T21:23:04Z,05,Antioquia,05736,Segovia,asignado,cache_geometrico,false,0,,,,asignado,244,2.4.4. Mosaico de pastos con espacios naturales,2,24,244,,,,SI,Landsat_2024_mediana_28042025,,false,0,,,,,mas_de_5_km,,0,0,0,,,,,mas_de_5_km,,0,,,,,,
ef1727a4719105138999c4e5,2026-10-01T13:36-05:00,2026-10-01T18:36:00Z,2026-10-01,6.48673,-74.65828,VIIRS-Suomi-NPP,Suomi-NPP,VIIRS,59,11.8,4,Nominal,D,0.39,0.36,true,false,Puntos_de_calor_Colombia_2026-10-01.csv,2026-10-03T21:23:04Z,05,Antioquia,05425,Maceo,asignado,cache_geometrico,false,0,,,,asignado,3132,3.1.3.2. Bosque fragmentado con vegetación secundaria,3,31,313,3132,,,SI,Landsat_2024_mediana_28042025,,false,0,,,,,entre_1_y_5_km,1296.38,5,0,5,LAM1260|LAM1844|LAM0520|LAM0263,"PROYECTO DE REFUERZO DE TRANSMISIÓN (AMPLIACIÓN DE LA SUBESTACIÓN COMUNEROS A 230 kV)|MEDELLÍN, PTO BERRIO , SECTOR VARIANTE HATILLO, BARBOSA, CISNEROS.|SEBASTOPOL-MEDELLIN-CARTAGO|LINEA TRONCAL GASODUCTO SEBASTOPOL-MEDELLIN",INTERCONEXIÓN ELÉCTRICA S.A. E.S.P. - ISA|HATOVIAL S.A. CONCESION VIAL DEL ABURRA NORTE S.A|ECOPETROL S.A.|TRANSMETANO,linea,mas_de_5_km,,0,,,,,,
efccdc62cf8cff113c225d68,2026-10-01T13:36-05:00,2026-10-01T18:36:00Z,2026-10-01,8.26324,-73.88419,VIIRS-Suomi-NPP,Suomi-NPP,VIIRS,64.6,25.9,4,Nominal,D,0.42,0.38,true,false,Puntos_de_calor_Colombia_2026-10-01.csv,2026-10-03T21:23:04Z,13,Bolívar,13473,Morales,asignado,cache_geometrico,false,0,,,,asignado,32122,3.2.1.2.2. Herbazal abierto rocoso,3,32,321,3212,32122,,SI,Landsat_2024_mediana_28042025,GoogleEarth,false,0,,,,,mas_de_5_km,,0,0,0,,,,,mas_de_5_km,,0,,,,,,
f40ed355c348935cf76e2884,2026-10-01T13:36-05:00,2026-10-01T18:36:00Z,2026-10-01,8.28836,-73.16846,VIIRS-Suomi-NPP,Suomi-NPP,VIIRS,60.9,18.2,3.8,Nominal,D,0.45,0.39,true,false,Puntos_de_calor_Colombia_2026-10-01.csv,2026-10-03T21:23:04Z,54,Norte De Santander,54398,La Playa,asignado,cache_geometrico,false,0,,,,asignado,233,2.3.3. Pastos enmalezados,2,23,233,,,,SI,Landsat_2024_mediana_28042025,GoogleEarth,false,0,,,,,mas_de_5_km,,0,0,0,,,,,mas_de_5_km,,0,,,,,,
f4de3aba3c610de3a69c56ba,2026-10-01T13:36-05:00,2026-10-01T18:36:00Z,2026-10-01,7.80648,-73.67629,VIIRS-Suomi-NPP,Suomi-NPP,VIIRS,93.9,27,14.9,Alta,D,0.42,0.38,true,false,Puntos_de_calor_Colombia_2026-10-01.csv,2026-10-03T21:23:04Z,20,Cesar,20770,San Martín,asignado,cache_geometrico,false,0,,,,asignado,411,4.1.1. Zonas pantanosas,4,41,411,,,,SI,Landsat_2024_mediana_28042025,Sentinel_2024_mediana_11042025,false,0,,,,,dentro,0.00,4,0,4,LAV0001-13|LAM0040|LAV0022-00-2022,AREA DE PERFORACIÓN EXPLORATORIA VMM3|CAMPO DE PRODUCCIÓN SANTA LUCÍA (PERTENECIENTE AL BLOQUE A DE LA ASOCIACIÓN TISQUIRAMA)|AREA DE PERFORACION EXPLORATORIA VMM-45|CAMPO DE PRODUCCIÓN SANTA LUCÍA POZO STL 4,SHELL EXPLORATION AND PRODUCTION COLOMBIA GMBH|PETRÓLEOS DEL NORTE S.A.|CANTANA ENERGY SUCURSAL COLOMBIA|PETROLEOS DEL NORTE S.A.,poligono|punto,hasta_1_km,2.39,2,0015|0774,TISQUIRAMA A-B|VMM 45,NO APLICA,GRAN TIERRA ENERGY COLOMBIA GMBH|CANTANA ENERGY S.A.,PRODUCCION|EXPLORACION,CONTRATO DE ASOCIACION CON ECOPETROL|CONTRATO DE EXPLORACION Y PRODUCCION (E&P)
f5d6f37a68f25d7467f846f0,2026-10-01T13:36-05:00,2026-10-01T18:36:00Z,2026-10-01,6.56769,-72.92387,VIIRS-Suomi-NPP,Suomi-NPP,VIIRS,57.5,25.2,2.5,Nominal,D,0.44,0.38,true,false,Puntos_de_calor_Colombia_2026-10-01.csv,2026-10-03T21:23:04Z,68,Santander,68464,Mogotes,asignado,cache_geometrico,false,0,,,,asignado,243,"2.4.3. Mosaico de cultivos, pastos y espacios naturales",2,24,243,,,,SI,Landsat_2024_mediana_28042025,,false,0,,,,,mas_de_5_km,,0,0,0,,,,,mas_de_5_km,,0,,,,,,
f649f5469bf94d1ea2103e9c,2026-10-01T13:36-05:00,2026-10-01T18:36:00Z,2026-10-01,7.71441,-73.82165,VIIRS-Suomi-NPP,Suomi-NPP,VIIRS,65,23.5,9.1,Nominal,D,0.42,0.37,true,false,Puntos_de_calor_Colombia_2026-10-01.csv,2026-10-03T21:23:04Z,13,Bolívar,13744,Simití,asignado,cache_geometrico,false,0,,,,asignado,411,4.1.1. Zonas pantanosas,4,41,411,,,,SI,Landsat_2024_mediana_28042025,Sentinel_2024_mediana_11042025,false,0,,,,,entre_1_y_5_km,2134.89,2,0,2,LAV0032-13|LAM5633,PERFORACIÓN EXPLORATORIA VMM 28|PERFORACIÓN EXPLORATORIA BLOQUE VMM-27,SHELL EXPLORATION AND PRODUCTION COLOMBIA|SHELL COLOMBIA,poligono,mas_de_5_km,,0,,,,,,
1341cbff7971ad69db2632c0,2026-10-01T13:38-05:00,2026-10-01T18:38:00Z,2026-10-01,11.0016,-72.97734,VIIRS-Suomi-NPP,Suomi-NPP,VIIRS,58.4,13.9,5.8,Nominal,D,0.49,0.4,true,false,Puntos_de_calor_Colombia_2026-10-01.csv,2026-10-03T21:23:04Z,44,La Guajira,44098,Distracción,asignado,cache_geometrico,false,0,,,,asignado,3231,3.2.3.1. Vegetación secundaria alta,3,32,323,3231,,,SI,Landsat_2024_mediana_28042025,"GoogleEarth, Basemap",false,0,,,,,hasta_1_km,581.37,3,0,3,LAV0011-00-2022,Subestación colectora 500kv y líneas de transmisión colectora cuestecitas y cuestecitas la loma 500kv - conexión cuestecitas la loma|Subestación Colectora 500kv y líneas de transmisión Colectora Cuestecitas y Cuestecitas La Loma 500kv - conexión Cuestecitas La Loma,GRUPO ENERGIA BOGOTA S A ESP,poligono|linea,mas_de_5_km,,0,,,,,,
224aa509204aa39b0829cc9d,2026-10-01T13:38-05:00,2026-10-01T18:38:00Z,2026-10-01,11.00098,-72.98175,VIIRS-Suomi-NPP,Suomi-NPP,VIIRS,57.4,14.4,4.2,Nominal,D,0.49,0.4,true,false,Puntos_de_calor_Colombia_2026-10-01.csv,2026-10-03T21:23:04Z,44,La Guajira,44098,Distracción,asignado,cache_geometrico,false,0,,,,asignado,233,2.3.3. Pastos enmalezados,2,23,233,,,,SI,Landsat_2024_mediana_28042025,"GoogleEarth, Basemap",false,0,,,,,hasta_1_km,303.00,3,0,3,LAV0011-00-2022,Subestación colectora 500kv y líneas de transmisión colectora cuestecitas y cuestecitas la loma 500kv - conexión cuestecitas la loma|Subestación Colectora 500kv y líneas de transmisión Colectora Cuestecitas y Cuestecitas La Loma 500kv - conexión Cuestecitas La Loma,GRUPO ENERGIA BOGOTA S A ESP,poligono|linea,mas_de_5_km,,0,,,,,,
c22b3151c7c7563896b271cb,2026-10-01T13:51-05:00,2026-10-01T18:51:00Z,2026-10-01,-1.29158,-69.59193,VIIRS-NOAA-20,NOAA-20,VIIRS,57.6,14.2,3.8,Nominal,D,0.49,0.65,true,true,Puntos_de_calor_Colombia_2026-10-01.csv,2026-10-03T21:23:04Z,91,Amazonas,91407,La Pedrera,asignado,cache_geometrico,false,0,,,,asignado,243,"2.4.3. Mosaico de cultivos, pastos y espacios naturales",2,24,243,,,,SI,L9_461_20240109,"ArcGIS.com Aerial, Google Map Aerial",true,1,Bloque887,,,,mas_de_5_km,,0,0,0,,,,,mas_de_5_km,,0,,,,,,
131fd82a917d5e68f50c7890,2026-10-01T13:53-05:00,2026-10-01T18:53:00Z,2026-10-01,2.51841,-76.87921,VIIRS-NOAA-20,NOAA-20,VIIRS,64.9,21.4,6.4,Nominal,D,0.54,0.42,true,true,Puntos_de_calor_Colombia_2026-10-01.csv,2026-10-03T21:23:04Z,19,Cauca,19256,El Tambo,asignado,cache_geometrico,false,0,,,,asignado,231,2.3.1. Pastos limpios,2,23,231,,,,SI,Landsat_2024_mediana_28042025,,true,1,GDI-138,(9001937491) SOCIEDAD EXPLORACIONES NORTHERN COLOMBIA S.A.S.,Explotación,"MINERAL DE COBRE, MINERAL DE MOLIBDENO, MINERAL DE ORO, MINERAL DE PLATA, MINERAL DE PLATINO, MINERAL DE ZINC",mas_de_5_km,,0,0,0,,,,,mas_de_5_km,,0,,,,,,
2716c8cd191c6176dbc607b4,2026-10-01T13:53-05:00,2026-10-01T18:53:00Z,2026-10-01,3.64684,-72.47008,VIIRS-NOAA-20,NOAA-20,VIIRS,77,1.5,4.4,Nominal,D,0.37,0.58,true,true,Puntos_de_calor_Colombia_2026-10-01.csv,2026-10-03T21:23:04Z,50,Meta,50689,San Martín,asignado,cache_geometrico,false,0,,,,asignado,321111,3.2.1.1.1.1.  Herbazal denso de tierra firme no arbolado,3,32,321,3211,32111,321111,SI,Landsat_2024_mediana_28042025,Basemap,false,0,,,,,dentro,0.00,2,0,2,LAM5475|LAV0049-13,ÁREA DE PERFORACIÓN EXPLORATORIA BLOQUE CPO-12|AREA PERFORACION EXPLORATORIA  MUÑECA,META  PETROLEUM CORP|ECOPETROL S.A.,poligono,mas_de_5_km,,0,,,,,,
518029d127872ef6008606d2,2026-10-01T13:53-05:00,2026-10-01T18:53:00Z,2026-10-01,3.6512,-72.46814,VIIRS-NOAA-20,NOAA-20,VIIRS,55.7,5.7,4.6,Nominal,D,0.37,0.58,true,true,Puntos_de_calor_Colombia_2026-10-01.csv,2026-10-03T21:23:04Z,50,Meta,50689,San Martín,asignado,cache_geometrico,false,0,,,,asignado,321111,3.2.1.1.1.1.  Herbazal denso de tierra firme no arbolado,3,32,321,3211,32111,321111,SI,Landsat_2024_mediana_28042025,Basemap,false,0,,,,,dentro,0.00,2,0,2,LAM5475|LAV0049-13,ÁREA DE PERFORACIÓN EXPLORATORIA BLOQUE CPO-12|AREA PERFORACION EXPLORATORIA  MUÑECA,META  PETROLEUM CORP|ECOPETROL S.A.,poligono,mas_de_5_km,,0,,,,,,
5260096f92eadf022f1eb5bf,2026-10-01T13:53-05:00,2026-10-01T18:53:00Z,2026-10-01,3.65074,-72.47145,VIIRS-NOAA-20,NOAA-20,VIIRS,66.7,5.8,5,Nominal,D,0.37,0.58,true,true,Puntos_de_calor_Colombia_2026-10-01.csv,2026-10-03T21:23:04Z,50,Meta,50689,San Martín,asignado,cache_geometrico,false,0,,,,asignado,321111,3.2.1.1.1.1.  Herbazal denso de tierra firme no arbolado,3,32,321,3211,32111,321111,SI,Landsat_2024_mediana_28042025,Basemap,false,0,,,,,dentro,0.00,2,0,2,LAM5475|LAV0049-13,ÁREA DE PERFORACIÓN EXPLORATORIA BLOQUE CPO-12|AREA PERFORACION EXPLORATORIA  MUÑECA,META  PETROLEUM CORP|ECOPETROL S.A.,poligono,mas_de_5_km,,0,,,,,,
8f2be9faae8aa0cdd633793a,2026-10-01T13:53-05:00,2026-10-01T18:53:00Z,2026-10-01,3.1571,-75.41125,VIIRS-NOAA-20,NOAA-20,VIIRS,67.5,23.5,9,Nominal,D,0.46,0.47,true,true,Puntos_de_calor_Colombia_2026-10-01.csv,2026-10-03T21:23:04Z,41,Huila,41001,Neiva,asignado,cache_geometrico,false,0,,,,asignado,321111,3.2.1.1.1.1.  Herbazal denso de tierra firme no arbolado,3,32,321,3211,32111,321111,SI,Landsat_2024_mediana_28042025,IDEAM_puntos_CLC2024_verificacion_campo_2025,false,0,,,,,entre_1_y_5_km,1096.61,4,0,4,LAM1970|LAM0215,"AREA DE INTERES DE PERFORACION EXPLORATORIA LAS MOYAS|ASOCIACIÓN PALERMO CAMPO SAN FRANCISCO Y BALCÓN|ÁREA DE PERFORACIÓN EXPLORATORIA LAS MOYAS, POZO EXPLORATORIO CHIFLÓN 1",HOCOL S.A.,poligono|punto,dentro,0.00,2,0269|0363,VSM 12|PALERMO,NO APLICA|PALERMO,ALANGE ENERGY CORP|ECOPETROL S.A.,EXPLORACION|PRODUCCION,CONTRATO DE EXPLORACION Y PRODUCCION (E&P)|CONVENIO DE EXPLOTACION
94c1c179580a62c5d59fa361,2026-10-01T13:53-05:00,2026-10-01T18:53:00Z,2026-10-01,1.19876,-75.04889,VIIRS-NOAA-20,NOAA-20,VIIRS,67,18.9,9.1,Nominal,D,0.45,0.47,true,true,Puntos_de_calor_Colombia_2026-10-01.csv,2026-10-03T21:23:04Z,18,Caquetá,18410,La Montañita,asignado,cache_geometrico,false,0,,,,asignado,244,2.4.4. Mosaico de pastos con espacios naturales,2,24,244,,,,SI,L8_859_20240410_20240411,Bing Map Aerial,false,0,,,,,mas_de_5_km,,0,0,0,,,,,mas_de_5_km,,0,,,,,,
017b94848bbf31a3facf970e,2026-10-01T13:56-05:00,2026-10-01T18:56:00Z,2026-10-01,7.56985,-73.83554,VIIRS-NOAA-20,NOAA-20,VIIRS,93.9,17.5,9.8,Alta,D,0.34,0.56,true,true,Puntos_de_calor_Colombia_2026-10-01.csv,2026-10-03T21:23:04Z,68,Santander,68575,Puerto Wilches,asignado,cache_geometrico,false,0,,,,asignado,243,"2.4.3. Mosaico de cultivos, pastos y espacios naturales",2,24,243,,,,SI,Landsat_2024_mediana_28042025,,false,0,,,,,entre_1_y_5_km,1127.37,1,0,1,LAV0032-13,PERFORACIÓN EXPLORATORIA VMM 28,SHELL EXPLORATION AND PRODUCTION COLOMBIA,poligono,dentro,0.00,2,0235|0721,MAGDALENA MEDIO|VMM 24,MAGDALENA MEDIO|NO APLICA,ECOPETROL S.A.|GRAN TIERRA ENERGY COLOMBIA GMBH,PRODUCCION|EXPLORACION,CONVENIO DE EXPLOTACION|CONTRATO DE EXPLORACION Y PRODUCCION (E&P)
01c4ba96ac47b329d5507370,2026-10-01T13:56-05:00,2026-10-01T18:56:00Z,2026-10-01,7.7106,-73.81851,VIIRS-NOAA-20,NOAA-20,VIIRS,81.7,18.3,5.7,Nominal,D,0.34,0.56,true,true,Puntos_de_calor_Colombia_2026-10-01.csv,2026-10-03T21:23:04Z,13,Bolívar,13744,Simití,asignado,cache_geometrico,false,0,,,,asignado,411,4.1.1. Zonas pantanosas,4,41,411,,,,SI,Landsat_2024_mediana_28042025,Sentinel_2024_mediana_11042025,false,0,,,,,entre_1_y_5_km,1600.86,2,0,2,LAV0032-13|LAM5633,PERFORACIÓN EXPLORATORIA VMM 28|PERFORACIÓN EXPLORATORIA BLOQUE VMM-27,SHELL EXPLORATION AND PRODUCTION COLOMBIA|SHELL COLOMBIA,poligono,mas_de_5_km,,0,,,,,,
058e3f3fd3db466b7f47e38d,2026-10-01T13:56-05:00,2026-10-01T18:56:00Z,2026-10-01,7.02641,-74.40429,VIIRS-NOAA-20,NOAA-20,VIIRS,58.6,15.3,3.9,Nominal,D,0.61,0.53,true,true,Puntos_de_calor_Colombia_2026-10-01.csv,2026-10-03T21:23:04Z,05,Antioquia,05604,Remedios,asignado,cache_geometrico,false,0,,,,asignado,31111,3.1.1.1.1. Bosque denso alto de tierra firme,3,31,311,3111,31111,,SI,Landsat_2024_mediana_28042025,Sentinel_2024_mediana_11042025,true,1,LBC-14071,(9003296316) MINERA ANTIOQUEÑA S.A.S.,,MINERALES DE ORO Y SUS CONCENTRADOS,mas_de_5_km,,0,0,0,,,,,mas_de_5_km,,0,,,,,,
09325f943ed345fe4b380f82,2026-10-01T13:56-05:00,2026-10-01T18:56:00Z,2026-10-01,5.83733,-75.9563,VIIRS-NOAA-20,NOAA-20,VIIRS,55.7,26.1,2.8,Baja,D,0.46,0.47,true,true,Puntos_de_calor_Colombia_2026-10-01.csv,2026-10-03T21:23:04Z,05,Antioquia,05101,Ciudad Bolívar,asignado,cache_geometrico,false,0,,,,asignado,3231,3.2.3.1. Vegetación secundaria alta,3,32,323,3231,,,SI,Landsat_2024_mediana_28042025,,true,1,BLOQUE 511,,,ZONAS RESERVADAS CON POTENCIAL - BLOQUE 511,entre_1_y_5_km,1240.75,1,0,1,LAM4667,CONSTRUCCIÓN DEL TRAMO 2 DE LA SEGUNDA CALZADA DE LA VÍA ANCÓN SUR - PRIMAVERA - CAMILO C - BOLOMBOLO QUE CORRESPONDE AL SECTOR PRIMAVERA (PR 95+000) - CAMILO C (PR 81+090).,CONSORCIO VIAL DE OCCIDENTE 2007,linea,mas_de_5_km,,0,,,,,,
0b15d2b16c7d6c0f8e4c6a71,2026-10-01T13:56-05:00,2026-10-01T18:56:00Z,2026-10-01,8.0877,-75.49239,VIIRS-NOAA-20,NOAA-20,VIIRS,60.8,15.3,5,Nominal,D,0.53,0.5,true,true,Puntos_de_calor_Colombia_2026-10-01.csv,2026-10-03T21:23:04Z,23,Córdoba,23079,Buenavista,asignado,cache_geometrico,false,0,,,,asignado,232,2.3.2. Pastos arbolados,2,23,232,,,,SI,Landsat_2024_mediana_28042025,,false,0,,,,,hasta_1_km,360.35,5,0,5,LAV0002-00-2020|LAM1260|LAV0009-00-2018,EXPLOTACIÓN Y TRANSFORMACIÓN DE FERRONÍQUEL|PROYECTO DE REFUERZO DE TRANSMISIÓN (AMPLIACIÓN DE LA SUBESTACIÓN COMUNEROS A 230 kV)|REFUERZO COSTA CARIBE 500KV: LÍNEA DE TRANSMISIÓN CERROMATOSO – CHINÚ – COPEY 500 kV|LÍNEA DE TRANSMISIÓN CERROMATOSO – CHINÚ – COPEY 500 kV,CERRO MATOSO S.A.|INTERCONEXIÓN ELÉCTRICA S.A. E.S.P. - ISA|INTERCONEXIÓN ELÉCTRICA S.A. - ISA,poligono|linea,entre_1_y_5_km,2342.39,1,0736,SN 26,NO APLICA,CAPTIVA RESOURCES LLC,EXPLORACION,CONTRATO DE EXPLORACION Y PRODUCCION (E&P)
16df97cda4bcea803f76ed6a,2026-10-01T13:56-05:00,2026-10-01T18:56:00Z,2026-10-01,6.70451,-71.44851,VIIRS-NOAA-20,NOAA-20,VIIRS,52.4,10.1,4.8,Nominal,D,0.48,0.65,true,true,Puntos_de_calor_Colombia_2026-10-01.csv,2026-10-03T21:23:04Z,81,Arauca,81065,Arauquita,asignado,cache_geometrico,false,0,,,,asignado,3232,3.2.3.2. Vegetación secundaria baja,3,32,323,3232,,,SI,Landsat_2024_mediana_28042025,,false,0,,,,,entre_1_y_5_km,3173.43,2,0,2,LAV0083-00-2017|LAM3625,APE PRIMAVERA|ÁREA DE INTERÉS EXPLORATORIA ARPA - BLOQUE CAPORAL,OCCIDENTAL DE COLOMBIA LLC|OCCIDENTAL DE COLOMBIA INC.,poligono,dentro,0.00,3,0051|0322|0276,COSECHA|LLA 70|LLA 52,NO APLICA,"SIERRACOL ENERGY ARAUCA, LLC|GRAN TIERRA ENERGY COLOMBIA GMBH|OCCIDENTAL CONDOR LLC",PRODUCCION|EXPLORACION,CONTRATO DE ASOCIACION CON ECOPETROL|CONTRATO DE EXPLORACION Y PRODUCCION (E&P)
17d3934ccfc18592020ce477,2026-10-01T13:56-05:00,2026-10-01T18:56:00Z,2026-10-01,8.22727,-73.55826,VIIRS-NOAA-20,NOAA-20,VIIRS,66.5,18.6,3.5,Nominal,D,0.36,0.57,true,true,Puntos_de_calor_Colombia_2026-10-01.csv,2026-10-03T21:23:04Z,20,Cesar,20011,Aguachica,asignado,cache_geometrico,false,0,,,,asignado,244,2.4.4. Mosaico de pastos con espacios naturales,2,24,244,,,,SI,Landsat_2024_mediana_28042025,GoogleEarth,false,0,,,,,dentro,0.00,17,0,17,LAM5353|LAV0039-00-2020|LAM2199|LAM5547|LAV0014-00-2022|LAM3254|LAV0062-00-2025|LAM5487|LAM2317|LAM5228,"BLOQUE EXPLORATORIO VALLE MEDIO DEL MAGDALENA 2- VMM2|AREA DE DESARROLLO FORTUNA|AREA DE INTERES DE PERFORACION EXPLORATORIA ACORDEON|Área de Explotación Valle Medio Magdalena Uno (VMM-1)|LÍNEA DE TRANSMISIÓN LA LOMA – SOGAMOSO A 500 kV|AREA DE PERFORACION EXPLORATORIA DE HIDROCARBUROS ""FORTUNA""|PARQUES FOTOVOLTAICOS TURPIALES Y LOS NOGALES|EXPLOTACION  DE HIDROCARBUROS EN EL CAMPO CHUIRA|CAMPO TOTUMAL|REHABILITACIÓN, CONSTRUCCIÓN, MEJORAMIENTO Y OPERACIÓN DEL PROYECTO VIAL DENOMINADO RUTA DEL SOL, SECTOR 2, TRAMOS 1, 5 Y 6, Y OBRAS ANEXAS.","VETRA EXPLORACIÓN Y PRODUCCIÓN COLOMBIA S.A.S. – VETRA EyP S.A.S.|PAREX RESOURCES COLOMBIA LTD SUCURSAL|ECOPETROL S.A.|Lewis Energy Colombia, Inc.|INTERCONEXION ELECTRICA S.A. E.S.P.|EMERALD ENERGY PLC SUCURSAL COLOMBIA|SOCIEDAD DE GESTION GRUPO TW SOLAR COLOMBIA S.A.S|Gran Tierra Energy|CONCESIONARIA RUTA DEL SOL S.A.S.",poligono|linea,dentro,0.00,5,0382|0058|0101|0223|0526,VMM 2 ADICIONAL|FORTUNA|MIDAS|VMM 1|VMM 4-1,NO APLICA|CHUIRA,CONOCOPHILLIPS COLOMBIA VENTURES LTD.|PAREX RESOURCES (COLOMBIA) AG|GRAN TIERRA ENERGY COLOMBIA GMBH|WATTLE PETROLEUM COMPANY S.A.S|ECOPETROL S.A.,EXPLORACION|PRODUCCION,CONTRATO DE EXPLORACION Y PRODUCCION (E&P)|CONTRATO DE ASOCIACION CON ECOPETROL|CONTRATO DE EVALUACION TECNICA ANH
20cf1567c09005e9fdfeeffd,2026-10-01T13:56-05:00,2026-10-01T18:56:00Z,2026-10-01,7.02873,-74.4064,VIIRS-NOAA-20,NOAA-20,VIIRS,60.1,15.4,3,Nominal,D,0.61,0.53,true,true,Puntos_de_calor_Colombia_2026-10-01.csv,2026-10-03T21:23:04Z,05,Antioquia,05604,Remedios,asignado,cache_geometrico,false,0,,,,asignado,244,2.4.4. Mosaico de pastos con espacios naturales,2,24,244,,,,SI,Landsat_2024_mediana_28042025,,true,1,LBC-14071,(9003296316) MINERA ANTIOQUEÑA S.A.S.,,MINERALES DE ORO Y SUS CONCENTRADOS,mas_de_5_km,,0,0,0,,,,,mas_de_5_km,,0,,,,,,
2bed96f31d108a8a7907a724,2026-10-01T13:56-05:00,2026-10-01T18:56:00Z,2026-10-01,7.16093,-74.65894,VIIRS-NOAA-20,NOAA-20,VIIRS,67.2,16,10.1,Nominal,D,0.59,0.53,true,true,Puntos_de_calor_Colombia_2026-10-01.csv,2026-10-03T21:23:04Z,05,Antioquia,05736,Segovia,asignado,cache_geometrico,false,0,,,,asignado,31111,3.1.1.1.1. Bosque denso alto de tierra firme,3,31,311,3111,31111,,SI,Landsat_2024_mediana_28042025,,true,1,SH2-08001,,Exploración,MINERALES DE ORO Y SUS CONCENTRADOS,mas_de_5_km,,0,0,0,,,,,mas_de_5_km,,0,,,,,,
332878504aceb39c2fe4ca63,2026-10-01T13:56-05:00,2026-10-01T18:56:00Z,2026-10-01,8.22786,-73.55754,VIIRS-NOAA-20,NOAA-20,VIIRS,62.3,18.2,3.5,Nominal,D,0.36,0.57,true,true,Puntos_de_calor_Colombia_2026-10-01.csv,2026-10-03T21:23:04Z,20,Cesar,20011,Aguachica,asignado,cache_geometrico,false,0,,,,asignado,244,2.4.4. Mosaico de pastos con espacios naturales,2,24,244,,,,SI,Landsat_2024_mediana_28042025,GoogleEarth,false,0,,,,,dentro,0.00,17,0,17,LAM5353|LAV0039-00-2020|LAM2199|LAM5547|LAV0014-00-2022|LAM3254|LAV0062-00-2025|LAM5487|LAM2317|LAM5228,"BLOQUE EXPLORATORIO VALLE MEDIO DEL MAGDALENA 2- VMM2|AREA DE DESARROLLO FORTUNA|AREA DE INTERES DE PERFORACION EXPLORATORIA ACORDEON|Área de Explotación Valle Medio Magdalena Uno (VMM-1)|LÍNEA DE TRANSMISIÓN LA LOMA – SOGAMOSO A 500 kV|AREA DE PERFORACION EXPLORATORIA DE HIDROCARBUROS ""FORTUNA""|PARQUES FOTOVOLTAICOS TURPIALES Y LOS NOGALES|EXPLOTACION  DE HIDROCARBUROS EN EL CAMPO CHUIRA|CAMPO TOTUMAL|REHABILITACIÓN, CONSTRUCCIÓN, MEJORAMIENTO Y OPERACIÓN DEL PROYECTO VIAL DENOMINADO RUTA DEL SOL, SECTOR 2, TRAMOS 1, 5 Y 6, Y OBRAS ANEXAS.","VETRA EXPLORACIÓN Y PRODUCCIÓN COLOMBIA S.A.S. – VETRA EyP S.A.S.|PAREX RESOURCES COLOMBIA LTD SUCURSAL|ECOPETROL S.A.|Lewis Energy Colombia, Inc.|INTERCONEXION ELECTRICA S.A. E.S.P.|EMERALD ENERGY PLC SUCURSAL COLOMBIA|SOCIEDAD DE GESTION GRUPO TW SOLAR COLOMBIA S.A.S|Gran Tierra Energy|CONCESIONARIA RUTA DEL SOL S.A.S.",poligono|linea,dentro,0.00,5,0382|0058|0101|0223|0526,VMM 2 ADICIONAL|FORTUNA|MIDAS|VMM 1|VMM 4-1,NO APLICA|CHUIRA,CONOCOPHILLIPS COLOMBIA VENTURES LTD.|PAREX RESOURCES (COLOMBIA) AG|GRAN TIERRA ENERGY COLOMBIA GMBH|WATTLE PETROLEUM COMPANY S.A.S|ECOPETROL S.A.,EXPLORACION|PRODUCCION,CONTRATO DE EXPLORACION Y PRODUCCION (E&P)|CONTRATO DE ASOCIACION CON ECOPETROL|CONTRATO DE EVALUACION TECNICA ANH
3bdec049ef62c8894f9bc6fe,2026-10-01T13:56-05:00,2026-10-01T18:56:00Z,2026-10-01,6.67335,-74.75476,VIIRS-NOAA-20,NOAA-20,VIIRS,64.8,10,5.3,Nominal,D,0.57,0.52,true,true,Puntos_de_calor_Colombia_2026-10-01.csv,2026-10-03T21:23:04Z,05,Antioquia,05885,Yalí,asignado,cache_geometrico,false,0,,,,asignado,3232,3.2.3.2. Vegetación secundaria baja,3,32,323,3232,,,SI,Landsat_2024_mediana_28042025,,true,1,SD5-16391,(18502662) JHON JAIRO GIRALDO ENCISO\ (70081020) CARLOS ALBERTO RICO TAPIAS,Exploración,"ARENAS, ARENAS SILICEAS, MINERALES DE COBRE Y SUS CONCENTRADOS, MINERALES DE MOLIBDENO Y SUS CONCENTRADOS, MINERALES DE ORO Y SUS CONCENTRADOS, MINERALES DE PLATA Y SUS CONCENTRADOS, MINERALES DE PLATINO (INCLUYE PLATINO, PALADIO, RUTENIO, RODIO, OSMIO)",entre_1_y_5_km,1627.42,13,0,13,LAV0017-00-2016,"CONSTRUCCIÓN DE LAS UNIDADES FUNCIONALES UF1 Y UF2 VÍA REMEDIOS - ALTO DE DOLORES, DEPARTAMENTO DE ANTIOQUIA - ANI 4G -  - LICENCIA AMBIENTAL.|CONSTRUCCIÓN DE LAS UNIDADES FUNCIONALES UF1 Y UF2 VÍA REMEDIOS - ALTO DE DOLORES, DEPARTAMENTO DE ANTIOQUIA - ANI 4G|CONSTRUCCIÓN DE LAS UNIDADES FUNCIONALES UF1 Y UF2 VÍA REMEDIOS - ALTO DE DOLORES",AUTOPISTA RÍO MAGDALENA S.A.S.,poligono|linea,mas_de_5_km,,0,,,,,,
3d881a7c7126ccbfb8d6911b,2026-10-01T13:56-05:00,2026-10-01T18:56:00Z,2026-10-01,5.95661,-74.60928,VIIRS-NOAA-20,NOAA-20,VIIRS,72.4,19.3,10.9,Nominal,D,0.57,0.52,true,true,Puntos_de_calor_Colombia_2026-10-01.csv,2026-10-03T21:23:04Z,05,Antioquia,05591,Puerto Triunfo,asignado,cache_geometrico,false,0,,,,asignado,244,2.4.4. Mosaico de pastos con espacios naturales,2,24,244,,,,SI,Landsat_2024_mediana_28042025,,true,1,01087-15,(7246625) DAIRO ARCINIEGAS GONZALEZ,Explotación,"ARENAS, ARENAS ARCILLOSAS, ARENAS FELDESPÁTICAS, ARENAS INDUSTRIALES, ARENAS SILICEAS",dentro,0.00,20,0,20,LAV0006-00-2019|LAM2121|LAM2647|LAM6358|LAM0022|LAM6817-00|LAM2375|LAM5318|LAM0276|LAM6298|LAM5671|LAM1373|LAM0192|LAM0785|LAM0069,"AREA DE PERFORACION EXPLORATORIA TURPIAL PEP|BLOQUE COLIBRI (ANTES BLOQUE LA MIEL)|AREA DE PERFORACION EXPLORATORIA DIAMANTE|CONTRATO DE ASOCIACIÓN COCORNÁ - CAMPO TECA.|OLEODUCTO DEL VALLE DEL MAGDALENA TENAY VASCONIA COVEÑAS|CONTRATO VE-313-2017 ENTRE AGENCIA NACIONAL DE INFRAESTRUCTURA – ANI Y CONSORCIO IBINES FÉRREO CIF|RED FERREA DEL ATLANTICO, REHABILITACION, CONSERVACION Y MANTENIMIENTO DE RED FERREA EN LOS SECTORES DE BOGOTA - SANTA MARTA, BOGOTA -  BELENCITO, LA CARO – LENGUAZAQUE, BELLO - PUERTO BERRIO|ÁREA DE PERFORACIÓN EXPLORATORIA AZULEJO|ÁREA DE INTERES DE PERFORACIÓN EXPLORATORIA  AIPE PAOLA|REFINERIA DEL NARE|RUTA DEL SOL SECTOR 2 PUERTO SALGAR- SAN ROQUE. VARIANTE DOS Y MEDIO|CONSTRUCCIÓN Y OPERACIÓN DE LA SEGUNDA CALZADA DEL TRAMO 2 CAÑO ALEGRE – PUERTO ARAUJO (PR81+500 AL PR61+500), TRAMO 3, PUERTO ARAUJO – LA LIZAMA, (PR61+500 AL PR 149+000), TRAMO 4, LA LIZAMA – SAN ALBERTO (PR0+000 AL PR90+600) Y TRAMO 7 LA MATA|LA DORADA - SAN ALBERTO, DOBLE CALZADA LA LIZAMA - LA FORTUNA Y VARIANTE SAN ALBERTO.|Ruta del Sol Sector 2|CARRETERA CHIQUINQUIRA PUENTE NACIONAL BARBOSA|VARIANTE DEL PROPANODUCTO GALÁN – CANTIMPLORA, POLIDUCTO GALÁN – SEBASTOPOL.|OPERACIÓN Y MANTENIMIENTO DEL GASODUCTO CENTRO ORIENTE",TPL COLOMBIA LTD SUCURSAL COLOMBIA|ALPHA CONSULTORES LTDA.|MANSAROVAR ENERGY COLOMBIA LTD|ECOPETROL S.A.|HOCOL S.A.|Agencia Nacional de Infraestructura - ANI|FERROCARRILES DEL NORTE DE COLOMBIA S.A FENOCO S.A|PETROLÍFERA PETROLEUM COLOMBIA LIMITED|CONEQUIPOS ING. LTDA|CRC - CORPORACION AUTONOMA REGIONAL DEL CAUCA|CONCESIONARIA RUTA DEL SOL S.A.S.|CONCESIONARIA RUTA DEL SOL SAS|INSTITUTO NACIONAL DE VÍAS - INVIAS|ECOPETROL S.A|TRANSPORTADORA DE GAS INTERNACIONAL TGI SA ESP,poligono|linea,hasta_1_km,58.08,5,0121|0356|0210|0131,TURPIAL|TECA COCORNA|VMM 12|EL REMANSO,NO APLICA|TECA COCORNA|WOLF|TURPIALES,TPL COLOMBIA LTD SUCURSAL COLOMBIA|ECOPETROL S.A.|INGENIERIA CONSTRUCCIONES Y EQUIPOS CONEQUIPOS ING S.A.S.|COMTROL COLOMBIA S A,EXPLORACION|PRODUCCION|EVALUACION,CONTRATO DE EXPLORACION Y PRODUCCION (E&P)|CONVENIO DE EXPLOTACION
3ef37757a524400233ae6430,2026-10-01T13:56-05:00,2026-10-01T18:56:00Z,2026-10-01,7.14237,-73.43068,VIIRS-NOAA-20,NOAA-20,VIIRS,61,15.9,2.6,Nominal,D,0.36,0.57,true,true,Puntos_de_calor_Colombia_2026-10-01.csv,2026-10-03T21:23:04Z,68,Santander,68307,Girón,asignado,cache_geometrico,false,0,,,,asignado,244,2.4.4. Mosaico de pastos con espacios naturales,2,24,244,,,,SI,Landsat_2024_mediana_28042025,,false,0,,,,,entre_1_y_5_km,2006.41,43,0,43,LAV0060-00-2016|LAM5984|LAM1373|LAM4886|LAV0006-00-2022|LAV0058-00-2023|LAV0014-00-2022|LAV0033-00-2016|LAV0068-00-2016|LAM0237,"CONCESIÓN BUCARAMANGA – BARRANCABERMEJA - YONDÓ|CONCESIÓN BUCARAMANGA-BARRANCABERMEJA-YONDÓ|Conexión a la subestación Sogamoso 230 y 500 kV al Sistema Interconectado Nacional STN y Subestación Sogamoso - ICA 2017|ESTUDIO DE IMPACTO AMBIENTALDEL PROYECTO CONEXIÓN SUBESTACIÓN SOGAMOSO 230/500 kV AL STN.|LA DORADA - SAN ALBERTO, DOBLE CALZADA LA LIZAMA - LA FORTUNA Y VARIANTE SAN ALBERTO.|POLIDUCTO GALÁN  - CHIMITA|VARIANTE DEL SISTEMA DE TRANSPORTE DE HIDROCARBUROS POLIDUCTO GALÁN - CHIMITÁ Y CAMBIO DE DIÁMETRO DE TUBERÍA DE 6"" A 12"" ENTRE LOS PK 40+000 A PK 55+340|LÍNEA DE TRANSMISIÓN 230 KV – CONEXIÓN PARQUES SOLARES ANDES A LA SUBESTACIÓN SOGAMOSO|CONEXIÓN SUBESTACIÓN SOGAMOSO 230 Y 500 KV AL SISTEMA INTERCONECTADO NACIONAL - STN|CONEXIÓN SUBESTACIÓN SOGAMOSO 230 Y 500 kV AL SISTEMA INTERCONECTADO NACIONAL - STN|LÍNEA DE TRANSMISIÓN LA LOMA – SOGAMOSO A 500 kV|SUBESTACIÓN NORTE 500 KV Y LÍNEAS DE TRANSMISIÓN NORTE - TEQUENDAMA 500 KV Y NORTE SOGAMOSO 500 KV - UPME 01 DE 2013|LÍNEA DE TRANSMISIÓN ASOCIADA A LA CONEXIÓN PORCE III – SOGAMOSO A 500 KV|LÍNEA DE TRANSMISIÓN ASOCIADA A LA CONEXIÓN PORCE III- SOGAMOSO A 500 KV|PROYECTO HIDROELECTRICO RIO SOGAMOSO",CONCESIONARIA RUTA DEL CACAO S.A.S.|Interconexión Eléctrica S.A. E.S.P.  ISA|INTERCONEXION ELECTRICA S.A. E.S.P. ISA|INSTITUTO NACIONAL DE VÍAS - INVIAS|ECOPETROL S.A.|CENIT TRANSPORTE Y LOGISTICA DE HIDROCARBUROS S.A.S|CENIT S.A.S|VERDNET S.A.S. E.S.P.|INTERCONEXION ELECTRICA S.A. E.S.P.|VERDNET SAS|EMPRESA DE ENERGIA DE BOGOTÁ S.A. E.S.P.|INTERCONEXIÓN ELÉCTRICA S.A. E.S.P. - ISA|Empresa de Energía de Bogotá S.A. ESP|ISAGEN S.A. E.S.P.,poligono|linea,hasta_1_km,342.06,1,0299,COR 46,NO APLICA,EXXON MOBIL EXPLORATION COLOMBIA LIMITED,EXPLORACION,CONTRATO DE EVALUACION TECNICA ANH
4112a8d056df60487f08c01b,2026-10-01T13:56-05:00,2026-10-01T18:56:00Z,2026-10-01,7.41285,-73.94872,VIIRS-NOAA-20,NOAA-20,VIIRS,66.3,18.4,3.8,Nominal,D,0.33,0.55,true,true,Puntos_de_calor_Colombia_2026-10-01.csv,2026-10-03T21:23:04Z,13,Bolívar,13160,Cantagallo,asignado,cache_geometrico,false,0,,,,asignado,512,"5.1.2. Lagunas, lagos y ciénagas naturales",5,51,512,,,,SI,Landsat_2024_mediana_28042025,Sentinel_2024_mediana_11042025,false,0,,,,,hasta_1_km,851.78,3,0,3,LAM2317|LAV0059-14,"CAMPO CANTAGALLO-YARIQUIE|SUB TRAMO CANTAGALLO - SAN PABLO (K0+000 AL K8+857.40) PERTENECE AL TRAMO YONDÓ - CANTAGALLO - SAN PABLO - SIMITÍ|SUB TRAMO CANTAGALLO – SAN PABLO (K0+000 AL K8+857.40), PERTENECIENTE AL TRAMO YONDÓ – CANTAGALLO – SAN PABLO – SIMITÍ",ECOPETROL S.A.|VIAS DE LAS AMÉRICAS S.A.S|VIAS DE LAS AMÉRICAS S.A.S.,poligono|linea,entre_1_y_5_km,3260.45,1,0235,MAGDALENA MEDIO,MAGDALENA MEDIO,ECOPETROL S.A.,PRODUCCION,CONVENIO DE EXPLOTACION
46545b98e86194c45a838bd5,2026-10-01T13:56-05:00,2026-10-01T18:56:00Z,2026-10-01,7.56943,-73.83862,VIIRS-NOAA-20,NOAA-20,VIIRS,77.9,18.4,9.2,Nominal,D,0.34,0.56,true,true,Puntos_de_calor_Colombia_2026-10-01.csv,2026-10-03T21:23:04Z,13,Bolívar,13670,San Pablo,asignado,cache_geometrico,false,0,,,,asignado,243,"2.4.3. Mosaico de cultivos, pastos y espacios naturales",2,24,243,,,,SI,Landsat_2024_mediana_28042025,,false,0,,,,,entre_1_y_5_km,1404.56,1,0,1,LAV0032-13,PERFORACIÓN EXPLORATORIA VMM 28,SHELL EXPLORATION AND PRODUCTION COLOMBIA,poligono,dentro,0.00,2,0235|0721,MAGDALENA MEDIO|VMM 24,MAGDALENA MEDIO|NO APLICA,ECOPETROL S.A.|GRAN TIERRA ENERGY COLOMBIA GMBH,PRODUCCION|EXPLORACION,CONVENIO DE EXPLOTACION|CONTRATO DE EXPLORACION Y PRODUCCION (E&P)
4f780dec9a084f50bb9cf7dd,2026-10-01T13:56-05:00,2026-10-01T18:56:00Z,2026-10-01,5.67666,-74.54693,VIIRS-NOAA-20,NOAA-20,VIIRS,68.2,15.3,11.3,Nominal,D,0.57,0.52,true,true,Puntos_de_calor_Colombia_2026-10-01.csv,2026-10-03T21:23:04Z,25,Cundinamarca,25572,Puerto Salgar,asignado,cache_geometrico,false,0,,,,asignado,3231,3.2.3.1. Vegetación secundaria alta,3,32,323,3231,,,SI,Landsat_2024_mediana_28042025,GoogleMaps,false,0,,,,,entre_1_y_5_km,1636.89,8,0,8,LAM0347,BLOQUE DE PERFORACION EXPLORATORIA TOPAZ|EXPLORACIÓN Y DESARROLLO DEL CAMPO TORCAZ|BLOQUE EXPLORATORIO SÍSMICA TORCAZ Y BLOQUE DE PERFORACIÓN EXPLORATORIA TORCAZ,COLOMBIA ENERGY DEVELOPMENT CO|CINCO RANCH PETROLEUM COLOMBIA INC. SUCURSAL COLOMBIA,poligono|punto,dentro,0.00,3,0037|0514|0539,BOCACHICO|VMM 14-1|VMM 65,NO APLICA,ECOPETROL S.A.,PRODUCCION|EXPLORACION,CONTRATO DE ASOCIACION CON ECOPETROL|CONTRATO DE EVALUACION TECNICA ANH
50f5696ceb9f81904e70ac81,2026-10-01T13:56-05:00,2026-10-01T18:56:00Z,2026-10-01,7.34937,-74.43537,VIIRS-NOAA-20,NOAA-20,VIIRS,73.3,18,22.2,Nominal,D,0.61,0.53,true,true,Puntos_de_calor_Colombia_2026-10-01.csv,2026-10-03T21:23:04Z,05,Antioquia,05736,Segovia,asignado,cache_geometrico,false,0,,,,asignado,244,2.4.4. Mosaico de pastos con espacios naturales,2,24,244,,,,SI,Landsat_2024_mediana_28042025,,false,0,,,,,mas_de_5_km,,0,0,0,,,,,mas_de_5_km,,0,,,,,,
53add6c65cce21315408d9f2,2026-10-01T13:56-05:00,2026-10-01T18:56:00Z,2026-10-01,9.57992,-74.52634,VIIRS-NOAA-20,NOAA-20,VIIRS,53.6,2.4,1.9,Nominal,D,0.32,0.55,true,true,Puntos_de_calor_Colombia_2026-10-01.csv,2026-10-03T21:23:04Z,47,Magdalena,47555,Plato,asignado,cache_geometrico,false,0,,,,asignado,233,2.3.3. Pastos enmalezados,2,23,233,,,,SI,Landsat_2024_mediana_28042025,,false,0,,,,,dentro,0.00,2,0,2,LAM5327,BLOQUE EXPLORATORIO SSJN-5-AMI-1|BLOQUE EXPLORATORIO SSJN-5,SK INNOVATION CO LTD.,poligono,entre_1_y_5_km,2891.10,1,0720,VIM 22,NO APLICA,FRONTERA ENERGY COLOMBIA CORP.,EXPLORACION,CONTRATO DE EXPLORACION Y PRODUCCION (E&P)
54df565579ac4e239ea443c5,2026-10-01T13:56-05:00,2026-10-01T18:56:00Z,2026-10-01,6.67441,-74.75276,VIIRS-NOAA-20,NOAA-20,VIIRS,63.3,10.1,6.9,Nominal,D,0.57,0.52,true,true,Puntos_de_calor_Colombia_2026-10-01.csv,2026-10-03T21:23:04Z,05,Antioquia,05885,Yalí,asignado,cache_geometrico,false,0,,,,asignado,3232,3.2.3.2. Vegetación secundaria baja,3,32,323,3232,,,SI,Landsat_2024_mediana_28042025,,true,1,SD5-16391,(18502662) JHON JAIRO GIRALDO ENCISO\ (70081020) CARLOS ALBERTO RICO TAPIAS,Exploración,"ARENAS, ARENAS SILICEAS, MINERALES DE COBRE Y SUS CONCENTRADOS, MINERALES DE MOLIBDENO Y SUS CONCENTRADOS, MINERALES DE ORO Y SUS CONCENTRADOS, MINERALES DE PLATA Y SUS CONCENTRADOS, MINERALES DE PLATINO (INCLUYE PLATINO, PALADIO, RUTENIO, RODIO, OSMIO)",entre_1_y_5_km,1759.13,11,0,11,LAV0017-00-2016,"CONSTRUCCIÓN DE LAS UNIDADES FUNCIONALES UF1 Y UF2 VÍA REMEDIOS - ALTO DE DOLORES, DEPARTAMENTO DE ANTIOQUIA - ANI 4G -  - LICENCIA AMBIENTAL.|CONSTRUCCIÓN DE LAS UNIDADES FUNCIONALES UF1 Y UF2 VÍA REMEDIOS - ALTO DE DOLORES, DEPARTAMENTO DE ANTIOQUIA - ANI 4G|CONSTRUCCIÓN DE LAS UNIDADES FUNCIONALES UF1 Y UF2 VÍA REMEDIOS - ALTO DE DOLORES",AUTOPISTA RÍO MAGDALENA S.A.S.,poligono|linea,mas_de_5_km,,0,,,,,,
5ab8be48159e0575373b3370,2026-10-01T13:56-05:00,2026-10-01T18:56:00Z,2026-10-01,8.36147,-73.79568,VIIRS-NOAA-20,NOAA-20,VIIRS,55.9,20.2,2.2,Nominal,D,0.35,0.57,true,true,Puntos_de_calor_Colombia_2026-10-01.csv,2026-10-03T21:23:04Z,13,Bolívar,13473,Morales,asignado,cache_geometrico,false,0,,,,asignado,242,2.4.2. Mosaico de pastos y cultivos,2,24,242,,,,SI,Landsat_2024_mediana_28042025,GoogleEarth,false,0,,,,,dentro,0.00,5,0,5,LAM2762|LAM3306|LAM3435,"AREA DE PERFORACION EXPLORATORIA ""BLOQUE TIMBAL""|AREA DE PERFORACION EXPLORATORIA ""BLOQUE TIMBAL"" ALTERNATIVA II|AREA DE PERFORACION EXPLORATORIA ""BLOQUE TIMBAL"" ALTERNATIVA I|AREA DE PERFORACION EXPLORATORIA BLOQUE PALMA Y LA EJECUCIÓN DE LAS ACTIVIDADES EXPLORATORIAS EN EL AREA DE INTERES 1|AREA DE PERFORACION EXPLORATORIA EL DIQUE",GEOPETROCOL S.A.|ERAZO VALENCIA S.A.,poligono,mas_de_5_km,,0,,,,,,
6730f36f7e91337c4526b528,2026-10-01T13:56-05:00,2026-10-01T18:56:00Z,2026-10-01,8.2637,-73.88383,VIIRS-NOAA-20,NOAA-20,VIIRS,93.9,22.5,10.8,Alta,D,0.34,0.56,true,true,Puntos_de_calor_Colombia_2026-10-01.csv,2026-10-03T21:23:04Z,13,Bolívar,13473,Morales,asignado,cache_geometrico,false,0,,,,asignado,32122,3.2.1.2.2. Herbazal abierto rocoso,3,32,321,3212,32122,,SI,Landsat_2024_mediana_28042025,GoogleEarth,false,0,,,,,mas_de_5_km,,0,0,0,,,,,mas_de_5_km,,0,,,,,,
80841bdba37adf3c502236ca,2026-10-01T13:56-05:00,2026-10-01T18:56:00Z,2026-10-01,7.34621,-74.43764,VIIRS-NOAA-20,NOAA-20,VIIRS,76.9,18.3,25.1,Nominal,D,0.61,0.53,true,true,Puntos_de_calor_Colombia_2026-10-01.csv,2026-10-03T21:23:04Z,05,Antioquia,05736,Segovia,asignado,cache_geometrico,false,0,,,,asignado,231,2.3.1. Pastos limpios,2,23,231,,,,SI,Landsat_2024_mediana_28042025,Sentinel_2024_mediana_11042025,false,0,,,,,mas_de_5_km,,0,0,0,,,,,mas_de_5_km,,0,,,,,,
89885832a48ea819139f138e,2026-10-01T13:56-05:00,2026-10-01T18:56:00Z,2026-10-01,6.01596,-74.53339,VIIRS-NOAA-20,NOAA-20,VIIRS,71.5,15.1,14.5,Nominal,D,0.57,0.52,true,true,Puntos_de_calor_Colombia_2026-10-01.csv,2026-10-03T21:23:04Z,15,Boyacá,15572,Puerto Boyacá,asignado,cache_geometrico,false,0,,,,asignado,411,4.1.1. Zonas pantanosas,4,41,411,,,,SI,Landsat_2024_mediana_28042025,,false,0,,,,,hasta_1_km,920.22,28,0,28,LAM5278|LAM4128|LAM0069|LAM0318|LAM5671|LAM1373|LAM2647|LAM0054|LAM6550-00|LAM1298|LAM0785|LAM0332|LAM5318|LAM0232|LAM2121|LAM3410,"ÁREA DE INTERÉS DE PERFORACIÓN EXPLORATORIA TURPIAL|OLEODUCTO VELASQUEZ - GALAN|GASODUCTO BARRANCABERMEJA - NEIVA Y SUS DIEZ Y OCHO RAMALES DE DISTRIBUCION.  
ACUMULADOS 229 , 113 Y 512  AL 69|OLEODUCTO CUSIANA LA BELLEZA VASCONIA COVEÑAS E INSTALACIONES ANEXAS|OPERACIÓN Y MANTENIMIENTO DEL GASODUCTO CENTRO ORIENTE|Ruta del Sol Sector 2|LA DORADA - SAN ALBERTO, DOBLE CALZADA LA LIZAMA - LA FORTUNA Y VARIANTE SAN ALBERTO.|AREA DE PERFORACION EXPLORATORIA DIAMANTE|CONSTRUCCIÓN Y OPERACIÓN DEL OLEODUCTO CENTRAL LOS LLANOS “LA BELLEZA VASCONIA A. GASODUCTO|OLEDUCTO VASCONIA – VELASQUEZ|PE OC ST PRO8 POL12-16 GAL-SAL|VARIANTE DEL PROPANODUCTO GALÁN – CANTIMPLORA, POLIDUCTO GALÁN – SEBASTOPOL.|CRUCES SUBFLUVIALES ALTERNOS DE LOS RIOS LEBRIJA, CARARE Y OPÓN.|CAMPO PRODUCCIÓN VELASQUEZ CIÉNAGA DE PALAGUA|ÁREA DE PERFORACIÓN EXPLORATORIA AZULEJO|CAMPO DE PRODUCCIÓN PALAGUA CAIPAL|BLOQUE COLIBRI (ANTES BLOQUE LA MIEL)|AREA DE INTERES PARA LA PERFORACION EXPLORATORIA ORQUIDEA SUR",PETROLEUM COLOMBIA LIMITED.|MANSAROVAR ENERGY COLOMBIA LTD|TRANSPORTADORA DE GAS INTERNACIONAL S.A. E.S.P.|OLEODUCTO CENTRAL S.A. OCENSA S.A.|TRANSPORTADORA DE GAS INTERNACIONAL TGI SA ESP|Agencia Nacional de Infraestructura - ANI|INSTITUTO NACIONAL DE VÍAS - INVIAS|TRANSPORTADORA DE GAS INTERNACIONAL S.A. E.S.P. - TGI S.A. E.S.P.|ECOPETROL S.A.|CENIT S.A.S|ECOPETROL S.A|PETROLÍFERA PETROLEUM COLOMBIA LIMITED|CENIT TRANSPORTE Y LOGISTICA DE HIDROCARBUROS S.A.S.|ALPHA CONSULTORES LTDA.|BURLINGTON RESOURCES COLOMBIA LIMITED COLOMBIAN BRANCH,poligono|linea|punto,dentro,0.00,5,0121|0004|0148|0514,TURPIAL|VELASQUEZ|PALAGUA|VMM 14-1,TURPIALES|NO APLICA|PALAGUA,TPL COLOMBIA LTD SUCURSAL COLOMBIA|MANSAROVAR ENERGY COLOMBIA LTD|ECOPETROL S.A.,PRODUCCION|EXPLORACION,CONTRATO DE EXPLORACION Y PRODUCCION (E&P)|CONTRATO DE PROPIEDAD PRIVADA|CONVENIO DE EXPLOTACION|CONTRATO DE EVALUACION TECNICA ANH
89d6549d048c6a26449cf7c7,2026-10-01T13:56-05:00,2026-10-01T18:56:00Z,2026-10-01,7.45254,-73.83299,VIIRS-NOAA-20,NOAA-20,VIIRS,93.9,18,5.7,Alta,D,0.34,0.56,true,true,Puntos_de_calor_Colombia_2026-10-01.csv,2026-10-03T21:23:04Z,68,Santander,68575,Puerto Wilches,asignado,cache_geometrico,false,0,,,,asignado,3232,3.2.3.2. Vegetación secundaria baja,3,32,323,3232,,,SI,Landsat_2024_mediana_28042025,Sentinel_2024_mediana_11042025,false,0,,,,,entre_1_y_5_km,1530.75,4,0,4,LAM2095|LAM2317|LAV0073-00-2022,Área de Perforación Exploratoria Cantagallo|CAMPO CANTAGALLO-YARIQUIE|PROYECTO DE DESARROLLO FLAMENCOS|CAMPO GARZAS,ECOPETROL S.A.,poligono,dentro,0.00,1,0235,MAGDALENA MEDIO,MAGDALENA MEDIO,ECOPETROL S.A.,PRODUCCION,CONVENIO DE EXPLOTACION
c67587bfc45b517fcaf47906,2026-10-01T13:56-05:00,2026-10-01T18:56:00Z,2026-10-01,7.69404,-73.8633,VIIRS-NOAA-20,NOAA-20,VIIRS,65.7,17.9,4.3,Nominal,D,0.34,0.56,true,true,Puntos_de_calor_Colombia_2026-10-01.csv,2026-10-03T21:23:04Z,13,Bolívar,13670,San Pablo,asignado,cache_geometrico,false,0,,,,asignado,2232,2.2.3.2. Palma de aceite,2,22,223,2232,,,SI,Landsat_2024_mediana_28042025,,false,0,,,,,mas_de_5_km,,0,0,0,,,,,mas_de_5_km,,0,,,,,,
d1ea78681a44adc9480f0935,2026-10-01T13:56-05:00,2026-10-01T18:56:00Z,2026-10-01,7.9258,-74.98882,VIIRS-NOAA-20,NOAA-20,VIIRS,55,11.1,3.1,Nominal,D,0.57,0.52,true,true,Puntos_de_calor_Colombia_2026-10-01.csv,2026-10-03T21:23:04Z,05,Antioquia,05154,Caucasia,asignado,cache_geometrico,false,0,,,,asignado,244,2.4.4. Mosaico de pastos con espacios naturales,2,24,244,,,,SI,Landsat_2024_mediana_28042025,GoogleEarth,false,0,,,,,mas_de_5_km,,0,0,0,,,,,entre_1_y_5_km,1231.27,1,0484,VIM 10-2,NO APLICA,PAREX RESOURCES (COLOMBIA) AG,EXPLORACION,CONTRATO DE EXPLORACION Y PRODUCCION (E&P)
d8b538059a5b6bb0a6c4a304,2026-10-01T13:56-05:00,2026-10-01T18:56:00Z,2026-10-01,8.26414,-73.88062,VIIRS-NOAA-20,NOAA-20,VIIRS,64.4,20.1,7.2,Nominal,D,0.34,0.56,true,true,Puntos_de_calor_Colombia_2026-10-01.csv,2026-10-03T21:23:04Z,13,Bolívar,13473,Morales,asignado,cache_geometrico,false,0,,,,asignado,32122,3.2.1.2.2. Herbazal abierto rocoso,3,32,321,3212,32122,,SI,Landsat_2024_mediana_28042025,GoogleEarth,false,0,,,,,mas_de_5_km,,0,0,0,,,,,mas_de_5_km,,0,,,,,,
e5b66a7bd6ff3a83ebc18f6f,2026-10-01T13:56-05:00,2026-10-01T18:56:00Z,2026-10-01,6.98469,-74.59381,VIIRS-NOAA-20,NOAA-20,VIIRS,71.9,17.7,28,Nominal,D,0.59,0.53,true,true,Puntos_de_calor_Colombia_2026-10-01.csv,2026-10-03T21:23:04Z,05,Antioquia,05604,Remedios,asignado,cache_geometrico,false,0,,,,asignado,231,2.3.1. Pastos limpios,2,23,231,,,,SI,Landsat_2024_mediana_28042025,"Sentinel_2024_mediana_11042025, GoogleEarth, Basemap",true,1,B7395005,(8110092443) COMERCIALIZADORA INTERNACIONAL DE METALES PRECIOSOS Y METALES COMUNES INVERSIONES GENERALES S.A. CIIGSA.,,MINERALES DE ORO Y SUS CONCENTRADOS,entre_1_y_5_km,3355.76,1,0,1,LAM0318,OLEODUCTO CUSIANA LA BELLEZA VASCONIA COVEÑAS E INSTALACIONES ANEXAS,OLEODUCTO CENTRAL S.A. OCENSA S.A.,linea,mas_de_5_km,,0,,,,,,
fe5f9d2acdc11f2168bbe2e9,2026-10-01T13:56-05:00,2026-10-01T18:56:00Z,2026-10-01,7.53334,-74.06876,VIIRS-NOAA-20,NOAA-20,VIIRS,60.1,17.6,3.2,Nominal,D,0.33,0.55,true,true,Puntos_de_calor_Colombia_2026-10-01.csv,2026-10-03T21:23:04Z,13,Bolívar,13670,San Pablo,asignado,cache_geometrico,false,0,,,,asignado,243,"2.4.3. Mosaico de cultivos, pastos y espacios naturales",2,24,243,,,,SI,Landsat_2024_mediana_28042025,,false,0,,,,,mas_de_5_km,,0,0,0,,,,,mas_de_5_km,,0,,,,,,
98e78129f8bd2631511725e7,2026-10-01T15:44-05:00,2026-10-01T20:44:00Z,2026-10-01,1.86568,-75.85437,MODIS-Aqua,Aqua,MODIS,39.5,18.4,9.3,73 %,D,1,1,true,true,Puntos_de_calor_Colombia_2026-10-01.csv,2026-10-03T21:23:04Z,41,Huila,41770,Suaza,asignado,cache_geometrico,false,0,,,,asignado,231,2.3.1. Pastos limpios,2,23,231,,,,SI,Landsat_2024_mediana_28042025,,false,0,,,,,mas_de_5_km,,0,0,0,,,,,mas_de_5_km,,0,,,,,,
ac3a308648e07868d5b21bda,2026-10-01T15:44-05:00,2026-10-01T20:44:00Z,2026-10-01,3.33908,-75.4429,MODIS-Aqua,Aqua,MODIS,38.3,24,5.1,65 %,D,1.01,1.01,true,true,Puntos_de_calor_Colombia_2026-10-01.csv,2026-10-03T21:23:04Z,41,Huila,41016,Aipe,asignado,cache_geometrico,false,0,,,,asignado,321111,3.2.1.1.1.1.  Herbazal denso de tierra firme no arbolado,3,32,321,3211,32111,321111,SI,Landsat_2024_mediana_28042025,GoogleEarth,true,1,BLOQUE 691,,,ZONAS RESERVADAS CON POTENCIAL - BLOQUE 691,dentro,0.00,1,0,1,LAV0091-13,AREA DE PERFORACIÓN EXPLORATORIA VSM 9 (HUILA - TOLIMA),HOCOL S.A.,poligono,entre_1_y_5_km,2752.57,1,0250,VSM 9,NO APLICA,HOCOL S.A.,EXPLORACION,CONTRATO DE EXPLORACION Y PRODUCCION (E&P)
d5366fa5781436683ac2aed5,2026-10-01T15:44-05:00,2026-10-01T20:44:00Z,2026-10-01,1.86695,-75.84572,MODIS-Aqua,Aqua,MODIS,38.9,19.4,8.2,72 %,D,1,1,true,true,Puntos_de_calor_Colombia_2026-10-01.csv,2026-10-03T21:23:04Z,41,Huila,41770,Suaza,asignado,cache_geometrico,false,0,,,,asignado,244,2.4.4. Mosaico de pastos con espacios naturales,2,24,244,,,,SI,Landsat_2024_mediana_28042025,,false,0,,,,,mas_de_5_km,,0,0,0,,,,,mas_de_5_km,,0,,,,,,
1f589ae1e2dddbe256e199b7,2026-10-01T15:46-05:00,2026-10-01T20:46:00Z,2026-10-01,5.67812,-74.54758,MODIS-Aqua,Aqua,MODIS,43.2,23.9,8,75 %,D,1.13,1.06,true,true,Puntos_de_calor_Colombia_2026-10-01.csv,2026-10-03T21:23:04Z,25,Cundinamarca,25572,Puerto Salgar,asignado,cache_geometrico,false,0,,,,asignado,244,2.4.4. Mosaico de pastos con espacios naturales,2,24,244,,,,SI,Landsat_2024_mediana_28042025,GoogleMaps,false,0,,,,,entre_1_y_5_km,1733.91,8,0,8,LAM0347,BLOQUE DE PERFORACION EXPLORATORIA TOPAZ|EXPLORACIÓN Y DESARROLLO DEL CAMPO TORCAZ|BLOQUE EXPLORATORIO SÍSMICA TORCAZ Y BLOQUE DE PERFORACIÓN EXPLORATORIA TORCAZ,COLOMBIA ENERGY DEVELOPMENT CO|CINCO RANCH PETROLEUM COLOMBIA INC. SUCURSAL COLOMBIA,poligono|punto,dentro,0.00,3,0037|0514|0539,BOCACHICO|VMM 14-1|VMM 65,NO APLICA,ECOPETROL S.A.,PRODUCCION|EXPLORACION,CONTRATO DE ASOCIACION CON ECOPETROL|CONTRATO DE EVALUACION TECNICA ANH
28181a46279618b78a5bd30a,2026-10-01T15:46-05:00,2026-10-01T20:46:00Z,2026-10-01,5.68169,-74.58807,MODIS-Aqua,Aqua,MODIS,40,23.1,5.7,71 %,D,1.12,1.06,true,true,Puntos_de_calor_Colombia_2026-10-01.csv,2026-10-03T21:23:04Z,25,Cundinamarca,25572,Puerto Salgar,asignado,cache_geometrico,false,0,,,,asignado,231,2.3.1. Pastos limpios,2,23,231,,,,SI,Landsat_2024_mediana_28042025,GoogleMaps,false,0,,,,,dentro,0.00,18,0,18,LAM0347|LAM5228|LAM1373|LAM0785|LAM1298|LAM0069,"EXPLORACIÓN Y DESARROLLO DEL CAMPO TORCAZ|BLOQUE EXPLORATORIO SÍSMICA TORCAZ Y BLOQUE DE PERFORACIÓN EXPLORATORIA TORCAZ|REHABILITACIÓN, CONSTRUCCIÓN, MEJORAMIENTO Y OPERACIÓN DEL PROYECTO VIAL DENOMINADO RUTA DEL SOL, SECTOR 2, TRAMOS 1, 5 Y 6, Y OBRAS ANEXAS|LA DORADA - SAN ALBERTO, DOBLE CALZADA LA LIZAMA - LA FORTUNA Y VARIANTE SAN ALBERTO.|VARIANTE DEL PROPANODUCTO GALÁN – CANTIMPLORA, POLIDUCTO GALÁN – SEBASTOPOL.|PE OC ST PRO8 POL12-16 GAL-SAL|OPERACIÓN Y MANTENIMIENTO DEL GASODUCTO CENTRO ORIENTE",CINCO RANCH PETROLEUM COLOMBIA INC. SUCURSAL COLOMBIA|COLOMBIA ENERGY DEVELOPMENT CO|CONCESIONARIA RUTA DEL SOL S.A.S.|INSTITUTO NACIONAL DE VÍAS - INVIAS|ECOPETROL S.A|CENIT S.A.S|TRANSPORTADORA DE GAS INTERNACIONAL TGI SA ESP,poligono|punto|linea,dentro,0.00,1,0037,BOCACHICO,NO APLICA,ECOPETROL S.A.,PRODUCCION,CONTRATO DE ASOCIACION CON ECOPETROL
33d16d0bfc52e9703eeb0f2e,2026-10-01T15:46-05:00,2026-10-01T20:46:00Z,2026-10-01,5.66887,-74.54627,MODIS-Aqua,Aqua,MODIS,47.6,24.2,13.2,79 %,D,1.13,1.06,true,true,Puntos_de_calor_Colombia_2026-10-01.csv,2026-10-03T21:23:04Z,25,Cundinamarca,25572,Puerto Salgar,asignado,cache_geometrico,false,0,,,,asignado,231,2.3.1. Pastos limpios,2,23,231,,,,SI,Landsat_2024_mediana_28042025,GoogleMaps,false,0,,,,,entre_1_y_5_km,1426.12,2,0,2,LAM0347,BLOQUE DE PERFORACION EXPLORATORIA TOPAZ|EXPLORACIÓN Y DESARROLLO DEL CAMPO TORCAZ,COLOMBIA ENERGY DEVELOPMENT CO|CINCO RANCH PETROLEUM COLOMBIA INC. SUCURSAL COLOMBIA,poligono,dentro,0.00,3,0037|0539|0514,BOCACHICO|VMM 65|VMM 14-1,NO APLICA,ECOPETROL S.A.,PRODUCCION|EXPLORACION,CONTRATO DE ASOCIACION CON ECOPETROL|CONTRATO DE EVALUACION TECNICA ANH
f0133fbce7dcb00db50f741f,2026-10-01T15:46-05:00,2026-10-01T20:46:00Z,2026-10-01,7.10386,-74.64071,MODIS-Aqua,Aqua,MODIS,35.1,14.3,6.5,47 %,D,1.16,1.07,true,true,Puntos_de_calor_Colombia_2026-10-01.csv,2026-10-03T21:23:04Z,05,Antioquia,05604,Remedios,asignado,cache_geometrico,false,0,,,,asignado,231,2.3.1. Pastos limpios,2,23,231,,,,SI,Landsat_2024_mediana_28042025,Sentinel_2024_mediana_11042025,false,0,,,,,mas_de_5_km,,0,0,0,,,,,mas_de_5_km,,0,,,,,,
379b4f7e455795423a011d3d,2026-10-02T00:31-05:00,2026-10-02T05:31:00Z,2026-10-02,5.58675,-69.7198,VIIRS-Suomi-NPP,Suomi-NPP,VIIRS,31.8,7.2,1.3,Nominal,N,0.57,0.69,true,false,Puntos_de_calor_Colombia_2026-10-02.csv,2026-10-04T23:58:41Z,99,Vichada,99524,La Primavera,asignado,cache_geometrico,false,0,,,,asignado,321111,3.2.1.1.1.1.  Herbazal denso de tierra firme no arbolado,3,32,321,3211,32111,321111,SI,Landsat_2024_mediana_28042025,GoogleEarth,false,0,,,,,mas_de_5_km,,0,0,0,,,,,mas_de_5_km,,0,,,,,,
4657ea204b13d0ec95d84821,2026-10-02T00:31-05:00,2026-10-02T05:31:00Z,2026-10-02,5.58805,-69.72372,VIIRS-Suomi-NPP,Suomi-NPP,VIIRS,32.7,6.8,2.4,Nominal,N,0.57,0.69,true,false,Puntos_de_calor_Colombia_2026-10-02.csv,2026-10-04T23:58:41Z,99,Vichada,99524,La Primavera,asignado,cache_geometrico,false,0,,,,asignado,321111,3.2.1.1.1.1.  Herbazal denso de tierra firme no arbolado,3,32,321,3211,32111,321111,SI,Landsat_2024_mediana_28042025,GoogleEarth,false,0,,,,,mas_de_5_km,,0,0,0,,,,,mas_de_5_km,,0,,,,,,
4f987c6292053dbf53aff425,2026-10-02T00:31-05:00,2026-10-02T05:31:00Z,2026-10-02,5.58103,-69.72586,VIIRS-Suomi-NPP,Suomi-NPP,VIIRS,40.9,7.2,1.3,Nominal,N,0.57,0.69,true,false,Puntos_de_calor_Colombia_2026-10-02.csv,2026-10-04T23:58:41Z,99,Vichada,99524,La Primavera,asignado,cache_geometrico,false,0,,,,asignado,321111,3.2.1.1.1.1.  Herbazal denso de tierra firme no arbolado,3,32,321,3211,32111,321111,SI,Landsat_2024_mediana_28042025,GoogleEarth,false,0,,,,,mas_de_5_km,,0,0,0,,,,,mas_de_5_km,,0,,,,,,
855cf447d062717332feeff0,2026-10-02T00:31-05:00,2026-10-02T05:31:00Z,2026-10-02,5.58159,-69.72454,VIIRS-Suomi-NPP,Suomi-NPP,VIIRS,51.7,7.2,2.4,Nominal,N,0.57,0.69,true,false,Puntos_de_calor_Colombia_2026-10-02.csv,2026-10-04T23:58:41Z,99,Vichada,99524,La Primavera,asignado,cache_geometrico,false,0,,,,asignado,321111,3.2.1.1.1.1.  Herbazal denso de tierra firme no arbolado,3,32,321,3211,32111,321111,SI,Landsat_2024_mediana_28042025,GoogleEarth,false,0,,,,,mas_de_5_km,,0,0,0,,,,,mas_de_5_km,,0,,,,,,
897d2fda9a6dad96dfba9dc3,2026-10-02T00:31-05:00,2026-10-02T05:31:00Z,2026-10-02,5.58029,-69.72061,VIIRS-Suomi-NPP,Suomi-NPP,VIIRS,31.4,6.8,1.3,Nominal,N,0.57,0.69,true,false,Puntos_de_calor_Colombia_2026-10-02.csv,2026-10-04T23:58:41Z,99,Vichada,99524,La Primavera,asignado,cache_geometrico,false,0,,,,asignado,321111,3.2.1.1.1.1.  Herbazal denso de tierra firme no arbolado,3,32,321,3211,32111,321111,SI,Landsat_2024_mediana_28042025,GoogleEarth,false,0,,,,,mas_de_5_km,,0,0,0,,,,,mas_de_5_km,,0,,,,,,
93c466ed578725e82bfb860f,2026-10-02T00:31-05:00,2026-10-02T05:31:00Z,2026-10-02,5.58749,-69.72507,VIIRS-Suomi-NPP,Suomi-NPP,VIIRS,30.1,7.3,1.3,Nominal,N,0.57,0.69,true,false,Puntos_de_calor_Colombia_2026-10-02.csv,2026-10-04T23:58:41Z,99,Vichada,99524,La Primavera,asignado,cache_geometrico,false,0,,,,asignado,321111,3.2.1.1.1.1.  Herbazal denso de tierra firme no arbolado,3,32,321,3211,32111,321111,SI,Landsat_2024_mediana_28042025,GoogleEarth,false,0,,,,,mas_de_5_km,,0,0,0,,,,,mas_de_5_km,,0,,,,,,
08e50e60080920fbf12f437c,2026-10-02T00:53-05:00,2026-10-02T05:53:00Z,2026-10-02,5.57843,-69.72691,VIIRS-NOAA-20,NOAA-20,VIIRS,32.5,12.6,3.3,Nominal,N,0.41,0.45,true,true,Puntos_de_calor_Colombia_2026-10-02.csv,2026-10-04T23:58:41Z,99,Vichada,99524,La Primavera,asignado,cache_geometrico,false,0,,,,asignado,321111,3.2.1.1.1.1.  Herbazal denso de tierra firme no arbolado,3,32,321,3211,32111,321111,SI,Landsat_2024_mediana_28042025,GoogleEarth,false,0,,,,,mas_de_5_km,,0,0,0,,,,,mas_de_5_km,,0,,,,,,
1278514cd80222598a6048a3,2026-10-02T00:53-05:00,2026-10-02T05:53:00Z,2026-10-02,8.04554,-72.4194,VIIRS-NOAA-20,NOAA-20,VIIRS,34.8,13.5,,Nominal,N,0.34,0.56,true,true,Puntos_de_calor_Colombia_2026-10-02.csv,2026-10-04T23:58:41Z,54,Norte De Santander,54001,San José De Cúcuta,asignado,cache_geometrico,false,0,,,,asignado,315,3.1.5. Plantación forestal,3,31,315,,,,SI,Landsat_2024_mediana_28042025,GoogleEarth,false,0,,,,,hasta_1_km,249.16,1,0,1,LAM4616,AREA DE PERFORACION EXPLORATORIA ORIPAYA,ECOPETROL S.A.,poligono,hasta_1_km,938.85,1,0078,URIBANTE,ORIPAYA,ECOPETROL S.A.,PRODUCCION,CONTRATO DE EXPLORACION Y EXPLOTACION (E&E)
14ec065bad4c4406c0ffdc08,2026-10-02T00:53-05:00,2026-10-02T05:53:00Z,2026-10-02,5.58613,-69.72204,VIIRS-NOAA-20,NOAA-20,VIIRS,64.9,13,3,Nominal,N,0.41,0.45,true,true,Puntos_de_calor_Colombia_2026-10-02.csv,2026-10-04T23:58:41Z,99,Vichada,99524,La Primavera,asignado,cache_geometrico,false,0,,,,asignado,321111,3.2.1.1.1.1.  Herbazal denso de tierra firme no arbolado,3,32,321,3211,32111,321111,SI,Landsat_2024_mediana_28042025,GoogleEarth,false,0,,,,,mas_de_5_km,,0,0,0,,,,,mas_de_5_km,,0,,,,,,
18d1abf3afbe89255014d129,2026-10-02T00:53-05:00,2026-10-02T05:53:00Z,2026-10-02,5.58668,-69.72575,VIIRS-NOAA-20,NOAA-20,VIIRS,29.5,12.8,3,Nominal,N,0.41,0.45,true,true,Puntos_de_calor_Colombia_2026-10-02.csv,2026-10-04T23:58:41Z,99,Vichada,99524,La Primavera,asignado,cache_geometrico,false,0,,,,asignado,321111,3.2.1.1.1.1.  Herbazal denso de tierra firme no arbolado,3,32,321,3211,32111,321111,SI,Landsat_2024_mediana_28042025,GoogleEarth,false,0,,,,,mas_de_5_km,,0,0,0,,,,,mas_de_5_km,,0,,,,,,
2afd08b7105c8a7141ae0795,2026-10-02T00:53-05:00,2026-10-02T05:53:00Z,2026-10-02,5.58557,-69.71834,VIIRS-NOAA-20,NOAA-20,VIIRS,54.7,13.4,4.8,Nominal,N,0.41,0.45,true,true,Puntos_de_calor_Colombia_2026-10-02.csv,2026-10-04T23:58:41Z,99,Vichada,99524,La Primavera,asignado,cache_geometrico,false,0,,,,asignado,321111,3.2.1.1.1.1.  Herbazal denso de tierra firme no arbolado,3,32,321,3211,32111,321111,SI,Landsat_2024_mediana_28042025,GoogleEarth,false,0,,,,,mas_de_5_km,,0,0,0,,,,,mas_de_5_km,,0,,,,,,
4c71971897c775c64ee57ccc,2026-10-02T00:53-05:00,2026-10-02T05:53:00Z,2026-10-02,7.95377,-72.49217,VIIRS-NOAA-20,NOAA-20,VIIRS,36.2,13.2,1.1,Nominal,N,0.34,0.56,true,true,Puntos_de_calor_Colombia_2026-10-02.csv,2026-10-04T23:58:41Z,54,Norte De Santander,54001,San José De Cúcuta,asignado,cache_geometrico,false,0,,,,asignado,131,1.3.1. Zonas de extracción minera,1,13,131,,,,SI,Landsat_2024_mediana_28042025,GoogleEarth,true,1,LIU-08071,(88228406) CESAR FERNANDO LEAL PEÑA,Explotación,"ARCILLA COMUN (CERAMICAS, FERRUGINOSAS, MISCELANEAS)",dentro,0.00,10,0,10,LAM2684|LAM1416|LAM1921|LAM1082|LAM6115|LAM2978|LAM0802,"AREA DE EXPLOTACION CERRITO (MODIFICACION)|ÁREA DE EXPLORACIÓN CERRITO Y POZO DE DESARROLLO CERRITO 2, MUNICIPIO DE SAN JOSÉ DE CÚCUTA|ANILLO VIAL DE CUCUTA - SECTOR VILLA LUZ - EL ESCOBAL|CONSTRUCCIÓN ANILLO VIAL OCCIDENTAL DE CÚCUTA|OLEODUCTO CAÑO LIMÓN-COVEÑAS|AEROPUERTO INTERNACIONAL CAMILO DAZA-CÚCUTA|Aeropuerto Camilo Daza|AREA DE PERFORACION EXPLORATORIA LOS TOCHES",KAPPA RESOURCES COLOMBIA LTDA|PACIFIC STRATUS ENERGY COLOMBIA CORP|INSTITUTO NACIONAL DE VÍAS - INVIAS|CONCESIONARIA SAN SIMÓN S.A.|CENIT S.A.S|AEROPUERTOS DE ORIENTE S.A.S.|Aeronáutica Civil|COPLEX COLOMBIA LIMITED,poligono|punto|linea,dentro,0.00,1,0046,CERRITO,NO APLICA,PETROSOUTH ENERGY CORPORATION,PRODUCCION,CONTRATO DE ASOCIACION CON ECOPETROL
50166446d553ee1ae202a141,2026-10-02T00:53-05:00,2026-10-02T05:53:00Z,2026-10-02,7.89585,-72.56876,VIIRS-NOAA-20,NOAA-20,VIIRS,30.9,11.8,,Nominal,N,0.35,0.56,true,true,Puntos_de_calor_Colombia_2026-10-02.csv,2026-10-04T23:58:41Z,54,Norte De Santander,54001,San José De Cúcuta,asignado,cache_geometrico,false,0,,,,asignado,131,1.3.1. Zonas de extracción minera,1,13,131,,,,SI,Landsat_2024_mediana_28042025,GoogleEarth,true,1,581,(13212436) JESUS MARIA BRICEÑO ARCINIEGAS,Explotación,ARCILLA\ ARENA,dentro,0.00,7,0,7,LAM0802|LAM1082|LAM1921|LAM0077,"AREA DE PERFORACION EXPLORATORIA LOS TOCHES|OLEODUCTO CAÑO LIMÓN-COVEÑAS|CONSTRUCCIÓN DEL ANILLO VIAL OCCIDENTAL DE CÚCUTA|SOLICITUD DE MOD DE LA LICENCIA AMBIENTAL 1249 DE 2002, CEDIDA MEDIANTE LA RES 0649 DE 2009, DEL PROY DE CONSTRUCCIÓN ANILLO VIAL DE CÚCUTA: INTERSECCIÓN TRAMO 2 EL ZULIA CON EL TRAMO 8 ANILLO VIAL|CONSTRUCCIÓN ANILLO VIAL OCCIDENTAL DE CÚCUTA|PERFORACIÓN EXPLORATORIA LOS TOCHES (POZOS RAMPUCHE 1 Y SANTI 1)|CENTRAL TERMOELÉCTRICA DE TASAJERO",COPLEX COLOMBIA LIMITED|CENIT S.A.S|CONCESIONARIA SAN SIMÓN S.A.|CONCESIONARIA SAN SIMÓN S.A|TERMOTASAJERO S.A. E.S.P.,poligono|linea|punto,mas_de_5_km,,0,,,,,,
6855551f8e6cf82888cd3710,2026-10-02T00:53-05:00,2026-10-02T05:53:00Z,2026-10-02,5.582,-69.72263,VIIRS-NOAA-20,NOAA-20,VIIRS,71.7,13.8,3.3,Nominal,N,0.41,0.45,true,true,Puntos_de_calor_Colombia_2026-10-02.csv,2026-10-04T23:58:41Z,99,Vichada,99524,La Primavera,asignado,cache_geometrico,false,0,,,,asignado,321111,3.2.1.1.1.1.  Herbazal denso de tierra firme no arbolado,3,32,321,3211,32111,321111,SI,Landsat_2024_mediana_28042025,GoogleEarth,false,0,,,,,mas_de_5_km,,0,0,0,,,,,mas_de_5_km,,0,,,,,,
a1db8e4536c3c00eec358f8b,2026-10-02T00:53-05:00,2026-10-02T05:53:00Z,2026-10-02,8.08224,-72.59917,VIIRS-NOAA-20,NOAA-20,VIIRS,38,14.6,1.7,Nominal,N,0.35,0.57,true,true,Puntos_de_calor_Colombia_2026-10-02.csv,2026-10-04T23:58:41Z,54,Norte De Santander,54261,El Zulia,asignado,cache_geometrico,false,0,,,,asignado,131,1.3.1. Zonas de extracción minera,1,13,131,,,,SI,Landsat_2024_mediana_28042025,GoogleEarth,false,0,,,,,mas_de_5_km,,0,0,0,,,,,mas_de_5_km,,0,,,,,,
aae70af47398cf2b336aabe0,2026-10-02T00:53-05:00,2026-10-02T05:53:00Z,2026-10-02,5.1911,-69.6969,VIIRS-NOAA-20,NOAA-20,VIIRS,31.9,10.4,,Nominal,N,0.4,0.45,true,true,Puntos_de_calor_Colombia_2026-10-02.csv,2026-10-04T23:58:41Z,99,Vichada,99524,La Primavera,asignado,cache_geometrico,false,0,,,,asignado,321111,3.2.1.1.1.1.  Herbazal denso de tierra firme no arbolado,3,32,321,3211,32111,321111,SI,Landsat_2024_mediana_28042025,IDEAM_puntos_CLC2022_verificacion_campo_2025,false,0,,,,,mas_de_5_km,,0,0,0,,,,,mas_de_5_km,,0,,,,,,
ca7910198ab56456ccccedc5,2026-10-02T00:53-05:00,2026-10-02T05:53:00Z,2026-10-02,8.03522,-72.42057,VIIRS-NOAA-20,NOAA-20,VIIRS,37.9,13.8,,Nominal,N,0.34,0.56,true,true,Puntos_de_calor_Colombia_2026-10-02.csv,2026-10-04T23:58:41Z,54,Norte De Santander,54001,San José De Cúcuta,asignado,cache_geometrico,false,0,,,,asignado,131,1.3.1. Zonas de extracción minera,1,13,131,,,,SI,Landsat_2024_mediana_28042025,GoogleEarth,false,0,,,,,entre_1_y_5_km,1390.19,1,0,1,LAM4616,AREA DE PERFORACION EXPLORATORIA ORIPAYA,ECOPETROL S.A.,poligono,entre_1_y_5_km,1521.76,1,0078,URIBANTE,ORIPAYA,ECOPETROL S.A.,PRODUCCION,CONTRATO DE EXPLORACION Y EXPLOTACION (E&E)
d90f71d48e6e1cd93396c24a,2026-10-02T00:53-05:00,2026-10-02T05:53:00Z,2026-10-02,10.32045,-75.49236,VIIRS-NOAA-20,NOAA-20,VIIRS,47.1,0.7,1.8,Nominal,N,0.59,0.7,true,true,Puntos_de_calor_Colombia_2026-10-02.csv,2026-10-04T23:58:41Z,13,Bolívar,13001,Cartagena De Indias,asignado,cache_geometrico,false,0,,,,asignado,121,1.2.1. Zonas industriales o comerciales,1,12,121,,,,SI,Landsat_2024_mediana_28042025,Sentinel_2024_mediana_11042025,false,0,,,,,dentro,0.00,69,0,69,LAM0761|LAM0862|LAM7829-00|LAM2493|LAM0407|LAM0241|LAM5466|LAV0057-00-2016|LAM7173-00|LAM1441|LAM2745|LAV0045-00-2017|LAV0087-00-2014|LAV0023-00-2015|LAM1458|LAV0003-00-2016|LAV0004-00-2020|LAM0666|LAM7378-00|LAM1581|LAM0712|LAM2145|LAM3207|LAM6824-00|LAM2191|LAV0100-00-2015|LAM1872|LAM3667|LAM2253|LAM2972|LAM4031|LAM6307,"REFINERIA DE CARTAGENA|PLAN MAESTRO DE DESARROLO REFINERÍA DE CARTAGENA|COMBUSTOLEODUCTO AYACUCHO - RETIRO - COVEÑAS|PLANTA DE ABASTO LA CANDELARIA|OPERACION Y EL MANTENIMIENTO DEL POLIDUCTO CARTAGENA BARANOA Y SU INFRAESTRUCTURA ASOCIADA|ADECUACION DE MUELLES DE BOTES REFINERIA ECOPETROL|CONSTRUCCIÓN Y OPERACIÓN GASODUCTO DE LA COSTA ATLÁNTICA, (BALLENA CARTAGENA, BARRANQUILLA), Y CONSTRUCCIÓN DEL LOOP PALOMINO LA MAMI.|SEGUNDA CALZADA GAMBOTE - MAMONAL-VARIANTE CARTAGENA –RUTA DEL CARIBE|Construcción y Operación del ramal a Reficar|OBRAS MENORES EN EL MUELLE PETROLERO DE LA EMPRESA TEXAS PETROLEUM COMPANY, HOY CHEVRON PRETROLEUM COMPANY|CONSTRUCCION Y OPERACION DE TERMINAL PORTUARIO DESTINADO AL MANEJO DE HIDROCARBUROS Y SUS DERIVADOS.|PLATAFORMA MARINA PARA EL RECIBO BASES LUBRICANTES EXXONMOBIL DE COLOMBIA - MAMONAL|GASODUCTO MAMONAL - PAIVA|PUERTO EL CAYAO PARA LA CONSTRUCCIÓN DE UNA TERMINAL DE IMPORTACIÓN, REGASIFICACIÓN, Y POTENCIAL EXPORTACIÓN DE GAS NATURAL LICUADO|CONSTRUCCIÓN Y OPERACIÓN DEL GASODUCTO LOOP SAN MATEO MAMONAL|PLAN MAESTRO DE DESARROLLO REFINERÍA DE CARTAGENA|AMPLIACIÓN Y ENSANCHE DEL MUELLE COLCLINKER, UBICADO EN CARTAGENA-BOLÍVAR|CONSTRUCCIÓN DE LA SEGUNDA LÍNEA BOLÍVAR - CARTAGENA  A 200Kv UPME-05-2012|AMPLIACIÓN DEL TERMINAL PORTUARIO OILTANKING COLOMBIA S.A|Puerto de Mamonal|CONSTRUCCIÓN DE UN TERMINAL DE SERVICIOS PÚBLICOS UBICADO AL MARGEN ORIENTAL DE LA BAHÍA DE CARTAGENA Y CONSTRUCCIÓN DE PISCINAS VERTEDORAS|AMPLIACIÓN DEL TERMINAL PORTUARIO OILTANKING COLOMBIA S.A.|PLANTA PRODUCTORA DE PLAGUICIDAS|PLANTA DE FORMULACIÓN Y EMPAQUES DE PRODUCTOS PARA LA PROTECCIÓN DE CULTIVOS SYNGENTA S.A. – CARTAGENA|FORMULACION DE PLAGUICIDAS AMPLIACIÓN DE LA PLANTA DE DOW|PLAN DE RESTAURACIÓN Y RECUPERACIÓN AMBIENTAL DE LOS  ECOSISTEMAS  DRAGADOS DEL CANAL DEL DIQUE.|Planta de Producción de Bolsas Plásticas Impregnadas de Plaguicidas|ZOOCRIADERO CEIBA ROJA S.A|CONSTRUCCION DE DOS ESTACIONES COMPRESORAS EN CARTAGENA Y JOBO|Estación Compresora Cartagena y Sahagún|CONSTRUCCIÓN DE UN TERMINAL PARA EL MANEJO DE CARGA A GRANEL EN LA BAHÍA DE CARTAGENA SECTOR MAMONAL|PROYECTO TÉRMICO MAMONAL 3.|CENTRAL TERMOELÉCTRICA CARTAGENA|LÍNEA DE TRANSMISIÓN A 230 KV. CIRCUITO SENCILLO SABANALARGA-CARTAGENA|CRUCE SUBACUÁTICO PUNTA IGUANA-GASODUCTO PASACABALLOS-BARÚ|EXPLORACIÓN Y APROPIACIÓN DE MARGAS, ARCILLAS, MINERAL CALIZA, Y YACIMIENTOS CALCÁREOS; EL MANEJO Y ALMACENAMIENTO Y CARGUE DE CARBON LA ACTIVIDAD INDUSTRIAL DE FABRICACIÓN DE CEMENTO.|PROYECTO DISPOSICIÓN DE RESIDUOS DE ORIGEN ANIMAL, PROVENIENTE DE EMPRESAS PROCESADORAS DE PESCADO Y ACTIVIDADES DE ALMACENAMIENTO Y TRATAMIENTO PREVIO DE AGUAS SENTINAS Y ACEITES USADOS",REFINERIA DE CARTAGENA|REFINERIA DE CARTAGENA S.A|ECOPETROL S.A.|PETRÓLEOS DEL MILENIO S. A. S. PETROMIL S.A.S.|PROMIGAS S.A. E.S.P|CONSORCIO VIAL HELIOS|AUTOPISTAS DEL SOL S.A.S|REFINERIA DE CARTAGENA S.A.|LÍNEAS DE CONDUCCIÓN SAS - LINDECON S.A.S|CHEVRON PETROLEUM COMPANY|BIOMAX BIOCOMBUSTIBLES S.A|EXXON MOBIL DE COLOMBIA S.A.|PROMIGAS S.A E.S.P|SOCIEDAD PORTUARIA EL CAYAO S.A E.S.P|CONCRETOS ARGOS S.A.|EMPRESA DE ENERGÍA DE BOGOTÁ – EEB|OILTANKING COLOMBIA S.A|Puerto de Mamonal S.A.|PUERTO DE MAMONAL S.A.|OILTANKING COLOMBIA S.A.|SYNGENTA S.A.|DOW AGROSCIENCES DE COLOMBIA S.A.|CORPORACION AUTONOMA REGIONAL DEL RIO GRANDE DE LA MAGDALENA|POLYBAN INTERNACIONAL S.A.|CEIBA ROJA S.A.|Promigas S.A. E.S.P.|SOCIEDAD PORTUARIA BULLPESA S.A.|TERMOCANDELARIA S.A E.S.P.|EMGESA S.A E.S.P.|INTERCONEXION ELECTRICA S.A. E.S.P. ISA|SURTIGAS S.A E.S.P.|CEMENTOS ARGOS S.A.|CARMAN INTERNACIONAL S.A.S,poligono|linea|punto,entre_1_y_5_km,3795.09,1,0346,SN 15,NO APLICA,HOCOL S.A.,EXPLORACION,CONTRATO DE EXPLORACION Y PRODUCCION (E&P)
df53150be53fddbeb8eacaf7,2026-10-02T00:53-05:00,2026-10-02T05:53:00Z,2026-10-02,5.57788,-69.72322,VIIRS-NOAA-20,NOAA-20,VIIRS,54,13.1,3.3,Nominal,N,0.41,0.45,true,true,Puntos_de_calor_Colombia_2026-10-02.csv,2026-10-04T23:58:41Z,99,Vichada,99524,La Primavera,asignado,cache_geometrico,false,0,,,,asignado,321111,3.2.1.1.1.1.  Herbazal denso de tierra firme no arbolado,3,32,321,3211,32111,321111,SI,Landsat_2024_mediana_28042025,GoogleEarth,false,0,,,,,mas_de_5_km,,0,0,0,,,,,mas_de_5_km,,0,,,,,,
f33ea32443c2016a6d1005a1,2026-10-02T00:53-05:00,2026-10-02T05:53:00Z,2026-10-02,7.95554,-72.49056,VIIRS-NOAA-20,NOAA-20,VIIRS,37.3,13.8,1,Nominal,N,0.34,0.56,true,true,Puntos_de_calor_Colombia_2026-10-02.csv,2026-10-04T23:58:41Z,54,Norte De Santander,54001,San José De Cúcuta,asignado,cache_geometrico,false,0,,,,asignado,131,1.3.1. Zonas de extracción minera,1,13,131,,,,SI,Landsat_2024_mediana_28042025,GoogleEarth,true,1,GIDD-02,(6753316) JAIRO TOMAS YAÑEZ RODRIGUEZ,Explotación,"ARCILLA COMUN (ARCILLA CERAMICA), ARCILLA MISCELANEA, ARCILLAS, ARCILLAS REFRACTARIAS",dentro,0.00,10,0,10,LAM2684|LAM1416|LAM1921|LAM1082|LAM6115|LAM2978|LAM0802,"AREA DE EXPLOTACION CERRITO (MODIFICACION)|ÁREA DE EXPLORACIÓN CERRITO Y POZO DE DESARROLLO CERRITO 2, MUNICIPIO DE SAN JOSÉ DE CÚCUTA|ANILLO VIAL DE CUCUTA - SECTOR VILLA LUZ - EL ESCOBAL|CONSTRUCCIÓN ANILLO VIAL OCCIDENTAL DE CÚCUTA|OLEODUCTO CAÑO LIMÓN-COVEÑAS|AEROPUERTO INTERNACIONAL CAMILO DAZA-CÚCUTA|Aeropuerto Camilo Daza|AREA DE PERFORACION EXPLORATORIA LOS TOCHES",KAPPA RESOURCES COLOMBIA LTDA|PACIFIC STRATUS ENERGY COLOMBIA CORP|INSTITUTO NACIONAL DE VÍAS - INVIAS|CONCESIONARIA SAN SIMÓN S.A.|CENIT S.A.S|AEROPUERTOS DE ORIENTE S.A.S.|Aeronáutica Civil|COPLEX COLOMBIA LIMITED,poligono|punto|linea,dentro,0.00,1,0046,CERRITO,NO APLICA,PETROSOUTH ENERGY CORPORATION,PRODUCCION,CONTRATO DE ASOCIACION CON ECOPETROL
0f7fa8ec18f21f1ec6fc16cb,2026-10-02T01:33-05:00,2026-10-02T06:33:00Z,2026-10-02,10.97718,-72.72596,VIIRS-NOAA-21,NOAA-21,VIIRS,27.1,-0.9,1.2,Nominal,N,0.46,0.39,true,true,Puntos_de_calor_Colombia_2026-10-02.csv,2026-10-04T23:58:41Z,44,La Guajira,44078,Barrancas,asignado,cache_geometrico,false,0,,,,asignado,1313,1.3.1.3. Explotación de carbón,1,13,131,1313,,,SI,Landsat_2024_mediana_28042025,"GoogleEarth, Basemap",true,1,081-91,(8600698042) CARBONES DEL CERREJON - CERREJON CDC C DEL C,Explotación,"ANTRACITA, CARBÓN METALÚRGICO, CARBÓN TÉRMICO",dentro,0.00,14,0,14,LAM0683|LAM1094|LAV0051-00-2021|LAM4538,"BLOQUE EXPLORATORIO PATILLAL NORESTE|PROYECTO MINERO DE EXPLOTACIÓN DE EXPLOTACIÓN DE CARBÓN BLOQUE CENTRAL DEL CERREJÓN ZONA NORTE. MINA EL CERREJÓN (ÁREAS INTEGRADAS).|ÁREA DE PERFORACIÓN EXPLORATORIA DEL RÍO RANCHERÍA POZOS PATILLAL 2,3,4 Y 5|Interconexión Cuestecitas - Copey - Fundación 500/220 mil voltios",DRUMMOND LTD|CARBONES DEL CERREJÓN LTD.|INTERCONEXION ELECTRICA S.A. E.S.P.,poligono|punto|linea,dentro,0.00,2,0040|0380,RIO RANCHERIA|CR 2,NO APLICA,"DRUMMOND ENERGY, INC",EXPLORACION,CONTRATO DE ASOCIACION CON ECOPETROL|CONTRATO DE EXPLORACION Y PRODUCCION (E&P)
10f7feac21f174c7b3e16e58,2026-10-02T01:33-05:00,2026-10-02T06:33:00Z,2026-10-02,11.02894,-72.66118,VIIRS-NOAA-21,NOAA-21,VIIRS,33.4,12.1,1.7,Nominal,N,0.46,0.39,true,true,Puntos_de_calor_Colombia_2026-10-02.csv,2026-10-04T23:58:41Z,44,La Guajira,44078,Barrancas,asignado,cache_geometrico,false,0,,,,asignado,1313,1.3.1.3. Explotación de carbón,1,13,131,1313,,,SI,Landsat_2024_mediana_28042025,"GoogleEarth, Basemap",true,3,00011|GBIJ-02|GHEM-01,(8917024641) COMUNIDAD DE EL CERREJON|(8600698042) CARBONES DEL CERREJON - CERREJON CDC C DEL C|(8300214179) CARBONES COLOMBIANOS DEL CERREJON S.A.,Explotación||,"ANTRACITA, CARBÓN, CARBÓN METALÚRGICO, CARBÓN TÉRMICO|CARBON|CARBON",dentro,0.00,12,0,12,LAM3491|LAM0683|LAM1094,"EXPLOTACIÓN DE CARBÓN A CIELO ABIERTO – MINA CAYPA
EXPLOTACIÓN DE CARBÓN A CIELO ABIERTO – MINA CAYPA|BLOQUE EXPLORATORIO PATILLAL NORESTE|PROYECTO MINERO DE EXPLOTACIÓN DE EXPLOTACIÓN DE CARBÓN BLOQUE CENTRAL DEL CERREJÓN ZONA NORTE. MINA EL CERREJÓN (ÁREAS INTEGRADAS).|ÁREA DE PERFORACIÓN EXPLORATORIA DEL RÍO RANCHERÍA POZOS PATILLAL 2,3,4 Y 5",CARBONES COLOMBIANOS DEL CERREJÓN S.A.S|DRUMMOND LTD|CARBONES DEL CERREJÓN LTD.,poligono|punto,dentro,0.00,2,0040|0380,RIO RANCHERIA|CR 2,NO APLICA,"DRUMMOND ENERGY, INC",EXPLORACION,CONTRATO DE ASOCIACION CON ECOPETROL|CONTRATO DE EXPLORACION Y PRODUCCION (E&P)
40879826236df3ff24948ba8,2026-10-02T01:33-05:00,2026-10-02T06:33:00Z,2026-10-02,11.13463,-72.57446,VIIRS-NOAA-21,NOAA-21,VIIRS,28.5,6.6,1.3,Nominal,N,0.47,0.39,true,true,Puntos_de_calor_Colombia_2026-10-02.csv,2026-10-04T23:58:41Z,44,La Guajira,44035,Albania,asignado,cache_geometrico,false,0,,,,asignado,1313,1.3.1.3. Explotación de carbón,1,13,131,1313,,,SI,Landsat_2024_mediana_28042025,"GoogleEarth, Basemap",true,3,00-1976|00-1976(MT-001)|00-1976(MT-002),(8300780386) CERREJON ZONA NORTE SOCIEDAD ANONIMA - CZN S.A.\ (8600698042) CARBONES DEL CERREJON - CERREJON CDC C DEL C||,Explotación|Explotación|Explotación,"ANTRACITA, ARENAS ARCILLOSAS, ARENAS FELDESPÁTICAS, ARENAS INDUSTRIALES, ARENAS SILICEAS, CARBÓN, CARBÓN METALÚRGICO, CARBÓN TÉRMICO, GRAVAS, RECEBO|ANTRACITA, ARENAS ARCILLOSAS, ARENAS FELDESPÁTICAS, ARENAS INDUSTRIALES, ARENAS SILICEAS, CARBÓN, CARBÓN METALÚRGICO, CARBÓN TÉRMICO, GRAVAS, RECEBO|ANTRACITA, ARENAS ARCILLOSAS, ARENAS FELDESPÁTICAS, ARENAS INDUSTRIALES, ARENAS SILICEAS, CARBÓN, CARBÓN METALÚRGICO, CARBÓN TÉRMICO, GRAVAS, RECEBO",dentro,0.00,16,2,14,LAM0683|LAM1094|LAV0020-00-2022|LAM3256|LAV0033-00-2024|LAV0033-00-2023|LAV0019-00-2025,BLOQUE EXPLORATORIO PATILLAL NORESTE|PROYECTO MINERO DE EXPLOTACIÓN DE EXPLOTACIÓN DE CARBÓN BLOQUE CENTRAL DEL CERREJÓN ZONA NORTE. MINA EL CERREJÓN (ÁREAS INTEGRADAS).|OPERACIÓN Y MANTENIMIENTO DEL GASODUCTO ALBANIA - MAICAO|ÁREA DE PERFORACIÓN EXPLORATORIA CALISTO|LÍNEA ELÉCTRICA DE CONEXIÓN PARQUES EÓLICOS BETA Y ALPHA A SUBESTACIÓN CUESTECITAS|ESTUDIO DE IMPACTO AMBIENTAL SUBESTACION COLECTORA 500kV Y LINEAS DE TRANSMISION COLECTORA CUESTECITAS Y CUESTECITAS LA LOMA 500kV - CONEXIÓN COLECTORA CUESTECITAS|LÍNEA DE TRANSMISIÓN 500 KV DOBLE CIRCUITO – CONEXIÓN PARQUES EÓLICOS CAMELIAS A SUBESTACIÓN CUESTECITAS,DRUMMOND LTD|CARBONES DEL CERREJÓN LTD.|PROMIGAS S.A. E.S.P.|ECOPETROL S.A.|CARBONES DEL CERREJON LIMITED|EOLOS ENERGIA S.A.S. E.S.P.|Grupo Energía Bogotá S.A. ESP|CELSIA COLOMBIA S.A. E.S.P.,poligono|linea,dentro,0.00,1,0040,RIO RANCHERIA,NO APLICA,"DRUMMOND ENERGY, INC",EXPLORACION,CONTRATO DE ASOCIACION CON ECOPETROL
445840b3010adcfced6b1783,2026-10-02T01:33-05:00,2026-10-02T06:33:00Z,2026-10-02,11.03251,-72.66052,VIIRS-NOAA-21,NOAA-21,VIIRS,30,12,1.2,Nominal,N,0.46,0.39,true,true,Puntos_de_calor_Colombia_2026-10-02.csv,2026-10-04T23:58:41Z,44,La Guajira,44078,Barrancas,asignado,cache_geometrico,false,0,,,,asignado,1313,1.3.1.3. Explotación de carbón,1,13,131,1313,,,SI,Landsat_2024_mediana_28042025,"GoogleEarth, Basemap",true,3,00011|GBIJ-02|GHEM-01,(8917024641) COMUNIDAD DE EL CERREJON|(8600698042) CARBONES DEL CERREJON - CERREJON CDC C DEL C|(8300214179) CARBONES COLOMBIANOS DEL CERREJON S.A.,Explotación||,"ANTRACITA, CARBÓN, CARBÓN METALÚRGICO, CARBÓN TÉRMICO|CARBON|CARBON",dentro,0.00,13,0,13,LAM3491|LAM0683|LAM1094,"EXPLOTACIÓN DE CARBÓN A CIELO ABIERTO – MINA CAYPA
EXPLOTACIÓN DE CARBÓN A CIELO ABIERTO – MINA CAYPA|BLOQUE EXPLORATORIO PATILLAL NORESTE|PROYECTO MINERO DE EXPLOTACIÓN DE EXPLOTACIÓN DE CARBÓN BLOQUE CENTRAL DEL CERREJÓN ZONA NORTE. MINA EL CERREJÓN (ÁREAS INTEGRADAS).|ÁREA DE PERFORACIÓN EXPLORATORIA DEL RÍO RANCHERÍA POZOS PATILLAL 2,3,4 Y 5",CARBONES COLOMBIANOS DEL CERREJÓN S.A.S|DRUMMOND LTD|CARBONES DEL CERREJÓN LTD.,poligono|punto,dentro,0.00,2,0040|0380,RIO RANCHERIA|CR 2,NO APLICA,"DRUMMOND ENERGY, INC",EXPLORACION,CONTRATO DE ASOCIACION CON ECOPETROL|CONTRATO DE EXPLORACION Y PRODUCCION (E&P)
6e93898d7eb0d556c44fd082,2026-10-02T01:33-05:00,2026-10-02T06:33:00Z,2026-10-02,11.07899,-72.68311,VIIRS-NOAA-21,NOAA-21,VIIRS,30.4,11.4,1.3,Nominal,N,0.46,0.39,true,true,Puntos_de_calor_Colombia_2026-10-02.csv,2026-10-04T23:58:41Z,44,La Guajira,44078,Barrancas,asignado,cache_geometrico,false,0,,,,asignado,1313,1.3.1.3. Explotación de carbón,1,13,131,1313,,,SI,Landsat_2024_mediana_28042025,"GoogleEarth, Basemap",true,4,00-1976|00-1976(MT-001)|00-1976(MT-002)|00-1976_2,(8300780386) CERREJON ZONA NORTE SOCIEDAD ANONIMA - CZN S.A.\ (8600698042) CARBONES DEL CERREJON - CERREJON CDC C DEL C|||,Explotación|Explotación|Explotación|,"ANTRACITA, ARENAS ARCILLOSAS, ARENAS FELDESPÁTICAS, ARENAS INDUSTRIALES, ARENAS SILICEAS, CARBÓN, CARBÓN METALÚRGICO, CARBÓN TÉRMICO, GRAVAS, RECEBO|ANTRACITA, ARENAS ARCILLOSAS, ARENAS FELDESPÁTICAS, ARENAS INDUSTRIALES, ARENAS SILICEAS, CARBÓN, CARBÓN METALÚRGICO, CARBÓN TÉRMICO, GRAVAS, RECEBO|ANTRACITA, ARENAS ARCILLOSAS, ARENAS FELDESPÁTICAS, ARENAS INDUSTRIALES, ARENAS SILICEAS, CARBÓN, CARBÓN METALÚRGICO, CARBÓN TÉRMICO, GRAVAS, RECEBO|",dentro,0.00,13,0,13,LAM1094|LAM0683|LAV0051-00-2021|LAM3491|LAM0034,"PROYECTO MINERO DE EXPLOTACIÓN DE EXPLOTACIÓN DE CARBÓN BLOQUE CENTRAL DEL CERREJÓN ZONA NORTE. MINA EL CERREJÓN (ÁREAS INTEGRADAS).|BLOQUE EXPLORATORIO PATILLAL NORESTE|ÁREA DE PERFORACIÓN EXPLORATORIA DEL RÍO RANCHERÍA POZOS PATILLAL 2,3,4 Y 5|Interconexión Cuestecitas - Copey - Fundación 500/220 mil voltios|EXPLOTACIÓN DE CARBÓN A CIELO ABIERTO – MINA CAYPA
EXPLOTACIÓN DE CARBÓN A CIELO ABIERTO – MINA CAYPA|GASODUCTO BALLENAS BARRANCABERMEJA",CARBONES DEL CERREJÓN LTD.|DRUMMOND LTD|INTERCONEXION ELECTRICA S.A. E.S.P.|CARBONES COLOMBIANOS DEL CERREJÓN S.A.S|TRANSPORTADORA DE GAS INTERNACIONAL S.A. E.S.P. - TGI S.A. E.S.P.,poligono|punto|linea,hasta_1_km,675.23,1,0040,RIO RANCHERIA,NO APLICA,"DRUMMOND ENERGY, INC",EXPLORACION,CONTRATO DE ASOCIACION CON ECOPETROL
0a11f028469ea1246bf3b36b,2026-10-02T01:35-05:00,2026-10-02T06:35:00Z,2026-10-02,10.31985,-75.48917,VIIRS-NOAA-21,NOAA-21,VIIRS,36.3,14.1,1.8,Nominal,N,0.39,0.36,true,true,Puntos_de_calor_Colombia_2026-10-02.csv,2026-10-04T23:58:41Z,13,Bolívar,13001,Cartagena De Indias,asignado,cache_geometrico,false,0,,,,asignado,121,1.2.1. Zonas industriales o comerciales,1,12,121,,,,SI,Landsat_2024_mediana_28042025,Sentinel_2024_mediana_11042025,false,0,,,,,dentro,0.00,69,0,69,LAM0761|LAM7829-00|LAM0862|LAM0241|LAM5466|LAM2493|LAV0057-00-2016|LAV0045-00-2017|LAM0407|LAM7173-00|LAM1441|LAM2745|LAV0087-00-2014|LAV0023-00-2015|LAV0003-00-2016|LAM1458|LAV0004-00-2020|LAM0666|LAM7378-00|LAM1581|LAM0712|LAM6824-00|LAM2191|LAM3207|LAM2145|LAM1872|LAV0100-00-2015|LAM4031|LAM2253|LAM3667|LAM2972|LAM6307,"REFINERIA DE CARTAGENA|PLAN MAESTRO DE DESARROLO REFINERÍA DE CARTAGENA|PLANTA DE ABASTO LA CANDELARIA|COMBUSTOLEODUCTO AYACUCHO - RETIRO - COVEÑAS|CONSTRUCCIÓN Y OPERACIÓN GASODUCTO DE LA COSTA ATLÁNTICA, (BALLENA CARTAGENA, BARRANQUILLA), Y CONSTRUCCIÓN DEL LOOP PALOMINO LA MAMI.|SEGUNDA CALZADA GAMBOTE - MAMONAL-VARIANTE CARTAGENA –RUTA DEL CARIBE|OPERACION Y EL MANTENIMIENTO DEL POLIDUCTO CARTAGENA BARANOA Y SU INFRAESTRUCTURA ASOCIADA|Construcción y Operación del ramal a Reficar|GASODUCTO MAMONAL - PAIVA|ADECUACION DE MUELLES DE BOTES REFINERIA ECOPETROL|OBRAS MENORES EN EL MUELLE PETROLERO DE LA EMPRESA TEXAS PETROLEUM COMPANY, HOY CHEVRON PRETROLEUM COMPANY|CONSTRUCCION Y OPERACION DE TERMINAL PORTUARIO DESTINADO AL MANEJO DE HIDROCARBUROS Y SUS DERIVADOS.|PLATAFORMA MARINA PARA EL RECIBO BASES LUBRICANTES EXXONMOBIL DE COLOMBIA - MAMONAL|PUERTO EL CAYAO PARA LA CONSTRUCCIÓN DE UNA TERMINAL DE IMPORTACIÓN, REGASIFICACIÓN, Y POTENCIAL EXPORTACIÓN DE GAS NATURAL LICUADO|CONSTRUCCIÓN Y OPERACIÓN DEL GASODUCTO LOOP SAN MATEO MAMONAL|PLAN MAESTRO DE DESARROLLO REFINERÍA DE CARTAGENA|CONSTRUCCIÓN DE LA SEGUNDA LÍNEA BOLÍVAR - CARTAGENA  A 200Kv UPME-05-2012|AMPLIACIÓN Y ENSANCHE DEL MUELLE COLCLINKER, UBICADO EN CARTAGENA-BOLÍVAR|AMPLIACIÓN DEL TERMINAL PORTUARIO OILTANKING COLOMBIA S.A|Puerto de Mamonal|CONSTRUCCIÓN DE UN TERMINAL DE SERVICIOS PÚBLICOS UBICADO AL MARGEN ORIENTAL DE LA BAHÍA DE CARTAGENA Y CONSTRUCCIÓN DE PISCINAS VERTEDORAS|AMPLIACIÓN DEL TERMINAL PORTUARIO OILTANKING COLOMBIA S.A.|PLANTA PRODUCTORA DE PLAGUICIDAS|PLANTA DE FORMULACIÓN Y EMPAQUES DE PRODUCTOS PARA LA PROTECCIÓN DE CULTIVOS SYNGENTA S.A. – CARTAGENA|FORMULACION DE PLAGUICIDAS AMPLIACIÓN DE LA PLANTA DE DOW|ZOOCRIADERO CEIBA ROJA S.A|CONSTRUCCION DE DOS ESTACIONES COMPRESORAS EN CARTAGENA Y JOBO|Estación Compresora Cartagena y Sahagún|Planta de Producción de Bolsas Plásticas Impregnadas de Plaguicidas|PLAN DE RESTAURACIÓN Y RECUPERACIÓN AMBIENTAL DE LOS  ECOSISTEMAS  DRAGADOS DEL CANAL DEL DIQUE.|PROYECTO TÉRMICO MAMONAL 3.|CONSTRUCCIÓN DE UN TERMINAL PARA EL MANEJO DE CARGA A GRANEL EN LA BAHÍA DE CARTAGENA SECTOR MAMONAL|EXPLORACIÓN Y APROPIACIÓN DE MARGAS, ARCILLAS, MINERAL CALIZA, Y YACIMIENTOS CALCÁREOS; EL MANEJO Y ALMACENAMIENTO Y CARGUE DE CARBON LA ACTIVIDAD INDUSTRIAL DE FABRICACIÓN DE CEMENTO.|LÍNEA DE TRANSMISIÓN A 230 KV. CIRCUITO SENCILLO SABANALARGA-CARTAGENA|CENTRAL TERMOELÉCTRICA CARTAGENA|CRUCE SUBACUÁTICO PUNTA IGUANA-GASODUCTO PASACABALLOS-BARÚ|PROYECTO DISPOSICIÓN DE RESIDUOS DE ORIGEN ANIMAL, PROVENIENTE DE EMPRESAS PROCESADORAS DE PESCADO Y ACTIVIDADES DE ALMACENAMIENTO Y TRATAMIENTO PREVIO DE AGUAS SENTINAS Y ACEITES USADOS",REFINERIA DE CARTAGENA|REFINERIA DE CARTAGENA S.A|PETRÓLEOS DEL MILENIO S. A. S. PETROMIL S.A.S.|ECOPETROL S.A.|PROMIGAS S.A. E.S.P|CONSORCIO VIAL HELIOS|AUTOPISTAS DEL SOL S.A.S|LÍNEAS DE CONDUCCIÓN SAS - LINDECON S.A.S|PROMIGAS S.A E.S.P|REFINERIA DE CARTAGENA S.A.|CHEVRON PETROLEUM COMPANY|BIOMAX BIOCOMBUSTIBLES S.A|EXXON MOBIL DE COLOMBIA S.A.|SOCIEDAD PORTUARIA EL CAYAO S.A E.S.P|EMPRESA DE ENERGÍA DE BOGOTÁ – EEB|CONCRETOS ARGOS S.A.|OILTANKING COLOMBIA S.A|Puerto de Mamonal S.A.|PUERTO DE MAMONAL S.A.|OILTANKING COLOMBIA S.A.|SYNGENTA S.A.|DOW AGROSCIENCES DE COLOMBIA S.A.|CEIBA ROJA S.A.|Promigas S.A. E.S.P.|POLYBAN INTERNACIONAL S.A.|CORPORACION AUTONOMA REGIONAL DEL RIO GRANDE DE LA MAGDALENA|TERMOCANDELARIA S.A E.S.P.|SOCIEDAD PORTUARIA BULLPESA S.A.|CEMENTOS ARGOS S.A.|INTERCONEXION ELECTRICA S.A. E.S.P. ISA|EMGESA S.A E.S.P.|SURTIGAS S.A E.S.P.|CARMAN INTERNACIONAL S.A.S,poligono|linea|punto,entre_1_y_5_km,3501.73,1,0346,SN 15,NO APLICA,HOCOL S.A.,EXPLORACION,CONTRATO DE EXPLORACION Y PRODUCCION (E&P)
11612bd84644f7c77d1c169e,2026-10-02T01:35-05:00,2026-10-02T06:35:00Z,2026-10-02,10.3193,-75.48567,VIIRS-NOAA-21,NOAA-21,VIIRS,45.2,13.9,1.7,Nominal,N,0.39,0.36,true,true,Puntos_de_calor_Colombia_2026-10-02.csv,2026-10-04T23:58:41Z,13,Bolívar,13001,Cartagena De Indias,asignado,cache_geometrico,false,0,,,,asignado,121,1.2.1. Zonas industriales o comerciales,1,12,121,,,,SI,Landsat_2024_mediana_28042025,Sentinel_2024_mediana_11042025,false,0,,,,,dentro,0.00,69,0,69,LAM0761|LAM0241|LAM5466|LAM7829-00|LAM0862|LAV0045-00-2017|LAV0057-00-2016|LAM2493|LAM0407|LAM7173-00|LAM2745|LAM1441|LAV0087-00-2014|LAV0023-00-2015|LAV0003-00-2016|LAM0666|LAM1458|LAV0004-00-2020|LAM7378-00|LAM6824-00|LAM1581|LAM0712|LAM2191|LAM3207|LAM4031|LAM2145|LAM1872|LAV0100-00-2015|LAM2253|LAM6307|LAM3667|LAM2972,"REFINERIA DE CARTAGENA|PLAN MAESTRO DE DESARROLO REFINERÍA DE CARTAGENA|CONSTRUCCIÓN Y OPERACIÓN GASODUCTO DE LA COSTA ATLÁNTICA, (BALLENA CARTAGENA, BARRANQUILLA), Y CONSTRUCCIÓN DEL LOOP PALOMINO LA MAMI.|SEGUNDA CALZADA GAMBOTE - MAMONAL-VARIANTE CARTAGENA –RUTA DEL CARIBE|PLANTA DE ABASTO LA CANDELARIA|COMBUSTOLEODUCTO AYACUCHO - RETIRO - COVEÑAS|GASODUCTO MAMONAL - PAIVA|Construcción y Operación del ramal a Reficar|OPERACION Y EL MANTENIMIENTO DEL POLIDUCTO CARTAGENA BARANOA Y SU INFRAESTRUCTURA ASOCIADA|ADECUACION DE MUELLES DE BOTES REFINERIA ECOPETROL|OBRAS MENORES EN EL MUELLE PETROLERO DE LA EMPRESA TEXAS PETROLEUM COMPANY, HOY CHEVRON PRETROLEUM COMPANY|PLATAFORMA MARINA PARA EL RECIBO BASES LUBRICANTES EXXONMOBIL DE COLOMBIA - MAMONAL|CONSTRUCCION Y OPERACION DE TERMINAL PORTUARIO DESTINADO AL MANEJO DE HIDROCARBUROS Y SUS DERIVADOS.|PUERTO EL CAYAO PARA LA CONSTRUCCIÓN DE UNA TERMINAL DE IMPORTACIÓN, REGASIFICACIÓN, Y POTENCIAL EXPORTACIÓN DE GAS NATURAL LICUADO|CONSTRUCCIÓN Y OPERACIÓN DEL GASODUCTO LOOP SAN MATEO MAMONAL|PLAN MAESTRO DE DESARROLLO REFINERÍA DE CARTAGENA|CONSTRUCCIÓN DE LA SEGUNDA LÍNEA BOLÍVAR - CARTAGENA  A 200Kv UPME-05-2012|Puerto de Mamonal|CONSTRUCCIÓN DE UN TERMINAL DE SERVICIOS PÚBLICOS UBICADO AL MARGEN ORIENTAL DE LA BAHÍA DE CARTAGENA Y CONSTRUCCIÓN DE PISCINAS VERTEDORAS|AMPLIACIÓN Y ENSANCHE DEL MUELLE COLCLINKER, UBICADO EN CARTAGENA-BOLÍVAR|AMPLIACIÓN DEL TERMINAL PORTUARIO OILTANKING COLOMBIA S.A|AMPLIACIÓN DEL TERMINAL PORTUARIO OILTANKING COLOMBIA S.A.|ZOOCRIADERO CEIBA ROJA S.A|PLANTA PRODUCTORA DE PLAGUICIDAS|PLANTA DE FORMULACIÓN Y EMPAQUES DE PRODUCTOS PARA LA PROTECCIÓN DE CULTIVOS SYNGENTA S.A. – CARTAGENA|FORMULACION DE PLAGUICIDAS AMPLIACIÓN DE LA PLANTA DE DOW|CONSTRUCCION DE DOS ESTACIONES COMPRESORAS EN CARTAGENA Y JOBO|Estación Compresora Cartagena y Sahagún|Planta de Producción de Bolsas Plásticas Impregnadas de Plaguicidas|EXPLORACIÓN Y APROPIACIÓN DE MARGAS, ARCILLAS, MINERAL CALIZA, Y YACIMIENTOS CALCÁREOS; EL MANEJO Y ALMACENAMIENTO Y CARGUE DE CARBON LA ACTIVIDAD INDUSTRIAL DE FABRICACIÓN DE CEMENTO.|PLAN DE RESTAURACIÓN Y RECUPERACIÓN AMBIENTAL DE LOS  ECOSISTEMAS  DRAGADOS DEL CANAL DEL DIQUE.|PROYECTO TÉRMICO MAMONAL 3.|CONSTRUCCIÓN DE UN TERMINAL PARA EL MANEJO DE CARGA A GRANEL EN LA BAHÍA DE CARTAGENA SECTOR MAMONAL|LÍNEA DE TRANSMISIÓN A 230 KV. CIRCUITO SENCILLO SABANALARGA-CARTAGENA|PROYECTO DISPOSICIÓN DE RESIDUOS DE ORIGEN ANIMAL, PROVENIENTE DE EMPRESAS PROCESADORAS DE PESCADO Y ACTIVIDADES DE ALMACENAMIENTO Y TRATAMIENTO PREVIO DE AGUAS SENTINAS Y ACEITES USADOS|CENTRAL TERMOELÉCTRICA CARTAGENA|CRUCE SUBACUÁTICO PUNTA IGUANA-GASODUCTO PASACABALLOS-BARÚ",REFINERIA DE CARTAGENA|REFINERIA DE CARTAGENA S.A|PROMIGAS S.A. E.S.P|CONSORCIO VIAL HELIOS|AUTOPISTAS DEL SOL S.A.S|PETRÓLEOS DEL MILENIO S. A. S. PETROMIL S.A.S.|ECOPETROL S.A.|PROMIGAS S.A E.S.P|LÍNEAS DE CONDUCCIÓN SAS - LINDECON S.A.S|REFINERIA DE CARTAGENA S.A.|CHEVRON PETROLEUM COMPANY|EXXON MOBIL DE COLOMBIA S.A.|BIOMAX BIOCOMBUSTIBLES S.A|SOCIEDAD PORTUARIA EL CAYAO S.A E.S.P|EMPRESA DE ENERGÍA DE BOGOTÁ – EEB|Puerto de Mamonal S.A.|PUERTO DE MAMONAL S.A.|CONCRETOS ARGOS S.A.|OILTANKING COLOMBIA S.A|OILTANKING COLOMBIA S.A.|CEIBA ROJA S.A.|SYNGENTA S.A.|DOW AGROSCIENCES DE COLOMBIA S.A.|Promigas S.A. E.S.P.|POLYBAN INTERNACIONAL S.A.|CEMENTOS ARGOS S.A.|CORPORACION AUTONOMA REGIONAL DEL RIO GRANDE DE LA MAGDALENA|TERMOCANDELARIA S.A E.S.P.|SOCIEDAD PORTUARIA BULLPESA S.A.|INTERCONEXION ELECTRICA S.A. E.S.P. ISA|CARMAN INTERNACIONAL S.A.S|EMGESA S.A E.S.P.|SURTIGAS S.A E.S.P.,poligono|linea|punto,entre_1_y_5_km,3188.60,1,0346,SN 15,NO APLICA,HOCOL S.A.,EXPLORACION,CONTRATO DE EXPLORACION Y PRODUCCION (E&P)
207af9d6c337f076bf8c1aef,2026-10-02T01:35-05:00,2026-10-02T06:35:00Z,2026-10-02,9.75923,-73.47208,VIIRS-NOAA-21,NOAA-21,VIIRS,31.6,14.3,3.7,Nominal,N,0.44,0.38,true,true,Puntos_de_calor_Colombia_2026-10-02.csv,2026-10-04T23:58:41Z,20,Cesar,20045,Becerril,asignado,cache_geometrico,false,0,,,,asignado,1313,1.3.1.3. Explotación de carbón,1,13,131,1313,,,SI,Landsat_2024_mediana_28042025,,true,1,144-97,(8000213085) DRUMMOND LTDA.\ (8300377743) DRUMMOND COAL MINING L L C,Explotación,"ANTRACITA, CARBÓN METALÚRGICO, CARBÓN TÉRMICO",dentro,0.00,14,0,14,LAM3271|LAM3308,"EXPLOTACIÓN CARBONÍFERA DESCANSO NORTE|EXPLOTACIÓN MINERA EN LAS ÁREAS DE LOS CONTRATOS 144/97 ""EL DESCANSO"", 283/95 ""SIMILOA"" Y 284/95 ""RINCÓN HONDO"".|EXPLORACIÓN DE HIDROCARBUROS (GAS Y PETRÓLEO) Y GAS METANO ASOCIADO A CARBON DENOMINADO LA LOMA",DRUMMOND LTDA.|DRUMMOND LTD.|DRUMMOND LTD,poligono,dentro,0.00,3,0372|0379|0075,CR 4|LA LOMA ADICIONAL|LA LOMA,NO APLICA|PAUJIL-CANARIO|LA LOMA,"DRUMMOND ENERGY, INC",EXPLORACION|EVALUACION|PRODUCCION,CONTRATO DE EXPLORACION Y PRODUCCION (E&P)|CONTRATO DE EXPLORACION Y EXPLOTACION (E&E)
2f0b263633ef789d2addbe4a,2026-10-02T01:35-05:00,2026-10-02T06:35:00Z,2026-10-02,9.58166,-74.52872,VIIRS-NOAA-21,NOAA-21,VIIRS,36.5,15.4,2.1,Nominal,N,0.41,0.37,true,true,Puntos_de_calor_Colombia_2026-10-02.csv,2026-10-04T23:58:41Z,47,Magdalena,47555,Plato,asignado,cache_geometrico,false,0,,,,asignado,3232,3.2.3.2. Vegetación secundaria baja,3,32,323,3232,,,SI,Landsat_2024_mediana_28042025,,false,0,,,,,dentro,0.00,2,0,2,LAM5327,BLOQUE EXPLORATORIO SSJN-5-AMI-1|BLOQUE EXPLORATORIO SSJN-5,SK INNOVATION CO LTD.,poligono,entre_1_y_5_km,3152.23,1,0720,VIM 22,NO APLICA,FRONTERA ENERGY COLOMBIA CORP.,EXPLORACION,CONTRATO DE EXPLORACION Y PRODUCCION (E&P)
4cc061eb7364e03d7f0b1834,2026-10-02T01:35-05:00,2026-10-02T06:35:00Z,2026-10-02,9.76338,-73.47546,VIIRS-NOAA-21,NOAA-21,VIIRS,39.6,13.6,4.1,Nominal,N,0.44,0.38,true,true,Puntos_de_calor_Colombia_2026-10-02.csv,2026-10-04T23:58:41Z,20,Cesar,20013,Agustín Codazzi,asignado,cache_geometrico,false,0,,,,asignado,1313,1.3.1.3. Explotación de carbón,1,13,131,1313,,,SI,Landsat_2024_mediana_28042025,,true,1,144-97,(8000213085) DRUMMOND LTDA.\ (8300377743) DRUMMOND COAL MINING L L C,Explotación,"ANTRACITA, CARBÓN METALÚRGICO, CARBÓN TÉRMICO",dentro,0.00,14,0,14,LAM3271|LAM3308,"EXPLOTACIÓN CARBONÍFERA DESCANSO NORTE|EXPLOTACIÓN MINERA EN LAS ÁREAS DE LOS CONTRATOS 144/97 ""EL DESCANSO"", 283/95 ""SIMILOA"" Y 284/95 ""RINCÓN HONDO"".|EXPLORACIÓN DE HIDROCARBUROS (GAS Y PETRÓLEO) Y GAS METANO ASOCIADO A CARBON DENOMINADO LA LOMA",DRUMMOND LTDA.|DRUMMOND LTD.|DRUMMOND LTD,poligono,dentro,0.00,3,0372|0379|0075,CR 4|LA LOMA ADICIONAL|LA LOMA,NO APLICA|PAUJIL-CANARIO|LA LOMA,"DRUMMOND ENERGY, INC",EXPLORACION|EVALUACION|PRODUCCION,CONTRATO DE EXPLORACION Y PRODUCCION (E&P)|CONTRATO DE EXPLORACION Y EXPLOTACION (E&E)
9bc5a3f06ac4d09e753528c3,2026-10-02T01:35-05:00,2026-10-02T06:35:00Z,2026-10-02,5.58604,-69.7197,VIIRS-NOAA-21,NOAA-21,VIIRS,39,10,3.3,Nominal,N,0.56,0.52,true,true,Puntos_de_calor_Colombia_2026-10-02.csv,2026-10-04T23:58:41Z,99,Vichada,99524,La Primavera,asignado,cache_geometrico,false,0,,,,asignado,321111,3.2.1.1.1.1.  Herbazal denso de tierra firme no arbolado,3,32,321,3211,32111,321111,SI,Landsat_2024_mediana_28042025,GoogleEarth,false,0,,,,,mas_de_5_km,,0,0,0,,,,,mas_de_5_km,,0,,,,,,
be577a37143edf07c1fdc70d,2026-10-02T01:35-05:00,2026-10-02T06:35:00Z,2026-10-02,5.58135,-69.72057,VIIRS-NOAA-21,NOAA-21,VIIRS,31.5,10.3,3.3,Nominal,N,0.56,0.52,true,true,Puntos_de_calor_Colombia_2026-10-02.csv,2026-10-04T23:58:41Z,99,Vichada,99524,La Primavera,asignado,cache_geometrico,false,0,,,,asignado,321111,3.2.1.1.1.1.  Herbazal denso de tierra firme no arbolado,3,32,321,3211,32111,321111,SI,Landsat_2024_mediana_28042025,GoogleEarth,false,0,,,,,mas_de_5_km,,0,0,0,,,,,mas_de_5_km,,0,,,,,,
f0dc2410c84e86d7bf8ba767,2026-10-02T01:35-05:00,2026-10-02T06:35:00Z,2026-10-02,5.58518,-69.71469,VIIRS-NOAA-21,NOAA-21,VIIRS,50.5,10.5,3.3,Nominal,N,0.56,0.52,true,true,Puntos_de_calor_Colombia_2026-10-02.csv,2026-10-04T23:58:41Z,99,Vichada,99524,La Primavera,asignado,cache_geometrico,false,0,,,,asignado,321111,3.2.1.1.1.1.  Herbazal denso de tierra firme no arbolado,3,32,321,3211,32111,321111,SI,Landsat_2024_mediana_28042025,GoogleEarth,false,0,,,,,mas_de_5_km,,0,0,0,,,,,mas_de_5_km,,0,,,,,,
58835fbe7592f1ad7c131319,2026-10-02T02:12-05:00,2026-10-02T07:12:00Z,2026-10-02,9.76139,-73.4734,VIIRS-Suomi-NPP,Suomi-NPP,VIIRS,37.9,12.3,1.6,Nominal,N,0.34,0.56,true,false,Puntos_de_calor_Colombia_2026-10-02.csv,2026-10-04T23:58:41Z,20,Cesar,20013,Agustín Codazzi,asignado,cache_geometrico,false,0,,,,asignado,1313,1.3.1.3. Explotación de carbón,1,13,131,1313,,,SI,Landsat_2024_mediana_28042025,,true,1,144-97,(8000213085) DRUMMOND LTDA.\ (8300377743) DRUMMOND COAL MINING L L C,Explotación,"ANTRACITA, CARBÓN METALÚRGICO, CARBÓN TÉRMICO",dentro,0.00,14,0,14,LAM3271|LAM3308,"EXPLOTACIÓN CARBONÍFERA DESCANSO NORTE|EXPLOTACIÓN MINERA EN LAS ÁREAS DE LOS CONTRATOS 144/97 ""EL DESCANSO"", 283/95 ""SIMILOA"" Y 284/95 ""RINCÓN HONDO"".|EXPLORACIÓN DE HIDROCARBUROS (GAS Y PETRÓLEO) Y GAS METANO ASOCIADO A CARBON DENOMINADO LA LOMA",DRUMMOND LTDA.|DRUMMOND LTD.|DRUMMOND LTD,poligono,dentro,0.00,3,0372|0379|0075,CR 4|LA LOMA ADICIONAL|LA LOMA,NO APLICA|PAUJIL-CANARIO|LA LOMA,"DRUMMOND ENERGY, INC",EXPLORACION|EVALUACION|PRODUCCION,CONTRATO DE EXPLORACION Y PRODUCCION (E&P)|CONTRATO DE EXPLORACION Y EXPLOTACION (E&E)
6ff8da900049fd00d2b5fa74,2026-10-02T02:12-05:00,2026-10-02T07:12:00Z,2026-10-02,9.74432,-73.49586,VIIRS-Suomi-NPP,Suomi-NPP,VIIRS,33.4,13.1,1.2,Nominal,N,0.34,0.56,true,false,Puntos_de_calor_Colombia_2026-10-02.csv,2026-10-04T23:58:41Z,20,Cesar,20013,Agustín Codazzi,asignado,cache_geometrico,false,0,,,,asignado,1313,1.3.1.3. Explotación de carbón,1,13,131,1313,,,SI,Landsat_2024_mediana_28042025,,true,1,144-97,(8000213085) DRUMMOND LTDA.\ (8300377743) DRUMMOND COAL MINING L L C,Explotación,"ANTRACITA, CARBÓN METALÚRGICO, CARBÓN TÉRMICO",dentro,0.00,15,0,15,LAM3271|LAM3308|LAM2622|LAM1321,"EXPLOTACIÓN CARBONÍFERA DESCANSO NORTE|EXPLOTACIÓN MINERA EN LAS ÁREAS DE LOS CONTRATOS 144/97 ""EL DESCANSO"", 283/95 ""SIMILOA"" Y 284/95 ""RINCÓN HONDO"".|EXPLORACIÓN DE HIDROCARBUROS (GAS Y PETRÓLEO) Y GAS METANO ASOCIADO A CARBON DENOMINADO LA LOMA|Proyecto Carbonífero Calenturitas|BLOQUE DE PERFORACION EXPLORATORIA MARACAS",DRUMMOND LTDA.|DRUMMOND LTD.|DRUMMOND LTD|Sociedad C.I. Prodeco S.A|TEXICAN OIL LTD,poligono,dentro,0.00,3,0372|0379|0075,CR 4|LA LOMA ADICIONAL|LA LOMA,NO APLICA|PAUJIL-CANARIO|LA LOMA,"DRUMMOND ENERGY, INC",EXPLORACION|EVALUACION|PRODUCCION,CONTRATO DE EXPLORACION Y PRODUCCION (E&P)|CONTRATO DE EXPLORACION Y EXPLOTACION (E&E)
8846b584f20d6d95ee136bcc,2026-10-02T02:12-05:00,2026-10-02T07:12:00Z,2026-10-02,10.97417,-72.72663,VIIRS-Suomi-NPP,Suomi-NPP,VIIRS,33.7,3.2,1,Nominal,N,0.36,0.57,true,false,Puntos_de_calor_Colombia_2026-10-02.csv,2026-10-04T23:58:41Z,44,La Guajira,44078,Barrancas,asignado,cache_geometrico,false,0,,,,asignado,1313,1.3.1.3. Explotación de carbón,1,13,131,1313,,,SI,Landsat_2024_mediana_28042025,"GoogleEarth, Basemap",true,1,081-91,(8600698042) CARBONES DEL CERREJON - CERREJON CDC C DEL C,Explotación,"ANTRACITA, CARBÓN METALÚRGICO, CARBÓN TÉRMICO",dentro,0.00,13,0,13,LAM0683|LAM1094|LAV0051-00-2021|LAM4538,"BLOQUE EXPLORATORIO PATILLAL NORESTE|PROYECTO MINERO DE EXPLOTACIÓN DE EXPLOTACIÓN DE CARBÓN BLOQUE CENTRAL DEL CERREJÓN ZONA NORTE. MINA EL CERREJÓN (ÁREAS INTEGRADAS).|ÁREA DE PERFORACIÓN EXPLORATORIA DEL RÍO RANCHERÍA POZOS PATILLAL 2,3,4 Y 5|Interconexión Cuestecitas - Copey - Fundación 500/220 mil voltios",DRUMMOND LTD|CARBONES DEL CERREJÓN LTD.|INTERCONEXION ELECTRICA S.A. E.S.P.,poligono|punto|linea,dentro,0.00,2,0040|0380,RIO RANCHERIA|CR 2,NO APLICA,"DRUMMOND ENERGY, INC",EXPLORACION,CONTRATO DE ASOCIACION CON ECOPETROL|CONTRATO DE EXPLORACION Y PRODUCCION (E&P)
9aa8b20f5de9e771ade04bc1,2026-10-02T02:12-05:00,2026-10-02T07:12:00Z,2026-10-02,10.31926,-75.48781,VIIRS-Suomi-NPP,Suomi-NPP,VIIRS,38.1,6.1,1.7,Nominal,N,0.49,0.48,true,false,Puntos_de_calor_Colombia_2026-10-02.csv,2026-10-04T23:58:41Z,13,Bolívar,13001,Cartagena De Indias,asignado,cache_geometrico,false,0,,,,asignado,121,1.2.1. Zonas industriales o comerciales,1,12,121,,,,SI,Landsat_2024_mediana_28042025,Sentinel_2024_mediana_11042025,false,0,,,,,dentro,0.00,69,0,69,LAM0761|LAM7829-00|LAM0241|LAM5466|LAM0862|LAM2493|LAV0045-00-2017|LAV0057-00-2016|LAM0407|LAM7173-00|LAM2745|LAM1441|LAV0087-00-2014|LAV0023-00-2015|LAV0003-00-2016|LAV0004-00-2020|LAM1458|LAM7378-00|LAM0666|LAM1581|LAM0712|LAM6824-00|LAM2191|LAM3207|LAM2145|LAM1872|LAM4031|LAV0100-00-2015|LAM2253|LAM3667|LAM2972|LAM6307,"REFINERIA DE CARTAGENA|PLAN MAESTRO DE DESARROLO REFINERÍA DE CARTAGENA|PLANTA DE ABASTO LA CANDELARIA|CONSTRUCCIÓN Y OPERACIÓN GASODUCTO DE LA COSTA ATLÁNTICA, (BALLENA CARTAGENA, BARRANQUILLA), Y CONSTRUCCIÓN DEL LOOP PALOMINO LA MAMI.|SEGUNDA CALZADA GAMBOTE - MAMONAL-VARIANTE CARTAGENA –RUTA DEL CARIBE|COMBUSTOLEODUCTO AYACUCHO - RETIRO - COVEÑAS|OPERACION Y EL MANTENIMIENTO DEL POLIDUCTO CARTAGENA BARANOA Y SU INFRAESTRUCTURA ASOCIADA|GASODUCTO MAMONAL - PAIVA|Construcción y Operación del ramal a Reficar|ADECUACION DE MUELLES DE BOTES REFINERIA ECOPETROL|OBRAS MENORES EN EL MUELLE PETROLERO DE LA EMPRESA TEXAS PETROLEUM COMPANY, HOY CHEVRON PRETROLEUM COMPANY|PLATAFORMA MARINA PARA EL RECIBO BASES LUBRICANTES EXXONMOBIL DE COLOMBIA - MAMONAL|CONSTRUCCION Y OPERACION DE TERMINAL PORTUARIO DESTINADO AL MANEJO DE HIDROCARBUROS Y SUS DERIVADOS.|PUERTO EL CAYAO PARA LA CONSTRUCCIÓN DE UNA TERMINAL DE IMPORTACIÓN, REGASIFICACIÓN, Y POTENCIAL EXPORTACIÓN DE GAS NATURAL LICUADO|CONSTRUCCIÓN Y OPERACIÓN DEL GASODUCTO LOOP SAN MATEO MAMONAL|PLAN MAESTRO DE DESARROLLO REFINERÍA DE CARTAGENA|CONSTRUCCIÓN DE LA SEGUNDA LÍNEA BOLÍVAR - CARTAGENA  A 200Kv UPME-05-2012|AMPLIACIÓN DEL TERMINAL PORTUARIO OILTANKING COLOMBIA S.A|AMPLIACIÓN Y ENSANCHE DEL MUELLE COLCLINKER, UBICADO EN CARTAGENA-BOLÍVAR|AMPLIACIÓN DEL TERMINAL PORTUARIO OILTANKING COLOMBIA S.A.|Puerto de Mamonal|CONSTRUCCIÓN DE UN TERMINAL DE SERVICIOS PÚBLICOS UBICADO AL MARGEN ORIENTAL DE LA BAHÍA DE CARTAGENA Y CONSTRUCCIÓN DE PISCINAS VERTEDORAS|PLANTA PRODUCTORA DE PLAGUICIDAS|PLANTA DE FORMULACIÓN Y EMPAQUES DE PRODUCTOS PARA LA PROTECCIÓN DE CULTIVOS SYNGENTA S.A. – CARTAGENA|FORMULACION DE PLAGUICIDAS AMPLIACIÓN DE LA PLANTA DE DOW|ZOOCRIADERO CEIBA ROJA S.A|CONSTRUCCION DE DOS ESTACIONES COMPRESORAS EN CARTAGENA Y JOBO|Estación Compresora Cartagena y Sahagún|Planta de Producción de Bolsas Plásticas Impregnadas de Plaguicidas|PLAN DE RESTAURACIÓN Y RECUPERACIÓN AMBIENTAL DE LOS  ECOSISTEMAS  DRAGADOS DEL CANAL DEL DIQUE.|PROYECTO TÉRMICO MAMONAL 3.|EXPLORACIÓN Y APROPIACIÓN DE MARGAS, ARCILLAS, MINERAL CALIZA, Y YACIMIENTOS CALCÁREOS; EL MANEJO Y ALMACENAMIENTO Y CARGUE DE CARBON LA ACTIVIDAD INDUSTRIAL DE FABRICACIÓN DE CEMENTO.|CONSTRUCCIÓN DE UN TERMINAL PARA EL MANEJO DE CARGA A GRANEL EN LA BAHÍA DE CARTAGENA SECTOR MAMONAL|LÍNEA DE TRANSMISIÓN A 230 KV. CIRCUITO SENCILLO SABANALARGA-CARTAGENA|CENTRAL TERMOELÉCTRICA CARTAGENA|CRUCE SUBACUÁTICO PUNTA IGUANA-GASODUCTO PASACABALLOS-BARÚ|PROYECTO DISPOSICIÓN DE RESIDUOS DE ORIGEN ANIMAL, PROVENIENTE DE EMPRESAS PROCESADORAS DE PESCADO Y ACTIVIDADES DE ALMACENAMIENTO Y TRATAMIENTO PREVIO DE AGUAS SENTINAS Y ACEITES USADOS",REFINERIA DE CARTAGENA|REFINERIA DE CARTAGENA S.A|PETRÓLEOS DEL MILENIO S. A. S. PETROMIL S.A.S.|PROMIGAS S.A. E.S.P|CONSORCIO VIAL HELIOS|AUTOPISTAS DEL SOL S.A.S|ECOPETROL S.A.|PROMIGAS S.A E.S.P|LÍNEAS DE CONDUCCIÓN SAS - LINDECON S.A.S|REFINERIA DE CARTAGENA S.A.|CHEVRON PETROLEUM COMPANY|EXXON MOBIL DE COLOMBIA S.A.|BIOMAX BIOCOMBUSTIBLES S.A|SOCIEDAD PORTUARIA EL CAYAO S.A E.S.P|EMPRESA DE ENERGÍA DE BOGOTÁ – EEB|OILTANKING COLOMBIA S.A|CONCRETOS ARGOS S.A.|OILTANKING COLOMBIA S.A.|Puerto de Mamonal S.A.|PUERTO DE MAMONAL S.A.|SYNGENTA S.A.|DOW AGROSCIENCES DE COLOMBIA S.A.|CEIBA ROJA S.A.|Promigas S.A. E.S.P.|POLYBAN INTERNACIONAL S.A.|CORPORACION AUTONOMA REGIONAL DEL RIO GRANDE DE LA MAGDALENA|TERMOCANDELARIA S.A E.S.P.|CEMENTOS ARGOS S.A.|SOCIEDAD PORTUARIA BULLPESA S.A.|INTERCONEXION ELECTRICA S.A. E.S.P. ISA|EMGESA S.A E.S.P.|SURTIGAS S.A E.S.P.|CARMAN INTERNACIONAL S.A.S,poligono|linea|punto,entre_1_y_5_km,3397.14,1,0346,SN 15,NO APLICA,HOCOL S.A.,EXPLORACION,CONTRATO DE EXPLORACION Y PRODUCCION (E&P)
a73f8396e1dbe965fcc1d629,2026-10-02T02:12-05:00,2026-10-02T07:12:00Z,2026-10-02,10.97539,-72.72615,VIIRS-Suomi-NPP,Suomi-NPP,VIIRS,37.5,2.9,1.7,Nominal,N,0.36,0.58,true,false,Puntos_de_calor_Colombia_2026-10-02.csv,2026-10-04T23:58:41Z,44,La Guajira,44078,Barrancas,asignado,cache_geometrico,false,0,,,,asignado,1313,1.3.1.3. Explotación de carbón,1,13,131,1313,,,SI,Landsat_2024_mediana_28042025,"GoogleEarth, Basemap",true,1,081-91,(8600698042) CARBONES DEL CERREJON - CERREJON CDC C DEL C,Explotación,"ANTRACITA, CARBÓN METALÚRGICO, CARBÓN TÉRMICO",dentro,0.00,13,0,13,LAM0683|LAM1094|LAV0051-00-2021|LAM4538,"BLOQUE EXPLORATORIO PATILLAL NORESTE|PROYECTO MINERO DE EXPLOTACIÓN DE EXPLOTACIÓN DE CARBÓN BLOQUE CENTRAL DEL CERREJÓN ZONA NORTE. MINA EL CERREJÓN (ÁREAS INTEGRADAS).|ÁREA DE PERFORACIÓN EXPLORATORIA DEL RÍO RANCHERÍA POZOS PATILLAL 2,3,4 Y 5|Interconexión Cuestecitas - Copey - Fundación 500/220 mil voltios",DRUMMOND LTD|CARBONES DEL CERREJÓN LTD.|INTERCONEXION ELECTRICA S.A. E.S.P.,poligono|punto|linea,dentro,0.00,2,0040|0380,RIO RANCHERIA|CR 2,NO APLICA,"DRUMMOND ENERGY, INC",EXPLORACION,CONTRATO DE ASOCIACION CON ECOPETROL|CONTRATO DE EXPLORACION Y PRODUCCION (E&P)
de21ca987da7fad4fe6b358b,2026-10-02T02:12-05:00,2026-10-02T07:12:00Z,2026-10-02,9.7415,-73.50912,VIIRS-Suomi-NPP,Suomi-NPP,VIIRS,36.2,12.3,,Nominal,N,0.34,0.56,true,false,Puntos_de_calor_Colombia_2026-10-02.csv,2026-10-04T23:58:41Z,20,Cesar,20045,Becerril,asignado,cache_geometrico,false,0,,,,asignado,1313,1.3.1.3. Explotación de carbón,1,13,131,1313,,,SI,Landsat_2024_mediana_28042025,,true,1,144-97,(8000213085) DRUMMOND LTDA.\ (8300377743) DRUMMOND COAL MINING L L C,Explotación,"ANTRACITA, CARBÓN METALÚRGICO, CARBÓN TÉRMICO",dentro,0.00,12,0,12,LAM3271|LAM3308|LAM1321|LAM2622,"EXPLOTACIÓN CARBONÍFERA DESCANSO NORTE|EXPLOTACIÓN MINERA EN LAS ÁREAS DE LOS CONTRATOS 144/97 ""EL DESCANSO"", 283/95 ""SIMILOA"" Y 284/95 ""RINCÓN HONDO"".|EXPLORACIÓN DE HIDROCARBUROS (GAS Y PETRÓLEO) Y GAS METANO ASOCIADO A CARBON DENOMINADO LA LOMA|BLOQUE DE PERFORACION EXPLORATORIA MARACAS|Proyecto Carbonífero Calenturitas",DRUMMOND LTDA.|DRUMMOND LTD.|DRUMMOND LTD|TEXICAN OIL LTD|Sociedad C.I. Prodeco S.A,poligono,dentro,0.00,3,0372|0379|0075,CR 4|LA LOMA ADICIONAL|LA LOMA,NO APLICA|PAUJIL-CANARIO|LA LOMA,"DRUMMOND ENERGY, INC",EXPLORACION|EVALUACION|PRODUCCION,CONTRATO DE EXPLORACION Y PRODUCCION (E&P)|CONTRATO DE EXPLORACION Y EXPLOTACION (E&E)
f4cb5653fc4b7692e8f3d6f1,2026-10-02T02:12-05:00,2026-10-02T07:12:00Z,2026-10-02,9.76711,-73.47552,VIIRS-Suomi-NPP,Suomi-NPP,VIIRS,31.7,12.1,,Nominal,N,0.34,0.56,true,false,Puntos_de_calor_Colombia_2026-10-02.csv,2026-10-04T23:58:41Z,20,Cesar,20013,Agustín Codazzi,asignado,cache_geometrico,false,0,,,,asignado,1313,1.3.1.3. Explotación de carbón,1,13,131,1313,,,SI,Landsat_2024_mediana_28042025,,true,1,144-97,(8000213085) DRUMMOND LTDA.\ (8300377743) DRUMMOND COAL MINING L L C,Explotación,"ANTRACITA, CARBÓN METALÚRGICO, CARBÓN TÉRMICO",dentro,0.00,14,0,14,LAM3271|LAM3308,"EXPLOTACIÓN CARBONÍFERA DESCANSO NORTE|EXPLOTACIÓN MINERA EN LAS ÁREAS DE LOS CONTRATOS 144/97 ""EL DESCANSO"", 283/95 ""SIMILOA"" Y 284/95 ""RINCÓN HONDO"".|EXPLORACIÓN DE HIDROCARBUROS (GAS Y PETRÓLEO) Y GAS METANO ASOCIADO A CARBON DENOMINADO LA LOMA",DRUMMOND LTDA.|DRUMMOND LTD.|DRUMMOND LTD,poligono,dentro,0.00,3,0372|0379|0075,CR 4|LA LOMA ADICIONAL|LA LOMA,NO APLICA|PAUJIL-CANARIO|LA LOMA,"DRUMMOND ENERGY, INC",EXPLORACION|EVALUACION|PRODUCCION,CONTRATO DE EXPLORACION Y PRODUCCION (E&P)|CONTRATO DE EXPLORACION Y EXPLOTACION (E&E)
f726f0c291a1a33029d02dca,2026-10-02T02:12-05:00,2026-10-02T07:12:00Z,2026-10-02,9.76197,-73.4765,VIIRS-Suomi-NPP,Suomi-NPP,VIIRS,42.2,12.4,2.3,Nominal,N,0.34,0.56,true,false,Puntos_de_calor_Colombia_2026-10-02.csv,2026-10-04T23:58:41Z,20,Cesar,20013,Agustín Codazzi,asignado,cache_geometrico,false,0,,,,asignado,1313,1.3.1.3. Explotación de carbón,1,13,131,1313,,,SI,Landsat_2024_mediana_28042025,,true,1,144-97,(8000213085) DRUMMOND LTDA.\ (8300377743) DRUMMOND COAL MINING L L C,Explotación,"ANTRACITA, CARBÓN METALÚRGICO, CARBÓN TÉRMICO",dentro,0.00,14,0,14,LAM3271|LAM3308,"EXPLOTACIÓN CARBONÍFERA DESCANSO NORTE|EXPLOTACIÓN MINERA EN LAS ÁREAS DE LOS CONTRATOS 144/97 ""EL DESCANSO"", 283/95 ""SIMILOA"" Y 284/95 ""RINCÓN HONDO"".|EXPLORACIÓN DE HIDROCARBUROS (GAS Y PETRÓLEO) Y GAS METANO ASOCIADO A CARBON DENOMINADO LA LOMA",DRUMMOND LTDA.|DRUMMOND LTD.|DRUMMOND LTD,poligono,dentro,0.00,3,0372|0379|0075,CR 4|LA LOMA ADICIONAL|LA LOMA,NO APLICA|PAUJIL-CANARIO|LA LOMA,"DRUMMOND ENERGY, INC",EXPLORACION|EVALUACION|PRODUCCION,CONTRATO DE EXPLORACION Y PRODUCCION (E&P)|CONTRATO DE EXPLORACION Y EXPLOTACION (E&E)
fa05bc0acccd1c0b56961aba,2026-10-02T02:12-05:00,2026-10-02T07:12:00Z,2026-10-02,10.97945,-72.72558,VIIRS-Suomi-NPP,Suomi-NPP,VIIRS,27.7,1.4,1,Nominal,N,0.36,0.57,true,false,Puntos_de_calor_Colombia_2026-10-02.csv,2026-10-04T23:58:41Z,44,La Guajira,44078,Barrancas,asignado,cache_geometrico,false,0,,,,asignado,1313,1.3.1.3. Explotación de carbón,1,13,131,1313,,,SI,Landsat_2024_mediana_28042025,"GoogleEarth, Basemap",true,1,081-91,(8600698042) CARBONES DEL CERREJON - CERREJON CDC C DEL C,Explotación,"ANTRACITA, CARBÓN METALÚRGICO, CARBÓN TÉRMICO",dentro,0.00,14,0,14,LAM0683|LAM1094|LAV0051-00-2021|LAM4538,"BLOQUE EXPLORATORIO PATILLAL NORESTE|PROYECTO MINERO DE EXPLOTACIÓN DE EXPLOTACIÓN DE CARBÓN BLOQUE CENTRAL DEL CERREJÓN ZONA NORTE. MINA EL CERREJÓN (ÁREAS INTEGRADAS).|ÁREA DE PERFORACIÓN EXPLORATORIA DEL RÍO RANCHERÍA POZOS PATILLAL 2,3,4 Y 5|Interconexión Cuestecitas - Copey - Fundación 500/220 mil voltios",DRUMMOND LTD|CARBONES DEL CERREJÓN LTD.|INTERCONEXION ELECTRICA S.A. E.S.P.,poligono|punto|linea,dentro,0.00,2,0040|0380,RIO RANCHERIA|CR 2,NO APLICA,"DRUMMOND ENERGY, INC",EXPLORACION,CONTRATO DE ASOCIACION CON ECOPETROL|CONTRATO DE EXPLORACION Y PRODUCCION (E&P)
772d5ed829c8e62de2b05e39,2026-10-02T02:31-05:00,2026-10-02T07:31:00Z,2026-10-02,10.32329,-75.48772,VIIRS-NOAA-20,NOAA-20,VIIRS,29.5,-2.5,,Nominal,N,0.69,0.74,true,true,Puntos_de_calor_Colombia_2026-10-02.csv,2026-10-04T23:58:41Z,13,Bolívar,13001,Cartagena De Indias,asignado,cache_geometrico,false,0,,,,asignado,121,1.2.1. Zonas industriales o comerciales,1,12,121,,,,SI,Landsat_2024_mediana_28042025,Sentinel_2024_mediana_11042025,false,0,,,,,dentro,0.00,67,0,67,LAM0761|LAM7829-00|LAM0241|LAM5466|LAM0862|LAM2493|LAM0407|LAV0045-00-2017|LAV0057-00-2016|LAM7173-00|LAM1441|LAM2745|LAV0003-00-2016|LAV0087-00-2014|LAV0023-00-2015|LAM0666|LAM1458|LAM1581|LAM6824-00|LAM2191|LAV0004-00-2020|LAM7378-00|LAM1872|LAM0712|LAM3207|LAM2145|LAM2253|LAM4031|LAM3667|LAV0100-00-2015|LAM2972,"REFINERIA DE CARTAGENA|PLAN MAESTRO DE DESARROLO REFINERÍA DE CARTAGENA|PLANTA DE ABASTO LA CANDELARIA|CONSTRUCCIÓN Y OPERACIÓN GASODUCTO DE LA COSTA ATLÁNTICA, (BALLENA CARTAGENA, BARRANQUILLA), Y CONSTRUCCIÓN DEL LOOP PALOMINO LA MAMI.|SEGUNDA CALZADA GAMBOTE - MAMONAL-VARIANTE CARTAGENA –RUTA DEL CARIBE|COMBUSTOLEODUCTO AYACUCHO - RETIRO - COVEÑAS|OPERACION Y EL MANTENIMIENTO DEL POLIDUCTO CARTAGENA BARANOA Y SU INFRAESTRUCTURA ASOCIADA|ADECUACION DE MUELLES DE BOTES REFINERIA ECOPETROL|GASODUCTO MAMONAL - PAIVA|Construcción y Operación del ramal a Reficar|OBRAS MENORES EN EL MUELLE PETROLERO DE LA EMPRESA TEXAS PETROLEUM COMPANY, HOY CHEVRON PRETROLEUM COMPANY|CONSTRUCCION Y OPERACION DE TERMINAL PORTUARIO DESTINADO AL MANEJO DE HIDROCARBUROS Y SUS DERIVADOS.|PLAN MAESTRO DE DESARROLLO REFINERÍA DE CARTAGENA|PLATAFORMA MARINA PARA EL RECIBO BASES LUBRICANTES EXXONMOBIL DE COLOMBIA - MAMONAL|CONSTRUCCIÓN DE LA SEGUNDA LÍNEA BOLÍVAR - CARTAGENA  A 200Kv UPME-05-2012|PUERTO EL CAYAO PARA LA CONSTRUCCIÓN DE UNA TERMINAL DE IMPORTACIÓN, REGASIFICACIÓN, Y POTENCIAL EXPORTACIÓN DE GAS NATURAL LICUADO|CONSTRUCCIÓN Y OPERACIÓN DEL GASODUCTO LOOP SAN MATEO MAMONAL|Puerto de Mamonal|CONSTRUCCIÓN DE UN TERMINAL DE SERVICIOS PÚBLICOS UBICADO AL MARGEN ORIENTAL DE LA BAHÍA DE CARTAGENA Y CONSTRUCCIÓN DE PISCINAS VERTEDORAS|AMPLIACIÓN Y ENSANCHE DEL MUELLE COLCLINKER, UBICADO EN CARTAGENA-BOLÍVAR|PLANTA PRODUCTORA DE PLAGUICIDAS|PLANTA DE FORMULACIÓN Y EMPAQUES DE PRODUCTOS PARA LA PROTECCIÓN DE CULTIVOS SYNGENTA S.A. – CARTAGENA|ZOOCRIADERO CEIBA ROJA S.A|CONSTRUCCION DE DOS ESTACIONES COMPRESORAS EN CARTAGENA Y JOBO|Estación Compresora Cartagena y Sahagún|AMPLIACIÓN DEL TERMINAL PORTUARIO OILTANKING COLOMBIA S.A|AMPLIACIÓN DEL TERMINAL PORTUARIO OILTANKING COLOMBIA S.A.|PROYECTO TÉRMICO MAMONAL 3.|FORMULACION DE PLAGUICIDAS AMPLIACIÓN DE LA PLANTA DE DOW|Planta de Producción de Bolsas Plásticas Impregnadas de Plaguicidas|PLAN DE RESTAURACIÓN Y RECUPERACIÓN AMBIENTAL DE LOS  ECOSISTEMAS  DRAGADOS DEL CANAL DEL DIQUE.|LÍNEA DE TRANSMISIÓN A 230 KV. CIRCUITO SENCILLO SABANALARGA-CARTAGENA|EXPLORACIÓN Y APROPIACIÓN DE MARGAS, ARCILLAS, MINERAL CALIZA, Y YACIMIENTOS CALCÁREOS; EL MANEJO Y ALMACENAMIENTO Y CARGUE DE CARBON LA ACTIVIDAD INDUSTRIAL DE FABRICACIÓN DE CEMENTO.|CENTRAL TERMOELÉCTRICA CARTAGENA|CONSTRUCCIÓN DE UN TERMINAL PARA EL MANEJO DE CARGA A GRANEL EN LA BAHÍA DE CARTAGENA SECTOR MAMONAL|CRUCE SUBACUÁTICO PUNTA IGUANA-GASODUCTO PASACABALLOS-BARÚ",REFINERIA DE CARTAGENA|REFINERIA DE CARTAGENA S.A|PETRÓLEOS DEL MILENIO S. A. S. PETROMIL S.A.S.|PROMIGAS S.A. E.S.P|CONSORCIO VIAL HELIOS|AUTOPISTAS DEL SOL S.A.S|ECOPETROL S.A.|PROMIGAS S.A E.S.P|LÍNEAS DE CONDUCCIÓN SAS - LINDECON S.A.S|CHEVRON PETROLEUM COMPANY|BIOMAX BIOCOMBUSTIBLES S.A|REFINERIA DE CARTAGENA S.A.|EXXON MOBIL DE COLOMBIA S.A.|EMPRESA DE ENERGÍA DE BOGOTÁ – EEB|SOCIEDAD PORTUARIA EL CAYAO S.A E.S.P|Puerto de Mamonal S.A.|PUERTO DE MAMONAL S.A.|CONCRETOS ARGOS S.A.|SYNGENTA S.A.|CEIBA ROJA S.A.|Promigas S.A. E.S.P.|OILTANKING COLOMBIA S.A|OILTANKING COLOMBIA S.A.|TERMOCANDELARIA S.A E.S.P.|DOW AGROSCIENCES DE COLOMBIA S.A.|POLYBAN INTERNACIONAL S.A.|CORPORACION AUTONOMA REGIONAL DEL RIO GRANDE DE LA MAGDALENA|INTERCONEXION ELECTRICA S.A. E.S.P. ISA|CEMENTOS ARGOS S.A.|EMGESA S.A E.S.P.|SOCIEDAD PORTUARIA BULLPESA S.A.|SURTIGAS S.A E.S.P.,poligono|linea|punto,entre_1_y_5_km,3207.44,1,0346,SN 15,NO APLICA,HOCOL S.A.,EXPLORACION,CONTRATO DE EXPLORACION Y PRODUCCION (E&P)
09f12cb626fb1f42bb81be60,2026-10-02T12:41-05:00,2026-10-02T17:41:00Z,2026-10-02,9.25961,-73.66141,VIIRS-NOAA-21,NOAA-21,VIIRS,56.3,16.9,2.3,Nominal,D,0.32,0.55,true,true,Puntos_de_calor_Colombia_2026-10-02.csv,2026-10-04T23:58:41Z,20,Cesar,20228,Curumaní,asignado,cache_geometrico,true,1,1511,Complejo Cenagoso de Zapatosa,Distritos Regionales de Manejo Integrado,asignado,231,2.3.1. Pastos limpios,2,23,231,,,,SI,Landsat_2024_mediana_28042025,,false,0,,,,,mas_de_5_km,,0,0,0,,,,,mas_de_5_km,,0,,,,,,
3f4be745c4e46fa4907fdd74,2026-10-02T12:41-05:00,2026-10-02T17:41:00Z,2026-10-02,8.17138,-72.92254,VIIRS-NOAA-21,NOAA-21,VIIRS,65.1,6.5,15.3,Nominal,D,0.6,0.53,true,true,Puntos_de_calor_Colombia_2026-10-02.csv,2026-10-04T23:58:41Z,54,Norte De Santander,54720,Sardinata,asignado,cache_geometrico,false,0,,,,asignado,243,"2.4.3. Mosaico de cultivos, pastos y espacios naturales",2,24,243,,,,SI,Landsat_2024_mediana_28042025,GoogleEarth,false,0,,,,,mas_de_5_km,,0,0,0,,,,,mas_de_5_km,,0,,,,,,
533ace45cb8d881bb71a63ed,2026-10-02T12:41-05:00,2026-10-02T17:41:00Z,2026-10-02,8.17251,-72.91605,VIIRS-NOAA-21,NOAA-21,VIIRS,63.1,3.5,15.3,Nominal,D,0.6,0.53,true,true,Puntos_de_calor_Colombia_2026-10-02.csv,2026-10-04T23:58:41Z,54,Norte De Santander,54720,Sardinata,asignado,cache_geometrico,false,0,,,,asignado,3231,3.2.3.1. Vegetación secundaria alta,3,32,323,3231,,,SI,Landsat_2024_mediana_28042025,GoogleEarth,false,0,,,,,mas_de_5_km,,0,0,0,,,,,mas_de_5_km,,0,,,,,,
671d14b4828104c980352251,2026-10-02T12:41-05:00,2026-10-02T17:41:00Z,2026-10-02,4.37877,-69.6956,VIIRS-NOAA-21,NOAA-21,VIIRS,65.9,16.3,7,Nominal,D,0.42,0.45,true,true,Puntos_de_calor_Colombia_2026-10-02.csv,2026-10-04T23:58:41Z,99,Vichada,99773,Cumaribo,asignado,cache_geometrico,false,0,,,,asignado,321111,3.2.1.1.1.1.  Herbazal denso de tierra firme no arbolado,3,32,321,3211,32111,321111,SI,L9_557_20240225,Mosaico Sentinel-2_L2A_False_color 2024-01-27-00_00_2024-01-27-23_59,false,0,,,,,mas_de_5_km,,0,0,0,,,,,mas_de_5_km,,0,,,,,,
7529ec4fb53bbed82de25726,2026-10-02T12:41-05:00,2026-10-02T17:41:00Z,2026-10-02,4.1034,-70.82113,VIIRS-NOAA-21,NOAA-21,VIIRS,55,3.9,6.3,Nominal,D,0.5,0.49,true,true,Puntos_de_calor_Colombia_2026-10-02.csv,2026-10-04T23:58:41Z,99,Vichada,99773,Cumaribo,asignado,cache_geometrico,false,0,,,,asignado,321111,3.2.1.1.1.1.  Herbazal denso de tierra firme no arbolado,3,32,321,3211,32111,321111,SI,Landsat_2024_mediana_28042025,"GoogleEarth, BingMaps",false,0,,,,,mas_de_5_km,,0,0,0,,,,,mas_de_5_km,,0,,,,,,
8f99c87ee6616f1c8a3c510c,2026-10-02T12:41-05:00,2026-10-02T17:41:00Z,2026-10-02,4.49545,-69.5145,VIIRS-NOAA-21,NOAA-21,VIIRS,52.3,9.4,3.6,Nominal,D,0.41,0.45,true,true,Puntos_de_calor_Colombia_2026-10-02.csv,2026-10-04T23:58:41Z,99,Vichada,99773,Cumaribo,asignado,cache_geometrico,false,0,,,,asignado,321122,3.2.1.1.2.2. Herbazal denso inundable arbolado,3,32,321,3211,32112,321122,SI,Landsat_2024_mediana_28042025,"GoogleEarth, BingMaps",false,0,,,,,mas_de_5_km,,0,0,0,,,,,mas_de_5_km,,0,,,,,,
9eafb5a5aa233b99df81ac13,2026-10-02T12:41-05:00,2026-10-02T17:41:00Z,2026-10-02,3.57345,-71.39622,VIIRS-NOAA-21,NOAA-21,VIIRS,53.9,1.9,4.3,Nominal,D,0.56,0.52,true,true,Puntos_de_calor_Colombia_2026-10-02.csv,2026-10-04T23:58:41Z,50,Meta,50568,Puerto Gaitán,asignado,cache_geometrico,false,0,,,,asignado,321111,3.2.1.1.1.1.  Herbazal denso de tierra firme no arbolado,3,32,321,3211,32111,321111,SI,"Landsat_2024_mediana_28042025,L9_657_20240412,  L9_658_20240224","Basemap, Planet Medres Normalized Analytic 2024-01 Mosaic",false,0,,,,,mas_de_5_km,,0,0,0,,,,,mas_de_5_km,,0,,,,,,
d0b7fe0d05564db82f0edd74,2026-10-02T12:41-05:00,2026-10-02T17:41:00Z,2026-10-02,8.64468,-72.66757,VIIRS-NOAA-21,NOAA-21,VIIRS,65.6,11.9,9.9,Nominal,D,0.56,0.52,true,true,Puntos_de_calor_Colombia_2026-10-02.csv,2026-10-04T23:58:41Z,54,Norte De Santander,54810,Tibú,asignado,cache_geometrico,false,0,,,,asignado,242,2.4.2. Mosaico de pastos y cultivos,2,24,242,,,,SI,Landsat_2024_mediana_28042025,,false,0,,,,,dentro,0.00,1,0,1,LAM4164,ESTABLECIMIENTO PLAN DE MANEJO AMBIENTAL TIBU - CAMPO TIBU,ECOPETROL S.A.,poligono,dentro,0.00,1,0093,TIBU,TIBU,ECOPETROL S.A.,PRODUCCION,CONVENIO DE EXPLOTACION
dcd5d7018ac96d3dccbe7b7d,2026-10-02T12:41-05:00,2026-10-02T17:41:00Z,2026-10-02,9.39956,-73.68996,VIIRS-NOAA-21,NOAA-21,VIIRS,55,20.1,3.5,Nominal,D,0.32,0.55,true,true,Puntos_de_calor_Colombia_2026-10-02.csv,2026-10-04T23:58:41Z,20,Cesar,20178,Chiriguaná,asignado,cache_geometrico,true,1,1511,Complejo Cenagoso de Zapatosa,Distritos Regionales de Manejo Integrado,asignado,411,4.1.1. Zonas pantanosas,4,41,411,,,,SI,Landsat_2024_mediana_28042025,,false,0,,,,,mas_de_5_km,,0,0,0,,,,,entre_1_y_5_km,4204.50,1,0379,LA LOMA ADICIONAL,PAUJIL-CANARIO,"DRUMMOND ENERGY, INC",EVALUACION,CONTRATO DE EXPLORACION Y PRODUCCION (E&P)
dfa5063151882a71ea80c76f,2026-10-02T12:43-05:00,2026-10-02T17:43:00Z,2026-10-02,10.48557,-74.47641,VIIRS-NOAA-21,NOAA-21,VIIRS,57.3,2.2,2.2,Nominal,D,0.35,0.57,true,true,Puntos_de_calor_Colombia_2026-10-02.csv,2026-10-04T23:58:41Z,47,Magdalena,47551,Pivijay,asignado,cache_geometrico,false,0,,,,asignado,3232,3.2.3.2. Vegetación secundaria baja,3,32,323,3232,,,SI,Landsat_2024_mediana_28042025,,false,0,,,,,hasta_1_km,768.83,4,0,4,LAM0997|LAV0023-00-2022,"INTEGRACIÓN DE LOS INSTRUMENTOS AMBIENTALES OTORGADOS MEDIANTE LAS RESOLUCIONES 364 DEL 11 DE ABRIL DE 1996, 726 DEL 30 DE JULIO DE 1997 Y 592 DEL 29 DE MAYO DE 2003. LÍNEAS DE TRANSMISIÓN 801-802, 821-822-826 Y 806-816|LÍNEA DE TRANSMISIÓN A 220 KV. SABANALARGA - FUNDACION|ÁREA DE DESARROLLO VIM-43",TRANSELCA S.A. ESP|PAREX RESOURCES COLOMBIA LTD SUCURSAL,poligono|linea,mas_de_5_km,,0,,,,,,
a785984b1ee80e87e8135a5e,2026-10-02T13:15-05:00,2026-10-02T18:15:00Z,2026-10-02,3.46004,-75.39508,VIIRS-Suomi-NPP,Suomi-NPP,VIIRS,55.9,17.2,2.6,Nominal,D,0.41,0.45,true,false,Puntos_de_calor_Colombia_2026-10-02.csv,2026-10-04T23:58:41Z,73,Tolima,73067,Ataco,asignado,cache_geometrico,false,0,,,,asignado,231,2.3.1. Pastos limpios,2,23,231,,,,SI,Landsat_2024_mediana_28042025,,true,1,BLOQUE 691,,,ZONAS RESERVADAS CON POTENCIAL - BLOQUE 691,dentro,0.00,1,0,1,LAM3457,AREA DE PERFORACION EXPLORATORIA EN EL SECTOR ESTE DEL BLOQUE EL QUESO,REPSOL EXPLORACIÓN COLOMBIA S.A.,poligono,mas_de_5_km,,0,,,,,,
bcff875ada07f4a992743e9a,2026-10-02T13:15-05:00,2026-10-02T18:15:00Z,2026-10-02,3.66224,-71.40594,VIIRS-Suomi-NPP,Suomi-NPP,VIIRS,60,13.2,2.6,Nominal,D,0.4,0.37,true,false,Puntos_de_calor_Colombia_2026-10-02.csv,2026-10-04T23:58:41Z,50,Meta,50568,Puerto Gaitán,asignado,cache_geometrico,false,0,,,,asignado,321111,3.2.1.1.1.1.  Herbazal denso de tierra firme no arbolado,3,32,321,3211,32111,321111,SI,"Landsat_2024_mediana_28042025,L9_657_20240412,  L9_658_20240224","Basemap, Planet Medres Normalized Analytic 2024-01 Mosaic",false,0,,,,,entre_1_y_5_km,3446.22,4,1,3,LAM0066|LAM0019,"EXPLORACION POZOS RUBIALES 18, 19, 20, 21, 22, 23, 24 Y 25 (PAVIMENTACION BONGA -P G|Explotación de hidrocarburos Campo Rubiales|CAMPO RUBIALES|EIA Mod L. G. Campo Rubiales",COPLEX COLOMBIA LIMITED|Ecopetrol S.A.|META PETROLEUM CORP|ECOPETROL S.A.,poligono,entre_1_y_5_km,1407.91,1,0366,RUBIALES,RUBIALES,ECOPETROL S.A.,PRODUCCION,CONVENIO DE EXPLOTACION
d41bb5897a0fbab8e5e03b58,2026-10-02T13:15-05:00,2026-10-02T18:15:00Z,2026-10-02,4.88944,-70.06306,VIIRS-Suomi-NPP,Suomi-NPP,VIIRS,66.5,16.8,4.3,Nominal,D,0.39,0.36,true,false,Puntos_de_calor_Colombia_2026-10-02.csv,2026-10-04T23:58:41Z,99,Vichada,99773,Cumaribo,asignado,cache_geometrico,false,0,,,,asignado,321111,3.2.1.1.1.1.  Herbazal denso de tierra firme no arbolado,3,32,321,3211,32111,321111,SI,Landsat_2024_mediana_28042025,GoogleEarth,false,0,,,,,mas_de_5_km,,0,0,0,,,,,mas_de_5_km,,0,,,,,,
2b8069f7b2d6e23f910dd9ea,2026-10-02T13:17-05:00,2026-10-02T18:17:00Z,2026-10-02,8.17022,-72.91674,VIIRS-Suomi-NPP,Suomi-NPP,VIIRS,59.3,13.5,8.4,Baja,D,0.41,0.37,true,false,Puntos_de_calor_Colombia_2026-10-02.csv,2026-10-04T23:58:41Z,54,Norte De Santander,54720,Sardinata,asignado,cache_geometrico,false,0,,,,asignado,3231,3.2.3.1. Vegetación secundaria alta,3,32,323,3231,,,SI,Landsat_2024_mediana_28042025,GoogleEarth,false,0,,,,,mas_de_5_km,,0,0,0,,,,,mas_de_5_km,,0,,,,,,
47f129522ecf4a7d26e76752,2026-10-02T13:17-05:00,2026-10-02T18:17:00Z,2026-10-02,8.8271,-72.85,VIIRS-Suomi-NPP,Suomi-NPP,VIIRS,60.5,20,31.5,Nominal,D,0.4,0.37,true,false,Puntos_de_calor_Colombia_2026-10-02.csv,2026-10-04T23:58:41Z,54,Norte De Santander,54810,Tibú,asignado,cache_geometrico,false,0,,,,asignado,242,2.4.2. Mosaico de pastos y cultivos,2,24,242,,,,SI,Landsat_2024_mediana_28042025,GoogleEarth,false,0,,,,,entre_1_y_5_km,4625.19,1,0,1,LAM4164,ESTABLECIMIENTO PLAN DE MANEJO AMBIENTAL TIBU - CAMPO TIBU,ECOPETROL S.A.,poligono,entre_1_y_5_km,4527.24,1,0093,TIBU,TIBU,ECOPETROL S.A.,PRODUCCION,CONVENIO DE EXPLOTACION
4f16d558bdd6643611f2339d,2026-10-02T13:17-05:00,2026-10-02T18:17:00Z,2026-10-02,7.95329,-72.48992,VIIRS-Suomi-NPP,Suomi-NPP,VIIRS,55.5,17.3,1.8,Nominal,D,0.4,0.37,true,false,Puntos_de_calor_Colombia_2026-10-02.csv,2026-10-04T23:58:41Z,54,Norte De Santander,54001,San José De Cúcuta,asignado,cache_geometrico,false,0,,,,asignado,131,1.3.1. Zonas de extracción minera,1,13,131,,,,SI,Landsat_2024_mediana_28042025,GoogleEarth,true,1,LIU-08071,(88228406) CESAR FERNANDO LEAL PEÑA,Explotación,"ARCILLA COMUN (CERAMICAS, FERRUGINOSAS, MISCELANEAS)",dentro,0.00,10,0,10,LAM2684|LAM1416|LAM1921|LAM1082|LAM6115|LAM2978|LAM0802,"AREA DE EXPLOTACION CERRITO (MODIFICACION)|ÁREA DE EXPLORACIÓN CERRITO Y POZO DE DESARROLLO CERRITO 2, MUNICIPIO DE SAN JOSÉ DE CÚCUTA|ANILLO VIAL DE CUCUTA - SECTOR VILLA LUZ - EL ESCOBAL|CONSTRUCCIÓN ANILLO VIAL OCCIDENTAL DE CÚCUTA|OLEODUCTO CAÑO LIMÓN-COVEÑAS|AEROPUERTO INTERNACIONAL CAMILO DAZA-CÚCUTA|Aeropuerto Camilo Daza|AREA DE PERFORACION EXPLORATORIA LOS TOCHES",KAPPA RESOURCES COLOMBIA LTDA|PACIFIC STRATUS ENERGY COLOMBIA CORP|INSTITUTO NACIONAL DE VÍAS - INVIAS|CONCESIONARIA SAN SIMÓN S.A.|CENIT S.A.S|AEROPUERTOS DE ORIENTE S.A.S.|Aeronáutica Civil|COPLEX COLOMBIA LIMITED,poligono|punto|linea,dentro,0.00,1,0046,CERRITO,NO APLICA,PETROSOUTH ENERGY CORPORATION,PRODUCCION,CONTRATO DE ASOCIACION CON ECOPETROL
6f8431fd67b0e0db2361a913,2026-10-02T13:17-05:00,2026-10-02T18:17:00Z,2026-10-02,8.16963,-72.92052,VIIRS-Suomi-NPP,Suomi-NPP,VIIRS,56.9,17.4,8.4,Baja,D,0.41,0.37,true,false,Puntos_de_calor_Colombia_2026-10-02.csv,2026-10-04T23:58:41Z,54,Norte De Santander,54720,Sardinata,asignado,cache_geometrico,false,0,,,,asignado,243,"2.4.3. Mosaico de cultivos, pastos y espacios naturales",2,24,243,,,,SI,Landsat_2024_mediana_28042025,GoogleEarth,false,0,,,,,mas_de_5_km,,0,0,0,,,,,mas_de_5_km,,0,,,,,,
7f3eefbd1e6852eff681215c,2026-10-02T13:17-05:00,2026-10-02T18:17:00Z,2026-10-02,9.64715,-74.11629,VIIRS-Suomi-NPP,Suomi-NPP,VIIRS,62.7,24.4,8.2,Baja,D,0.44,0.38,true,false,Puntos_de_calor_Colombia_2026-10-02.csv,2026-10-04T23:58:41Z,47,Magdalena,47707,Santa Ana,asignado,cache_geometrico,false,0,,,,asignado,231,2.3.1. Pastos limpios,2,23,231,,,,SI,Landsat_2024_mediana_28042025,,false,0,,,,,dentro,0.00,3,0,3,LAM3915|LAM6084|LAM0437,BLOQUE DE PERFORACION EXPLORATORIA GUAMA|BLOQUE DE EXPLOTACIÓN GUAMA|ÁREA DE PERFORACIÓN EXPLORATORIA LA PINTA 1 Y 2,"PACIFIC STRATUS ENERGY COLOMBIA CORP.|PACIFIC STRATUS ENERGY COLOMBIA CORP|FRONTERA ENERGY COLOMBIA CORP., SUCURSAL COLOMBIA",poligono,mas_de_5_km,,0,,,,,,
9700447c1bbeae74a1e1ab22,2026-10-02T13:17-05:00,2026-10-02T18:17:00Z,2026-10-02,9.64364,-74.11572,VIIRS-Suomi-NPP,Suomi-NPP,VIIRS,62.1,25,6.6,Baja,D,0.44,0.38,true,false,Puntos_de_calor_Colombia_2026-10-02.csv,2026-10-04T23:58:41Z,47,Magdalena,47707,Santa Ana,asignado,cache_geometrico,false,0,,,,asignado,321122,3.2.1.1.2.2. Herbazal denso inundable arbolado,3,32,321,3211,32112,321122,SI,Landsat_2024_mediana_28042025,<Null>,false,0,,,,,dentro,0.00,3,0,3,LAM3915|LAM6084|LAM0437,BLOQUE DE PERFORACION EXPLORATORIA GUAMA|BLOQUE DE EXPLOTACIÓN GUAMA|ÁREA DE PERFORACIÓN EXPLORATORIA LA PINTA 1 Y 2,"PACIFIC STRATUS ENERGY COLOMBIA CORP.|PACIFIC STRATUS ENERGY COLOMBIA CORP|FRONTERA ENERGY COLOMBIA CORP., SUCURSAL COLOMBIA",poligono,mas_de_5_km,,0,,,,,,
798ff7f6ea838eb2c7f47bcc,2026-10-02T13:36-05:00,2026-10-02T18:36:00Z,2026-10-02,3.65994,-71.40495,VIIRS-NOAA-20,NOAA-20,VIIRS,56.2,-1.7,2.7,Nominal,D,0.41,0.45,true,true,Puntos_de_calor_Colombia_2026-10-02.csv,2026-10-04T23:58:41Z,50,Meta,50568,Puerto Gaitán,asignado,cache_geometrico,false,0,,,,asignado,321111,3.2.1.1.1.1.  Herbazal denso de tierra firme no arbolado,3,32,321,3211,32111,321111,SI,"Landsat_2024_mediana_28042025,L9_657_20240412,  L9_658_20240224","Basemap, Planet Medres Normalized Analytic 2024-01 Mosaic",false,0,,,,,entre_1_y_5_km,3719.09,4,1,3,LAM0066|LAM0019,"EXPLORACION POZOS RUBIALES 18, 19, 20, 21, 22, 23, 24 Y 25 (PAVIMENTACION BONGA -P G|Explotación de hidrocarburos Campo Rubiales|CAMPO RUBIALES|EIA Mod L. G. Campo Rubiales",COPLEX COLOMBIA LIMITED|Ecopetrol S.A.|META PETROLEUM CORP|ECOPETROL S.A.,poligono,entre_1_y_5_km,1681.92,1,0366,RUBIALES,RUBIALES,ECOPETROL S.A.,PRODUCCION,CONVENIO DE EXPLOTACION
8191efb5051a04ee27cfd1f3,2026-10-02T13:36-05:00,2026-10-02T18:36:00Z,2026-10-02,5.17924,-70.22489,VIIRS-NOAA-20,NOAA-20,VIIRS,66.5,5.9,8.5,Nominal,D,0.52,0.5,true,true,Puntos_de_calor_Colombia_2026-10-02.csv,2026-10-04T23:58:41Z,99,Vichada,99524,La Primavera,asignado,cache_geometrico,false,0,,,,asignado,321122,3.2.1.1.2.2. Herbazal denso inundable arbolado,3,32,321,3211,32112,321122,SI,Landsat_2024_mediana_28042025,GoogleEarth,false,0,,,,,mas_de_5_km,,0,0,0,,,,,mas_de_5_km,,0,,,,,,
82c30e98b751ee24655ef9c5,2026-10-02T13:36-05:00,2026-10-02T18:36:00Z,2026-10-02,4.75843,-70.59409,VIIRS-NOAA-20,NOAA-20,VIIRS,58.8,0.7,3.2,Nominal,D,0.48,0.48,true,true,Puntos_de_calor_Colombia_2026-10-02.csv,2026-10-04T23:58:41Z,99,Vichada,99624,Santa Rosalía,asignado,cache_geometrico,false,0,,,,asignado,321111,3.2.1.1.1.1.  Herbazal denso de tierra firme no arbolado,3,32,321,3211,32111,321111,SI,Landsat_2024_mediana_28042025,GoogleEarth,false,0,,,,,entre_1_y_5_km,4812.88,1,0,1,LAM3970,AREA DE PERFORACION EXPLORATORIA SALTARIN,HOCOL S.A.,poligono,mas_de_5_km,,0,,,,,,
96db38af455a5af1e69986b0,2026-10-02T13:36-05:00,2026-10-02T18:36:00Z,2026-10-02,4.88893,-70.06293,VIIRS-NOAA-20,NOAA-20,VIIRS,68.4,11,5,Nominal,D,0.53,0.5,true,true,Puntos_de_calor_Colombia_2026-10-02.csv,2026-10-04T23:58:41Z,99,Vichada,99773,Cumaribo,asignado,cache_geometrico,false,0,,,,asignado,321111,3.2.1.1.1.1.  Herbazal denso de tierra firme no arbolado,3,32,321,3211,32111,321111,SI,Landsat_2024_mediana_28042025,GoogleEarth,false,0,,,,,mas_de_5_km,,0,0,0,,,,,mas_de_5_km,,0,,,,,,
a88c70baf0bf8f53b10fdf9a,2026-10-02T13:36-05:00,2026-10-02T18:36:00Z,2026-10-02,5.18314,-70.23026,VIIRS-NOAA-20,NOAA-20,VIIRS,55.1,4,4.8,Nominal,D,0.52,0.5,true,true,Puntos_de_calor_Colombia_2026-10-02.csv,2026-10-04T23:58:41Z,99,Vichada,99524,La Primavera,asignado,cache_geometrico,false,0,,,,asignado,321111,3.2.1.1.1.1.  Herbazal denso de tierra firme no arbolado,3,32,321,3211,32111,321111,SI,Landsat_2024_mediana_28042025,GoogleEarth,false,0,,,,,mas_de_5_km,,0,0,0,,,,,mas_de_5_km,,0,,,,,,
e18aab40b2acd6666090a051,2026-10-02T13:36-05:00,2026-10-02T18:36:00Z,2026-10-02,4.01268,-70.71448,VIIRS-NOAA-20,NOAA-20,VIIRS,59.4,7.1,2.9,Nominal,D,0.46,0.47,true,true,Puntos_de_calor_Colombia_2026-10-02.csv,2026-10-04T23:58:41Z,99,Vichada,99773,Cumaribo,asignado,cache_geometrico,false,0,,,,asignado,321111,3.2.1.1.1.1.  Herbazal denso de tierra firme no arbolado,3,32,321,3211,32111,321111,SI,"Landsat_2024_mediana_28042025, L9_657_20240412, L9_557_20240225","GoogleEarth, BingMaps, Planet Medres Normalized Analytic 2024-01 Mosaic",false,0,,,,,mas_de_5_km,,0,0,0,,,,,mas_de_5_km,,0,,,,,,
1c1ea0dc72b0930b20ce4a68,2026-10-02T13:38-05:00,2026-10-02T18:38:00Z,2026-10-02,9.47919,-73.44548,VIIRS-NOAA-20,NOAA-20,VIIRS,62.2,19.8,2.5,Nominal,D,0.56,0.43,true,true,Puntos_de_calor_Colombia_2026-10-02.csv,2026-10-04T23:58:41Z,20,Cesar,20178,Chiriguaná,asignado,cache_geometrico,false,0,,,,asignado,243,"2.4.3. Mosaico de cultivos, pastos y espacios naturales",2,24,243,,,,SI,Landsat_2024_mediana_28042025,<Null>,false,0,,,,,dentro,0.00,7,0,7,LAM3308|LAM0034|LAM3271|LAV0106-00-2014,"EXPLORACIÓN DE HIDROCARBUROS (GAS Y PETRÓLEO) Y GAS METANO ASOCIADO A CARBON DENOMINADO LA LOMA|GASODUCTO BALLENAS BARRANCABERMEJA|EXPLOTACIÓN MINERA EN LAS ÁREAS DE LOS CONTRATOS 144/97 EL DESCANSO, 283/95 Y 284/95 RINCÓN HONDO|PRODUCCIÓN DE GAS EN EL ÁREA DE DESARROLLO CAPORO NORTE|EXPLOTACIÓN CARBONÍFERA DESCANSO NORTE|Modificación de licencia ambiental proyecto minero El Descanso-El Descanso Sur|EXPLOTACIÓN MINERA EN LAS ÁREAS DE LOS CONTRATOS 144/97 EL DESCANSO, 283/95 SIMILOA, Y 284/95 RINCÓN HONDO.",DRUMMOND LTD|TRANSPORTADORA DE GAS INTERNACIONAL S.A. E.S.P. - TGI S.A. E.S.P.|DRUMMOND LTDA.,poligono|linea,dentro,0.00,2,0379|0075,LA LOMA ADICIONAL|LA LOMA,PAUJIL-CANARIO|LA LOMA,"DRUMMOND ENERGY, INC",EVALUACION,CONTRATO DE EXPLORACION Y PRODUCCION (E&P)|CONTRATO DE EXPLORACION Y EXPLOTACION (E&E)
32732d449c0d631d11076309,2026-10-02T13:38-05:00,2026-10-02T18:38:00Z,2026-10-02,9.11243,-73.00871,VIIRS-NOAA-20,NOAA-20,VIIRS,58.7,18.6,2.2,Nominal,D,0.39,0.44,true,true,Puntos_de_calor_Colombia_2026-10-02.csv,2026-10-04T23:58:41Z,54,Norte De Santander,54206,Convención,asignado,cache_geometrico,true,1,44,Catatumbo Barí,Parque Nacional Natural,asignado,242,2.4.2. Mosaico de pastos y cultivos,2,24,242,,,,SI,"Landsat9_854_31/07/2024, Landsat_2024_mediana_28042025",,false,0,,,,,mas_de_5_km,,0,0,0,,,,,entre_1_y_5_km,3385.75,1,0154,RIO DE ORO,RIO DE ORO,IBEROAMERICANA DE HIDROCARBUROS ENERGY COLOMBIA S.A.S.,PRODUCCION,CONVENIO DE EXPLOTACION
3b11431ea596b3d6e709cd2d,2026-10-02T13:38-05:00,2026-10-02T18:38:00Z,2026-10-02,9.20549,-73.65847,VIIRS-NOAA-20,NOAA-20,VIIRS,60.4,18.2,5.6,Nominal,D,0.54,0.42,true,true,Puntos_de_calor_Colombia_2026-10-02.csv,2026-10-04T23:58:41Z,20,Cesar,20228,Curumaní,asignado,cache_geometrico,false,0,,,,asignado,231,2.3.1. Pastos limpios,2,23,231,,,,SI,Landsat_2024_mediana_28042025,,false,0,,,,,entre_1_y_5_km,1693.71,9,0,9,LAM0034|LAM2375|LAM6817-00|LAM4166|LAM0832|LAV0014-00-2022|LAM2941,"GASODUCTO BALLENAS BARRANCABERMEJA|RED FERREA DEL ATLANTICO, REHABILITACION, CONSERVACION Y MANTENIMIENTO DE RED FERREA EN LOS SECTORES DE BOGOTA - SANTA MARTA, BOGOTA -  BELENCITO, LA CARO – LENGUAZAQUE, BELLO - PUERTO BERRIO|CONTRATO VE-313-2017 ENTRE AGENCIA NACIONAL DE INFRAESTRUCTURA – ANI Y CONSORCIO IBINES FÉRREO CIF|PROYECTO DENOMINADO “CONSTRUCCIÓN DE LA LÍNEA FÉRREA DOBLE LA LOMA – PUERTO DRUMMOND, SECTOR 2 (PK865+000 – PK910+000) DE LA RED FÉRREA DEL ATLÁNTICO”|AMPLIACIÓN DE POLIDUCTOS POZOS COLORADOS – AYACUCHO|LÍNEA DE TRANSMISIÓN LA LOMA – SOGAMOSO A 500 kV|LÍNEA DE TRANSMISIÓN A 500 KV, CIRCUITO SENCILLO BOLIVAR – COPY – OCAÑA – PRIMAVERA Y ASOCIADAS",TRANSPORTADORA DE GAS INTERNACIONAL S.A. E.S.P. - TGI S.A. E.S.P.|FERROCARRILES DEL NORTE DE COLOMBIA S.A FENOCO S.A|Agencia Nacional de Infraestructura - ANI|ECOPETROL S.A.|INTERCONEXION ELECTRICA S.A. E.S.P.,linea|poligono,mas_de_5_km,,0,,,,,,
5e3d2c1ab8e1f7d4bd28a6da,2026-10-02T13:38-05:00,2026-10-02T18:38:00Z,2026-10-02,10.31807,-75.48487,VIIRS-NOAA-20,NOAA-20,VIIRS,60,1.4,3.3,Nominal,D,0.44,0.39,true,true,Puntos_de_calor_Colombia_2026-10-02.csv,2026-10-04T23:58:41Z,13,Bolívar,13001,Cartagena De Indias,asignado,cache_geometrico,false,0,,,,asignado,121,1.2.1. Zonas industriales o comerciales,1,12,121,,,,SI,Landsat_2024_mediana_28042025,Sentinel_2024_mediana_11042025,false,0,,,,,dentro,0.00,69,0,69,LAM0761|LAM0241|LAM5466|LAM7829-00|LAM0862|LAV0045-00-2017|LAV0057-00-2016|LAM2493|LAM0407|LAV0087-00-2014|LAV0023-00-2015|LAM2745|LAM7173-00|LAM1441|LAV0003-00-2016|LAV0004-00-2020|LAM7378-00|LAM1458|LAM0666|LAM6824-00|LAM0712|LAM1581|LAM4031|LAM2191|LAM3207|LAM2145|LAM1872|LAV0100-00-2015|LAM2253|LAM6307|LAM2972|LAM3667,"REFINERIA DE CARTAGENA|PLAN MAESTRO DE DESARROLO REFINERÍA DE CARTAGENA|CONSTRUCCIÓN Y OPERACIÓN GASODUCTO DE LA COSTA ATLÁNTICA, (BALLENA CARTAGENA, BARRANQUILLA), Y CONSTRUCCIÓN DEL LOOP PALOMINO LA MAMI.|SEGUNDA CALZADA GAMBOTE - MAMONAL-VARIANTE CARTAGENA –RUTA DEL CARIBE|PLANTA DE ABASTO LA CANDELARIA|COMBUSTOLEODUCTO AYACUCHO - RETIRO - COVEÑAS|GASODUCTO MAMONAL - PAIVA|Construcción y Operación del ramal a Reficar|OPERACION Y EL MANTENIMIENTO DEL POLIDUCTO CARTAGENA BARANOA Y SU INFRAESTRUCTURA ASOCIADA|ADECUACION DE MUELLES DE BOTES REFINERIA ECOPETROL|PUERTO EL CAYAO PARA LA CONSTRUCCIÓN DE UNA TERMINAL DE IMPORTACIÓN, REGASIFICACIÓN, Y POTENCIAL EXPORTACIÓN DE GAS NATURAL LICUADO|CONSTRUCCIÓN Y OPERACIÓN DEL GASODUCTO LOOP SAN MATEO MAMONAL|PLATAFORMA MARINA PARA EL RECIBO BASES LUBRICANTES EXXONMOBIL DE COLOMBIA - MAMONAL|OBRAS MENORES EN EL MUELLE PETROLERO DE LA EMPRESA TEXAS PETROLEUM COMPANY, HOY CHEVRON PRETROLEUM COMPANY|CONSTRUCCION Y OPERACION DE TERMINAL PORTUARIO DESTINADO AL MANEJO DE HIDROCARBUROS Y SUS DERIVADOS.|PLAN MAESTRO DE DESARROLLO REFINERÍA DE CARTAGENA|CONSTRUCCIÓN DE LA SEGUNDA LÍNEA BOLÍVAR - CARTAGENA  A 200Kv UPME-05-2012|AMPLIACIÓN DEL TERMINAL PORTUARIO OILTANKING COLOMBIA S.A|AMPLIACIÓN DEL TERMINAL PORTUARIO OILTANKING COLOMBIA S.A.|AMPLIACIÓN Y ENSANCHE DEL MUELLE COLCLINKER, UBICADO EN CARTAGENA-BOLÍVAR|Puerto de Mamonal|CONSTRUCCIÓN DE UN TERMINAL DE SERVICIOS PÚBLICOS UBICADO AL MARGEN ORIENTAL DE LA BAHÍA DE CARTAGENA Y CONSTRUCCIÓN DE PISCINAS VERTEDORAS|ZOOCRIADERO CEIBA ROJA S.A|FORMULACION DE PLAGUICIDAS AMPLIACIÓN DE LA PLANTA DE DOW|PLANTA PRODUCTORA DE PLAGUICIDAS|PLANTA DE FORMULACIÓN Y EMPAQUES DE PRODUCTOS PARA LA PROTECCIÓN DE CULTIVOS SYNGENTA S.A. – CARTAGENA|EXPLORACIÓN Y APROPIACIÓN DE MARGAS, ARCILLAS, MINERAL CALIZA, Y YACIMIENTOS CALCÁREOS; EL MANEJO Y ALMACENAMIENTO Y CARGUE DE CARBON LA ACTIVIDAD INDUSTRIAL DE FABRICACIÓN DE CEMENTO.|CONSTRUCCION DE DOS ESTACIONES COMPRESORAS EN CARTAGENA Y JOBO|Estación Compresora Cartagena y Sahagún|Planta de Producción de Bolsas Plásticas Impregnadas de Plaguicidas|PLAN DE RESTAURACIÓN Y RECUPERACIÓN AMBIENTAL DE LOS  ECOSISTEMAS  DRAGADOS DEL CANAL DEL DIQUE.|PROYECTO TÉRMICO MAMONAL 3.|CONSTRUCCIÓN DE UN TERMINAL PARA EL MANEJO DE CARGA A GRANEL EN LA BAHÍA DE CARTAGENA SECTOR MAMONAL|LÍNEA DE TRANSMISIÓN A 230 KV. CIRCUITO SENCILLO SABANALARGA-CARTAGENA|PROYECTO DISPOSICIÓN DE RESIDUOS DE ORIGEN ANIMAL, PROVENIENTE DE EMPRESAS PROCESADORAS DE PESCADO Y ACTIVIDADES DE ALMACENAMIENTO Y TRATAMIENTO PREVIO DE AGUAS SENTINAS Y ACEITES USADOS|CRUCE SUBACUÁTICO PUNTA IGUANA-GASODUCTO PASACABALLOS-BARÚ|CENTRAL TERMOELÉCTRICA CARTAGENA",REFINERIA DE CARTAGENA|REFINERIA DE CARTAGENA S.A|PROMIGAS S.A. E.S.P|CONSORCIO VIAL HELIOS|AUTOPISTAS DEL SOL S.A.S|PETRÓLEOS DEL MILENIO S. A. S. PETROMIL S.A.S.|ECOPETROL S.A.|PROMIGAS S.A E.S.P|LÍNEAS DE CONDUCCIÓN SAS - LINDECON S.A.S|REFINERIA DE CARTAGENA S.A.|SOCIEDAD PORTUARIA EL CAYAO S.A E.S.P|EXXON MOBIL DE COLOMBIA S.A.|CHEVRON PETROLEUM COMPANY|BIOMAX BIOCOMBUSTIBLES S.A|EMPRESA DE ENERGÍA DE BOGOTÁ – EEB|OILTANKING COLOMBIA S.A|OILTANKING COLOMBIA S.A.|CONCRETOS ARGOS S.A.|Puerto de Mamonal S.A.|PUERTO DE MAMONAL S.A.|CEIBA ROJA S.A.|DOW AGROSCIENCES DE COLOMBIA S.A.|SYNGENTA S.A.|CEMENTOS ARGOS S.A.|Promigas S.A. E.S.P.|POLYBAN INTERNACIONAL S.A.|CORPORACION AUTONOMA REGIONAL DEL RIO GRANDE DE LA MAGDALENA|TERMOCANDELARIA S.A E.S.P.|SOCIEDAD PORTUARIA BULLPESA S.A.|INTERCONEXION ELECTRICA S.A. E.S.P. ISA|CARMAN INTERNACIONAL S.A.S|SURTIGAS S.A E.S.P.|EMGESA S.A E.S.P.,poligono|linea|punto,entre_1_y_5_km,3182.67,1,0346,SN 15,NO APLICA,HOCOL S.A.,EXPLORACION,CONTRATO DE EXPLORACION Y PRODUCCION (E&P)
8123431685ebd117ef7b430b,2026-10-02T13:38-05:00,2026-10-02T18:38:00Z,2026-10-02,8.82317,-72.85034,VIIRS-NOAA-20,NOAA-20,VIIRS,69.4,20,4.3,Nominal,D,0.39,0.44,true,true,Puntos_de_calor_Colombia_2026-10-02.csv,2026-10-04T23:58:41Z,54,Norte De Santander,54810,Tibú,asignado,cache_geometrico,false,0,,,,asignado,243,"2.4.3. Mosaico de cultivos, pastos y espacios naturales",2,24,243,,,,SI,Landsat_2024_mediana_28042025,GoogleEarth,false,0,,,,,entre_1_y_5_km,4696.51,1,0,1,LAM4164,ESTABLECIMIENTO PLAN DE MANEJO AMBIENTAL TIBU - CAMPO TIBU,ECOPETROL S.A.,poligono,entre_1_y_5_km,4662.71,1,0093,TIBU,TIBU,ECOPETROL S.A.,PRODUCCION,CONVENIO DE EXPLOTACION
98097f6fc82abfd5ff16600a,2026-10-02T13:38-05:00,2026-10-02T18:38:00Z,2026-10-02,8.32212,-72.93486,VIIRS-NOAA-20,NOAA-20,VIIRS,64.3,12.2,4,Nominal,D,0.38,0.43,true,true,Puntos_de_calor_Colombia_2026-10-02.csv,2026-10-04T23:58:41Z,54,Norte De Santander,54720,Sardinata,asignado,cache_geometrico,false,0,,,,asignado,231,2.3.1. Pastos limpios,2,23,231,,,,SI,Landsat_2024_mediana_28042025,GoogleEarth,false,0,,,,,mas_de_5_km,,0,0,0,,,,,mas_de_5_km,,0,,,,,,
9ecfe3521e949784390ba820,2026-10-02T13:38-05:00,2026-10-02T18:38:00Z,2026-10-02,8.16943,-72.91781,VIIRS-NOAA-20,NOAA-20,VIIRS,68.3,11.2,7.5,Nominal,D,0.38,0.43,true,true,Puntos_de_calor_Colombia_2026-10-02.csv,2026-10-04T23:58:41Z,54,Norte De Santander,54720,Sardinata,asignado,cache_geometrico,false,0,,,,asignado,3232,3.2.3.2. Vegetación secundaria baja,3,32,323,3232,,,SI,Landsat_2024_mediana_28042025,GoogleEarth,false,0,,,,,mas_de_5_km,,0,0,0,,,,,mas_de_5_km,,0,,,,,,
a76b98e416e5853e521ff17f,2026-10-02T13:38-05:00,2026-10-02T18:38:00Z,2026-10-02,9.03677,-73.76527,VIIRS-NOAA-20,NOAA-20,VIIRS,63.4,16.5,5.4,Nominal,D,0.52,0.42,true,true,Puntos_de_calor_Colombia_2026-10-02.csv,2026-10-04T23:58:41Z,20,Cesar,20787,Tamalameque,asignado,cache_geometrico,true,1,1511,Complejo Cenagoso de Zapatosa,Distritos Regionales de Manejo Integrado,asignado,3232,3.2.3.2. Vegetación secundaria baja,3,32,323,3232,,,SI,Landsat_2024_mediana_28042025,,false,0,,,,,mas_de_5_km,,0,0,0,,,,,mas_de_5_km,,0,,,,,,
b6de9310c0cd4975315999b2,2026-10-02T13:38-05:00,2026-10-02T18:38:00Z,2026-10-02,8.44174,-72.82009,VIIRS-NOAA-20,NOAA-20,VIIRS,59.8,1.4,2.3,Nominal,D,0.39,0.44,true,true,Puntos_de_calor_Colombia_2026-10-02.csv,2026-10-04T23:58:41Z,54,Norte De Santander,54810,Tibú,asignado,cache_geometrico,false,0,,,,asignado,31111,3.1.1.1.1. Bosque denso alto de tierra firme,3,31,311,3111,31111,,SI,Landsat_2024_mediana_28042025,Basemap,false,0,,,,,mas_de_5_km,,0,0,0,,,,,mas_de_5_km,,0,,,,,,
b7003d292352adb679ca7a64,2026-10-02T13:38-05:00,2026-10-02T18:38:00Z,2026-10-02,8.33969,-73.82924,VIIRS-NOAA-20,NOAA-20,VIIRS,56.5,15.7,,Nominal,D,0.51,0.41,true,true,Puntos_de_calor_Colombia_2026-10-02.csv,2026-10-04T23:58:41Z,13,Bolívar,13473,Morales,asignado,cache_geometrico,false,0,,,,asignado,3232,3.2.3.2. Vegetación secundaria baja,3,32,323,3232,,,SI,Landsat_2024_mediana_28042025,GoogleEarth,false,0,,,,,dentro,0.00,1,0,1,LAM2762,"AREA DE PERFORACION EXPLORATORIA ""BLOQUE TIMBAL""",GEOPETROCOL S.A.,poligono,mas_de_5_km,,0,,,,,,
babbcb573739129b751fccc1,2026-10-02T13:38-05:00,2026-10-02T18:38:00Z,2026-10-02,8.16897,-72.921,VIIRS-NOAA-20,NOAA-20,VIIRS,61.6,12.3,7.5,Nominal,D,0.38,0.43,true,true,Puntos_de_calor_Colombia_2026-10-02.csv,2026-10-04T23:58:41Z,54,Norte De Santander,54720,Sardinata,asignado,cache_geometrico,false,0,,,,asignado,243,"2.4.3. Mosaico de cultivos, pastos y espacios naturales",2,24,243,,,,SI,Landsat_2024_mediana_28042025,GoogleEarth,false,0,,,,,mas_de_5_km,,0,0,0,,,,,mas_de_5_km,,0,,,,,,
c716e3d383e501ff80383a55,2026-10-02T13:38-05:00,2026-10-02T18:38:00Z,2026-10-02,9.26022,-73.6612,VIIRS-NOAA-20,NOAA-20,VIIRS,58,22,2,Nominal,D,0.54,0.42,true,true,Puntos_de_calor_Colombia_2026-10-02.csv,2026-10-04T23:58:41Z,20,Cesar,20228,Curumaní,asignado,cache_geometrico,true,1,1511,Complejo Cenagoso de Zapatosa,Distritos Regionales de Manejo Integrado,asignado,231,2.3.1. Pastos limpios,2,23,231,,,,SI,Landsat_2024_mediana_28042025,,false,0,,,,,mas_de_5_km,,0,0,0,,,,,mas_de_5_km,,0,,,,,,
d2705657e5d73c8fe046a609,2026-10-02T13:38-05:00,2026-10-02T18:38:00Z,2026-10-02,9.02524,-72.83159,VIIRS-NOAA-20,NOAA-20,VIIRS,67,18.4,4.7,Nominal,D,0.4,0.44,true,true,Puntos_de_calor_Colombia_2026-10-02.csv,2026-10-04T23:58:41Z,54,Norte De Santander,54810,Tibú,asignado,cache_geometrico,false,0,,,,asignado,231,2.3.1. Pastos limpios,2,23,231,,,,SI,Landsat_2024_mediana_28042025,<Null>,false,0,,,,,mas_de_5_km,,0,0,0,,,,,mas_de_5_km,,0,,,,,,
deb591b316432e4ca3437557,2026-10-02T13:38-05:00,2026-10-02T18:38:00Z,2026-10-02,7.96101,-72.89233,VIIRS-NOAA-20,NOAA-20,VIIRS,59.2,10.9,6.6,Nominal,D,0.57,0.43,true,true,Puntos_de_calor_Colombia_2026-10-02.csv,2026-10-04T23:58:41Z,54,Norte De Santander,54418,Lourdes,asignado,cache_geometrico,false,0,,,,asignado,31111,3.1.1.1.1. Bosque denso alto de tierra firme,3,31,311,3111,31111,,SI,Landsat_2024_mediana_28042025,GoogleEarth,false,0,,,,,mas_de_5_km,,0,0,0,,,,,mas_de_5_km,,0,,,,,,
f26a81572c99126e320831f4,2026-10-02T13:38-05:00,2026-10-02T18:38:00Z,2026-10-02,9.55591,-73.78047,VIIRS-NOAA-20,NOAA-20,VIIRS,63.2,22.2,2.4,Nominal,D,0.53,0.42,true,true,Puntos_de_calor_Colombia_2026-10-02.csv,2026-10-04T23:58:41Z,20,Cesar,20250,El Paso,asignado,cache_geometrico,false,0,,,,asignado,233,2.3.3. Pastos enmalezados,2,23,233,,,,SI,Landsat_2024_mediana_28042025,<Null>,false,0,,,,,entre_1_y_5_km,2482.26,2,0,2,LAM4387|LAM1321,CENTRAL CARBOELÉCTRICA LA LOMA|BLOQUE DE PERFORACION EXPLORATORIA MARACAS,EMPRESAS PÚBLICAS DE MEDELLÍN E.S.P. - EPM|TEXICAN OIL LTD,poligono,dentro,0.00,2,0494|0379,VIM 42|LA LOMA ADICIONAL,NO APLICA|PAUJIL-CANARIO,"LEWIS ENERGY COLOMBIA INC|DRUMMOND ENERGY, INC",EXPLORACION|EVALUACION,CONTRATO DE EXPLORACION Y PRODUCCION (E&P)
1698ec90cd5cfb78b6728064,2026-10-03T01:16-05:00,2026-10-03T06:16:00Z,2026-10-03,9.73893,-73.50738,VIIRS-NOAA-21,NOAA-21,VIIRS,31.3,4.6,1,Nominal,N,0.42,0.38,true,true,Puntos_de_calor_Colombia_2026-10-03.csv,2026-10-05T22:03:22Z,20,Cesar,20045,Becerril,asignado,cache_geometrico,false,0,,,,asignado,1313,1.3.1.3. Explotación de carbón,1,13,131,1313,,,SI,Landsat_2024_mediana_28042025,,true,1,144-97,(8000213085) DRUMMOND LTDA.\ (8300377743) DRUMMOND COAL MINING L L C,Explotación,"ANTRACITA, CARBÓN METALÚRGICO, CARBÓN TÉRMICO",dentro,0.00,12,0,12,LAM3271|LAM3308|LAM1321|LAM2622,"EXPLOTACIÓN CARBONÍFERA DESCANSO NORTE|EXPLOTACIÓN MINERA EN LAS ÁREAS DE LOS CONTRATOS 144/97 ""EL DESCANSO"", 283/95 ""SIMILOA"" Y 284/95 ""RINCÓN HONDO"".|EXPLORACIÓN DE HIDROCARBUROS (GAS Y PETRÓLEO) Y GAS METANO ASOCIADO A CARBON DENOMINADO LA LOMA|BLOQUE DE PERFORACION EXPLORATORIA MARACAS|Proyecto Carbonífero Calenturitas",DRUMMOND LTDA.|DRUMMOND LTD.|DRUMMOND LTD|TEXICAN OIL LTD|Sociedad C.I. Prodeco S.A,poligono,dentro,0.00,3,0372|0379|0075,CR 4|LA LOMA ADICIONAL|LA LOMA,NO APLICA|PAUJIL-CANARIO|LA LOMA,"DRUMMOND ENERGY, INC",EXPLORACION|EVALUACION|PRODUCCION,CONTRATO DE EXPLORACION Y PRODUCCION (E&P)|CONTRATO DE EXPLORACION Y EXPLOTACION (E&E)
4e73cb8d74489bbae4637232,2026-10-03T01:16-05:00,2026-10-03T06:16:00Z,2026-10-03,9.74523,-73.50255,VIIRS-NOAA-21,NOAA-21,VIIRS,28.6,4.4,1.3,Nominal,N,0.42,0.38,true,true,Puntos_de_calor_Colombia_2026-10-03.csv,2026-10-05T22:03:22Z,20,Cesar,20013,Agustín Codazzi,asignado,cache_geometrico,false,0,,,,asignado,1313,1.3.1.3. Explotación de carbón,1,13,131,1313,,,SI,Landsat_2024_mediana_28042025,,true,1,144-97,(8000213085) DRUMMOND LTDA.\ (8300377743) DRUMMOND COAL MINING L L C,Explotación,"ANTRACITA, CARBÓN METALÚRGICO, CARBÓN TÉRMICO",dentro,0.00,14,0,14,LAM3271|LAM3308|LAM1321|LAM2622,"EXPLOTACIÓN CARBONÍFERA DESCANSO NORTE|EXPLOTACIÓN MINERA EN LAS ÁREAS DE LOS CONTRATOS 144/97 ""EL DESCANSO"", 283/95 ""SIMILOA"" Y 284/95 ""RINCÓN HONDO"".|EXPLORACIÓN DE HIDROCARBUROS (GAS Y PETRÓLEO) Y GAS METANO ASOCIADO A CARBON DENOMINADO LA LOMA|BLOQUE DE PERFORACION EXPLORATORIA MARACAS|Proyecto Carbonífero Calenturitas",DRUMMOND LTDA.|DRUMMOND LTD.|DRUMMOND LTD|TEXICAN OIL LTD|Sociedad C.I. Prodeco S.A,poligono,dentro,0.00,3,0372|0379|0075,CR 4|LA LOMA ADICIONAL|LA LOMA,NO APLICA|PAUJIL-CANARIO|LA LOMA,"DRUMMOND ENERGY, INC",EXPLORACION|EVALUACION|PRODUCCION,CONTRATO DE EXPLORACION Y PRODUCCION (E&P)|CONTRATO DE EXPLORACION Y EXPLOTACION (E&E)
536836ef8a154a333a20e03d,2026-10-03T01:16-05:00,2026-10-03T06:16:00Z,2026-10-03,11.13526,-72.57572,VIIRS-NOAA-21,NOAA-21,VIIRS,49.1,21.4,5.6,Nominal,N,0.4,0.37,true,true,Puntos_de_calor_Colombia_2026-10-03.csv,2026-10-05T22:03:22Z,44,La Guajira,44035,Albania,asignado,cache_geometrico,false,0,,,,asignado,1313,1.3.1.3. Explotación de carbón,1,13,131,1313,,,SI,Landsat_2024_mediana_28042025,"GoogleEarth, Basemap",true,3,00-1976|00-1976(MT-001)|00-1976(MT-002),(8300780386) CERREJON ZONA NORTE SOCIEDAD ANONIMA - CZN S.A.\ (8600698042) CARBONES DEL CERREJON - CERREJON CDC C DEL C||,Explotación|Explotación|Explotación,"ANTRACITA, ARENAS ARCILLOSAS, ARENAS FELDESPÁTICAS, ARENAS INDUSTRIALES, ARENAS SILICEAS, CARBÓN, CARBÓN METALÚRGICO, CARBÓN TÉRMICO, GRAVAS, RECEBO|ANTRACITA, ARENAS ARCILLOSAS, ARENAS FELDESPÁTICAS, ARENAS INDUSTRIALES, ARENAS SILICEAS, CARBÓN, CARBÓN METALÚRGICO, CARBÓN TÉRMICO, GRAVAS, RECEBO|ANTRACITA, ARENAS ARCILLOSAS, ARENAS FELDESPÁTICAS, ARENAS INDUSTRIALES, ARENAS SILICEAS, CARBÓN, CARBÓN METALÚRGICO, CARBÓN TÉRMICO, GRAVAS, RECEBO",dentro,0.00,16,2,14,LAM0683|LAM1094|LAV0020-00-2022|LAM3256|LAV0033-00-2024|LAV0033-00-2023|LAV0019-00-2025,BLOQUE EXPLORATORIO PATILLAL NORESTE|PROYECTO MINERO DE EXPLOTACIÓN DE EXPLOTACIÓN DE CARBÓN BLOQUE CENTRAL DEL CERREJÓN ZONA NORTE. MINA EL CERREJÓN (ÁREAS INTEGRADAS).|OPERACIÓN Y MANTENIMIENTO DEL GASODUCTO ALBANIA - MAICAO|ÁREA DE PERFORACIÓN EXPLORATORIA CALISTO|LÍNEA ELÉCTRICA DE CONEXIÓN PARQUES EÓLICOS BETA Y ALPHA A SUBESTACIÓN CUESTECITAS|ESTUDIO DE IMPACTO AMBIENTAL SUBESTACION COLECTORA 500kV Y LINEAS DE TRANSMISION COLECTORA CUESTECITAS Y CUESTECITAS LA LOMA 500kV - CONEXIÓN COLECTORA CUESTECITAS|LÍNEA DE TRANSMISIÓN 500 KV DOBLE CIRCUITO – CONEXIÓN PARQUES EÓLICOS CAMELIAS A SUBESTACIÓN CUESTECITAS,DRUMMOND LTD|CARBONES DEL CERREJÓN LTD.|PROMIGAS S.A. E.S.P.|CARBONES DEL CERREJON LIMITED|ECOPETROL S.A.|EOLOS ENERGIA S.A.S. E.S.P.|Grupo Energía Bogotá S.A. ESP|CELSIA COLOMBIA S.A. E.S.P.,poligono|linea,dentro,0.00,1,0040,RIO RANCHERIA,NO APLICA,"DRUMMOND ENERGY, INC",EXPLORACION,CONTRATO DE ASOCIACION CON ECOPETROL
556fda507dab78017a3ab608,2026-10-03T01:16-05:00,2026-10-03T06:16:00Z,2026-10-03,9.76183,-73.47297,VIIRS-NOAA-21,NOAA-21,VIIRS,29.4,3.4,1,Nominal,N,0.42,0.38,true,true,Puntos_de_calor_Colombia_2026-10-03.csv,2026-10-05T22:03:22Z,20,Cesar,20013,Agustín Codazzi,asignado,cache_geometrico,false,0,,,,asignado,1313,1.3.1.3. Explotación de carbón,1,13,131,1313,,,SI,Landsat_2024_mediana_28042025,,true,1,144-97,(8000213085) DRUMMOND LTDA.\ (8300377743) DRUMMOND COAL MINING L L C,Explotación,"ANTRACITA, CARBÓN METALÚRGICO, CARBÓN TÉRMICO",dentro,0.00,14,0,14,LAM3271|LAM3308,"EXPLOTACIÓN CARBONÍFERA DESCANSO NORTE|EXPLOTACIÓN MINERA EN LAS ÁREAS DE LOS CONTRATOS 144/97 ""EL DESCANSO"", 283/95 ""SIMILOA"" Y 284/95 ""RINCÓN HONDO"".|EXPLORACIÓN DE HIDROCARBUROS (GAS Y PETRÓLEO) Y GAS METANO ASOCIADO A CARBON DENOMINADO LA LOMA",DRUMMOND LTDA.|DRUMMOND LTD.|DRUMMOND LTD,poligono,dentro,0.00,3,0372|0379|0075,CR 4|LA LOMA ADICIONAL|LA LOMA,NO APLICA|PAUJIL-CANARIO|LA LOMA,"DRUMMOND ENERGY, INC",EXPLORACION|EVALUACION|PRODUCCION,CONTRATO DE EXPLORACION Y PRODUCCION (E&P)|CONTRATO DE EXPLORACION Y EXPLOTACION (E&E)
5681b60a4baba0b19a1118e1,2026-10-03T01:16-05:00,2026-10-03T06:16:00Z,2026-10-03,11.146,-72.5331,VIIRS-NOAA-21,NOAA-21,VIIRS,37.2,21,3.6,Nominal,N,0.4,0.37,true,true,Puntos_de_calor_Colombia_2026-10-03.csv,2026-10-05T22:03:22Z,44,La Guajira,44035,Albania,asignado,cache_geometrico,false,0,,,,asignado,1313,1.3.1.3. Explotación de carbón,1,13,131,1313,,,SI,Landsat_2024_mediana_28042025,"GoogleEarth, Basemap",true,4,00-1976|00-1976(MT-001)|00-1976(MT-002)|MT-002,(8300780386) CERREJON ZONA NORTE SOCIEDAD ANONIMA - CZN S.A.\ (8600698042) CARBONES DEL CERREJON - CERREJON CDC C DEL C|||,Explotación|Explotación|Explotación|,"ANTRACITA, ARENAS ARCILLOSAS, ARENAS FELDESPÁTICAS, ARENAS INDUSTRIALES, ARENAS SILICEAS, CARBÓN, CARBÓN METALÚRGICO, CARBÓN TÉRMICO, GRAVAS, RECEBO|ANTRACITA, ARENAS ARCILLOSAS, ARENAS FELDESPÁTICAS, ARENAS INDUSTRIALES, ARENAS SILICEAS, CARBÓN, CARBÓN METALÚRGICO, CARBÓN TÉRMICO, GRAVAS, RECEBO|ANTRACITA, ARENAS ARCILLOSAS, ARENAS FELDESPÁTICAS, ARENAS INDUSTRIALES, ARENAS SILICEAS, CARBÓN, CARBÓN METALÚRGICO, CARBÓN TÉRMICO, GRAVAS, RECEBO|",dentro,0.00,11,2,9,LAM0683|LAM1094|LAV0020-00-2022|LAV0033-00-2024|LAV0019-00-2025|LAM3256|LAM8237-00,BLOQUE EXPLORATORIO PATILLAL NORESTE|PROYECTO MINERO DE EXPLOTACIÓN DE EXPLOTACIÓN DE CARBÓN BLOQUE CENTRAL DEL CERREJÓN ZONA NORTE. MINA EL CERREJÓN (ÁREAS INTEGRADAS).|OPERACIÓN Y MANTENIMIENTO DEL GASODUCTO ALBANIA - MAICAO|LÍNEA ELÉCTRICA DE CONEXIÓN PARQUES EÓLICOS BETA Y ALPHA A SUBESTACIÓN CUESTECITAS|LÍNEA DE TRANSMISIÓN 500 KV DOBLE CIRCUITO – CONEXIÓN PARQUES EÓLICOS CAMELIAS A SUBESTACIÓN CUESTECITAS|ÁREA DE PERFORACIÓN EXPLORATORIA CALISTO|Línea de transmisión cuestecitas – Majayura a 230 kv,DRUMMOND LTD|CARBONES DEL CERREJÓN LTD.|PROMIGAS S.A. E.S.P.|CARBONES DEL CERREJON LIMITED|EOLOS ENERGIA S.A.S. E.S.P.|CELSIA COLOMBIA S.A. E.S.P.|ECOPETROL S.A.|INTERCONEXION ELECTRICA S.A. E.S.P,poligono|linea,dentro,0.00,1,0040,RIO RANCHERIA,NO APLICA,"DRUMMOND ENERGY, INC",EXPLORACION,CONTRATO DE ASOCIACION CON ECOPETROL
588c46b6bf2fce802dfa3e85,2026-10-03T01:16-05:00,2026-10-03T06:16:00Z,2026-10-03,9.72003,-73.52185,VIIRS-NOAA-21,NOAA-21,VIIRS,30.5,7.6,,Nominal,N,0.42,0.38,true,true,Puntos_de_calor_Colombia_2026-10-03.csv,2026-10-05T22:03:22Z,20,Cesar,20045,Becerril,asignado,cache_geometrico,false,0,,,,asignado,1313,1.3.1.3. Explotación de carbón,1,13,131,1313,,,SI,Landsat_2024_mediana_28042025,,true,1,144-97,(8000213085) DRUMMOND LTDA.\ (8300377743) DRUMMOND COAL MINING L L C,Explotación,"ANTRACITA, CARBÓN METALÚRGICO, CARBÓN TÉRMICO",dentro,0.00,11,0,11,LAM3271|LAM1321|LAM3308|LAM2622,"EXPLOTACIÓN CARBONÍFERA DESCANSO NORTE|EXPLOTACIÓN MINERA EN LAS ÁREAS DE LOS CONTRATOS 144/97 ""EL DESCANSO"", 283/95 ""SIMILOA"" Y 284/95 ""RINCÓN HONDO"".|BLOQUE DE PERFORACION EXPLORATORIA MARACAS|EXPLORACIÓN DE HIDROCARBUROS (GAS Y PETRÓLEO) Y GAS METANO ASOCIADO A CARBON DENOMINADO LA LOMA|Proyecto Carbonífero Calenturitas",DRUMMOND LTDA.|DRUMMOND LTD.|TEXICAN OIL LTD|DRUMMOND LTD|Sociedad C.I. Prodeco S.A,poligono,dentro,0.00,3,0372|0379|0075,CR 4|LA LOMA ADICIONAL|LA LOMA,NO APLICA|PAUJIL-CANARIO|LA LOMA,"DRUMMOND ENERGY, INC",EXPLORACION|EVALUACION|PRODUCCION,CONTRATO DE EXPLORACION Y PRODUCCION (E&P)|CONTRATO DE EXPLORACION Y EXPLOTACION (E&E)
b3e3edcdace4a32e56391198,2026-10-03T01:16-05:00,2026-10-03T06:16:00Z,2026-10-03,9.75204,-73.54808,VIIRS-NOAA-21,NOAA-21,VIIRS,30.2,10,,Nominal,N,0.42,0.38,true,true,Puntos_de_calor_Colombia_2026-10-03.csv,2026-10-05T22:03:22Z,20,Cesar,20013,Agustín Codazzi,asignado,cache_geometrico,false,0,,,,asignado,314,3.1.4. Bosque de galería y ripario,3,31,314,,,,SI,Landsat_2024_mediana_28042025,<Null>,false,0,,,,,dentro,0.00,9,0,9,LAM3308|LAM1321|LAM3271,"EXPLORACIÓN DE HIDROCARBUROS (GAS Y PETRÓLEO) Y GAS METANO ASOCIADO A CARBON DENOMINADO LA LOMA|BLOQUE DE PERFORACION EXPLORATORIA MARACAS|EXPLOTACIÓN MINERA EN LAS ÁREAS DE LOS CONTRATOS 144/97 ""EL DESCANSO"", 283/95 ""SIMILOA"" Y 284/95 ""RINCÓN HONDO"".|EXPLOTACIÓN CARBONÍFERA DESCANSO NORTE",DRUMMOND LTD|TEXICAN OIL LTD|DRUMMOND LTD.|DRUMMOND LTDA.,poligono,dentro,0.00,3,0379|0075|0372,LA LOMA ADICIONAL|LA LOMA|CR 4,PAUJIL-CANARIO|LA LOMA|NO APLICA,"DRUMMOND ENERGY, INC",EVALUACION|PRODUCCION|EXPLORACION,CONTRATO DE EXPLORACION Y PRODUCCION (E&P)|CONTRATO DE EXPLORACION Y EXPLOTACION (E&E)
5a5e1033f4faeaeabdb40e75,2026-10-03T01:52-05:00,2026-10-03T06:52:00Z,2026-10-03,10.9726,-72.72972,VIIRS-Suomi-NPP,Suomi-NPP,VIIRS,32,17.9,1.6,Nominal,N,0.54,0.42,true,false,Puntos_de_calor_Colombia_2026-10-03.csv,2026-10-05T22:03:22Z,44,La Guajira,44078,Barrancas,asignado,cache_geometrico,false,0,,,,asignado,1313,1.3.1.3. Explotación de carbón,1,13,131,1313,,,SI,Landsat_2024_mediana_28042025,"GoogleEarth, Basemap",true,1,081-91,(8600698042) CARBONES DEL CERREJON - CERREJON CDC C DEL C,Explotación,"ANTRACITA, CARBÓN METALÚRGICO, CARBÓN TÉRMICO",dentro,0.00,13,0,13,LAM0683|LAM1094|LAV0051-00-2021|LAM4538,"BLOQUE EXPLORATORIO PATILLAL NORESTE|PROYECTO MINERO DE EXPLOTACIÓN DE EXPLOTACIÓN DE CARBÓN BLOQUE CENTRAL DEL CERREJÓN ZONA NORTE. MINA EL CERREJÓN (ÁREAS INTEGRADAS).|ÁREA DE PERFORACIÓN EXPLORATORIA DEL RÍO RANCHERÍA POZOS PATILLAL 2,3,4 Y 5|Interconexión Cuestecitas - Copey - Fundación 500/220 mil voltios",DRUMMOND LTD|CARBONES DEL CERREJÓN LTD.|INTERCONEXION ELECTRICA S.A. E.S.P.,poligono|punto|linea,dentro,0.00,2,0040|0380,RIO RANCHERIA|CR 2,NO APLICA,"DRUMMOND ENERGY, INC",EXPLORACION,CONTRATO DE ASOCIACION CON ECOPETROL|CONTRATO DE EXPLORACION Y PRODUCCION (E&P)
72c081e54c55e37daa0800c9,2026-10-03T01:52-05:00,2026-10-03T06:52:00Z,2026-10-03,10.97503,-72.7271,VIIRS-Suomi-NPP,Suomi-NPP,VIIRS,32.2,18.1,2.1,Nominal,N,0.54,0.42,true,false,Puntos_de_calor_Colombia_2026-10-03.csv,2026-10-05T22:03:22Z,44,La Guajira,44078,Barrancas,asignado,cache_geometrico,false,0,,,,asignado,1313,1.3.1.3. Explotación de carbón,1,13,131,1313,,,SI,Landsat_2024_mediana_28042025,"GoogleEarth, Basemap",true,1,081-91,(8600698042) CARBONES DEL CERREJON - CERREJON CDC C DEL C,Explotación,"ANTRACITA, CARBÓN METALÚRGICO, CARBÓN TÉRMICO",dentro,0.00,13,0,13,LAM0683|LAM1094|LAV0051-00-2021|LAM4538,"BLOQUE EXPLORATORIO PATILLAL NORESTE|PROYECTO MINERO DE EXPLOTACIÓN DE EXPLOTACIÓN DE CARBÓN BLOQUE CENTRAL DEL CERREJÓN ZONA NORTE. MINA EL CERREJÓN (ÁREAS INTEGRADAS).|ÁREA DE PERFORACIÓN EXPLORATORIA DEL RÍO RANCHERÍA POZOS PATILLAL 2,3,4 Y 5|Interconexión Cuestecitas - Copey - Fundación 500/220 mil voltios",DRUMMOND LTD|CARBONES DEL CERREJÓN LTD.|INTERCONEXION ELECTRICA S.A. E.S.P.,poligono|punto|linea,dentro,0.00,2,0040|0380,RIO RANCHERIA|CR 2,NO APLICA,"DRUMMOND ENERGY, INC",EXPLORACION,CONTRATO DE ASOCIACION CON ECOPETROL|CONTRATO DE EXPLORACION Y PRODUCCION (E&P)
94ac2c18e0b21babd67b1027,2026-10-03T01:52-05:00,2026-10-03T06:52:00Z,2026-10-03,10.97561,-72.72419,VIIRS-Suomi-NPP,Suomi-NPP,VIIRS,35.7,18,1.4,Nominal,N,0.54,0.42,true,false,Puntos_de_calor_Colombia_2026-10-03.csv,2026-10-05T22:03:22Z,44,La Guajira,44078,Barrancas,asignado,cache_geometrico,false,0,,,,asignado,1313,1.3.1.3. Explotación de carbón,1,13,131,1313,,,SI,Landsat_2024_mediana_28042025,"GoogleEarth, Basemap",true,1,081-91,(8600698042) CARBONES DEL CERREJON - CERREJON CDC C DEL C,Explotación,"ANTRACITA, CARBÓN METALÚRGICO, CARBÓN TÉRMICO",dentro,0.00,13,0,13,LAM0683|LAM1094|LAV0051-00-2021|LAM4538,"BLOQUE EXPLORATORIO PATILLAL NORESTE|PROYECTO MINERO DE EXPLOTACIÓN DE EXPLOTACIÓN DE CARBÓN BLOQUE CENTRAL DEL CERREJÓN ZONA NORTE. MINA EL CERREJÓN (ÁREAS INTEGRADAS).|ÁREA DE PERFORACIÓN EXPLORATORIA DEL RÍO RANCHERÍA POZOS PATILLAL 2,3,4 Y 5|Interconexión Cuestecitas - Copey - Fundación 500/220 mil voltios",DRUMMOND LTD|CARBONES DEL CERREJÓN LTD.|INTERCONEXION ELECTRICA S.A. E.S.P.,poligono|punto|linea,dentro,0.00,2,0040|0380,RIO RANCHERIA|CR 2,NO APLICA,"DRUMMOND ENERGY, INC",EXPLORACION,CONTRATO DE ASOCIACION CON ECOPETROL|CONTRATO DE EXPLORACION Y PRODUCCION (E&P)
9c02e71c9cfef36163cb6af1,2026-10-03T01:52-05:00,2026-10-03T06:52:00Z,2026-10-03,10.97948,-72.72349,VIIRS-Suomi-NPP,Suomi-NPP,VIIRS,33.7,18.1,1.4,Nominal,N,0.54,0.42,true,false,Puntos_de_calor_Colombia_2026-10-03.csv,2026-10-05T22:03:22Z,44,La Guajira,44078,Barrancas,asignado,cache_geometrico,false,0,,,,asignado,1313,1.3.1.3. Explotación de carbón,1,13,131,1313,,,SI,Landsat_2024_mediana_28042025,"GoogleEarth, Basemap",true,1,081-91,(8600698042) CARBONES DEL CERREJON - CERREJON CDC C DEL C,Explotación,"ANTRACITA, CARBÓN METALÚRGICO, CARBÓN TÉRMICO",dentro,0.00,14,0,14,LAM0683|LAM1094|LAV0051-00-2021|LAM4538,"BLOQUE EXPLORATORIO PATILLAL NORESTE|PROYECTO MINERO DE EXPLOTACIÓN DE EXPLOTACIÓN DE CARBÓN BLOQUE CENTRAL DEL CERREJÓN ZONA NORTE. MINA EL CERREJÓN (ÁREAS INTEGRADAS).|ÁREA DE PERFORACIÓN EXPLORATORIA DEL RÍO RANCHERÍA POZOS PATILLAL 2,3,4 Y 5|Interconexión Cuestecitas - Copey - Fundación 500/220 mil voltios",DRUMMOND LTD|CARBONES DEL CERREJÓN LTD.|INTERCONEXION ELECTRICA S.A. E.S.P.,poligono|punto|linea,dentro,0.00,2,0040|0380,RIO RANCHERIA|CR 2,NO APLICA,"DRUMMOND ENERGY, INC",EXPLORACION,CONTRATO DE ASOCIACION CON ECOPETROL|CONTRATO DE EXPLORACION Y PRODUCCION (E&P)
d79383086577e6108d8e5819,2026-10-03T01:52-05:00,2026-10-03T06:52:00Z,2026-10-03,11.14979,-72.52782,VIIRS-Suomi-NPP,Suomi-NPP,VIIRS,31.6,17.5,3.4,Nominal,N,0.55,0.42,true,false,Puntos_de_calor_Colombia_2026-10-03.csv,2026-10-05T22:03:22Z,44,La Guajira,44035,Albania,asignado,cache_geometrico,false,0,,,,asignado,1313,1.3.1.3. Explotación de carbón,1,13,131,1313,,,SI,Landsat_2024_mediana_28042025,"GoogleEarth, Basemap",true,4,00-1976|00-1976(MT-001)|00-1976(MT-002)|MT-002,(8300780386) CERREJON ZONA NORTE SOCIEDAD ANONIMA - CZN S.A.\ (8600698042) CARBONES DEL CERREJON - CERREJON CDC C DEL C|||,Explotación|Explotación|Explotación|,"ANTRACITA, ARENAS ARCILLOSAS, ARENAS FELDESPÁTICAS, ARENAS INDUSTRIALES, ARENAS SILICEAS, CARBÓN, CARBÓN METALÚRGICO, CARBÓN TÉRMICO, GRAVAS, RECEBO|ANTRACITA, ARENAS ARCILLOSAS, ARENAS FELDESPÁTICAS, ARENAS INDUSTRIALES, ARENAS SILICEAS, CARBÓN, CARBÓN METALÚRGICO, CARBÓN TÉRMICO, GRAVAS, RECEBO|ANTRACITA, ARENAS ARCILLOSAS, ARENAS FELDESPÁTICAS, ARENAS INDUSTRIALES, ARENAS SILICEAS, CARBÓN, CARBÓN METALÚRGICO, CARBÓN TÉRMICO, GRAVAS, RECEBO|",dentro,0.00,12,3,9,LAM0683|LAM1094|LAV0020-00-2022|LAV0033-00-2024|LAV0019-00-2025|LAM8237-00|LAM3256,BLOQUE EXPLORATORIO PATILLAL NORESTE|PROYECTO MINERO DE EXPLOTACIÓN DE EXPLOTACIÓN DE CARBÓN BLOQUE CENTRAL DEL CERREJÓN ZONA NORTE. MINA EL CERREJÓN (ÁREAS INTEGRADAS).|OPERACIÓN Y MANTENIMIENTO DEL GASODUCTO ALBANIA - MAICAO|LÍNEA ELÉCTRICA DE CONEXIÓN PARQUES EÓLICOS BETA Y ALPHA A SUBESTACIÓN CUESTECITAS|LÍNEA DE TRANSMISIÓN 500 KV DOBLE CIRCUITO – CONEXIÓN PARQUES EÓLICOS CAMELIAS A SUBESTACIÓN CUESTECITAS|Línea de transmisión cuestecitas – Majayura a 230 kv|ÁREA DE PERFORACIÓN EXPLORATORIA CALISTO,DRUMMOND LTD|CARBONES DEL CERREJÓN LTD.|PROMIGAS S.A. E.S.P.|CARBONES DEL CERREJON LIMITED|EOLOS ENERGIA S.A.S. E.S.P.|CELSIA COLOMBIA S.A. E.S.P.|INTERCONEXION ELECTRICA S.A. E.S.P|ECOPETROL S.A.,poligono|linea,dentro,0.00,1,0040,RIO RANCHERIA,NO APLICA,"DRUMMOND ENERGY, INC",EXPLORACION,CONTRATO DE ASOCIACION CON ECOPETROL
b9b984e66cce5be2f2aa0868,2026-10-03T02:12-05:00,2026-10-03T07:12:00Z,2026-10-03,10.97909,-72.72864,VIIRS-NOAA-20,NOAA-20,VIIRS,29.1,-1.5,1.4,Nominal,N,0.49,0.65,true,true,Puntos_de_calor_Colombia_2026-10-03.csv,2026-10-05T22:03:22Z,44,La Guajira,44078,Barrancas,asignado,cache_geometrico,false,0,,,,asignado,1313,1.3.1.3. Explotación de carbón,1,13,131,1313,,,SI,Landsat_2024_mediana_28042025,"GoogleEarth, Basemap",true,1,081-91,(8600698042) CARBONES DEL CERREJON - CERREJON CDC C DEL C,Explotación,"ANTRACITA, CARBÓN METALÚRGICO, CARBÓN TÉRMICO",dentro,0.00,14,0,14,LAM0683|LAM1094|LAV0051-00-2021|LAM4538,"BLOQUE EXPLORATORIO PATILLAL NORESTE|PROYECTO MINERO DE EXPLOTACIÓN DE EXPLOTACIÓN DE CARBÓN BLOQUE CENTRAL DEL CERREJÓN ZONA NORTE. MINA EL CERREJÓN (ÁREAS INTEGRADAS).|ÁREA DE PERFORACIÓN EXPLORATORIA DEL RÍO RANCHERÍA POZOS PATILLAL 2,3,4 Y 5|Interconexión Cuestecitas - Copey - Fundación 500/220 mil voltios",DRUMMOND LTD|CARBONES DEL CERREJÓN LTD.|INTERCONEXION ELECTRICA S.A. E.S.P.,poligono|punto|linea,dentro,0.00,2,0040|0380,RIO RANCHERIA|CR 2,NO APLICA,"DRUMMOND ENERGY, INC",EXPLORACION,CONTRATO DE ASOCIACION CON ECOPETROL|CONTRATO DE EXPLORACION Y PRODUCCION (E&P)
cc45f5720a94568055ec3f30,2026-10-03T02:12-05:00,2026-10-03T07:12:00Z,2026-10-03,11.03154,-72.66398,VIIRS-NOAA-20,NOAA-20,VIIRS,24,-1.9,,Nominal,N,0.49,0.65,true,true,Puntos_de_calor_Colombia_2026-10-03.csv,2026-10-05T22:03:22Z,44,La Guajira,44078,Barrancas,asignado,cache_geometrico,false,0,,,,asignado,1313,1.3.1.3. Explotación de carbón,1,13,131,1313,,,SI,Landsat_2024_mediana_28042025,"GoogleEarth, Basemap",true,2,00011|GBIJ-02,(8917024641) COMUNIDAD DE EL CERREJON|(8600698042) CARBONES DEL CERREJON - CERREJON CDC C DEL C,Explotación|,"ANTRACITA, CARBÓN, CARBÓN METALÚRGICO, CARBÓN TÉRMICO|CARBON",dentro,0.00,13,0,13,LAM3491|LAM0683|LAM1094,"EXPLOTACIÓN DE CARBÓN A CIELO ABIERTO – MINA CAYPA
EXPLOTACIÓN DE CARBÓN A CIELO ABIERTO – MINA CAYPA|BLOQUE EXPLORATORIO PATILLAL NORESTE|PROYECTO MINERO DE EXPLOTACIÓN DE EXPLOTACIÓN DE CARBÓN BLOQUE CENTRAL DEL CERREJÓN ZONA NORTE. MINA EL CERREJÓN (ÁREAS INTEGRADAS).|ÁREA DE PERFORACIÓN EXPLORATORIA DEL RÍO RANCHERÍA POZOS PATILLAL 2,3,4 Y 5",CARBONES COLOMBIANOS DEL CERREJÓN S.A.S|DRUMMOND LTD|CARBONES DEL CERREJÓN LTD.,poligono|punto,dentro,0.00,2,0040|0380,RIO RANCHERIA|CR 2,NO APLICA,"DRUMMOND ENERGY, INC",EXPLORACION,CONTRATO DE ASOCIACION CON ECOPETROL|CONTRATO DE EXPLORACION Y PRODUCCION (E&P)
f9f7629818b60fb884b13254,2026-10-03T02:12-05:00,2026-10-03T07:12:00Z,2026-10-03,10.97701,-72.73003,VIIRS-NOAA-20,NOAA-20,VIIRS,27.2,-1.4,1.4,Nominal,N,0.49,0.65,true,true,Puntos_de_calor_Colombia_2026-10-03.csv,2026-10-05T22:03:22Z,44,La Guajira,44078,Barrancas,asignado,cache_geometrico,false,0,,,,asignado,1313,1.3.1.3. Explotación de carbón,1,13,131,1313,,,SI,Landsat_2024_mediana_28042025,"GoogleEarth, Basemap",true,1,081-91,(8600698042) CARBONES DEL CERREJON - CERREJON CDC C DEL C,Explotación,"ANTRACITA, CARBÓN METALÚRGICO, CARBÓN TÉRMICO",dentro,0.00,14,0,14,LAM0683|LAM1094|LAV0051-00-2021|LAM4538,"BLOQUE EXPLORATORIO PATILLAL NORESTE|PROYECTO MINERO DE EXPLOTACIÓN DE EXPLOTACIÓN DE CARBÓN BLOQUE CENTRAL DEL CERREJÓN ZONA NORTE. MINA EL CERREJÓN (ÁREAS INTEGRADAS).|ÁREA DE PERFORACIÓN EXPLORATORIA DEL RÍO RANCHERÍA POZOS PATILLAL 2,3,4 Y 5|Interconexión Cuestecitas - Copey - Fundación 500/220 mil voltios",DRUMMOND LTD|CARBONES DEL CERREJÓN LTD.|INTERCONEXION ELECTRICA S.A. E.S.P.,poligono|punto|linea,dentro,0.00,2,0040|0380,RIO RANCHERIA|CR 2,NO APLICA,"DRUMMOND ENERGY, INC",EXPLORACION,CONTRATO DE ASOCIACION CON ECOPETROL|CONTRATO DE EXPLORACION Y PRODUCCION (E&P)
332546303f5d2f9381544b77,2026-10-03T12:20-05:00,2026-10-03T17:20:00Z,2026-10-03,4.89575,-68.72755,VIIRS-NOAA-21,NOAA-21,VIIRS,63.2,10.2,8.7,Nominal,D,0.37,0.58,true,true,Puntos_de_calor_Colombia_2026-10-03.csv,2026-10-05T22:03:22Z,99,Vichada,99773,Cumaribo,asignado,cache_geometrico,false,0,,,,asignado,32121,3.2.1.2.1. Herbazal abierto arenoso,3,32,321,3212,32121,,SI,Landsat_2024_mediana_28042025,GoogleEarth,true,1,BLOQUE 895,,,,mas_de_5_km,,0,0,0,,,,,mas_de_5_km,,0,,,,,,
9ddb93c3174572a056578afd,2026-10-03T12:20-05:00,2026-10-03T17:20:00Z,2026-10-03,5.09258,-70.16734,VIIRS-NOAA-21,NOAA-21,VIIRS,55.3,4.1,2.7,Nominal,D,0.47,0.64,true,true,Puntos_de_calor_Colombia_2026-10-03.csv,2026-10-05T22:03:22Z,99,Vichada,99524,La Primavera,asignado,cache_geometrico,false,0,,,,asignado,321121,3.2.1.1.2.1. Herbazal denso inundable no arbolado,3,32,321,3211,32112,321121,SI,Landsat_2024_mediana_28042025,GoogleEarth,false,0,,,,,mas_de_5_km,,0,0,0,,,,,mas_de_5_km,,0,,,,,,
d0f44b590abc131481f9dd8d,2026-10-03T12:20-05:00,2026-10-03T17:20:00Z,2026-10-03,4.8398,-70.07462,VIIRS-NOAA-21,NOAA-21,VIIRS,63.7,5.4,6.3,Nominal,D,0.46,0.64,true,true,Puntos_de_calor_Colombia_2026-10-03.csv,2026-10-05T22:03:22Z,99,Vichada,99773,Cumaribo,asignado,cache_geometrico,false,0,,,,asignado,321122,3.2.1.1.2.2. Herbazal denso inundable arbolado,3,32,321,3211,32112,321122,SI,Landsat_2024_mediana_28042025,GoogleEarth,false,0,,,,,mas_de_5_km,,0,0,0,,,,,mas_de_5_km,,0,,,,,,
e3a3010a1e3b731abf33c5d7,2026-10-03T12:20-05:00,2026-10-03T17:20:00Z,2026-10-03,4.90049,-68.73174,VIIRS-NOAA-21,NOAA-21,VIIRS,53.1,10,8.4,Nominal,D,0.37,0.58,true,true,Puntos_de_calor_Colombia_2026-10-03.csv,2026-10-05T22:03:22Z,99,Vichada,99773,Cumaribo,asignado,cache_geometrico,false,0,,,,asignado,321111,3.2.1.1.1.1.  Herbazal denso de tierra firme no arbolado,3,32,321,3211,32111,321111,SI,Landsat_2024_mediana_28042025,GoogleEarth,true,1,BLOQUE 895,,,,mas_de_5_km,,0,0,0,,,,,mas_de_5_km,,0,,,,,,
0673ca526ad5e1598e90b4db,2026-10-03T12:22-05:00,2026-10-03T17:22:00Z,2026-10-03,5.80374,-69.16449,VIIRS-NOAA-21,NOAA-21,VIIRS,53,-1.9,6.3,Nominal,D,0.39,0.59,true,true,Puntos_de_calor_Colombia_2026-10-03.csv,2026-10-05T22:03:22Z,99,Vichada,99524,La Primavera,asignado,cache_geometrico,false,0,,,,asignado,321111,3.2.1.1.1.1.  Herbazal denso de tierra firme no arbolado,3,32,321,3211,32111,321111,SI,Landsat_2024_mediana_28042025,GoogleEarth,false,0,,,,,mas_de_5_km,,0,0,0,,,,,mas_de_5_km,,0,,,,,,
af366db15e1493749d2355c0,2026-10-03T12:22-05:00,2026-10-03T17:22:00Z,2026-10-03,6.04833,-68.03395,VIIRS-NOAA-21,NOAA-21,VIIRS,74.2,9.7,4.4,Nominal,D,0.32,0.54,true,true,Puntos_de_calor_Colombia_2026-10-03.csv,2026-10-05T22:03:22Z,99,Vichada,99001,Puerto Carreño,asignado,cache_geometrico,false,0,,,,asignado,321111,3.2.1.1.1.1.  Herbazal denso de tierra firme no arbolado,3,32,321,3211,32111,321111,SI,Landsat_2024_mediana_28042025,GoogleEarth,false,0,,,,,mas_de_5_km,,0,0,0,,,,,mas_de_5_km,,0,,,,,,
baf8a3fa5e7c214d69bc3ad9,2026-10-03T12:22-05:00,2026-10-03T17:22:00Z,2026-10-03,6.04336,-68.03316,VIIRS-NOAA-21,NOAA-21,VIIRS,59,9.5,4.4,Nominal,D,0.32,0.54,true,true,Puntos_de_calor_Colombia_2026-10-03.csv,2026-10-05T22:03:22Z,99,Vichada,99001,Puerto Carreño,asignado,cache_geometrico,false,0,,,,asignado,321111,3.2.1.1.1.1.  Herbazal denso de tierra firme no arbolado,3,32,321,3211,32111,321111,SI,Landsat_2024_mediana_28042025,GoogleEarth,false,0,,,,,mas_de_5_km,,0,0,0,,,,,mas_de_5_km,,0,,,,,,
c3351ce1f717c29a9ec31d7c,2026-10-03T12:22-05:00,2026-10-03T17:22:00Z,2026-10-03,6.05281,-68.03752,VIIRS-NOAA-21,NOAA-21,VIIRS,82.4,11.2,6.8,Nominal,D,0.32,0.54,true,true,Puntos_de_calor_Colombia_2026-10-03.csv,2026-10-05T22:03:22Z,99,Vichada,99001,Puerto Carreño,asignado,cache_geometrico,false,0,,,,asignado,321111,3.2.1.1.1.1.  Herbazal denso de tierra firme no arbolado,3,32,321,3211,32111,321111,SI,Landsat_2024_mediana_28042025,GoogleEarth,false,0,,,,,mas_de_5_km,,0,0,0,,,,,mas_de_5_km,,0,,,,,,
1266157373b83dbda7a0dcd8,2026-10-03T12:58-05:00,2026-10-03T17:58:00Z,2026-10-03,5.99366,-68.66804,VIIRS-Suomi-NPP,Suomi-NPP,VIIRS,62.1,8.4,5.8,Nominal,D,0.44,0.39,true,false,Puntos_de_calor_Colombia_2026-10-03.csv,2026-10-05T22:03:22Z,99,Vichada,99001,Puerto Carreño,asignado,cache_geometrico,false,0,,,,asignado,321121,3.2.1.1.2.1. Herbazal denso inundable no arbolado,3,32,321,3211,32112,321121,SI,Landsat_2024_mediana_28042025,GoogleEarth,false,0,,,,,mas_de_5_km,,0,0,0,,,,,mas_de_5_km,,0,,,,,,
1c2586687d9f656388f30f53,2026-10-03T12:58-05:00,2026-10-03T17:58:00Z,2026-10-03,4.65416,-68.55879,VIIRS-Suomi-NPP,Suomi-NPP,VIIRS,54.7,15.7,4.5,Nominal,D,0.45,0.39,true,false,Puntos_de_calor_Colombia_2026-10-03.csv,2026-10-05T22:03:22Z,99,Vichada,99773,Cumaribo,asignado,cache_geometrico,false,0,,,,asignado,321111,3.2.1.1.1.1.  Herbazal denso de tierra firme no arbolado,3,32,321,3211,32111,321111,SI,L9_457_20240109,Mosaico Sentinel-2_L2A_False_color 2024-01-24-00_00_2024-01-24-23_59_,true,1,BLOQUE 895,,,,mas_de_5_km,,0,0,0,,,,,mas_de_5_km,,0,,,,,,
2586f57b5065de7c9c57ca9d,2026-10-03T12:58-05:00,2026-10-03T17:58:00Z,2026-10-03,6.04625,-68.03449,VIIRS-Suomi-NPP,Suomi-NPP,VIIRS,70.8,22.5,12.3,Nominal,D,0.42,0.38,true,false,Puntos_de_calor_Colombia_2026-10-03.csv,2026-10-05T22:03:22Z,99,Vichada,99001,Puerto Carreño,asignado,cache_geometrico,false,0,,,,asignado,321111,3.2.1.1.1.1.  Herbazal denso de tierra firme no arbolado,3,32,321,3211,32111,321111,SI,Landsat_2024_mediana_28042025,GoogleEarth,false,0,,,,,mas_de_5_km,,0,0,0,,,,,mas_de_5_km,,0,,,,,,
314e155ea69b619b857b45f2,2026-10-03T12:58-05:00,2026-10-03T17:58:00Z,2026-10-03,5.97826,-68.67377,VIIRS-Suomi-NPP,Suomi-NPP,VIIRS,57.8,13.1,5,Nominal,D,0.44,0.39,true,false,Puntos_de_calor_Colombia_2026-10-03.csv,2026-10-05T22:03:22Z,99,Vichada,99001,Puerto Carreño,asignado,cache_geometrico,false,0,,,,asignado,411,4.1.1. Zonas pantanosas,4,41,411,,,,SI,Landsat_2024_mediana_28042025,GoogleEarth,false,0,,,,,mas_de_5_km,,0,0,0,,,,,mas_de_5_km,,0,,,,,,
34207d17bd8387db4a2555f6,2026-10-03T12:58-05:00,2026-10-03T17:58:00Z,2026-10-03,5.79989,-69.16715,VIIRS-Suomi-NPP,Suomi-NPP,VIIRS,57.4,8,3.4,Baja,D,0.47,0.4,true,false,Puntos_de_calor_Colombia_2026-10-03.csv,2026-10-05T22:03:22Z,99,Vichada,99524,La Primavera,asignado,cache_geometrico,false,0,,,,asignado,314,3.1.4. Bosque de galería y ripario,3,31,314,,,,SI,Landsat_2024_mediana_28042025,GoogleEarth,false,0,,,,,mas_de_5_km,,0,0,0,,,,,mas_de_5_km,,0,,,,,,
3b8a1c91c560b48f77b5ed3c,2026-10-03T12:58-05:00,2026-10-03T17:58:00Z,2026-10-03,6.55104,-69.92029,VIIRS-Suomi-NPP,Suomi-NPP,VIIRS,54.2,10.1,4.8,Baja,D,0.5,0.41,true,false,Puntos_de_calor_Colombia_2026-10-03.csv,2026-10-05T22:03:22Z,81,Arauca,81220,Cravo Norte,asignado,cache_geometrico,true,1,1342,Cinaruco,Distritos Nacionales de Manejo Integrado,asignado,321111,3.2.1.1.1.1.  Herbazal denso de tierra firme no arbolado,3,32,321,3211,32111,321111,SI,Landsat_2024_mediana_28042025,,false,0,,,,,mas_de_5_km,,0,0,0,,,,,mas_de_5_km,,0,,,,,,
490fd75fd44b70a23bf30e99,2026-10-03T12:58-05:00,2026-10-03T17:58:00Z,2026-10-03,6.55,-69.92163,VIIRS-Suomi-NPP,Suomi-NPP,VIIRS,59,11,5.7,Baja,D,0.5,0.41,true,false,Puntos_de_calor_Colombia_2026-10-03.csv,2026-10-05T22:03:22Z,81,Arauca,81220,Cravo Norte,asignado,cache_geometrico,true,1,1342,Cinaruco,Distritos Nacionales de Manejo Integrado,asignado,321111,3.2.1.1.1.1.  Herbazal denso de tierra firme no arbolado,3,32,321,3211,32111,321111,SI,Landsat_2024_mediana_28042025,,false,0,,,,,mas_de_5_km,,0,0,0,,,,,mas_de_5_km,,0,,,,,,
56233c1301f10e123a12059f,2026-10-03T12:58-05:00,2026-10-03T17:58:00Z,2026-10-03,4.35108,-70.89244,VIIRS-Suomi-NPP,Suomi-NPP,VIIRS,68,20.3,7.2,Nominal,D,0.41,0.45,true,false,Puntos_de_calor_Colombia_2026-10-03.csv,2026-10-05T22:03:22Z,99,Vichada,99773,Cumaribo,asignado,cache_geometrico,false,0,,,,asignado,321111,3.2.1.1.1.1.  Herbazal denso de tierra firme no arbolado,3,32,321,3211,32111,321111,SI,Landsat_2024_mediana_28042025,IDEAM_puntos_CLC2022_verificacion_campo_2025,false,0,,,,,mas_de_5_km,,0,0,0,,,,,mas_de_5_km,,0,,,,,,
591cbe3a6f4732efbf288865,2026-10-03T12:58-05:00,2026-10-03T17:58:00Z,2026-10-03,4.89597,-68.72477,VIIRS-Suomi-NPP,Suomi-NPP,VIIRS,60.3,14.9,4.3,Baja,D,0.46,0.39,true,false,Puntos_de_calor_Colombia_2026-10-03.csv,2026-10-05T22:03:22Z,99,Vichada,99773,Cumaribo,asignado,cache_geometrico,false,0,,,,asignado,32121,3.2.1.2.1. Herbazal abierto arenoso,3,32,321,3212,32121,,SI,Landsat_2024_mediana_28042025,GoogleEarth,true,1,BLOQUE 895,,,,mas_de_5_km,,0,0,0,,,,,mas_de_5_km,,0,,,,,,
6118e161eca481cd13b5c1ce,2026-10-03T12:58-05:00,2026-10-03T17:58:00Z,2026-10-03,6.04969,-68.03502,VIIRS-Suomi-NPP,Suomi-NPP,VIIRS,60.4,20.2,12.3,Baja,D,0.42,0.38,true,false,Puntos_de_calor_Colombia_2026-10-03.csv,2026-10-05T22:03:22Z,99,Vichada,99001,Puerto Carreño,asignado,cache_geometrico,false,0,,,,asignado,321111,3.2.1.1.1.1.  Herbazal denso de tierra firme no arbolado,3,32,321,3211,32111,321111,SI,Landsat_2024_mediana_28042025,GoogleEarth,false,0,,,,,mas_de_5_km,,0,0,0,,,,,mas_de_5_km,,0,,,,,,
635f4cc45fa16222e4efbf03,2026-10-03T12:58-05:00,2026-10-03T17:58:00Z,2026-10-03,6.04684,-68.03073,VIIRS-Suomi-NPP,Suomi-NPP,VIIRS,64.9,19.9,10.4,Nominal,D,0.42,0.38,true,false,Puntos_de_calor_Colombia_2026-10-03.csv,2026-10-05T22:03:22Z,99,Vichada,99001,Puerto Carreño,asignado,cache_geometrico,false,0,,,,asignado,321111,3.2.1.1.1.1.  Herbazal denso de tierra firme no arbolado,3,32,321,3211,32111,321111,SI,Landsat_2024_mediana_28042025,GoogleEarth,false,0,,,,,mas_de_5_km,,0,0,0,,,,,mas_de_5_km,,0,,,,,,
6e506792b8214b6f80d68307,2026-10-03T12:58-05:00,2026-10-03T17:58:00Z,2026-10-03,3.90495,-70.89056,VIIRS-Suomi-NPP,Suomi-NPP,VIIRS,52.9,19.9,3,Nominal,D,0.42,0.45,true,false,Puntos_de_calor_Colombia_2026-10-03.csv,2026-10-05T22:03:22Z,99,Vichada,99773,Cumaribo,asignado,cache_geometrico,false,0,,,,asignado,321111,3.2.1.1.1.1.  Herbazal denso de tierra firme no arbolado,3,32,321,3211,32111,321111,SI,"Landsat_2024_mediana_28042025, L9_657_20240412, L9_557_20240225","GoogleEarth, BingMaps, Planet Medres Normalized Analytic 2024-01 Mosaic",false,0,,,,,mas_de_5_km,,0,0,0,,,,,mas_de_5_km,,0,,,,,,
7605608403e9de8c6ca4ddea,2026-10-03T12:58-05:00,2026-10-03T17:58:00Z,2026-10-03,4.61249,-71.08389,VIIRS-Suomi-NPP,Suomi-NPP,VIIRS,63,10.1,2.6,Nominal,D,0.42,0.45,true,false,Puntos_de_calor_Colombia_2026-10-03.csv,2026-10-05T22:03:22Z,50,Meta,50568,Puerto Gaitán,asignado,cache_geometrico,false,0,,,,asignado,334,3.3.4. Zonas quemadas,3,33,334,,,,SI,Landsat_2024_mediana_28042025,Sentinel_2024_mediana_11042025,false,0,,,,,dentro,0.00,1,0,1,LAM5088,AREA DE PERFORACIÓN EXPLORATORIA BLOQUE CPO-3,PLUSPETROL COLOMBIA CORPORATION SUCURSAL COLOMBIANA,poligono,mas_de_5_km,,0,,,,,,
7e92bd2a7c1bc7c73f0bfed2,2026-10-03T12:58-05:00,2026-10-03T17:58:00Z,2026-10-03,5.98243,-68.67034,VIIRS-Suomi-NPP,Suomi-NPP,VIIRS,72.2,14.7,17.6,Baja,D,0.44,0.39,true,false,Puntos_de_calor_Colombia_2026-10-03.csv,2026-10-05T22:03:22Z,99,Vichada,99001,Puerto Carreño,asignado,cache_geometrico,false,0,,,,asignado,321121,3.2.1.1.2.1. Herbazal denso inundable no arbolado,3,32,321,3211,32112,321121,SI,Landsat_2024_mediana_28042025,GoogleEarth,false,0,,,,,mas_de_5_km,,0,0,0,,,,,mas_de_5_km,,0,,,,,,
88d336cd8ab57eed278e8702,2026-10-03T12:58-05:00,2026-10-03T17:58:00Z,2026-10-03,5.09943,-70.16416,VIIRS-Suomi-NPP,Suomi-NPP,VIIRS,60.7,12.9,7.1,Baja,D,0.54,0.42,true,false,Puntos_de_calor_Colombia_2026-10-03.csv,2026-10-05T22:03:22Z,99,Vichada,99524,La Primavera,asignado,cache_geometrico,false,0,,,,asignado,321122,3.2.1.1.2.2. Herbazal denso inundable arbolado,3,32,321,3211,32112,321122,SI,Landsat_2024_mediana_28042025,GoogleEarth,false,0,,,,,mas_de_5_km,,0,0,0,,,,,mas_de_5_km,,0,,,,,,
8956e03e9071d06a3ce67e89,2026-10-03T12:58-05:00,2026-10-03T17:58:00Z,2026-10-03,5.09555,-70.16355,VIIRS-Suomi-NPP,Suomi-NPP,VIIRS,62.7,13.9,7.1,Baja,D,0.54,0.42,true,false,Puntos_de_calor_Colombia_2026-10-03.csv,2026-10-05T22:03:22Z,99,Vichada,99524,La Primavera,asignado,cache_geometrico,false,0,,,,asignado,321121,3.2.1.1.2.1. Herbazal denso inundable no arbolado,3,32,321,3211,32112,321121,SI,Landsat_2024_mediana_28042025,GoogleEarth,false,0,,,,,mas_de_5_km,,0,0,0,,,,,mas_de_5_km,,0,,,,,,
8bae4865f196187585415a96,2026-10-03T12:58-05:00,2026-10-03T17:58:00Z,2026-10-03,4.83759,-70.07485,VIIRS-Suomi-NPP,Suomi-NPP,VIIRS,71.8,17.4,10.9,Nominal,D,0.54,0.42,true,false,Puntos_de_calor_Colombia_2026-10-03.csv,2026-10-05T22:03:22Z,99,Vichada,99773,Cumaribo,asignado,cache_geometrico,false,0,,,,asignado,321122,3.2.1.1.2.2. Herbazal denso inundable arbolado,3,32,321,3211,32112,321122,SI,Landsat_2024_mediana_28042025,GoogleEarth,false,0,,,,,mas_de_5_km,,0,0,0,,,,,mas_de_5_km,,0,,,,,,
8cc4ac05395a0ba62154c11d,2026-10-03T12:58-05:00,2026-10-03T17:58:00Z,2026-10-03,5.78832,-69.16969,VIIRS-Suomi-NPP,Suomi-NPP,VIIRS,75.2,10.1,4.8,Nominal,D,0.47,0.4,true,false,Puntos_de_calor_Colombia_2026-10-03.csv,2026-10-05T22:03:22Z,99,Vichada,99524,La Primavera,asignado,cache_geometrico,false,0,,,,asignado,321121,3.2.1.1.2.1. Herbazal denso inundable no arbolado,3,32,321,3211,32112,321121,SI,Landsat_2024_mediana_28042025,GoogleEarth,false,0,,,,,mas_de_5_km,,0,0,0,,,,,mas_de_5_km,,0,,,,,,
96751b0ae761c0b200a267b2,2026-10-03T12:58-05:00,2026-10-03T17:58:00Z,2026-10-03,5.79262,-69.16602,VIIRS-Suomi-NPP,Suomi-NPP,VIIRS,58.8,10.6,4.8,Baja,D,0.47,0.4,true,false,Puntos_de_calor_Colombia_2026-10-03.csv,2026-10-05T22:03:22Z,99,Vichada,99524,La Primavera,asignado,cache_geometrico,false,0,,,,asignado,321111,3.2.1.1.1.1.  Herbazal denso de tierra firme no arbolado,3,32,321,3211,32111,321111,SI,Landsat_2024_mediana_28042025,GoogleEarth,false,0,,,,,mas_de_5_km,,0,0,0,,,,,mas_de_5_km,,0,,,,,,
a71faaa3dbdb34b9ebe53c8c,2026-10-03T12:58-05:00,2026-10-03T17:58:00Z,2026-10-03,6.5073,-69.92403,VIIRS-Suomi-NPP,Suomi-NPP,VIIRS,56.7,13.5,6.7,Nominal,D,0.5,0.41,true,false,Puntos_de_calor_Colombia_2026-10-03.csv,2026-10-05T22:03:22Z,81,Arauca,81220,Cravo Norte,asignado,cache_geometrico,true,1,1342,Cinaruco,Distritos Nacionales de Manejo Integrado,asignado,321121,3.2.1.1.2.1. Herbazal denso inundable no arbolado,3,32,321,3211,32112,321121,SI,Landsat_2024_mediana_28042025,GoogleEarth,false,0,,,,,mas_de_5_km,,0,0,0,,,,,mas_de_5_km,,0,,,,,,
b4308c04f71589e37b01176d,2026-10-03T12:58-05:00,2026-10-03T17:58:00Z,2026-10-03,5.09494,-70.1655,VIIRS-Suomi-NPP,Suomi-NPP,VIIRS,63.4,14.5,9.8,Baja,D,0.54,0.42,true,false,Puntos_de_calor_Colombia_2026-10-03.csv,2026-10-05T22:03:22Z,99,Vichada,99524,La Primavera,asignado,cache_geometrico,false,0,,,,asignado,321121,3.2.1.1.2.1. Herbazal denso inundable no arbolado,3,32,321,3211,32112,321121,SI,Landsat_2024_mediana_28042025,GoogleEarth,false,0,,,,,mas_de_5_km,,0,0,0,,,,,mas_de_5_km,,0,,,,,,
c0c3d27dc5b4740a40e69720,2026-10-03T12:58-05:00,2026-10-03T17:58:00Z,2026-10-03,4.35047,-70.89613,VIIRS-Suomi-NPP,Suomi-NPP,VIIRS,67.5,20.5,6.2,Nominal,D,0.41,0.45,true,false,Puntos_de_calor_Colombia_2026-10-03.csv,2026-10-05T22:03:22Z,99,Vichada,99773,Cumaribo,asignado,cache_geometrico,false,0,,,,asignado,321111,3.2.1.1.1.1.  Herbazal denso de tierra firme no arbolado,3,32,321,3211,32111,321111,SI,Landsat_2024_mediana_28042025,IDEAM_puntos_CLC2022_verificacion_campo_2025,false,0,,,,,mas_de_5_km,,0,0,0,,,,,mas_de_5_km,,0,,,,,,
cb913fbd6acd47ad3a8ff749,2026-10-03T12:58-05:00,2026-10-03T17:58:00Z,2026-10-03,5.79196,-69.17025,VIIRS-Suomi-NPP,Suomi-NPP,VIIRS,73.5,7.3,4.8,Nominal,D,0.47,0.4,true,false,Puntos_de_calor_Colombia_2026-10-03.csv,2026-10-05T22:03:22Z,99,Vichada,99524,La Primavera,asignado,cache_geometrico,false,0,,,,asignado,321121,3.2.1.1.2.1. Herbazal denso inundable no arbolado,3,32,321,3211,32112,321121,SI,Landsat_2024_mediana_28042025,GoogleEarth,false,0,,,,,mas_de_5_km,,0,0,0,,,,,mas_de_5_km,,0,,,,,,
cda3d84f2783826a40453211,2026-10-03T12:58-05:00,2026-10-03T17:58:00Z,2026-10-03,5.78898,-69.16547,VIIRS-Suomi-NPP,Suomi-NPP,VIIRS,59.5,12,4.8,Baja,D,0.47,0.4,true,false,Puntos_de_calor_Colombia_2026-10-03.csv,2026-10-05T22:03:22Z,99,Vichada,99524,La Primavera,asignado,cache_geometrico,false,0,,,,asignado,321121,3.2.1.1.2.1. Herbazal denso inundable no arbolado,3,32,321,3211,32112,321121,SI,Landsat_2024_mediana_28042025,GoogleEarth,false,0,,,,,mas_de_5_km,,0,0,0,,,,,mas_de_5_km,,0,,,,,,
dd94cd4dfcaaef54b76a9eb2,2026-10-03T12:58-05:00,2026-10-03T17:58:00Z,2026-10-03,5.09882,-70.16612,VIIRS-Suomi-NPP,Suomi-NPP,VIIRS,61.8,14.4,9.9,Baja,D,0.54,0.42,true,false,Puntos_de_calor_Colombia_2026-10-03.csv,2026-10-05T22:03:22Z,99,Vichada,99524,La Primavera,asignado,cache_geometrico,false,0,,,,asignado,321122,3.2.1.1.2.2. Herbazal denso inundable arbolado,3,32,321,3211,32112,321122,SI,Landsat_2024_mediana_28042025,GoogleEarth,false,0,,,,,mas_de_5_km,,0,0,0,,,,,mas_de_5_km,,0,,,,,,
dfcc20d31810e4e7ba6986be,2026-10-03T12:58-05:00,2026-10-03T17:58:00Z,2026-10-03,5.79626,-69.1666,VIIRS-Suomi-NPP,Suomi-NPP,VIIRS,62,8.9,3.4,Baja,D,0.47,0.4,true,false,Puntos_de_calor_Colombia_2026-10-03.csv,2026-10-05T22:03:22Z,99,Vichada,99524,La Primavera,asignado,cache_geometrico,false,0,,,,asignado,321111,3.2.1.1.1.1.  Herbazal denso de tierra firme no arbolado,3,32,321,3211,32111,321111,SI,Landsat_2024_mediana_28042025,GoogleEarth,false,0,,,,,mas_de_5_km,,0,0,0,,,,,mas_de_5_km,,0,,,,,,
ea24eb82fd4175109bb0d89e,2026-10-03T12:58-05:00,2026-10-03T17:58:00Z,2026-10-03,5.9818,-68.67433,VIIRS-Suomi-NPP,Suomi-NPP,VIIRS,84,15.6,21.2,Baja,D,0.44,0.39,true,false,Puntos_de_calor_Colombia_2026-10-03.csv,2026-10-05T22:03:22Z,99,Vichada,99001,Puerto Carreño,asignado,cache_geometrico,false,0,,,,asignado,321121,3.2.1.1.2.1. Herbazal denso inundable no arbolado,3,32,321,3211,32112,321121,SI,Landsat_2024_mediana_28042025,GoogleEarth,false,0,,,,,mas_de_5_km,,0,0,0,,,,,mas_de_5_km,,0,,,,,,
f272f2641ef7314e9052d7a2,2026-10-03T12:58-05:00,2026-10-03T17:58:00Z,2026-10-03,4.34696,-70.89181,VIIRS-Suomi-NPP,Suomi-NPP,VIIRS,67.6,20.4,4.9,Nominal,D,0.41,0.45,true,false,Puntos_de_calor_Colombia_2026-10-03.csv,2026-10-05T22:03:22Z,99,Vichada,99773,Cumaribo,asignado,cache_geometrico,false,0,,,,asignado,321111,3.2.1.1.1.1.  Herbazal denso de tierra firme no arbolado,3,32,321,3211,32111,321111,SI,Landsat_2024_mediana_28042025,IDEAM_puntos_CLC2022_verificacion_campo_2025,false,0,,,,,mas_de_5_km,,0,0,0,,,,,mas_de_5_km,,0,,,,,,
fd2c9b0e5739b686e2ff06f2,2026-10-03T12:58-05:00,2026-10-03T17:58:00Z,2026-10-03,4.6548,-68.55474,VIIRS-Suomi-NPP,Suomi-NPP,VIIRS,65,17.2,4.5,Baja,D,0.45,0.39,true,false,Puntos_de_calor_Colombia_2026-10-03.csv,2026-10-05T22:03:22Z,99,Vichada,99773,Cumaribo,asignado,cache_geometrico,false,0,,,,asignado,321111,3.2.1.1.1.1.  Herbazal denso de tierra firme no arbolado,3,32,321,3211,32111,321111,SI,L9_457_20240109,Mosaico Sentinel-2_L2A_False_color 2024-01-24-00_00_2024-01-24-23_59_,true,1,BLOQUE 895,,,,mas_de_5_km,,0,0,0,,,,,mas_de_5_km,,0,,,,,,
11b780d285b56358a90d520c,2026-10-03T13:15-05:00,2026-10-03T18:15:00Z,2026-10-03,4.26279,-71.28928,VIIRS-NOAA-20,NOAA-20,VIIRS,54.8,19.9,1.9,Nominal,D,0.39,0.36,true,true,Puntos_de_calor_Colombia_2026-10-03.csv,2026-10-05T22:03:22Z,50,Meta,50568,Puerto Gaitán,asignado,cache_geometrico,false,0,,,,asignado,321111,3.2.1.1.1.1.  Herbazal denso de tierra firme no arbolado,3,32,321,3211,32111,321111,SI,Landsat_2024_mediana_28042025,GoogleEarth,false,0,,,,,dentro,0.00,3,0,3,LAM4649|LAV0006-12|LAV0048-14,AREA DE PERFORACION EXPLORATORIA SABANERO|BLOQUE PERFORACIÓN Y EXPLOTACIÓN SABANERO|ÁREA DE PERFORACIÓN EXPLORATORIA CPO 8 NORTE,MAUREL & PROM COLOMBIA B.V.|ECOPETROL S.A.,poligono,entre_1_y_5_km,2696.65,2,0126|0757,SABANERO|LLA 100,CHAMAN|NO APLICA,FRONTERA ENERGY COLOMBIA CORP.|HOCOL S.A.,EVALUACION|EXPLORACION,CONTRATO DE EXPLORACION Y PRODUCCION (E&P)
125810a1ccecd67fda2f5de7,2026-10-03T13:15-05:00,2026-10-03T18:15:00Z,2026-10-03,3.40439,-75.29665,VIIRS-NOAA-20,NOAA-20,VIIRS,53.4,6.9,5.9,Baja,D,0.47,0.4,true,true,Puntos_de_calor_Colombia_2026-10-03.csv,2026-10-05T22:03:22Z,73,Tolima,73067,Ataco,asignado,cache_geometrico,false,0,,,,asignado,321111,3.2.1.1.1.1.  Herbazal denso de tierra firme no arbolado,3,32,321,3211,32111,321111,SI,Landsat_2024_mediana_28042025,,false,0,,,,,dentro,0.00,1,0,1,LAV0091-13,AREA DE PERFORACIÓN EXPLORATORIA VSM 9 (HUILA - TOLIMA),HOCOL S.A.,poligono,dentro,0.00,1,0250,VSM 9,NO APLICA,HOCOL S.A.,EXPLORACION,CONTRATO DE EXPLORACION Y PRODUCCION (E&P)
3203b3c6156d614529dfda8c,2026-10-03T13:15-05:00,2026-10-03T18:15:00Z,2026-10-03,4.60987,-71.08096,VIIRS-NOAA-20,NOAA-20,VIIRS,65.6,12.6,26.1,Nominal,D,0.39,0.36,true,true,Puntos_de_calor_Colombia_2026-10-03.csv,2026-10-05T22:03:22Z,50,Meta,50568,Puerto Gaitán,asignado,cache_geometrico,false,0,,,,asignado,314,3.1.4. Bosque de galería y ripario,3,31,314,,,,SI,Landsat_2024_mediana_28042025,GoogleEarth,false,0,,,,,dentro,0.00,1,0,1,LAM5088,AREA DE PERFORACIÓN EXPLORATORIA BLOQUE CPO-3,PLUSPETROL COLOMBIA CORPORATION SUCURSAL COLOMBIANA,poligono,mas_de_5_km,,0,,,,,,
334feab7abba568094579fe7,2026-10-03T13:15-05:00,2026-10-03T18:15:00Z,2026-10-03,4.71004,-68.46071,VIIRS-NOAA-20,NOAA-20,VIIRS,63.9,15.5,4.1,Nominal,D,0.5,0.41,true,true,Puntos_de_calor_Colombia_2026-10-03.csv,2026-10-05T22:03:22Z,99,Vichada,99773,Cumaribo,asignado,cache_geometrico,false,0,,,,asignado,321111,3.2.1.1.1.1.  Herbazal denso de tierra firme no arbolado,3,32,321,3211,32111,321111,SI,L9_457_20240109,Mosaico Sentinel-2_L2A_False_color 2024-01-24-00_00_2024-01-24-23_59_,true,1,BLOQUE 895,,,,mas_de_5_km,,0,0,0,,,,,mas_de_5_km,,0,,,,,,
36345e0bb6e4d22da729b42d,2026-10-03T13:15-05:00,2026-10-03T18:15:00Z,2026-10-03,4.61268,-71.085,VIIRS-NOAA-20,NOAA-20,VIIRS,59.6,13.2,26.1,Nominal,D,0.39,0.36,true,true,Puntos_de_calor_Colombia_2026-10-03.csv,2026-10-05T22:03:22Z,50,Meta,50568,Puerto Gaitán,asignado,cache_geometrico,false,0,,,,asignado,334,3.3.4. Zonas quemadas,3,33,334,,,,SI,Landsat_2024_mediana_28042025,Sentinel_2024_mediana_11042025,false,0,,,,,dentro,0.00,1,0,1,LAM5088,AREA DE PERFORACIÓN EXPLORATORIA BLOQUE CPO-3,PLUSPETROL COLOMBIA CORPORATION SUCURSAL COLOMBIANA,poligono,mas_de_5_km,,0,,,,,,
37d4501dd42031cf95bebcb2,2026-10-03T13:15-05:00,2026-10-03T18:15:00Z,2026-10-03,4.58084,-69.9753,VIIRS-NOAA-20,NOAA-20,VIIRS,66.2,23,8.3,Nominal,D,0.42,0.38,true,true,Puntos_de_calor_Colombia_2026-10-03.csv,2026-10-05T22:03:22Z,99,Vichada,99773,Cumaribo,asignado,cache_geometrico,false,0,,,,asignado,321111,3.2.1.1.1.1.  Herbazal denso de tierra firme no arbolado,3,32,321,3211,32111,321111,SI,Landsat_2024_mediana_28042025,"GoogleEarth, BingMaps",false,0,,,,,mas_de_5_km,,0,0,0,,,,,mas_de_5_km,,0,,,,,,
42d5d5972740bbdcb270a8aa,2026-10-03T13:15-05:00,2026-10-03T18:15:00Z,2026-10-03,3.76465,-71.17217,VIIRS-NOAA-20,NOAA-20,VIIRS,58.2,16,3.5,Nominal,D,0.39,0.36,true,true,Puntos_de_calor_Colombia_2026-10-03.csv,2026-10-05T22:03:22Z,50,Meta,50568,Puerto Gaitán,asignado,cache_geometrico,false,0,,,,asignado,321111,3.2.1.1.1.1.  Herbazal denso de tierra firme no arbolado,3,32,321,3211,32111,321111,SI,"Landsat_2024_mediana_28042025, L9_657_20240412, L9_557_20240225","GoogleEarth, BingMaps, Planet Medres Normalized Analytic 2024-01 Mosaic",false,0,,,,,mas_de_5_km,,0,0,0,,,,,mas_de_5_km,,0,,,,,,
42fdfc3bd619b89864a3f898,2026-10-03T13:15-05:00,2026-10-03T18:15:00Z,2026-10-03,3.40809,-75.29679,VIIRS-NOAA-20,NOAA-20,VIIRS,58.3,7,5.9,Nominal,D,0.47,0.4,true,true,Puntos_de_calor_Colombia_2026-10-03.csv,2026-10-05T22:03:22Z,73,Tolima,73067,Ataco,asignado,cache_geometrico,false,0,,,,asignado,321111,3.2.1.1.1.1.  Herbazal denso de tierra firme no arbolado,3,32,321,3211,32111,321111,SI,Landsat_2024_mediana_28042025,,false,0,,,,,dentro,0.00,1,0,1,LAV0091-13,AREA DE PERFORACIÓN EXPLORATORIA VSM 9 (HUILA - TOLIMA),HOCOL S.A.,poligono,dentro,0.00,1,0250,VSM 9,NO APLICA,HOCOL S.A.,EXPLORACION,CONTRATO DE EXPLORACION Y PRODUCCION (E&P)
4e6d2d5de8e92d52856bbf44,2026-10-03T13:15-05:00,2026-10-03T18:15:00Z,2026-10-03,4.71532,-70.00669,VIIRS-NOAA-20,NOAA-20,VIIRS,57.1,19.4,3.7,Nominal,D,0.42,0.38,true,true,Puntos_de_calor_Colombia_2026-10-03.csv,2026-10-05T22:03:22Z,99,Vichada,99773,Cumaribo,asignado,cache_geometrico,false,0,,,,asignado,321111,3.2.1.1.1.1.  Herbazal denso de tierra firme no arbolado,3,32,321,3211,32111,321111,SI,Landsat_2024_mediana_28042025,GoogleEarth,false,0,,,,,mas_de_5_km,,0,0,0,,,,,mas_de_5_km,,0,,,,,,
581dce3d6c1b1435dccd7a14,2026-10-03T13:15-05:00,2026-10-03T18:15:00Z,2026-10-03,4.88833,-68.7065,VIIRS-NOAA-20,NOAA-20,VIIRS,70.2,18.4,9.2,Nominal,D,0.49,0.4,true,true,Puntos_de_calor_Colombia_2026-10-03.csv,2026-10-05T22:03:22Z,99,Vichada,99773,Cumaribo,asignado,cache_geometrico,false,0,,,,asignado,321111,3.2.1.1.1.1.  Herbazal denso de tierra firme no arbolado,3,32,321,3211,32111,321111,SI,Landsat_2024_mediana_28042025,GoogleEarth,true,1,BLOQUE 895,,,,mas_de_5_km,,0,0,0,,,,,mas_de_5_km,,0,,,,,,
69c18c551e617a87af88f508,2026-10-03T13:15-05:00,2026-10-03T18:15:00Z,2026-10-03,4.58027,-69.9791,VIIRS-NOAA-20,NOAA-20,VIIRS,74.1,23.9,14.2,Nominal,D,0.42,0.38,true,true,Puntos_de_calor_Colombia_2026-10-03.csv,2026-10-05T22:03:22Z,99,Vichada,99773,Cumaribo,asignado,cache_geometrico,false,0,,,,asignado,321111,3.2.1.1.1.1.  Herbazal denso de tierra firme no arbolado,3,32,321,3211,32111,321111,SI,Landsat_2024_mediana_28042025,"GoogleEarth, BingMaps",false,0,,,,,mas_de_5_km,,0,0,0,,,,,mas_de_5_km,,0,,,,,,
709edbde878f4fdd58e17d1a,2026-10-03T13:15-05:00,2026-10-03T18:15:00Z,2026-10-03,3.4007,-75.29642,VIIRS-NOAA-20,NOAA-20,VIIRS,67.1,8.2,8.9,Nominal,D,0.47,0.4,true,true,Puntos_de_calor_Colombia_2026-10-03.csv,2026-10-05T22:03:22Z,73,Tolima,73067,Ataco,asignado,cache_geometrico,false,0,,,,asignado,321111,3.2.1.1.1.1.  Herbazal denso de tierra firme no arbolado,3,32,321,3211,32111,321111,SI,Landsat_2024_mediana_28042025,,false,0,,,,,dentro,0.00,1,0,1,LAV0091-13,AREA DE PERFORACIÓN EXPLORATORIA VSM 9 (HUILA - TOLIMA),HOCOL S.A.,poligono,dentro,0.00,1,0250,VSM 9,NO APLICA,HOCOL S.A.,EXPLORACION,CONTRATO DE EXPLORACION Y PRODUCCION (E&P)
761ee03b8205445d35f3943f,2026-10-03T13:15-05:00,2026-10-03T18:15:00Z,2026-10-03,4.58373,-69.9796,VIIRS-NOAA-20,NOAA-20,VIIRS,64.5,23.1,14.2,Nominal,D,0.42,0.38,true,true,Puntos_de_calor_Colombia_2026-10-03.csv,2026-10-05T22:03:22Z,99,Vichada,99773,Cumaribo,asignado,cache_geometrico,false,0,,,,asignado,321111,3.2.1.1.1.1.  Herbazal denso de tierra firme no arbolado,3,32,321,3211,32111,321111,SI,Landsat_2024_mediana_28042025,"GoogleEarth, BingMaps",false,0,,,,,mas_de_5_km,,0,0,0,,,,,mas_de_5_km,,0,,,,,,
7783a09b6a5f7d8b312cd0ad,2026-10-03T13:15-05:00,2026-10-03T18:15:00Z,2026-10-03,4.89224,-68.72392,VIIRS-NOAA-20,NOAA-20,VIIRS,68,17.3,6.7,Nominal,D,0.49,0.4,true,true,Puntos_de_calor_Colombia_2026-10-03.csv,2026-10-05T22:03:22Z,99,Vichada,99773,Cumaribo,asignado,cache_geometrico,false,0,,,,asignado,321111,3.2.1.1.1.1.  Herbazal denso de tierra firme no arbolado,3,32,321,3211,32111,321111,SI,Landsat_2024_mediana_28042025,GoogleEarth,true,1,BLOQUE 895,,,,mas_de_5_km,,0,0,0,,,,,mas_de_5_km,,0,,,,,,
7a08de75abd3d6f5f4d4261a,2026-10-03T13:15-05:00,2026-10-03T18:15:00Z,2026-10-03,4.52138,-71.50803,VIIRS-NOAA-20,NOAA-20,VIIRS,61.9,-1.6,3.3,Nominal,D,0.39,0.36,true,true,Puntos_de_calor_Colombia_2026-10-03.csv,2026-10-05T22:03:22Z,50,Meta,50568,Puerto Gaitán,asignado,cache_geometrico,false,0,,,,asignado,321111,3.2.1.1.1.1.  Herbazal denso de tierra firme no arbolado,3,32,321,3211,32111,321111,SI,Landsat_2024_mediana_28042025,Basemap,false,0,,,,,dentro,0.00,6,0,6,LAM4973|LAM3524|LAM5170|LAV0017-00-2017|LAM3605,AREA DE INTERES DE PERFORACIÓN EXPLORATORIA EN EL BLOQUE CPO-2|AREA DE PERFORACION EXPLORATORIA GABAN|PERFORATION EXPLORATORIA BLOQUE CPO-7A|ÁREA DE PERFORACIÓN EXPLORATORIA LLANOS 2|AREA DE PERFORACION EXPLORATORIA BLOQUE CHICUACO|AREA DE INTERES GABAN,PLUSPETROL RESOURCES CORPORATION SUCURSAL COLOMBIANA|HUPECOL OPERATING CO LLC|TECPETROL COLOMBIA S.A.S.|INTEGRA OIL AND GAS SAS|COMPETROL LTDA,poligono,entre_1_y_5_km,2467.75,1,0757,LLA 100,NO APLICA,HOCOL S.A.,EXPLORACION,CONTRATO DE EXPLORACION Y PRODUCCION (E&P)
7c3fed8e458e21342427614b,2026-10-03T13:15-05:00,2026-10-03T18:15:00Z,2026-10-03,4.27718,-70.69478,VIIRS-NOAA-20,NOAA-20,VIIRS,55.8,24.2,3,Nominal,D,0.4,0.37,true,true,Puntos_de_calor_Colombia_2026-10-03.csv,2026-10-05T22:03:22Z,99,Vichada,99773,Cumaribo,asignado,cache_geometrico,false,0,,,,asignado,321111,3.2.1.1.1.1.  Herbazal denso de tierra firme no arbolado,3,32,321,3211,32111,321111,SI,Landsat_2024_mediana_28042025,IDEAM_puntos_CLC2022_verificacion_campo_2025,false,0,,,,,mas_de_5_km,,0,0,0,,,,,mas_de_5_km,,0,,,,,,
7dff8eb4f5bf3b3879f02cc0,2026-10-03T13:15-05:00,2026-10-03T18:15:00Z,2026-10-03,4.835,-70.07457,VIIRS-NOAA-20,NOAA-20,VIIRS,60,20.5,2.5,Nominal,D,0.42,0.38,true,true,Puntos_de_calor_Colombia_2026-10-03.csv,2026-10-05T22:03:22Z,99,Vichada,99773,Cumaribo,asignado,cache_geometrico,false,0,,,,asignado,321111,3.2.1.1.1.1.  Herbazal denso de tierra firme no arbolado,3,32,321,3211,32111,321111,SI,Landsat_2024_mediana_28042025,GoogleEarth,false,0,,,,,mas_de_5_km,,0,0,0,,,,,mas_de_5_km,,0,,,,,,
83608cc02e9ba92b2442d5f1,2026-10-03T13:15-05:00,2026-10-03T18:15:00Z,2026-10-03,3.84389,-70.96217,VIIRS-NOAA-20,NOAA-20,VIIRS,58.9,19.1,1.5,Nominal,D,0.39,0.36,true,true,Puntos_de_calor_Colombia_2026-10-03.csv,2026-10-05T22:03:22Z,99,Vichada,99773,Cumaribo,asignado,cache_geometrico,false,0,,,,asignado,3131,3.1.3.1. Bosque fragmentado con pastos y cultivos,3,31,313,3131,,,SI,L9_657_20240412,Web Maps (Bing/ArcGIS/Google),false,0,,,,,mas_de_5_km,,0,0,0,,,,,mas_de_5_km,,0,,,,,,
87836688e881f6ff7973531c,2026-10-03T13:15-05:00,2026-10-03T18:15:00Z,2026-10-03,4.15695,-70.50964,VIIRS-NOAA-20,NOAA-20,VIIRS,56.5,12.2,2.2,Nominal,D,0.4,0.37,true,true,Puntos_de_calor_Colombia_2026-10-03.csv,2026-10-05T22:03:22Z,99,Vichada,99773,Cumaribo,asignado,cache_geometrico,false,0,,,,asignado,321111,3.2.1.1.1.1.  Herbazal denso de tierra firme no arbolado,3,32,321,3211,32111,321111,SI,Landsat_2024_mediana_28042025,"GoogleEarth, BingMaps",false,0,,,,,mas_de_5_km,,0,0,0,,,,,mas_de_5_km,,0,,,,,,
8ec7a895f3888de0fdaacf28,2026-10-03T13:15-05:00,2026-10-03T18:15:00Z,2026-10-03,4.52085,-71.51151,VIIRS-NOAA-20,NOAA-20,VIIRS,66.1,0.3,5.3,Nominal,D,0.39,0.36,true,true,Puntos_de_calor_Colombia_2026-10-03.csv,2026-10-05T22:03:22Z,50,Meta,50568,Puerto Gaitán,asignado,cache_geometrico,false,0,,,,asignado,321111,3.2.1.1.1.1.  Herbazal denso de tierra firme no arbolado,3,32,321,3211,32111,321111,SI,Landsat_2024_mediana_28042025,Basemap,false,0,,,,,dentro,0.00,6,0,6,LAM4973|LAM3524|LAM5170|LAM3605|LAV0017-00-2017,AREA DE INTERES DE PERFORACIÓN EXPLORATORIA EN EL BLOQUE CPO-2|AREA DE PERFORACION EXPLORATORIA GABAN|PERFORATION EXPLORATORIA BLOQUE CPO-7A|AREA DE PERFORACION EXPLORATORIA BLOQUE CHICUACO|ÁREA DE PERFORACIÓN EXPLORATORIA LLANOS 2|AREA DE INTERES GABAN,PLUSPETROL RESOURCES CORPORATION SUCURSAL COLOMBIANA|HUPECOL OPERATING CO LLC|TECPETROL COLOMBIA S.A.S.|COMPETROL LTDA|INTEGRA OIL AND GAS SAS,poligono,entre_1_y_5_km,2580.51,1,0757,LLA 100,NO APLICA,HOCOL S.A.,EXPLORACION,CONTRATO DE EXPLORACION Y PRODUCCION (E&P)
9d989678340eb1c483e69c5c,2026-10-03T13:15-05:00,2026-10-03T18:15:00Z,2026-10-03,4.2401,-70.23807,VIIRS-NOAA-20,NOAA-20,VIIRS,60.1,13.4,4.8,Nominal,D,0.41,0.37,true,true,Puntos_de_calor_Colombia_2026-10-03.csv,2026-10-05T22:03:22Z,99,Vichada,99773,Cumaribo,asignado,cache_geometrico,false,0,,,,asignado,321111,3.2.1.1.1.1.  Herbazal denso de tierra firme no arbolado,3,32,321,3211,32111,321111,SI,Landsat_2024_mediana_28042025,"GoogleEarth, BingMaps",false,0,,,,,mas_de_5_km,,0,0,0,,,,,mas_de_5_km,,0,,,,,,
9ed89295888c2a2b19bafb3f,2026-10-03T13:15-05:00,2026-10-03T18:15:00Z,2026-10-03,4.57738,-69.97479,VIIRS-NOAA-20,NOAA-20,VIIRS,61.8,19.5,14,Nominal,D,0.42,0.38,true,true,Puntos_de_calor_Colombia_2026-10-03.csv,2026-10-05T22:03:22Z,99,Vichada,99773,Cumaribo,asignado,cache_geometrico,false,0,,,,asignado,314,3.1.4. Bosque de galería y ripario,3,31,314,,,,SI,Landsat_2024_mediana_28042025,"GoogleEarth, BingMaps",false,0,,,,,mas_de_5_km,,0,0,0,,,,,mas_de_5_km,,0,,,,,,
a23c6d4d85a9b19cc4cb5024,2026-10-03T13:15-05:00,2026-10-03T18:15:00Z,2026-10-03,4.8853,-68.70161,VIIRS-NOAA-20,NOAA-20,VIIRS,63.6,13.2,3.6,Nominal,D,0.49,0.4,true,true,Puntos_de_calor_Colombia_2026-10-03.csv,2026-10-05T22:03:22Z,99,Vichada,99773,Cumaribo,asignado,cache_geometrico,false,0,,,,asignado,321111,3.2.1.1.1.1.  Herbazal denso de tierra firme no arbolado,3,32,321,3211,32111,321111,SI,Landsat_2024_mediana_28042025,GoogleEarth,true,1,BLOQUE 895,,,,mas_de_5_km,,0,0,0,,,,,mas_de_5_km,,0,,,,,,
a2b3828b85014659ce6b91d4,2026-10-03T13:15-05:00,2026-10-03T18:15:00Z,2026-10-03,4.89374,-68.72063,VIIRS-NOAA-20,NOAA-20,VIIRS,62.9,16.2,7.7,Nominal,D,0.49,0.4,true,true,Puntos_de_calor_Colombia_2026-10-03.csv,2026-10-05T22:03:22Z,99,Vichada,99773,Cumaribo,asignado,cache_geometrico,false,0,,,,asignado,321111,3.2.1.1.1.1.  Herbazal denso de tierra firme no arbolado,3,32,321,3211,32111,321111,SI,Landsat_2024_mediana_28042025,GoogleEarth,true,1,BLOQUE 895,,,,mas_de_5_km,,0,0,0,,,,,mas_de_5_km,,0,,,,,,
adeb020cf7ea5528494d26c5,2026-10-03T13:15-05:00,2026-10-03T18:15:00Z,2026-10-03,4.57681,-69.97858,VIIRS-NOAA-20,NOAA-20,VIIRS,66.4,24.5,27.3,Nominal,D,0.42,0.38,true,true,Puntos_de_calor_Colombia_2026-10-03.csv,2026-10-05T22:03:22Z,99,Vichada,99773,Cumaribo,asignado,cache_geometrico,false,0,,,,asignado,321111,3.2.1.1.1.1.  Herbazal denso de tierra firme no arbolado,3,32,321,3211,32111,321111,SI,Landsat_2024_mediana_28042025,"GoogleEarth, BingMaps",false,0,,,,,mas_de_5_km,,0,0,0,,,,,mas_de_5_km,,0,,,,,,
af585879288bd7cd828ce1bf,2026-10-03T13:15-05:00,2026-10-03T18:15:00Z,2026-10-03,4.82925,-69.72025,VIIRS-NOAA-20,NOAA-20,VIIRS,59.8,13.4,2.9,Nominal,D,0.44,0.38,true,true,Puntos_de_calor_Colombia_2026-10-03.csv,2026-10-05T22:03:22Z,99,Vichada,99773,Cumaribo,asignado,cache_geometrico,false,0,,,,asignado,321111,3.2.1.1.1.1.  Herbazal denso de tierra firme no arbolado,3,32,321,3211,32111,321111,SI,Landsat_2024_mediana_28042025,GoogleEarth,true,1,SHP-08171,(8420000171) ALCALDIA DE CUMARIBO,,MATERIALES DE CONSTRUCCIÓN,mas_de_5_km,,0,0,0,,,,,mas_de_5_km,,0,,,,,,
c0bdab6d4ccebc95c630266d,2026-10-03T13:15-05:00,2026-10-03T18:15:00Z,2026-10-03,4.5843,-69.9758,VIIRS-NOAA-20,NOAA-20,VIIRS,68.9,22.3,8.3,Nominal,D,0.42,0.38,true,true,Puntos_de_calor_Colombia_2026-10-03.csv,2026-10-05T22:03:22Z,99,Vichada,99773,Cumaribo,asignado,cache_geometrico,false,0,,,,asignado,321111,3.2.1.1.1.1.  Herbazal denso de tierra firme no arbolado,3,32,321,3211,32111,321111,SI,Landsat_2024_mediana_28042025,"GoogleEarth, BingMaps",false,0,,,,,mas_de_5_km,,0,0,0,,,,,mas_de_5_km,,0,,,,,,
c149e28a14ac1898855430f3,2026-10-03T13:15-05:00,2026-10-03T18:15:00Z,2026-10-03,4.89292,-69.75699,VIIRS-NOAA-20,NOAA-20,VIIRS,57.7,16.6,1.6,Nominal,D,0.43,0.38,true,true,Puntos_de_calor_Colombia_2026-10-03.csv,2026-10-05T22:03:22Z,99,Vichada,99524,La Primavera,asignado,cache_geometrico,false,0,,,,asignado,314,3.1.4. Bosque de galería y ripario,3,31,314,,,,SI,Landsat_2024_mediana_28042025,GoogleEarth,false,0,,,,,mas_de_5_km,,0,0,0,,,,,mas_de_5_km,,0,,,,,,
c3f4e8149745b0f61df85ef9,2026-10-03T13:15-05:00,2026-10-03T18:15:00Z,2026-10-03,3.86112,-70.96115,VIIRS-NOAA-20,NOAA-20,VIIRS,55.2,23.5,3.3,Nominal,D,0.39,0.36,true,true,Puntos_de_calor_Colombia_2026-10-03.csv,2026-10-05T22:03:22Z,99,Vichada,99773,Cumaribo,asignado,cache_geometrico,false,0,,,,asignado,321111,3.2.1.1.1.1.  Herbazal denso de tierra firme no arbolado,3,32,321,3211,32111,321111,SI,"Landsat_2024_mediana_28042025, L9_657_20240412, L9_557_20240225","GoogleEarth, BingMaps, Planet Medres Normalized Analytic 2024-01 Mosaic",false,0,,,,,mas_de_5_km,,0,0,0,,,,,mas_de_5_km,,0,,,,,,
cdb4efb33f0363474e174689,2026-10-03T13:15-05:00,2026-10-03T18:15:00Z,2026-10-03,4.70851,-68.46157,VIIRS-NOAA-20,NOAA-20,VIIRS,62.7,14.1,6.2,Nominal,D,0.5,0.41,true,true,Puntos_de_calor_Colombia_2026-10-03.csv,2026-10-05T22:03:22Z,99,Vichada,99773,Cumaribo,asignado,cache_geometrico,false,0,,,,asignado,3131,3.1.3.1. Bosque fragmentado con pastos y cultivos,3,31,313,3131,,,SI,L9_457_20240109,Mosaico Sentinel-2_L2A_False_color 2024-01-24-00_00_2024-01-24-23_59_,true,1,BLOQUE 895,,,,mas_de_5_km,,0,0,0,,,,,mas_de_5_km,,0,,,,,,
e9515c29757d974192f47612,2026-10-03T13:15-05:00,2026-10-03T18:15:00Z,2026-10-03,4.00573,-71.0158,VIIRS-NOAA-20,NOAA-20,VIIRS,61.3,24,2.2,Nominal,D,0.39,0.36,true,true,Puntos_de_calor_Colombia_2026-10-03.csv,2026-10-05T22:03:22Z,99,Vichada,99773,Cumaribo,asignado,cache_geometrico,false,0,,,,asignado,321111,3.2.1.1.1.1.  Herbazal denso de tierra firme no arbolado,3,32,321,3211,32111,321111,SI,Landsat_2024_mediana_28042025,"GoogleEarth, BingMaps",false,0,,,,,entre_1_y_5_km,3888.80,1,0,1,LAV0090-00-2014,ÁREA DE PERFORACIÓN EXPLORATORIA CPO-8 SUR,ECOPETROL S.A.,poligono,mas_de_5_km,,0,,,,,,
064fa886a64d74d332d22127,2026-10-03T13:17-05:00,2026-10-03T18:17:00Z,2026-10-03,5.78708,-69.16787,VIIRS-NOAA-20,NOAA-20,VIIRS,82.7,15.8,17.8,Nominal,D,0.47,0.4,true,true,Puntos_de_calor_Colombia_2026-10-03.csv,2026-10-05T22:03:22Z,99,Vichada,99524,La Primavera,asignado,cache_geometrico,false,0,,,,asignado,321121,3.2.1.1.2.1. Herbazal denso inundable no arbolado,3,32,321,3211,32112,321121,SI,Landsat_2024_mediana_28042025,GoogleEarth,false,0,,,,,mas_de_5_km,,0,0,0,,,,,mas_de_5_km,,0,,,,,,
134f89e5fa4e7c751a012137,2026-10-03T13:17-05:00,2026-10-03T18:17:00Z,2026-10-03,5.09794,-70.16822,VIIRS-NOAA-20,NOAA-20,VIIRS,57,20.2,3.8,Nominal,D,0.42,0.38,true,true,Puntos_de_calor_Colombia_2026-10-03.csv,2026-10-05T22:03:22Z,99,Vichada,99524,La Primavera,asignado,cache_geometrico,false,0,,,,asignado,321121,3.2.1.1.2.1. Herbazal denso inundable no arbolado,3,32,321,3211,32112,321121,SI,Landsat_2024_mediana_28042025,GoogleEarth,false,0,,,,,mas_de_5_km,,0,0,0,,,,,mas_de_5_km,,0,,,,,,
23dd892a5971f09f6be48f81,2026-10-03T13:17-05:00,2026-10-03T18:17:00Z,2026-10-03,5.92817,-69.96802,VIIRS-NOAA-20,NOAA-20,VIIRS,61,-5.1,4.9,Nominal,D,0.44,0.38,true,true,Puntos_de_calor_Colombia_2026-10-03.csv,2026-10-05T22:03:22Z,85,Casanare,85250,Paz De Ariporo,asignado,cache_geometrico,false,0,,,,asignado,321111,3.2.1.1.1.1.  Herbazal denso de tierra firme no arbolado,3,32,321,3211,32111,321111,SI,Landsat_2024_mediana_28042025,GoogleEarth,false,0,,,,,mas_de_5_km,,0,0,0,,,,,mas_de_5_km,,0,,,,,,
3c12cc5af5f22f5e10de4e60,2026-10-03T13:17-05:00,2026-10-03T18:17:00Z,2026-10-03,5.79863,-69.16525,VIIRS-NOAA-20,NOAA-20,VIIRS,67.4,17.2,8.5,Nominal,D,0.47,0.4,true,true,Puntos_de_calor_Colombia_2026-10-03.csv,2026-10-05T22:03:22Z,99,Vichada,99524,La Primavera,asignado,cache_geometrico,false,0,,,,asignado,321111,3.2.1.1.1.1.  Herbazal denso de tierra firme no arbolado,3,32,321,3211,32111,321111,SI,Landsat_2024_mediana_28042025,GoogleEarth,false,0,,,,,mas_de_5_km,,0,0,0,,,,,mas_de_5_km,,0,,,,,,
47ff356ec9d8a5d44b44a56d,2026-10-03T13:17-05:00,2026-10-03T18:17:00Z,2026-10-03,5.80227,-69.16579,VIIRS-NOAA-20,NOAA-20,VIIRS,69.6,15.5,5,Nominal,D,0.47,0.4,true,true,Puntos_de_calor_Colombia_2026-10-03.csv,2026-10-05T22:03:22Z,99,Vichada,99524,La Primavera,asignado,cache_geometrico,false,0,,,,asignado,321111,3.2.1.1.1.1.  Herbazal denso de tierra firme no arbolado,3,32,321,3211,32111,321111,SI,Landsat_2024_mediana_28042025,GoogleEarth,false,0,,,,,mas_de_5_km,,0,0,0,,,,,mas_de_5_km,,0,,,,,,
51d92239853d9df33a0831ef,2026-10-03T13:17-05:00,2026-10-03T18:17:00Z,2026-10-03,5.09104,-70.16721,VIIRS-NOAA-20,NOAA-20,VIIRS,70.7,16.3,5.3,Nominal,D,0.42,0.38,true,true,Puntos_de_calor_Colombia_2026-10-03.csv,2026-10-05T22:03:22Z,99,Vichada,99524,La Primavera,asignado,cache_geometrico,false,0,,,,asignado,321122,3.2.1.1.2.2. Herbazal denso inundable arbolado,3,32,321,3211,32112,321122,SI,Landsat_2024_mediana_28042025,GoogleEarth,false,0,,,,,mas_de_5_km,,0,0,0,,,,,mas_de_5_km,,0,,,,,,
7326eea64519d035f1b72f81,2026-10-03T13:17-05:00,2026-10-03T18:17:00Z,2026-10-03,6.50501,-69.9268,VIIRS-NOAA-20,NOAA-20,VIIRS,59,3.9,2.9,Nominal,D,0.44,0.39,true,true,Puntos_de_calor_Colombia_2026-10-03.csv,2026-10-05T22:03:22Z,81,Arauca,81220,Cravo Norte,asignado,cache_geometrico,true,1,1342,Cinaruco,Distritos Nacionales de Manejo Integrado,asignado,321121,3.2.1.1.2.1. Herbazal denso inundable no arbolado,3,32,321,3211,32112,321121,SI,Landsat_2024_mediana_28042025,GoogleEarth,false,0,,,,,mas_de_5_km,,0,0,0,,,,,mas_de_5_km,,0,,,,,,
73452793174ce54728e30180,2026-10-03T13:17-05:00,2026-10-03T18:17:00Z,2026-10-03,5.09851,-70.16444,VIIRS-NOAA-20,NOAA-20,VIIRS,68.6,18.1,3.8,Nominal,D,0.42,0.38,true,true,Puntos_de_calor_Colombia_2026-10-03.csv,2026-10-05T22:03:22Z,99,Vichada,99524,La Primavera,asignado,cache_geometrico,false,0,,,,asignado,321122,3.2.1.1.2.2. Herbazal denso inundable arbolado,3,32,321,3211,32112,321122,SI,Landsat_2024_mediana_28042025,GoogleEarth,false,0,,,,,mas_de_5_km,,0,0,0,,,,,mas_de_5_km,,0,,,,,,
792838876abfd7f310fee090,2026-10-03T13:17-05:00,2026-10-03T18:17:00Z,2026-10-03,5.78645,-69.1721,VIIRS-NOAA-20,NOAA-20,VIIRS,66.5,13.5,10.9,Nominal,D,0.47,0.4,true,true,Puntos_de_calor_Colombia_2026-10-03.csv,2026-10-05T22:03:22Z,99,Vichada,99524,La Primavera,asignado,cache_geometrico,false,0,,,,asignado,321121,3.2.1.1.2.1. Herbazal denso inundable no arbolado,3,32,321,3211,32112,321121,SI,Landsat_2024_mediana_28042025,GoogleEarth,false,0,,,,,mas_de_5_km,,0,0,0,,,,,mas_de_5_km,,0,,,,,,
8d63867d9c8b1f9f2ce9e877,2026-10-03T13:17-05:00,2026-10-03T18:17:00Z,2026-10-03,5.79009,-69.17265,VIIRS-NOAA-20,NOAA-20,VIIRS,63.2,12.4,10.9,Nominal,D,0.47,0.4,true,true,Puntos_de_calor_Colombia_2026-10-03.csv,2026-10-05T22:03:22Z,99,Vichada,99524,La Primavera,asignado,cache_geometrico,false,0,,,,asignado,321121,3.2.1.1.2.1. Herbazal denso inundable no arbolado,3,32,321,3211,32112,321121,SI,Landsat_2024_mediana_28042025,GoogleEarth,false,0,,,,,mas_de_5_km,,0,0,0,,,,,mas_de_5_km,,0,,,,,,
a94143ad2e09fa7e37dd41de,2026-10-03T13:17-05:00,2026-10-03T18:17:00Z,2026-10-03,5.79072,-69.16841,VIIRS-NOAA-20,NOAA-20,VIIRS,70.4,16.2,17.8,Nominal,D,0.47,0.4,true,true,Puntos_de_calor_Colombia_2026-10-03.csv,2026-10-05T22:03:22Z,99,Vichada,99524,La Primavera,asignado,cache_geometrico,false,0,,,,asignado,321121,3.2.1.1.2.1. Herbazal denso inundable no arbolado,3,32,321,3211,32112,321121,SI,Landsat_2024_mediana_28042025,GoogleEarth,false,0,,,,,mas_de_5_km,,0,0,0,,,,,mas_de_5_km,,0,,,,,,
b1b0f58fad1ef031c1d32ad9,2026-10-03T13:17-05:00,2026-10-03T18:17:00Z,2026-10-03,5.79939,-69.16426,VIIRS-NOAA-20,NOAA-20,VIIRS,70.9,18.8,5.7,Nominal,D,0.47,0.4,true,true,Puntos_de_calor_Colombia_2026-10-03.csv,2026-10-05T22:03:22Z,99,Vichada,99524,La Primavera,asignado,cache_geometrico,false,0,,,,asignado,321111,3.2.1.1.1.1.  Herbazal denso de tierra firme no arbolado,3,32,321,3211,32111,321111,SI,Landsat_2024_mediana_28042025,GoogleEarth,false,0,,,,,mas_de_5_km,,0,0,0,,,,,mas_de_5_km,,0,,,,,,
b4575460ebe3ffa06a299aec,2026-10-03T13:17-05:00,2026-10-03T18:17:00Z,2026-10-03,5.10139,-70.16873,VIIRS-NOAA-20,NOAA-20,VIIRS,60.2,18.7,3.3,Nominal,D,0.42,0.38,true,true,Puntos_de_calor_Colombia_2026-10-03.csv,2026-10-05T22:03:22Z,99,Vichada,99524,La Primavera,asignado,cache_geometrico,false,0,,,,asignado,231,2.3.1. Pastos limpios,2,23,231,,,,SI,Landsat_2024_mediana_28042025,GoogleEarth,false,0,,,,,mas_de_5_km,,0,0,0,,,,,mas_de_5_km,,0,,,,,,
c1bdd295529d4af7969766c8,2026-10-03T13:17-05:00,2026-10-03T18:17:00Z,2026-10-03,5.80303,-69.1648,VIIRS-NOAA-20,NOAA-20,VIIRS,63.2,15.5,5.7,Nominal,D,0.47,0.4,true,true,Puntos_de_calor_Colombia_2026-10-03.csv,2026-10-05T22:03:22Z,99,Vichada,99524,La Primavera,asignado,cache_geometrico,false,0,,,,asignado,321111,3.2.1.1.1.1.  Herbazal denso de tierra firme no arbolado,3,32,321,3211,32111,321111,SI,Landsat_2024_mediana_28042025,GoogleEarth,false,0,,,,,mas_de_5_km,,0,0,0,,,,,mas_de_5_km,,0,,,,,,
f98c7b882ac710f0499c2510,2026-10-03T13:17-05:00,2026-10-03T18:17:00Z,2026-10-03,5.0876,-70.16669,VIIRS-NOAA-20,NOAA-20,VIIRS,56.7,15.9,5.3,Nominal,D,0.42,0.38,true,true,Puntos_de_calor_Colombia_2026-10-03.csv,2026-10-05T22:03:22Z,99,Vichada,99524,La Primavera,asignado,cache_geometrico,false,0,,,,asignado,321122,3.2.1.1.2.2. Herbazal denso inundable arbolado,3,32,321,3211,32112,321122,SI,Landsat_2024_mediana_28042025,GoogleEarth,false,0,,,,,mas_de_5_km,,0,0,0,,,,,mas_de_5_km,,0,,,,,,
fa47819fa4fda322969cffa7,2026-10-03T13:17-05:00,2026-10-03T18:17:00Z,2026-10-03,5.8029,-69.16156,VIIRS-NOAA-20,NOAA-20,VIIRS,58.9,17.7,5.5,Nominal,D,0.47,0.4,true,true,Puntos_de_calor_Colombia_2026-10-03.csv,2026-10-05T22:03:22Z,99,Vichada,99524,La Primavera,asignado,cache_geometrico,false,0,,,,asignado,321111,3.2.1.1.1.1.  Herbazal denso de tierra firme no arbolado,3,32,321,3211,32111,321111,SI,Landsat_2024_mediana_28042025,GoogleEarth,false,0,,,,,mas_de_5_km,,0,0,0,,,,,mas_de_5_km,,0,,,,,,
c3fd82876d346ead5c0234ee,2026-10-03T14:02-05:00,2026-10-03T19:02:00Z,2026-10-03,2.26897,-76.86604,VIIRS-NOAA-21,NOAA-21,VIIRS,53.2,-1.2,5.2,Nominal,D,0.58,0.52,true,true,Puntos_de_calor_Colombia_2026-10-03.csv,2026-10-05T22:03:22Z,19,Cauca,19256,El Tambo,asignado,cache_geometrico,false,0,,,,asignado,244,2.4.4. Mosaico de pastos con espacios naturales,2,24,244,,,,SI,Landsat_2024_mediana_28042025,,false,0,,,,,mas_de_5_km,,0,0,0,,,,,mas_de_5_km,,0,,,,,,
09f63b80645b5909e3ebb567,2026-10-03T15:23-05:00,2026-10-03T20:23:00Z,2026-10-03,3.80676,-72.45264,MODIS-Aqua,Aqua,MODIS,38,17.7,5.4,54 %,D,1.1,1.05,true,true,Puntos_de_calor_Colombia_2026-10-03.csv,2026-10-05T22:03:22Z,50,Meta,50573,Puerto López,asignado,cache_geometrico,false,0,,,,asignado,321111,3.2.1.1.1.1.  Herbazal denso de tierra firme no arbolado,3,32,321,3211,32111,321111,SI,Landsat_2024_mediana_28042025,Basemap,false,0,,,,,dentro,0.00,2,0,2,LAM5475|LAV0036-00-2022,ÁREA DE PERFORACIÓN EXPLORATORIA BLOQUE CPO-12|ÁREA DE DESARROLLO LLANOS 134 - ÁREA DE DESARROLLO LLANOS 134,META  PETROLEUM CORP|PAREX RESOURCES COLOMBIA LTD SUCURSAL,poligono,mas_de_5_km,,0,,,,,,
151ffd0d21d577a43e4673e2,2026-10-03T15:23-05:00,2026-10-03T20:23:00Z,2026-10-03,4.34294,-70.75696,MODIS-Aqua,Aqua,MODIS,38.6,7.9,8.4,68 %,D,1,1,true,true,Puntos_de_calor_Colombia_2026-10-03.csv,2026-10-05T22:03:22Z,99,Vichada,99773,Cumaribo,asignado,cache_geometrico,false,0,,,,asignado,321111,3.2.1.1.1.1.  Herbazal denso de tierra firme no arbolado,3,32,321,3211,32111,321111,SI,Landsat_2024_mediana_28042025,IDEAM_puntos_CLC2022_verificacion_campo_2025,false,0,,,,,mas_de_5_km,,0,0,0,,,,,mas_de_5_km,,0,,,,,,
33560ec25272966b157062d2,2026-10-03T15:23-05:00,2026-10-03T20:23:00Z,2026-10-03,4.34422,-70.74826,MODIS-Aqua,Aqua,MODIS,33.7,8.9,5,31 %,D,1,1,true,true,Puntos_de_calor_Colombia_2026-10-03.csv,2026-10-05T22:03:22Z,99,Vichada,99773,Cumaribo,asignado,cache_geometrico,false,0,,,,asignado,321111,3.2.1.1.1.1.  Herbazal denso de tierra firme no arbolado,3,32,321,3211,32111,321111,SI,Landsat_2024_mediana_28042025,IDEAM_puntos_CLC2022_verificacion_campo_2025,false,0,,,,,mas_de_5_km,,0,0,0,,,,,mas_de_5_km,,0,,,,,,
4e0856c4856a743e56468e3e,2026-10-03T15:23-05:00,2026-10-03T20:23:00Z,2026-10-03,5.23769,-68.10162,MODIS-Aqua,Aqua,MODIS,42.1,1.8,18.2,63 %,D,1.23,1.1,true,true,Puntos_de_calor_Colombia_2026-10-03.csv,2026-10-05T22:03:22Z,99,Vichada,99773,Cumaribo,asignado,cache_geometrico,true,1,83,El Tuparro,Parque Nacional Natural,asignado,31112,3.1.1.1.2. Bosque denso alto inundable,3,31,311,3111,31112,,SI,Landsat9_456_09/01/2024,,false,0,,,,,mas_de_5_km,,0,0,0,,,,,mas_de_5_km,,0,,,,,,
6f6638e3c5bcae875a9bf21c,2026-10-03T15:23-05:00,2026-10-03T20:23:00Z,2026-10-03,4.57881,-69.98237,MODIS-Aqua,Aqua,MODIS,41,11,8.7,33 %,D,1.02,1.01,true,true,Puntos_de_calor_Colombia_2026-10-03.csv,2026-10-05T22:03:22Z,99,Vichada,99773,Cumaribo,asignado,cache_geometrico,false,0,,,,asignado,321111,3.2.1.1.1.1.  Herbazal denso de tierra firme no arbolado,3,32,321,3211,32111,321111,SI,Landsat_2024_mediana_28042025,"GoogleEarth, BingMaps",false,0,,,,,mas_de_5_km,,0,0,0,,,,,mas_de_5_km,,0,,,,,,
76ea17528d08dfa0e72ba421,2026-10-03T15:23-05:00,2026-10-03T20:23:00Z,2026-10-03,5.8018,-69.18918,MODIS-Aqua,Aqua,MODIS,34.3,4.1,7.2,24 %,D,1.1,1.04,true,true,Puntos_de_calor_Colombia_2026-10-03.csv,2026-10-05T22:03:22Z,99,Vichada,99524,La Primavera,asignado,cache_geometrico,false,0,,,,asignado,321111,3.2.1.1.1.1.  Herbazal denso de tierra firme no arbolado,3,32,321,3211,32111,321111,SI,Landsat_2024_mediana_28042025,GoogleEarth,false,0,,,,,mas_de_5_km,,0,0,0,,,,,mas_de_5_km,,0,,,,,,
7759ed385393ff59de685a09,2026-10-03T15:23-05:00,2026-10-03T20:23:00Z,2026-10-03,4.32165,-70.78046,MODIS-Aqua,Aqua,MODIS,35.4,11.9,5.8,36 %,D,1,1,true,true,Puntos_de_calor_Colombia_2026-10-03.csv,2026-10-05T22:03:22Z,99,Vichada,99773,Cumaribo,asignado,cache_geometrico,false,0,,,,asignado,321111,3.2.1.1.1.1.  Herbazal denso de tierra firme no arbolado,3,32,321,3211,32111,321111,SI,Landsat_2024_mediana_28042025,IDEAM_puntos_CLC2022_verificacion_campo_2025,false,0,,,,,mas_de_5_km,,0,0,0,,,,,mas_de_5_km,,0,,,,,,
fc1dfad41cc730d056b8e492,2026-10-03T15:23-05:00,2026-10-03T20:23:00Z,2026-10-03,4.56132,-69.47028,MODIS-Aqua,Aqua,MODIS,31.7,4.7,5.7,51 %,D,1.05,1.02,true,true,Puntos_de_calor_Colombia_2026-10-03.csv,2026-10-05T22:03:22Z,99,Vichada,99773,Cumaribo,asignado,cache_geometrico,false,0,,,,asignado,3232,3.2.3.2. Vegetación secundaria baja,3,32,323,3232,,,SI,Landsat_2024_mediana_28042025,"GoogleEarth, BingMaps",false,0,,,,,mas_de_5_km,,0,0,0,,,,,mas_de_5_km,,0,,,,,,
af6d24853b28309b395789d4,2026-10-04T00:57-05:00,2026-10-04T05:57:00Z,2026-10-04,5.22794,-68.99009,VIIRS-NOAA-21,NOAA-21,VIIRS,35.1,-8,,Nominal,N,0.4,0.37,true,true,Puntos_de_calor_Colombia_2026-10-04.csv,2026-10-06T06:27:43Z,99,Vichada,99773,Cumaribo,asignado,cache_geometrico,true,1,83,El Tuparro,Parque Nacional Natural,asignado,321111,3.2.1.1.1.1.  Herbazal denso de tierra firme no arbolado,3,32,321,3211,32111,321111,SI,"Landsat_2024_mediana_28042025, Landsat8_556_24/01/2024, Landsat9_456_09/01/2024",GoogleEarth,false,0,,,,,mas_de_5_km,,0,0,0,,,,,mas_de_5_km,,0,,,,,,
bce6f4daab20114bf644965e,2026-10-04T00:57-05:00,2026-10-04T05:57:00Z,2026-10-04,5.23129,-68.98958,VIIRS-NOAA-21,NOAA-21,VIIRS,27.3,-8.6,,Nominal,N,0.4,0.37,true,true,Puntos_de_calor_Colombia_2026-10-04.csv,2026-10-06T06:27:43Z,99,Vichada,99773,Cumaribo,asignado,cache_geometrico,true,1,83,El Tuparro,Parque Nacional Natural,asignado,321111,3.2.1.1.1.1.  Herbazal denso de tierra firme no arbolado,3,32,321,3211,32111,321111,SI,"Landsat_2024_mediana_28042025, Landsat8_556_24/01/2024, Landsat9_456_09/01/2024",GoogleEarth,false,0,,,,,mas_de_5_km,,0,0,0,,,,,mas_de_5_km,,0,,,,,,
1a55fd5d1dd8e4cbc359b18d,2026-10-04T00:59-05:00,2026-10-04T05:59:00Z,2026-10-04,4.49923,-74.14236,VIIRS-NOAA-21,NOAA-21,VIIRS,31.8,2.4,1.1,Nominal,N,0.48,0.48,true,true,Puntos_de_calor_Colombia_2026-10-04.csv,2026-10-06T06:27:43Z,11,"Bogotá, D.C.",11001,"Bogotá, D.C.",asignado,cache_geometrico,false,0,,,,asignado,132,1.3.2. Zona de disposición de residuos,1,13,132,,,,SI,Landsat_2024_mediana_28042025,,false,0,,,,,dentro,0.00,17,0,17,LAM7710-00|LAM8039-00|LAM2048|LAV0005-13|LAM0530|LAM2347|LAM0951|LAM1748,RELLENO SANITARIO DOÑA JUANA VIII|Líneas de Transmisión a 230kV. Corredor Sur y Sistema Bogotá|TRANSMISION NUEVA ESPERANZA LÍNEA A 230 KV Y SUBESTACIÓN DE ENERGIA|TRANSMISIÓN NUEVA ESPERANZA LÍNEA A 230 KV Y SUBESTACIÓN DE ENERGÍA – TRANSMISIÓN NUEVA ESPERANZA LÍNEA A 230 KV Y SUBESTACIÓN DE ENERGÍA|PLAN DE RECUPERACION Y ESTABECIMIENTO DE LA RESERVA ECOLOGICA Y PRIVADA LA FISCALA|PLAN DE RECUPERACIÓN Y ESTABLECIMIENTO DE LA RESERVA ECOLÓGICA Y PRIVADA LA FISCALA|GASODUCTO APIAY – VILLAVICENCIO – BOGOTÁ,UNIDAD ADMINISTRATIVA ESPECIAL DE SERVICIOS PÚBLICOS - UAESP|CENTRO DE GERENCIAMIENTO DE RESIDUOS DOÑA JUANA S.A.E.S.P.|Grupo Energía Bogotá|EMPRESAS PUBLICAS DE MEDELLIN E.S.P|EMPRESAS PÚBLICAS DE MEDELLÍN E.S.P. - EPM|CEMEX COLOMBIA S.A.|FUNDACIÓN SAN ANTONIO|TRANSPORTADORA DE GAS INTERNACIONAL S.A. E.S.P. - TGI S.A. E.S.P.|HOLCIM (COLOMBIA) S.A.,poligono|linea,mas_de_5_km,,0,,,,,,
2b123e438bda560dd2110053,2026-10-04T01:35-05:00,2026-10-04T06:35:00Z,2026-10-04,4.30732,-75.10092,VIIRS-Suomi-NPP,Suomi-NPP,VIIRS,35.1,11.8,1.1,Nominal,N,0.39,0.37,true,false,Puntos_de_calor_Colombia_2026-10-04.csv,2026-10-06T06:27:43Z,73,Tolima,73001,Ibagué,asignado,cache_geometrico,false,0,,,,asignado,121,1.2.1. Zonas industriales o comerciales,1,12,121,,,,SI,Landsat_2024_mediana_28042025,,true,1,15688,,Sin Informacion,CALIZA,hasta_1_km,540.35,31,0,31,LAM1499|LAM2537|LAM4205|LAM4750|LAM1973|LAM0022|LAM0069|LAV0084-00-2021|LAM0170,"PLAN DE MANEJO AMBIENTAL PARA LA EXPLOTACIÓN DE CALIZAS EN PAYANDÉ|BLOQUE EXPLORATORIO BUGANVILES|Explotación de la mina de calizas en Payandé - La Esmeralda|CONSTRUCCIÓN DE LA DOBLE CALZADA VARIANTE DE PICALEÑA|BLOQUE DE DESARROLLO BUGANVILES|CONSTRUCCIÓN DE LA CICLORUTA DESDE LA INTERSECCIÓN BUENOS AIRES (K00+000) HASTA LA INTERSECCIÓN GUALANDAY (K04+800)|BLOQUE EXPLORATORIO BUGAVILES ""PROSPECTO 07""|SISTEMA GASODUCTO BUENOS AIRES-IBAGUÉ, VARIANTE TRAMO 2|OLEODUCTO DEL VALLE DEL MAGDALENA TENAY VASCONIA COVEÑAS|OPERACIÓN Y MANTENIMIENTO DEL GASODUCTO CENTRO ORIENTE|BLOQUE EXPLORATORIO BUGAVILES ""PROSPECTO 05""|PROYECTO FOTOVOLTAICO SHANGRI-LA|POLIDUCTO GUALANDAY NATAGAIMA (CRUCE RIO SALDAÑA)|BLOQUE EXPLORATORIO BUGAVILES ""PROSPECTO 08""",CEMEX COLOMBIA S.A.|PETRODORADO SOUTH AMERICA S.A. SUCURSAL COLOMBIA|CONCESIONARIA SAN RAFAEL S.A.|PACIFIC STRATUS ENERGY COLOMBIA CORP|PROMOTORA DE GASES DEL SUR S.A. E.S.P|HOCOL S.A.|TRANSPORTADORA DE GAS INTERNACIONAL TGI SA ESP|OPERADORA SHANGRI-LA S.A.S E.S.P|ECOPETROL S.A.,poligono|linea,dentro,0.00,3,0723|0554|0039,VSM 25|VSM 4|BUGANVILES,NO APLICA,PAREX RESOURCES (COLOMBIA) AG|MAUREL AND PROM COLOMBIA B.V.|FRONTERA ENERGY COLOMBIA CORP.,EXPLORACION|PRODUCCION,CONTRATO DE EXPLORACION Y PRODUCCION (E&P)|CONTRATO DE ASOCIACION CON ECOPETROL
537c558e736ca64fade1bda2,2026-10-04T01:35-05:00,2026-10-04T06:35:00Z,2026-10-04,4.5004,-74.14236,VIIRS-Suomi-NPP,Suomi-NPP,VIIRS,29.9,2,,Nominal,N,0.38,0.36,true,false,Puntos_de_calor_Colombia_2026-10-04.csv,2026-10-06T06:27:43Z,11,"Bogotá, D.C.",11001,"Bogotá, D.C.",asignado,cache_geometrico,false,0,,,,asignado,132,1.3.2. Zona de disposición de residuos,1,13,132,,,,SI,Landsat_2024_mediana_28042025,,false,0,,,,,dentro,0.00,17,0,17,LAM7710-00|LAM8039-00|LAM2048|LAV0005-13|LAM0530|LAM2347|LAM1748|LAM0951,RELLENO SANITARIO DOÑA JUANA VIII|Líneas de Transmisión a 230kV. Corredor Sur y Sistema Bogotá|TRANSMISION NUEVA ESPERANZA LÍNEA A 230 KV Y SUBESTACIÓN DE ENERGIA|TRANSMISIÓN NUEVA ESPERANZA LÍNEA A 230 KV Y SUBESTACIÓN DE ENERGÍA – TRANSMISIÓN NUEVA ESPERANZA LÍNEA A 230 KV Y SUBESTACIÓN DE ENERGÍA|PLAN DE RECUPERACION Y ESTABECIMIENTO DE LA RESERVA ECOLOGICA Y PRIVADA LA FISCALA|PLAN DE RECUPERACIÓN Y ESTABLECIMIENTO DE LA RESERVA ECOLÓGICA Y PRIVADA LA FISCALA|GASODUCTO APIAY – VILLAVICENCIO – BOGOTÁ,UNIDAD ADMINISTRATIVA ESPECIAL DE SERVICIOS PÚBLICOS - UAESP|CENTRO DE GERENCIAMIENTO DE RESIDUOS DOÑA JUANA S.A.E.S.P.|Grupo Energía Bogotá|EMPRESAS PUBLICAS DE MEDELLIN E.S.P|EMPRESAS PÚBLICAS DE MEDELLÍN E.S.P. - EPM|CEMEX COLOMBIA S.A.|FUNDACIÓN SAN ANTONIO|HOLCIM (COLOMBIA) S.A.|TRANSPORTADORA DE GAS INTERNACIONAL S.A. E.S.P. - TGI S.A. E.S.P.,poligono|linea,mas_de_5_km,,0,,,,,,
012168d315cbd616337b6191,2026-10-04T12:39-05:00,2026-10-04T17:39:00Z,2026-10-04,3.88701,-67.984,VIIRS-Suomi-NPP,Suomi-NPP,VIIRS,59.9,20.4,9.7,Nominal,D,0.55,0.51,true,false,Puntos_de_calor_Colombia_2026-10-04.csv,2026-10-06T06:27:43Z,94,Guainía,94001,Inírida,asignado,cache_geometrico,false,0,,,,asignado,243,"2.4.3. Mosaico de cultivos, pastos y espacios naturales",2,24,243,,,,SI,L9_457_20240109,Web Maps (Bing/ArcGIS/Google),false,0,,,,,mas_de_5_km,,0,0,0,,,,,mas_de_5_km,,0,,,,,,
05bb81525f8f395b85af6677,2026-10-04T12:39-05:00,2026-10-04T17:39:00Z,2026-10-04,5.49476,-69.81709,VIIRS-Suomi-NPP,Suomi-NPP,VIIRS,72.2,15,3.3,Nominal,D,0.35,0.56,true,false,Puntos_de_calor_Colombia_2026-10-04.csv,2026-10-06T06:27:43Z,99,Vichada,99524,La Primavera,asignado,cache_geometrico,false,0,,,,asignado,321111,3.2.1.1.1.1.  Herbazal denso de tierra firme no arbolado,3,32,321,3211,32111,321111,SI,Landsat_2024_mediana_28042025,GoogleEarth,false,0,,,,,mas_de_5_km,,0,0,0,,,,,mas_de_5_km,,0,,,,,,
064802895fd61058eb81b464,2026-10-04T12:39-05:00,2026-10-04T17:39:00Z,2026-10-04,5.04922,-69.43594,VIIRS-Suomi-NPP,Suomi-NPP,VIIRS,57.1,20.9,2.7,Nominal,D,0.33,0.55,true,false,Puntos_de_calor_Colombia_2026-10-04.csv,2026-10-06T06:27:43Z,99,Vichada,99524,La Primavera,asignado,cache_geometrico,false,0,,,,asignado,321111,3.2.1.1.1.1.  Herbazal denso de tierra firme no arbolado,3,32,321,3211,32111,321111,SI,Landsat_2024_mediana_28042025,IDEAM_puntos_CLC2022_verificacion_campo_2025,false,0,,,,,mas_de_5_km,,0,0,0,,,,,mas_de_5_km,,0,,,,,,
07cb2a1447916c0bc1ba99e6,2026-10-04T12:39-05:00,2026-10-04T17:39:00Z,2026-10-04,4.75452,-69.77997,VIIRS-Suomi-NPP,Suomi-NPP,VIIRS,93.9,20,7.2,Alta,D,0.35,0.57,true,false,Puntos_de_calor_Colombia_2026-10-04.csv,2026-10-06T06:27:43Z,99,Vichada,99773,Cumaribo,asignado,cache_geometrico,false,0,,,,asignado,321111,3.2.1.1.1.1.  Herbazal denso de tierra firme no arbolado,3,32,321,3211,32111,321111,SI,Landsat_2024_mediana_28042025,GoogleEarth,false,0,,,,,mas_de_5_km,,0,0,0,,,,,mas_de_5_km,,0,,,,,,
0dff9ad163d25810bb8a9d44,2026-10-04T12:39-05:00,2026-10-04T17:39:00Z,2026-10-04,4.42719,-70.40605,VIIRS-Suomi-NPP,Suomi-NPP,VIIRS,62.4,13.3,5.4,Nominal,D,0.4,0.6,true,false,Puntos_de_calor_Colombia_2026-10-04.csv,2026-10-06T06:27:43Z,99,Vichada,99773,Cumaribo,asignado,cache_geometrico,false,0,,,,asignado,321111,3.2.1.1.1.1.  Herbazal denso de tierra firme no arbolado,3,32,321,3211,32111,321111,SI,Landsat_2024_mediana_28042025,"GoogleEarth, BingMaps",false,0,,,,,mas_de_5_km,,0,0,0,,,,,mas_de_5_km,,0,,,,,,
0fad22150732dccc41d8d21c,2026-10-04T12:39-05:00,2026-10-04T17:39:00Z,2026-10-04,4.91981,-69.50123,VIIRS-Suomi-NPP,Suomi-NPP,VIIRS,59.6,15.7,4.2,Nominal,D,0.34,0.56,true,false,Puntos_de_calor_Colombia_2026-10-04.csv,2026-10-06T06:27:43Z,99,Vichada,99773,Cumaribo,asignado,cache_geometrico,false,0,,,,asignado,321111,3.2.1.1.1.1.  Herbazal denso de tierra firme no arbolado,3,32,321,3211,32111,321111,SI,Landsat_2024_mediana_28042025,GoogleEarth,false,0,,,,,mas_de_5_km,,0,0,0,,,,,mas_de_5_km,,0,,,,,,
16b1b2b4108eb6e94034f57f,2026-10-04T12:39-05:00,2026-10-04T17:39:00Z,2026-10-04,5.10867,-70.06064,VIIRS-Suomi-NPP,Suomi-NPP,VIIRS,84.5,-9.2,29.9,Baja,D,0.36,0.58,true,false,Puntos_de_calor_Colombia_2026-10-04.csv,2026-10-06T06:27:43Z,99,Vichada,99524,La Primavera,asignado,cache_geometrico,false,0,,,,asignado,321122,3.2.1.1.2.2. Herbazal denso inundable arbolado,3,32,321,3211,32112,321122,SI,Landsat_2024_mediana_28042025,GoogleEarth,false,0,,,,,mas_de_5_km,,0,0,0,,,,,mas_de_5_km,,0,,,,,,
2d7ea3a4dac1907761393d41,2026-10-04T12:39-05:00,2026-10-04T17:39:00Z,2026-10-04,4.92956,-69.50606,VIIRS-Suomi-NPP,Suomi-NPP,VIIRS,93.9,18.5,8.1,Alta,D,0.34,0.56,true,false,Puntos_de_calor_Colombia_2026-10-04.csv,2026-10-06T06:27:43Z,99,Vichada,99773,Cumaribo,asignado,cache_geometrico,false,0,,,,asignado,321111,3.2.1.1.1.1.  Herbazal denso de tierra firme no arbolado,3,32,321,3211,32111,321111,SI,Landsat_2024_mediana_28042025,GoogleEarth,false,0,,,,,mas_de_5_km,,0,0,0,,,,,mas_de_5_km,,0,,,,,,
3466706a3a7f75ca98be2ea1,2026-10-04T12:39-05:00,2026-10-04T17:39:00Z,2026-10-04,4.69947,-69.50169,VIIRS-Suomi-NPP,Suomi-NPP,VIIRS,75.6,13.7,5.9,Nominal,D,0.34,0.56,true,false,Puntos_de_calor_Colombia_2026-10-04.csv,2026-10-06T06:27:43Z,99,Vichada,99773,Cumaribo,asignado,cache_geometrico,false,0,,,,asignado,321111,3.2.1.1.1.1.  Herbazal denso de tierra firme no arbolado,3,32,321,3211,32111,321111,SI,Landsat_2024_mediana_28042025,"GoogleEarth, BingMaps",false,0,,,,,mas_de_5_km,,0,0,0,,,,,mas_de_5_km,,0,,,,,,
3de9f32c6796b43977b6a24b,2026-10-04T12:39-05:00,2026-10-04T17:39:00Z,2026-10-04,5.04973,-69.43296,VIIRS-Suomi-NPP,Suomi-NPP,VIIRS,63.1,21.5,2.7,Nominal,D,0.33,0.55,true,false,Puntos_de_calor_Colombia_2026-10-04.csv,2026-10-06T06:27:43Z,99,Vichada,99524,La Primavera,asignado,cache_geometrico,false,0,,,,asignado,321111,3.2.1.1.1.1.  Herbazal denso de tierra firme no arbolado,3,32,321,3211,32111,321111,SI,Landsat_2024_mediana_28042025,IDEAM_puntos_CLC2022_verificacion_campo_2025,false,0,,,,,mas_de_5_km,,0,0,0,,,,,mas_de_5_km,,0,,,,,,
3e26c3ca3b9ea8fd5a2f857d,2026-10-04T12:39-05:00,2026-10-04T17:39:00Z,2026-10-04,4.46685,-70.37221,VIIRS-Suomi-NPP,Suomi-NPP,VIIRS,54.2,16.8,4.1,Nominal,D,0.39,0.6,true,false,Puntos_de_calor_Colombia_2026-10-04.csv,2026-10-06T06:27:43Z,99,Vichada,99773,Cumaribo,asignado,cache_geometrico,false,0,,,,asignado,321111,3.2.1.1.1.1.  Herbazal denso de tierra firme no arbolado,3,32,321,3211,32111,321111,SI,Landsat_2024_mediana_28042025,"GoogleEarth, BingMaps",false,0,,,,,mas_de_5_km,,0,0,0,,,,,mas_de_5_km,,0,,,,,,
3e873ae34bb84454d57baf85,2026-10-04T12:39-05:00,2026-10-04T17:39:00Z,2026-10-04,4.92034,-69.49814,VIIRS-Suomi-NPP,Suomi-NPP,VIIRS,83.4,19.9,4.2,Nominal,D,0.34,0.56,true,false,Puntos_de_calor_Colombia_2026-10-04.csv,2026-10-06T06:27:43Z,99,Vichada,99773,Cumaribo,asignado,cache_geometrico,false,0,,,,asignado,321111,3.2.1.1.1.1.  Herbazal denso de tierra firme no arbolado,3,32,321,3211,32111,321111,SI,Landsat_2024_mediana_28042025,GoogleEarth,false,0,,,,,mas_de_5_km,,0,0,0,,,,,mas_de_5_km,,0,,,,,,
421d6d870e6af5dd370a4b70,2026-10-04T12:39-05:00,2026-10-04T17:39:00Z,2026-10-04,4.46822,-69.75818,VIIRS-Suomi-NPP,Suomi-NPP,VIIRS,60.2,15.1,3.4,Nominal,D,0.36,0.57,true,false,Puntos_de_calor_Colombia_2026-10-04.csv,2026-10-06T06:27:43Z,99,Vichada,99773,Cumaribo,asignado,cache_geometrico,false,0,,,,asignado,244,2.4.4. Mosaico de pastos con espacios naturales,2,24,244,,,,SI,Landsat_2024_mediana_28042025,"GoogleEarth, BingMaps",false,0,,,,,mas_de_5_km,,0,0,0,,,,,mas_de_5_km,,0,,,,,,
4862a8ca9c77d8aab8168037,2026-10-04T12:39-05:00,2026-10-04T17:39:00Z,2026-10-04,4.92904,-69.50912,VIIRS-Suomi-NPP,Suomi-NPP,VIIRS,93.9,18.1,8.1,Alta,D,0.34,0.56,true,false,Puntos_de_calor_Colombia_2026-10-04.csv,2026-10-06T06:27:43Z,99,Vichada,99773,Cumaribo,asignado,cache_geometrico,false,0,,,,asignado,321111,3.2.1.1.1.1.  Herbazal denso de tierra firme no arbolado,3,32,321,3211,32111,321111,SI,Landsat_2024_mediana_28042025,GoogleEarth,false,0,,,,,mas_de_5_km,,0,0,0,,,,,mas_de_5_km,,0,,,,,,
5a7ac8887e24e34ab421f245,2026-10-04T12:39-05:00,2026-10-04T17:39:00Z,2026-10-04,4.74873,-69.78231,VIIRS-Suomi-NPP,Suomi-NPP,VIIRS,93.9,22.5,16.4,Alta,D,0.35,0.57,true,false,Puntos_de_calor_Colombia_2026-10-04.csv,2026-10-06T06:27:43Z,99,Vichada,99773,Cumaribo,asignado,cache_geometrico,false,0,,,,asignado,321111,3.2.1.1.1.1.  Herbazal denso de tierra firme no arbolado,3,32,321,3211,32111,321111,SI,Landsat_2024_mediana_28042025,GoogleEarth,false,0,,,,,mas_de_5_km,,0,0,0,,,,,mas_de_5_km,,0,,,,,,
5ab3cb9e0c55cd74ac57c344,2026-10-04T12:39-05:00,2026-10-04T17:39:00Z,2026-10-04,4.07688,-70.70612,VIIRS-Suomi-NPP,Suomi-NPP,VIIRS,53.7,13.8,3.3,Nominal,D,0.42,0.61,true,false,Puntos_de_calor_Colombia_2026-10-04.csv,2026-10-06T06:27:43Z,99,Vichada,99773,Cumaribo,asignado,cache_geometrico,false,0,,,,asignado,321111,3.2.1.1.1.1.  Herbazal denso de tierra firme no arbolado,3,32,321,3211,32111,321111,SI,"Landsat_2024_mediana_28042025, L9_657_20240412, L9_557_20240225","GoogleEarth, BingMaps, Planet Medres Normalized Analytic 2024-01 Mosaic",false,0,,,,,mas_de_5_km,,0,0,0,,,,,mas_de_5_km,,0,,,,,,
5c189c47dce4448f5546ccd6,2026-10-04T12:39-05:00,2026-10-04T17:39:00Z,2026-10-04,4.318,-70.87084,VIIRS-Suomi-NPP,Suomi-NPP,VIIRS,68,12.6,6.7,Nominal,D,0.43,0.62,true,false,Puntos_de_calor_Colombia_2026-10-04.csv,2026-10-06T06:27:43Z,99,Vichada,99773,Cumaribo,asignado,cache_geometrico,false,0,,,,asignado,321111,3.2.1.1.1.1.  Herbazal denso de tierra firme no arbolado,3,32,321,3211,32111,321111,SI,Landsat_2024_mediana_28042025,IDEAM_puntos_CLC2022_verificacion_campo_2025,false,0,,,,,mas_de_5_km,,0,0,0,,,,,mas_de_5_km,,0,,,,,,
727c01d503ef5072c63e3a8a,2026-10-04T12:39-05:00,2026-10-04T17:39:00Z,2026-10-04,4.32935,-70.78927,VIIRS-Suomi-NPP,Suomi-NPP,VIIRS,58.8,15.1,4.1,Nominal,D,0.42,0.61,true,false,Puntos_de_calor_Colombia_2026-10-04.csv,2026-10-06T06:27:43Z,99,Vichada,99773,Cumaribo,asignado,cache_geometrico,false,0,,,,asignado,321111,3.2.1.1.1.1.  Herbazal denso de tierra firme no arbolado,3,32,321,3211,32111,321111,SI,Landsat_2024_mediana_28042025,IDEAM_puntos_CLC2022_verificacion_campo_2025,false,0,,,,,mas_de_5_km,,0,0,0,,,,,mas_de_5_km,,0,,,,,,
7bfffd97695b8d2b14fa3be6,2026-10-04T12:39-05:00,2026-10-04T17:39:00Z,2026-10-04,5.03185,-69.44553,VIIRS-Suomi-NPP,Suomi-NPP,VIIRS,61.6,20.1,1.6,Nominal,D,0.33,0.55,true,false,Puntos_de_calor_Colombia_2026-10-04.csv,2026-10-06T06:27:43Z,99,Vichada,99524,La Primavera,asignado,cache_geometrico,false,0,,,,asignado,321121,3.2.1.1.2.1. Herbazal denso inundable no arbolado,3,32,321,3211,32112,321121,SI,Landsat_2024_mediana_28042025,GoogleEarth,false,0,,,,,mas_de_5_km,,0,0,0,,,,,mas_de_5_km,,0,,,,,,
82425acdb392b168b075f18e,2026-10-04T12:39-05:00,2026-10-04T17:39:00Z,2026-10-04,4.2014,-70.74286,VIIRS-Suomi-NPP,Suomi-NPP,VIIRS,68.5,9.2,5.5,Nominal,D,0.42,0.61,true,false,Puntos_de_calor_Colombia_2026-10-04.csv,2026-10-06T06:27:43Z,99,Vichada,99773,Cumaribo,asignado,cache_geometrico,false,0,,,,asignado,314,3.1.4. Bosque de galería y ripario,3,31,314,,,,SI,Landsat_2024_mediana_28042025,"GoogleEarth, BingMaps",false,0,,,,,mas_de_5_km,,0,0,0,,,,,mas_de_5_km,,0,,,,,,
837a0164e50583ff0bc94200,2026-10-04T12:39-05:00,2026-10-04T17:39:00Z,2026-10-04,4.32645,-70.78908,VIIRS-Suomi-NPP,Suomi-NPP,VIIRS,54.9,14.8,5.9,Nominal,D,0.42,0.61,true,false,Puntos_de_calor_Colombia_2026-10-04.csv,2026-10-06T06:27:43Z,99,Vichada,99773,Cumaribo,asignado,cache_geometrico,false,0,,,,asignado,314,3.1.4. Bosque de galería y ripario,3,31,314,,,,SI,Landsat_2024_mediana_28042025,"GoogleEarth, BingMaps",false,0,,,,,mas_de_5_km,,0,0,0,,,,,mas_de_5_km,,0,,,,,,
88d03ae6d069e8f544d31ce7,2026-10-04T12:39-05:00,2026-10-04T17:39:00Z,2026-10-04,4.75204,-70.28896,VIIRS-Suomi-NPP,Suomi-NPP,VIIRS,64.7,14,5.3,Nominal,D,0.38,0.59,true,false,Puntos_de_calor_Colombia_2026-10-04.csv,2026-10-06T06:27:43Z,99,Vichada,99773,Cumaribo,asignado,cache_geometrico,false,0,,,,asignado,321111,3.2.1.1.1.1.  Herbazal denso de tierra firme no arbolado,3,32,321,3211,32111,321111,SI,Landsat_2024_mediana_28042025,GoogleEarth,false,0,,,,,mas_de_5_km,,0,0,0,,,,,mas_de_5_km,,0,,,,,,
88ee9360e3de2ccd023b7535,2026-10-04T12:39-05:00,2026-10-04T17:39:00Z,2026-10-04,5.11046,-70.05963,VIIRS-Suomi-NPP,Suomi-NPP,VIIRS,83.8,-9.2,30.8,Baja,D,0.37,0.58,true,false,Puntos_de_calor_Colombia_2026-10-04.csv,2026-10-06T06:27:43Z,99,Vichada,99524,La Primavera,asignado,cache_geometrico,false,0,,,,asignado,321121,3.2.1.1.2.1. Herbazal denso inundable no arbolado,3,32,321,3211,32112,321121,SI,Landsat_2024_mediana_28042025,GoogleEarth,false,0,,,,,mas_de_5_km,,0,0,0,,,,,mas_de_5_km,,0,,,,,,
94c7cdfd12a7fa74d0cc9670,2026-10-04T12:39-05:00,2026-10-04T17:39:00Z,2026-10-04,5.11101,-70.05632,VIIRS-Suomi-NPP,Suomi-NPP,VIIRS,69.1,-6.9,10.4,Nominal,D,0.36,0.58,true,false,Puntos_de_calor_Colombia_2026-10-04.csv,2026-10-06T06:27:43Z,99,Vichada,99524,La Primavera,asignado,cache_geometrico,false,0,,,,asignado,321121,3.2.1.1.2.1. Herbazal denso inundable no arbolado,3,32,321,3211,32112,321121,SI,Landsat_2024_mediana_28042025,GoogleEarth,false,0,,,,,mas_de_5_km,,0,0,0,,,,,mas_de_5_km,,0,,,,,,
9540d9aa97e4870ebd2a7d45,2026-10-04T12:39-05:00,2026-10-04T17:39:00Z,2026-10-04,4.75398,-69.78316,VIIRS-Suomi-NPP,Suomi-NPP,VIIRS,80.9,18.6,8,Nominal,D,0.35,0.57,true,false,Puntos_de_calor_Colombia_2026-10-04.csv,2026-10-06T06:27:43Z,99,Vichada,99773,Cumaribo,asignado,cache_geometrico,false,0,,,,asignado,244,2.4.4. Mosaico de pastos con espacios naturales,2,24,244,,,,SI,Landsat_2024_mediana_28042025,GoogleEarth,false,0,,,,,mas_de_5_km,,0,0,0,,,,,mas_de_5_km,,0,,,,,,
95cf6320685b5dda3f04f7e4,2026-10-04T12:39-05:00,2026-10-04T17:39:00Z,2026-10-04,5.10925,-70.05733,VIIRS-Suomi-NPP,Suomi-NPP,VIIRS,81.9,-7.6,13.7,Nominal,D,0.36,0.58,true,false,Puntos_de_calor_Colombia_2026-10-04.csv,2026-10-06T06:27:43Z,99,Vichada,99524,La Primavera,asignado,cache_geometrico,false,0,,,,asignado,321122,3.2.1.1.2.2. Herbazal denso inundable arbolado,3,32,321,3211,32112,321122,SI,Landsat_2024_mediana_28042025,GoogleEarth,false,0,,,,,mas_de_5_km,,0,0,0,,,,,mas_de_5_km,,0,,,,,,
99b364a653c8a944c10c7145,2026-10-04T12:39-05:00,2026-10-04T17:39:00Z,2026-10-04,4.69895,-69.50475,VIIRS-Suomi-NPP,Suomi-NPP,VIIRS,61.5,13.6,5.9,Nominal,D,0.34,0.56,true,false,Puntos_de_calor_Colombia_2026-10-04.csv,2026-10-06T06:27:43Z,99,Vichada,99773,Cumaribo,asignado,cache_geometrico,false,0,,,,asignado,321111,3.2.1.1.1.1.  Herbazal denso de tierra firme no arbolado,3,32,321,3211,32111,321111,SI,Landsat_2024_mediana_28042025,"GoogleEarth, BingMaps",false,0,,,,,mas_de_5_km,,0,0,0,,,,,mas_de_5_km,,0,,,,,,
a11b97c8272d9dfcb003692d,2026-10-04T12:39-05:00,2026-10-04T17:39:00Z,2026-10-04,3.91266,-71.15076,VIIRS-Suomi-NPP,Suomi-NPP,VIIRS,58.6,7.5,7,Nominal,D,0.45,0.63,true,false,Puntos_de_calor_Colombia_2026-10-04.csv,2026-10-06T06:27:43Z,50,Meta,50568,Puerto Gaitán,asignado,cache_geometrico,false,0,,,,asignado,321111,3.2.1.1.1.1.  Herbazal denso de tierra firme no arbolado,3,32,321,3211,32111,321111,SI,"Landsat_2024_mediana_28042025, L9_657_20240412, L9_557_20240225","GoogleEarth, BingMaps, Planet Medres Normalized Analytic 2024-01 Mosaic",false,0,,,,,mas_de_5_km,,0,0,0,,,,,mas_de_5_km,,0,,,,,,
ae5fac79bf8949bb12c5ed6e,2026-10-04T12:39-05:00,2026-10-04T17:39:00Z,2026-10-04,4.31581,-70.87035,VIIRS-Suomi-NPP,Suomi-NPP,VIIRS,61.2,10.6,7.8,Nominal,D,0.43,0.62,true,false,Puntos_de_calor_Colombia_2026-10-04.csv,2026-10-06T06:27:43Z,99,Vichada,99773,Cumaribo,asignado,cache_geometrico,false,0,,,,asignado,321111,3.2.1.1.1.1.  Herbazal denso de tierra firme no arbolado,3,32,321,3211,32111,321111,SI,Landsat_2024_mediana_28042025,IDEAM_puntos_CLC2022_verificacion_campo_2025,false,0,,,,,mas_de_5_km,,0,0,0,,,,,mas_de_5_km,,0,,,,,,
bb85672c9b98ab755977db67,2026-10-04T12:39-05:00,2026-10-04T17:39:00Z,2026-10-04,4.42657,-70.40965,VIIRS-Suomi-NPP,Suomi-NPP,VIIRS,57.3,14.1,4.4,Nominal,D,0.4,0.6,true,false,Puntos_de_calor_Colombia_2026-10-04.csv,2026-10-06T06:27:43Z,99,Vichada,99773,Cumaribo,asignado,cache_geometrico,false,0,,,,asignado,321111,3.2.1.1.1.1.  Herbazal denso de tierra firme no arbolado,3,32,321,3211,32111,321111,SI,Landsat_2024_mediana_28042025,"GoogleEarth, BingMaps",false,0,,,,,mas_de_5_km,,0,0,0,,,,,mas_de_5_km,,0,,,,,,
c155e0063b86edd1501fc79e,2026-10-04T12:39-05:00,2026-10-04T17:39:00Z,2026-10-04,4.72214,-69.49288,VIIRS-Suomi-NPP,Suomi-NPP,VIIRS,65.6,17.4,5,Nominal,D,0.34,0.56,true,false,Puntos_de_calor_Colombia_2026-10-04.csv,2026-10-06T06:27:43Z,99,Vichada,99773,Cumaribo,asignado,cache_geometrico,false,0,,,,asignado,321111,3.2.1.1.1.1.  Herbazal denso de tierra firme no arbolado,3,32,321,3211,32111,321111,SI,Landsat_2024_mediana_28042025,"GoogleEarth, BingMaps",false,0,,,,,mas_de_5_km,,0,0,0,,,,,mas_de_5_km,,0,,,,,,
cc2ee2716588b459c9bb24f7,2026-10-04T12:39-05:00,2026-10-04T17:39:00Z,2026-10-04,4.75139,-70.28761,VIIRS-Suomi-NPP,Suomi-NPP,VIIRS,64.2,14.1,6.2,Nominal,D,0.38,0.59,true,false,Puntos_de_calor_Colombia_2026-10-04.csv,2026-10-06T06:27:43Z,99,Vichada,99773,Cumaribo,asignado,cache_geometrico,false,0,,,,asignado,314,3.1.4. Bosque de galería y ripario,3,31,314,,,,SI,Landsat_2024_mediana_28042025,GoogleEarth,false,0,,,,,mas_de_5_km,,0,0,0,,,,,mas_de_5_km,,0,,,,,,
cf7fbd87cc3051638bd117cd,2026-10-04T12:39-05:00,2026-10-04T17:39:00Z,2026-10-04,4.69485,-69.49773,VIIRS-Suomi-NPP,Suomi-NPP,VIIRS,83.2,16.2,18,Baja,D,0.34,0.56,true,false,Puntos_de_calor_Colombia_2026-10-04.csv,2026-10-06T06:27:43Z,99,Vichada,99773,Cumaribo,asignado,cache_geometrico,false,0,,,,asignado,321111,3.2.1.1.1.1.  Herbazal denso de tierra firme no arbolado,3,32,321,3211,32111,321111,SI,Landsat_2024_mediana_28042025,"GoogleEarth, BingMaps",false,0,,,,,mas_de_5_km,,0,0,0,,,,,mas_de_5_km,,0,,,,,,
d5de440fe19a825019a0013a,2026-10-04T12:39-05:00,2026-10-04T17:39:00Z,2026-10-04,4.69432,-69.50079,VIIRS-Suomi-NPP,Suomi-NPP,VIIRS,83.2,13,5.9,Baja,D,0.34,0.56,true,false,Puntos_de_calor_Colombia_2026-10-04.csv,2026-10-06T06:27:43Z,99,Vichada,99773,Cumaribo,asignado,cache_geometrico,false,0,,,,asignado,321111,3.2.1.1.1.1.  Herbazal denso de tierra firme no arbolado,3,32,321,3211,32111,321111,SI,Landsat_2024_mediana_28042025,"GoogleEarth, BingMaps",false,0,,,,,mas_de_5_km,,0,0,0,,,,,mas_de_5_km,,0,,,,,,
dd39cde8b95f24efec46d706,2026-10-04T12:39-05:00,2026-10-04T17:39:00Z,2026-10-04,4.74927,-69.77915,VIIRS-Suomi-NPP,Suomi-NPP,VIIRS,60.9,19.9,13.7,Nominal,D,0.35,0.57,true,false,Puntos_de_calor_Colombia_2026-10-04.csv,2026-10-06T06:27:43Z,99,Vichada,99773,Cumaribo,asignado,cache_geometrico,false,0,,,,asignado,321111,3.2.1.1.1.1.  Herbazal denso de tierra firme no arbolado,3,32,321,3211,32111,321111,SI,Landsat_2024_mediana_28042025,GoogleEarth,false,0,,,,,mas_de_5_km,,0,0,0,,,,,mas_de_5_km,,0,,,,,,
de7ffe118662494307ccbbba,2026-10-04T12:39-05:00,2026-10-04T17:39:00Z,2026-10-04,4.02109,-70.57548,VIIRS-Suomi-NPP,Suomi-NPP,VIIRS,57.1,6.7,4.1,Nominal,D,0.41,0.61,true,false,Puntos_de_calor_Colombia_2026-10-04.csv,2026-10-06T06:27:43Z,99,Vichada,99773,Cumaribo,asignado,cache_geometrico,false,0,,,,asignado,321111,3.2.1.1.1.1.  Herbazal denso de tierra firme no arbolado,3,32,321,3211,32111,321111,SI,"Landsat_2024_mediana_28042025, L9_657_20240412, L9_557_20240225","GoogleEarth, BingMaps, Planet Medres Normalized Analytic 2024-01 Mosaic",false,0,,,,,mas_de_5_km,,0,0,0,,,,,mas_de_5_km,,0,,,,,,
df52cfa0cdad1b8c10876f63,2026-10-04T12:39-05:00,2026-10-04T17:39:00Z,2026-10-04,4.8775,-68.74519,VIIRS-Suomi-NPP,Suomi-NPP,VIIRS,58.1,19.6,8.9,Nominal,D,0.6,0.53,true,false,Puntos_de_calor_Colombia_2026-10-04.csv,2026-10-06T06:27:43Z,99,Vichada,99773,Cumaribo,asignado,cache_geometrico,false,0,,,,asignado,321111,3.2.1.1.1.1.  Herbazal denso de tierra firme no arbolado,3,32,321,3211,32111,321111,SI,Landsat_2024_mediana_28042025,GoogleEarth,true,1,BLOQUE 895,,,,mas_de_5_km,,0,0,0,,,,,mas_de_5_km,,0,,,,,,
e9d1c00832669f7be55cda51,2026-10-04T12:39-05:00,2026-10-04T17:39:00Z,2026-10-04,4.74819,-69.78546,VIIRS-Suomi-NPP,Suomi-NPP,VIIRS,80,18.6,16.4,Nominal,D,0.35,0.57,true,false,Puntos_de_calor_Colombia_2026-10-04.csv,2026-10-06T06:27:43Z,99,Vichada,99773,Cumaribo,asignado,cache_geometrico,false,0,,,,asignado,314,3.1.4. Bosque de galería y ripario,3,31,314,,,,SI,Landsat_2024_mediana_28042025,GoogleEarth,false,0,,,,,mas_de_5_km,,0,0,0,,,,,mas_de_5_km,,0,,,,,,
ebc0e3c945c5c5df4ca9ba70,2026-10-04T12:39-05:00,2026-10-04T17:39:00Z,2026-10-04,4.13485,-70.658,VIIRS-Suomi-NPP,Suomi-NPP,VIIRS,62.9,5.8,6.9,Nominal,D,0.42,0.61,true,false,Puntos_de_calor_Colombia_2026-10-04.csv,2026-10-06T06:27:43Z,99,Vichada,99773,Cumaribo,asignado,cache_geometrico,false,0,,,,asignado,321121,3.2.1.1.2.1. Herbazal denso inundable no arbolado,3,32,321,3211,32112,321121,SI,Landsat_2024_mediana_28042025,"GoogleEarth, BingMaps",false,0,,,,,mas_de_5_km,,0,0,0,,,,,mas_de_5_km,,0,,,,,,
ee112b4751657fde0fc045b3,2026-10-04T12:39-05:00,2026-10-04T17:39:00Z,2026-10-04,4.75806,-70.28645,VIIRS-Suomi-NPP,Suomi-NPP,VIIRS,67.4,15.7,5.3,Nominal,D,0.38,0.59,true,false,Puntos_de_calor_Colombia_2026-10-04.csv,2026-10-06T06:27:43Z,99,Vichada,99773,Cumaribo,asignado,cache_geometrico,false,0,,,,asignado,321111,3.2.1.1.1.1.  Herbazal denso de tierra firme no arbolado,3,32,321,3211,32111,321111,SI,Landsat_2024_mediana_28042025,GoogleEarth,false,0,,,,,mas_de_5_km,,0,0,0,,,,,mas_de_5_km,,0,,,,,,
f6ad0953cf6a62772eae40db,2026-10-04T12:39-05:00,2026-10-04T17:39:00Z,2026-10-04,4.75506,-69.7768,VIIRS-Suomi-NPP,Suomi-NPP,VIIRS,71,19.9,7.2,Nominal,D,0.35,0.57,true,false,Puntos_de_calor_Colombia_2026-10-04.csv,2026-10-06T06:27:43Z,99,Vichada,99773,Cumaribo,asignado,cache_geometrico,false,0,,,,asignado,321111,3.2.1.1.1.1.  Herbazal denso de tierra firme no arbolado,3,32,321,3211,32111,321111,SI,Landsat_2024_mediana_28042025,GoogleEarth,false,0,,,,,mas_de_5_km,,0,0,0,,,,,mas_de_5_km,,0,,,,,,
fab881adcab32b018d78b5ff,2026-10-04T12:39-05:00,2026-10-04T17:39:00Z,2026-10-04,4.92087,-69.49505,VIIRS-Suomi-NPP,Suomi-NPP,VIIRS,62.7,18,6.3,Nominal,D,0.34,0.56,true,false,Puntos_de_calor_Colombia_2026-10-04.csv,2026-10-06T06:27:43Z,99,Vichada,99773,Cumaribo,asignado,cache_geometrico,false,0,,,,asignado,321111,3.2.1.1.1.1.  Herbazal denso de tierra firme no arbolado,3,32,321,3211,32111,321111,SI,Landsat_2024_mediana_28042025,GoogleEarth,false,0,,,,,mas_de_5_km,,0,0,0,,,,,mas_de_5_km,,0,,,,,,
fbe815de7db794fda806401a,2026-10-04T12:39-05:00,2026-10-04T17:39:00Z,2026-10-04,5.49942,-69.8211,VIIRS-Suomi-NPP,Suomi-NPP,VIIRS,60.1,17.5,5.2,Nominal,D,0.35,0.56,true,false,Puntos_de_calor_Colombia_2026-10-04.csv,2026-10-06T06:27:43Z,99,Vichada,99524,La Primavera,asignado,cache_geometrico,false,0,,,,asignado,321121,3.2.1.1.2.1. Herbazal denso inundable no arbolado,3,32,321,3211,32112,321121,SI,Landsat_2024_mediana_28042025,GoogleEarth,false,0,,,,,mas_de_5_km,,0,0,0,,,,,mas_de_5_km,,0,,,,,,
5d553e40fffdda383bcad5ac,2026-10-04T12:41-05:00,2026-10-04T17:41:00Z,2026-10-04,10.29865,-75.36577,VIIRS-Suomi-NPP,Suomi-NPP,VIIRS,53.5,6.3,5.4,Nominal,D,0.67,0.74,true,false,Puntos_de_calor_Colombia_2026-10-04.csv,2026-10-06T06:27:43Z,13,Bolívar,13836,Turbaco,asignado,cache_geometrico,false,0,,,,asignado,231,2.3.1. Pastos limpios,2,23,231,,,,SI,Landsat_2024_mediana_28042025,"GoogleEarth, Basemap",true,1,IIH-09241,(9001431014) EXPLOMINERALES DEL NORTE SA,Explotación,ROCA O PIEDRA CALIZA,entre_1_y_5_km,1126.17,7,0,7,LAV0082-00-2022|LAM6885-00|LAM4601|LAM6886-00|LAM6889-00,NUEVA SUBESTACIÓN TOLUVIEJO 220 KV Y LÍNEAS DE TRANSMISIÓN ASOCIADAS–TRAMO 2|NUEVA SUBESTACIÓN TOLUVIEJO 220 KV Y LÍNEAS ASOCIADAS - TRAMO 2|SOCIEDAD COMERCIAL ZOOCRIADERO EL PRIETO LTDA|CONSTRUCCIÓN SEGUNDA CALZADA TRAMO CARTAGENA (SECTOR SAO) – TURBACO – ARJONA|SOCIEDAD COMERCIAL ZOOCRIADERO DEL NORTE S.A.S|ZOOCRIADERO ZOOFAUCOL.,CELSIA COLOMBIA S.A. E.S.P|SOCIEDAD COMERCIAL ZOOCRIADERO EL PRIETO LTDA|AUTOPISTAS DEL SOL S.A.S|ZOOCRIADERO DEL NORTE|SOCIEDAD COMERCIAL ZOOCRIADERO DE FAUNA COLOMBIANA – ZOOFAUCOL LTDA.,poligono|linea,entre_1_y_5_km,3838.03,1,0346,SN 15,NO APLICA,HOCOL S.A.,EXPLORACION,CONTRATO DE EXPLORACION Y PRODUCCION (E&P)
9392bfefd0129cfba9845457,2026-10-04T12:41-05:00,2026-10-04T17:41:00Z,2026-10-04,9.26041,-73.91103,VIIRS-Suomi-NPP,Suomi-NPP,VIIRS,71.5,16.6,10.7,Nominal,D,0.56,0.69,true,false,Puntos_de_calor_Colombia_2026-10-04.csv,2026-10-06T06:27:43Z,20,Cesar,20175,Chimichagua,asignado,cache_geometrico,false,0,,,,asignado,3232,3.2.3.2. Vegetación secundaria baja,3,32,323,3232,,,SI,Landsat_2024_mediana_28042025,<Null>,false,0,,,,,entre_1_y_5_km,1199.29,2,0,2,LAV0065-00-2021|LAM1082,ÁREA DE PERFORACION EXPLORATORIA VIM-33|OLEODUCTO CAÑO LIMÓN-COVEÑAS,CNE OIL & GAS S.A.S.|CENIT S.A.S,poligono|linea,entre_1_y_5_km,3452.58,1,0494,VIM 42,NO APLICA,LEWIS ENERGY COLOMBIA INC,EXPLORACION,CONTRATO DE EXPLORACION Y PRODUCCION (E&P)
1b13af504adb753cb77250d9,2026-10-04T12:58-05:00,2026-10-04T17:58:00Z,2026-10-04,5.4933,-69.81982,VIIRS-NOAA-20,NOAA-20,VIIRS,68.2,15.5,4.4,Nominal,D,0.42,0.38,true,true,Puntos_de_calor_Colombia_2026-10-04.csv,2026-10-06T06:27:43Z,99,Vichada,99524,La Primavera,asignado,cache_geometrico,false,0,,,,asignado,321121,3.2.1.1.2.1. Herbazal denso inundable no arbolado,3,32,321,3211,32112,321121,SI,Landsat_2024_mediana_28042025,GoogleEarth,false,0,,,,,mas_de_5_km,,0,0,0,,,,,mas_de_5_km,,0,,,,,,
1f81e7ab83a8ce922034647a,2026-10-04T12:58-05:00,2026-10-04T17:58:00Z,2026-10-04,3.9068,-71.15063,VIIRS-NOAA-20,NOAA-20,VIIRS,64.3,22.7,7.3,Baja,D,0.5,0.41,true,true,Puntos_de_calor_Colombia_2026-10-04.csv,2026-10-06T06:27:43Z,50,Meta,50568,Puerto Gaitán,asignado,cache_geometrico,false,0,,,,asignado,321111,3.2.1.1.1.1.  Herbazal denso de tierra firme no arbolado,3,32,321,3211,32111,321111,SI,"Landsat_2024_mediana_28042025, L9_657_20240412, L9_557_20240225","GoogleEarth, BingMaps, Planet Medres Normalized Analytic 2024-01 Mosaic",false,0,,,,,mas_de_5_km,,0,0,0,,,,,mas_de_5_km,,0,,,,,,
20aa3dcfec3bc98fcb1fb034,2026-10-04T12:58-05:00,2026-10-04T17:58:00Z,2026-10-04,4.45178,-69.86163,VIIRS-NOAA-20,NOAA-20,VIIRS,70.7,23.8,7.4,Nominal,D,0.43,0.38,true,true,Puntos_de_calor_Colombia_2026-10-04.csv,2026-10-06T06:27:43Z,99,Vichada,99773,Cumaribo,asignado,cache_geometrico,false,0,,,,asignado,321111,3.2.1.1.1.1.  Herbazal denso de tierra firme no arbolado,3,32,321,3211,32111,321111,SI,Landsat_2024_mediana_28042025,"GoogleEarth, BingMaps",true,1,502720,,,"GRAVAS, RECEBO",mas_de_5_km,,0,0,0,,,,,mas_de_5_km,,0,,,,,,
211d394740f6dee780e18c28,2026-10-04T12:58-05:00,2026-10-04T17:58:00Z,2026-10-04,4.9295,-69.50143,VIIRS-NOAA-20,NOAA-20,VIIRS,64.3,12.9,7.7,Baja,D,0.42,0.37,true,true,Puntos_de_calor_Colombia_2026-10-04.csv,2026-10-06T06:27:43Z,99,Vichada,99773,Cumaribo,asignado,cache_geometrico,false,0,,,,asignado,321111,3.2.1.1.1.1.  Herbazal denso de tierra firme no arbolado,3,32,321,3211,32111,321111,SI,Landsat_2024_mediana_28042025,GoogleEarth,false,0,,,,,mas_de_5_km,,0,0,0,,,,,mas_de_5_km,,0,,,,,,
29868a33a45075271f76c81d,2026-10-04T12:58-05:00,2026-10-04T17:58:00Z,2026-10-04,4.6979,-69.50361,VIIRS-NOAA-20,NOAA-20,VIIRS,75.6,27.4,5.5,Nominal,D,0.42,0.37,true,true,Puntos_de_calor_Colombia_2026-10-04.csv,2026-10-06T06:27:43Z,99,Vichada,99773,Cumaribo,asignado,cache_geometrico,false,0,,,,asignado,321111,3.2.1.1.1.1.  Herbazal denso de tierra firme no arbolado,3,32,321,3211,32111,321111,SI,Landsat_2024_mediana_28042025,"GoogleEarth, BingMaps",false,0,,,,,mas_de_5_km,,0,0,0,,,,,mas_de_5_km,,0,,,,,,
2b54c6f1046b337f8749343e,2026-10-04T12:58-05:00,2026-10-04T17:58:00Z,2026-10-04,2.31069,-76.80309,VIIRS-NOAA-20,NOAA-20,VIIRS,58.5,19.6,3.6,Nominal,D,0.42,0.61,true,true,Puntos_de_calor_Colombia_2026-10-04.csv,2026-10-06T06:27:43Z,19,Cauca,19256,El Tambo,asignado,cache_geometrico,false,0,,,,asignado,314,3.1.4. Bosque de galería y ripario,3,31,314,,,,SI,Landsat_2024_mediana_28042025,,false,0,,,,,mas_de_5_km,,0,0,0,,,,,mas_de_5_km,,0,,,,,,
2e7e883a92d2a57b21e4595b,2026-10-04T12:58-05:00,2026-10-04T17:58:00Z,2026-10-04,4.32667,-70.7857,VIIRS-NOAA-20,NOAA-20,VIIRS,63.2,22.1,5.6,Nominal,D,0.48,0.4,true,true,Puntos_de_calor_Colombia_2026-10-04.csv,2026-10-06T06:27:43Z,99,Vichada,99773,Cumaribo,asignado,cache_geometrico,false,0,,,,asignado,321111,3.2.1.1.1.1.  Herbazal denso de tierra firme no arbolado,3,32,321,3211,32111,321111,SI,Landsat_2024_mediana_28042025,IDEAM_puntos_CLC2022_verificacion_campo_2025,false,0,,,,,mas_de_5_km,,0,0,0,,,,,mas_de_5_km,,0,,,,,,
360aa0ba14edab44c305e882,2026-10-04T12:58-05:00,2026-10-04T17:58:00Z,2026-10-04,4.69003,-68.49438,VIIRS-NOAA-20,NOAA-20,VIIRS,68.7,26,7.1,Nominal,D,0.39,0.36,true,true,Puntos_de_calor_Colombia_2026-10-04.csv,2026-10-06T06:27:43Z,99,Vichada,99773,Cumaribo,asignado,cache_geometrico,false,0,,,,asignado,321111,3.2.1.1.1.1.  Herbazal denso de tierra firme no arbolado,3,32,321,3211,32111,321111,SI,L9_457_20240109,Mosaico Sentinel-2_L2A_False_color 2024-01-24-00_00_2024-01-24-23_59_,true,1,BLOQUE 895,,,,mas_de_5_km,,0,0,0,,,,,mas_de_5_km,,0,,,,,,
36f11fb45e15cf9a05b052ed,2026-10-04T12:58-05:00,2026-10-04T17:58:00Z,2026-10-04,4.45829,-71.32041,VIIRS-NOAA-20,NOAA-20,VIIRS,60.5,21.1,3.5,Nominal,D,0.51,0.41,true,true,Puntos_de_calor_Colombia_2026-10-04.csv,2026-10-06T06:27:43Z,50,Meta,50568,Puerto Gaitán,asignado,cache_geometrico,false,0,,,,asignado,314,3.1.4. Bosque de galería y ripario,3,31,314,,,,SI,Landsat_2024_mediana_28042025,IDEAM_puntos_CLC2022_verificacion_campo_2025,false,0,,,,,dentro,0.00,3,0,3,LAM5297|LAM4973,ÁREA DE PERFORACIÓN EXPLORATORIA COCLÍ NORTE|AREA DE INTERES DE PERFORACIÓN EXPLORATORIA EN EL BLOQUE CPO-2,HOCOL S.A.|PLUSPETROL RESOURCES CORPORATION SUCURSAL COLOMBIANA,poligono,dentro,0.00,1,0757,LLA 100,NO APLICA,HOCOL S.A.,EXPLORACION,CONTRATO DE EXPLORACION Y PRODUCCION (E&P)
3706acd0528452ee62b7d075,2026-10-04T12:58-05:00,2026-10-04T17:58:00Z,2026-10-04,4.69563,-69.49561,VIIRS-NOAA-20,NOAA-20,VIIRS,58.1,27.2,6,Baja,D,0.42,0.37,true,true,Puntos_de_calor_Colombia_2026-10-04.csv,2026-10-06T06:27:43Z,99,Vichada,99773,Cumaribo,asignado,cache_geometrico,false,0,,,,asignado,321111,3.2.1.1.1.1.  Herbazal denso de tierra firme no arbolado,3,32,321,3211,32111,321111,SI,Landsat_2024_mediana_28042025,"GoogleEarth, BingMaps",false,0,,,,,mas_de_5_km,,0,0,0,,,,,mas_de_5_km,,0,,,,,,
384e73d9293f4c944d60b18c,2026-10-04T12:58-05:00,2026-10-04T17:58:00Z,2026-10-04,5.49389,-69.81605,VIIRS-NOAA-20,NOAA-20,VIIRS,62.6,17.7,4.4,Baja,D,0.42,0.38,true,true,Puntos_de_calor_Colombia_2026-10-04.csv,2026-10-06T06:27:43Z,99,Vichada,99524,La Primavera,asignado,cache_geometrico,false,0,,,,asignado,321111,3.2.1.1.1.1.  Herbazal denso de tierra firme no arbolado,3,32,321,3211,32111,321111,SI,Landsat_2024_mediana_28042025,GoogleEarth,false,0,,,,,mas_de_5_km,,0,0,0,,,,,mas_de_5_km,,0,,,,,,
3adce6ea385e105237ecdb60,2026-10-04T12:58-05:00,2026-10-04T17:58:00Z,2026-10-04,4.72018,-69.49563,VIIRS-NOAA-20,NOAA-20,VIIRS,57.3,23.5,6.6,Baja,D,0.42,0.37,true,true,Puntos_de_calor_Colombia_2026-10-04.csv,2026-10-06T06:27:43Z,99,Vichada,99773,Cumaribo,asignado,cache_geometrico,false,0,,,,asignado,314,3.1.4. Bosque de galería y ripario,3,31,314,,,,SI,Landsat_2024_mediana_28042025,"GoogleEarth, BingMaps",false,0,,,,,mas_de_5_km,,0,0,0,,,,,mas_de_5_km,,0,,,,,,
3e99b67655fc85829ba7e2e7,2026-10-04T12:58-05:00,2026-10-04T17:58:00Z,2026-10-04,4.7498,-69.77792,VIIRS-NOAA-20,NOAA-20,VIIRS,82.4,26.2,13.5,Nominal,D,0.43,0.38,true,true,Puntos_de_calor_Colombia_2026-10-04.csv,2026-10-06T06:27:43Z,99,Vichada,99773,Cumaribo,asignado,cache_geometrico,false,0,,,,asignado,321111,3.2.1.1.1.1.  Herbazal denso de tierra firme no arbolado,3,32,321,3211,32111,321111,SI,Landsat_2024_mediana_28042025,GoogleEarth,false,0,,,,,mas_de_5_km,,0,0,0,,,,,mas_de_5_km,,0,,,,,,
4afc44c51fd2f693c4e4053c,2026-10-04T12:58-05:00,2026-10-04T17:58:00Z,2026-10-04,2.70718,-75.37843,VIIRS-NOAA-20,NOAA-20,VIIRS,58,21.2,1.8,Nominal,D,0.33,0.55,true,true,Puntos_de_calor_Colombia_2026-10-04.csv,2026-10-06T06:27:43Z,41,Huila,41132,Campoalegre,asignado,cache_geometrico,false,0,,,,asignado,2121,2.1.2.1. Arroz,2,21,212,2121,,,SI,Landsat_2024_mediana_28042025,,false,0,,,,,entre_1_y_5_km,3137.06,3,0,3,LAM3703|LAM2142|LAV0007-00-2017,AREA DE INTERES PARA LA PERFORACION EXPLORATORIA GUANABANA|CENTRAL HIDROELÉCTRICA DE BETANIA|CONSTRUCCIÓN DE LA VARIANTE CAMPOALEGRE,HOCOL S.A.|EMGESA S.A E.S.P.|CONCESIONARIA ALIADAS PARA EL PROGRESO S.A.S,poligono|linea,dentro,0.00,2,0292|0263,UPAR|VSM 15,NO APLICA,HOCOL S.A.|FLAMINGO OIL S.A.,EXPLORACION,CONVENIO DE EXPLORACION Y EXPLOTACION (E&E)|CONTRATO DE EXPLORACION Y PRODUCCION (E&P)
5bc9b547434d8b0ef92bcefa,2026-10-04T12:58-05:00,2026-10-04T17:58:00Z,2026-10-04,4.00716,-70.52807,VIIRS-NOAA-20,NOAA-20,VIIRS,64.5,21.2,4.9,Nominal,D,0.47,0.39,true,true,Puntos_de_calor_Colombia_2026-10-04.csv,2026-10-06T06:27:43Z,99,Vichada,99773,Cumaribo,asignado,cache_geometrico,false,0,,,,asignado,321111,3.2.1.1.1.1.  Herbazal denso de tierra firme no arbolado,3,32,321,3211,32111,321111,SI,"Landsat_2024_mediana_28042025, L9_657_20240412, L9_557_20240225","GoogleEarth, BingMaps, Planet Medres Normalized Analytic 2024-01 Mosaic",false,0,,,,,mas_de_5_km,,0,0,0,,,,,mas_de_5_km,,0,,,,,,
5cd2be3fff4e3d1f58bbbd42,2026-10-04T12:58-05:00,2026-10-04T17:58:00Z,2026-10-04,4.38582,-67.82274,VIIRS-NOAA-20,NOAA-20,VIIRS,58.4,25.1,3.3,Nominal,D,0.39,0.36,true,true,Puntos_de_calor_Colombia_2026-10-04.csv,2026-10-06T06:27:43Z,99,Vichada,99773,Cumaribo,asignado,cache_geometrico,false,0,,,,asignado,311121,3.1.1.1.2.1. Bosque denso alto Inundable heterogéneo,3,31,311,3111,31112,311121,SI,L9_357_20240322,Mosaico Sentinel-2_L2A_False_color 2024-01-24-00_00_2024-01-24-23_59_,false,0,,,,,mas_de_5_km,,0,0,0,,,,,mas_de_5_km,,0,,,,,,
5cd4831a4e91c2ea81390639,2026-10-04T12:58-05:00,2026-10-04T17:58:00Z,2026-10-04,4.45239,-69.85776,VIIRS-NOAA-20,NOAA-20,VIIRS,63.2,24.7,7.4,Nominal,D,0.43,0.38,true,true,Puntos_de_calor_Colombia_2026-10-04.csv,2026-10-06T06:27:43Z,99,Vichada,99773,Cumaribo,asignado,cache_geometrico,false,0,,,,asignado,321111,3.2.1.1.1.1.  Herbazal denso de tierra firme no arbolado,3,32,321,3211,32111,321111,SI,Landsat_2024_mediana_28042025,"GoogleEarth, BingMaps",true,1,502720,,,"GRAVAS, RECEBO",mas_de_5_km,,0,0,0,,,,,mas_de_5_km,,0,,,,,,
5ced25b121ea6f103f2fe5d2,2026-10-04T12:58-05:00,2026-10-04T17:58:00Z,2026-10-04,3.91427,-71.15186,VIIRS-NOAA-20,NOAA-20,VIIRS,56.8,23.9,6.2,Baja,D,0.5,0.41,true,true,Puntos_de_calor_Colombia_2026-10-04.csv,2026-10-06T06:27:43Z,50,Meta,50568,Puerto Gaitán,asignado,cache_geometrico,false,0,,,,asignado,321111,3.2.1.1.1.1.  Herbazal denso de tierra firme no arbolado,3,32,321,3211,32111,321111,SI,"Landsat_2024_mediana_28042025, L9_657_20240412, L9_557_20240225","GoogleEarth, BingMaps, Planet Medres Normalized Analytic 2024-01 Mosaic",false,0,,,,,mas_de_5_km,,0,0,0,,,,,mas_de_5_km,,0,,,,,,
63b9da966247658867a34c80,2026-10-04T12:58-05:00,2026-10-04T17:58:00Z,2026-10-04,3.87654,-71.19691,VIIRS-NOAA-20,NOAA-20,VIIRS,75.2,18.2,11,Nominal,D,0.51,0.41,true,true,Puntos_de_calor_Colombia_2026-10-04.csv,2026-10-06T06:27:43Z,50,Meta,50568,Puerto Gaitán,asignado,cache_geometrico,false,0,,,,asignado,321111,3.2.1.1.1.1.  Herbazal denso de tierra firme no arbolado,3,32,321,3211,32111,321111,SI,"Landsat_2024_mediana_28042025, L9_657_20240412, L9_557_20240225","GoogleEarth, BingMaps, Planet Medres Normalized Analytic 2024-01 Mosaic",false,0,,,,,entre_1_y_5_km,2705.64,1,0,1,LAM3340,"AREA DE PERFORACION EXPLORATORIA ""QUIFA""",META PETROLEUM CORP,poligono,mas_de_5_km,,0,,,,,,
6656d8d88b62a40fa4cd6daa,2026-10-04T12:58-05:00,2026-10-04T17:58:00Z,2026-10-04,4.69905,-69.49615,VIIRS-NOAA-20,NOAA-20,VIIRS,58.7,27.9,6.5,Baja,D,0.42,0.37,true,true,Puntos_de_calor_Colombia_2026-10-04.csv,2026-10-06T06:27:43Z,99,Vichada,99773,Cumaribo,asignado,cache_geometrico,false,0,,,,asignado,321111,3.2.1.1.1.1.  Herbazal denso de tierra firme no arbolado,3,32,321,3211,32111,321111,SI,Landsat_2024_mediana_28042025,"GoogleEarth, BingMaps",false,0,,,,,mas_de_5_km,,0,0,0,,,,,mas_de_5_km,,0,,,,,,
6885827abb12fca96119fca9,2026-10-04T12:58-05:00,2026-10-04T17:58:00Z,2026-10-04,4.6882,-69.49828,VIIRS-NOAA-20,NOAA-20,VIIRS,63.8,25.8,4.1,Baja,D,0.42,0.37,true,true,Puntos_de_calor_Colombia_2026-10-04.csv,2026-10-06T06:27:43Z,99,Vichada,99773,Cumaribo,asignado,cache_geometrico,false,0,,,,asignado,321111,3.2.1.1.1.1.  Herbazal denso de tierra firme no arbolado,3,32,321,3211,32111,321111,SI,Landsat_2024_mediana_28042025,"GoogleEarth, BingMaps",false,0,,,,,mas_de_5_km,,0,0,0,,,,,mas_de_5_km,,0,,,,,,
6b8d28eafd134a61728942b0,2026-10-04T12:58-05:00,2026-10-04T17:58:00Z,2026-10-04,4.32599,-70.78996,VIIRS-NOAA-20,NOAA-20,VIIRS,60.7,22.5,9.6,Nominal,D,0.48,0.4,true,true,Puntos_de_calor_Colombia_2026-10-04.csv,2026-10-06T06:27:43Z,99,Vichada,99773,Cumaribo,asignado,cache_geometrico,false,0,,,,asignado,314,3.1.4. Bosque de galería y ripario,3,31,314,,,,SI,Landsat_2024_mediana_28042025,"GoogleEarth, BingMaps",false,0,,,,,mas_de_5_km,,0,0,0,,,,,mas_de_5_km,,0,,,,,,
6bd87f10d34e6d3ca54edc96,2026-10-04T12:58-05:00,2026-10-04T17:58:00Z,2026-10-04,1.60391,-74.07011,VIIRS-NOAA-20,NOAA-20,VIIRS,59.4,17.9,4.8,Nominal,D,0.56,0.51,true,true,Puntos_de_calor_Colombia_2026-10-04.csv,2026-10-06T06:27:43Z,18,Caquetá,18753,San Vicente Del Caguán,asignado,cache_geometrico,false,0,,,,asignado,321111,3.2.1.1.1.1.  Herbazal denso de tierra firme no arbolado,3,32,321,3211,32111,321111,SI,L9_759_20240115,,false,0,,,,,mas_de_5_km,,0,0,0,,,,,entre_1_y_5_km,2751.00,1,0283,SANGRETORO,NO APLICA,CANACOL ENERGY COLOMBIA S.A.S.,EXPLORACION,CONTRATO DE EXPLORACION Y PRODUCCION (E&P)
6ebf67d4cc958f2ccbecf642,2026-10-04T12:58-05:00,2026-10-04T17:58:00Z,2026-10-04,4.10865,-70.24477,VIIRS-NOAA-20,NOAA-20,VIIRS,59.1,16.5,5.6,Nominal,D,0.45,0.39,true,true,Puntos_de_calor_Colombia_2026-10-04.csv,2026-10-06T06:27:43Z,99,Vichada,99773,Cumaribo,asignado,cache_geometrico,false,0,,,,asignado,321111,3.2.1.1.1.1.  Herbazal denso de tierra firme no arbolado,3,32,321,3211,32111,321111,SI,"Landsat_2024_mediana_28042025, L9_657_20240412, L9_557_20240225","GoogleEarth, BingMaps, Planet Medres Normalized Analytic 2024-01 Mosaic",false,0,,,,,mas_de_5_km,,0,0,0,,,,,mas_de_5_km,,0,,,,,,
70f78ee0af9de4fbcd67d602,2026-10-04T12:58-05:00,2026-10-04T17:58:00Z,2026-10-04,3.87583,-71.20148,VIIRS-NOAA-20,NOAA-20,VIIRS,60.1,19.9,10.4,Nominal,D,0.51,0.41,true,true,Puntos_de_calor_Colombia_2026-10-04.csv,2026-10-06T06:27:43Z,50,Meta,50568,Puerto Gaitán,asignado,cache_geometrico,false,0,,,,asignado,314,3.1.4. Bosque de galería y ripario,3,31,314,,,,SI,Landsat_2024_mediana_28042025,"GoogleEarth, BingMaps",false,0,,,,,entre_1_y_5_km,2199.98,1,0,1,LAM3340,"AREA DE PERFORACION EXPLORATORIA ""QUIFA""",META PETROLEUM CORP,poligono,mas_de_5_km,,0,,,,,,
79a78a464c53752082b94a1e,2026-10-04T12:58-05:00,2026-10-04T17:58:00Z,2026-10-04,5.5607,-74.35364,VIIRS-NOAA-20,NOAA-20,VIIRS,66.5,14,7,Nominal,D,0.51,0.49,true,true,Puntos_de_calor_Colombia_2026-10-04.csv,2026-10-06T06:27:43Z,25,Cundinamarca,25885,Yacopí,asignado,cache_geometrico,false,0,,,,asignado,244,2.4.4. Mosaico de pastos con espacios naturales,2,24,244,,,,SI,Landsat_2024_mediana_28042025,GoogleMaps,false,0,,,,,entre_1_y_5_km,4762.69,1,0,1,LAM2942,LÍNEA DE TRANSMISIÓN A 500 KV CIRCUITO SENCILLO PRIMAVERA-BACATÁ Y OBRAS ASOCIADAS,INTERCONEXION ELECTRICA S.A. E.S.P. ISA,linea,dentro,0.00,1,0539,VMM 65,NO APLICA,ECOPETROL S.A.,EXPLORACION,CONTRATO DE EVALUACION TECNICA ANH
7b91bc25015f586f21dde1e4,2026-10-04T12:58-05:00,2026-10-04T17:58:00Z,2026-10-04,5.56269,-74.35629,VIIRS-NOAA-20,NOAA-20,VIIRS,71.8,15.1,10.4,Nominal,D,0.51,0.49,true,true,Puntos_de_calor_Colombia_2026-10-04.csv,2026-10-06T06:27:43Z,25,Cundinamarca,25885,Yacopí,asignado,cache_geometrico,false,0,,,,asignado,243,"2.4.3. Mosaico de cultivos, pastos y espacios naturales",2,24,243,,,,SI,Landsat_2024_mediana_28042025,,false,0,,,,,entre_1_y_5_km,4526.80,1,0,1,LAM2942,LÍNEA DE TRANSMISIÓN A 500 KV CIRCUITO SENCILLO PRIMAVERA-BACATÁ Y OBRAS ASOCIADAS,INTERCONEXION ELECTRICA S.A. E.S.P. ISA,linea,dentro,0.00,1,0539,VMM 65,NO APLICA,ECOPETROL S.A.,EXPLORACION,CONTRATO DE EVALUACION TECNICA ANH
80e6473b94cf18e4538d7c36,2026-10-04T12:58-05:00,2026-10-04T17:58:00Z,2026-10-04,5.49271,-69.82359,VIIRS-NOAA-20,NOAA-20,VIIRS,61.7,12.5,4.6,Baja,D,0.42,0.38,true,true,Puntos_de_calor_Colombia_2026-10-04.csv,2026-10-06T06:27:43Z,99,Vichada,99524,La Primavera,asignado,cache_geometrico,false,0,,,,asignado,321121,3.2.1.1.2.1. Herbazal denso inundable no arbolado,3,32,321,3211,32112,321121,SI,Landsat_2024_mediana_28042025,GoogleEarth,false,0,,,,,mas_de_5_km,,0,0,0,,,,,mas_de_5_km,,0,,,,,,
828fc520bf4643f46b4b0076,2026-10-04T12:58-05:00,2026-10-04T17:58:00Z,2026-10-04,4.10227,-70.40207,VIIRS-NOAA-20,NOAA-20,VIIRS,63.9,20.2,7.2,Nominal,D,0.46,0.39,true,true,Puntos_de_calor_Colombia_2026-10-04.csv,2026-10-06T06:27:43Z,99,Vichada,99773,Cumaribo,asignado,cache_geometrico,false,0,,,,asignado,321111,3.2.1.1.1.1.  Herbazal denso de tierra firme no arbolado,3,32,321,3211,32111,321111,SI,"Landsat_2024_mediana_28042025, L9_657_20240412, L9_557_20240225","GoogleEarth, BingMaps, Planet Medres Normalized Analytic 2024-01 Mosaic",false,0,,,,,mas_de_5_km,,0,0,0,,,,,mas_de_5_km,,0,,,,,,
8da11fa52219b9c753424690,2026-10-04T12:58-05:00,2026-10-04T17:58:00Z,2026-10-04,1.14688,-70.12975,VIIRS-NOAA-20,NOAA-20,VIIRS,62.6,22.5,6.4,Nominal,D,0.48,0.4,true,true,Puntos_de_calor_Colombia_2026-10-04.csv,2026-10-06T06:27:43Z,97,Vaupés,97001,Mitú,asignado,cache_geometrico,false,0,,,,asignado,231,2.3.1. Pastos limpios,2,23,231,,,,SI,L9_559_20240304,Mosaico_Sentinel-2_L2A_False_color_2024-01-27-00_00_2024-01-27-23_59_,false,0,,,,,mas_de_5_km,,0,0,0,,,,,mas_de_5_km,,0,,,,,,
8fda3cffe413aa4d72276e93,2026-10-04T12:58-05:00,2026-10-04T17:58:00Z,2026-10-04,4.45094,-69.85702,VIIRS-NOAA-20,NOAA-20,VIIRS,62.1,24.5,9.8,Baja,D,0.43,0.38,true,true,Puntos_de_calor_Colombia_2026-10-04.csv,2026-10-06T06:27:43Z,99,Vichada,99773,Cumaribo,asignado,cache_geometrico,false,0,,,,asignado,321111,3.2.1.1.1.1.  Herbazal denso de tierra firme no arbolado,3,32,321,3211,32111,321111,SI,Landsat_2024_mediana_28042025,"GoogleEarth, BingMaps",true,1,502720,,,"GRAVAS, RECEBO",mas_de_5_km,,0,0,0,,,,,mas_de_5_km,,0,,,,,,
91299a23c9575c3524dcaa4a,2026-10-04T12:58-05:00,2026-10-04T17:58:00Z,2026-10-04,2.61128,-76.65899,VIIRS-NOAA-20,NOAA-20,VIIRS,54.5,17.2,2,Nominal,D,0.41,0.61,true,true,Puntos_de_calor_Colombia_2026-10-04.csv,2026-10-06T06:27:43Z,19,Cauca,19130,Cajibío,asignado,cache_geometrico,false,0,,,,asignado,243,"2.4.3. Mosaico de cultivos, pastos y espacios naturales",2,24,243,,,,SI,Landsat_2024_mediana_28042025,,true,1,GJK-159,,,DEMAS_CONCESIBLES\ BAUXITA,mas_de_5_km,,0,0,0,,,,,mas_de_5_km,,0,,,,,,
9a1d01c7c931aab5b5830814,2026-10-04T12:58-05:00,2026-10-04T17:58:00Z,2026-10-04,4.75768,-70.28532,VIIRS-NOAA-20,NOAA-20,VIIRS,69.3,22,9,Nominal,D,0.45,0.39,true,true,Puntos_de_calor_Colombia_2026-10-04.csv,2026-10-06T06:27:43Z,99,Vichada,99773,Cumaribo,asignado,cache_geometrico,false,0,,,,asignado,321111,3.2.1.1.1.1.  Herbazal denso de tierra firme no arbolado,3,32,321,3211,32111,321111,SI,Landsat_2024_mediana_28042025,GoogleEarth,false,0,,,,,mas_de_5_km,,0,0,0,,,,,mas_de_5_km,,0,,,,,,
a32601144702316a0867611d,2026-10-04T12:58-05:00,2026-10-04T17:58:00Z,2026-10-04,5.02695,-69.66225,VIIRS-NOAA-20,NOAA-20,VIIRS,93.9,24.4,11.8,Alta,D,0.42,0.38,true,true,Puntos_de_calor_Colombia_2026-10-04.csv,2026-10-06T06:27:43Z,99,Vichada,99524,La Primavera,asignado,cache_geometrico,false,0,,,,asignado,321111,3.2.1.1.1.1.  Herbazal denso de tierra firme no arbolado,3,32,321,3211,32111,321111,SI,Landsat_2024_mediana_28042025,IDEAM_puntos_CLC2022_verificacion_campo_2025,false,0,,,,,mas_de_5_km,,0,0,0,,,,,mas_de_5_km,,0,,,,,,
a527d1659762ebd53242ce5e,2026-10-04T12:58-05:00,2026-10-04T17:58:00Z,2026-10-04,4.74575,-69.78118,VIIRS-NOAA-20,NOAA-20,VIIRS,81.4,25.1,15,Nominal,D,0.43,0.38,true,true,Puntos_de_calor_Colombia_2026-10-04.csv,2026-10-06T06:27:43Z,99,Vichada,99773,Cumaribo,asignado,cache_geometrico,false,0,,,,asignado,321111,3.2.1.1.1.1.  Herbazal denso de tierra firme no arbolado,3,32,321,3211,32111,321111,SI,Landsat_2024_mediana_28042025,GoogleEarth,false,0,,,,,mas_de_5_km,,0,0,0,,,,,mas_de_5_km,,0,,,,,,
a63c5e8aa616a774cad58a58,2026-10-04T12:58-05:00,2026-10-04T17:58:00Z,2026-10-04,4.16365,-70.94292,VIIRS-NOAA-20,NOAA-20,VIIRS,63.6,21.4,3.8,Nominal,D,0.49,0.4,true,true,Puntos_de_calor_Colombia_2026-10-04.csv,2026-10-06T06:27:43Z,99,Vichada,99773,Cumaribo,asignado,cache_geometrico,false,0,,,,asignado,314,3.1.4. Bosque de galería y ripario,3,31,314,,,,SI,Landsat_2024_mediana_28042025,"GoogleEarth, BingMaps",false,0,,,,,mas_de_5_km,,0,0,0,,,,,mas_de_5_km,,0,,,,,,
b1b187b7d70f35c0db13fd9b,2026-10-04T12:58-05:00,2026-10-04T17:58:00Z,2026-10-04,4.46473,-69.75747,VIIRS-NOAA-20,NOAA-20,VIIRS,59.8,25.1,4.5,Baja,D,0.43,0.38,true,true,Puntos_de_calor_Colombia_2026-10-04.csv,2026-10-06T06:27:43Z,99,Vichada,99773,Cumaribo,asignado,cache_geometrico,false,0,,,,asignado,244,2.4.4. Mosaico de pastos con espacios naturales,2,24,244,,,,SI,Landsat_2024_mediana_28042025,"GoogleEarth, BingMaps",false,0,,,,,mas_de_5_km,,0,0,0,,,,,mas_de_5_km,,0,,,,,,
b41e136c9b74d0a65fc935cf,2026-10-04T12:58-05:00,2026-10-04T17:58:00Z,2026-10-04,4.86801,-70.77489,VIIRS-NOAA-20,NOAA-20,VIIRS,58.2,24,6.7,Baja,D,0.47,0.4,true,true,Puntos_de_calor_Colombia_2026-10-04.csv,2026-10-06T06:27:43Z,99,Vichada,99624,Santa Rosalía,asignado,cache_geometrico,false,0,,,,asignado,321111,3.2.1.1.1.1.  Herbazal denso de tierra firme no arbolado,3,32,321,3211,32111,321111,SI,Landsat_2024_mediana_28042025,GoogleEarth,false,0,,,,,mas_de_5_km,,0,0,0,,,,,mas_de_5_km,,0,,,,,,
b6e6157fe4e4a7d7b765694b,2026-10-04T12:58-05:00,2026-10-04T17:58:00Z,2026-10-04,3.87279,-71.19631,VIIRS-NOAA-20,NOAA-20,VIIRS,58.2,19.9,3.3,Nominal,D,0.51,0.41,true,true,Puntos_de_calor_Colombia_2026-10-04.csv,2026-10-06T06:27:43Z,50,Meta,50568,Puerto Gaitán,asignado,cache_geometrico,false,0,,,,asignado,321111,3.2.1.1.1.1.  Herbazal denso de tierra firme no arbolado,3,32,321,3211,32111,321111,SI,"Landsat_2024_mediana_28042025, L9_657_20240412, L9_557_20240225","GoogleEarth, BingMaps, Planet Medres Normalized Analytic 2024-01 Mosaic",false,0,,,,,entre_1_y_5_km,2804.56,1,0,1,LAM3340,"AREA DE PERFORACION EXPLORATORIA ""QUIFA""",META PETROLEUM CORP,poligono,mas_de_5_km,,0,,,,,,
ba0e32d94fe094a0b0dba8e1,2026-10-04T12:58-05:00,2026-10-04T17:58:00Z,2026-10-04,2.36262,-76.86176,VIIRS-NOAA-20,NOAA-20,VIIRS,54.6,20.2,2.5,Nominal,D,0.43,0.62,true,true,Puntos_de_calor_Colombia_2026-10-04.csv,2026-10-06T06:27:43Z,19,Cauca,19256,El Tambo,asignado,cache_geometrico,false,0,,,,asignado,243,"2.4.3. Mosaico de cultivos, pastos y espacios naturales",2,24,243,,,,SI,Landsat_2024_mediana_28042025,,false,0,,,,,mas_de_5_km,,0,0,0,,,,,mas_de_5_km,,0,,,,,,
bc0cec8509629cb40e2f0df3,2026-10-04T12:58-05:00,2026-10-04T17:58:00Z,2026-10-04,4.92209,-69.50408,VIIRS-NOAA-20,NOAA-20,VIIRS,63.2,12.3,16.2,Baja,D,0.42,0.37,true,true,Puntos_de_calor_Colombia_2026-10-04.csv,2026-10-06T06:27:43Z,99,Vichada,99773,Cumaribo,asignado,cache_geometrico,false,0,,,,asignado,321111,3.2.1.1.1.1.  Herbazal denso de tierra firme no arbolado,3,32,321,3211,32111,321111,SI,Landsat_2024_mediana_28042025,GoogleEarth,false,0,,,,,mas_de_5_km,,0,0,0,,,,,mas_de_5_km,,0,,,,,,
bfde9491162c85b0e8551161,2026-10-04T12:58-05:00,2026-10-04T17:58:00Z,2026-10-04,4.60322,-69.36747,VIIRS-NOAA-20,NOAA-20,VIIRS,64.6,22.1,2.7,Nominal,D,0.41,0.37,true,true,Puntos_de_calor_Colombia_2026-10-04.csv,2026-10-06T06:27:43Z,99,Vichada,99773,Cumaribo,asignado,cache_geometrico,false,0,,,,asignado,321111,3.2.1.1.1.1.  Herbazal denso de tierra firme no arbolado,3,32,321,3211,32111,321111,SI,Landsat_2024_mediana_28042025,"GoogleEarth, BingMaps",false,0,,,,,mas_de_5_km,,0,0,0,,,,,mas_de_5_km,,0,,,,,,
c6a91cec9f39a78d79fe56ed,2026-10-04T12:58-05:00,2026-10-04T17:58:00Z,2026-10-04,2.70624,-75.37702,VIIRS-NOAA-20,NOAA-20,VIIRS,55.4,21.5,1.7,Nominal,D,0.33,0.55,true,true,Puntos_de_calor_Colombia_2026-10-04.csv,2026-10-06T06:27:43Z,41,Huila,41132,Campoalegre,asignado,cache_geometrico,false,0,,,,asignado,2121,2.1.2.1. Arroz,2,21,212,2121,,,SI,Landsat_2024_mediana_28042025,,false,0,,,,,entre_1_y_5_km,3300.81,3,0,3,LAM3703|LAM2142|LAV0007-00-2017,AREA DE INTERES PARA LA PERFORACION EXPLORATORIA GUANABANA|CENTRAL HIDROELÉCTRICA DE BETANIA|CONSTRUCCIÓN DE LA VARIANTE CAMPOALEGRE,HOCOL S.A.|EMGESA S.A E.S.P.|CONCESIONARIA ALIADAS PARA EL PROGRESO S.A.S,poligono|linea,dentro,0.00,2,0292|0263,UPAR|VSM 15,NO APLICA,HOCOL S.A.|FLAMINGO OIL S.A.,EXPLORACION,CONVENIO DE EXPLORACION Y EXPLOTACION (E&E)|CONTRATO DE EXPLORACION Y PRODUCCION (E&P)
c6de3a126feafc94bafeaf55,2026-10-04T12:58-05:00,2026-10-04T17:58:00Z,2026-10-04,5.04892,-69.74662,VIIRS-NOAA-20,NOAA-20,VIIRS,60.6,21.5,2.9,Baja,D,0.42,0.38,true,true,Puntos_de_calor_Colombia_2026-10-04.csv,2026-10-06T06:27:43Z,99,Vichada,99524,La Primavera,asignado,cache_geometrico,false,0,,,,asignado,321111,3.2.1.1.1.1.  Herbazal denso de tierra firme no arbolado,3,32,321,3211,32111,321111,SI,Landsat_2024_mediana_28042025,IDEAM_puntos_CLC2022_verificacion_campo_2025,false,0,,,,,mas_de_5_km,,0,0,0,,,,,mas_de_5_km,,0,,,,,,
c8bb242926e472e99b2ab99f,2026-10-04T12:58-05:00,2026-10-04T17:58:00Z,2026-10-04,4.34665,-69.78223,VIIRS-NOAA-20,NOAA-20,VIIRS,61.6,25.4,9.7,Nominal,D,0.43,0.38,true,true,Puntos_de_calor_Colombia_2026-10-04.csv,2026-10-06T06:27:43Z,99,Vichada,99773,Cumaribo,asignado,cache_geometrico,false,0,,,,asignado,32121,3.2.1.2.1. Herbazal abierto arenoso,3,32,321,3212,32121,,SI,L9_557_20240225,Mosaico Sentinel-2_L2A_False_color 2024-01-27-00_00_2024-01-27-23_59,false,0,,,,,mas_de_5_km,,0,0,0,,,,,mas_de_5_km,,0,,,,,,
c9c88b3f86dd148ae1a36773,2026-10-04T12:58-05:00,2026-10-04T17:58:00Z,2026-10-04,4.92551,-69.50462,VIIRS-NOAA-20,NOAA-20,VIIRS,82.2,15.4,16.2,Baja,D,0.42,0.37,true,true,Puntos_de_calor_Colombia_2026-10-04.csv,2026-10-06T06:27:43Z,99,Vichada,99773,Cumaribo,asignado,cache_geometrico,false,0,,,,asignado,321111,3.2.1.1.1.1.  Herbazal denso de tierra firme no arbolado,3,32,321,3211,32111,321111,SI,Landsat_2024_mediana_28042025,GoogleEarth,false,0,,,,,mas_de_5_km,,0,0,0,,,,,mas_de_5_km,,0,,,,,,
cc92a7b1b7cbbf9e4b357c0f,2026-10-04T12:58-05:00,2026-10-04T17:58:00Z,2026-10-04,4.15089,-70.50188,VIIRS-NOAA-20,NOAA-20,VIIRS,67,15.3,7.6,Nominal,D,0.46,0.39,true,true,Puntos_de_calor_Colombia_2026-10-04.csv,2026-10-06T06:27:43Z,99,Vichada,99773,Cumaribo,asignado,cache_geometrico,false,0,,,,asignado,321111,3.2.1.1.1.1.  Herbazal denso de tierra firme no arbolado,3,32,321,3211,32111,321111,SI,Landsat_2024_mediana_28042025,"GoogleEarth, BingMaps",false,0,,,,,mas_de_5_km,,0,0,0,,,,,mas_de_5_km,,0,,,,,,
d1ece30b84e3ae04dfbcd58e,2026-10-04T12:58-05:00,2026-10-04T17:58:00Z,2026-10-04,4.91982,-69.49609,VIIRS-NOAA-20,NOAA-20,VIIRS,62.2,14.6,8.9,Baja,D,0.42,0.37,true,true,Puntos_de_calor_Colombia_2026-10-04.csv,2026-10-06T06:27:43Z,99,Vichada,99773,Cumaribo,asignado,cache_geometrico,false,0,,,,asignado,321111,3.2.1.1.1.1.  Herbazal denso de tierra firme no arbolado,3,32,321,3211,32111,321111,SI,Landsat_2024_mediana_28042025,GoogleEarth,false,0,,,,,mas_de_5_km,,0,0,0,,,,,mas_de_5_km,,0,,,,,,
d239a4408665fe7a641cb680,2026-10-04T12:58-05:00,2026-10-04T17:58:00Z,2026-10-04,4.69163,-69.4988,VIIRS-NOAA-20,NOAA-20,VIIRS,80.9,29.6,15,Nominal,D,0.42,0.37,true,true,Puntos_de_calor_Colombia_2026-10-04.csv,2026-10-06T06:27:43Z,99,Vichada,99773,Cumaribo,asignado,cache_geometrico,false,0,,,,asignado,321111,3.2.1.1.1.1.  Herbazal denso de tierra firme no arbolado,3,32,321,3211,32111,321111,SI,Landsat_2024_mediana_28042025,"GoogleEarth, BingMaps",false,0,,,,,mas_de_5_km,,0,0,0,,,,,mas_de_5_km,,0,,,,,,
d35397ccb709ef731c0197c2,2026-10-04T12:58-05:00,2026-10-04T17:58:00Z,2026-10-04,4.69848,-69.49988,VIIRS-NOAA-20,NOAA-20,VIIRS,67.1,27.3,5.5,Baja,D,0.42,0.37,true,true,Puntos_de_calor_Colombia_2026-10-04.csv,2026-10-06T06:27:43Z,99,Vichada,99773,Cumaribo,asignado,cache_geometrico,false,0,,,,asignado,321111,3.2.1.1.1.1.  Herbazal denso de tierra firme no arbolado,3,32,321,3211,32111,321111,SI,Landsat_2024_mediana_28042025,"GoogleEarth, BingMaps",false,0,,,,,mas_de_5_km,,0,0,0,,,,,mas_de_5_km,,0,,,,,,
d585547a4820a26571912ab6,2026-10-04T12:58-05:00,2026-10-04T17:58:00Z,2026-10-04,4.70133,-69.50415,VIIRS-NOAA-20,NOAA-20,VIIRS,59.1,25.2,5.5,Baja,D,0.42,0.37,true,true,Puntos_de_calor_Colombia_2026-10-04.csv,2026-10-06T06:27:43Z,99,Vichada,99773,Cumaribo,asignado,cache_geometrico,false,0,,,,asignado,321111,3.2.1.1.1.1.  Herbazal denso de tierra firme no arbolado,3,32,321,3211,32111,321111,SI,Landsat_2024_mediana_28042025,"GoogleEarth, BingMaps",false,0,,,,,mas_de_5_km,,0,0,0,,,,,mas_de_5_km,,0,,,,,,
de340921e6740f65c4d25611,2026-10-04T12:58-05:00,2026-10-04T17:58:00Z,2026-10-04,4.35395,-75.78597,VIIRS-NOAA-20,NOAA-20,VIIRS,56.9,21.4,2.7,Nominal,D,0.33,0.55,true,true,Puntos_de_calor_Colombia_2026-10-04.csv,2026-10-06T06:27:43Z,63,Quindío,63130,Calarcá,asignado,cache_geometrico,false,0,,,,asignado,2211,2.2.1.1. Otros cultivos permanentes herbáceos,2,22,221,2211,,,SI,Landsat_2024_mediana_28042025,,false,0,,,,,mas_de_5_km,,0,0,0,,,,,mas_de_5_km,,0,,,,,,
e1537bc3066aaa343c1f99bb,2026-10-04T12:58-05:00,2026-10-04T17:58:00Z,2026-10-04,3.7437,-71.32789,VIIRS-NOAA-20,NOAA-20,VIIRS,63.2,23,6.4,Baja,D,0.52,0.41,true,true,Puntos_de_calor_Colombia_2026-10-04.csv,2026-10-06T06:27:43Z,50,Meta,50568,Puerto Gaitán,asignado,cache_geometrico,false,0,,,,asignado,314,3.1.4. Bosque de galería y ripario,3,31,314,,,,SI,Landsat_2024_mediana_28042025,"GoogleEarth, BingMaps",false,0,,,,,hasta_1_km,2.71,4,1,3,LAM0019|LAM0066,"CAMPO RUBIALES|EXPLORACION POZOS RUBIALES 18, 19, 20, 21, 22, 23, 24 Y 25 (PAVIMENTACION BONGA -P G|Explotación de hidrocarburos Campo Rubiales|EIA Mod L. G. Campo Rubiales",META PETROLEUM CORP|COPLEX COLOMBIA LIMITED|Ecopetrol S.A.|ECOPETROL S.A.,poligono,hasta_1_km,2.49,1,0366,RUBIALES,RUBIALES,ECOPETROL S.A.,PRODUCCION,CONVENIO DE EXPLOTACION
e93006211efd780b6cece918,2026-10-04T12:58-05:00,2026-10-04T17:58:00Z,2026-10-04,4.71675,-69.4951,VIIRS-NOAA-20,NOAA-20,VIIRS,64.8,23.5,7.8,Baja,D,0.42,0.37,true,true,Puntos_de_calor_Colombia_2026-10-04.csv,2026-10-06T06:27:43Z,99,Vichada,99773,Cumaribo,asignado,cache_geometrico,false,0,,,,asignado,314,3.1.4. Bosque de galería y ripario,3,31,314,,,,SI,Landsat_2024_mediana_28042025,"GoogleEarth, BingMaps",false,0,,,,,mas_de_5_km,,0,0,0,,,,,mas_de_5_km,,0,,,,,,
f052ee679e6655e2522a03d3,2026-10-04T12:58-05:00,2026-10-04T17:58:00Z,2026-10-04,4.88284,-68.74146,VIIRS-NOAA-20,NOAA-20,VIIRS,59,18.5,2.8,Nominal,D,0.4,0.37,true,true,Puntos_de_calor_Colombia_2026-10-04.csv,2026-10-06T06:27:43Z,99,Vichada,99773,Cumaribo,asignado,cache_geometrico,false,0,,,,asignado,321111,3.2.1.1.1.1.  Herbazal denso de tierra firme no arbolado,3,32,321,3211,32111,321111,SI,Landsat_2024_mediana_28042025,GoogleEarth,true,1,BLOQUE 895,,,,mas_de_5_km,,0,0,0,,,,,mas_de_5_km,,0,,,,,,
f1b5569cd17d740ff85b3f52,2026-10-04T12:58-05:00,2026-10-04T17:58:00Z,2026-10-04,7.30961,-73.416,VIIRS-NOAA-20,NOAA-20,VIIRS,82.8,24.2,12.3,Nominal,D,0.41,0.45,true,true,Puntos_de_calor_Colombia_2026-10-04.csv,2026-10-06T06:27:43Z,68,Santander,68655,Sabana De Torres,asignado,cache_geometrico,false,0,,,,asignado,3132,3.1.3.2. Bosque fragmentado con vegetación secundaria,3,31,313,3132,,,SI,Landsat_2024_mediana_28042025,,false,0,,,,,entre_1_y_5_km,1440.63,6,0,6,LAM1009|LAM1903|LAM0197|LAM0172,"PLAN DE MANEJO AMBIENTAL PARA LOS CAMPOS DE LA SUPERINTENDENCIA PROVINCIA PERTENECIENTES A LA GERENCIA CENTRO ORIENTE, CONFORMADA POR LOS CAMPOS PROVINCIA Y BONANZA|BLOQUE DE PERFORACION EXPLORATORIA RETORNO, LOCALIZADO EN SABANA DE TORRES - SANTANDER|CAMPOS DE LA SUPERINTENDENCIA PROVINCIA (CAMPOS PROVINCIA, BONANZA, SAN ROQUE Y TISQUIRAMA)|GASODUCTO BARRANCABERMEJA PAYOA BUCARAMANGA|PERFORACION CAMPOS PAYOA Y SALINAS (DEMA) PARA POZOS LS 54 54 YLSB 24 M- EXPLOTACION DEL AREA DEL CONTRATO CARARE - LAS MONAS",ECOPETROL S.A.|ECOPETROL S.A|PROMIORIENTE S.A. E.S.P.|PETROSANTANDER (COLOMBIA) INC,poligono|linea,dentro,0.00,3,0151|0299|0006,PROVINCIA P SUR|COR 46|CARARE LAS MONAS,PROVINCIA P SUR|NO APLICA,ECOPETROL S.A.|EXXON MOBIL EXPLORATION COLOMBIA LIMITED|PETROSANTANDER COLOMBIA INC,PRODUCCION|EXPLORACION,CONVENIO DE EXPLOTACION|CONTRATO DE EVALUACION TECNICA ANH|CONTRATO DE ASOCIACION CON ECOPETROL
f51a5fddb639c7839f092ab8,2026-10-04T12:58-05:00,2026-10-04T17:58:00Z,2026-10-04,1.14662,-70.12939,VIIRS-NOAA-20,NOAA-20,VIIRS,59.9,22.6,7.2,Nominal,D,0.48,0.4,true,true,Puntos_de_calor_Colombia_2026-10-04.csv,2026-10-06T06:27:43Z,97,Vaupés,97001,Mitú,asignado,cache_geometrico,false,0,,,,asignado,231,2.3.1. Pastos limpios,2,23,231,,,,SI,L9_559_20240304,Mosaico_Sentinel-2_L2A_False_color_2024-01-27-00_00_2024-01-27-23_59_,false,0,,,,,mas_de_5_km,,0,0,0,,,,,mas_de_5_km,,0,,,,,,
f60736598eaa11c1a5b9679e,2026-10-04T12:58-05:00,2026-10-04T17:58:00Z,2026-10-04,4.65125,-69.7822,VIIRS-NOAA-20,NOAA-20,VIIRS,58.5,24.5,2.7,Nominal,D,0.43,0.38,true,true,Puntos_de_calor_Colombia_2026-10-04.csv,2026-10-06T06:27:43Z,99,Vichada,99773,Cumaribo,asignado,cache_geometrico,false,0,,,,asignado,321111,3.2.1.1.1.1.  Herbazal denso de tierra firme no arbolado,3,32,321,3211,32111,321111,SI,Landsat_2024_mediana_28042025,"GoogleEarth, BingMaps",false,0,,,,,mas_de_5_km,,0,0,0,,,,,mas_de_5_km,,0,,,,,,
f8da55a59dfcf4db0e8bfbe6,2026-10-04T12:58-05:00,2026-10-04T17:58:00Z,2026-10-04,4.1441,-70.42902,VIIRS-NOAA-20,NOAA-20,VIIRS,58.8,15.1,2.3,Nominal,D,0.46,0.39,true,true,Puntos_de_calor_Colombia_2026-10-04.csv,2026-10-06T06:27:43Z,99,Vichada,99773,Cumaribo,asignado,cache_geometrico,false,0,,,,asignado,321111,3.2.1.1.1.1.  Herbazal denso de tierra firme no arbolado,3,32,321,3211,32111,321111,SI,"Landsat_2024_mediana_28042025, L9_657_20240412, L9_557_20240225","GoogleEarth, BingMaps, Planet Medres Normalized Analytic 2024-01 Mosaic",false,0,,,,,mas_de_5_km,,0,0,0,,,,,mas_de_5_km,,0,,,,,,
f9b09e8d766b26855de8ed91,2026-10-04T12:58-05:00,2026-10-04T17:58:00Z,2026-10-04,4.69505,-69.49934,VIIRS-NOAA-20,NOAA-20,VIIRS,69.1,29.2,15,Baja,D,0.42,0.37,true,true,Puntos_de_calor_Colombia_2026-10-04.csv,2026-10-06T06:27:43Z,99,Vichada,99773,Cumaribo,asignado,cache_geometrico,false,0,,,,asignado,321111,3.2.1.1.1.1.  Herbazal denso de tierra firme no arbolado,3,32,321,3211,32111,321111,SI,Landsat_2024_mediana_28042025,"GoogleEarth, BingMaps",false,0,,,,,mas_de_5_km,,0,0,0,,,,,mas_de_5_km,,0,,,,,,
fa897fd9f64b04793bc657e1,2026-10-04T12:58-05:00,2026-10-04T17:58:00Z,2026-10-04,4.30512,-71.0392,VIIRS-NOAA-20,NOAA-20,VIIRS,64.3,23.6,12,Baja,D,0.49,0.4,true,true,Puntos_de_calor_Colombia_2026-10-04.csv,2026-10-06T06:27:43Z,99,Vichada,99773,Cumaribo,asignado,cache_geometrico,false,0,,,,asignado,321111,3.2.1.1.1.1.  Herbazal denso de tierra firme no arbolado,3,32,321,3211,32111,321111,SI,Landsat_2024_mediana_28042025,"GoogleEarth, BingMaps",false,0,,,,,dentro,0.00,2,0,2,LAV0048-14|LAV0090-00-2014,ÁREA DE PERFORACIÓN EXPLORATORIA CPO 8 NORTE|ÁREA DE PERFORACIÓN EXPLORATORIA CPO-8 SUR,ECOPETROL S.A.,poligono,mas_de_5_km,,0,,,,,,
fd8c06aa042e4da816c1dd7b,2026-10-04T12:58-05:00,2026-10-04T17:58:00Z,2026-10-04,4.4663,-69.75714,VIIRS-NOAA-20,NOAA-20,VIIRS,67.7,25.2,5.5,Nominal,D,0.43,0.38,true,true,Puntos_de_calor_Colombia_2026-10-04.csv,2026-10-06T06:27:43Z,99,Vichada,99773,Cumaribo,asignado,cache_geometrico,false,0,,,,asignado,244,2.4.4. Mosaico de pastos con espacios naturales,2,24,244,,,,SI,Landsat_2024_mediana_28042025,"GoogleEarth, BingMaps",false,0,,,,,mas_de_5_km,,0,0,0,,,,,mas_de_5_km,,0,,,,,,
39f7e16587f4e582f497aed7,2026-10-04T13:00-05:00,2026-10-04T18:00:00Z,2026-10-04,7.47069,-73.24763,VIIRS-NOAA-20,NOAA-20,VIIRS,66.2,21.4,5.3,Nominal,D,0.4,0.44,true,true,Puntos_de_calor_Colombia_2026-10-04.csv,2026-10-06T06:27:43Z,68,Santander,68255,El Playón,asignado,cache_geometrico,false,0,,,,asignado,233,2.3.3. Pastos enmalezados,2,23,233,,,,SI,Landsat_2024_mediana_28042025,Sentinel_2024_mediana_11042025,false,0,,,,,mas_de_5_km,,0,0,0,,,,,hasta_1_km,195.98,1,0299,COR 46,NO APLICA,EXXON MOBIL EXPLORATION COLOMBIA LIMITED,EXPLORACION,CONTRATO DE EVALUACION TECNICA ANH
84abc0ee7c8ff1516f256d4e,2026-10-04T13:00-05:00,2026-10-04T18:00:00Z,2026-10-04,10.2975,-75.36507,VIIRS-NOAA-20,NOAA-20,VIIRS,67.1,19.7,10.1,Nominal,D,0.49,0.49,true,true,Puntos_de_calor_Colombia_2026-10-04.csv,2026-10-06T06:27:43Z,13,Bolívar,13836,Turbaco,asignado,cache_geometrico,false,0,,,,asignado,314,3.1.4. Bosque de galería y ripario,3,31,314,,,,SI,Landsat_2024_mediana_28042025,,true,1,IIH-09241,(9001431014) EXPLOMINERALES DEL NORTE SA,Explotación,ROCA O PIEDRA CALIZA,entre_1_y_5_km,1055.51,6,0,6,LAV0082-00-2022|LAM6885-00|LAM4601|LAM6886-00,NUEVA SUBESTACIÓN TOLUVIEJO 220 KV Y LÍNEAS DE TRANSMISIÓN ASOCIADAS–TRAMO 2|NUEVA SUBESTACIÓN TOLUVIEJO 220 KV Y LÍNEAS ASOCIADAS - TRAMO 2|SOCIEDAD COMERCIAL ZOOCRIADERO EL PRIETO LTDA|CONSTRUCCIÓN SEGUNDA CALZADA TRAMO CARTAGENA (SECTOR SAO) – TURBACO – ARJONA|SOCIEDAD COMERCIAL ZOOCRIADERO DEL NORTE S.A.S,CELSIA COLOMBIA S.A. E.S.P|SOCIEDAD COMERCIAL ZOOCRIADERO EL PRIETO LTDA|AUTOPISTAS DEL SOL S.A.S|ZOOCRIADERO DEL NORTE,poligono|linea,entre_1_y_5_km,3965.20,1,0346,SN 15,NO APLICA,HOCOL S.A.,EXPLORACION,CONTRATO DE EXPLORACION Y PRODUCCION (E&P)
d681bf41ec6bd6a2dc1e8552,2026-10-04T13:00-05:00,2026-10-04T18:00:00Z,2026-10-04,9.26059,-73.90818,VIIRS-NOAA-20,NOAA-20,VIIRS,74.4,29.5,16,Nominal,D,0.41,0.45,true,true,Puntos_de_calor_Colombia_2026-10-04.csv,2026-10-06T06:27:43Z,20,Cesar,20175,Chimichagua,asignado,cache_geometrico,false,0,,,,asignado,231,2.3.1. Pastos limpios,2,23,231,,,,SI,Landsat_2024_mediana_28042025,,false,0,,,,,entre_1_y_5_km,1179.25,2,0,2,LAV0065-00-2021|LAM1082,ÁREA DE PERFORACION EXPLORATORIA VIM-33|OLEODUCTO CAÑO LIMÓN-COVEÑAS,CNE OIL & GAS S.A.S.|CENIT S.A.S,poligono|linea,entre_1_y_5_km,3432.75,1,0494,VIM 42,NO APLICA,LEWIS ENERGY COLOMBIA INC,EXPLORACION,CONTRATO DE EXPLORACION Y PRODUCCION (E&P)
0126d21920758f65a7db5c61,2026-10-04T13:41-05:00,2026-10-04T18:41:00Z,2026-10-04,4.66837,-68.49374,VIIRS-NOAA-21,NOAA-21,VIIRS,60.8,17.7,12,Nominal,D,0.56,0.69,true,true,Puntos_de_calor_Colombia_2026-10-04.csv,2026-10-06T06:27:43Z,99,Vichada,99773,Cumaribo,asignado,cache_geometrico,false,0,,,,asignado,32121,3.2.1.2.1. Herbazal abierto arenoso,3,32,321,3212,32121,,SI,L9_457_20240109,Mosaico Sentinel-2_L2A_False_color 2024-01-24-00_00_2024-01-24-23_59_,true,1,BLOQUE 895,,,,mas_de_5_km,,0,0,0,,,,,mas_de_5_km,,0,,,,,,
03695dd8aac9023869602f33,2026-10-04T13:41-05:00,2026-10-04T18:41:00Z,2026-10-04,3.88307,-71.19808,VIIRS-NOAA-21,NOAA-21,VIIRS,93.9,22.6,9.2,Alta,D,0.36,0.57,true,true,Puntos_de_calor_Colombia_2026-10-04.csv,2026-10-06T06:27:43Z,50,Meta,50568,Puerto Gaitán,asignado,cache_geometrico,false,0,,,,asignado,321111,3.2.1.1.1.1.  Herbazal denso de tierra firme no arbolado,3,32,321,3211,32111,321111,SI,"Landsat_2024_mediana_28042025, L9_657_20240412, L9_557_20240225","GoogleEarth, BingMaps, Planet Medres Normalized Analytic 2024-01 Mosaic",false,0,,,,,entre_1_y_5_km,2573.76,1,0,1,LAM3340,"AREA DE PERFORACION EXPLORATORIA ""QUIFA""",META PETROLEUM CORP,poligono,mas_de_5_km,,0,,,,,,
0885f9605b3cef5177493f58,2026-10-04T13:41-05:00,2026-10-04T18:41:00Z,2026-10-04,1.49209,-77.1303,VIIRS-NOAA-21,NOAA-21,VIIRS,63.2,29.2,2.4,Nominal,D,0.43,0.38,true,true,Puntos_de_calor_Colombia_2026-10-04.csv,2026-10-06T06:27:43Z,52,Nariño,52051,Arboleda,asignado,cache_geometrico,false,0,,,,asignado,3231,3.2.3.1. Vegetación secundaria alta,3,32,323,3231,,,SI,Landsat_2024_mediana_28042025,,false,0,,,,,mas_de_5_km,,0,0,0,,,,,mas_de_5_km,,0,,,,,,
0c086531353fc893a6491600,2026-10-04T13:41-05:00,2026-10-04T18:41:00Z,2026-10-04,4.64042,-70.09262,VIIRS-NOAA-21,NOAA-21,VIIRS,76,14.2,12.9,Nominal,D,0.44,0.62,true,true,Puntos_de_calor_Colombia_2026-10-04.csv,2026-10-06T06:27:43Z,99,Vichada,99773,Cumaribo,asignado,cache_geometrico,false,0,,,,asignado,321111,3.2.1.1.1.1.  Herbazal denso de tierra firme no arbolado,3,32,321,3211,32111,321111,SI,Landsat_2024_mediana_28042025,GoogleEarth,false,0,,,,,mas_de_5_km,,0,0,0,,,,,mas_de_5_km,,0,,,,,,
0fc94479c21ff38fa7eb4d94,2026-10-04T13:41-05:00,2026-10-04T18:41:00Z,2026-10-04,2.13985,-77.11134,VIIRS-NOAA-21,NOAA-21,VIIRS,64.4,26.7,4.9,Nominal,D,0.43,0.38,true,true,Puntos_de_calor_Colombia_2026-10-04.csv,2026-10-06T06:27:43Z,19,Cauca,19532,Patía,asignado,cache_geometrico,false,0,,,,asignado,222,2.2.2. Cultivos permanentes arbustivos,2,22,222,,,,SI,Landsat_2024_mediana_28042025,GoogleEarth,false,0,,,,,mas_de_5_km,,0,0,0,,,,,mas_de_5_km,,0,,,,,,
1116607e612f1689b3533471,2026-10-04T13:41-05:00,2026-10-04T18:41:00Z,2026-10-04,4.66386,-68.50007,VIIRS-NOAA-21,NOAA-21,VIIRS,61.2,18,10.4,Nominal,D,0.56,0.69,true,true,Puntos_de_calor_Colombia_2026-10-04.csv,2026-10-06T06:27:43Z,99,Vichada,99773,Cumaribo,asignado,cache_geometrico,false,0,,,,asignado,321111,3.2.1.1.1.1.  Herbazal denso de tierra firme no arbolado,3,32,321,3211,32111,321111,SI,L9_457_20240109,Mosaico Sentinel-2_L2A_False_color 2024-01-24-00_00_2024-01-24-23_59_,true,1,BLOQUE 895,,,,mas_de_5_km,,0,0,0,,,,,mas_de_5_km,,0,,,,,,
1615245691db38c394fac87e,2026-10-04T13:41-05:00,2026-10-04T18:41:00Z,2026-10-04,4.15701,-70.46986,VIIRS-NOAA-21,NOAA-21,VIIRS,56.2,15.2,3.6,Nominal,D,0.4,0.6,true,true,Puntos_de_calor_Colombia_2026-10-04.csv,2026-10-06T06:27:43Z,99,Vichada,99773,Cumaribo,asignado,cache_geometrico,false,0,,,,asignado,321111,3.2.1.1.1.1.  Herbazal denso de tierra firme no arbolado,3,32,321,3211,32111,321111,SI,"Landsat_2024_mediana_28042025, L9_657_20240412, L9_557_20240225","GoogleEarth, BingMaps, Planet Medres Normalized Analytic 2024-01 Mosaic",false,0,,,,,mas_de_5_km,,0,0,0,,,,,mas_de_5_km,,0,,,,,,
1d0d4769859ec6fba95ba450,2026-10-04T13:41-05:00,2026-10-04T18:41:00Z,2026-10-04,4.44929,-69.86277,VIIRS-NOAA-21,NOAA-21,VIIRS,72.2,12.3,10,Nominal,D,0.45,0.63,true,true,Puntos_de_calor_Colombia_2026-10-04.csv,2026-10-06T06:27:43Z,99,Vichada,99773,Cumaribo,asignado,cache_geometrico,false,0,,,,asignado,321111,3.2.1.1.1.1.  Herbazal denso de tierra firme no arbolado,3,32,321,3211,32111,321111,SI,Landsat_2024_mediana_28042025,"GoogleEarth, BingMaps",true,1,502720,,,"GRAVAS, RECEBO",mas_de_5_km,,0,0,0,,,,,mas_de_5_km,,0,,,,,,
1dfd5ba55935ae3bba7208ad,2026-10-04T13:41-05:00,2026-10-04T18:41:00Z,2026-10-04,3.57877,-75.09347,VIIRS-NOAA-21,NOAA-21,VIIRS,67.3,19.6,2.2,Nominal,D,0.38,0.44,true,true,Puntos_de_calor_Colombia_2026-10-04.csv,2026-10-06T06:27:43Z,73,Tolima,73483,Natagaima,asignado,cache_geometrico,false,0,,,,asignado,511,5.1.1. Ríos,5,51,511,,,,SI,Landsat_2024_mediana_28042025,"Sentinel_2024_mediana_11042025, GoogleMaps, GoogleEarth",false,0,,,,,entre_1_y_5_km,2706.40,6,0,6,LAM1312|LAM0022|LAM0170|LAM0069,Construcción variante El Guamo – variante Espinal y variante Natagaima|OLEODUCTO DEL VALLE DEL MAGDALENA TENAY VASCONIA COVEÑAS|POLIDUCTO GUALANDAY NATAGAIMA (CRUCE RIO SALDAÑA)|OPERACIÓN Y MANTENIMIENTO DEL GASODUCTO CENTRO ORIENTE|Construcción de la Variante Natagaima,AUTOVÍA NEIVA GIRARDOT S.A.S.|HOCOL S.A.|ECOPETROL S.A.|TRANSPORTADORA DE GAS INTERNACIONAL TGI SA ESP|Autovía Neiva Girardot SAS,linea,dentro,0.00,1,0785,VSM 36,NO APLICA,PAREX RESOURCES (COLOMBIA) AG,EXPLORACION,CONTRATO DE EXPLORACION Y PRODUCCION (E&P)
1ea2398242e60c862dcb7fee,2026-10-04T13:41-05:00,2026-10-04T18:41:00Z,2026-10-04,3.74552,-71.33329,VIIRS-NOAA-21,NOAA-21,VIIRS,66.7,20.8,5.9,Nominal,D,0.35,0.56,true,true,Puntos_de_calor_Colombia_2026-10-04.csv,2026-10-06T06:27:43Z,50,Meta,50568,Puerto Gaitán,asignado,cache_geometrico,false,0,,,,asignado,321111,3.2.1.1.1.1.  Herbazal denso de tierra firme no arbolado,3,32,321,3211,32111,321111,SI,Landsat_2024_mediana_28042025,"GoogleEarth, BingMaps",false,0,,,,,dentro,0.00,4,1,3,LAM0019|LAM0066,"Explotación de hidrocarburos Campo Rubiales|CAMPO RUBIALES|EXPLORACION POZOS RUBIALES 18, 19, 20, 21, 22, 23, 24 Y 25 (PAVIMENTACION BONGA -P G|EIA Mod L. G. Campo Rubiales",Ecopetrol S.A.|META PETROLEUM CORP|COPLEX COLOMBIA LIMITED|ECOPETROL S.A.,poligono,dentro,0.00,1,0366,RUBIALES,RUBIALES,ECOPETROL S.A.,PRODUCCION,CONVENIO DE EXPLOTACION
27154024a4684181433b2cf1,2026-10-04T13:41-05:00,2026-10-04T18:41:00Z,2026-10-04,4.7982,-68.0301,VIIRS-NOAA-21,NOAA-21,VIIRS,68.3,18.2,14,Nominal,D,0.61,0.71,true,true,Puntos_de_calor_Colombia_2026-10-04.csv,2026-10-06T06:27:43Z,99,Vichada,99773,Cumaribo,asignado,cache_geometrico,false,0,,,,asignado,32121,3.2.1.2.1. Herbazal abierto arenoso,3,32,321,3212,32121,,SI,L9_457_20240109,Mosaico Sentinel-2_L2A_False_color 2024-01-24-00_00_2024-01-24-23_59_,true,1,Bloque882,,,,mas_de_5_km,,0,0,0,,,,,mas_de_5_km,,0,,,,,,
2f37f7032a903b096bcdb0b8,2026-10-04T13:41-05:00,2026-10-04T18:41:00Z,2026-10-04,3.74597,-71.33015,VIIRS-NOAA-21,NOAA-21,VIIRS,65.9,20.6,6.4,Nominal,D,0.35,0.56,true,true,Puntos_de_calor_Colombia_2026-10-04.csv,2026-10-06T06:27:43Z,50,Meta,50568,Puerto Gaitán,asignado,cache_geometrico,false,0,,,,asignado,321111,3.2.1.1.1.1.  Herbazal denso de tierra firme no arbolado,3,32,321,3211,32111,321111,SI,Landsat_2024_mediana_28042025,"GoogleEarth, BingMaps",false,0,,,,,dentro,0.00,4,1,3,LAM0019|LAM0066,"Explotación de hidrocarburos Campo Rubiales|CAMPO RUBIALES|EXPLORACION POZOS RUBIALES 18, 19, 20, 21, 22, 23, 24 Y 25 (PAVIMENTACION BONGA -P G|EIA Mod L. G. Campo Rubiales",Ecopetrol S.A.|META PETROLEUM CORP|COPLEX COLOMBIA LIMITED|ECOPETROL S.A.,poligono,dentro,0.00,1,0366,RUBIALES,RUBIALES,ECOPETROL S.A.,PRODUCCION,CONVENIO DE EXPLOTACION
35b0f308baed3bc978d7b6a1,2026-10-04T13:41-05:00,2026-10-04T18:41:00Z,2026-10-04,4.35655,-69.8781,VIIRS-NOAA-21,NOAA-21,VIIRS,67.8,17.6,8.8,Nominal,D,0.45,0.63,true,true,Puntos_de_calor_Colombia_2026-10-04.csv,2026-10-06T06:27:43Z,99,Vichada,99773,Cumaribo,asignado,cache_geometrico,false,0,,,,asignado,321111,3.2.1.1.1.1.  Herbazal denso de tierra firme no arbolado,3,32,321,3211,32111,321111,SI,L9_557_20240225,Mosaico Sentinel-2_L2A_False_color 2024-01-27-00_00_2024-01-27-23_59,false,0,,,,,mas_de_5_km,,0,0,0,,,,,mas_de_5_km,,0,,,,,,
38adaf8c4fcbebae8de00fd8,2026-10-04T13:41-05:00,2026-10-04T18:41:00Z,2026-10-04,4.20446,-70.17058,VIIRS-NOAA-21,NOAA-21,VIIRS,60.6,12.6,4.8,Nominal,D,0.42,0.61,true,true,Puntos_de_calor_Colombia_2026-10-04.csv,2026-10-06T06:27:43Z,99,Vichada,99773,Cumaribo,asignado,cache_geometrico,false,0,,,,asignado,321111,3.2.1.1.1.1.  Herbazal denso de tierra firme no arbolado,3,32,321,3211,32111,321111,SI,"Landsat_2024_mediana_28042025, L9_657_20240412","GoogleEarth, BingMaps, Planet Medres Normalized Analytic 2024-01 Mosaic",false,0,,,,,mas_de_5_km,,0,0,0,,,,,mas_de_5_km,,0,,,,,,
39b7f9c6ab9eca09a90cfc9b,2026-10-04T13:41-05:00,2026-10-04T18:41:00Z,2026-10-04,4.79141,-68.03158,VIIRS-NOAA-21,NOAA-21,VIIRS,77.6,18.5,14.1,Nominal,D,0.61,0.71,true,true,Puntos_de_calor_Colombia_2026-10-04.csv,2026-10-06T06:27:43Z,99,Vichada,99773,Cumaribo,asignado,cache_geometrico,false,0,,,,asignado,32121,3.2.1.2.1. Herbazal abierto arenoso,3,32,321,3212,32121,,SI,L9_457_20240109,Mosaico Sentinel-2_L2A_False_color 2024-01-24-00_00_2024-01-24-23_59_,true,1,Bloque882,,,,mas_de_5_km,,0,0,0,,,,,mas_de_5_km,,0,,,,,,
3bb9dfcfdb80afeba8d6ab0f,2026-10-04T13:41-05:00,2026-10-04T18:41:00Z,2026-10-04,4.44816,-69.86257,VIIRS-NOAA-21,NOAA-21,VIIRS,64.3,13.9,9.2,Nominal,D,0.45,0.63,true,true,Puntos_de_calor_Colombia_2026-10-04.csv,2026-10-06T06:27:43Z,99,Vichada,99773,Cumaribo,asignado,cache_geometrico,false,0,,,,asignado,321111,3.2.1.1.1.1.  Herbazal denso de tierra firme no arbolado,3,32,321,3211,32111,321111,SI,Landsat_2024_mediana_28042025,"GoogleEarth, BingMaps",true,1,502720,,,"GRAVAS, RECEBO",mas_de_5_km,,0,0,0,,,,,mas_de_5_km,,0,,,,,,
3d1e5d3471d1e89e9b997060,2026-10-04T13:41-05:00,2026-10-04T18:41:00Z,2026-10-04,3.80332,-75.41575,VIIRS-NOAA-21,NOAA-21,VIIRS,65,27.2,11.5,Nominal,D,0.56,0.43,true,true,Puntos_de_calor_Colombia_2026-10-04.csv,2026-10-06T06:27:43Z,73,Tolima,73168,Chaparral,asignado,cache_geometrico,false,0,,,,asignado,231,2.3.1. Pastos limpios,2,23,231,,,,SI,Landsat_2024_mediana_28042025,,true,1,BLOQUE 650,,,ZONAS RESERVADAS CON POTENCIAL - BLOQUE 650,dentro,0.00,2,0,2,LAM2932,CAMPO PAUTA1|LICENCIA AMBIENTAL CAMPO PAUTA Y BLOQUE CHAPARRAL.,VETRA EXPLORACIÓN Y PRODUCCIÓN COLOMBIA S.A.S,poligono,dentro,0.00,1,0020,CHAPARRAL,NO APLICA,ECOPETROL S.A.,PRODUCCION,CONTRATO DE ASOCIACION CON ECOPETROL
3fa7d409fbe1f95fb4beffbb,2026-10-04T13:41-05:00,2026-10-04T18:41:00Z,2026-10-04,4.15149,-70.46914,VIIRS-NOAA-21,NOAA-21,VIIRS,63.7,14.8,3.6,Nominal,D,0.4,0.6,true,true,Puntos_de_calor_Colombia_2026-10-04.csv,2026-10-06T06:27:43Z,99,Vichada,99773,Cumaribo,asignado,cache_geometrico,false,0,,,,asignado,321111,3.2.1.1.1.1.  Herbazal denso de tierra firme no arbolado,3,32,321,3211,32111,321111,SI,"Landsat_2024_mediana_28042025, L9_657_20240412, L9_557_20240225","GoogleEarth, BingMaps, Planet Medres Normalized Analytic 2024-01 Mosaic",false,0,,,,,mas_de_5_km,,0,0,0,,,,,mas_de_5_km,,0,,,,,,
408a68ce8fef59f6c8db5a4a,2026-10-04T13:41-05:00,2026-10-04T18:41:00Z,2026-10-04,4.69697,-69.49431,VIIRS-NOAA-21,NOAA-21,VIIRS,60.7,17.6,7.9,Nominal,D,0.48,0.65,true,true,Puntos_de_calor_Colombia_2026-10-04.csv,2026-10-06T06:27:43Z,99,Vichada,99773,Cumaribo,asignado,cache_geometrico,false,0,,,,asignado,314,3.1.4. Bosque de galería y ripario,3,31,314,,,,SI,Landsat_2024_mediana_28042025,"GoogleEarth, BingMaps",false,0,,,,,mas_de_5_km,,0,0,0,,,,,mas_de_5_km,,0,,,,,,
425960e71bfb17edc0ebf4d1,2026-10-04T13:41-05:00,2026-10-04T18:41:00Z,2026-10-04,4.63694,-70.09473,VIIRS-NOAA-21,NOAA-21,VIIRS,70.2,13.2,8.5,Nominal,D,0.44,0.62,true,true,Puntos_de_calor_Colombia_2026-10-04.csv,2026-10-06T06:27:43Z,99,Vichada,99773,Cumaribo,asignado,cache_geometrico,false,0,,,,asignado,321111,3.2.1.1.1.1.  Herbazal denso de tierra firme no arbolado,3,32,321,3211,32111,321111,SI,Landsat_2024_mediana_28042025,GoogleEarth,false,0,,,,,mas_de_5_km,,0,0,0,,,,,mas_de_5_km,,0,,,,,,
42eec3750c00e1b7b6db754b,2026-10-04T13:41-05:00,2026-10-04T18:41:00Z,2026-10-04,4.66067,-68.50301,VIIRS-NOAA-21,NOAA-21,VIIRS,63.4,17.3,11.8,Nominal,D,0.56,0.69,true,true,Puntos_de_calor_Colombia_2026-10-04.csv,2026-10-06T06:27:43Z,99,Vichada,99773,Cumaribo,asignado,cache_geometrico,false,0,,,,asignado,321111,3.2.1.1.1.1.  Herbazal denso de tierra firme no arbolado,3,32,321,3211,32111,321111,SI,L9_457_20240109,Mosaico Sentinel-2_L2A_False_color 2024-01-24-00_00_2024-01-24-23_59_,true,1,BLOQUE 895,,,,mas_de_5_km,,0,0,0,,,,,mas_de_5_km,,0,,,,,,
43fffa44a76f461dcd83d1e9,2026-10-04T13:41-05:00,2026-10-04T18:41:00Z,2026-10-04,1.43463,-77.1192,VIIRS-NOAA-21,NOAA-21,VIIRS,67.9,34.3,7.4,Nominal,D,0.43,0.38,true,true,Puntos_de_calor_Colombia_2026-10-04.csv,2026-10-06T06:27:43Z,52,Nariño,52110,Buesaco,asignado,cache_geometrico,false,0,,,,asignado,231,2.3.1. Pastos limpios,2,23,231,,,,SI,Landsat_2024_mediana_28042025,,false,0,,,,,mas_de_5_km,,0,0,0,,,,,mas_de_5_km,,0,,,,,,
44a8c61044b41e32844773df,2026-10-04T13:41-05:00,2026-10-04T18:41:00Z,2026-10-04,4.13555,-71.01061,VIIRS-NOAA-21,NOAA-21,VIIRS,59.6,18.3,2.4,Nominal,D,0.37,0.58,true,true,Puntos_de_calor_Colombia_2026-10-04.csv,2026-10-06T06:27:43Z,99,Vichada,99773,Cumaribo,asignado,cache_geometrico,false,0,,,,asignado,321111,3.2.1.1.1.1.  Herbazal denso de tierra firme no arbolado,3,32,321,3211,32111,321111,SI,Landsat_2024_mediana_28042025,"GoogleEarth, BingMaps",false,0,,,,,dentro,0.00,1,0,1,LAV0090-00-2014,ÁREA DE PERFORACIÓN EXPLORATORIA CPO-8 SUR,ECOPETROL S.A.,poligono,mas_de_5_km,,0,,,,,,
44e081a47b21da1b7f24abf6,2026-10-04T13:41-05:00,2026-10-04T18:41:00Z,2026-10-04,4.75993,-71.14657,VIIRS-NOAA-21,NOAA-21,VIIRS,67.8,14,5.2,Nominal,D,0.37,0.58,true,true,Puntos_de_calor_Colombia_2026-10-04.csv,2026-10-06T06:27:43Z,50,Meta,50568,Puerto Gaitán,asignado,cache_geometrico,false,0,,,,asignado,321121,3.2.1.1.2.1. Herbazal denso inundable no arbolado,3,32,321,3211,32112,321121,SI,Landsat_2024_mediana_28042025,Basemap,false,0,,,,,dentro,0.00,5,0,5,LAM3338|LAM3798|LAM3607,PERFORACIÓN EXPLORATORIA ÁREA DE INTERÉS CABIONA|AREA DE INTERES DE PERFORACION EXPLORATORIA CABIONA|AREA DE PERFORACION EXPLORATORIA CABIONA NORESTE|AREA DE DESARROLLO LAS GARZAS|AREA DE PERFORACION EXPLORATORIA LAS GARZAS,NEW GRANADA ENERGY CORPORATION SUCURSAL COLOMBIANA|NEW GRANADA ENERGY CORPORATION SUCURSAL COLOMBIA,poligono,entre_1_y_5_km,3798.29,1,0072,CABIONA,CABIONA B,NEW GRANADA ENERGY CORPORATION,PRODUCCION,CONTRATO DE EXPLORACION Y EXPLOTACION (E&E)
530fbc34a26af66a09d4cf7d,2026-10-04T13:41-05:00,2026-10-04T18:41:00Z,2026-10-04,4.06361,-70.5313,VIIRS-NOAA-21,NOAA-21,VIIRS,66.4,11.5,4.2,Nominal,D,0.4,0.6,true,true,Puntos_de_calor_Colombia_2026-10-04.csv,2026-10-06T06:27:43Z,99,Vichada,99773,Cumaribo,asignado,cache_geometrico,false,0,,,,asignado,321111,3.2.1.1.1.1.  Herbazal denso de tierra firme no arbolado,3,32,321,3211,32111,321111,SI,"Landsat_2024_mediana_28042025, L9_657_20240412, L9_557_20240225","GoogleEarth, BingMaps, Planet Medres Normalized Analytic 2024-01 Mosaic",false,0,,,,,mas_de_5_km,,0,0,0,,,,,mas_de_5_km,,0,,,,,,
567134a0d3afc523070f9d65,2026-10-04T13:41-05:00,2026-10-04T18:41:00Z,2026-10-04,4.09952,-70.66924,VIIRS-NOAA-21,NOAA-21,VIIRS,76.3,12.3,9.9,Nominal,D,0.39,0.59,true,true,Puntos_de_calor_Colombia_2026-10-04.csv,2026-10-06T06:27:43Z,99,Vichada,99773,Cumaribo,asignado,cache_geometrico,false,0,,,,asignado,321111,3.2.1.1.1.1.  Herbazal denso de tierra firme no arbolado,3,32,321,3211,32111,321111,SI,"Landsat_2024_mediana_28042025, L9_657_20240412, L9_557_20240225","GoogleEarth, BingMaps, Planet Medres Normalized Analytic 2024-01 Mosaic",false,0,,,,,mas_de_5_km,,0,0,0,,,,,mas_de_5_km,,0,,,,,,
576da41283be3120bd8d9a5a,2026-10-04T13:41-05:00,2026-10-04T18:41:00Z,2026-10-04,3.79898,-74.82258,VIIRS-NOAA-21,NOAA-21,VIIRS,67.3,21.9,9.4,Nominal,D,0.4,0.44,true,true,Puntos_de_calor_Colombia_2026-10-04.csv,2026-10-06T06:27:43Z,73,Tolima,73585,Purificación,asignado,cache_geometrico,false,0,,,,asignado,3222,3.2.2.2. Arbustal abierto,3,32,322,3222,,,SI,Landsat_2024_mediana_28042025,,false,0,,,,,dentro,0.00,1,0,1,LAM4037,CENTRAL HIDROELÉCTRICA HIDROPRADO,EMPRESAS PÚBLICAS DE MEDELLÍN E.S.P. - EPM,poligono,entre_1_y_5_km,2946.02,1,0367,ESPINAL,ESPINAL,HOCOL S.A.,PRODUCCION,CONVENIO DE EXPLOTACION
62f1ac6dee689ac7a4fb46ee,2026-10-04T13:41-05:00,2026-10-04T18:41:00Z,2026-10-04,4.15649,-70.47082,VIIRS-NOAA-21,NOAA-21,VIIRS,59.5,15.1,5.5,Nominal,D,0.4,0.6,true,true,Puntos_de_calor_Colombia_2026-10-04.csv,2026-10-06T06:27:43Z,99,Vichada,99773,Cumaribo,asignado,cache_geometrico,false,0,,,,asignado,321121,3.2.1.1.2.1. Herbazal denso inundable no arbolado,3,32,321,3211,32112,321121,SI,Landsat_2024_mediana_28042025,"GoogleEarth, BingMaps",false,0,,,,,mas_de_5_km,,0,0,0,,,,,mas_de_5_km,,0,,,,,,
6746cd9d25754e16b90599c3,2026-10-04T13:41-05:00,2026-10-04T18:41:00Z,2026-10-04,3.54798,-75.0268,VIIRS-NOAA-21,NOAA-21,VIIRS,64,26,4.8,Nominal,D,0.39,0.44,true,true,Puntos_de_calor_Colombia_2026-10-04.csv,2026-10-06T06:27:43Z,73,Tolima,73483,Natagaima,asignado,cache_geometrico,false,0,,,,asignado,3231,3.2.3.1. Vegetación secundaria alta,3,32,323,3231,,,SI,Landsat_2024_mediana_28042025,,false,0,,,,,mas_de_5_km,,0,0,0,,,,,hasta_1_km,120.05,1,0785,VSM 36,NO APLICA,PAREX RESOURCES (COLOMBIA) AG,EXPLORACION,CONTRATO DE EXPLORACION Y PRODUCCION (E&P)
6f99458e8aa856b15dc103b6,2026-10-04T13:41-05:00,2026-10-04T18:41:00Z,2026-10-04,4.79791,-68.03249,VIIRS-NOAA-21,NOAA-21,VIIRS,70.3,18,14.1,Nominal,D,0.61,0.71,true,true,Puntos_de_calor_Colombia_2026-10-04.csv,2026-10-06T06:27:43Z,99,Vichada,99773,Cumaribo,asignado,cache_geometrico,false,0,,,,asignado,32121,3.2.1.2.1. Herbazal abierto arenoso,3,32,321,3212,32121,,SI,L9_457_20240109,Mosaico Sentinel-2_L2A_False_color 2024-01-24-00_00_2024-01-24-23_59_,true,1,Bloque882,,,,mas_de_5_km,,0,0,0,,,,,mas_de_5_km,,0,,,,,,
72aa81137824d342cb899e7e,2026-10-04T13:41-05:00,2026-10-04T18:41:00Z,2026-10-04,3.87784,-71.19738,VIIRS-NOAA-21,NOAA-21,VIIRS,57.9,21.8,9.2,Nominal,D,0.36,0.57,true,true,Puntos_de_calor_Colombia_2026-10-04.csv,2026-10-06T06:27:43Z,50,Meta,50568,Puerto Gaitán,asignado,cache_geometrico,false,0,,,,asignado,321111,3.2.1.1.1.1.  Herbazal denso de tierra firme no arbolado,3,32,321,3211,32111,321111,SI,"Landsat_2024_mediana_28042025, L9_657_20240412, L9_557_20240225","GoogleEarth, BingMaps, Planet Medres Normalized Analytic 2024-01 Mosaic",false,0,,,,,entre_1_y_5_km,2653.06,1,0,1,LAM3340,"AREA DE PERFORACION EXPLORATORIA ""QUIFA""",META PETROLEUM CORP,poligono,mas_de_5_km,,0,,,,,,
75586a687c6d1cb9464287c5,2026-10-04T13:41-05:00,2026-10-04T18:41:00Z,2026-10-04,1.43697,-77.11949,VIIRS-NOAA-21,NOAA-21,VIIRS,71.4,34.8,7,Nominal,D,0.43,0.38,true,true,Puntos_de_calor_Colombia_2026-10-04.csv,2026-10-06T06:27:43Z,52,Nariño,52110,Buesaco,asignado,cache_geometrico,false,0,,,,asignado,231,2.3.1. Pastos limpios,2,23,231,,,,SI,Landsat_2024_mediana_28042025,,false,0,,,,,mas_de_5_km,,0,0,0,,,,,mas_de_5_km,,0,,,,,,
9a08a83b049480c5402bc737,2026-10-04T13:41-05:00,2026-10-04T18:41:00Z,2026-10-04,4.7917,-68.02921,VIIRS-NOAA-21,NOAA-21,VIIRS,72.2,18.7,14,Nominal,D,0.61,0.71,true,true,Puntos_de_calor_Colombia_2026-10-04.csv,2026-10-06T06:27:43Z,99,Vichada,99773,Cumaribo,asignado,cache_geometrico,false,0,,,,asignado,32121,3.2.1.2.1. Herbazal abierto arenoso,3,32,321,3212,32121,,SI,L9_457_20240109,Mosaico Sentinel-2_L2A_False_color 2024-01-24-00_00_2024-01-24-23_59_,true,1,Bloque882,,,,mas_de_5_km,,0,0,0,,,,,mas_de_5_km,,0,,,,,,
9df95bbdc53038ea845c7fd2,2026-10-04T13:41-05:00,2026-10-04T18:41:00Z,2026-10-04,4.6229,-68.65131,VIIRS-NOAA-21,NOAA-21,VIIRS,57.5,17,5,Nominal,D,0.55,0.68,true,true,Puntos_de_calor_Colombia_2026-10-04.csv,2026-10-06T06:27:43Z,99,Vichada,99773,Cumaribo,asignado,cache_geometrico,false,0,,,,asignado,31111,3.1.1.1.1. Bosque denso alto de tierra firme,3,31,311,3111,31111,,SI,L9_457_20240109,Web Maps (Bing/ArcGIS/Google),true,1,BLOQUE 895,,,,mas_de_5_km,,0,0,0,,,,,mas_de_5_km,,0,,,,,,
b6517261c99b620d89a0f5ae,2026-10-04T13:41-05:00,2026-10-04T18:41:00Z,2026-10-04,4.78442,-68.03385,VIIRS-NOAA-21,NOAA-21,VIIRS,93.9,18.2,17.6,Alta,D,0.61,0.71,true,true,Puntos_de_calor_Colombia_2026-10-04.csv,2026-10-06T06:27:43Z,99,Vichada,99773,Cumaribo,asignado,cache_geometrico,false,0,,,,asignado,31111,3.1.1.1.1. Bosque denso alto de tierra firme,3,31,311,3111,31111,,SI,L9_457_20240109,Mosaico Sentinel-2_L2A_False_color 2024-01-24-00_00_2024-01-24-23_59_,true,1,Bloque882,,,,mas_de_5_km,,0,0,0,,,,,mas_de_5_km,,0,,,,,,
be99efb72114b1a958c6bd37,2026-10-04T13:41-05:00,2026-10-04T18:41:00Z,2026-10-04,4.44715,-69.53781,VIIRS-NOAA-21,NOAA-21,VIIRS,59.8,17.4,4.5,Nominal,D,0.47,0.64,true,true,Puntos_de_calor_Colombia_2026-10-04.csv,2026-10-06T06:27:43Z,99,Vichada,99773,Cumaribo,asignado,cache_geometrico,false,0,,,,asignado,321121,3.2.1.1.2.1. Herbazal denso inundable no arbolado,3,32,321,3211,32112,321121,SI,L9_557_20240225,Mosaico Sentinel-2_L2A_False_color 2024-01-27-00_00_2024-01-27-23_59,false,0,,,,,mas_de_5_km,,0,0,0,,,,,mas_de_5_km,,0,,,,,,
bee98ba34c1295a1918cabe5,2026-10-04T13:41-05:00,2026-10-04T18:41:00Z,2026-10-04,3.96707,-71.13603,VIIRS-NOAA-21,NOAA-21,VIIRS,57.1,17,1.6,Nominal,D,0.36,0.57,true,true,Puntos_de_calor_Colombia_2026-10-04.csv,2026-10-06T06:27:43Z,50,Meta,50568,Puerto Gaitán,asignado,cache_geometrico,false,0,,,,asignado,321121,3.2.1.1.2.1. Herbazal denso inundable no arbolado,3,32,321,3211,32112,321121,SI,Landsat_2024_mediana_28042025,GoogleEarth,false,0,,,,,mas_de_5_km,,0,0,0,,,,,mas_de_5_km,,0,,,,,,
c0a8bf09c1e3007e1eca9cba,2026-10-04T13:41-05:00,2026-10-04T18:41:00Z,2026-10-04,4.15924,-75.03711,VIIRS-NOAA-21,NOAA-21,VIIRS,63.2,17.8,7.1,Nominal,D,0.39,0.44,true,true,Puntos_de_calor_Colombia_2026-10-04.csv,2026-10-06T06:27:43Z,73,Tolima,73319,Guamo,asignado,cache_geometrico,false,0,,,,asignado,2231,2.2.3.1. Otros cultivos permanentes arbóreos,2,22,223,2231,,,SI,Landsat_2024_mediana_28042025,,false,0,,,,,dentro,0.00,5,0,5,LAM2537|LAM4750|LAM0081|LAM0138,"BLOQUE EXPLORATORIO BUGANVILES|BLOQUE DE DESARROLLO BUGANVILES|PLAN DE MANEJO AMBIENTAL DEL SISTEMA DE TRANSPORTE DE HIDROCARBUROS TOLDADO-GUALANDAY|Sistema de Transporte de Hidrocarburos ""Toldado - Gualanday""|GASODUCTO MONTAÑUELO - GUALANDAY",PETRODORADO SOUTH AMERICA S.A. SUCURSAL COLOMBIA|PACIFIC STRATUS ENERGY COLOMBIA CORP|ECOPETROL S.A.|CENIT S.A.S|TRANSPORTADORA DE GAS INTERNACIONAL TGI SA ESP,poligono|linea,dentro,0.00,3,0039|0038|0554,BUGANVILES|CHIPALO|VSM 4,NO APLICA,FRONTERA ENERGY COLOMBIA CORP.|LAS QUINCHAS RESOURCES CORP|MAUREL AND PROM COLOMBIA B.V.,PRODUCCION|EXPLORACION,CONTRATO DE ASOCIACION CON ECOPETROL|CONTRATO DE EXPLORACION Y PRODUCCION (E&P)
c33269f10b214a0f5187e76e,2026-10-04T13:41-05:00,2026-10-04T18:41:00Z,2026-10-04,2.31519,-76.90788,VIIRS-NOAA-21,NOAA-21,VIIRS,65.7,29.5,6.5,Nominal,D,0.44,0.39,true,true,Puntos_de_calor_Colombia_2026-10-04.csv,2026-10-06T06:27:43Z,19,Cauca,19256,El Tambo,asignado,cache_geometrico,false,0,,,,asignado,3232,3.2.3.2. Vegetación secundaria baja,3,32,323,3232,,,SI,Landsat_2024_mediana_28042025,,false,0,,,,,mas_de_5_km,,0,0,0,,,,,mas_de_5_km,,0,,,,,,
c60dfb7e2c8067b08776284b,2026-10-04T13:41-05:00,2026-10-04T18:41:00Z,2026-10-04,3.54499,-75.01941,VIIRS-NOAA-21,NOAA-21,VIIRS,67.7,23.7,10,Nominal,D,0.39,0.44,true,true,Puntos_de_calor_Colombia_2026-10-04.csv,2026-10-06T06:27:43Z,73,Tolima,73483,Natagaima,asignado,cache_geometrico,false,0,,,,asignado,321113,3.2.1.1.1.3.  Herbazal denso de tierra firme con arbustos,3,32,321,3211,32111,321113,SI,Landsat_2024_mediana_28042025,,false,0,,,,,mas_de_5_km,,0,0,0,,,,,hasta_1_km,451.45,1,0785,VSM 36,NO APLICA,PAREX RESOURCES (COLOMBIA) AG,EXPLORACION,CONTRATO DE EXPLORACION Y PRODUCCION (E&P)
cb3d7e60c7545cb4070dffd5,2026-10-04T13:41-05:00,2026-10-04T18:41:00Z,2026-10-04,3.54846,-75.02353,VIIRS-NOAA-21,NOAA-21,VIIRS,70.3,26.5,10,Nominal,D,0.39,0.44,true,true,Puntos_de_calor_Colombia_2026-10-04.csv,2026-10-06T06:27:43Z,73,Tolima,73483,Natagaima,asignado,cache_geometrico,false,0,,,,asignado,321113,3.2.1.1.1.3.  Herbazal denso de tierra firme con arbustos,3,32,321,3211,32111,321113,SI,Landsat_2024_mediana_28042025,,true,1,GJO-158,,Sin Información,MINERAL DE COBRE\ DEMAS_CONCESIBLES\ ASOCIADOS\ ORO,mas_de_5_km,,0,0,0,,,,,hasta_1_km,67.35,1,0785,VSM 36,NO APLICA,PAREX RESOURCES (COLOMBIA) AG,EXPLORACION,CONTRATO DE EXPLORACION Y PRODUCCION (E&P)
cc9bde380a41d76d43ea8e5c,2026-10-04T13:41-05:00,2026-10-04T18:41:00Z,2026-10-04,4.69574,-69.50291,VIIRS-NOAA-21,NOAA-21,VIIRS,60,16.4,14.6,Nominal,D,0.48,0.65,true,true,Puntos_de_calor_Colombia_2026-10-04.csv,2026-10-06T06:27:43Z,99,Vichada,99773,Cumaribo,asignado,cache_geometrico,false,0,,,,asignado,321111,3.2.1.1.1.1.  Herbazal denso de tierra firme no arbolado,3,32,321,3211,32111,321111,SI,Landsat_2024_mediana_28042025,"GoogleEarth, BingMaps",false,0,,,,,mas_de_5_km,,0,0,0,,,,,mas_de_5_km,,0,,,,,,
d23b07bb88144b1df56f490a,2026-10-04T13:41-05:00,2026-10-04T18:41:00Z,2026-10-04,4.79092,-68.0347,VIIRS-NOAA-21,NOAA-21,VIIRS,61.8,18.5,18.9,Nominal,D,0.61,0.71,true,true,Puntos_de_calor_Colombia_2026-10-04.csv,2026-10-06T06:27:43Z,99,Vichada,99773,Cumaribo,asignado,cache_geometrico,false,0,,,,asignado,32121,3.2.1.2.1. Herbazal abierto arenoso,3,32,321,3212,32121,,SI,L9_457_20240109,Mosaico Sentinel-2_L2A_False_color 2024-01-24-00_00_2024-01-24-23_59_,true,1,Bloque882,,,,mas_de_5_km,,0,0,0,,,,,mas_de_5_km,,0,,,,,,
d2fd4881a46048a35fa35657,2026-10-04T13:41-05:00,2026-10-04T18:41:00Z,2026-10-04,4.76524,-71.14733,VIIRS-NOAA-21,NOAA-21,VIIRS,63.6,11,5.7,Nominal,D,0.37,0.58,true,true,Puntos_de_calor_Colombia_2026-10-04.csv,2026-10-06T06:27:43Z,50,Meta,50568,Puerto Gaitán,asignado,cache_geometrico,false,0,,,,asignado,321111,3.2.1.1.1.1.  Herbazal denso de tierra firme no arbolado,3,32,321,3211,32111,321111,SI,Landsat_2024_mediana_28042025,Basemap,false,0,,,,,dentro,0.00,5,0,5,LAM3338|LAM3798|LAM3607,PERFORACIÓN EXPLORATORIA ÁREA DE INTERÉS CABIONA|AREA DE INTERES DE PERFORACION EXPLORATORIA CABIONA|AREA DE PERFORACION EXPLORATORIA CABIONA NORESTE|AREA DE DESARROLLO LAS GARZAS|AREA DE PERFORACION EXPLORATORIA LAS GARZAS,NEW GRANADA ENERGY CORPORATION SUCURSAL COLOMBIANA|NEW GRANADA ENERGY CORPORATION SUCURSAL COLOMBIA,poligono,entre_1_y_5_km,4343.36,1,0072,CABIONA,CABIONA B,NEW GRANADA ENERGY CORPORATION,PRODUCCION,CONTRATO DE EXPLORACION Y EXPLOTACION (E&E)
d3895740a74123c76dc8ba76,2026-10-04T13:41-05:00,2026-10-04T18:41:00Z,2026-10-04,4.38582,-67.80058,VIIRS-NOAA-21,NOAA-21,VIIRS,58.1,16.3,5.8,Nominal,D,0.62,0.72,true,true,Puntos_de_calor_Colombia_2026-10-04.csv,2026-10-06T06:27:43Z,99,Vichada,99773,Cumaribo,asignado,cache_geometrico,false,0,,,,asignado,321121,3.2.1.1.2.1. Herbazal denso inundable no arbolado,3,32,321,3211,32112,321121,SI,L9_457_20240109,Mosaico Sentinel-2_L2A_False_color 2024-01-24-00_00_2024-01-24-23_59_,false,0,,,,,mas_de_5_km,,0,0,0,,,,,mas_de_5_km,,0,,,,,,
d6dfb9da5bedcf3b62f214d5,2026-10-04T13:41-05:00,2026-10-04T18:41:00Z,2026-10-04,3.54895,-75.02025,VIIRS-NOAA-21,NOAA-21,VIIRS,69,28.3,10,Nominal,D,0.39,0.44,true,true,Puntos_de_calor_Colombia_2026-10-04.csv,2026-10-06T06:27:43Z,73,Tolima,73483,Natagaima,asignado,cache_geometrico,false,0,,,,asignado,321113,3.2.1.1.1.3.  Herbazal denso de tierra firme con arbustos,3,32,321,3211,32111,321113,SI,Landsat_2024_mediana_28042025,,true,1,GJO-158,,Sin Información,MINERAL DE COBRE\ DEMAS_CONCESIBLES\ ASOCIADOS\ ORO,mas_de_5_km,,0,0,0,,,,,hasta_1_km,13.54,1,0785,VSM 36,NO APLICA,PAREX RESOURCES (COLOMBIA) AG,EXPLORACION,CONTRATO DE EXPLORACION Y PRODUCCION (E&P)
dcf5e6f2b8ac33840e4fb0f2,2026-10-04T13:41-05:00,2026-10-04T18:41:00Z,2026-10-04,4.41027,-68.91115,VIIRS-NOAA-21,NOAA-21,VIIRS,56.6,17,5.5,Nominal,D,0.52,0.67,true,true,Puntos_de_calor_Colombia_2026-10-04.csv,2026-10-06T06:27:43Z,99,Vichada,99773,Cumaribo,asignado,cache_geometrico,false,0,,,,asignado,31111,3.1.1.1.1. Bosque denso alto de tierra firme,3,31,311,3111,31111,,SI,"Landsat_2024_mediana_28042025, L9_557_20240225","GoogleEarth, BingMaps, Mosaico Sentinel-2_L2A_False_color 2024-01-24-00_00_2024-01-24-23_59_",true,1,Bloque886,,,,mas_de_5_km,,0,0,0,,,,,mas_de_5_km,,0,,,,,,
de495dcd2dcc849ed0028f1a,2026-10-04T13:41-05:00,2026-10-04T18:41:00Z,2026-10-04,3.87694,-71.20364,VIIRS-NOAA-21,NOAA-21,VIIRS,72.3,21.3,12,Nominal,D,0.36,0.57,true,true,Puntos_de_calor_Colombia_2026-10-04.csv,2026-10-06T06:27:43Z,50,Meta,50568,Puerto Gaitán,asignado,cache_geometrico,false,0,,,,asignado,321111,3.2.1.1.1.1.  Herbazal denso de tierra firme no arbolado,3,32,321,3211,32111,321111,SI,"Landsat_2024_mediana_28042025, L9_657_20240412, L9_557_20240225","GoogleEarth, BingMaps, Planet Medres Normalized Analytic 2024-01 Mosaic",false,0,,,,,entre_1_y_5_km,1958.27,1,0,1,LAM3340,"AREA DE PERFORACION EXPLORATORIA ""QUIFA""",META PETROLEUM CORP,poligono,mas_de_5_km,,0,,,,,,
e420c29b555210ac23c5a54e,2026-10-04T13:41-05:00,2026-10-04T18:41:00Z,2026-10-04,4.62062,-69.5663,VIIRS-NOAA-21,NOAA-21,VIIRS,63,17.6,5.5,Nominal,D,0.47,0.64,true,true,Puntos_de_calor_Colombia_2026-10-04.csv,2026-10-06T06:27:43Z,99,Vichada,99773,Cumaribo,asignado,cache_geometrico,false,0,,,,asignado,321111,3.2.1.1.1.1.  Herbazal denso de tierra firme no arbolado,3,32,321,3211,32111,321111,SI,Landsat_2024_mediana_28042025,"GoogleEarth, BingMaps",false,0,,,,,mas_de_5_km,,0,0,0,,,,,mas_de_5_km,,0,,,,,,
e5b2352ea3758494ce99920a,2026-10-04T13:41-05:00,2026-10-04T18:41:00Z,2026-10-04,4.10003,-70.66573,VIIRS-NOAA-21,NOAA-21,VIIRS,59.2,11.4,10.4,Nominal,D,0.39,0.59,true,true,Puntos_de_calor_Colombia_2026-10-04.csv,2026-10-06T06:27:43Z,99,Vichada,99773,Cumaribo,asignado,cache_geometrico,false,0,,,,asignado,314,3.1.4. Bosque de galería y ripario,3,31,314,,,,SI,Landsat_2024_mediana_28042025,"GoogleEarth, BingMaps",false,0,,,,,mas_de_5_km,,0,0,0,,,,,mas_de_5_km,,0,,,,,,
e663afd496b2fb701b3925ec,2026-10-04T13:41-05:00,2026-10-04T18:41:00Z,2026-10-04,4.66767,-68.49879,VIIRS-NOAA-21,NOAA-21,VIIRS,80.7,18,11.8,Nominal,D,0.56,0.69,true,true,Puntos_de_calor_Colombia_2026-10-04.csv,2026-10-06T06:27:43Z,99,Vichada,99773,Cumaribo,asignado,cache_geometrico,false,0,,,,asignado,32121,3.2.1.2.1. Herbazal abierto arenoso,3,32,321,3212,32121,,SI,L9_457_20240109,Mosaico Sentinel-2_L2A_False_color 2024-01-24-00_00_2024-01-24-23_59_,true,1,BLOQUE 895,,,,mas_de_5_km,,0,0,0,,,,,mas_de_5_km,,0,,,,,,
ee1405b6f318e687986afd84,2026-10-04T13:41-05:00,2026-10-04T18:41:00Z,2026-10-04,1.43412,-77.09943,VIIRS-NOAA-21,NOAA-21,VIIRS,63.4,32.8,4.3,Nominal,D,0.43,0.38,true,true,Puntos_de_calor_Colombia_2026-10-04.csv,2026-10-06T06:27:43Z,52,Nariño,52258,El Tablón De Gómez,asignado,cache_geometrico,false,0,,,,asignado,243,"2.4.3. Mosaico de cultivos, pastos y espacios naturales",2,24,243,,,,SI,Landsat_2024_mediana_28042025,,false,0,,,,,mas_de_5_km,,0,0,0,,,,,mas_de_5_km,,0,,,,,,
f937ad07002c45effded52c5,2026-10-04T13:41-05:00,2026-10-04T18:41:00Z,2026-10-04,4.35787,-69.87824,VIIRS-NOAA-21,NOAA-21,VIIRS,71.5,17.3,9.1,Nominal,D,0.45,0.63,true,true,Puntos_de_calor_Colombia_2026-10-04.csv,2026-10-06T06:27:43Z,99,Vichada,99773,Cumaribo,asignado,cache_geometrico,false,0,,,,asignado,321111,3.2.1.1.1.1.  Herbazal denso de tierra firme no arbolado,3,32,321,3211,32111,321111,SI,L9_557_20240225,Mosaico Sentinel-2_L2A_False_color 2024-01-27-00_00_2024-01-27-23_59,false,0,,,,,mas_de_5_km,,0,0,0,,,,,mas_de_5_km,,0,,,,,,
fb2061e0064166d89ce3a7aa,2026-10-04T13:41-05:00,2026-10-04T18:41:00Z,2026-10-04,4.15097,-70.47011,VIIRS-NOAA-21,NOAA-21,VIIRS,60.5,15.5,5.2,Nominal,D,0.4,0.6,true,true,Puntos_de_calor_Colombia_2026-10-04.csv,2026-10-06T06:27:43Z,99,Vichada,99773,Cumaribo,asignado,cache_geometrico,false,0,,,,asignado,321111,3.2.1.1.1.1.  Herbazal denso de tierra firme no arbolado,3,32,321,3211,32111,321111,SI,"Landsat_2024_mediana_28042025, L9_657_20240412, L9_557_20240225","GoogleEarth, BingMaps, Planet Medres Normalized Analytic 2024-01 Mosaic",false,0,,,,,mas_de_5_km,,0,0,0,,,,,mas_de_5_km,,0,,,,,,
0a536c7592137a1ef1436e1c,2026-10-04T13:43-05:00,2026-10-04T18:43:00Z,2026-10-04,1.79716,-73.87305,VIIRS-NOAA-21,NOAA-21,VIIRS,57.4,19,3.8,Nominal,D,0.43,0.46,true,true,Puntos_de_calor_Colombia_2026-10-04.csv,2026-10-06T06:27:43Z,18,Caquetá,18753,San Vicente Del Caguán,asignado,cache_geometrico,false,0,,,,asignado,334,3.3.4. Zonas quemadas,3,33,334,,,,SI,L9_759_20240115,,false,0,,,,,mas_de_5_km,,0,0,0,,,,,mas_de_5_km,,0,,,,,,
18c86277394d69f2bc7341ce,2026-10-04T13:43-05:00,2026-10-04T18:43:00Z,2026-10-04,7.47471,-73.24506,VIIRS-NOAA-21,NOAA-21,VIIRS,63.6,19.5,7.8,Nominal,D,0.58,0.52,true,true,Puntos_de_calor_Colombia_2026-10-04.csv,2026-10-06T06:27:43Z,68,Santander,68255,El Playón,asignado,cache_geometrico,false,0,,,,asignado,233,2.3.3. Pastos enmalezados,2,23,233,,,,SI,Landsat_2024_mediana_28042025,Sentinel_2024_mediana_11042025,false,0,,,,,mas_de_5_km,,0,0,0,,,,,hasta_1_km,628.31,1,0299,COR 46,NO APLICA,EXXON MOBIL EXPLORATION COLOMBIA LIMITED,EXPLORACION,CONTRATO DE EVALUACION TECNICA ANH
258b2819f929232ab56f7dcf,2026-10-04T13:43-05:00,2026-10-04T18:43:00Z,2026-10-04,9.26145,-73.9065,VIIRS-NOAA-21,NOAA-21,VIIRS,66.5,25.8,10.8,Nominal,D,0.55,0.51,true,true,Puntos_de_calor_Colombia_2026-10-04.csv,2026-10-06T06:27:43Z,20,Cesar,20175,Chimichagua,asignado,cache_geometrico,false,0,,,,asignado,231,2.3.1. Pastos limpios,2,23,231,,,,SI,Landsat_2024_mediana_28042025,,false,0,,,,,entre_1_y_5_km,1084.10,2,0,2,LAV0065-00-2021|LAM1082,ÁREA DE PERFORACION EXPLORATORIA VIM-33|OLEODUCTO CAÑO LIMÓN-COVEÑAS,CNE OIL & GAS S.A.S.|CENIT S.A.S,poligono|linea,entre_1_y_5_km,3337.74,1,0494,VIM 42,NO APLICA,LEWIS ENERGY COLOMBIA INC,EXPLORACION,CONTRATO DE EXPLORACION Y PRODUCCION (E&P)
3145e0b463e5259673419799,2026-10-04T13:43-05:00,2026-10-04T18:43:00Z,2026-10-04,9.15123,-73.98225,VIIRS-NOAA-21,NOAA-21,VIIRS,58.8,11.7,7,Nominal,D,0.55,0.51,true,true,Puntos_de_calor_Colombia_2026-10-04.csv,2026-10-06T06:27:43Z,47,Magdalena,47245,El Banco,asignado,cache_geometrico,false,0,,,,asignado,244,2.4.4. Mosaico de pastos con espacios naturales,2,24,244,,,,SI,Landsat_2024_mediana_28042025,,false,0,,,,,mas_de_5_km,,0,0,0,,,,,mas_de_5_km,,0,,,,,,
45c94a40d539e64c682f8ddb,2026-10-04T13:43-05:00,2026-10-04T18:43:00Z,2026-10-04,1.79657,-73.87691,VIIRS-NOAA-21,NOAA-21,VIIRS,60.7,21.3,3.8,Nominal,D,0.43,0.46,true,true,Puntos_de_calor_Colombia_2026-10-04.csv,2026-10-06T06:27:43Z,18,Caquetá,18753,San Vicente Del Caguán,asignado,cache_geometrico,false,0,,,,asignado,321111,3.2.1.1.1.1.  Herbazal denso de tierra firme no arbolado,3,32,321,3211,32111,321111,SI,L9_759_20240115,,false,0,,,,,mas_de_5_km,,0,0,0,,,,,mas_de_5_km,,0,,,,,,
7f1672ba09a5cd1cb99cb99c,2026-10-04T13:43-05:00,2026-10-04T18:43:00Z,2026-10-04,7.3097,-73.4166,VIIRS-NOAA-21,NOAA-21,VIIRS,78.9,23,16.1,Nominal,D,0.56,0.52,true,true,Puntos_de_calor_Colombia_2026-10-04.csv,2026-10-06T06:27:43Z,68,Santander,68655,Sabana De Torres,asignado,cache_geometrico,false,0,,,,asignado,3132,3.1.3.2. Bosque fragmentado con vegetación secundaria,3,31,313,3132,,,SI,Landsat_2024_mediana_28042025,,false,0,,,,,entre_1_y_5_km,1374.32,6,0,6,LAM1009|LAM1903|LAM0197|LAM0172,"PLAN DE MANEJO AMBIENTAL PARA LOS CAMPOS DE LA SUPERINTENDENCIA PROVINCIA PERTENECIENTES A LA GERENCIA CENTRO ORIENTE, CONFORMADA POR LOS CAMPOS PROVINCIA Y BONANZA|BLOQUE DE PERFORACION EXPLORATORIA RETORNO, LOCALIZADO EN SABANA DE TORRES - SANTANDER|CAMPOS DE LA SUPERINTENDENCIA PROVINCIA (CAMPOS PROVINCIA, BONANZA, SAN ROQUE Y TISQUIRAMA)|GASODUCTO BARRANCABERMEJA PAYOA BUCARAMANGA|PERFORACION CAMPOS PAYOA Y SALINAS (DEMA) PARA POZOS LS 54 54 YLSB 24 M- EXPLOTACION DEL AREA DEL CONTRATO CARARE - LAS MONAS",ECOPETROL S.A.|ECOPETROL S.A|PROMIORIENTE S.A. E.S.P.|PETROSANTANDER (COLOMBIA) INC,poligono|linea,dentro,0.00,3,0151|0299|0006,PROVINCIA P SUR|COR 46|CARARE LAS MONAS,PROVINCIA P SUR|NO APLICA,ECOPETROL S.A.|EXXON MOBIL EXPLORATION COLOMBIA LIMITED|PETROSANTANDER COLOMBIA INC,PRODUCCION|EXPLORACION,CONVENIO DE EXPLOTACION|CONTRATO DE EVALUACION TECNICA ANH|CONTRATO DE ASOCIACION CON ECOPETROL
802d8988758bfbc9c926d909,2026-10-04T13:43-05:00,2026-10-04T18:43:00Z,2026-10-04,7.05034,-72.53284,VIIRS-NOAA-21,NOAA-21,VIIRS,63.1,15.7,4.2,Nominal,D,0.32,0.55,true,true,Puntos_de_calor_Colombia_2026-10-04.csv,2026-10-06T06:27:43Z,54,Norte De Santander,54174,Chitagá,asignado,cache_geometrico,false,0,,,,asignado,233,2.3.3. Pastos enmalezados,2,23,233,,,,SI,Landsat_2024_mediana_28042025,,false,0,,,,,mas_de_5_km,,0,0,0,,,,,mas_de_5_km,,0,,,,,,
8627a2cb29a87ec0031aa5c9,2026-10-04T13:43-05:00,2026-10-04T18:43:00Z,2026-10-04,9.25898,-73.9079,VIIRS-NOAA-21,NOAA-21,VIIRS,62.3,25.4,5.1,Nominal,D,0.55,0.51,true,true,Puntos_de_calor_Colombia_2026-10-04.csv,2026-10-06T06:27:43Z,20,Cesar,20175,Chimichagua,asignado,cache_geometrico,false,0,,,,asignado,3232,3.2.3.2. Vegetación secundaria baja,3,32,323,3232,,,SI,Landsat_2024_mediana_28042025,<Null>,false,0,,,,,entre_1_y_5_km,1357.18,2,0,2,LAV0065-00-2021|LAM1082,ÁREA DE PERFORACION EXPLORATORIA VIM-33|OLEODUCTO CAÑO LIMÓN-COVEÑAS,CNE OIL & GAS S.A.S.|CENIT S.A.S,poligono|linea,entre_1_y_5_km,3610.71,1,0494,VIM 42,NO APLICA,LEWIS ENERGY COLOMBIA INC,EXPLORACION,CONTRATO DE EXPLORACION Y PRODUCCION (E&P)
de7b39496b234ab157fd22a5,2026-10-04T13:43-05:00,2026-10-04T18:43:00Z,2026-10-04,0.62251,-74.77921,VIIRS-NOAA-21,NOAA-21,VIIRS,63.2,25.4,13.2,Nominal,D,0.55,0.43,true,true,Puntos_de_calor_Colombia_2026-10-04.csv,2026-10-06T06:27:43Z,18,Caquetá,18756,Solano,asignado,cache_geometrico,false,0,,,,asignado,244,2.4.4. Mosaico de pastos con espacios naturales,2,24,244,,,,SI,L8_859_20240222_20240224_GEO,,false,0,,,,,mas_de_5_km,,0,0,0,,,,,mas_de_5_km,,0,,,,,,
edf1bf7dea075d97f15ae92d,2026-10-04T13:43-05:00,2026-10-04T18:43:00Z,2026-10-04,9.26367,-73.90858,VIIRS-NOAA-21,NOAA-21,VIIRS,59.6,25.8,5.1,Nominal,D,0.55,0.51,true,true,Puntos_de_calor_Colombia_2026-10-04.csv,2026-10-06T06:27:43Z,20,Cesar,20175,Chimichagua,asignado,cache_geometrico,false,0,,,,asignado,231,2.3.1. Pastos limpios,2,23,231,,,,SI,Landsat_2024_mediana_28042025,,false,0,,,,,hasta_1_km,838.84,2,0,2,LAV0065-00-2021|LAM1082,ÁREA DE PERFORACION EXPLORATORIA VIM-33|OLEODUCTO CAÑO LIMÓN-COVEÑAS,CNE OIL & GAS S.A.S.|CENIT S.A.S,poligono|linea,entre_1_y_5_km,3092.32,1,0494,VIM 42,NO APLICA,LEWIS ENERGY COLOMBIA INC,EXPLORACION,CONTRATO DE EXPLORACION Y PRODUCCION (E&P)
7cd66141d5b66f71cf1c3cd6,2026-10-04T14:17-05:00,2026-10-04T19:17:00Z,2026-10-04,2.5183,-75.47766,VIIRS-Suomi-NPP,Suomi-NPP,VIIRS,61.8,19.9,3.3,Nominal,D,0.44,0.63,true,false,Puntos_de_calor_Colombia_2026-10-04.csv,2026-10-06T06:27:43Z,41,Huila,41349,Hobo,asignado,cache_geometrico,false,0,,,,asignado,231,2.3.1. Pastos limpios,2,23,231,,,,SI,Landsat_2024_mediana_28042025,,false,0,,,,,entre_1_y_5_km,4089.80,3,0,3,LAM2142|LAM2245,CENTRAL HIDROELÉCTRICA DE BETANIA|BLOQUE SAN JACINTO|EL RECREO,EMGESA S.A E.S.P.|HOCOL S.A.,poligono,dentro,0.00,1,0263,VSM 15,NO APLICA,FLAMINGO OIL S.A.,EXPLORACION,CONTRATO DE EXPLORACION Y PRODUCCION (E&P)
8882c07ecc4f75f0ba2ec782,2026-10-04T14:17-05:00,2026-10-04T19:17:00Z,2026-10-04,1.85089,-74.10323,VIIRS-Suomi-NPP,Suomi-NPP,VIIRS,74.1,17.8,10.2,Nominal,D,0.54,0.68,true,false,Puntos_de_calor_Colombia_2026-10-04.csv,2026-10-06T06:27:43Z,18,Caquetá,18753,San Vicente Del Caguán,asignado,cache_geometrico,false,0,,,,asignado,321111,3.2.1.1.1.1.  Herbazal denso de tierra firme no arbolado,3,32,321,3211,32111,321111,SI,L9_759_20240115,,false,0,,,,,mas_de_5_km,,0,0,0,,,,,mas_de_5_km,,0,,,,,,
a220094cb10cfac547f3927a,2026-10-04T14:17-05:00,2026-10-04T19:17:00Z,2026-10-04,2.51832,-75.47756,VIIRS-Suomi-NPP,Suomi-NPP,VIIRS,56.8,19.5,2.9,Nominal,D,0.45,0.63,true,false,Puntos_de_calor_Colombia_2026-10-04.csv,2026-10-06T06:27:43Z,41,Huila,41349,Hobo,asignado,cache_geometrico,false,0,,,,asignado,231,2.3.1. Pastos limpios,2,23,231,,,,SI,Landsat_2024_mediana_28042025,,false,0,,,,,entre_1_y_5_km,4094.47,3,0,3,LAM2142|LAM2245,CENTRAL HIDROELÉCTRICA DE BETANIA|BLOQUE SAN JACINTO|EL RECREO,EMGESA S.A E.S.P.|HOCOL S.A.,poligono,dentro,0.00,1,0263,VSM 15,NO APLICA,FLAMINGO OIL S.A.,EXPLORACION,CONTRATO DE EXPLORACION Y PRODUCCION (E&P)
abaa30e66157634730c640b9,2026-10-04T14:17-05:00,2026-10-04T19:17:00Z,2026-10-04,2.31445,-76.90813,VIIRS-Suomi-NPP,Suomi-NPP,VIIRS,57.2,23.1,3.2,Nominal,D,0.35,0.57,true,false,Puntos_de_calor_Colombia_2026-10-04.csv,2026-10-06T06:27:43Z,19,Cauca,19256,El Tambo,asignado,cache_geometrico,false,0,,,,asignado,3232,3.2.3.2. Vegetación secundaria baja,3,32,323,3232,,,SI,Landsat_2024_mediana_28042025,,false,0,,,,,mas_de_5_km,,0,0,0,,,,,mas_de_5_km,,0,,,,,,
ce6b5bad13488c4559f3bddf,2026-10-04T14:17-05:00,2026-10-04T19:17:00Z,2026-10-04,1.8533,-74.10489,VIIRS-Suomi-NPP,Suomi-NPP,VIIRS,71.7,17.3,9.9,Nominal,D,0.54,0.68,true,false,Puntos_de_calor_Colombia_2026-10-04.csv,2026-10-06T06:27:43Z,18,Caquetá,18753,San Vicente Del Caguán,asignado,cache_geometrico,false,0,,,,asignado,321111,3.2.1.1.1.1.  Herbazal denso de tierra firme no arbolado,3,32,321,3211,32111,321111,SI,L9_759_20240115,,false,0,,,,,mas_de_5_km,,0,0,0,,,,,mas_de_5_km,,0,,,,,,
5ad84719146a126ff4c9eb1d,2026-10-04T14:19-05:00,2026-10-04T19:19:00Z,2026-10-04,3.75733,-75.41214,VIIRS-Suomi-NPP,Suomi-NPP,VIIRS,81.1,11.6,7.2,Nominal,D,0.47,0.64,true,false,Puntos_de_calor_Colombia_2026-10-04.csv,2026-10-06T06:27:43Z,73,Tolima,73168,Chaparral,asignado,cache_geometrico,false,0,,,,asignado,233,2.3.3. Pastos enmalezados,2,23,233,,,,SI,Landsat_2024_mediana_28042025,,false,0,,,,,dentro,0.00,10,0,10,LAM2932|LAV0016-00-2016|LAM1366|LAM4878,"CAMPO PAUTA1|LICENCIA AMBIENTAL CAMPO PAUTA Y BLOQUE CHAPARRAL.|SUBESTACIÓN TULUNÍ 230 kV Y LAS LÍNEAS DE TRANSMISIÓN ASOCIADAS - PROYECTO UPME 03-2013|Campo río Saldaña, asociación Tolima B. Explotación de hidrocarburos Campo Saldaña y Oliní|REANUDACIÓN DE LABORES DE LA ASOCIACIÓN TOLIMA B. PARA LOS CAMPOS RÍO SALDAÑA Y OLINI.|EXPLOTACIÓN Y DESARROLLO DEL BLOQUE DE ASOCIACIÓN TOLIMA B",VETRA EXPLORACIÓN Y PRODUCCIÓN COLOMBIA S.A.S|TUPROJECT S.A.S. E.S.P.|VETRA EXPLORACIÓN Y PRODUCCIÓN COLOMBIA S.A.S. – VETRA EyP S.A.S.|HOCOL S.A.,poligono|linea,dentro,0.00,2,0020|0360,CHAPARRAL|TOLIMA,NO APLICA|TOLIMA,ECOPETROL S.A.|HOCOL S.A.,PRODUCCION,CONTRATO DE ASOCIACION CON ECOPETROL|CONVENIO DE EXPLOTACION
b6d34d373abb3b60ccaf02e3,2026-10-04T14:19-05:00,2026-10-04T19:19:00Z,2026-10-04,4.16087,-75.0397,VIIRS-Suomi-NPP,Suomi-NPP,VIIRS,66.5,19,7.5,Nominal,D,0.5,0.66,true,false,Puntos_de_calor_Colombia_2026-10-04.csv,2026-10-06T06:27:43Z,73,Tolima,73319,Guamo,asignado,cache_geometrico,false,0,,,,asignado,2231,2.2.3.1. Otros cultivos permanentes arbóreos,2,22,223,2231,,,SI,Landsat_2024_mediana_28042025,,false,0,,,,,dentro,0.00,5,0,5,LAM2537|LAM4750|LAM0081|LAM0138,"BLOQUE EXPLORATORIO BUGANVILES|BLOQUE DE DESARROLLO BUGANVILES|PLAN DE MANEJO AMBIENTAL DEL SISTEMA DE TRANSPORTE DE HIDROCARBUROS TOLDADO-GUALANDAY|Sistema de Transporte de Hidrocarburos ""Toldado - Gualanday""|GASODUCTO MONTAÑUELO - GUALANDAY",PETRODORADO SOUTH AMERICA S.A. SUCURSAL COLOMBIA|PACIFIC STRATUS ENERGY COLOMBIA CORP|ECOPETROL S.A.|CENIT S.A.S|TRANSPORTADORA DE GAS INTERNACIONAL TGI SA ESP,poligono|linea,dentro,0.00,3,0039|0038|0554,BUGANVILES|CHIPALO|VSM 4,NO APLICA,FRONTERA ENERGY COLOMBIA CORP.|LAS QUINCHAS RESOURCES CORP|MAUREL AND PROM COLOMBIA B.V.,PRODUCCION|EXPLORACION,CONTRATO DE ASOCIACION CON ECOPETROL|CONTRATO DE EXPLORACION Y PRODUCCION (E&P)
d56fe57dcc576c97500754a5,2026-10-04T14:19-05:00,2026-10-04T19:19:00Z,2026-10-04,4.1611,-75.03992,VIIRS-Suomi-NPP,Suomi-NPP,VIIRS,61.2,19,4.6,Nominal,D,0.5,0.66,true,false,Puntos_de_calor_Colombia_2026-10-04.csv,2026-10-06T06:27:43Z,73,Tolima,73319,Guamo,asignado,cache_geometrico,false,0,,,,asignado,2231,2.2.3.1. Otros cultivos permanentes arbóreos,2,22,223,2231,,,SI,Landsat_2024_mediana_28042025,,false,0,,,,,dentro,0.00,5,0,5,LAM2537|LAM4750|LAM0081|LAM0138,"BLOQUE EXPLORATORIO BUGANVILES|BLOQUE DE DESARROLLO BUGANVILES|PLAN DE MANEJO AMBIENTAL DEL SISTEMA DE TRANSPORTE DE HIDROCARBUROS TOLDADO-GUALANDAY|Sistema de Transporte de Hidrocarburos ""Toldado - Gualanday""|GASODUCTO MONTAÑUELO - GUALANDAY",PETRODORADO SOUTH AMERICA S.A. SUCURSAL COLOMBIA|PACIFIC STRATUS ENERGY COLOMBIA CORP|ECOPETROL S.A.|CENIT S.A.S|TRANSPORTADORA DE GAS INTERNACIONAL TGI SA ESP,poligono|linea,dentro,0.00,3,0039|0038|0554,BUGANVILES|CHIPALO|VSM 4,NO APLICA,FRONTERA ENERGY COLOMBIA CORP.|LAS QUINCHAS RESOURCES CORP|MAUREL AND PROM COLOMBIA B.V.,PRODUCCION|EXPLORACION,CONTRATO DE ASOCIACION CON ECOPETROL|CONTRATO DE EXPLORACION Y PRODUCCION (E&P)
df6545b5200dfe32e87eab41,2026-10-04T14:19-05:00,2026-10-04T19:19:00Z,2026-10-04,4.4189,-76.10629,VIIRS-Suomi-NPP,Suomi-NPP,VIIRS,78,21.9,9.1,Nominal,D,0.43,0.62,true,false,Puntos_de_calor_Colombia_2026-10-04.csv,2026-10-06T06:27:43Z,76,Valle Del Cauca,76622,Roldanillo,asignado,cache_geometrico,false,0,,,,asignado,241,2.4.1. Mosaico de cultivos,2,24,241,,,,SI,Landsat_2024_mediana_28042025,,false,0,,,,,entre_1_y_5_km,2677.97,5,0,5,LAM0299|LAM5348|LAM3690,"GASODUCTO DE OCCIDENTE Y 47 RAMALES DE DISTRIBUCION MARIQUITA Y CALI|REHABILITACIÓN, RECONSTRUCCIÓN Y OPERACIÓN DE LA RED FERROVIARIA DEL PACÍFICO.|REHABILITACIÓN, RECONSTRUCCIÓN Y OPERACIÓN DE LA RED FERROVIARIA DEL PACÍFICO|Construcción de la Doble Calzada Variante Zarzal de la Carretera La Paila – La Victoria",TRANSPORTADORA DE GAS INTERNACIONAL S.A. E.S.P. - TGI S.A. E.S.P.|FERROCARRIL DEL OESTE S.A.|Gobernación del Valle del Cauca,linea,mas_de_5_km,,0,,,,,,
eddd8db33a239ca25c9354a9,2026-10-04T14:19-05:00,2026-10-04T19:19:00Z,2026-10-04,3.64964,-72.00018,VIIRS-Suomi-NPP,Suomi-NPP,VIIRS,84.8,15.5,27.4,Baja,D,0.79,0.78,true,false,Puntos_de_calor_Colombia_2026-10-04.csv,2026-10-06T06:27:43Z,50,Meta,50568,Puerto Gaitán,asignado,cache_geometrico,false,0,,,,asignado,321111,3.2.1.1.1.1.  Herbazal denso de tierra firme no arbolado,3,32,321,3211,32111,321111,SI,Landsat_2024_mediana_28042025,GoogleEarth,false,0,,,,,dentro,0.00,3,0,3,LAM5475|LAM5281|LAV0041-13,ÁREA DE PERFORACIÓN EXPLORATORIA BLOQUE CPO-12|PERFORACIÓN EXPLORATORIA CPO-13|ÁREA EXPLOTACIÓN PENDARE BLOQUE CPO13,META  PETROLEUM CORP|TECPETROL COLOMBIA S.A.S.|TECPETROL COLOMBIA SAS,poligono,entre_1_y_5_km,3906.04,3,0195,CPO 13,NO APLICA|PENDARE|MAUTE,TECPETROL COLOMBIA SAS,EXPLORACION|PRODUCCION|EVALUACION,CONTRATO DE EXPLORACION Y PRODUCCION (E&P)
f17ef491cd06bdd5552015c5,2026-10-04T14:19-05:00,2026-10-04T19:19:00Z,2026-10-04,3.6486,-72.00755,VIIRS-Suomi-NPP,Suomi-NPP,VIIRS,56.9,14,9.4,Nominal,D,0.79,0.78,true,false,Puntos_de_calor_Colombia_2026-10-04.csv,2026-10-06T06:27:43Z,50,Meta,50568,Puerto Gaitán,asignado,cache_geometrico,false,0,,,,asignado,321111,3.2.1.1.1.1.  Herbazal denso de tierra firme no arbolado,3,32,321,3211,32111,321111,SI,Landsat_2024_mediana_28042025,GoogleEarth,false,0,,,,,dentro,0.00,2,0,2,LAM5475|LAM5281,ÁREA DE PERFORACIÓN EXPLORATORIA BLOQUE CPO-12|PERFORACIÓN EXPLORATORIA CPO-13,META  PETROLEUM CORP|TECPETROL COLOMBIA S.A.S.,poligono,entre_1_y_5_km,4724.03,1,0195,CPO 13,NO APLICA,TECPETROL COLOMBIA SAS,EXPLORACION,CONTRATO DE EXPLORACION Y PRODUCCION (E&P)
f5754e61fd3a4eaa65808378,2026-10-04T14:19-05:00,2026-10-04T19:19:00Z,2026-10-04,3.113,-75.49565,VIIRS-Suomi-NPP,Suomi-NPP,VIIRS,58.7,15.3,4.2,Nominal,D,0.45,0.63,true,false,Puntos_de_calor_Colombia_2026-10-04.csv,2026-10-06T06:27:43Z,41,Huila,41001,Neiva,asignado,cache_geometrico,false,0,,,,asignado,244,2.4.4. Mosaico de pastos con espacios naturales,2,24,244,,,,SI,Landsat_2024_mediana_28042025,,false,0,,,,,hasta_1_km,647.69,2,0,2,LAM0535|LAM1970,BLOQUE EXPLORATORIO PATALO PROGRAMA SISMICO 2 D|AREA DE INTERES DE PERFORACION EXPLORATORIA LAS MOYAS,HOCOL S.A.,poligono,dentro,0.00,1,0269,VSM 12,NO APLICA,ALANGE ENERGY CORP,EXPLORACION,CONTRATO DE EXPLORACION Y PRODUCCION (E&P)
eb0c12c5336981bbca8372a9,2026-10-04T15:59-05:00,2026-10-04T20:59:00Z,2026-10-04,1.84965,-74.11353,MODIS-Aqua,Aqua,MODIS,48.4,23.8,34.9,77 %,D,1.94,1.36,true,true,Puntos_de_calor_Colombia_2026-10-04.csv,2026-10-06T06:27:43Z,18,Caquetá,18753,San Vicente Del Caguán,asignado,cache_geometrico,false,0,,,,asignado,321111,3.2.1.1.1.1.  Herbazal denso de tierra firme no arbolado,3,32,321,3211,32111,321111,SI,L9_759_20240115,,false,0,,,,,mas_de_5_km,,0,0,0,,,,,mas_de_5_km,,0,,,,,,
c5ffd9da9040d05c26217638,2026-10-04T16:01-05:00,2026-10-04T21:01:00Z,2026-10-04,3.41942,-75.27291,MODIS-Aqua,Aqua,MODIS,40.2,18,17.1,29 %,D,1.67,1.27,true,true,Puntos_de_calor_Colombia_2026-10-04.csv,2026-10-06T06:27:43Z,73,Tolima,73483,Natagaima,asignado,cache_geometrico,false,0,,,,asignado,321111,3.2.1.1.1.1.  Herbazal denso de tierra firme no arbolado,3,32,321,3211,32111,321111,SI,Landsat_2024_mediana_28042025,,true,1,BLOQUE 691,,,ZONAS RESERVADAS CON POTENCIAL - BLOQUE 691,hasta_1_km,859.16,1,0,1,LAV0091-13,AREA DE PERFORACIÓN EXPLORATORIA VSM 9 (HUILA - TOLIMA),HOCOL S.A.,poligono,hasta_1_km,340.11,1,0250,VSM 9,NO APLICA,HOCOL S.A.,EXPLORACION,CONTRATO DE EXPLORACION Y PRODUCCION (E&P)
0a61ed4dc3ec96b86b9b41af,2026-10-04T20:20-05:00,2026-10-05T01:20:00Z,2026-10-04,5.80761,-69.11513,MODIS-Terra,Terra,MODIS,33.2,19.2,5.3,52 %,N,1.14,1.07,true,true,Puntos_de_calor_Colombia_2026-10-04.csv,2026-10-06T06:27:43Z,99,Vichada,99524,La Primavera,asignado,cache_geometrico,false,0,,,,asignado,321111,3.2.1.1.1.1.  Herbazal denso de tierra firme no arbolado,3,32,321,3211,32111,321111,SI,Landsat_2024_mediana_28042025,GoogleEarth,false,0,,,,,mas_de_5_km,,0,0,0,,,,,mas_de_5_km,,0,,,,,,
4059104fc18afc941857c147,2026-10-04T20:20-05:00,2026-10-05T01:20:00Z,2026-10-04,3.61065,-72.25037,MODIS-Terra,Terra,MODIS,30.2,18.8,3.3,50 %,N,1.05,1.03,true,true,Puntos_de_calor_Colombia_2026-10-04.csv,2026-10-06T06:27:43Z,50,Meta,50568,Puerto Gaitán,asignado,cache_geometrico,false,0,,,,asignado,321111,3.2.1.1.1.1.  Herbazal denso de tierra firme no arbolado,3,32,321,3211,32111,321111,SI,Landsat_2024_mediana_28042025,GoogleEarth,false,0,,,,,dentro,0.00,1,0,1,LAM5475,ÁREA DE PERFORACIÓN EXPLORATORIA BLOQUE CPO-12,META  PETROLEUM CORP,poligono,entre_1_y_5_km,3017.81,1,0293,CPE-6,HAMACA,FRONTERA ENERGY COLOMBIA CORP.,PRODUCCION,CONTRATO DE EXPLORACION Y PRODUCCION (E&P)
81cc25c5cf20a66fc0b9a3a4,2026-10-04T20:20-05:00,2026-10-05T01:20:00Z,2026-10-04,5.57522,-68.85744,MODIS-Terra,Terra,MODIS,38.2,20.6,9.9,80 %,N,1.17,1.08,true,true,Puntos_de_calor_Colombia_2026-10-04.csv,2026-10-06T06:27:43Z,99,Vichada,99524,La Primavera,asignado,cache_geometrico,false,0,,,,asignado,321111,3.2.1.1.1.1.  Herbazal denso de tierra firme no arbolado,3,32,321,3211,32111,321111,SI,Landsat_2024_mediana_28042025,GoogleEarth,false,0,,,,,mas_de_5_km,,0,0,0,,,,,mas_de_5_km,,0,,,,,,
8b7c2a02f60d9a8777472d58,2026-10-04T20:20-05:00,2026-10-05T01:20:00Z,2026-10-04,3.61192,-72.24113,MODIS-Terra,Terra,MODIS,44.8,19.4,14.9,96 %,N,1.05,1.03,true,true,Puntos_de_calor_Colombia_2026-10-04.csv,2026-10-06T06:27:43Z,50,Meta,50568,Puerto Gaitán,asignado,cache_geometrico,false,0,,,,asignado,321111,3.2.1.1.1.1.  Herbazal denso de tierra firme no arbolado,3,32,321,3211,32111,321111,SI,Landsat_2024_mediana_28042025,GoogleEarth,false,0,,,,,dentro,0.00,1,0,1,LAM5475,ÁREA DE PERFORACIÓN EXPLORATORIA BLOQUE CPO-12,META  PETROLEUM CORP,poligono,entre_1_y_5_km,3158.12,1,0293,CPE-6,HAMACA,FRONTERA ENERGY COLOMBIA CORP.,PRODUCCION,CONTRATO DE EXPLORACION Y PRODUCCION (E&P)
a00c5ba71bcfd5c4a790c9c5,2026-10-04T20:20-05:00,2026-10-05T01:20:00Z,2026-10-04,5.56017,-69.46346,MODIS-Terra,Terra,MODIS,40.6,19.1,11.4,87 %,N,1.1,1.04,true,true,Puntos_de_calor_Colombia_2026-10-04.csv,2026-10-06T06:27:43Z,99,Vichada,99524,La Primavera,asignado,cache_geometrico,false,0,,,,asignado,511,5.1.1. Ríos,5,51,511,,,,SI,"Landsat_2024_mediana_28042025, L8_858_20240410, L9_557_20240225, L9_457_20240109, Landsat8_556_24/01/2024, Landsat9_456_09/01/2024","Layer Google Earth, Basemap ESRI, BingMaps, Mosaico Sentinel-2_L2A_False_color 2024-01-27-00_00_2024-01-27-23_59",false,0,,,,,mas_de_5_km,,0,0,0,,,,,mas_de_5_km,,0,,,,,,
37a8de239629458a28e7e0db,2026-10-05T01:16-05:00,2026-10-05T06:16:00Z,2026-10-05,4.94255,-69.47768,VIIRS-Suomi-NPP,Suomi-NPP,VIIRS,53.2,16,2.9,Nominal,N,0.39,0.36,true,false,Puntos_de_calor_Colombia_2026-10-05.csv,2026-10-06T06:27:43Z,99,Vichada,99773,Cumaribo,asignado,cache_geometrico,false,0,,,,asignado,321111,3.2.1.1.1.1.  Herbazal denso de tierra firme no arbolado,3,32,321,3211,32111,321111,SI,Landsat_2024_mediana_28042025,GoogleEarth,false,0,,,,,mas_de_5_km,,0,0,0,,,,,mas_de_5_km,,0,,,,,,
40b9dc5bb5c2a927597b63db,2026-10-05T01:16-05:00,2026-10-05T06:16:00Z,2026-10-05,5.74735,-72.91013,VIIRS-Suomi-NPP,Suomi-NPP,VIIRS,32,7.9,2.4,Nominal,N,0.52,0.41,true,false,Puntos_de_calor_Colombia_2026-10-05.csv,2026-10-06T06:27:43Z,15,Boyacá,15759,Sogamoso,asignado,cache_geometrico,false,0,,,,asignado,121,1.2.1. Zonas industriales o comerciales,1,12,121,,,,SI,Landsat_2024_mediana_28042025,,false,0,,,,,hasta_1_km,39.92,14,0,14,LAM2375|LAM0548|LAV0044-00-2017|LAM7781-00|LAM0408|LAM3520|LAV0080-00-2021,"RED FERREA DEL ATLANTICO, REHABILITACION, CONSERVACION Y MANTENIMIENTO DE RED FERREA EN LOS SECTORES DE BOGOTA - SANTA MARTA, BOGOTA -  BELENCITO, LA CARO – LENGUAZAQUE, BELLO - PUERTO BERRIO|GASODUCTO RAMALES DE BOYACA|SUBESTACIÓN SAN ANTONIO 230KV Y LÍNEAS DE TRANSMISIÓN ASOCIADAS|EXPLOTACIÓN DE CALIZA CANTERA MARGAS – NOBSA|EXPLORACIÓN DE CALIZA EN MINA UBICADA EN NOBSA , TIBASOSA , CORRALES, BUSBANZA.|AFLORAMIENTO 1|AFLORAMIENTO 2|AREA DE INTERES PARA EL DESARROLLO DEL CAMPO BUENAVISTA|CONSTRUCCIÓN VARIANTE SOGAMOSO, FASE A, SECTOR COMPRENDIDO DESDE K0 +000 AL K7+300 , MUNICIPIOS DE  FIRAVITOBA, SOGAMOSO Y TIBASOSA DEPARTAMENTO DE BOYACÁ.",FERROCARRILES DEL NORTE DE COLOMBIA S.A FENOCO S.A|TRANSPORTADORA DE GAS INTERNACIONAL S.A. E.S.P. - TGI S.A. E.S.P.|INTERCONEXIÓN ELÉCTRICA  ISA S.A. E.S.P.|MINAS PAZ DEL RÍO|HOLCIM (COLOMBIA) S.A.|ACERÍAS PAZ DEL RÍO S.A.|UNION TEMPORAL OMEGA ENERGY|CONSORCIO VIAL MHC 056,linea|poligono,entre_1_y_5_km,1814.33,2,0071,BUENAVISTA,CORRALES|BOLIVAR,NIKOIL ENERGY CORP,PRODUCCION,CONTRATO DE EXPLORACION Y EXPLOTACION (E&E)
462ae55d4f9caca2bc94cafc,2026-10-05T01:16-05:00,2026-10-05T06:16:00Z,2026-10-05,5.57417,-68.88824,VIIRS-Suomi-NPP,Suomi-NPP,VIIRS,33.1,19.3,2.1,Nominal,N,0.38,0.36,true,false,Puntos_de_calor_Colombia_2026-10-05.csv,2026-10-06T06:27:43Z,99,Vichada,99524,La Primavera,asignado,cache_geometrico,false,0,,,,asignado,321111,3.2.1.1.1.1.  Herbazal denso de tierra firme no arbolado,3,32,321,3211,32111,321111,SI,Landsat_2024_mediana_28042025,GoogleEarth,false,0,,,,,mas_de_5_km,,0,0,0,,,,,mas_de_5_km,,0,,,,,,
db44a198482d7dc1bb21927b,2026-10-05T01:16-05:00,2026-10-05T06:16:00Z,2026-10-05,5.57749,-68.88772,VIIRS-Suomi-NPP,Suomi-NPP,VIIRS,62.6,20.3,2.1,Nominal,N,0.38,0.36,true,false,Puntos_de_calor_Colombia_2026-10-05.csv,2026-10-06T06:27:43Z,99,Vichada,99524,La Primavera,asignado,cache_geometrico,false,0,,,,asignado,321111,3.2.1.1.1.1.  Herbazal denso de tierra firme no arbolado,3,32,321,3211,32111,321111,SI,Landsat_2024_mediana_28042025,GoogleEarth,false,0,,,,,mas_de_5_km,,0,0,0,,,,,mas_de_5_km,,0,,,,,,
f0d75ced90f72477d5ac29cf,2026-10-05T01:16-05:00,2026-10-05T06:16:00Z,2026-10-05,4.93923,-69.4782,VIIRS-Suomi-NPP,Suomi-NPP,VIIRS,38.4,10.8,1.8,Nominal,N,0.39,0.36,true,false,Puntos_de_calor_Colombia_2026-10-05.csv,2026-10-06T06:27:43Z,99,Vichada,99773,Cumaribo,asignado,cache_geometrico,false,0,,,,asignado,321111,3.2.1.1.1.1.  Herbazal denso de tierra firme no arbolado,3,32,321,3211,32111,321111,SI,Landsat_2024_mediana_28042025,GoogleEarth,false,0,,,,,mas_de_5_km,,0,0,0,,,,,mas_de_5_km,,0,,,,,,
1277147c36ffb14bd95aa380,2026-10-05T01:18-05:00,2026-10-05T06:18:00Z,2026-10-05,3.61352,-72.2364,VIIRS-Suomi-NPP,Suomi-NPP,VIIRS,24.5,-6.9,,Nominal,N,0.45,0.39,true,false,Puntos_de_calor_Colombia_2026-10-05.csv,2026-10-06T06:27:43Z,50,Meta,50568,Puerto Gaitán,asignado,cache_geometrico,false,0,,,,asignado,321111,3.2.1.1.1.1.  Herbazal denso de tierra firme no arbolado,3,32,321,3211,32111,321111,SI,Landsat_2024_mediana_28042025,GoogleEarth,false,0,,,,,dentro,0.00,1,0,1,LAM5475,ÁREA DE PERFORACIÓN EXPLORATORIA BLOQUE CPO-12,META  PETROLEUM CORP,poligono,entre_1_y_5_km,3334.91,1,0293,CPE-6,HAMACA,FRONTERA ENERGY COLOMBIA CORP.,PRODUCCION,CONTRATO DE EXPLORACION Y PRODUCCION (E&P)
31ceb089bc241b9c261c24f9,2026-10-05T01:18-05:00,2026-10-05T06:18:00Z,2026-10-05,3.62626,-72.00115,VIIRS-Suomi-NPP,Suomi-NPP,VIIRS,41.9,-5.7,1.8,Nominal,N,0.44,0.38,true,false,Puntos_de_calor_Colombia_2026-10-05.csv,2026-10-06T06:27:43Z,50,Meta,50568,Puerto Gaitán,asignado,cache_geometrico,false,0,,,,asignado,321111,3.2.1.1.1.1.  Herbazal denso de tierra firme no arbolado,3,32,321,3211,32111,321111,SI,Landsat_2024_mediana_28042025,GoogleEarth,false,0,,,,,dentro,0.00,2,0,2,LAM5475|LAM5281,ÁREA DE PERFORACIÓN EXPLORATORIA BLOQUE CPO-12|PERFORACIÓN EXPLORATORIA CPO-13,META  PETROLEUM CORP|TECPETROL COLOMBIA S.A.S.,poligono,entre_1_y_5_km,4008.12,2,0195,CPO 13,NO APLICA|MAUTE,TECPETROL COLOMBIA SAS,EXPLORACION|EVALUACION,CONTRATO DE EXPLORACION Y PRODUCCION (E&P)
63d463a204b696d65c1085f9,2026-10-05T01:18-05:00,2026-10-05T06:18:00Z,2026-10-05,3.6298,-72.00059,VIIRS-Suomi-NPP,Suomi-NPP,VIIRS,51.7,-3.8,1.8,Nominal,N,0.44,0.38,true,false,Puntos_de_calor_Colombia_2026-10-05.csv,2026-10-06T06:27:43Z,50,Meta,50568,Puerto Gaitán,asignado,cache_geometrico,false,0,,,,asignado,321111,3.2.1.1.1.1.  Herbazal denso de tierra firme no arbolado,3,32,321,3211,32111,321111,SI,Landsat_2024_mediana_28042025,GoogleEarth,false,0,,,,,dentro,0.00,2,0,2,LAM5475|LAM5281,ÁREA DE PERFORACIÓN EXPLORATORIA BLOQUE CPO-12|PERFORACIÓN EXPLORATORIA CPO-13,META  PETROLEUM CORP|TECPETROL COLOMBIA S.A.S.,poligono,entre_1_y_5_km,3946.80,2,0195,CPO 13,NO APLICA|MAUTE,TECPETROL COLOMBIA SAS,EXPLORACION|EVALUACION,CONTRATO DE EXPLORACION Y PRODUCCION (E&P)
e8e94b2fa1deeea83f764c7d,2026-10-05T01:18-05:00,2026-10-05T06:18:00Z,2026-10-05,3.60699,-72.2416,VIIRS-Suomi-NPP,Suomi-NPP,VIIRS,29.6,-12.9,1.3,Nominal,N,0.45,0.39,true,false,Puntos_de_calor_Colombia_2026-10-05.csv,2026-10-06T06:27:43Z,50,Meta,50568,Puerto Gaitán,asignado,cache_geometrico,false,0,,,,asignado,321111,3.2.1.1.1.1.  Herbazal denso de tierra firme no arbolado,3,32,321,3211,32111,321111,SI,Landsat_2024_mediana_28042025,GoogleEarth,false,0,,,,,dentro,0.00,1,0,1,LAM5475,ÁREA DE PERFORACIÓN EXPLORATORIA BLOQUE CPO-12,META  PETROLEUM CORP,poligono,entre_1_y_5_km,2613.35,1,0293,CPE-6,HAMACA,FRONTERA ENERGY COLOMBIA CORP.,PRODUCCION,CONTRATO DE EXPLORACION Y PRODUCCION (E&P)
f3233da9f384330dc1867bdf,2026-10-05T01:18-05:00,2026-10-05T06:18:00Z,2026-10-05,3.61416,-72.24048,VIIRS-Suomi-NPP,Suomi-NPP,VIIRS,24,-10.1,,Nominal,N,0.45,0.39,true,false,Puntos_de_calor_Colombia_2026-10-05.csv,2026-10-06T06:27:43Z,50,Meta,50568,Puerto Gaitán,asignado,cache_geometrico,false,0,,,,asignado,321111,3.2.1.1.1.1.  Herbazal denso de tierra firme no arbolado,3,32,321,3211,32111,321111,SI,Landsat_2024_mediana_28042025,GoogleEarth,false,0,,,,,dentro,0.00,1,0,1,LAM5475,ÁREA DE PERFORACIÓN EXPLORATORIA BLOQUE CPO-12,META  PETROLEUM CORP,poligono,entre_1_y_5_km,3405.63,1,0293,CPE-6,HAMACA,FRONTERA ENERGY COLOMBIA CORP.,PRODUCCION,CONTRATO DE EXPLORACION Y PRODUCCION (E&P)
f79a8e7dec6b31446ed60ca6,2026-10-05T01:18-05:00,2026-10-05T06:18:00Z,2026-10-05,3.63042,-72.00455,VIIRS-Suomi-NPP,Suomi-NPP,VIIRS,25.8,-4.5,1.3,Nominal,N,0.44,0.38,true,false,Puntos_de_calor_Colombia_2026-10-05.csv,2026-10-06T06:27:43Z,50,Meta,50568,Puerto Gaitán,asignado,cache_geometrico,false,0,,,,asignado,321111,3.2.1.1.1.1.  Herbazal denso de tierra firme no arbolado,3,32,321,3211,32111,321111,SI,Landsat_2024_mediana_28042025,GoogleEarth,false,0,,,,,dentro,0.00,2,0,2,LAM5475|LAM5281,ÁREA DE PERFORACIÓN EXPLORATORIA BLOQUE CPO-12|PERFORACIÓN EXPLORATORIA CPO-13,META  PETROLEUM CORP|TECPETROL COLOMBIA S.A.S.,poligono,entre_1_y_5_km,4386.61,2,0195,CPO 13,NO APLICA|MAUTE,TECPETROL COLOMBIA SAS,EXPLORACION|EVALUACION,CONTRATO DE EXPLORACION Y PRODUCCION (E&P)
fe73c6bf9cdb3eb0da44d313,2026-10-05T01:18-05:00,2026-10-05T06:18:00Z,2026-10-05,3.62687,-72.00512,VIIRS-Suomi-NPP,Suomi-NPP,VIIRS,46.1,-6.6,1.3,Nominal,N,0.44,0.38,true,false,Puntos_de_calor_Colombia_2026-10-05.csv,2026-10-06T06:27:43Z,50,Meta,50568,Puerto Gaitán,asignado,cache_geometrico,false,0,,,,asignado,321111,3.2.1.1.1.1.  Herbazal denso de tierra firme no arbolado,3,32,321,3211,32111,321111,SI,Landsat_2024_mediana_28042025,GoogleEarth,false,0,,,,,dentro,0.00,2,0,2,LAM5475|LAM5281,ÁREA DE PERFORACIÓN EXPLORATORIA BLOQUE CPO-12|PERFORACIÓN EXPLORATORIA CPO-13,META  PETROLEUM CORP|TECPETROL COLOMBIA S.A.S.,poligono,entre_1_y_5_km,4449.04,2,0195,CPO 13,NO APLICA|MAUTE,TECPETROL COLOMBIA SAS,EXPLORACION|EVALUACION,CONTRATO DE EXPLORACION Y PRODUCCION (E&P)
0453958d9c4c4f574c39d5be,2026-10-05T01:35-05:00,2026-10-05T06:35:00Z,2026-10-05,5.77693,-72.88136,VIIRS-NOAA-20,NOAA-20,VIIRS,31.2,10.2,1.9,Nominal,N,0.44,0.38,true,true,Puntos_de_calor_Colombia_2026-10-05.csv,2026-10-06T06:27:43Z,15,Boyacá,15491,Nobsa,asignado,cache_geometrico,false,0,,,,asignado,121,1.2.1. Zonas industriales o comerciales,1,12,121,,,,SI,Landsat_2024_mediana_28042025,,false,0,,,,,hasta_1_km,790.61,14,0,14,LAM3520|LAM7781-00|LAM2375|LAM0548|LAV0044-00-2017|LAM0408|LAV0046-00-2019,"AREA DE INTERES PARA EL DESARROLLO DEL CAMPO BUENAVISTA|EXPLOTACIÓN DE CALIZA CANTERA MARGAS – NOBSA|AFLORAMIENTO 2|MALSITIO|AFLORAMIENTO 1|RED FERREA DEL ATLANTICO, REHABILITACION, CONSERVACION Y MANTENIMIENTO DE RED FERREA EN LOS SECTORES DE BOGOTA - SANTA MARTA, BOGOTA -  BELENCITO, LA CARO – LENGUAZAQUE, BELLO - PUERTO BERRIO|GASODUCTO RAMALES DE BOYACA|SUBESTACIÓN SAN ANTONIO 230KV Y LÍNEAS DE TRANSMISIÓN ASOCIADAS|EXPLORACIÓN DE CALIZA EN MINA UBICADA EN NOBSA , TIBASOSA , CORRALES, BUSBANZA.|AREA DE PERFORACION EXPLORATORIA COR-15",UNION TEMPORAL OMEGA ENERGY|MINAS PAZ DEL RÍO|ACERÍAS PAZ DEL RÍO S.A.|FERROCARRILES DEL NORTE DE COLOMBIA S.A FENOCO S.A|TRANSPORTADORA DE GAS INTERNACIONAL S.A. E.S.P. - TGI S.A. E.S.P.|INTERCONEXIÓN ELÉCTRICA  ISA S.A. E.S.P.|HOLCIM (COLOMBIA) S.A.|MAUREL & PROM COLOMBIA B.V.,poligono|linea,dentro,0.00,3,0071,BUENAVISTA,CORRALES|BOLIVAR,NIKOIL ENERGY CORP,PRODUCCION|EVALUACION,CONTRATO DE EXPLORACION Y EXPLOTACION (E&E)
09c83a8c3b95bd4ac96d92b9,2026-10-05T01:35-05:00,2026-10-05T06:35:00Z,2026-10-05,4.89307,-75.31977,VIIRS-NOAA-20,NOAA-20,VIIRS,23,-7.6,,Nominal,N,0.38,0.36,true,true,Puntos_de_calor_Colombia_2026-10-05.csv,2026-10-06T06:27:43Z,17,Caldas,17873,Villamaría,asignado,cache_geometrico,true,1,11,Los Nevados,Parque Nacional Natural,asignado,332,3.3.2. Afloramientos rocosos,3,33,332,,,,SI,Landsat_2024_mediana_28042025,,false,0,,,,,mas_de_5_km,,0,0,0,,,,,mas_de_5_km,,0,,,,,,
0c58202fa8fd171909fcd88a,2026-10-05T01:35-05:00,2026-10-05T06:35:00Z,2026-10-05,6.99505,-73.05797,VIIRS-NOAA-20,NOAA-20,VIIRS,32.6,16.2,,Nominal,N,0.42,0.38,true,true,Puntos_de_calor_Colombia_2026-10-05.csv,2026-10-06T06:27:43Z,68,Santander,68547,Piedecuesta,asignado,cache_geometrico,false,0,,,,asignado,111,1.1.1. Tejido urbano continuo,1,11,111,,,,SI,Landsat_2024_mediana_28042025,,false,0,,,,,entre_1_y_5_km,1440.41,2,0,2,LAM3952|LAM2216,CONSTRUCCION DEL GASODUCTO GIBRALTAR-BUCARAMANGA|LÍNEA DE TRANSMISIÓN A 230 KV PRIMAVERA-GUATIGUARÁ-TASAJERO,TRANSORIENTE E.S.P|INTERCONEXION ELECTRICA S.A. E.S.P. ISA,linea,entre_1_y_5_km,2853.72,1,0299,COR 46,NO APLICA,EXXON MOBIL EXPLORATION COLOMBIA LIMITED,EXPLORACION,CONTRATO DE EVALUACION TECNICA ANH
0d1d4f0f2227a21f62cfbce4,2026-10-05T01:35-05:00,2026-10-05T06:35:00Z,2026-10-05,5.47772,-73.52692,VIIRS-NOAA-20,NOAA-20,VIIRS,25.9,9.3,,Nominal,N,0.42,0.37,true,true,Puntos_de_calor_Colombia_2026-10-05.csv,2026-10-06T06:27:43Z,15,Boyacá,15646,Samacá,asignado,cache_geometrico,false,0,,,,asignado,131,1.3.1. Zonas de extracción minera,1,13,131,,,,SI,Landsat_2024_mediana_28042025,,true,1,9459,(8605139701) COMERCIALIZADORA INTERNACIONAL MILPA S.A,Explotación,"ANTRACITA, CARBÓN METALÚRGICO, CARBÓN TÉRMICO",mas_de_5_km,,0,0,0,,,,,mas_de_5_km,,0,,,,,,
277aca1b8361d2d6958698e3,2026-10-05T01:35-05:00,2026-10-05T06:35:00Z,2026-10-05,5.33865,-73.70745,VIIRS-NOAA-20,NOAA-20,VIIRS,29.7,3.5,,Nominal,N,0.41,0.37,true,true,Puntos_de_calor_Colombia_2026-10-05.csv,2026-10-06T06:27:43Z,25,Cundinamarca,25317,Guachetá,asignado,cache_geometrico,false,0,,,,asignado,1211,1.2.1.1. Zonas industriales,1,12,121,1211,,,SI,Landsat_2024_mediana_28042025,GoogleMaps,false,0,,,,,entre_1_y_5_km,1813.68,2,0,2,LAM0169|LAM2375,"POLIDUCTO DEL ORIENTE (SEBASTOPOL TOCANCIPA)|RED FERREA DEL ATLANTICO, REHABILITACION, CONSERVACION Y MANTENIMIENTO DE RED FERREA EN LOS SECTORES DE BOGOTA - SANTA MARTA, BOGOTA -  BELENCITO, LA CARO – LENGUAZAQUE, BELLO - PUERTO BERRIO",ECOPETROL S.A.|FERROCARRILES DEL NORTE DE COLOMBIA S.A FENOCO S.A,linea,hasta_1_km,593.86,1,0178,MUISCA,NO APLICA,MAUREL AND PROM COLOMBIA B.V.,EXPLORACION,CONTRATO DE EXPLORACION Y PRODUCCION (E&P)
318b69e6b429d5a982216d29,2026-10-05T01:35-05:00,2026-10-05T06:35:00Z,2026-10-05,4.50043,-74.14124,VIIRS-NOAA-20,NOAA-20,VIIRS,28.8,3.3,,Nominal,N,0.4,0.37,true,true,Puntos_de_calor_Colombia_2026-10-05.csv,2026-10-06T06:27:43Z,11,"Bogotá, D.C.",11001,"Bogotá, D.C.",asignado,cache_geometrico,false,0,,,,asignado,231,2.3.1. Pastos limpios,2,23,231,,,,SI,Landsat_2024_mediana_28042025,GoogleMaps,false,0,,,,,dentro,0.00,17,0,17,LAM7710-00|LAM2048|LAM8039-00|LAV0005-13|LAM0530|LAM2347|LAM1748|LAM0951,RELLENO SANITARIO DOÑA JUANA VIII|Líneas de Transmisión a 230kV. Corredor Sur y Sistema Bogotá|TRANSMISION NUEVA ESPERANZA LÍNEA A 230 KV Y SUBESTACIÓN DE ENERGIA|TRANSMISIÓN NUEVA ESPERANZA LÍNEA A 230 KV Y SUBESTACIÓN DE ENERGÍA – TRANSMISIÓN NUEVA ESPERANZA LÍNEA A 230 KV Y SUBESTACIÓN DE ENERGÍA|PLAN DE RECUPERACION Y ESTABECIMIENTO DE LA RESERVA ECOLOGICA Y PRIVADA LA FISCALA|PLAN DE RECUPERACIÓN Y ESTABLECIMIENTO DE LA RESERVA ECOLÓGICA Y PRIVADA LA FISCALA|GASODUCTO APIAY – VILLAVICENCIO – BOGOTÁ,UNIDAD ADMINISTRATIVA ESPECIAL DE SERVICIOS PÚBLICOS - UAESP|Grupo Energía Bogotá|CENTRO DE GERENCIAMIENTO DE RESIDUOS DOÑA JUANA S.A.E.S.P.|EMPRESAS PUBLICAS DE MEDELLIN E.S.P|EMPRESAS PÚBLICAS DE MEDELLÍN E.S.P. - EPM|CEMEX COLOMBIA S.A.|FUNDACIÓN SAN ANTONIO|HOLCIM (COLOMBIA) S.A.|TRANSPORTADORA DE GAS INTERNACIONAL S.A. E.S.P. - TGI S.A. E.S.P.,poligono|linea,mas_de_5_km,,0,,,,,,
4ef46fa51565495ec8f46f26,2026-10-05T01:35-05:00,2026-10-05T06:35:00Z,2026-10-05,4.29129,-71.1744,VIIRS-NOAA-20,NOAA-20,VIIRS,40.1,12.3,1.3,Nominal,N,0.56,0.43,true,true,Puntos_de_calor_Colombia_2026-10-05.csv,2026-10-06T06:27:43Z,50,Meta,50568,Puerto Gaitán,asignado,cache_geometrico,false,0,,,,asignado,321111,3.2.1.1.1.1.  Herbazal denso de tierra firme no arbolado,3,32,321,3211,32111,321111,SI,Landsat_2024_mediana_28042025,GoogleEarth,false,0,,,,,dentro,0.00,2,0,2,LAV0048-14|LAV0090-00-2014,ÁREA DE PERFORACIÓN EXPLORATORIA CPO 8 NORTE|ÁREA DE PERFORACIÓN EXPLORATORIA CPO-8 SUR,ECOPETROL S.A.,poligono,mas_de_5_km,,0,,,,,,
8aa8829b6df21ee1cce2d523,2026-10-05T01:35-05:00,2026-10-05T06:35:00Z,2026-10-05,5.44594,-73.58987,VIIRS-NOAA-20,NOAA-20,VIIRS,27.1,5.8,1.2,Nominal,N,0.41,0.37,true,true,Puntos_de_calor_Colombia_2026-10-05.csv,2026-10-06T06:27:43Z,15,Boyacá,15646,Samacá,asignado,cache_geometrico,false,0,,,,asignado,131,1.3.1. Zonas de extracción minera,1,13,131,,,,SI,Landsat_2024_mediana_28042025,GoogleMaps,true,1,7241,(91800437) COOP. BOYACENSE PRODUCTORES CARBON,Explotación,"ANTRACITA, CARBÓN METALÚRGICO, CARBÓN TÉRMICO",mas_de_5_km,,0,0,0,,,,,mas_de_5_km,,0,,,,,,
8f5e82908160090cd4a95a51,2026-10-05T01:35-05:00,2026-10-05T06:35:00Z,2026-10-05,5.46503,-73.55676,VIIRS-NOAA-20,NOAA-20,VIIRS,30.5,7.4,1,Nominal,N,0.41,0.37,true,true,Puntos_de_calor_Colombia_2026-10-05.csv,2026-10-06T06:27:43Z,15,Boyacá,15646,Samacá,asignado,cache_geometrico,false,0,,,,asignado,131,1.3.1. Zonas de extracción minera,1,13,131,,,,SI,Landsat_2024_mediana_28042025,,true,1,7239,(91800437) COOP. BOYACENSE PRODUCTORES CARBON,Explotación,"ANTRACITA, CARBÓN METALÚRGICO, CARBÓN TÉRMICO",mas_de_5_km,,0,0,0,,,,,mas_de_5_km,,0,,,,,,
985d82a32e1dbe67fb18b5c1,2026-10-05T01:35-05:00,2026-10-05T06:35:00Z,2026-10-05,5.44431,-73.60136,VIIRS-NOAA-20,NOAA-20,VIIRS,26.4,5.2,,Nominal,N,0.41,0.37,true,true,Puntos_de_calor_Colombia_2026-10-05.csv,2026-10-06T06:27:43Z,15,Boyacá,15600,Ráquira,asignado,cache_geometrico,false,0,,,,asignado,243,"2.4.3. Mosaico de cultivos, pastos y espacios naturales",2,24,243,,,,SI,Landsat_2024_mediana_28042025,GoogleMaps,true,1,7241,(91800437) COOP. BOYACENSE PRODUCTORES CARBON,Explotación,"ANTRACITA, CARBÓN METALÚRGICO, CARBÓN TÉRMICO",entre_1_y_5_km,4669.44,1,0,1,LAM0169,POLIDUCTO DEL ORIENTE (SEBASTOPOL TOCANCIPA),ECOPETROL S.A.,linea,mas_de_5_km,,0,,,,,,
a0066a02fe4824d2b92515e8,2026-10-05T01:35-05:00,2026-10-05T06:35:00Z,2026-10-05,5.77281,-72.87798,VIIRS-NOAA-20,NOAA-20,VIIRS,29.4,9.9,2.5,Nominal,N,0.44,0.38,true,true,Puntos_de_calor_Colombia_2026-10-05.csv,2026-10-06T06:27:43Z,15,Boyacá,15491,Nobsa,asignado,cache_geometrico,false,0,,,,asignado,121,1.2.1. Zonas industriales o comerciales,1,12,121,,,,SI,Landsat_2024_mediana_28042025,,false,0,,,,,hasta_1_km,822.55,14,0,14,LAM3520|LAM7781-00|LAM2375|LAM0548|LAV0044-00-2017|LAM0408|LAV0046-00-2019,"AREA DE INTERES PARA EL DESARROLLO DEL CAMPO BUENAVISTA|EXPLOTACIÓN DE CALIZA CANTERA MARGAS – NOBSA|AFLORAMIENTO 2|RED FERREA DEL ATLANTICO, REHABILITACION, CONSERVACION Y MANTENIMIENTO DE RED FERREA EN LOS SECTORES DE BOGOTA - SANTA MARTA, BOGOTA -  BELENCITO, LA CARO – LENGUAZAQUE, BELLO - PUERTO BERRIO|GASODUCTO RAMALES DE BOYACA|MALSITIO|AFLORAMIENTO 1|SUBESTACIÓN SAN ANTONIO 230KV Y LÍNEAS DE TRANSMISIÓN ASOCIADAS|EXPLORACIÓN DE CALIZA EN MINA UBICADA EN NOBSA , TIBASOSA , CORRALES, BUSBANZA.|AREA DE PERFORACION EXPLORATORIA COR-15",UNION TEMPORAL OMEGA ENERGY|MINAS PAZ DEL RÍO|ACERÍAS PAZ DEL RÍO S.A.|FERROCARRILES DEL NORTE DE COLOMBIA S.A FENOCO S.A|TRANSPORTADORA DE GAS INTERNACIONAL S.A. E.S.P. - TGI S.A. E.S.P.|INTERCONEXIÓN ELÉCTRICA  ISA S.A. E.S.P.|HOLCIM (COLOMBIA) S.A.|MAUREL & PROM COLOMBIA B.V.,poligono|linea,dentro,0.00,3,0071,BUENAVISTA,CORRALES|BOLIVAR,NIKOIL ENERGY CORP,PRODUCCION|EVALUACION,CONTRATO DE EXPLORACION Y EXPLOTACION (E&E)
b7f8eb5b81ace0fa5b1a4f51,2026-10-05T01:35-05:00,2026-10-05T06:35:00Z,2026-10-05,3.6317,-72.00142,VIIRS-NOAA-20,NOAA-20,VIIRS,32.2,4,4.4,Nominal,N,0.51,0.41,true,true,Puntos_de_calor_Colombia_2026-10-05.csv,2026-10-06T06:27:43Z,50,Meta,50568,Puerto Gaitán,asignado,cache_geometrico,false,0,,,,asignado,321111,3.2.1.1.1.1.  Herbazal denso de tierra firme no arbolado,3,32,321,3211,32111,321111,SI,Landsat_2024_mediana_28042025,GoogleEarth,false,0,,,,,dentro,0.00,2,0,2,LAM5475|LAM5281,ÁREA DE PERFORACIÓN EXPLORATORIA BLOQUE CPO-12|PERFORACIÓN EXPLORATORIA CPO-13,META  PETROLEUM CORP|TECPETROL COLOMBIA S.A.S.,poligono,entre_1_y_5_km,4039.40,2,0195,CPO 13,NO APLICA|MAUTE,TECPETROL COLOMBIA SAS,EXPLORACION|EVALUACION,CONTRATO DE EXPLORACION Y PRODUCCION (E&P)
b8a8613eace23db7fd48dbd5,2026-10-05T01:35-05:00,2026-10-05T06:35:00Z,2026-10-05,3.6287,-72.00655,VIIRS-NOAA-20,NOAA-20,VIIRS,43.4,4,4.4,Nominal,N,0.51,0.41,true,true,Puntos_de_calor_Colombia_2026-10-05.csv,2026-10-06T06:27:43Z,50,Meta,50568,Puerto Gaitán,asignado,cache_geometrico,false,0,,,,asignado,321111,3.2.1.1.1.1.  Herbazal denso de tierra firme no arbolado,3,32,321,3211,32111,321111,SI,Landsat_2024_mediana_28042025,GoogleEarth,false,0,,,,,dentro,0.00,2,0,2,LAM5475|LAM5281,ÁREA DE PERFORACIÓN EXPLORATORIA BLOQUE CPO-12|PERFORACIÓN EXPLORATORIA CPO-13,META  PETROLEUM CORP|TECPETROL COLOMBIA S.A.S.,poligono,entre_1_y_5_km,4608.25,2,0195,CPO 13,NO APLICA|MAUTE,TECPETROL COLOMBIA SAS,EXPLORACION|EVALUACION,CONTRATO DE EXPLORACION Y PRODUCCION (E&P)
ba6deaf61724d9b9b16fcf42,2026-10-05T01:35-05:00,2026-10-05T06:35:00Z,2026-10-05,5.33409,-73.70074,VIIRS-NOAA-20,NOAA-20,VIIRS,27.4,5.2,1.2,Nominal,N,0.41,0.37,true,true,Puntos_de_calor_Colombia_2026-10-05.csv,2026-10-06T06:27:43Z,25,Cundinamarca,25317,Guachetá,asignado,cache_geometrico,false,0,,,,asignado,1211,1.2.1.1. Zonas industriales,1,12,121,1211,,,SI,Landsat_2024_mediana_28042025,GoogleMaps,true,1,2505,(8320024516) UNIMINAS S.A.S.\ (8605139701) COMERCIALIZADORA INTERNACIONAL MILPA S.A,Explotación,"ANTRACITA, CARBÓN METALÚRGICO, CARBÓN TÉRMICO",hasta_1_km,916.82,2,0,2,LAM0169|LAM2375,"POLIDUCTO DEL ORIENTE (SEBASTOPOL TOCANCIPA)|RED FERREA DEL ATLANTICO, REHABILITACION, CONSERVACION Y MANTENIMIENTO DE RED FERREA EN LOS SECTORES DE BOGOTA - SANTA MARTA, BOGOTA -  BELENCITO, LA CARO – LENGUAZAQUE, BELLO - PUERTO BERRIO",ECOPETROL S.A.|FERROCARRILES DEL NORTE DE COLOMBIA S.A FENOCO S.A,linea,hasta_1_km,89.92,1,0178,MUISCA,NO APLICA,MAUREL AND PROM COLOMBIA B.V.,EXPLORACION,CONTRATO DE EXPLORACION Y PRODUCCION (E&P)
c8db67be716bca2e8f409e5e,2026-10-05T01:35-05:00,2026-10-05T06:35:00Z,2026-10-05,3.62795,-72.00201,VIIRS-NOAA-20,NOAA-20,VIIRS,75.2,3.5,4.4,Nominal,N,0.51,0.41,true,true,Puntos_de_calor_Colombia_2026-10-05.csv,2026-10-06T06:27:43Z,50,Meta,50568,Puerto Gaitán,asignado,cache_geometrico,false,0,,,,asignado,321111,3.2.1.1.1.1.  Herbazal denso de tierra firme no arbolado,3,32,321,3211,32111,321111,SI,Landsat_2024_mediana_28042025,GoogleEarth,false,0,,,,,dentro,0.00,2,0,2,LAM5475|LAM5281,ÁREA DE PERFORACIÓN EXPLORATORIA BLOQUE CPO-12|PERFORACIÓN EXPLORATORIA CPO-13,META  PETROLEUM CORP|TECPETROL COLOMBIA S.A.S.,poligono,entre_1_y_5_km,4104.01,2,0195,CPO 13,NO APLICA|MAUTE,TECPETROL COLOMBIA SAS,EXPLORACION|EVALUACION,CONTRATO DE EXPLORACION Y PRODUCCION (E&P)
cf32ae5d6129e660538a63eb,2026-10-05T01:35-05:00,2026-10-05T06:35:00Z,2026-10-05,4.2952,-71.17378,VIIRS-NOAA-20,NOAA-20,VIIRS,39.7,12.5,1.3,Nominal,N,0.56,0.43,true,true,Puntos_de_calor_Colombia_2026-10-05.csv,2026-10-06T06:27:43Z,50,Meta,50568,Puerto Gaitán,asignado,cache_geometrico,false,0,,,,asignado,321111,3.2.1.1.1.1.  Herbazal denso de tierra firme no arbolado,3,32,321,3211,32111,321111,SI,Landsat_2024_mediana_28042025,GoogleEarth,false,0,,,,,dentro,0.00,2,0,2,LAV0048-14|LAV0090-00-2014,ÁREA DE PERFORACIÓN EXPLORATORIA CPO 8 NORTE|ÁREA DE PERFORACIÓN EXPLORATORIA CPO-8 SUR,ECOPETROL S.A.,poligono,mas_de_5_km,,0,,,,,,
d14080bfd47adfe197abc40d,2026-10-05T01:35-05:00,2026-10-05T06:35:00Z,2026-10-05,3.60805,-72.24174,VIIRS-NOAA-20,NOAA-20,VIIRS,33.4,-0.6,1.2,Nominal,N,0.49,0.41,true,true,Puntos_de_calor_Colombia_2026-10-05.csv,2026-10-06T06:27:43Z,50,Meta,50568,Puerto Gaitán,asignado,cache_geometrico,false,0,,,,asignado,321111,3.2.1.1.1.1.  Herbazal denso de tierra firme no arbolado,3,32,321,3211,32111,321111,SI,Landsat_2024_mediana_28042025,GoogleEarth,false,0,,,,,dentro,0.00,1,0,1,LAM5475,ÁREA DE PERFORACIÓN EXPLORATORIA BLOQUE CPO-12,META  PETROLEUM CORP,poligono,entre_1_y_5_km,2730.48,1,0293,CPE-6,HAMACA,FRONTERA ENERGY COLOMBIA CORP.,PRODUCCION,CONTRATO DE EXPLORACION Y PRODUCCION (E&P)
d66ea2a4857401f342460492,2026-10-05T01:35-05:00,2026-10-05T06:35:00Z,2026-10-05,3.61105,-72.23677,VIIRS-NOAA-20,NOAA-20,VIIRS,27.2,-5.4,,Nominal,N,0.49,0.41,true,true,Puntos_de_calor_Colombia_2026-10-05.csv,2026-10-06T06:27:43Z,50,Meta,50568,Puerto Gaitán,asignado,cache_geometrico,false,0,,,,asignado,321111,3.2.1.1.1.1.  Herbazal denso de tierra firme no arbolado,3,32,321,3211,32111,321111,SI,Landsat_2024_mediana_28042025,GoogleEarth,false,0,,,,,dentro,0.00,1,0,1,LAM5475,ÁREA DE PERFORACIÓN EXPLORATORIA BLOQUE CPO-12,META  PETROLEUM CORP,poligono,entre_1_y_5_km,3061.97,1,0293,CPE-6,HAMACA,FRONTERA ENERGY COLOMBIA CORP.,PRODUCCION,CONTRATO DE EXPLORACION Y PRODUCCION (E&P)
f8df8dcb2a97ddc4c90da240,2026-10-05T01:35-05:00,2026-10-05T06:35:00Z,2026-10-05,5.46842,-73.55615,VIIRS-NOAA-20,NOAA-20,VIIRS,28.2,6.5,,Nominal,N,0.41,0.37,true,true,Puntos_de_calor_Colombia_2026-10-05.csv,2026-10-06T06:27:43Z,15,Boyacá,15646,Samacá,asignado,cache_geometrico,false,0,,,,asignado,243,"2.4.3. Mosaico de cultivos, pastos y espacios naturales",2,24,243,,,,SI,Landsat_2024_mediana_28042025,,true,1,7239,(91800437) COOP. BOYACENSE PRODUCTORES CARBON,Explotación,"ANTRACITA, CARBÓN METALÚRGICO, CARBÓN TÉRMICO",mas_de_5_km,,0,0,0,,,,,mas_de_5_km,,0,,,,,,
0b1d9a5b788867b608465038,2026-10-05T08:38-05:00,2026-10-05T13:38:00Z,2026-10-05,3.89806,-72.67042,MODIS-Terra,Terra,MODIS,45.3,21.3,11.8,73 %,D,1.07,1.03,true,true,Puntos_de_calor_Colombia_2026-10-05.csv,2026-10-06T06:27:43Z,50,Meta,50573,Puerto López,asignado,cache_geometrico,false,0,,,,asignado,314,3.1.4. Bosque de galería y ripario,3,31,314,,,,SI,Landsat_2024_mediana_28042025,,false,0,,,,,dentro,0.00,10,0,10,LAM3376|LAM1093|LAM1820|LAV0043-13|LAV0048-13|LAM5669,"BLOQUE DE PERFORACION EXPLORATORIA MENEGUA|EXPLOTACION DEL CAMPO VALDIVIA-ALMAGRO ""AREA DE INTERES""|AREA DE INTERES DE PERFORACION EXPLORATORIA DENOMINADO TAMANACO|MODIFICACION AREA DE INTERES DE PERFORACION EXPLORATORIA DENOMINADO TAMANACO|CONSTRUCCIÓN DE FACILIDADES DE PRODUCCIÓN CAMPO VALMAGRO.|AREA DE PERFORACION RETOÑO|AREA DE PERFORACIÓN EXPLORATORIA NECTAR, DEL BLOQUE CPO11|BLOQUE DE PERFORACIÓN EXPLORATORIA TAMANACO.|AREA DE PERFORACIÓN EXPLORATORIA LLANOS-58",VETRA EXPLORACIÓN Y PRODUCCIÓN COLOMBIA S.A.S. – VETRA EyP S.A.S.|PETROTESTING COLOMBIA S.A.|ECOPETROL S.A.|HUPECOL OPERATING CO LLC,poligono|punto,dentro,0.00,4,0277|0161|0920,LLA 58|VALDIVIA-ALMAGRO|CPO 11-2,FRANKMAVE|VALDIVIA-ALMAGRO|NO APLICA|LLA 58-4,ANDES OPERATING COMPANY LLC|IBEROAMERICANA DE HIDROCARBUROS ENERGY COLOMBIA S.A.S.|PAREX RESOURCES (COLOMBIA) AG,PRODUCCION|EXPLORACION,CONTRATO DE EXPLORACION Y PRODUCCION (E&P)|CONVENIO DE EXPLOTACION
1cb8d10e930320799bf802bc,2026-10-05T08:38-05:00,2026-10-05T13:38:00Z,2026-10-05,1.69966,-77.12877,MODIS-Terra,Terra,MODIS,42.4,23.9,8.1,48 %,D,1.18,1.08,true,true,Puntos_de_calor_Colombia_2026-10-05.csv,2026-10-06T06:27:43Z,19,Cauca,19450,Mercaderes,asignado,cache_geometrico,false,0,,,,asignado,243,"2.4.3. Mosaico de cultivos, pastos y espacios naturales",2,24,243,,,,SI,Landsat_2024_mediana_28042025,,true,1,BLOQUE 568,,,ZONAS RESERVADAS CON POTENCIAL - BLOQUE 568,mas_de_5_km,,0,0,0,,,,,mas_de_5_km,,0,,,,,,
44f1ba84e06a10550d89a2e0,2026-10-05T08:38-05:00,2026-10-05T13:38:00Z,2026-10-05,3.90743,-72.6722,MODIS-Terra,Terra,MODIS,46.9,22.4,12.6,75 %,D,1.07,1.03,true,true,Puntos_de_calor_Colombia_2026-10-05.csv,2026-10-06T06:27:43Z,50,Meta,50573,Puerto López,asignado,cache_geometrico,false,0,,,,asignado,244,2.4.4. Mosaico de pastos con espacios naturales,2,24,244,,,,SI,Landsat_2024_mediana_28042025,Basemap,false,0,,,,,dentro,0.00,10,0,10,LAM3376|LAM1093|LAM1820|LAV0043-13|LAV0048-13|LAM5669,"BLOQUE DE PERFORACION EXPLORATORIA MENEGUA|EXPLOTACION DEL CAMPO VALDIVIA-ALMAGRO ""AREA DE INTERES""|CONSTRUCCIÓN DE FACILIDADES DE PRODUCCIÓN CAMPO VALMAGRO.|AREA DE INTERES DE PERFORACION EXPLORATORIA DENOMINADO TAMANACO|MODIFICACION AREA DE INTERES DE PERFORACION EXPLORATORIA DENOMINADO TAMANACO|AREA DE PERFORACION RETOÑO|AREA DE PERFORACIÓN EXPLORATORIA NECTAR, DEL BLOQUE CPO11|AREA DE PERFORACIÓN EXPLORATORIA LLANOS-58|BLOQUE DE PERFORACIÓN EXPLORATORIA TAMANACO.",VETRA EXPLORACIÓN Y PRODUCCIÓN COLOMBIA S.A.S. – VETRA EyP S.A.S.|PETROTESTING COLOMBIA S.A.|ECOPETROL S.A.|HUPECOL OPERATING CO LLC,poligono|punto,hasta_1_km,38.27,4,0277|0161|0920,LLA 58|VALDIVIA-ALMAGRO|CPO 11-2,FRANKMAVE|VALDIVIA-ALMAGRO|NO APLICA|LLA 58-4,ANDES OPERATING COMPANY LLC|IBEROAMERICANA DE HIDROCARBUROS ENERGY COLOMBIA S.A.S.|PAREX RESOURCES (COLOMBIA) AG,PRODUCCION|EXPLORACION,CONTRATO DE EXPLORACION Y PRODUCCION (E&P)|CONVENIO DE EXPLOTACION
4cdfeb283a2e511237d47938,2026-10-05T08:38-05:00,2026-10-05T13:38:00Z,2026-10-05,3.62313,-71.99442,MODIS-Terra,Terra,MODIS,44.7,22.9,10.8,71 %,D,1.15,1.07,true,true,Puntos_de_calor_Colombia_2026-10-05.csv,2026-10-06T06:27:43Z,50,Meta,50568,Puerto Gaitán,asignado,cache_geometrico,false,0,,,,asignado,321111,3.2.1.1.1.1.  Herbazal denso de tierra firme no arbolado,3,32,321,3211,32111,321111,SI,Landsat_2024_mediana_28042025,GoogleEarth,false,0,,,,,dentro,0.00,2,0,2,LAM5281|LAM5475,PERFORACIÓN EXPLORATORIA CPO-13|ÁREA DE PERFORACIÓN EXPLORATORIA BLOQUE CPO-12,TECPETROL COLOMBIA S.A.S.|META  PETROLEUM CORP,poligono,entre_1_y_5_km,3260.16,2,0195,CPO 13,MAUTE|NO APLICA,TECPETROL COLOMBIA SAS,EVALUACION|EXPLORACION,CONTRATO DE EXPLORACION Y PRODUCCION (E&P)
568814cb4430c3481d6c369f,2026-10-05T08:38-05:00,2026-10-05T13:38:00Z,2026-10-05,4.94033,-69.481,MODIS-Terra,Terra,MODIS,40.9,22.6,11.2,65 %,D,1.62,1.25,true,true,Puntos_de_calor_Colombia_2026-10-05.csv,2026-10-06T06:27:43Z,99,Vichada,99773,Cumaribo,asignado,cache_geometrico,false,0,,,,asignado,314,3.1.4. Bosque de galería y ripario,3,31,314,,,,SI,Landsat_2024_mediana_28042025,GoogleEarth,false,0,,,,,mas_de_5_km,,0,0,0,,,,,mas_de_5_km,,0,,,,,,
9d2c2bcbfab5607800d5e691,2026-10-05T08:38-05:00,2026-10-05T13:38:00Z,2026-10-05,3.62461,-72.00448,MODIS-Terra,Terra,MODIS,50.9,23.2,18.4,78 %,D,1.15,1.07,true,true,Puntos_de_calor_Colombia_2026-10-05.csv,2026-10-06T06:27:43Z,50,Meta,50568,Puerto Gaitán,asignado,cache_geometrico,false,0,,,,asignado,321111,3.2.1.1.1.1.  Herbazal denso de tierra firme no arbolado,3,32,321,3211,32111,321111,SI,Landsat_2024_mediana_28042025,GoogleEarth,false,0,,,,,dentro,0.00,2,0,2,LAM5475|LAM5281,ÁREA DE PERFORACIÓN EXPLORATORIA BLOQUE CPO-12|PERFORACIÓN EXPLORATORIA CPO-13,META  PETROLEUM CORP|TECPETROL COLOMBIA S.A.S.,poligono,entre_1_y_5_km,4377.45,2,0195,CPO 13,NO APLICA|MAUTE,TECPETROL COLOMBIA SAS,EXPLORACION|EVALUACION,CONTRATO DE EXPLORACION Y PRODUCCION (E&P)
f5cea0928e551f041d6d8dc8,2026-10-05T08:38-05:00,2026-10-05T13:38:00Z,2026-10-05,4.92939,-69.48269,MODIS-Terra,Terra,MODIS,55.3,22.4,40.1,82 %,D,1.62,1.25,true,true,Puntos_de_calor_Colombia_2026-10-05.csv,2026-10-06T06:27:43Z,99,Vichada,99773,Cumaribo,asignado,cache_geometrico,false,0,,,,asignado,321111,3.2.1.1.1.1.  Herbazal denso de tierra firme no arbolado,3,32,321,3211,32111,321111,SI,Landsat_2024_mediana_28042025,GoogleEarth,false,0,,,,,mas_de_5_km,,0,0,0,,,,,mas_de_5_km,,0,,,,,,
00ef246646712b9c2fbc2777,2026-10-05T12:20-05:00,2026-10-05T17:20:00Z,2026-10-05,5.79858,-69.00353,VIIRS-Suomi-NPP,Suomi-NPP,VIIRS,83.5,14.1,23.7,Baja,D,0.63,0.72,true,false,Puntos_de_calor_Colombia_2026-10-05.csv,2026-10-06T06:27:43Z,99,Vichada,99524,La Primavera,asignado,cache_geometrico,false,0,,,,asignado,314,3.1.4. Bosque de galería y ripario,3,31,314,,,,SI,Landsat_2024_mediana_28042025,GoogleEarth,false,0,,,,,mas_de_5_km,,0,0,0,,,,,mas_de_5_km,,0,,,,,,
0eb26e50c2a6a16ad09cccfb,2026-10-05T12:20-05:00,2026-10-05T17:20:00Z,2026-10-05,5.82416,-69.01371,VIIRS-Suomi-NPP,Suomi-NPP,VIIRS,61,15,13.8,Nominal,D,0.63,0.72,true,false,Puntos_de_calor_Colombia_2026-10-05.csv,2026-10-06T06:27:43Z,99,Vichada,99524,La Primavera,asignado,cache_geometrico,false,0,,,,asignado,321111,3.2.1.1.1.1.  Herbazal denso de tierra firme no arbolado,3,32,321,3211,32111,321111,SI,Landsat_2024_mediana_28042025,GoogleEarth,false,0,,,,,mas_de_5_km,,0,0,0,,,,,mas_de_5_km,,0,,,,,,
1e747e1bc4339a71e89ae7a5,2026-10-05T12:20-05:00,2026-10-05T17:20:00Z,2026-10-05,5.63087,-67.80038,VIIRS-Suomi-NPP,Suomi-NPP,VIIRS,54.5,15.8,5,Nominal,D,0.53,0.67,true,false,Puntos_de_calor_Colombia_2026-10-05.csv,2026-10-06T06:27:43Z,99,Vichada,99001,Puerto Carreño,asignado,cache_geometrico,false,0,,,,asignado,321121,3.2.1.1.2.1. Herbazal denso inundable no arbolado,3,32,321,3211,32112,321121,SI,Landsat_2024_mediana_28042025,GoogleEarth,true,1,Bloque889,,,,mas_de_5_km,,0,0,0,,,,,mas_de_5_km,,0,,,,,,
4f1e8e024551a3410d01a212,2026-10-05T12:20-05:00,2026-10-05T17:20:00Z,2026-10-05,6.08794,-69.48096,VIIRS-Suomi-NPP,Suomi-NPP,VIIRS,63.4,13.9,7.6,Nominal,D,0.67,0.74,true,false,Puntos_de_calor_Colombia_2026-10-05.csv,2026-10-06T06:27:43Z,81,Arauca,81220,Cravo Norte,asignado,cache_geometrico,false,0,,,,asignado,244,2.4.4. Mosaico de pastos con espacios naturales,2,24,244,,,,SI,Landsat_2024_mediana_28042025,GoogleEarth,false,0,,,,,mas_de_5_km,,0,0,0,,,,,mas_de_5_km,,0,,,,,,
4fc11b4a6b4b1e3dec396d37,2026-10-05T12:20-05:00,2026-10-05T17:20:00Z,2026-10-05,5.81084,-69.01156,VIIRS-Suomi-NPP,Suomi-NPP,VIIRS,74.8,14.9,11.6,Nominal,D,0.63,0.72,true,false,Puntos_de_calor_Colombia_2026-10-05.csv,2026-10-06T06:27:43Z,99,Vichada,99524,La Primavera,asignado,cache_geometrico,false,0,,,,asignado,321111,3.2.1.1.1.1.  Herbazal denso de tierra firme no arbolado,3,32,321,3211,32111,321111,SI,Landsat_2024_mediana_28042025,GoogleEarth,false,0,,,,,mas_de_5_km,,0,0,0,,,,,mas_de_5_km,,0,,,,,,
5ef5b1f2a123e64db0b95a22,2026-10-05T12:20-05:00,2026-10-05T17:20:00Z,2026-10-05,5.80417,-69.01049,VIIRS-Suomi-NPP,Suomi-NPP,VIIRS,72.4,13.9,11.6,Nominal,D,0.63,0.72,true,false,Puntos_de_calor_Colombia_2026-10-05.csv,2026-10-06T06:27:43Z,99,Vichada,99524,La Primavera,asignado,cache_geometrico,false,0,,,,asignado,314,3.1.4. Bosque de galería y ripario,3,31,314,,,,SI,Landsat_2024_mediana_28042025,GoogleEarth,false,0,,,,,mas_de_5_km,,0,0,0,,,,,mas_de_5_km,,0,,,,,,
77c4544aa1cb00f06dab5537,2026-10-05T12:20-05:00,2026-10-05T17:20:00Z,2026-10-05,5.50158,-69.61657,VIIRS-Suomi-NPP,Suomi-NPP,VIIRS,83.3,12.9,43.6,Nominal,D,0.7,0.75,true,false,Puntos_de_calor_Colombia_2026-10-05.csv,2026-10-06T06:27:43Z,99,Vichada,99524,La Primavera,asignado,cache_geometrico,false,0,,,,asignado,321111,3.2.1.1.1.1.  Herbazal denso de tierra firme no arbolado,3,32,321,3211,32111,321111,SI,Landsat_2024_mediana_28042025,GoogleEarth,false,0,,,,,mas_de_5_km,,0,0,0,,,,,mas_de_5_km,,0,,,,,,
a72fe1b827f13949d62ffb40,2026-10-05T12:20-05:00,2026-10-05T17:20:00Z,2026-10-05,5.50035,-69.62309,VIIRS-Suomi-NPP,Suomi-NPP,VIIRS,79.3,13.8,43.9,Nominal,D,0.7,0.75,true,false,Puntos_de_calor_Colombia_2026-10-05.csv,2026-10-06T06:27:43Z,99,Vichada,99524,La Primavera,asignado,cache_geometrico,false,0,,,,asignado,321111,3.2.1.1.1.1.  Herbazal denso de tierra firme no arbolado,3,32,321,3211,32111,321111,SI,Landsat_2024_mediana_28042025,GoogleEarth,false,0,,,,,mas_de_5_km,,0,0,0,,,,,mas_de_5_km,,0,,,,,,
b85346d41b3eba956b424e99,2026-10-05T12:20-05:00,2026-10-05T17:20:00Z,2026-10-05,5.51663,-69.22994,VIIRS-Suomi-NPP,Suomi-NPP,VIIRS,57.2,14,8.6,Nominal,D,0.66,0.73,true,false,Puntos_de_calor_Colombia_2026-10-05.csv,2026-10-06T06:27:43Z,99,Vichada,99524,La Primavera,asignado,cache_geometrico,false,0,,,,asignado,321111,3.2.1.1.1.1.  Herbazal denso de tierra firme no arbolado,3,32,321,3211,32111,321111,SI,Landsat_2024_mediana_28042025,GoogleEarth,false,0,,,,,mas_de_5_km,,0,0,0,,,,,mas_de_5_km,,0,,,,,,
e7137cdef7fc51117114dea9,2026-10-05T12:20-05:00,2026-10-05T17:20:00Z,2026-10-05,5.77148,-68.97852,VIIRS-Suomi-NPP,Suomi-NPP,VIIRS,74.3,14.9,5.2,Nominal,D,0.63,0.72,true,false,Puntos_de_calor_Colombia_2026-10-05.csv,2026-10-06T06:27:43Z,99,Vichada,99524,La Primavera,asignado,cache_geometrico,false,0,,,,asignado,321111,3.2.1.1.1.1.  Herbazal denso de tierra firme no arbolado,3,32,321,3211,32111,321111,SI,Landsat_2024_mediana_28042025,GoogleEarth,false,0,,,,,mas_de_5_km,,0,0,0,,,,,mas_de_5_km,,0,,,,,,
1795d56ee500f19f6f7d13e2,2026-10-05T12:37-05:00,2026-10-05T17:37:00Z,2026-10-05,0.63722,-74.65932,VIIRS-NOAA-20,NOAA-20,VIIRS,61.3,16.3,8.7,Nominal,D,0.68,0.74,true,true,Puntos_de_calor_Colombia_2026-10-05.csv,2026-10-06T06:27:43Z,18,Caquetá,18150,Cartagena Del Chairá,asignado,cache_geometrico,false,0,,,,asignado,231,2.3.1. Pastos limpios,2,23,231,,,,SI,L8_859_20240410,,false,0,,,,,mas_de_5_km,,0,0,0,,,,,mas_de_5_km,,0,,,,,,
2e78baedc005bea0adf4a783,2026-10-05T12:37-05:00,2026-10-05T17:37:00Z,2026-10-05,-2.79418,-70.08009,VIIRS-NOAA-20,NOAA-20,VIIRS,60.7,18.8,2.5,Nominal,D,0.37,0.58,true,true,Puntos_de_calor_Colombia_2026-10-05.csv,2026-10-06T06:27:43Z,,,,,sin_asignacion,consulta_dane_exacta_sin_interseccion,false,0,,,,sin_cobertura,,,,,,,,,,,,false,0,,,,,mas_de_5_km,,0,0,0,,,,,mas_de_5_km,,0,,,,,,
5dfe370dd99bbdf94fcbed5e,2026-10-05T12:37-05:00,2026-10-05T17:37:00Z,2026-10-05,2.10124,-72.93274,VIIRS-NOAA-20,NOAA-20,VIIRS,61.8,17.4,4.7,Nominal,D,0.49,0.65,true,true,Puntos_de_calor_Colombia_2026-10-05.csv,2026-10-06T06:27:43Z,95,Guaviare,95015,Calamar,asignado,cache_geometrico,false,0,,,,asignado,31111,3.1.1.1.1. Bosque denso alto de tierra firme,3,31,311,3111,31111,,SI,L9_759_20240115,Planet Medres Normalized Analytic 2024-01 Mosaic,false,0,,,,,mas_de_5_km,,0,0,0,,,,,mas_de_5_km,,0,,,,,,
763757eca0d9dff21e0fbf6f,2026-10-05T12:37-05:00,2026-10-05T17:37:00Z,2026-10-05,1.84381,-74.06294,VIIRS-NOAA-20,NOAA-20,VIIRS,63.8,17.2,6.2,Nominal,D,0.59,0.7,true,true,Puntos_de_calor_Colombia_2026-10-05.csv,2026-10-06T06:27:43Z,18,Caquetá,18753,San Vicente Del Caguán,asignado,cache_geometrico,false,0,,,,asignado,321111,3.2.1.1.1.1.  Herbazal denso de tierra firme no arbolado,3,32,321,3211,32111,321111,SI,L9_759_20240115,,false,0,,,,,mas_de_5_km,,0,0,0,,,,,mas_de_5_km,,0,,,,,,
792297b563b17a3986ef1ea7,2026-10-05T12:37-05:00,2026-10-05T17:37:00Z,2026-10-05,1.60218,-74.04427,VIIRS-NOAA-20,NOAA-20,VIIRS,80.7,18.2,15.7,Nominal,D,0.6,0.7,true,true,Puntos_de_calor_Colombia_2026-10-05.csv,2026-10-06T06:27:43Z,18,Caquetá,18753,San Vicente Del Caguán,asignado,cache_geometrico,false,0,,,,asignado,321111,3.2.1.1.1.1.  Herbazal denso de tierra firme no arbolado,3,32,321,3211,32111,321111,SI,L9_759_20240115,,false,0,,,,,mas_de_5_km,,0,0,0,,,,,mas_de_5_km,,0,,,,,,
87de6d92adffbaf7477160cc,2026-10-05T12:37-05:00,2026-10-05T17:37:00Z,2026-10-05,1.97583,-74.15746,VIIRS-NOAA-20,NOAA-20,VIIRS,53.4,17,3.3,Nominal,D,0.6,0.71,true,true,Puntos_de_calor_Colombia_2026-10-05.csv,2026-10-06T06:27:43Z,18,Caquetá,18753,San Vicente Del Caguán,asignado,cache_geometrico,false,0,,,,asignado,321111,3.2.1.1.1.1.  Herbazal denso de tierra firme no arbolado,3,32,321,3211,32111,321111,SI,L9_759_20240115,Planet Medres Normalized Analytic 2024-01 Mosaic,false,0,,,,,mas_de_5_km,,0,0,0,,,,,mas_de_5_km,,0,,,,,,
8a304b16555dcfbab79ee30a,2026-10-05T12:37-05:00,2026-10-05T17:37:00Z,2026-10-05,-0.21095,-74.28243,VIIRS-NOAA-20,NOAA-20,VIIRS,54.9,14.3,4.2,Nominal,D,0.66,0.73,true,true,Puntos_de_calor_Colombia_2026-10-05.csv,2026-10-06T06:27:43Z,86,Putumayo,86573,Puerto Leguízamo,asignado,cache_geometrico,false,0,,,,asignado,232,2.3.2. Pastos arbolados,2,23,232,,,,SI,L8_760_20240229,"S2B_MSIL2A_20240628T151729_N0510_R125_T18MWE_20240628T191740, Planet Medres Normalized Analytic 2024-01 Mosaic",false,0,,,,,mas_de_5_km,,0,0,0,,,,,mas_de_5_km,,0,,,,,,
8dcbac5d17dbdfe501e2c1ab,2026-10-05T12:37-05:00,2026-10-05T17:37:00Z,2026-10-05,-0.90305,-70.91095,VIIRS-NOAA-20,NOAA-20,VIIRS,56.1,19,2.4,Nominal,D,0.4,0.6,true,true,Puntos_de_calor_Colombia_2026-10-05.csv,2026-10-06T06:27:43Z,91,Amazonas,91460,Mirití - Paraná,asignado,cache_geometrico,false,0,,,,asignado,31111,3.1.1.1.1. Bosque denso alto de tierra firme,3,31,311,3111,31111,,SI,L9_561_20240507,,false,0,,,,,mas_de_5_km,,0,0,0,,,,,mas_de_5_km,,0,,,,,,
95e7b23cdcf6c19c17dbc57d,2026-10-05T12:37-05:00,2026-10-05T17:37:00Z,2026-10-05,-0.00889,-70.1334,VIIRS-NOAA-20,NOAA-20,VIIRS,57.9,20.5,3,Nominal,D,0.34,0.56,true,true,Puntos_de_calor_Colombia_2026-10-05.csv,2026-10-06T06:27:43Z,97,Vaupés,97511,Pacoa,asignado,cache_geometrico,false,0,,,,asignado,243,"2.4.3. Mosaico de cultivos, pastos y espacios naturales",2,24,243,,,,SI,L9_560_20240507,,false,0,,,,,mas_de_5_km,,0,0,0,,,,,mas_de_5_km,,0,,,,,,
be13955cb94b7cd23595e3ea,2026-10-05T12:37-05:00,2026-10-05T17:37:00Z,2026-10-05,1.84527,-74.06423,VIIRS-NOAA-20,NOAA-20,VIIRS,65,16.7,6.1,Nominal,D,0.59,0.7,true,true,Puntos_de_calor_Colombia_2026-10-05.csv,2026-10-06T06:27:43Z,18,Caquetá,18753,San Vicente Del Caguán,asignado,cache_geometrico,false,0,,,,asignado,321111,3.2.1.1.1.1.  Herbazal denso de tierra firme no arbolado,3,32,321,3211,32111,321111,SI,L9_759_20240115,,false,0,,,,,mas_de_5_km,,0,0,0,,,,,mas_de_5_km,,0,,,,,,
c9f8a1b82b96914cc9c798d9,2026-10-05T12:37-05:00,2026-10-05T17:37:00Z,2026-10-05,0.63625,-74.66544,VIIRS-NOAA-20,NOAA-20,VIIRS,58.4,16.6,8.8,Nominal,D,0.68,0.74,true,true,Puntos_de_calor_Colombia_2026-10-05.csv,2026-10-06T06:27:43Z,18,Caquetá,18150,Cartagena Del Chairá,asignado,cache_geometrico,false,0,,,,asignado,231,2.3.1. Pastos limpios,2,23,231,,,,SI,L8_859_20240410,,false,0,,,,,mas_de_5_km,,0,0,0,,,,,mas_de_5_km,,0,,,,,,
d075b3d6dc6b33399cfddfde,2026-10-05T12:37-05:00,2026-10-05T17:37:00Z,2026-10-05,1.60094,-74.04312,VIIRS-NOAA-20,NOAA-20,VIIRS,93.9,17.5,12.5,Alta,D,0.6,0.7,true,true,Puntos_de_calor_Colombia_2026-10-05.csv,2026-10-06T06:27:43Z,18,Caquetá,18753,San Vicente Del Caguán,asignado,cache_geometrico,false,0,,,,asignado,314,3.1.4. Bosque de galería y ripario,3,31,314,,,,SI,L9_759_20240115,,false,0,,,,,mas_de_5_km,,0,0,0,,,,,mas_de_5_km,,0,,,,,,
ef94133485858a3909ce5e72,2026-10-05T12:37-05:00,2026-10-05T17:37:00Z,2026-10-05,1.34608,-74.21926,VIIRS-NOAA-20,NOAA-20,VIIRS,53.5,16.4,1.9,Nominal,D,0.62,0.71,true,true,Puntos_de_calor_Colombia_2026-10-05.csv,2026-10-06T06:27:43Z,18,Caquetá,18753,San Vicente Del Caguán,asignado,cache_geometrico,false,0,,,,asignado,321111,3.2.1.1.1.1.  Herbazal denso de tierra firme no arbolado,3,32,321,3211,32111,321111,SI,L9_759_20240115,,false,0,,,,,mas_de_5_km,,0,0,0,,,,,mas_de_5_km,,0,,,,,,
fd1d81658345a97903fbe2b1,2026-10-05T12:37-05:00,2026-10-05T17:37:00Z,2026-10-05,-2.79578,-70.08069,VIIRS-NOAA-20,NOAA-20,VIIRS,57.5,19.1,2.7,Nominal,D,0.37,0.58,true,true,Puntos_de_calor_Colombia_2026-10-05.csv,2026-10-06T06:27:43Z,91,Amazonas,91798,Tarapacá,asignado,cache_geometrico,false,0,,,,asignado,323,3.2.3. Vegetación secundaria o en transición,3,32,323,,,,SI,L8_462_20240514,,false,0,,,,,mas_de_5_km,,0,0,0,,,,,mas_de_5_km,,0,,,,,,
002ffa4589c5a48346155256,2026-10-05T12:39-05:00,2026-10-05T17:39:00Z,2026-10-05,4.35861,-69.30177,VIIRS-NOAA-20,NOAA-20,VIIRS,55.7,20.8,3,Nominal,D,0.5,0.49,true,true,Puntos_de_calor_Colombia_2026-10-05.csv,2026-10-06T06:27:43Z,99,Vichada,99773,Cumaribo,asignado,cache_geometrico,false,0,,,,asignado,321121,3.2.1.1.2.1. Herbazal denso inundable no arbolado,3,32,321,3211,32112,321121,SI,L9_557_20240225,Mosaico Sentinel-2_L2A_False_color 2024-01-27-00_00_2024-01-27-23_59,false,0,,,,,mas_de_5_km,,0,0,0,,,,,mas_de_5_km,,0,,,,,,
02423a606d3138a07e0d6b81,2026-10-05T12:39-05:00,2026-10-05T17:39:00Z,2026-10-05,5.80512,-69.96858,VIIRS-NOAA-20,NOAA-20,VIIRS,67.3,20.5,16.2,Nominal,D,0.53,0.5,true,true,Puntos_de_calor_Colombia_2026-10-05.csv,2026-10-06T06:27:43Z,99,Vichada,99524,La Primavera,asignado,cache_geometrico,false,0,,,,asignado,321121,3.2.1.1.2.1. Herbazal denso inundable no arbolado,3,32,321,3211,32112,321121,SI,Landsat_2024_mediana_28042025,GoogleEarth,false,0,,,,,mas_de_5_km,,0,0,0,,,,,mas_de_5_km,,0,,,,,,
03e8b722a385c7510f31ebf0,2026-10-05T12:39-05:00,2026-10-05T17:39:00Z,2026-10-05,4.70489,-70.40414,VIIRS-NOAA-20,NOAA-20,VIIRS,65.8,20.9,7.4,Nominal,D,0.59,0.53,true,true,Puntos_de_calor_Colombia_2026-10-05.csv,2026-10-06T06:27:43Z,99,Vichada,99773,Cumaribo,asignado,cache_geometrico,false,0,,,,asignado,321111,3.2.1.1.1.1.  Herbazal denso de tierra firme no arbolado,3,32,321,3211,32111,321111,SI,Landsat_2024_mediana_28042025,GoogleEarth,false,0,,,,,mas_de_5_km,,0,0,0,,,,,mas_de_5_km,,0,,,,,,
065979861daddcc55e324830,2026-10-05T12:39-05:00,2026-10-05T17:39:00Z,2026-10-05,5.46724,-70.84525,VIIRS-NOAA-20,NOAA-20,VIIRS,70.6,20,13.4,Nominal,D,0.62,0.54,true,true,Puntos_de_calor_Colombia_2026-10-05.csv,2026-10-06T06:27:43Z,85,Casanare,85250,Paz De Ariporo,asignado,cache_geometrico,false,0,,,,asignado,321121,3.2.1.1.2.1. Herbazal denso inundable no arbolado,3,32,321,3211,32112,321121,SI,Landsat_2024_mediana_28042025,GoogleEarth,false,0,,,,,hasta_1_km,990.67,3,0,3,LAM5838|LAV0014-13|LAV0006-00-2025,AUTO 485 EIA APE LLA-62|ÁREA DE PERFORACIÓN EXPLORATORIA MERECURE|ÁREA DE DESARROLLO LLANOS 111,GEOPARK|CEPSA COLOMBIA S.A. - CEPCOLSA|PAREX RESOURCES (COLOMBIA) AG SUCURSAL,poligono,dentro,0.00,2,0817|0859,CPE 2-2|LLA 111,NO APLICA,PAREX RESOURCES (COLOMBIA) AG,EXPLORACION,CONTRATO DE EXPLORACION Y PRODUCCION (E&P)
0a0b10ef715d9e584c46b500,2026-10-05T12:39-05:00,2026-10-05T17:39:00Z,2026-10-05,4.53808,-68.89889,VIIRS-NOAA-20,NOAA-20,VIIRS,57.7,22.2,3.8,Nominal,D,0.47,0.48,true,true,Puntos_de_calor_Colombia_2026-10-05.csv,2026-10-06T06:27:43Z,99,Vichada,99773,Cumaribo,asignado,cache_geometrico,false,0,,,,asignado,321122,3.2.1.1.2.2. Herbazal denso inundable arbolado,3,32,321,3211,32112,321122,SI,Landsat_2024_mediana_28042025,GoogleEarth,true,1,Bloque886,,,,mas_de_5_km,,0,0,0,,,,,mas_de_5_km,,0,,,,,,
0fb961d67845a0feea5d7f18,2026-10-05T12:39-05:00,2026-10-05T17:39:00Z,2026-10-05,4.20983,-70.13482,VIIRS-NOAA-20,NOAA-20,VIIRS,55.4,20.8,6,Nominal,D,0.58,0.52,true,true,Puntos_de_calor_Colombia_2026-10-05.csv,2026-10-06T06:27:43Z,99,Vichada,99773,Cumaribo,asignado,cache_geometrico,false,0,,,,asignado,321111,3.2.1.1.1.1.  Herbazal denso de tierra firme no arbolado,3,32,321,3211,32111,321111,SI,L9_557_20240225,Mosaico Sentinel-2_L2A_False_color 2024-01-27-00_00_2024-01-27-23_59,false,0,,,,,mas_de_5_km,,0,0,0,,,,,mas_de_5_km,,0,,,,,,
1046f52c9b45010a5be77274,2026-10-05T12:39-05:00,2026-10-05T17:39:00Z,2026-10-05,4.77423,-69.74569,VIIRS-NOAA-20,NOAA-20,VIIRS,68.6,17.7,10.2,Nominal,D,0.53,0.5,true,true,Puntos_de_calor_Colombia_2026-10-05.csv,2026-10-06T06:27:43Z,99,Vichada,99773,Cumaribo,asignado,cache_geometrico,false,0,,,,asignado,314,3.1.4. Bosque de galería y ripario,3,31,314,,,,SI,Landsat_2024_mediana_28042025,GoogleEarth,false,0,,,,,mas_de_5_km,,0,0,0,,,,,mas_de_5_km,,0,,,,,,
109366d104de72cddf51f67d,2026-10-05T12:39-05:00,2026-10-05T17:39:00Z,2026-10-05,3.3816,-72.21068,VIIRS-NOAA-20,NOAA-20,VIIRS,82.8,16.3,23.1,Baja,D,0.42,0.61,true,true,Puntos_de_calor_Colombia_2026-10-05.csv,2026-10-06T06:27:43Z,50,Meta,50568,Puerto Gaitán,asignado,cache_geometrico,false,0,,,,asignado,321111,3.2.1.1.1.1.  Herbazal denso de tierra firme no arbolado,3,32,321,3211,32111,321111,SI,Landsat_2024_mediana_28042025,GoogleEarth,false,0,,,,,dentro,0.00,2,0,2,LAM5506,Bloque de Explotación de Hidrocarburos CPE-6 - Área de Desarrollo Fase 1|CPE-6 ÁREA DE DESARROLLO FASE 1,"FRONTERA ENERGY COLOMBIA|FRONTERA ENERGY COLOMBIA CORP., SUCURSAL COLOMBIA",poligono,dentro,0.00,2,0293,CPE-6,HAMACA,FRONTERA ENERGY COLOMBIA CORP.,EVALUACION|PRODUCCION,CONTRATO DE EXPLORACION Y PRODUCCION (E&P)
10fc072821bdacc03c317110,2026-10-05T12:39-05:00,2026-10-05T17:39:00Z,2026-10-05,4.7199,-70.76305,VIIRS-NOAA-20,NOAA-20,VIIRS,68,16.9,14.1,Nominal,D,0.63,0.54,true,true,Puntos_de_calor_Colombia_2026-10-05.csv,2026-10-06T06:27:43Z,99,Vichada,99773,Cumaribo,asignado,cache_geometrico,false,0,,,,asignado,231,2.3.1. Pastos limpios,2,23,231,,,,SI,Landsat_2024_mediana_28042025,GoogleEarth,false,0,,,,,mas_de_5_km,,0,0,0,,,,,mas_de_5_km,,0,,,,,,
127f82ddb18e072cd7cab68a,2026-10-05T12:39-05:00,2026-10-05T17:39:00Z,2026-10-05,6.41291,-70.27362,VIIRS-NOAA-20,NOAA-20,VIIRS,65.4,20.3,3.3,Nominal,D,0.54,0.51,true,true,Puntos_de_calor_Colombia_2026-10-05.csv,2026-10-06T06:27:43Z,81,Arauca,81220,Cravo Norte,asignado,cache_geometrico,false,0,,,,asignado,233,2.3.3. Pastos enmalezados,2,23,233,,,,SI,Landsat_2024_mediana_28042025,GoogleEarth,false,0,,,,,mas_de_5_km,,0,0,0,,,,,mas_de_5_km,,0,,,,,,
1451df071700a5f135ec41f4,2026-10-05T12:39-05:00,2026-10-05T17:39:00Z,2026-10-05,4.95022,-70.82912,VIIRS-NOAA-20,NOAA-20,VIIRS,58.8,17.9,13.4,Nominal,D,0.63,0.54,true,true,Puntos_de_calor_Colombia_2026-10-05.csv,2026-10-06T06:27:43Z,99,Vichada,99624,Santa Rosalía,asignado,cache_geometrico,false,0,,,,asignado,314,3.1.4. Bosque de galería y ripario,3,31,314,,,,SI,Landsat_2024_mediana_28042025,GoogleEarth,false,0,,,,,entre_1_y_5_km,2666.26,2,0,2,LAM3607,AREA DE DESARROLLO LAS GARZAS|AREA DE PERFORACION EXPLORATORIA LAS GARZAS,NEW GRANADA ENERGY CORPORATION SUCURSAL COLOMBIA,poligono,mas_de_5_km,,0,,,,,,
14a1665c6e42d8486ad0060b,2026-10-05T12:39-05:00,2026-10-05T17:39:00Z,2026-10-05,4.58457,-70.62492,VIIRS-NOAA-20,NOAA-20,VIIRS,67.2,20.4,5.7,Nominal,D,0.62,0.54,true,true,Puntos_de_calor_Colombia_2026-10-05.csv,2026-10-06T06:27:43Z,99,Vichada,99773,Cumaribo,asignado,cache_geometrico,false,0,,,,asignado,334,3.3.4. Zonas quemadas,3,33,334,,,,SI,Landsat_2024_mediana_28042025,"GoogleEarth, BingMaps",false,0,,,,,dentro,0.00,2,0,2,LAM5613|LAM3970,AREA DE PERFORACION EXPLORATORIA SALTARIN SUR|AREA DE PERFORACION EXPLORATORIA SALTARIN,HOCOL S.A|HOCOL S.A.,poligono,mas_de_5_km,,0,,,,,,
15c7c17aad184f7a0f298d1f,2026-10-05T12:39-05:00,2026-10-05T17:39:00Z,2026-10-05,5.7791,-68.9776,VIIRS-NOAA-20,NOAA-20,VIIRS,64.2,21.3,4.8,Nominal,D,0.46,0.47,true,true,Puntos_de_calor_Colombia_2026-10-05.csv,2026-10-06T06:27:43Z,99,Vichada,99524,La Primavera,asignado,cache_geometrico,false,0,,,,asignado,321111,3.2.1.1.1.1.  Herbazal denso de tierra firme no arbolado,3,32,321,3211,32111,321111,SI,Landsat_2024_mediana_28042025,GoogleEarth,false,0,,,,,mas_de_5_km,,0,0,0,,,,,mas_de_5_km,,0,,,,,,
1719c4e5e1ccaf774aeceebe,2026-10-05T12:39-05:00,2026-10-05T17:39:00Z,2026-10-05,4.95515,-70.82996,VIIRS-NOAA-20,NOAA-20,VIIRS,76.5,19.1,13.4,Nominal,D,0.63,0.54,true,true,Puntos_de_calor_Colombia_2026-10-05.csv,2026-10-06T06:27:43Z,99,Vichada,99624,Santa Rosalía,asignado,cache_geometrico,false,0,,,,asignado,321111,3.2.1.1.1.1.  Herbazal denso de tierra firme no arbolado,3,32,321,3211,32111,321111,SI,Landsat_2024_mediana_28042025,GoogleEarth,false,0,,,,,entre_1_y_5_km,2840.75,2,0,2,LAM3607,AREA DE DESARROLLO LAS GARZAS|AREA DE PERFORACION EXPLORATORIA LAS GARZAS,NEW GRANADA ENERGY CORPORATION SUCURSAL COLOMBIA,poligono,entre_1_y_5_km,4964.03,1,0817,CPE 2-2,NO APLICA,PAREX RESOURCES (COLOMBIA) AG,EXPLORACION,CONTRATO DE EXPLORACION Y PRODUCCION (E&P)
1872d2f2714956a97ca4c1e8,2026-10-05T12:39-05:00,2026-10-05T17:39:00Z,2026-10-05,6.38632,-70.06784,VIIRS-NOAA-20,NOAA-20,VIIRS,63.4,19.4,3.5,Nominal,D,0.53,0.5,true,true,Puntos_de_calor_Colombia_2026-10-05.csv,2026-10-06T06:27:43Z,81,Arauca,81220,Cravo Norte,asignado,cache_geometrico,false,0,,,,asignado,32121,3.2.1.2.1. Herbazal abierto arenoso,3,32,321,3212,32121,,SI,Landsat_2024_mediana_28042025,GoogleEarth,false,0,,,,,mas_de_5_km,,0,0,0,,,,,mas_de_5_km,,0,,,,,,
19febed94d4ff22ab4fbb62e,2026-10-05T12:39-05:00,2026-10-05T17:39:00Z,2026-10-05,4.90593,-68.34598,VIIRS-NOAA-20,NOAA-20,VIIRS,68.8,22.3,19.4,Nominal,D,0.43,0.46,true,true,Puntos_de_calor_Colombia_2026-10-05.csv,2026-10-06T06:27:43Z,99,Vichada,99773,Cumaribo,asignado,cache_geometrico,false,0,,,,asignado,321111,3.2.1.1.1.1.  Herbazal denso de tierra firme no arbolado,3,32,321,3211,32111,321111,SI,Landsat_2024_mediana_28042025,GoogleEarth,true,1,BLOQUE 895,,,,mas_de_5_km,,0,0,0,,,,,mas_de_5_km,,0,,,,,,
1c63d5fec4d5f1ef3eb3d909,2026-10-05T12:39-05:00,2026-10-05T17:39:00Z,2026-10-05,4.44071,-70.83714,VIIRS-NOAA-20,NOAA-20,VIIRS,93.9,19.4,10.6,Alta,D,0.32,0.55,true,true,Puntos_de_calor_Colombia_2026-10-05.csv,2026-10-06T06:27:43Z,99,Vichada,99773,Cumaribo,asignado,cache_geometrico,false,0,,,,asignado,321111,3.2.1.1.1.1.  Herbazal denso de tierra firme no arbolado,3,32,321,3211,32111,321111,SI,Landsat_2024_mediana_28042025,"GoogleEarth, BingMaps",false,0,,,,,mas_de_5_km,,0,0,0,,,,,mas_de_5_km,,0,,,,,,
1c69379f3cd8580a0280d850,2026-10-05T12:39-05:00,2026-10-05T17:39:00Z,2026-10-05,5.789,-68.9708,VIIRS-NOAA-20,NOAA-20,VIIRS,79,20.5,6.6,Nominal,D,0.45,0.47,true,true,Puntos_de_calor_Colombia_2026-10-05.csv,2026-10-06T06:27:43Z,99,Vichada,99524,La Primavera,asignado,cache_geometrico,false,0,,,,asignado,321111,3.2.1.1.1.1.  Herbazal denso de tierra firme no arbolado,3,32,321,3211,32111,321111,SI,Landsat_2024_mediana_28042025,GoogleEarth,false,0,,,,,mas_de_5_km,,0,0,0,,,,,mas_de_5_km,,0,,,,,,
21d8e5c6e8059a002d27357b,2026-10-05T12:39-05:00,2026-10-05T17:39:00Z,2026-10-05,5.79197,-68.97962,VIIRS-NOAA-20,NOAA-20,VIIRS,67.4,21,11.2,Nominal,D,0.46,0.47,true,true,Puntos_de_calor_Colombia_2026-10-05.csv,2026-10-06T06:27:43Z,99,Vichada,99524,La Primavera,asignado,cache_geometrico,false,0,,,,asignado,321111,3.2.1.1.1.1.  Herbazal denso de tierra firme no arbolado,3,32,321,3211,32111,321111,SI,Landsat_2024_mediana_28042025,GoogleEarth,false,0,,,,,mas_de_5_km,,0,0,0,,,,,mas_de_5_km,,0,,,,,,
23dd366ef0913622b27ed19b,2026-10-05T12:39-05:00,2026-10-05T17:39:00Z,2026-10-05,5.50939,-69.62642,VIIRS-NOAA-20,NOAA-20,VIIRS,68.1,15.9,8,Nominal,D,0.51,0.49,true,true,Puntos_de_calor_Colombia_2026-10-05.csv,2026-10-06T06:27:43Z,99,Vichada,99524,La Primavera,asignado,cache_geometrico,false,0,,,,asignado,231,2.3.1. Pastos limpios,2,23,231,,,,SI,Landsat_2024_mediana_28042025,GoogleEarth,false,0,,,,,mas_de_5_km,,0,0,0,,,,,mas_de_5_km,,0,,,,,,
25e3d87bc5d55639d8b08e36,2026-10-05T12:39-05:00,2026-10-05T17:39:00Z,2026-10-05,2.32107,-75.74109,VIIRS-NOAA-20,NOAA-20,VIIRS,54.5,17,7.6,Nominal,D,0.76,0.77,true,true,Puntos_de_calor_Colombia_2026-10-05.csv,2026-10-06T06:27:43Z,41,Huila,41013,Agrado,asignado,cache_geometrico,false,0,,,,asignado,243,"2.4.3. Mosaico de cultivos, pastos y espacios naturales",2,24,243,,,,SI,Landsat_2024_mediana_28042025,,false,0,,,,,dentro,0.00,1,0,1,LAM2245,BLOQUE SAN JACINTO,HOCOL S.A.,poligono,entre_1_y_5_km,1358.61,2,0547|0036,VSM 14-1|SAN JACINTO,NO APLICA,PAREX RESOURCES (COLOMBIA) AG|HOCOL S.A.,EXPLORACION|PRODUCCION,CONTRATO DE EXPLORACION Y PRODUCCION (E&P)|CONTRATO DE ASOCIACION CON ECOPETROL
28d0904dbd578c47b307a7e5,2026-10-05T12:39-05:00,2026-10-05T17:39:00Z,2026-10-05,3.61489,-71.38726,VIIRS-NOAA-20,NOAA-20,VIIRS,71.2,19.6,4,Nominal,D,0.36,0.57,true,true,Puntos_de_calor_Colombia_2026-10-05.csv,2026-10-06T06:27:43Z,50,Meta,50568,Puerto Gaitán,asignado,cache_geometrico,false,0,,,,asignado,321111,3.2.1.1.1.1.  Herbazal denso de tierra firme no arbolado,3,32,321,3211,32111,321111,SI,"Landsat_2024_mediana_28042025,L9_657_20240412,  L9_658_20240224","Basemap, Planet Medres Normalized Analytic 2024-01 Mosaic",false,0,,,,,mas_de_5_km,,0,0,0,,,,,mas_de_5_km,,0,,,,,,
292d27d210987ae2fb2f6d68,2026-10-05T12:39-05:00,2026-10-05T17:39:00Z,2026-10-05,5.42807,-69.49329,VIIRS-NOAA-20,NOAA-20,VIIRS,59,20.6,5,Nominal,D,0.5,0.49,true,true,Puntos_de_calor_Colombia_2026-10-05.csv,2026-10-06T06:27:43Z,99,Vichada,99524,La Primavera,asignado,cache_geometrico,false,0,,,,asignado,321121,3.2.1.1.2.1. Herbazal denso inundable no arbolado,3,32,321,3211,32112,321121,SI,Landsat_2024_mediana_28042025,GoogleEarth,false,0,,,,,mas_de_5_km,,0,0,0,,,,,mas_de_5_km,,0,,,,,,
295922cc9b7fba1e03116702,2026-10-05T12:39-05:00,2026-10-05T17:39:00Z,2026-10-05,5.03882,-71.4732,VIIRS-NOAA-20,NOAA-20,VIIRS,59.7,20,8,Nominal,D,0.35,0.56,true,true,Puntos_de_calor_Colombia_2026-10-05.csv,2026-10-06T06:27:43Z,85,Casanare,85230,Orocué,asignado,cache_geometrico,false,0,,,,asignado,321121,3.2.1.1.2.1. Herbazal denso inundable no arbolado,3,32,321,3211,32112,321121,SI,Landsat_2024_mediana_28042025,GoogleEarth,false,0,,,,,dentro,0.00,7,0,7,LAM0165|LAM5121|LAM4700|LAM3261|LAM4502|LAM4489,LICENCIA GLOBAL DEL BLOQUE GARCERO C|BLOQUE DE PERFORACIÓN EXPLORATORIA LLANOS 29|BLOQUE DE PERFORACIÓN EXPLORATORIA LLANOS 29-ISLA 1|CAMPO DE EXPLOTACIÓN DE HIDROCARBUROS MAPACHE|AREA DE PERFORACION EXPLORATORIA BLOQUE OROPENDOLA-1|Área de Interés de Perforación Exploratoria Mapache ll|PERFORACION EXPLORATORIA BLOQUE ALTAIR - ZONA-1,PERENCO COLOMBIA LIMITED|PAREX ENERGY COLOMBIA LTD.|PETROMINERALES COLOMBIA CORP. SUCURSAL COLOMBIA|FRONTERA ENERGY COLOMBIA CORP. SUCURSAL COLOMBIA|INTEROIL COLOMBIA EXPLORATION AND PRODUCTION,poligono,dentro,0.00,1,0013,GARCERO,NO APLICA,PERENCO OIL AND GAS COLOMBIA LIMITED,PRODUCCION,CONTRATO DE ASOCIACION CON ECOPETROL
2be40285f43cec3bcf764243,2026-10-05T12:39-05:00,2026-10-05T17:39:00Z,2026-10-05,3.50268,-71.81501,VIIRS-NOAA-20,NOAA-20,VIIRS,66.2,16.1,3,Nominal,D,0.39,0.59,true,true,Puntos_de_calor_Colombia_2026-10-05.csv,2026-10-06T06:27:43Z,50,Meta,50568,Puerto Gaitán,asignado,cache_geometrico,false,0,,,,asignado,314,3.1.4. Bosque de galería y ripario,3,31,314,,,,SI,"Landsat_2024_mediana_28042025, L9_658_20240224","Basemap, Planet Medres Normalized Analytic 2024-01 Mosaic",false,0,,,,,dentro,0.00,1,0,1,LAM5281,PERFORACIÓN EXPLORATORIA CPO-13,TECPETROL COLOMBIA S.A.S.,poligono,mas_de_5_km,,0,,,,,,
3140167f06118a73d87002ab,2026-10-05T12:39-05:00,2026-10-05T17:39:00Z,2026-10-05,4.96009,-70.83078,VIIRS-NOAA-20,NOAA-20,VIIRS,66.3,18,7.2,Nominal,D,0.63,0.54,true,true,Puntos_de_calor_Colombia_2026-10-05.csv,2026-10-06T06:27:43Z,99,Vichada,99624,Santa Rosalía,asignado,cache_geometrico,false,0,,,,asignado,321111,3.2.1.1.1.1.  Herbazal denso de tierra firme no arbolado,3,32,321,3211,32111,321111,SI,Landsat_2024_mediana_28042025,GoogleEarth,false,0,,,,,entre_1_y_5_km,3107.62,3,0,3,LAM3607|LAM4977,AREA DE DESARROLLO LAS GARZAS|AREA DE PERFORACION EXPLORATORIA LAS GARZAS|AREA DE PERFORACION EXPLORATORIA CLARINERO,NEW GRANADA ENERGY CORPORATION SUCURSAL COLOMBIA|HOCOL S.A.,poligono,entre_1_y_5_km,4417.79,1,0817,CPE 2-2,NO APLICA,PAREX RESOURCES (COLOMBIA) AG,EXPLORACION,CONTRATO DE EXPLORACION Y PRODUCCION (E&P)
344890603ae96eab2283b765,2026-10-05T12:39-05:00,2026-10-05T17:39:00Z,2026-10-05,4.06706,-70.25712,VIIRS-NOAA-20,NOAA-20,VIIRS,58.6,19,10.9,Nominal,D,0.59,0.53,true,true,Puntos_de_calor_Colombia_2026-10-05.csv,2026-10-06T06:27:43Z,99,Vichada,99773,Cumaribo,asignado,cache_geometrico,false,0,,,,asignado,244,2.4.4. Mosaico de pastos con espacios naturales,2,24,244,,,,SI,L9_557_20240225,Mosaico Sentinel-2_L2A_False_color 2024-01-27-00_00_2024-01-27-23_59,false,0,,,,,mas_de_5_km,,0,0,0,,,,,mas_de_5_km,,0,,,,,,
34c459b6bb547ee0e525c15a,2026-10-05T12:39-05:00,2026-10-05T17:39:00Z,2026-10-05,5.14742,-70.57922,VIIRS-NOAA-20,NOAA-20,VIIRS,70.7,19,13.2,Nominal,D,0.6,0.53,true,true,Puntos_de_calor_Colombia_2026-10-05.csv,2026-10-06T06:27:43Z,99,Vichada,99624,Santa Rosalía,asignado,cache_geometrico,false,0,,,,asignado,321121,3.2.1.1.2.1. Herbazal denso inundable no arbolado,3,32,321,3211,32112,321121,SI,Landsat_2024_mediana_28042025,GoogleEarth,false,0,,,,,mas_de_5_km,,0,0,0,,,,,dentro,0.00,1,0817,CPE 2-2,NO APLICA,PAREX RESOURCES (COLOMBIA) AG,EXPLORACION,CONTRATO DE EXPLORACION Y PRODUCCION (E&P)
362fb83daae860903c9dd34d,2026-10-05T12:39-05:00,2026-10-05T17:39:00Z,2026-10-05,3.45377,-75.30208,VIIRS-NOAA-20,NOAA-20,VIIRS,63.9,17.5,9.1,Nominal,D,0.68,0.74,true,true,Puntos_de_calor_Colombia_2026-10-05.csv,2026-10-06T06:27:43Z,73,Tolima,73067,Ataco,asignado,cache_geometrico,false,0,,,,asignado,3222,3.2.2.2. Arbustal abierto,3,32,322,3222,,,SI,Landsat_2024_mediana_28042025,,true,1,BLOQUE 691,,,ZONAS RESERVADAS CON POTENCIAL - BLOQUE 691,hasta_1_km,946.95,1,0,1,LAV0091-13,AREA DE PERFORACIÓN EXPLORATORIA VSM 9 (HUILA - TOLIMA),HOCOL S.A.,poligono,entre_1_y_5_km,4142.28,1,0250,VSM 9,NO APLICA,HOCOL S.A.,EXPLORACION,CONTRATO DE EXPLORACION Y PRODUCCION (E&P)
3639d8270a3e6fe17603e456,2026-10-05T12:39-05:00,2026-10-05T17:39:00Z,2026-10-05,2.63516,-75.35263,VIIRS-NOAA-20,NOAA-20,VIIRS,68.3,19.1,9.9,Nominal,D,0.71,0.75,true,true,Puntos_de_calor_Colombia_2026-10-05.csv,2026-10-06T06:27:43Z,41,Huila,41132,Campoalegre,asignado,cache_geometrico,false,0,,,,asignado,2121,2.1.2.1. Arroz,2,21,212,2121,,,SI,Landsat_2024_mediana_28042025,,false,0,,,,,entre_1_y_5_km,4508.21,1,0,1,LAV0007-00-2017,CONSTRUCCIÓN DE LA VARIANTE CAMPOALEGRE,CONCESIONARIA ALIADAS PARA EL PROGRESO S.A.S,linea,dentro,0.00,2,0263|0546,VSM 15|VSM 13-2,NO APLICA,FLAMINGO OIL S.A.|PAREX RESOURCES (COLOMBIA) AG,EXPLORACION,CONTRATO DE EXPLORACION Y PRODUCCION (E&P)
37b5c87b5c363c4f480f1e4c,2026-10-05T12:39-05:00,2026-10-05T17:39:00Z,2026-10-05,3.38098,-72.21439,VIIRS-NOAA-20,NOAA-20,VIIRS,79,19.2,24.4,Nominal,D,0.42,0.61,true,true,Puntos_de_calor_Colombia_2026-10-05.csv,2026-10-06T06:27:43Z,50,Meta,50568,Puerto Gaitán,asignado,cache_geometrico,false,0,,,,asignado,321111,3.2.1.1.1.1.  Herbazal denso de tierra firme no arbolado,3,32,321,3211,32111,321111,SI,Landsat_2024_mediana_28042025,GoogleEarth,false,0,,,,,dentro,0.00,2,0,2,LAM5506,Bloque de Explotación de Hidrocarburos CPE-6 - Área de Desarrollo Fase 1|CPE-6 ÁREA DE DESARROLLO FASE 1,"FRONTERA ENERGY COLOMBIA|FRONTERA ENERGY COLOMBIA CORP., SUCURSAL COLOMBIA",poligono,dentro,0.00,2,0293,CPE-6,HAMACA,FRONTERA ENERGY COLOMBIA CORP.,EVALUACION|PRODUCCION,CONTRATO DE EXPLORACION Y PRODUCCION (E&P)
39160efb84baad2ba0595805,2026-10-05T12:39-05:00,2026-10-05T17:39:00Z,2026-10-05,4.93042,-69.47935,VIIRS-NOAA-20,NOAA-20,VIIRS,59.4,20.9,12.1,Nominal,D,0.51,0.49,true,true,Puntos_de_calor_Colombia_2026-10-05.csv,2026-10-06T06:27:43Z,99,Vichada,99773,Cumaribo,asignado,cache_geometrico,false,0,,,,asignado,321111,3.2.1.1.1.1.  Herbazal denso de tierra firme no arbolado,3,32,321,3211,32111,321111,SI,Landsat_2024_mediana_28042025,GoogleEarth,false,0,,,,,mas_de_5_km,,0,0,0,,,,,mas_de_5_km,,0,,,,,,
3a10c98b0309d938bd414bcf,2026-10-05T12:39-05:00,2026-10-05T17:39:00Z,2026-10-05,4.91431,-71.22948,VIIRS-NOAA-20,NOAA-20,VIIRS,59.8,18.3,3.2,Nominal,D,0.34,0.56,true,true,Puntos_de_calor_Colombia_2026-10-05.csv,2026-10-06T06:27:43Z,85,Casanare,85230,Orocué,asignado,cache_geometrico,true,1,1832,Charanga,Reserva Natural de la Sociedad Civil,asignado,321121,3.2.1.1.2.1. Herbazal denso inundable no arbolado,3,32,321,3211,32112,321121,SI,Landsat_2024_mediana_28042025,GoogleEarth,false,0,,,,,dentro,0.00,4,0,4,LAM3590|LAM5129,ÁREA DE INTERÉS PARA LA PERFORACIÓN EXPLORATORIA LINCE|PERFORACIÓN EXPLORATORIA DEL BLOQUE DE PERFORACIÓN EXPLORATORIA LLANOS 30 NORTE,INTEROIL COLOMBIA EXPLORATION AND PRODUCTION|PAREX RESOURCES COLOMBIA LTD SUCURSAL,poligono,mas_de_5_km,,0,,,,,,
3b16a8008579ff1f11d022a6,2026-10-05T12:39-05:00,2026-10-05T17:39:00Z,2026-10-05,3.69766,-67.90298,VIIRS-NOAA-20,NOAA-20,VIIRS,64.9,20.5,5.6,Nominal,D,0.42,0.45,true,true,Puntos_de_calor_Colombia_2026-10-05.csv,2026-10-06T06:27:43Z,94,Guainía,94001,Inírida,asignado,cache_geometrico,false,0,,,,asignado,243,"2.4.3. Mosaico de cultivos, pastos y espacios naturales",2,24,243,,,,SI,L9_457_20240109,Web Maps (Bing/ArcGIS/Google),false,0,,,,,mas_de_5_km,,0,0,0,,,,,mas_de_5_km,,0,,,,,,
3c874951540e57027182c57d,2026-10-05T12:39-05:00,2026-10-05T17:39:00Z,2026-10-05,4.51389,-72.13837,VIIRS-NOAA-20,NOAA-20,VIIRS,71.7,14.7,9.4,Nominal,D,0.39,0.6,true,true,Puntos_de_calor_Colombia_2026-10-05.csv,2026-10-06T06:27:43Z,85,Casanare,85139,Maní,asignado,cache_geometrico,false,0,,,,asignado,321121,3.2.1.1.2.1. Herbazal denso inundable no arbolado,3,32,321,3211,32112,321121,SI,Landsat_2024_mediana_28042025,"Basemap, GoogleEarth",false,0,,,,,dentro,0.00,3,0,3,LAM5075|LAV0097-00-2014|LAM5016,BLOQUE DE PERFORACION EXPLORATORIA PUNTERO|AREA DE DESARROLLO PUNTERO|AREA DE PERFORACION EXPLORATORIA SAN ANTONIO,CEPSA COLOMBIA S.A. - CEPCOLSA|CEPSA COLOMBIA S.A.|THORNELOE ENERGY SUCURSAL COLOMBIA,poligono,mas_de_5_km,,0,,,,,,
3d6a145b729981619448ba7d,2026-10-05T12:39-05:00,2026-10-05T17:39:00Z,2026-10-05,5.79989,-68.98508,VIIRS-NOAA-20,NOAA-20,VIIRS,57.3,21.2,4.6,Nominal,D,0.46,0.47,true,true,Puntos_de_calor_Colombia_2026-10-05.csv,2026-10-06T06:27:43Z,99,Vichada,99524,La Primavera,asignado,cache_geometrico,false,0,,,,asignado,231,2.3.1. Pastos limpios,2,23,231,,,,SI,Landsat_2024_mediana_28042025,GoogleEarth,false,0,,,,,mas_de_5_km,,0,0,0,,,,,mas_de_5_km,,0,,,,,,
3f8b6defcd385163bb5cbd56,2026-10-05T12:39-05:00,2026-10-05T17:39:00Z,2026-10-05,4.53992,-69.68291,VIIRS-NOAA-20,NOAA-20,VIIRS,66.9,19.2,8,Nominal,D,0.53,0.5,true,true,Puntos_de_calor_Colombia_2026-10-05.csv,2026-10-06T06:27:43Z,99,Vichada,99773,Cumaribo,asignado,cache_geometrico,false,0,,,,asignado,314,3.1.4. Bosque de galería y ripario,3,31,314,,,,SI,Landsat_2024_mediana_28042025,"GoogleEarth, BingMaps",false,0,,,,,mas_de_5_km,,0,0,0,,,,,mas_de_5_km,,0,,,,,,
41963423452922436fff569d,2026-10-05T12:39-05:00,2026-10-05T17:39:00Z,2026-10-05,4.55526,-68.87593,VIIRS-NOAA-20,NOAA-20,VIIRS,66.2,21.8,6.5,Nominal,D,0.47,0.48,true,true,Puntos_de_calor_Colombia_2026-10-05.csv,2026-10-06T06:27:43Z,99,Vichada,99773,Cumaribo,asignado,cache_geometrico,false,0,,,,asignado,321111,3.2.1.1.1.1.  Herbazal denso de tierra firme no arbolado,3,32,321,3211,32111,321111,SI,Landsat_2024_mediana_28042025,GoogleEarth,true,1,Bloque886,,,,mas_de_5_km,,0,0,0,,,,,mas_de_5_km,,0,,,,,,
424a57be806c9039013fe38e,2026-10-05T12:39-05:00,2026-10-05T17:39:00Z,2026-10-05,3.66126,-72.43354,VIIRS-NOAA-20,NOAA-20,VIIRS,56.7,20,4.5,Nominal,D,0.43,0.62,true,true,Puntos_de_calor_Colombia_2026-10-05.csv,2026-10-06T06:27:43Z,50,Meta,50689,San Martín,asignado,cache_geometrico,false,0,,,,asignado,321111,3.2.1.1.1.1.  Herbazal denso de tierra firme no arbolado,3,32,321,3211,32111,321111,SI,Landsat_2024_mediana_28042025,GoogleEarth,false,0,,,,,dentro,0.00,1,0,1,LAM5475,ÁREA DE PERFORACIÓN EXPLORATORIA BLOQUE CPO-12,META  PETROLEUM CORP,poligono,mas_de_5_km,,0,,,,,,
45a27f49f7b451239831a4d0,2026-10-05T12:39-05:00,2026-10-05T17:39:00Z,2026-10-05,3.44803,-67.97833,VIIRS-NOAA-20,NOAA-20,VIIRS,66.2,22,9.8,Nominal,D,0.43,0.46,true,true,Puntos_de_calor_Colombia_2026-10-05.csv,2026-10-06T06:27:43Z,94,Guainía,94001,Inírida,asignado,cache_geometrico,false,0,,,,asignado,323,3.2.3. Vegetación secundaria o en transición,3,32,323,,,,SI,L9_458_20240109,Web Maps (Bing/ArcGIS/Google),true,1,LK2-11071,,Exploración,MINERALES DE ORO Y SUS CONCENTRADOS,mas_de_5_km,,0,0,0,,,,,mas_de_5_km,,0,,,,,,
48f71d89720e23801d97a0f4,2026-10-05T12:39-05:00,2026-10-05T17:39:00Z,2026-10-05,4.7061,-70.40204,VIIRS-NOAA-20,NOAA-20,VIIRS,73.5,20.8,14.2,Nominal,D,0.59,0.53,true,true,Puntos_de_calor_Colombia_2026-10-05.csv,2026-10-06T06:27:43Z,99,Vichada,99773,Cumaribo,asignado,cache_geometrico,false,0,,,,asignado,314,3.1.4. Bosque de galería y ripario,3,31,314,,,,SI,Landsat_2024_mediana_28042025,GoogleEarth,false,0,,,,,mas_de_5_km,,0,0,0,,,,,mas_de_5_km,,0,,,,,,
499117e559eeb11d3f61997a,2026-10-05T12:39-05:00,2026-10-05T17:39:00Z,2026-10-05,6.69199,-71.65959,VIIRS-NOAA-20,NOAA-20,VIIRS,75.4,18.1,4.1,Nominal,D,0.34,0.56,true,true,Puntos_de_calor_Colombia_2026-10-05.csv,2026-10-06T06:27:43Z,81,Arauca,81300,Fortul,asignado,cache_geometrico,false,0,,,,asignado,243,"2.4.3. Mosaico de cultivos, pastos y espacios naturales",2,24,243,,,,SI,Landsat_2024_mediana_28042025,,false,0,,,,,entre_1_y_5_km,2647.71,1,0,1,LAM5104,CONSTRUCCIÓN Y OPERACIÓN DEL OLEODUCTO ARAGUANEY-BANADIA,ECOPETROL S.A.,linea,dentro,0.00,3,0322|0276|0358,LLA 70|LLA 52|CAPACHOS,NO APLICA|CAPACHOS,GRAN TIERRA ENERGY COLOMBIA GMBH|OCCIDENTAL CONDOR LLC|PAREX RESOURCES (COLOMBIA) AG,EXPLORACION|PRODUCCION,CONTRATO DE EXPLORACION Y PRODUCCION (E&P)|CONVENIO DE EXPLOTACION
4babdfbd5273d0837aba2f8c,2026-10-05T12:39-05:00,2026-10-05T17:39:00Z,2026-10-05,3.50461,-71.81693,VIIRS-NOAA-20,NOAA-20,VIIRS,56.8,16.8,3,Nominal,D,0.39,0.59,true,true,Puntos_de_calor_Colombia_2026-10-05.csv,2026-10-06T06:27:43Z,50,Meta,50568,Puerto Gaitán,asignado,cache_geometrico,false,0,,,,asignado,321121,3.2.1.1.2.1. Herbazal denso inundable no arbolado,3,32,321,3211,32112,321121,SI,L9_658_20240224,Planet Medres Normalized Analytic 2024-01 Mosaic,false,0,,,,,dentro,0.00,1,0,1,LAM5281,PERFORACIÓN EXPLORATORIA CPO-13,TECPETROL COLOMBIA S.A.S.,poligono,entre_1_y_5_km,4946.24,1,0195,CPO 13,MAUTE,TECPETROL COLOMBIA SAS,EVALUACION,CONTRATO DE EXPLORACION Y PRODUCCION (E&P)
4bf86b90709248a098642842,2026-10-05T12:39-05:00,2026-10-05T17:39:00Z,2026-10-05,4.12679,-70.50806,VIIRS-NOAA-20,NOAA-20,VIIRS,56.6,19.3,6.1,Nominal,D,0.62,0.54,true,true,Puntos_de_calor_Colombia_2026-10-05.csv,2026-10-06T06:27:43Z,99,Vichada,99773,Cumaribo,asignado,cache_geometrico,false,0,,,,asignado,321111,3.2.1.1.1.1.  Herbazal denso de tierra firme no arbolado,3,32,321,3211,32111,321111,SI,Landsat_2024_mediana_28042025,"GoogleEarth, BingMaps",false,0,,,,,mas_de_5_km,,0,0,0,,,,,mas_de_5_km,,0,,,,,,
4c86b21346a8f38e3794def9,2026-10-05T12:39-05:00,2026-10-05T17:39:00Z,2026-10-05,7.20543,-75.24334,VIIRS-NOAA-20,NOAA-20,VIIRS,81.9,14.2,13.1,Nominal,D,0.58,0.7,true,true,Puntos_de_calor_Colombia_2026-10-05.csv,2026-10-06T06:27:43Z,05,Antioquia,05040,Anorí,asignado,cache_geometrico,false,0,,,,asignado,233,2.3.3. Pastos enmalezados,2,23,233,,,,SI,Landsat_2024_mediana_28042025,Sentinel_2024_mediana_11042025,false,0,,,,,mas_de_5_km,,0,0,0,,,,,mas_de_5_km,,0,,,,,,
4d0850fc70295a8bd50902a7,2026-10-05T12:39-05:00,2026-10-05T17:39:00Z,2026-10-05,4.95158,-70.83064,VIIRS-NOAA-20,NOAA-20,VIIRS,75.3,18.7,22.5,Nominal,D,0.63,0.54,true,true,Puntos_de_calor_Colombia_2026-10-05.csv,2026-10-06T06:27:43Z,99,Vichada,99624,Santa Rosalía,asignado,cache_geometrico,false,0,,,,asignado,321111,3.2.1.1.1.1.  Herbazal denso de tierra firme no arbolado,3,32,321,3211,32111,321111,SI,Landsat_2024_mediana_28042025,GoogleEarth,false,0,,,,,entre_1_y_5_km,2576.24,2,0,2,LAM3607,AREA DE DESARROLLO LAS GARZAS|AREA DE PERFORACION EXPLORATORIA LAS GARZAS,NEW GRANADA ENERGY CORPORATION SUCURSAL COLOMBIA,poligono,mas_de_5_km,,0,,,,,,
4f02c7a78d5afd98d0b3b9d4,2026-10-05T12:39-05:00,2026-10-05T17:39:00Z,2026-10-05,4.56301,-69.97995,VIIRS-NOAA-20,NOAA-20,VIIRS,64.9,19.1,10.7,Nominal,D,0.56,0.51,true,true,Puntos_de_calor_Colombia_2026-10-05.csv,2026-10-06T06:27:43Z,99,Vichada,99773,Cumaribo,asignado,cache_geometrico,false,0,,,,asignado,321111,3.2.1.1.1.1.  Herbazal denso de tierra firme no arbolado,3,32,321,3211,32111,321111,SI,Landsat_2024_mediana_28042025,"GoogleEarth, BingMaps",false,0,,,,,mas_de_5_km,,0,0,0,,,,,mas_de_5_km,,0,,,,,,
4f11ac445423bfab100e19b9,2026-10-05T12:39-05:00,2026-10-05T17:39:00Z,2026-10-05,4.10693,-70.64557,VIIRS-NOAA-20,NOAA-20,VIIRS,55.8,20,5.2,Nominal,D,0.63,0.54,true,true,Puntos_de_calor_Colombia_2026-10-05.csv,2026-10-06T06:27:43Z,99,Vichada,99773,Cumaribo,asignado,cache_geometrico,false,0,,,,asignado,321111,3.2.1.1.1.1.  Herbazal denso de tierra firme no arbolado,3,32,321,3211,32111,321111,SI,"Landsat_2024_mediana_28042025, L9_657_20240412, L9_557_20240225","GoogleEarth, BingMaps, Planet Medres Normalized Analytic 2024-01 Mosaic",false,0,,,,,mas_de_5_km,,0,0,0,,,,,mas_de_5_km,,0,,,,,,
4fdc4a7f929180d444c68d81,2026-10-05T12:39-05:00,2026-10-05T17:39:00Z,2026-10-05,6.72182,-74.03248,VIIRS-NOAA-20,NOAA-20,VIIRS,93.9,17.8,12.6,Alta,D,0.49,0.65,true,true,Puntos_de_calor_Colombia_2026-10-05.csv,2026-10-06T06:27:43Z,68,Santander,68573,Puerto Parra,asignado,cache_geometrico,false,0,,,,asignado,3231,3.2.3.1. Vegetación secundaria alta,3,32,323,3231,,,SI,Landsat_2024_mediana_28042025,,false,0,,,,,entre_1_y_5_km,1528.96,10,0,10,LAM6817-00|LAM2375|LAM1298|LAM1801|LAM0069,"CONTRATO VE-313-2017 ENTRE AGENCIA NACIONAL DE INFRAESTRUCTURA – ANI Y CONSORCIO IBINES FÉRREO CIF|RED FERREA DEL ATLANTICO, REHABILITACION, CONSERVACION Y MANTENIMIENTO DE RED FERREA EN LOS SECTORES DE BOGOTA - SANTA MARTA, BOGOTA -  BELENCITO, LA CARO – LENGUAZAQUE, BELLO - PUERTO BERRIO|CRUCES SUBFLUVIALES ALTERNOS DE LOS RIOS LEBRIJA, CARARE Y OPÓN.|PE OC ST PRO8 POL12-16 GAL-SAL|ADECUACIÓN ESTACIÓN VASCONIA|OPERACIÓN Y MANTENIMIENTO DEL GASODUCTO CENTRO ORIENTE",Agencia Nacional de Infraestructura - ANI|FERROCARRILES DEL NORTE DE COLOMBIA S.A FENOCO S.A|CENIT TRANSPORTE Y LOGISTICA DE HIDROCARBUROS S.A.S.|CENIT S.A.S|ECOPETROL S.A.|TRANSPORTADORA DE GAS INTERNACIONAL TGI SA ESP,linea|poligono,mas_de_5_km,,0,,,,,,
5017c9c4759f64905e6657d0,2026-10-05T12:39-05:00,2026-10-05T17:39:00Z,2026-10-05,4.44291,-76.0938,VIIRS-NOAA-20,NOAA-20,VIIRS,74.9,18.5,10.8,Nominal,D,0.74,0.76,true,true,Puntos_de_calor_Colombia_2026-10-05.csv,2026-10-06T06:27:43Z,76,Valle Del Cauca,76622,Roldanillo,asignado,cache_geometrico,false,0,,,,asignado,22121,2.2.1.2.1. Caña de azúcar,2,22,221,2212,22121,,SI,Landsat_2024_mediana_28042025,,false,0,,,,,entre_1_y_5_km,2009.99,4,0,4,LAM0299|LAM5348|LAM3690,"GASODUCTO DE OCCIDENTE Y 47 RAMALES DE DISTRIBUCION MARIQUITA Y CALI|REHABILITACIÓN, RECONSTRUCCIÓN Y OPERACIÓN DE LA RED FERROVIARIA DEL PACÍFICO.|Construcción de la Doble Calzada Variante Zarzal de la Carretera La Paila – La Victoria",TRANSPORTADORA DE GAS INTERNACIONAL S.A. E.S.P. - TGI S.A. E.S.P.|FERROCARRIL DEL OESTE S.A.|Gobernación del Valle del Cauca,linea,mas_de_5_km,,0,,,,,,
54ed07ed0072ba7db13e436e,2026-10-05T12:39-05:00,2026-10-05T17:39:00Z,2026-10-05,4.53366,-70.70615,VIIRS-NOAA-20,NOAA-20,VIIRS,66.2,16.7,20.3,Nominal,D,0.63,0.54,true,true,Puntos_de_calor_Colombia_2026-10-05.csv,2026-10-06T06:27:43Z,99,Vichada,99773,Cumaribo,asignado,cache_geometrico,false,0,,,,asignado,314,3.1.4. Bosque de galería y ripario,3,31,314,,,,SI,Landsat_2024_mediana_28042025,"GoogleEarth, BingMaps",false,0,,,,,dentro,0.00,1,0,1,LAM5613,AREA DE PERFORACION EXPLORATORIA SALTARIN SUR,HOCOL S.A,poligono,mas_de_5_km,,0,,,,,,
5505171756df2e9a161445c6,2026-10-05T12:39-05:00,2026-10-05T17:39:00Z,2026-10-05,5.81917,-69.01688,VIIRS-NOAA-20,NOAA-20,VIIRS,71.3,18.8,10.3,Nominal,D,0.46,0.47,true,true,Puntos_de_calor_Colombia_2026-10-05.csv,2026-10-06T06:27:43Z,99,Vichada,99524,La Primavera,asignado,cache_geometrico,false,0,,,,asignado,314,3.1.4. Bosque de galería y ripario,3,31,314,,,,SI,Landsat_2024_mediana_28042025,GoogleEarth,false,0,,,,,mas_de_5_km,,0,0,0,,,,,mas_de_5_km,,0,,,,,,
572e59e4d08a89f72f8b2df5,2026-10-05T12:39-05:00,2026-10-05T17:39:00Z,2026-10-05,4.53028,-70.70688,VIIRS-NOAA-20,NOAA-20,VIIRS,65.1,16.7,10.5,Nominal,D,0.63,0.54,true,true,Puntos_de_calor_Colombia_2026-10-05.csv,2026-10-06T06:27:43Z,99,Vichada,99773,Cumaribo,asignado,cache_geometrico,false,0,,,,asignado,314,3.1.4. Bosque de galería y ripario,3,31,314,,,,SI,Landsat_2024_mediana_28042025,"GoogleEarth, BingMaps",false,0,,,,,dentro,0.00,1,0,1,LAM5613,AREA DE PERFORACION EXPLORATORIA SALTARIN SUR,HOCOL S.A,poligono,mas_de_5_km,,0,,,,,,
573ded57d3f2f2d641233a20,2026-10-05T12:39-05:00,2026-10-05T17:39:00Z,2026-10-05,4.27219,-75.28449,VIIRS-NOAA-20,NOAA-20,VIIRS,56.5,15.8,7,Nominal,D,0.66,0.73,true,true,Puntos_de_calor_Colombia_2026-10-05.csv,2026-10-06T06:27:43Z,73,Tolima,73624,Rovira,asignado,cache_geometrico,false,0,,,,asignado,314,3.1.4. Bosque de galería y ripario,3,31,314,,,,SI,Landsat_2024_mediana_28042025,,true,1,BLOQUE 636,,,ZONAS RESERVADAS CON POTENCIAL - BLOQUE 636,entre_1_y_5_km,4833.83,1,0,1,LAM0304,LÍNEA DE INTERCONEXIÓN ELÉCTRICA BETANIA-MIROLINDO,INTERCONEXION ELECTRICA S.A. E.S.P. ISA,linea,entre_1_y_5_km,4393.30,1,0554,VSM 4,NO APLICA,MAUREL AND PROM COLOMBIA B.V.,EXPLORACION,CONTRATO DE EXPLORACION Y PRODUCCION (E&P)
584cbfbafcb1755e10c67cc8,2026-10-05T12:39-05:00,2026-10-05T17:39:00Z,2026-10-05,5.93742,-69.96443,VIIRS-NOAA-20,NOAA-20,VIIRS,70.2,19.9,6.1,Nominal,D,0.53,0.5,true,true,Puntos_de_calor_Colombia_2026-10-05.csv,2026-10-06T06:27:43Z,85,Casanare,85250,Paz De Ariporo,asignado,cache_geometrico,false,0,,,,asignado,321121,3.2.1.1.2.1. Herbazal denso inundable no arbolado,3,32,321,3211,32112,321121,SI,Landsat_2024_mediana_28042025,GoogleEarth,false,0,,,,,mas_de_5_km,,0,0,0,,,,,mas_de_5_km,,0,,,,,,
5a98a6c2bebe0db08f7426cd,2026-10-05T12:39-05:00,2026-10-05T17:39:00Z,2026-10-05,5.79393,-68.98347,VIIRS-NOAA-20,NOAA-20,VIIRS,67.9,20.7,4.8,Nominal,D,0.46,0.47,true,true,Puntos_de_calor_Colombia_2026-10-05.csv,2026-10-06T06:27:43Z,99,Vichada,99524,La Primavera,asignado,cache_geometrico,false,0,,,,asignado,231,2.3.1. Pastos limpios,2,23,231,,,,SI,Landsat_2024_mediana_28042025,GoogleEarth,false,0,,,,,mas_de_5_km,,0,0,0,,,,,mas_de_5_km,,0,,,,,,
60b48e30fc6bf39d3be251a7,2026-10-05T12:39-05:00,2026-10-05T17:39:00Z,2026-10-05,3.70042,-67.90297,VIIRS-NOAA-20,NOAA-20,VIIRS,65,20.7,6.5,Nominal,D,0.42,0.45,true,true,Puntos_de_calor_Colombia_2026-10-05.csv,2026-10-06T06:27:43Z,94,Guainía,94001,Inírida,asignado,cache_geometrico,false,0,,,,asignado,243,"2.4.3. Mosaico de cultivos, pastos y espacios naturales",2,24,243,,,,SI,L9_457_20240109,Web Maps (Bing/ArcGIS/Google),false,0,,,,,mas_de_5_km,,0,0,0,,,,,mas_de_5_km,,0,,,,,,
6171307739f4e3004114b694,2026-10-05T12:39-05:00,2026-10-05T17:39:00Z,2026-10-05,4.26873,-75.28763,VIIRS-NOAA-20,NOAA-20,VIIRS,60,16.8,5.5,Nominal,D,0.66,0.73,true,true,Puntos_de_calor_Colombia_2026-10-05.csv,2026-10-06T06:27:43Z,73,Tolima,73624,Rovira,asignado,cache_geometrico,false,0,,,,asignado,242,2.4.2. Mosaico de pastos y cultivos,2,24,242,,,,SI,Landsat_2024_mediana_28042025,,true,1,JAS-15451,,Sin Información,DEMAS_CONCESIBLES\ MINERALES DE PLATA Y SUS CONCENTRADOS\ MINERALES DE ORO Y SUS CONCENTRADOS\ MINERALES DE PLATINO Y SUS CONCENTRADOS,entre_1_y_5_km,4903.08,1,0,1,LAM0304,LÍNEA DE INTERCONEXIÓN ELÉCTRICA BETANIA-MIROLINDO,INTERCONEXION ELECTRICA S.A. E.S.P. ISA,linea,entre_1_y_5_km,4662.57,1,0554,VSM 4,NO APLICA,MAUREL AND PROM COLOMBIA B.V.,EXPLORACION,CONTRATO DE EXPLORACION Y PRODUCCION (E&P)
6252ecc83ace4464eb774be2,2026-10-05T12:39-05:00,2026-10-05T17:39:00Z,2026-10-05,4.90715,-68.33837,VIIRS-NOAA-20,NOAA-20,VIIRS,81.8,24.7,17,Nominal,D,0.43,0.46,true,true,Puntos_de_calor_Colombia_2026-10-05.csv,2026-10-06T06:27:43Z,99,Vichada,99773,Cumaribo,asignado,cache_geometrico,false,0,,,,asignado,32121,3.2.1.2.1. Herbazal abierto arenoso,3,32,321,3212,32121,,SI,Landsat_2024_mediana_28042025,GoogleEarth,true,1,BLOQUE 895,,,,mas_de_5_km,,0,0,0,,,,,mas_de_5_km,,0,,,,,,
633eabc95bbba9abf570ff0e,2026-10-05T12:39-05:00,2026-10-05T17:39:00Z,2026-10-05,5.50863,-69.63097,VIIRS-NOAA-20,NOAA-20,VIIRS,60.3,16.4,8,Nominal,D,0.51,0.49,true,true,Puntos_de_calor_Colombia_2026-10-05.csv,2026-10-06T06:27:43Z,99,Vichada,99524,La Primavera,asignado,cache_geometrico,false,0,,,,asignado,231,2.3.1. Pastos limpios,2,23,231,,,,SI,Landsat_2024_mediana_28042025,GoogleEarth,false,0,,,,,mas_de_5_km,,0,0,0,,,,,mas_de_5_km,,0,,,,,,
64ea0e162b830f2bee0865cd,2026-10-05T12:39-05:00,2026-10-05T17:39:00Z,2026-10-05,5.15798,-70.5755,VIIRS-NOAA-20,NOAA-20,VIIRS,60.6,18.7,7.6,Nominal,D,0.6,0.53,true,true,Puntos_de_calor_Colombia_2026-10-05.csv,2026-10-06T06:27:43Z,99,Vichada,99624,Santa Rosalía,asignado,cache_geometrico,false,0,,,,asignado,321121,3.2.1.1.2.1. Herbazal denso inundable no arbolado,3,32,321,3211,32112,321121,SI,Landsat_2024_mediana_28042025,GoogleEarth,false,0,,,,,mas_de_5_km,,0,0,0,,,,,dentro,0.00,1,0817,CPE 2-2,NO APLICA,PAREX RESOURCES (COLOMBIA) AG,EXPLORACION,CONTRATO DE EXPLORACION Y PRODUCCION (E&P)
69a73ec5f6b94f0aeaff16a4,2026-10-05T12:39-05:00,2026-10-05T17:39:00Z,2026-10-05,4.53739,-68.90306,VIIRS-NOAA-20,NOAA-20,VIIRS,59.2,23.2,3.8,Nominal,D,0.47,0.48,true,true,Puntos_de_calor_Colombia_2026-10-05.csv,2026-10-06T06:27:43Z,99,Vichada,99773,Cumaribo,asignado,cache_geometrico,false,0,,,,asignado,32121,3.2.1.2.1. Herbazal abierto arenoso,3,32,321,3212,32121,,SI,Landsat_2024_mediana_28042025,GoogleEarth,true,1,Bloque886,,,,mas_de_5_km,,0,0,0,,,,,mas_de_5_km,,0,,,,,,
6b2a83d584a3b3e61d4aa912,2026-10-05T12:39-05:00,2026-10-05T17:39:00Z,2026-10-05,5.94199,-69.9652,VIIRS-NOAA-20,NOAA-20,VIIRS,67.9,20.1,6.1,Nominal,D,0.53,0.5,true,true,Puntos_de_calor_Colombia_2026-10-05.csv,2026-10-06T06:27:43Z,85,Casanare,85250,Paz De Ariporo,asignado,cache_geometrico,false,0,,,,asignado,411,4.1.1. Zonas pantanosas,4,41,411,,,,SI,Landsat_2024_mediana_28042025,GoogleEarth,false,0,,,,,mas_de_5_km,,0,0,0,,,,,mas_de_5_km,,0,,,,,,
6bd718691db8d89e116e04bb,2026-10-05T12:39-05:00,2026-10-05T17:39:00Z,2026-10-05,3.37666,-72.20602,VIIRS-NOAA-20,NOAA-20,VIIRS,69.8,16.4,23.1,Nominal,D,0.42,0.61,true,true,Puntos_de_calor_Colombia_2026-10-05.csv,2026-10-06T06:27:43Z,50,Meta,50568,Puerto Gaitán,asignado,cache_geometrico,false,0,,,,asignado,321111,3.2.1.1.1.1.  Herbazal denso de tierra firme no arbolado,3,32,321,3211,32111,321111,SI,Landsat_2024_mediana_28042025,GoogleEarth,false,0,,,,,dentro,0.00,2,0,2,LAM5506,Bloque de Explotación de Hidrocarburos CPE-6 - Área de Desarrollo Fase 1|CPE-6 ÁREA DE DESARROLLO FASE 1,"FRONTERA ENERGY COLOMBIA|FRONTERA ENERGY COLOMBIA CORP., SUCURSAL COLOMBIA",poligono,dentro,0.00,2,0293,CPE-6,HAMACA,FRONTERA ENERGY COLOMBIA CORP.,EVALUACION|PRODUCCION,CONTRATO DE EXPLORACION Y PRODUCCION (E&P)
6d53e12787bc2bd33b67f6ef,2026-10-05T12:39-05:00,2026-10-05T17:39:00Z,2026-10-05,2.32482,-75.73202,VIIRS-NOAA-20,NOAA-20,VIIRS,58.3,16.6,5,Nominal,D,0.76,0.77,true,true,Puntos_de_calor_Colombia_2026-10-05.csv,2026-10-06T06:27:43Z,41,Huila,41013,Agrado,asignado,cache_geometrico,false,0,,,,asignado,245,2.4.5. Mosaico de cultivos con espacios naturales,2,24,245,,,,SI,Landsat_2024_mediana_28042025,,false,0,,,,,dentro,0.00,1,0,1,LAM2245,BLOQUE SAN JACINTO,HOCOL S.A.,poligono,hasta_1_km,646.80,2,0036|0547,SAN JACINTO|VSM 14-1,NO APLICA,HOCOL S.A.|PAREX RESOURCES (COLOMBIA) AG,PRODUCCION|EXPLORACION,CONTRATO DE ASOCIACION CON ECOPETROL|CONTRATO DE EXPLORACION Y PRODUCCION (E&P)
6d946fe941a0cb4b34f4c18c,2026-10-05T12:39-05:00,2026-10-05T17:39:00Z,2026-10-05,3.80432,-71.19363,VIIRS-NOAA-20,NOAA-20,VIIRS,59.6,15.3,4.3,Nominal,D,0.35,0.57,true,true,Puntos_de_calor_Colombia_2026-10-05.csv,2026-10-06T06:27:43Z,50,Meta,50568,Puerto Gaitán,asignado,cache_geometrico,false,0,,,,asignado,314,3.1.4. Bosque de galería y ripario,3,31,314,,,,SI,Landsat_2024_mediana_28042025,"GoogleEarth, BingMaps",false,0,,,,,mas_de_5_km,,0,0,0,,,,,mas_de_5_km,,0,,,,,,
6de808b7dab05c38b0fda8e4,2026-10-05T12:39-05:00,2026-10-05T17:39:00Z,2026-10-05,4.53276,-70.71171,VIIRS-NOAA-20,NOAA-20,VIIRS,65.4,17.9,27.2,Nominal,D,0.63,0.54,true,true,Puntos_de_calor_Colombia_2026-10-05.csv,2026-10-06T06:27:43Z,99,Vichada,99773,Cumaribo,asignado,cache_geometrico,false,0,,,,asignado,321111,3.2.1.1.1.1.  Herbazal denso de tierra firme no arbolado,3,32,321,3211,32111,321111,SI,Landsat_2024_mediana_28042025,"GoogleEarth, BingMaps",false,0,,,,,dentro,0.00,1,0,1,LAM5613,AREA DE PERFORACION EXPLORATORIA SALTARIN SUR,HOCOL S.A,poligono,mas_de_5_km,,0,,,,,,
6e351ccf76927e57b8e7c435,2026-10-05T12:39-05:00,2026-10-05T17:39:00Z,2026-10-05,4.91009,-68.34667,VIIRS-NOAA-20,NOAA-20,VIIRS,76.5,21.3,8.5,Nominal,D,0.43,0.46,true,true,Puntos_de_calor_Colombia_2026-10-05.csv,2026-10-06T06:27:43Z,99,Vichada,99773,Cumaribo,asignado,cache_geometrico,false,0,,,,asignado,321111,3.2.1.1.1.1.  Herbazal denso de tierra firme no arbolado,3,32,321,3211,32111,321111,SI,Landsat_2024_mediana_28042025,GoogleEarth,true,1,BLOQUE 895,,,,mas_de_5_km,,0,0,0,,,,,mas_de_5_km,,0,,,,,,
6fbdd54fb44f2bb9ab8d5b8a,2026-10-05T12:39-05:00,2026-10-05T17:39:00Z,2026-10-05,3.7189,-71.12262,VIIRS-NOAA-20,NOAA-20,VIIRS,70.7,15.1,3.5,Nominal,D,0.34,0.56,true,true,Puntos_de_calor_Colombia_2026-10-05.csv,2026-10-06T06:27:43Z,50,Meta,50568,Puerto Gaitán,asignado,cache_geometrico,false,0,,,,asignado,321121,3.2.1.1.2.1. Herbazal denso inundable no arbolado,3,32,321,3211,32112,321121,SI,L9_657_20240412,Planet Medres Normalized Analytic 2024-01 Mosaic,false,0,,,,,mas_de_5_km,,0,0,0,,,,,mas_de_5_km,,0,,,,,,
7256062caaac6720d2ec93f5,2026-10-05T12:39-05:00,2026-10-05T17:39:00Z,2026-10-05,3.51542,-71.72041,VIIRS-NOAA-20,NOAA-20,VIIRS,55.9,18.4,2.3,Nominal,D,0.38,0.59,true,true,Puntos_de_calor_Colombia_2026-10-05.csv,2026-10-06T06:27:43Z,50,Meta,50568,Puerto Gaitán,asignado,cache_geometrico,false,0,,,,asignado,321111,3.2.1.1.1.1.  Herbazal denso de tierra firme no arbolado,3,32,321,3211,32111,321111,SI,"Landsat_2024_mediana_28042025,L9_657_20240412,  L9_658_20240224","Basemap, Planet Medres Normalized Analytic 2024-01 Mosaic",false,0,,,,,dentro,0.00,2,0,2,LAV0084-13|LAM5281,AREA DE PERFORACIÓN EXPLORATOIRA CPO13B|PERFORACIÓN EXPLORATORIA CPO-13,TECPETROL COLOMBIA S.A.S|TECPETROL COLOMBIA S.A.S.,poligono,mas_de_5_km,,0,,,,,,
729af20d1cbb1303917914b8,2026-10-05T12:39-05:00,2026-10-05T17:39:00Z,2026-10-05,3.53573,-71.8969,VIIRS-NOAA-20,NOAA-20,VIIRS,68.3,15.6,6.5,Nominal,D,0.39,0.6,true,true,Puntos_de_calor_Colombia_2026-10-05.csv,2026-10-06T06:27:43Z,50,Meta,50568,Puerto Gaitán,asignado,cache_geometrico,false,0,,,,asignado,321111,3.2.1.1.1.1.  Herbazal denso de tierra firme no arbolado,3,32,321,3211,32111,321111,SI,"Landsat_2024_mediana_28042025, L9_658_20240224","GoogleEarth, Planet Medres Normalized Analytic 2024-01 Mosaic",false,0,,,,,dentro,0.00,1,0,1,LAM5281,PERFORACIÓN EXPLORATORIA CPO-13,TECPETROL COLOMBIA S.A.S.,poligono,dentro,0.00,1,0195,CPO 13,MAUTE,TECPETROL COLOMBIA SAS,EVALUACION,CONTRATO DE EXPLORACION Y PRODUCCION (E&P)
73cb62703d83fc16b2cced31,2026-10-05T12:39-05:00,2026-10-05T17:39:00Z,2026-10-05,3.80245,-71.19278,VIIRS-NOAA-20,NOAA-20,VIIRS,61.7,15.7,5.4,Nominal,D,0.35,0.57,true,true,Puntos_de_calor_Colombia_2026-10-05.csv,2026-10-06T06:27:43Z,50,Meta,50568,Puerto Gaitán,asignado,cache_geometrico,false,0,,,,asignado,314,3.1.4. Bosque de galería y ripario,3,31,314,,,,SI,Landsat_2024_mediana_28042025,"GoogleEarth, BingMaps",false,0,,,,,mas_de_5_km,,0,0,0,,,,,mas_de_5_km,,0,,,,,,
7641a8c93498ebccd20096e1,2026-10-05T12:39-05:00,2026-10-05T17:39:00Z,2026-10-05,4.64963,-70.53513,VIIRS-NOAA-20,NOAA-20,VIIRS,61.6,17.2,6.9,Nominal,D,0.61,0.53,true,true,Puntos_de_calor_Colombia_2026-10-05.csv,2026-10-06T06:27:43Z,99,Vichada,99773,Cumaribo,asignado,cache_geometrico,false,0,,,,asignado,321111,3.2.1.1.1.1.  Herbazal denso de tierra firme no arbolado,3,32,321,3211,32111,321111,SI,Landsat_2024_mediana_28042025,"GoogleEarth, BingMaps",false,0,,,,,dentro,0.00,1,0,1,LAM3970,AREA DE PERFORACION EXPLORATORIA SALTARIN,HOCOL S.A.,poligono,mas_de_5_km,,0,,,,,,
77c39dae20b7c6471344b1d9,2026-10-05T12:39-05:00,2026-10-05T17:39:00Z,2026-10-05,5.42065,-69.48283,VIIRS-NOAA-20,NOAA-20,VIIRS,65.8,21.3,8.6,Nominal,D,0.5,0.49,true,true,Puntos_de_calor_Colombia_2026-10-05.csv,2026-10-06T06:27:43Z,99,Vichada,99524,La Primavera,asignado,cache_geometrico,false,0,,,,asignado,321111,3.2.1.1.1.1.  Herbazal denso de tierra firme no arbolado,3,32,321,3211,32111,321111,SI,Landsat_2024_mediana_28042025,GoogleEarth,false,0,,,,,mas_de_5_km,,0,0,0,,,,,mas_de_5_km,,0,,,,,,
77f2fd18c0adc4fd5c532cab,2026-10-05T12:39-05:00,2026-10-05T17:39:00Z,2026-10-05,7.92595,-72.65871,VIIRS-NOAA-20,NOAA-20,VIIRS,55.2,20.7,2.9,Nominal,D,0.37,0.58,true,true,Puntos_de_calor_Colombia_2026-10-05.csv,2026-10-06T06:27:43Z,54,Norte De Santander,54261,El Zulia,asignado,cache_geometrico,false,0,,,,asignado,3231,3.2.3.1. Vegetación secundaria alta,3,32,323,3231,,,SI,Landsat_2024_mediana_28042025,GoogleEarth,false,0,,,,,dentro,0.00,1,0,1,LAM0802,AREA DE PERFORACION EXPLORATORIA LOS TOCHES,COPLEX COLOMBIA LIMITED,poligono,mas_de_5_km,,0,,,,,,
7850f2aea69f4d8d3316174c,2026-10-05T12:39-05:00,2026-10-05T17:39:00Z,2026-10-05,5.00622,-68.10861,VIIRS-NOAA-20,NOAA-20,VIIRS,66.2,23,5.4,Nominal,D,0.41,0.45,true,true,Puntos_de_calor_Colombia_2026-10-05.csv,2026-10-06T06:27:43Z,99,Vichada,99773,Cumaribo,asignado,cache_geometrico,false,0,,,,asignado,32121,3.2.1.2.1. Herbazal abierto arenoso,3,32,321,3212,32121,,SI,Landsat_2024_mediana_28042025,GoogleEarth,true,1,Bloque882,,,,mas_de_5_km,,0,0,0,,,,,mas_de_5_km,,0,,,,,,
79091369e67c989a69914cf6,2026-10-05T12:39-05:00,2026-10-05T17:39:00Z,2026-10-05,4.73113,-71.15948,VIIRS-NOAA-20,NOAA-20,VIIRS,65.5,17.2,7.5,Nominal,D,0.33,0.56,true,true,Puntos_de_calor_Colombia_2026-10-05.csv,2026-10-06T06:27:43Z,50,Meta,50568,Puerto Gaitán,asignado,cache_geometrico,false,0,,,,asignado,321111,3.2.1.1.1.1.  Herbazal denso de tierra firme no arbolado,3,32,321,3211,32111,321111,SI,Landsat_2024_mediana_28042025,GoogleEarth,false,0,,,,,dentro,0.00,4,0,4,LAM3338|LAM3798|LAM5088,PERFORACIÓN EXPLORATORIA ÁREA DE INTERÉS CABIONA|AREA DE INTERES DE PERFORACION EXPLORATORIA CABIONA|AREA DE PERFORACION EXPLORATORIA CABIONA NORESTE|AREA DE PERFORACIÓN EXPLORATORIA BLOQUE CPO-3,NEW GRANADA ENERGY CORPORATION SUCURSAL COLOMBIANA|NEW GRANADA ENERGY CORPORATION SUCURSAL COLOMBIA|PLUSPETROL COLOMBIA CORPORATION SUCURSAL COLOMBIANA,poligono,hasta_1_km,453.52,1,0072,CABIONA,CABIONA B,NEW GRANADA ENERGY CORPORATION,PRODUCCION,CONTRATO DE EXPLORACION Y EXPLOTACION (E&E)
7bff1582ba82c46eb65ff047,2026-10-05T12:39-05:00,2026-10-05T17:39:00Z,2026-10-05,4.36309,-69.30254,VIIRS-NOAA-20,NOAA-20,VIIRS,57.1,19.5,3,Nominal,D,0.5,0.49,true,true,Puntos_de_calor_Colombia_2026-10-05.csv,2026-10-06T06:27:43Z,99,Vichada,99773,Cumaribo,asignado,cache_geometrico,false,0,,,,asignado,321121,3.2.1.1.2.1. Herbazal denso inundable no arbolado,3,32,321,3211,32112,321121,SI,L9_557_20240225,Mosaico Sentinel-2_L2A_False_color 2024-01-27-00_00_2024-01-27-23_59,false,0,,,,,mas_de_5_km,,0,0,0,,,,,mas_de_5_km,,0,,,,,,
7ceb23fb2f66bb1e41be22e6,2026-10-05T12:39-05:00,2026-10-05T17:39:00Z,2026-10-05,3.14092,-72.69385,VIIRS-NOAA-20,NOAA-20,VIIRS,54.9,17,4.6,Nominal,D,0.45,0.63,true,true,Puntos_de_calor_Colombia_2026-10-05.csv,2026-10-06T06:27:43Z,50,Meta,50325,Mapiripán,asignado,cache_geometrico,false,0,,,,asignado,321111,3.2.1.1.1.1.  Herbazal denso de tierra firme no arbolado,3,32,321,3211,32111,321111,SI,Landsat_2024_mediana_28042025,,false,0,,,,,dentro,0.00,3,0,3,LAM5848|LAM3934|LAM5090,AREA DE PERFORACION EXPLORATORIA TROLLS|AREA DE INTERES EXPLORATORIO RETO|PERFORACION EXPLORATORIA RETO ESTE,ECOPETROL S.A.,poligono,mas_de_5_km,,0,,,,,,
7de936a78e4fd1e8864fb887,2026-10-05T12:39-05:00,2026-10-05T17:39:00Z,2026-10-05,4.95652,-70.83146,VIIRS-NOAA-20,NOAA-20,VIIRS,82.2,18.3,10.9,Nominal,D,0.63,0.54,true,true,Puntos_de_calor_Colombia_2026-10-05.csv,2026-10-06T06:27:43Z,99,Vichada,99624,Santa Rosalía,asignado,cache_geometrico,false,0,,,,asignado,321111,3.2.1.1.1.1.  Herbazal denso de tierra firme no arbolado,3,32,321,3211,32111,321111,SI,Landsat_2024_mediana_28042025,GoogleEarth,false,0,,,,,entre_1_y_5_km,2794.08,2,0,2,LAM3607,AREA DE DESARROLLO LAS GARZAS|AREA DE PERFORACION EXPLORATORIA LAS GARZAS,NEW GRANADA ENERGY CORPORATION SUCURSAL COLOMBIA,poligono,entre_1_y_5_km,4812.52,1,0817,CPE 2-2,NO APLICA,PAREX RESOURCES (COLOMBIA) AG,EXPLORACION,CONTRATO DE EXPLORACION Y PRODUCCION (E&P)
7f187f85876b61e44162f074,2026-10-05T12:39-05:00,2026-10-05T17:39:00Z,2026-10-05,6.11332,-69.00096,VIIRS-NOAA-20,NOAA-20,VIIRS,63.9,20.1,3.7,Nominal,D,0.45,0.47,true,true,Puntos_de_calor_Colombia_2026-10-05.csv,2026-10-06T06:27:43Z,99,Vichada,99524,La Primavera,asignado,cache_geometrico,false,0,,,,asignado,321111,3.2.1.1.1.1.  Herbazal denso de tierra firme no arbolado,3,32,321,3211,32111,321111,SI,Landsat_2024_mediana_28042025,GoogleEarth,false,0,,,,,mas_de_5_km,,0,0,0,,,,,mas_de_5_km,,0,,,,,,
83099735d0f42ee9cd4434b2,2026-10-05T12:39-05:00,2026-10-05T17:39:00Z,2026-10-05,6.11233,-68.56006,VIIRS-NOAA-20,NOAA-20,VIIRS,57,22,3.8,Nominal,D,0.42,0.45,true,true,Puntos_de_calor_Colombia_2026-10-05.csv,2026-10-06T06:27:43Z,99,Vichada,99001,Puerto Carreño,asignado,cache_geometrico,false,0,,,,asignado,321113,3.2.1.1.1.3.  Herbazal denso de tierra firme con arbustos,3,32,321,3211,32111,321113,SI,Landsat_2024_mediana_28042025,GoogleEarth,false,0,,,,,mas_de_5_km,,0,0,0,,,,,mas_de_5_km,,0,,,,,,
83e36f778f4563be0c58da92,2026-10-05T12:39-05:00,2026-10-05T17:39:00Z,2026-10-05,4.02631,-75.39379,VIIRS-NOAA-20,NOAA-20,VIIRS,65.2,17.7,7.3,Nominal,D,0.68,0.74,true,true,Puntos_de_calor_Colombia_2026-10-05.csv,2026-10-06T06:27:43Z,73,Tolima,73504,Ortega,asignado,cache_geometrico,false,0,,,,asignado,242,2.4.2. Mosaico de pastos y cultivos,2,24,242,,,,SI,Landsat_2024_mediana_28042025,,false,0,,,,,mas_de_5_km,,0,0,0,,,,,mas_de_5_km,,0,,,,,,
8408f2a8f4aa8ad5eba7e0b4,2026-10-05T12:39-05:00,2026-10-05T17:39:00Z,2026-10-05,4.5671,-69.89484,VIIRS-NOAA-20,NOAA-20,VIIRS,67.4,18.6,14.4,Nominal,D,0.55,0.51,true,true,Puntos_de_calor_Colombia_2026-10-05.csv,2026-10-06T06:27:43Z,99,Vichada,99773,Cumaribo,asignado,cache_geometrico,false,0,,,,asignado,321111,3.2.1.1.1.1.  Herbazal denso de tierra firme no arbolado,3,32,321,3211,32111,321111,SI,Landsat_2024_mediana_28042025,"GoogleEarth, BingMaps",false,0,,,,,mas_de_5_km,,0,0,0,,,,,mas_de_5_km,,0,,,,,,
87c1d36ac3373e93cb51afef,2026-10-05T12:39-05:00,2026-10-05T17:39:00Z,2026-10-05,3.71712,-71.12092,VIIRS-NOAA-20,NOAA-20,VIIRS,93.9,16.9,9.2,Alta,D,0.35,0.56,true,true,Puntos_de_calor_Colombia_2026-10-05.csv,2026-10-06T06:27:43Z,50,Meta,50568,Puerto Gaitán,asignado,cache_geometrico,false,0,,,,asignado,321121,3.2.1.1.2.1. Herbazal denso inundable no arbolado,3,32,321,3211,32112,321121,SI,L9_657_20240412,Planet Medres Normalized Analytic 2024-01 Mosaic,false,0,,,,,mas_de_5_km,,0,0,0,,,,,mas_de_5_km,,0,,,,,,
882d85a7c00b25abcb26132c,2026-10-05T12:39-05:00,2026-10-05T17:39:00Z,2026-10-05,5.77989,-70.17694,VIIRS-NOAA-20,NOAA-20,VIIRS,57.5,19.3,3.9,Nominal,D,0.55,0.51,true,true,Puntos_de_calor_Colombia_2026-10-05.csv,2026-10-06T06:27:43Z,85,Casanare,85250,Paz De Ariporo,asignado,cache_geometrico,false,0,,,,asignado,31112,3.1.1.1.2. Bosque denso alto inundable,3,31,311,3111,31112,,SI,Landsat_2024_mediana_28042025,GoogleEarth,false,0,,,,,entre_1_y_5_km,2410.60,1,0,1,LAM3530,AREA DE INTERES DE PERFORACION EXPLORATORIA PRIMAVERA NORTE,GRAN TIERRA ENERGY COLOMBIA LTD.,poligono,mas_de_5_km,,0,,,,,,
889d231d6ccd2b134e1cc40b,2026-10-05T12:39-05:00,2026-10-05T17:39:00Z,2026-10-05,3.64031,-68.21402,VIIRS-NOAA-20,NOAA-20,VIIRS,68.6,21.2,7.5,Nominal,D,0.44,0.46,true,true,Puntos_de_calor_Colombia_2026-10-05.csv,2026-10-06T06:27:43Z,94,Guainía,94001,Inírida,asignado,cache_geometrico,false,0,,,,asignado,31111,3.1.1.1.1. Bosque denso alto de tierra firme,3,31,311,3111,31111,,SI,L9_458_20240109,Web Maps (Bing/ArcGIS/Google),true,1,BLOQUE 894,,,,mas_de_5_km,,0,0,0,,,,,mas_de_5_km,,0,,,,,,
8ba7581e2dc7e9b4d196b0de,2026-10-05T12:39-05:00,2026-10-05T17:39:00Z,2026-10-05,4.33963,-69.31916,VIIRS-NOAA-20,NOAA-20,VIIRS,57.5,22.3,7.6,Nominal,D,0.51,0.49,true,true,Puntos_de_calor_Colombia_2026-10-05.csv,2026-10-06T06:27:43Z,99,Vichada,99773,Cumaribo,asignado,cache_geometrico,false,0,,,,asignado,321111,3.2.1.1.1.1.  Herbazal denso de tierra firme no arbolado,3,32,321,3211,32111,321111,SI,L9_557_20240225,Mosaico Sentinel-2_L2A_False_color 2024-01-27-00_00_2024-01-27-23_59,false,0,,,,,mas_de_5_km,,0,0,0,,,,,mas_de_5_km,,0,,,,,,
8e2c9548d46b5d15c1f480c2,2026-10-05T12:39-05:00,2026-10-05T17:39:00Z,2026-10-05,5.04499,-71.46789,VIIRS-NOAA-20,NOAA-20,VIIRS,56.1,19.6,4.3,Nominal,D,0.35,0.56,true,true,Puntos_de_calor_Colombia_2026-10-05.csv,2026-10-06T06:27:43Z,85,Casanare,85230,Orocué,asignado,cache_geometrico,false,0,,,,asignado,321121,3.2.1.1.2.1. Herbazal denso inundable no arbolado,3,32,321,3211,32112,321121,SI,Landsat_2024_mediana_28042025,GoogleEarth,false,0,,,,,dentro,0.00,7,0,7,LAM0165|LAM5121|LAM4700|LAM3261|LAM4489|LAM4502,LICENCIA GLOBAL DEL BLOQUE GARCERO C|BLOQUE DE PERFORACIÓN EXPLORATORIA LLANOS 29|BLOQUE DE PERFORACIÓN EXPLORATORIA LLANOS 29-ISLA 1|CAMPO DE EXPLOTACIÓN DE HIDROCARBUROS MAPACHE|AREA DE PERFORACION EXPLORATORIA BLOQUE OROPENDOLA-1|PERFORACION EXPLORATORIA BLOQUE ALTAIR - ZONA-1|Área de Interés de Perforación Exploratoria Mapache ll,PERENCO COLOMBIA LIMITED|PAREX ENERGY COLOMBIA LTD.|PETROMINERALES COLOMBIA CORP. SUCURSAL COLOMBIA|INTEROIL COLOMBIA EXPLORATION AND PRODUCTION|FRONTERA ENERGY COLOMBIA CORP. SUCURSAL COLOMBIA,poligono,dentro,0.00,1,0013,GARCERO,NO APLICA,PERENCO OIL AND GAS COLOMBIA LIMITED,PRODUCCION,CONTRATO DE ASOCIACION CON ECOPETROL
92795fdc6134addf48445217,2026-10-05T12:39-05:00,2026-10-05T17:39:00Z,2026-10-05,8.26656,-72.81096,VIIRS-NOAA-20,NOAA-20,VIIRS,93.9,18.1,9,Alta,D,0.38,0.59,true,true,Puntos_de_calor_Colombia_2026-10-05.csv,2026-10-06T06:27:43Z,54,Norte De Santander,54720,Sardinata,asignado,cache_geometrico,false,0,,,,asignado,242,2.4.2. Mosaico de pastos y cultivos,2,24,242,,,,SI,Landsat_2024_mediana_28042025,GoogleEarth,false,0,,,,,mas_de_5_km,,0,0,0,,,,,mas_de_5_km,,0,,,,,,
94a2657dbbedcdfcb4799c77,2026-10-05T12:39-05:00,2026-10-05T17:39:00Z,2026-10-05,5.20665,-74.52986,VIIRS-NOAA-20,NOAA-20,VIIRS,83.2,16.8,18.7,Baja,D,0.56,0.69,true,true,Puntos_de_calor_Colombia_2026-10-05.csv,2026-10-06T06:27:43Z,25,Cundinamarca,25148,Caparrapí,asignado,cache_geometrico,false,0,,,,asignado,243,"2.4.3. Mosaico de cultivos, pastos y espacios naturales",2,24,243,,,,SI,Landsat_2024_mediana_28042025,,false,0,,,,,entre_1_y_5_km,1768.57,8,0,8,LAM2375|LAM0679|LAM1264|LAM1190,"RED FERREA DEL ATLANTICO, REHABILITACION, CONSERVACION Y MANTENIMIENTO DE RED FERREA EN LOS SECTORES DE BOGOTA - SANTA MARTA, BOGOTA -  BELENCITO, LA CARO – LENGUAZAQUE, BELLO - PUERTO BERRIO|NUEVAS AREA DE EXPLOTACION O DESARROLLO PARA EL CAMPO GUADUAS -BLOQUE DINDAL RETENIDO-|AREA DE PERFORACION EXPLORATORIA RIO SECO|NUEVAS AREAS DE EXPLOTACIÓN O DE DESARROLLO PARA EL CAMPO GUADUAS -BLOQUE RIO SECO RETENIDO-|PERFORACION EXPLORATORIA GUADUALES ""AREA DE INCLUSION""|PERFORACION EXPLORATORIA GUADUALES ""CORREDOR 3""",FERROCARRILES DEL NORTE DE COLOMBIA S.A FENOCO S.A|PACIFIC STRATUS ENERGY COLOMBIA CORP|GHK COMPANY COLOMBIA|PERENCO COLOMBIA LIMITED,linea|poligono,entre_1_y_5_km,2175.06,2,0053|0029,DINDAL|RIO SECO,NO APLICA,ECOPETROL S.A.,PRODUCCION,CONTRATO DE ASOCIACION CON ECOPETROL
94c2dd55ca823c6371270283,2026-10-05T12:39-05:00,2026-10-05T17:39:00Z,2026-10-05,5.77051,-68.97624,VIIRS-NOAA-20,NOAA-20,VIIRS,71.5,20.4,4.4,Nominal,D,0.46,0.47,true,true,Puntos_de_calor_Colombia_2026-10-05.csv,2026-10-06T06:27:43Z,99,Vichada,99524,La Primavera,asignado,cache_geometrico,false,0,,,,asignado,321111,3.2.1.1.1.1.  Herbazal denso de tierra firme no arbolado,3,32,321,3211,32111,321111,SI,Landsat_2024_mediana_28042025,GoogleEarth,false,0,,,,,mas_de_5_km,,0,0,0,,,,,mas_de_5_km,,0,,,,,,
950753a18f598173cd0f9629,2026-10-05T12:39-05:00,2026-10-05T17:39:00Z,2026-10-05,5.7956,-68.98439,VIIRS-NOAA-20,NOAA-20,VIIRS,68.1,21.1,8.7,Nominal,D,0.46,0.47,true,true,Puntos_de_calor_Colombia_2026-10-05.csv,2026-10-06T06:27:43Z,99,Vichada,99524,La Primavera,asignado,cache_geometrico,false,0,,,,asignado,231,2.3.1. Pastos limpios,2,23,231,,,,SI,Landsat_2024_mediana_28042025,GoogleEarth,false,0,,,,,mas_de_5_km,,0,0,0,,,,,mas_de_5_km,,0,,,,,,
9513eec410e90957e1ff211c,2026-10-05T12:39-05:00,2026-10-05T17:39:00Z,2026-10-05,4.34217,-69.31744,VIIRS-NOAA-20,NOAA-20,VIIRS,55.2,21.8,3.9,Nominal,D,0.51,0.49,true,true,Puntos_de_calor_Colombia_2026-10-05.csv,2026-10-06T06:27:43Z,99,Vichada,99773,Cumaribo,asignado,cache_geometrico,false,0,,,,asignado,321111,3.2.1.1.1.1.  Herbazal denso de tierra firme no arbolado,3,32,321,3211,32111,321111,SI,L9_557_20240225,Mosaico Sentinel-2_L2A_False_color 2024-01-27-00_00_2024-01-27-23_59,false,0,,,,,mas_de_5_km,,0,0,0,,,,,mas_de_5_km,,0,,,,,,
95945330329c84f92caa6731,2026-10-05T12:39-05:00,2026-10-05T17:39:00Z,2026-10-05,4.26186,-70.46649,VIIRS-NOAA-20,NOAA-20,VIIRS,67.5,17.9,6.2,Nominal,D,0.61,0.53,true,true,Puntos_de_calor_Colombia_2026-10-05.csv,2026-10-06T06:27:43Z,99,Vichada,99773,Cumaribo,asignado,cache_geometrico,false,0,,,,asignado,321111,3.2.1.1.1.1.  Herbazal denso de tierra firme no arbolado,3,32,321,3211,32111,321111,SI,Landsat_2024_mediana_28042025,"GoogleEarth, BingMaps",false,0,,,,,mas_de_5_km,,0,0,0,,,,,mas_de_5_km,,0,,,,,,
9a943ea5c2f7335079b97a1a,2026-10-05T12:39-05:00,2026-10-05T17:39:00Z,2026-10-05,5.79822,-68.98417,VIIRS-NOAA-20,NOAA-20,VIIRS,58.7,21.1,4.8,Nominal,D,0.46,0.47,true,true,Puntos_de_calor_Colombia_2026-10-05.csv,2026-10-06T06:27:43Z,99,Vichada,99524,La Primavera,asignado,cache_geometrico,false,0,,,,asignado,231,2.3.1. Pastos limpios,2,23,231,,,,SI,Landsat_2024_mediana_28042025,GoogleEarth,false,0,,,,,mas_de_5_km,,0,0,0,,,,,mas_de_5_km,,0,,,,,,
9b45179b9775a124b6ba716b,2026-10-05T12:39-05:00,2026-10-05T17:39:00Z,2026-10-05,3.52339,-71.58525,VIIRS-NOAA-20,NOAA-20,VIIRS,60.8,18.5,2.4,Nominal,D,0.37,0.58,true,true,Puntos_de_calor_Colombia_2026-10-05.csv,2026-10-06T06:27:43Z,50,Meta,50568,Puerto Gaitán,asignado,cache_geometrico,false,0,,,,asignado,321111,3.2.1.1.1.1.  Herbazal denso de tierra firme no arbolado,3,32,321,3211,32111,321111,SI,"Landsat_2024_mediana_28042025,L9_657_20240412,  L9_658_20240224","Basemap, Planet Medres Normalized Analytic 2024-01 Mosaic",false,0,,,,,dentro,0.00,1,0,1,LAV0084-13,AREA DE PERFORACIÓN EXPLORATOIRA CPO13B,TECPETROL COLOMBIA S.A.S,poligono,mas_de_5_km,,0,,,,,,
9c01e1912a3e3f5f24130526,2026-10-05T12:39-05:00,2026-10-05T17:39:00Z,2026-10-05,5.51313,-69.63174,VIIRS-NOAA-20,NOAA-20,VIIRS,68.5,18.8,14.6,Nominal,D,0.51,0.49,true,true,Puntos_de_calor_Colombia_2026-10-05.csv,2026-10-06T06:27:43Z,99,Vichada,99524,La Primavera,asignado,cache_geometrico,false,0,,,,asignado,321111,3.2.1.1.1.1.  Herbazal denso de tierra firme no arbolado,3,32,321,3211,32111,321111,SI,Landsat_2024_mediana_28042025,GoogleEarth,false,0,,,,,mas_de_5_km,,0,0,0,,,,,mas_de_5_km,,0,,,,,,
9c0b00bee6d4dbd49a1b4895,2026-10-05T12:39-05:00,2026-10-05T17:39:00Z,2026-10-05,5.28139,-74.67411,VIIRS-NOAA-20,NOAA-20,VIIRS,56.1,18.5,7.5,Nominal,D,0.57,0.69,true,true,Puntos_de_calor_Colombia_2026-10-05.csv,2026-10-06T06:27:43Z,25,Cundinamarca,25320,Guaduas,asignado,cache_geometrico,false,0,,,,asignado,231,2.3.1. Pastos limpios,2,23,231,,,,SI,Landsat_2024_mediana_28042025,,false,0,,,,,entre_1_y_5_km,1130.25,4,0,4,LAM4241|LAM1998|LAV0007-00-2015|LAM3796,AREA DE PERFORACION EXPLORATORIA BAMBU COLORADO|CONSTRUCCIÓN DEL OLEODUCTO GUADUAS – LA DORADA.|EIA VMM32|AREA DE PERFORACION EXPLORATORIA BLOQUE LA POLA,TEXICAN OIL LTD|PACIFIC STRATUS ENERGY COLOMBIA CORP|ECOPETROL S.A.|VAROSA ENERGY LTDA,poligono|linea,dentro,0.00,2,0212|0282,VMM 15|VMM 32,NO APLICA,LOH ENERGY|CPVEN E&P CORP,EXPLORACION,CONTRATO DE EXPLORACION Y PRODUCCION (E&P)
9e339279d9fd20373c0202eb,2026-10-05T12:39-05:00,2026-10-05T17:39:00Z,2026-10-05,4.56546,-69.97793,VIIRS-NOAA-20,NOAA-20,VIIRS,69.8,20.9,13.6,Nominal,D,0.56,0.51,true,true,Puntos_de_calor_Colombia_2026-10-05.csv,2026-10-06T06:27:43Z,99,Vichada,99773,Cumaribo,asignado,cache_geometrico,false,0,,,,asignado,321111,3.2.1.1.1.1.  Herbazal denso de tierra firme no arbolado,3,32,321,3211,32111,321111,SI,Landsat_2024_mediana_28042025,"GoogleEarth, BingMaps",false,0,,,,,mas_de_5_km,,0,0,0,,,,,mas_de_5_km,,0,,,,,,
9ec5ab92bcde51d74252da2c,2026-10-05T12:39-05:00,2026-10-05T17:39:00Z,2026-10-05,4.44569,-70.83793,VIIRS-NOAA-20,NOAA-20,VIIRS,68.3,18.5,5.6,Nominal,D,0.32,0.55,true,true,Puntos_de_calor_Colombia_2026-10-05.csv,2026-10-06T06:27:43Z,99,Vichada,99773,Cumaribo,asignado,cache_geometrico,false,0,,,,asignado,321111,3.2.1.1.1.1.  Herbazal denso de tierra firme no arbolado,3,32,321,3211,32111,321111,SI,Landsat_2024_mediana_28042025,"GoogleEarth, BingMaps",false,0,,,,,mas_de_5_km,,0,0,0,,,,,mas_de_5_km,,0,,,,,,
9f5d1c2cc041cef81ea1db42,2026-10-05T12:39-05:00,2026-10-05T17:39:00Z,2026-10-05,5.04403,-70.58179,VIIRS-NOAA-20,NOAA-20,VIIRS,65.2,20,11.5,Nominal,D,0.6,0.53,true,true,Puntos_de_calor_Colombia_2026-10-05.csv,2026-10-06T06:27:43Z,99,Vichada,99624,Santa Rosalía,asignado,cache_geometrico,false,0,,,,asignado,321121,3.2.1.1.2.1. Herbazal denso inundable no arbolado,3,32,321,3211,32112,321121,SI,Landsat_2024_mediana_28042025,GoogleEarth,false,0,,,,,mas_de_5_km,,0,0,0,,,,,dentro,0.00,1,0817,CPE 2-2,NO APLICA,PAREX RESOURCES (COLOMBIA) AG,EXPLORACION,CONTRATO DE EXPLORACION Y PRODUCCION (E&P)
a0bd288805f121e6276e5b34,2026-10-05T12:39-05:00,2026-10-05T17:39:00Z,2026-10-05,3.71376,-71.12178,VIIRS-NOAA-20,NOAA-20,VIIRS,82.9,15.3,10.5,Baja,D,0.34,0.56,true,true,Puntos_de_calor_Colombia_2026-10-05.csv,2026-10-06T06:27:43Z,50,Meta,50568,Puerto Gaitán,asignado,cache_geometrico,false,0,,,,asignado,321121,3.2.1.1.2.1. Herbazal denso inundable no arbolado,3,32,321,3211,32112,321121,SI,L9_657_20240412,Planet Medres Normalized Analytic 2024-01 Mosaic,false,0,,,,,mas_de_5_km,,0,0,0,,,,,mas_de_5_km,,0,,,,,,
a1251c7c4beeccba91039f1c,2026-10-05T12:39-05:00,2026-10-05T17:39:00Z,2026-10-05,9.58346,-73.42084,VIIRS-NOAA-20,NOAA-20,VIIRS,64.3,22.5,3.7,Nominal,D,0.39,0.6,true,true,Puntos_de_calor_Colombia_2026-10-05.csv,2026-10-06T06:27:43Z,20,Cesar,20400,La Jagua De Ibirico,asignado,cache_geometrico,false,0,,,,asignado,233,2.3.3. Pastos enmalezados,2,23,233,,,,SI,Landsat_2024_mediana_28042025,<Null>,false,0,,,,,dentro,0.00,5,0,5,LAM3308|LAM0034|LAM0027|LAV0106-00-2014|LAM1862,EXPLORACIÓN DE HIDROCARBUROS (GAS Y PETRÓLEO) Y GAS METANO ASOCIADO A CARBON DENOMINADO LA LOMA|GASODUCTO BALLENAS BARRANCABERMEJA|EXPLOTACIÓN CARBONÍFERA LA LOMA|PRODUCCIÓN DE GAS EN EL ÁREA DE DESARROLLO CAPORO NORTE|Explotación Minera de Carbón El Hatillo,"DRUMMOND LTD|TRANSPORTADORA DE GAS INTERNACIONAL S.A. E.S.P. - TGI S.A. E.S.P.|COLOMBIAN NATURAL RESOURCES CNR III LTD. SUCURSAL
COLOMBIA EN REORGANIZACIÓN",poligono|linea,dentro,0.00,2,0379|0075,LA LOMA ADICIONAL|LA LOMA,PAUJIL-CANARIO|LA LOMA,"DRUMMOND ENERGY, INC",EVALUACION,CONTRATO DE EXPLORACION Y PRODUCCION (E&P)|CONTRATO DE EXPLORACION Y EXPLOTACION (E&E)
a1462d2f78d8ba02b0a9ace8,2026-10-05T12:39-05:00,2026-10-05T17:39:00Z,2026-10-05,3.37604,-72.20974,VIIRS-NOAA-20,NOAA-20,VIIRS,77.3,20.7,23.1,Nominal,D,0.42,0.61,true,true,Puntos_de_calor_Colombia_2026-10-05.csv,2026-10-06T06:27:43Z,50,Meta,50568,Puerto Gaitán,asignado,cache_geometrico,false,0,,,,asignado,321111,3.2.1.1.1.1.  Herbazal denso de tierra firme no arbolado,3,32,321,3211,32111,321111,SI,Landsat_2024_mediana_28042025,GoogleEarth,false,0,,,,,dentro,0.00,2,0,2,LAM5506,Bloque de Explotación de Hidrocarburos CPE-6 - Área de Desarrollo Fase 1|CPE-6 ÁREA DE DESARROLLO FASE 1,"FRONTERA ENERGY COLOMBIA|FRONTERA ENERGY COLOMBIA CORP., SUCURSAL COLOMBIA",poligono,dentro,0.00,2,0293,CPE-6,HAMACA,FRONTERA ENERGY COLOMBIA CORP.,EVALUACION|PRODUCCION,CONTRATO DE EXPLORACION Y PRODUCCION (E&P)
a41034e58dcfe3eefe39eb72,2026-10-05T12:39-05:00,2026-10-05T17:39:00Z,2026-10-05,4.55619,-69.9031,VIIRS-NOAA-20,NOAA-20,VIIRS,60.9,19.2,8.5,Nominal,D,0.55,0.51,true,true,Puntos_de_calor_Colombia_2026-10-05.csv,2026-10-06T06:27:43Z,99,Vichada,99773,Cumaribo,asignado,cache_geometrico,false,0,,,,asignado,321111,3.2.1.1.1.1.  Herbazal denso de tierra firme no arbolado,3,32,321,3211,32111,321111,SI,Landsat_2024_mediana_28042025,"GoogleEarth, BingMaps",false,0,,,,,mas_de_5_km,,0,0,0,,,,,mas_de_5_km,,0,,,,,,
a6032c9ac92d438796b225cf,2026-10-05T12:39-05:00,2026-10-05T17:39:00Z,2026-10-05,9.5851,-73.41985,VIIRS-NOAA-20,NOAA-20,VIIRS,67.9,21.9,5.3,Nominal,D,0.39,0.6,true,true,Puntos_de_calor_Colombia_2026-10-05.csv,2026-10-06T06:27:43Z,20,Cesar,20400,La Jagua De Ibirico,asignado,cache_geometrico,false,0,,,,asignado,3221,3.2.2.1. Arbustal denso,3,32,322,3221,,,SI,Landsat_2024_mediana_28042025,<Null>,false,0,,,,,dentro,0.00,5,0,5,LAM3308|LAM0034|LAM0027|LAV0106-00-2014|LAM1862,EXPLORACIÓN DE HIDROCARBUROS (GAS Y PETRÓLEO) Y GAS METANO ASOCIADO A CARBON DENOMINADO LA LOMA|GASODUCTO BALLENAS BARRANCABERMEJA|EXPLOTACIÓN CARBONÍFERA LA LOMA|PRODUCCIÓN DE GAS EN EL ÁREA DE DESARROLLO CAPORO NORTE|Explotación Minera de Carbón El Hatillo,"DRUMMOND LTD|TRANSPORTADORA DE GAS INTERNACIONAL S.A. E.S.P. - TGI S.A. E.S.P.|COLOMBIAN NATURAL RESOURCES CNR III LTD. SUCURSAL
COLOMBIA EN REORGANIZACIÓN",poligono|linea,dentro,0.00,2,0379|0075,LA LOMA ADICIONAL|LA LOMA,PAUJIL-CANARIO|LA LOMA,"DRUMMOND ENERGY, INC",EVALUACION,CONTRATO DE EXPLORACION Y PRODUCCION (E&P)|CONTRATO DE EXPLORACION Y EXPLOTACION (E&E)
a80481dc4d9c93974a255831,2026-10-05T12:39-05:00,2026-10-05T17:39:00Z,2026-10-05,5.78273,-68.98235,VIIRS-NOAA-20,NOAA-20,VIIRS,77.2,22.8,18.9,Nominal,D,0.46,0.47,true,true,Puntos_de_calor_Colombia_2026-10-05.csv,2026-10-06T06:27:43Z,99,Vichada,99524,La Primavera,asignado,cache_geometrico,false,0,,,,asignado,321111,3.2.1.1.1.1.  Herbazal denso de tierra firme no arbolado,3,32,321,3211,32111,321111,SI,Landsat_2024_mediana_28042025,GoogleEarth,false,0,,,,,mas_de_5_km,,0,0,0,,,,,mas_de_5_km,,0,,,,,,
a9571fcb7bb781de06e4d424,2026-10-05T12:39-05:00,2026-10-05T17:39:00Z,2026-10-05,4.44348,-76.09425,VIIRS-NOAA-20,NOAA-20,VIIRS,72.2,18.1,12,Nominal,D,0.74,0.76,true,true,Puntos_de_calor_Colombia_2026-10-05.csv,2026-10-06T06:27:43Z,76,Valle Del Cauca,76622,Roldanillo,asignado,cache_geometrico,false,0,,,,asignado,22121,2.2.1.2.1. Caña de azúcar,2,22,221,2212,22121,,SI,Landsat_2024_mediana_28042025,,false,0,,,,,entre_1_y_5_km,1932.27,4,0,4,LAM0299|LAM5348|LAM3690,"GASODUCTO DE OCCIDENTE Y 47 RAMALES DE DISTRIBUCION MARIQUITA Y CALI|REHABILITACIÓN, RECONSTRUCCIÓN Y OPERACIÓN DE LA RED FERROVIARIA DEL PACÍFICO.|Construcción de la Doble Calzada Variante Zarzal de la Carretera La Paila – La Victoria",TRANSPORTADORA DE GAS INTERNACIONAL S.A. E.S.P. - TGI S.A. E.S.P.|FERROCARRIL DEL OESTE S.A.|Gobernación del Valle del Cauca,linea,mas_de_5_km,,0,,,,,,
a99c3f95d435fbc15f8487c0,2026-10-05T12:39-05:00,2026-10-05T17:39:00Z,2026-10-05,4.56468,-69.89715,VIIRS-NOAA-20,NOAA-20,VIIRS,67.1,19.1,15.8,Nominal,D,0.55,0.51,true,true,Puntos_de_calor_Colombia_2026-10-05.csv,2026-10-06T06:27:43Z,99,Vichada,99773,Cumaribo,asignado,cache_geometrico,false,0,,,,asignado,245,2.4.5. Mosaico de cultivos con espacios naturales,2,24,245,,,,SI,Landsat_2024_mediana_28042025,"GoogleEarth, BingMaps",false,0,,,,,mas_de_5_km,,0,0,0,,,,,mas_de_5_km,,0,,,,,,
a9cee8cf65ccc07dd56a5349,2026-10-05T12:39-05:00,2026-10-05T17:39:00Z,2026-10-05,7.39799,-74.69833,VIIRS-NOAA-20,NOAA-20,VIIRS,60.7,16.2,4.1,Nominal,D,0.53,0.67,true,true,Puntos_de_calor_Colombia_2026-10-05.csv,2026-10-06T06:27:43Z,05,Antioquia,05895,Zaragoza,asignado,cache_geometrico,false,0,,,,asignado,242,2.4.2. Mosaico de pastos y cultivos,2,24,242,,,,SI,Landsat_2024_mediana_28042025,Basemap,true,1,B7449005,(3669716) ALONSO TAPIAS MACHADO,,METALES PRECIOSOS\ ASOCIADOS,mas_de_5_km,,0,0,0,,,,,mas_de_5_km,,0,,,,,,
aa5688133ab10723d27e61ad,2026-10-05T12:39-05:00,2026-10-05T17:39:00Z,2026-10-05,4.44666,-70.83215,VIIRS-NOAA-20,NOAA-20,VIIRS,56.7,18.6,3.2,Nominal,D,0.32,0.55,true,true,Puntos_de_calor_Colombia_2026-10-05.csv,2026-10-06T06:27:43Z,99,Vichada,99773,Cumaribo,asignado,cache_geometrico,false,0,,,,asignado,321111,3.2.1.1.1.1.  Herbazal denso de tierra firme no arbolado,3,32,321,3211,32111,321111,SI,Landsat_2024_mediana_28042025,"GoogleEarth, BingMaps",false,0,,,,,mas_de_5_km,,0,0,0,,,,,mas_de_5_km,,0,,,,,,
aaf8d4117ac29f48290e5c18,2026-10-05T12:39-05:00,2026-10-05T17:39:00Z,2026-10-05,5.7857,-68.9912,VIIRS-NOAA-20,NOAA-20,VIIRS,57.7,20.1,7.7,Nominal,D,0.46,0.47,true,true,Puntos_de_calor_Colombia_2026-10-05.csv,2026-10-06T06:27:43Z,99,Vichada,99524,La Primavera,asignado,cache_geometrico,false,0,,,,asignado,321111,3.2.1.1.1.1.  Herbazal denso de tierra firme no arbolado,3,32,321,3211,32111,321111,SI,Landsat_2024_mediana_28042025,GoogleEarth,false,0,,,,,mas_de_5_km,,0,0,0,,,,,mas_de_5_km,,0,,,,,,
aafc2ad83ee56503f2525ada,2026-10-05T12:39-05:00,2026-10-05T17:39:00Z,2026-10-05,4.47369,-70.85424,VIIRS-NOAA-20,NOAA-20,VIIRS,67.1,19.8,7.3,Nominal,D,0.32,0.55,true,true,Puntos_de_calor_Colombia_2026-10-05.csv,2026-10-06T06:27:43Z,99,Vichada,99773,Cumaribo,asignado,cache_geometrico,false,0,,,,asignado,321111,3.2.1.1.1.1.  Herbazal denso de tierra firme no arbolado,3,32,321,3211,32111,321111,SI,Landsat_2024_mediana_28042025,"GoogleEarth, BingMaps",false,0,,,,,mas_de_5_km,,0,0,0,,,,,mas_de_5_km,,0,,,,,,
ab55a53452d81496700676c0,2026-10-05T12:39-05:00,2026-10-05T17:39:00Z,2026-10-05,7.20168,-75.24368,VIIRS-NOAA-20,NOAA-20,VIIRS,76.5,14.2,12.3,Nominal,D,0.58,0.7,true,true,Puntos_de_calor_Colombia_2026-10-05.csv,2026-10-06T06:27:43Z,05,Antioquia,05040,Anorí,asignado,cache_geometrico,false,0,,,,asignado,233,2.3.3. Pastos enmalezados,2,23,233,,,,SI,Landsat_2024_mediana_28042025,Sentinel_2024_mediana_11042025,false,0,,,,,mas_de_5_km,,0,0,0,,,,,mas_de_5_km,,0,,,,,,
ac93243c75e1a2f3a8616dd5,2026-10-05T12:39-05:00,2026-10-05T17:39:00Z,2026-10-05,4.10817,-70.64704,VIIRS-NOAA-20,NOAA-20,VIIRS,59.2,19.7,6.1,Nominal,D,0.63,0.54,true,true,Puntos_de_calor_Colombia_2026-10-05.csv,2026-10-06T06:27:43Z,99,Vichada,99773,Cumaribo,asignado,cache_geometrico,false,0,,,,asignado,321111,3.2.1.1.1.1.  Herbazal denso de tierra firme no arbolado,3,32,321,3211,32111,321111,SI,"Landsat_2024_mediana_28042025, L9_657_20240412, L9_557_20240225","GoogleEarth, BingMaps, Planet Medres Normalized Analytic 2024-01 Mosaic",false,0,,,,,mas_de_5_km,,0,0,0,,,,,mas_de_5_km,,0,,,,,,
afc653c342f1236134acccf6,2026-10-05T12:39-05:00,2026-10-05T17:39:00Z,2026-10-05,5.21975,-74.52867,VIIRS-NOAA-20,NOAA-20,VIIRS,74,14.7,8.2,Nominal,D,0.56,0.69,true,true,Puntos_de_calor_Colombia_2026-10-05.csv,2026-10-06T06:27:43Z,25,Cundinamarca,25148,Caparrapí,asignado,cache_geometrico,false,0,,,,asignado,243,"2.4.3. Mosaico de cultivos, pastos y espacios naturales",2,24,243,,,,SI,Landsat_2024_mediana_28042025,,false,0,,,,,entre_1_y_5_km,1027.66,9,0,9,LAM1190|LAM1264|LAM0679|LAM2375,"PERFORACION EXPLORATORIA GUADUALES ""AREA DE INCLUSION""|AREA DE PERFORACION EXPLORATORIA RIO SECO|NUEVAS AREAS DE EXPLOTACIÓN O DE DESARROLLO PARA EL CAMPO GUADUAS -BLOQUE RIO SECO RETENIDO-|PERFORACION EXPLORATORIA GUADUALES ""CORREDOR 3""|RED FERREA DEL ATLANTICO, REHABILITACION, CONSERVACION Y MANTENIMIENTO DE RED FERREA EN LOS SECTORES DE BOGOTA - SANTA MARTA, BOGOTA -  BELENCITO, LA CARO – LENGUAZAQUE, BELLO - PUERTO BERRIO|NUEVAS AREA DE EXPLOTACION O DESARROLLO PARA EL CAMPO GUADUAS -BLOQUE DINDAL RETENIDO-|EXPLORACIÓN SÍSMICA BLOQUE GUADUALES POZO ZUSNE 1.",PERENCO COLOMBIA LIMITED|GHK COMPANY COLOMBIA|PACIFIC STRATUS ENERGY COLOMBIA CORP|FERROCARRILES DEL NORTE DE COLOMBIA S.A FENOCO S.A,poligono|linea|punto,entre_1_y_5_km,2365.66,2,0029|0053,RIO SECO|DINDAL,NO APLICA,ECOPETROL S.A.,PRODUCCION,CONTRATO DE ASOCIACION CON ECOPETROL
b14f32b425831149c264c24a,2026-10-05T12:39-05:00,2026-10-05T17:39:00Z,2026-10-05,5.03919,-70.581,VIIRS-NOAA-20,NOAA-20,VIIRS,72.6,19,11.5,Nominal,D,0.6,0.53,true,true,Puntos_de_calor_Colombia_2026-10-05.csv,2026-10-06T06:27:43Z,99,Vichada,99624,Santa Rosalía,asignado,cache_geometrico,false,0,,,,asignado,321121,3.2.1.1.2.1. Herbazal denso inundable no arbolado,3,32,321,3211,32112,321121,SI,Landsat_2024_mediana_28042025,GoogleEarth,false,0,,,,,mas_de_5_km,,0,0,0,,,,,dentro,0.00,1,0817,CPE 2-2,NO APLICA,PAREX RESOURCES (COLOMBIA) AG,EXPLORACION,CONTRATO DE EXPLORACION Y PRODUCCION (E&P)
b246b4c1f9212a58760ffb69,2026-10-05T12:39-05:00,2026-10-05T17:39:00Z,2026-10-05,6.38637,-70.06557,VIIRS-NOAA-20,NOAA-20,VIIRS,67.8,18.8,3.7,Nominal,D,0.53,0.5,true,true,Puntos_de_calor_Colombia_2026-10-05.csv,2026-10-06T06:27:43Z,81,Arauca,81220,Cravo Norte,asignado,cache_geometrico,false,0,,,,asignado,32121,3.2.1.2.1. Herbazal abierto arenoso,3,32,321,3212,32121,,SI,Landsat_2024_mediana_28042025,GoogleEarth,false,0,,,,,mas_de_5_km,,0,0,0,,,,,mas_de_5_km,,0,,,,,,
b25cfe619337784aa73e6656,2026-10-05T12:39-05:00,2026-10-05T17:39:00Z,2026-10-05,5.03933,-71.47011,VIIRS-NOAA-20,NOAA-20,VIIRS,76,20.4,4.3,Nominal,D,0.35,0.56,true,true,Puntos_de_calor_Colombia_2026-10-05.csv,2026-10-06T06:27:43Z,85,Casanare,85230,Orocué,asignado,cache_geometrico,false,0,,,,asignado,321121,3.2.1.1.2.1. Herbazal denso inundable no arbolado,3,32,321,3211,32112,321121,SI,Landsat_2024_mediana_28042025,GoogleEarth,false,0,,,,,dentro,0.00,7,0,7,LAM0165|LAM5121|LAM4700|LAM3261|LAM4502|LAM4489,LICENCIA GLOBAL DEL BLOQUE GARCERO C|BLOQUE DE PERFORACIÓN EXPLORATORIA LLANOS 29|BLOQUE DE PERFORACIÓN EXPLORATORIA LLANOS 29-ISLA 1|CAMPO DE EXPLOTACIÓN DE HIDROCARBUROS MAPACHE|AREA DE PERFORACION EXPLORATORIA BLOQUE OROPENDOLA-1|Área de Interés de Perforación Exploratoria Mapache ll|PERFORACION EXPLORATORIA BLOQUE ALTAIR - ZONA-1,PERENCO COLOMBIA LIMITED|PAREX ENERGY COLOMBIA LTD.|PETROMINERALES COLOMBIA CORP. SUCURSAL COLOMBIA|FRONTERA ENERGY COLOMBIA CORP. SUCURSAL COLOMBIA|INTEROIL COLOMBIA EXPLORATION AND PRODUCTION,poligono,dentro,0.00,1,0013,GARCERO,NO APLICA,PERENCO OIL AND GAS COLOMBIA LIMITED,PRODUCCION,CONTRATO DE ASOCIACION CON ECOPETROL
b7bb4f8f75dfc1f08c1337fe,2026-10-05T12:39-05:00,2026-10-05T17:39:00Z,2026-10-05,4.55594,-68.87177,VIIRS-NOAA-20,NOAA-20,VIIRS,71.9,22.6,7.4,Nominal,D,0.47,0.48,true,true,Puntos_de_calor_Colombia_2026-10-05.csv,2026-10-06T06:27:43Z,99,Vichada,99773,Cumaribo,asignado,cache_geometrico,false,0,,,,asignado,321111,3.2.1.1.1.1.  Herbazal denso de tierra firme no arbolado,3,32,321,3211,32111,321111,SI,Landsat_2024_mediana_28042025,GoogleEarth,true,1,Bloque886,,,,mas_de_5_km,,0,0,0,,,,,mas_de_5_km,,0,,,,,,
bb24baa25c28f5533ce15273,2026-10-05T12:39-05:00,2026-10-05T17:39:00Z,2026-10-05,5.21223,-74.53471,VIIRS-NOAA-20,NOAA-20,VIIRS,73.5,15.5,13.3,Nominal,D,0.56,0.69,true,true,Puntos_de_calor_Colombia_2026-10-05.csv,2026-10-06T06:27:43Z,25,Cundinamarca,25148,Caparrapí,asignado,cache_geometrico,false,0,,,,asignado,243,"2.4.3. Mosaico de cultivos, pastos y espacios naturales",2,24,243,,,,SI,Landsat_2024_mediana_28042025,,false,0,,,,,entre_1_y_5_km,1696.75,11,0,11,LAM1264|LAM0679|LAM1190|LAM2375|LAM5149|LAM4731,"AREA DE PERFORACION EXPLORATORIA RIO SECO|NUEVAS AREAS DE EXPLOTACIÓN O DE DESARROLLO PARA EL CAMPO GUADUAS -BLOQUE RIO SECO RETENIDO-|PERFORACION EXPLORATORIA GUADUALES ""AREA DE INCLUSION""|RED FERREA DEL ATLANTICO, REHABILITACION, CONSERVACION Y MANTENIMIENTO DE RED FERREA EN LOS SECTORES DE BOGOTA - SANTA MARTA, BOGOTA -  BELENCITO, LA CARO – LENGUAZAQUE, BELLO - PUERTO BERRIO|NUEVAS AREA DE EXPLOTACION O DESARROLLO PARA EL CAMPO GUADUAS -BLOQUE DINDAL RETENIDO-|PERFORACION EXPLORATORIA GUADUALES ""CORREDOR 3""|EXPLORACIÓN SÍSMICA BLOQUE GUADUALES POZO ZUSNE 1.|PROYECTO VIAL NACIONAL RUTA DEL SOL SECTOR 1 – VILLETA – GUADUERO – EL KORÁN (PUERTO SALGAR).|POLIDUCTOS SALGAR-MANSILLA-PUENTE ARANDA Y PUERTO SALGAR-MANSILLA-MONDOÑEDO.",GHK COMPANY COLOMBIA|PACIFIC STRATUS ENERGY COLOMBIA CORP|PERENCO COLOMBIA LIMITED|FERROCARRILES DEL NORTE DE COLOMBIA S.A FENOCO S.A|CONSORCIO VIAL HELIOS|CENIT S.A.S,poligono|linea|punto,entre_1_y_5_km,1695.75,2,0029|0053,RIO SECO|DINDAL,NO APLICA,ECOPETROL S.A.,PRODUCCION,CONTRATO DE ASOCIACION CON ECOPETROL
bb6cd8c2f1ede59888448957,2026-10-05T12:39-05:00,2026-10-05T17:39:00Z,2026-10-05,3.07101,-73.43324,VIIRS-NOAA-20,NOAA-20,VIIRS,71.8,16.3,6.7,Nominal,D,0.51,0.66,true,true,Puntos_de_calor_Colombia_2026-10-05.csv,2026-10-06T06:27:43Z,50,Meta,50577,Puerto Lleras,asignado,cache_geometrico,false,0,,,,asignado,3132,3.1.3.2. Bosque fragmentado con vegetación secundaria,3,31,313,3132,,,SI,Landsat_2024_mediana_28042025,,false,0,,,,,dentro,0.00,1,0,1,LAM4309,AREA DE INTERES DE PERFORACION EXPLORATORIA RIO ARIARI,PETROMINERALES COLOMBIA LTDA,poligono,mas_de_5_km,,0,,,,,,
bc677eac75bcb57bd2e897ed,2026-10-05T12:39-05:00,2026-10-05T17:39:00Z,2026-10-05,5.58863,-71.13557,VIIRS-NOAA-20,NOAA-20,VIIRS,93.9,18.9,8.5,Alta,D,0.32,0.55,true,true,Puntos_de_calor_Colombia_2026-10-05.csv,2026-10-06T06:27:43Z,85,Casanare,85250,Paz De Ariporo,asignado,cache_geometrico,false,0,,,,asignado,321121,3.2.1.1.2.1. Herbazal denso inundable no arbolado,3,32,321,3211,32112,321121,SI,Landsat_2024_mediana_28042025,GoogleEarth,false,0,,,,,dentro,0.00,16,0,16,LAM0351|LAV0016-00-2025|LAM3450|LAV0057-14|LAM3606|LAV0018-14|LAV0014-13,"PERFORACIÓN EXPLORATORIA DE LOS POZOS CHAPARRITO 2, GRANADILLA 1, PIRITO 1, JORDÁN 2 Y MORICHAL 4 DE LAS ASOCIACIONES ESTERO A Y GARCERO A|ÁREA DE DESARROLLO LLANOS 95|PERFORACIÓN EXPLORATORIA BLOQUE ARRENDAJO|ÁREA DE INTERÉS DE PERFORACIÓN EXPLORATORIA YAGUAZO NORTE|ÁREA DE DESARROLLO BLOQUE ARRENDAJO|AREA DE DESARROLLO LEONA|PROSPECTO DE PERFORACION EXPLORATORIA 1-BLOQUE ARRENDAJO|OLEODUCTO EXPRESS DE LOS LLANOS (OXL) Y SUS ESTACIONES DE DESPACHO, INTERMEDIA Y DE RECIBO|POZOS DE DESARROLLO ABEJAS 2Y 3 – POZOS CHAPARRITO 2, 3 Y 4 GRANADILLA 1 JORDAN 2 PIRITO 1 JORDAN 2 MARICHAL 4|ÁREA DE PERFORACIÓN EXPLORATORIA MERECURE",PERENCO COLOMBIA LIMITED|PAREX RESOURCES (COLOMBIA) AG SUCURSAL|GREAT NORTH ENERGY COLOMBIA|PACIFIC STRATUS ENERGY COLOMBIA CORP|FRONTERA ENERGY COLOMBIA CORP.|NEW GRANADA ENERGY CORPORATION SUCURSAL COLOMBIA|RAVEN COLOMBIA S.A.S.|CEPSA COLOMBIA S.A. - CEPCOLSA,poligono|linea|punto,dentro,0.00,5,0009|0905|0095|0098,ESTERO|LLA 95|ARRENDAJO|LEONA,NO APLICA|AZOR-YAGUAZO|LEONA B SUR|LEONA C,PERENCO OIL AND GAS COLOMBIA LIMITED|PAREX RESOURCES (COLOMBIA) AG|FRONTERA ENERGY COLOMBIA CORP.|NEW GRANADA ENERGY CORPORATION,PRODUCCION|EXPLORACION,CONTRATO DE ASOCIACION CON ECOPETROL|CONTRATO DE EXPLORACION Y PRODUCCION (E&P)
bdbb38d0367cddca34cef2e3,2026-10-05T12:39-05:00,2026-10-05T17:39:00Z,2026-10-05,4.5352,-70.7077,VIIRS-NOAA-20,NOAA-20,VIIRS,69.8,16.7,9.2,Nominal,D,0.63,0.54,true,true,Puntos_de_calor_Colombia_2026-10-05.csv,2026-10-06T06:27:43Z,99,Vichada,99773,Cumaribo,asignado,cache_geometrico,false,0,,,,asignado,321111,3.2.1.1.1.1.  Herbazal denso de tierra firme no arbolado,3,32,321,3211,32111,321111,SI,Landsat_2024_mediana_28042025,"GoogleEarth, BingMaps",false,0,,,,,dentro,0.00,1,0,1,LAM5613,AREA DE PERFORACION EXPLORATORIA SALTARIN SUR,HOCOL S.A,poligono,mas_de_5_km,,0,,,,,,
be8774137ff10f475fd14354,2026-10-05T12:39-05:00,2026-10-05T17:39:00Z,2026-10-05,4.26367,-70.46883,VIIRS-NOAA-20,NOAA-20,VIIRS,70,17.2,16.2,Nominal,D,0.61,0.53,true,true,Puntos_de_calor_Colombia_2026-10-05.csv,2026-10-06T06:27:43Z,99,Vichada,99773,Cumaribo,asignado,cache_geometrico,false,0,,,,asignado,321111,3.2.1.1.1.1.  Herbazal denso de tierra firme no arbolado,3,32,321,3211,32111,321111,SI,Landsat_2024_mediana_28042025,"GoogleEarth, BingMaps",false,0,,,,,mas_de_5_km,,0,0,0,,,,,mas_de_5_km,,0,,,,,,
bea9b08aa85b0c7cb383df07,2026-10-05T12:39-05:00,2026-10-05T17:39:00Z,2026-10-05,4.70578,-70.39886,VIIRS-NOAA-20,NOAA-20,VIIRS,67.8,21.2,7.4,Nominal,D,0.59,0.53,true,true,Puntos_de_calor_Colombia_2026-10-05.csv,2026-10-06T06:27:43Z,99,Vichada,99773,Cumaribo,asignado,cache_geometrico,false,0,,,,asignado,321111,3.2.1.1.1.1.  Herbazal denso de tierra firme no arbolado,3,32,321,3211,32111,321111,SI,Landsat_2024_mediana_28042025,GoogleEarth,false,0,,,,,mas_de_5_km,,0,0,0,,,,,mas_de_5_km,,0,,,,,,
beeb10f61092ff5660aee7a7,2026-10-05T12:39-05:00,2026-10-05T17:39:00Z,2026-10-05,5.49864,-69.23175,VIIRS-NOAA-20,NOAA-20,VIIRS,66.5,18.7,5,Nominal,D,0.48,0.48,true,true,Puntos_de_calor_Colombia_2026-10-05.csv,2026-10-06T06:27:43Z,99,Vichada,99524,La Primavera,asignado,cache_geometrico,false,0,,,,asignado,321111,3.2.1.1.1.1.  Herbazal denso de tierra firme no arbolado,3,32,321,3211,32111,321111,SI,Landsat_2024_mediana_28042025,GoogleEarth,false,0,,,,,mas_de_5_km,,0,0,0,,,,,mas_de_5_km,,0,,,,,,
c1309ab79d125fb606ef5194,2026-10-05T12:39-05:00,2026-10-05T17:39:00Z,2026-10-05,4.92592,-69.4786,VIIRS-NOAA-20,NOAA-20,VIIRS,67.4,19.5,12.1,Nominal,D,0.51,0.49,true,true,Puntos_de_calor_Colombia_2026-10-05.csv,2026-10-06T06:27:43Z,99,Vichada,99773,Cumaribo,asignado,cache_geometrico,false,0,,,,asignado,231,2.3.1. Pastos limpios,2,23,231,,,,SI,Landsat_2024_mediana_28042025,GoogleEarth,false,0,,,,,mas_de_5_km,,0,0,0,,,,,mas_de_5_km,,0,,,,,,
c2a3affcc6b0accdd1e87590,2026-10-05T12:39-05:00,2026-10-05T17:39:00Z,2026-10-05,4.26673,-70.46727,VIIRS-NOAA-20,NOAA-20,VIIRS,55.1,19.6,6.2,Nominal,D,0.61,0.53,true,true,Puntos_de_calor_Colombia_2026-10-05.csv,2026-10-06T06:27:43Z,99,Vichada,99773,Cumaribo,asignado,cache_geometrico,false,0,,,,asignado,321111,3.2.1.1.1.1.  Herbazal denso de tierra firme no arbolado,3,32,321,3211,32111,321111,SI,Landsat_2024_mediana_28042025,"GoogleEarth, BingMaps",false,0,,,,,mas_de_5_km,,0,0,0,,,,,mas_de_5_km,,0,,,,,,
c63fd2307eeff206cd64be79,2026-10-05T12:39-05:00,2026-10-05T17:39:00Z,2026-10-05,3.37542,-72.21349,VIIRS-NOAA-20,NOAA-20,VIIRS,79.9,19.4,24.4,Nominal,D,0.42,0.61,true,true,Puntos_de_calor_Colombia_2026-10-05.csv,2026-10-06T06:27:43Z,50,Meta,50568,Puerto Gaitán,asignado,cache_geometrico,false,0,,,,asignado,321111,3.2.1.1.1.1.  Herbazal denso de tierra firme no arbolado,3,32,321,3211,32111,321111,SI,Landsat_2024_mediana_28042025,GoogleEarth,false,0,,,,,dentro,0.00,2,0,2,LAM5506,Bloque de Explotación de Hidrocarburos CPE-6 - Área de Desarrollo Fase 1|CPE-6 ÁREA DE DESARROLLO FASE 1,"FRONTERA ENERGY COLOMBIA|FRONTERA ENERGY COLOMBIA CORP., SUCURSAL COLOMBIA",poligono,dentro,0.00,2,0293,CPE-6,HAMACA,FRONTERA ENERGY COLOMBIA CORP.,EVALUACION|PRODUCCION,CONTRATO DE EXPLORACION Y PRODUCCION (E&P)
c70485809912990ac6c90262,2026-10-05T12:39-05:00,2026-10-05T17:39:00Z,2026-10-05,4.9493,-70.83472,VIIRS-NOAA-20,NOAA-20,VIIRS,66,18.5,15.2,Nominal,D,0.63,0.54,true,true,Puntos_de_calor_Colombia_2026-10-05.csv,2026-10-06T06:27:43Z,99,Vichada,99624,Santa Rosalía,asignado,cache_geometrico,false,0,,,,asignado,321111,3.2.1.1.1.1.  Herbazal denso de tierra firme no arbolado,3,32,321,3211,32111,321111,SI,Landsat_2024_mediana_28042025,GoogleEarth,false,0,,,,,entre_1_y_5_km,2058.70,2,0,2,LAM3607,AREA DE DESARROLLO LAS GARZAS|AREA DE PERFORACION EXPLORATORIA LAS GARZAS,NEW GRANADA ENERGY CORPORATION SUCURSAL COLOMBIA,poligono,entre_1_y_5_km,4497.49,1,0094,LAS GARZAS,LAS GARZAS B,NEW GRANADA ENERGY CORPORATION,PRODUCCION,CONTRATO DE EXPLORACION Y PRODUCCION (E&P)
c7788c1afc5585742bfb82b2,2026-10-05T12:39-05:00,2026-10-05T17:39:00Z,2026-10-05,5.79164,-69.00898,VIIRS-NOAA-20,NOAA-20,VIIRS,62,19.9,5.1,Nominal,D,0.46,0.47,true,true,Puntos_de_calor_Colombia_2026-10-05.csv,2026-10-06T06:27:43Z,99,Vichada,99524,La Primavera,asignado,cache_geometrico,false,0,,,,asignado,314,3.1.4. Bosque de galería y ripario,3,31,314,,,,SI,Landsat_2024_mediana_28042025,GoogleEarth,false,0,,,,,mas_de_5_km,,0,0,0,,,,,mas_de_5_km,,0,,,,,,
c9c0ca0a594ff86a28944550,2026-10-05T12:39-05:00,2026-10-05T17:39:00Z,2026-10-05,4.09071,-72.2019,VIIRS-NOAA-20,NOAA-20,VIIRS,71.9,17.2,2.6,Nominal,D,0.4,0.6,true,true,Puntos_de_calor_Colombia_2026-10-05.csv,2026-10-06T06:27:43Z,50,Meta,50573,Puerto López,asignado,cache_geometrico,false,0,,,,asignado,244,2.4.4. Mosaico de pastos con espacios naturales,2,24,244,,,,SI,Landsat_2024_mediana_28042025,Sentinel_2024_mediana_11042025,false,0,,,,,dentro,0.00,2,0,2,LAV0060-00-2023|LAM5131,ÁREA DE DESARROLLO GOLONDRINA|PERFORACION EXPLORATORIA BLOQUE CPO-6,GEOPARK COLOMBIA S.A.S.|TECPETROL COLOMBIA S.A.S.,poligono,dentro,0.00,2,0707|0709,LLA 104|LLA 86,NO APLICA,GEOPARK COLOMBIA S.A.S.,EXPLORACION,CONTRATO DE EXPLORACION Y PRODUCCION (E&P)
cbcf53c87f755a9dd9b50f0c,2026-10-05T12:39-05:00,2026-10-05T17:39:00Z,2026-10-05,4.73064,-71.16244,VIIRS-NOAA-20,NOAA-20,VIIRS,93.9,19,10.3,Alta,D,0.33,0.56,true,true,Puntos_de_calor_Colombia_2026-10-05.csv,2026-10-06T06:27:43Z,50,Meta,50568,Puerto Gaitán,asignado,cache_geometrico,false,0,,,,asignado,321111,3.2.1.1.1.1.  Herbazal denso de tierra firme no arbolado,3,32,321,3211,32111,321111,SI,Landsat_2024_mediana_28042025,GoogleEarth,false,0,,,,,dentro,0.00,3,0,3,LAM3338|LAM3798,PERFORACIÓN EXPLORATORIA ÁREA DE INTERÉS CABIONA|AREA DE INTERES DE PERFORACION EXPLORATORIA CABIONA|AREA DE PERFORACION EXPLORATORIA CABIONA NORESTE,NEW GRANADA ENERGY CORPORATION SUCURSAL COLOMBIANA|NEW GRANADA ENERGY CORPORATION SUCURSAL COLOMBIA,poligono,hasta_1_km,399.36,1,0072,CABIONA,CABIONA B,NEW GRANADA ENERGY CORPORATION,PRODUCCION,CONTRATO DE EXPLORACION Y EXPLOTACION (E&E)
cbd64eed7f54b2f86983eca5,2026-10-05T12:39-05:00,2026-10-05T17:39:00Z,2026-10-05,3.45512,-75.29433,VIIRS-NOAA-20,NOAA-20,VIIRS,72.7,17.8,9.1,Nominal,D,0.68,0.74,true,true,Puntos_de_calor_Colombia_2026-10-05.csv,2026-10-06T06:27:43Z,73,Tolima,73483,Natagaima,asignado,cache_geometrico,false,0,,,,asignado,3222,3.2.2.2. Arbustal abierto,3,32,322,3222,,,SI,Landsat_2024_mediana_28042025,,true,1,BLOQUE 691,,,ZONAS RESERVADAS CON POTENCIAL - BLOQUE 691,entre_1_y_5_km,1604.22,1,0,1,LAV0091-13,AREA DE PERFORACIÓN EXPLORATORIA VSM 9 (HUILA - TOLIMA),HOCOL S.A.,poligono,entre_1_y_5_km,4290.53,1,0250,VSM 9,NO APLICA,HOCOL S.A.,EXPLORACION,CONTRATO DE EXPLORACION Y PRODUCCION (E&P)
d294070c37d88b75c8b2578c,2026-10-05T12:39-05:00,2026-10-05T17:39:00Z,2026-10-05,4.53426,-70.71323,VIIRS-NOAA-20,NOAA-20,VIIRS,57.3,16,9.2,Nominal,D,0.63,0.54,true,true,Puntos_de_calor_Colombia_2026-10-05.csv,2026-10-06T06:27:43Z,99,Vichada,99773,Cumaribo,asignado,cache_geometrico,false,0,,,,asignado,314,3.1.4. Bosque de galería y ripario,3,31,314,,,,SI,Landsat_2024_mediana_28042025,"GoogleEarth, BingMaps",false,0,,,,,dentro,0.00,1,0,1,LAM5613,AREA DE PERFORACION EXPLORATORIA SALTARIN SUR,HOCOL S.A,poligono,mas_de_5_km,,0,,,,,,
d65e3968d3c32cd15e5ea6c7,2026-10-05T12:39-05:00,2026-10-05T17:39:00Z,2026-10-05,5.81057,-69.01553,VIIRS-NOAA-20,NOAA-20,VIIRS,63.7,21.5,5,Nominal,D,0.46,0.47,true,true,Puntos_de_calor_Colombia_2026-10-05.csv,2026-10-06T06:27:43Z,99,Vichada,99524,La Primavera,asignado,cache_geometrico,false,0,,,,asignado,321111,3.2.1.1.1.1.  Herbazal denso de tierra firme no arbolado,3,32,321,3211,32111,321111,SI,Landsat_2024_mediana_28042025,GoogleEarth,false,0,,,,,mas_de_5_km,,0,0,0,,,,,mas_de_5_km,,0,,,,,,
d8e1e4bb6cf63900698982d3,2026-10-05T12:39-05:00,2026-10-05T17:39:00Z,2026-10-05,4.58365,-70.63042,VIIRS-NOAA-20,NOAA-20,VIIRS,60.4,20.2,5.7,Nominal,D,0.62,0.54,true,true,Puntos_de_calor_Colombia_2026-10-05.csv,2026-10-06T06:27:43Z,99,Vichada,99773,Cumaribo,asignado,cache_geometrico,false,0,,,,asignado,321111,3.2.1.1.1.1.  Herbazal denso de tierra firme no arbolado,3,32,321,3211,32111,321111,SI,Landsat_2024_mediana_28042025,"GoogleEarth, BingMaps",false,0,,,,,dentro,0.00,2,0,2,LAM5613|LAM3970,AREA DE PERFORACION EXPLORATORIA SALTARIN SUR|AREA DE PERFORACION EXPLORATORIA SALTARIN,HOCOL S.A|HOCOL S.A.,poligono,mas_de_5_km,,0,,,,,,
dacf0eeffe9cc48acc7c4204,2026-10-05T12:39-05:00,2026-10-05T17:39:00Z,2026-10-05,3.75012,-72.57804,VIIRS-NOAA-20,NOAA-20,VIIRS,67.7,16.8,4.8,Nominal,D,0.44,0.62,true,true,Puntos_de_calor_Colombia_2026-10-05.csv,2026-10-06T06:27:43Z,50,Meta,50573,Puerto López,asignado,cache_geometrico,false,0,,,,asignado,31112,3.1.1.1.2. Bosque denso alto inundable,3,31,311,3111,31112,,SI,Landsat_2024_mediana_28042025,Sentinel_2024_mediana_11042025,false,0,,,,,dentro,0.00,4,0,4,LAM5114|LAM5669|LAV0059-13|LAV0049-13,ÁREA DE PERFORACIÓN EXPLORATORIA GUACHARACA|AREA DE PERFORACIÓN EXPLORATORIA LLANOS-58|AREA DE PERFORACIÓN EXPLORATORIA PADRE|AREA PERFORACION EXPLORATORIA  MUÑECA,HUPECOL OPERATING CO LLC|ECOPETROL S.A.,poligono,mas_de_5_km,,0,,,,,,
dc1abdae74c185900eafc01d,2026-10-05T12:39-05:00,2026-10-05T17:39:00Z,2026-10-05,5.03367,-71.47233,VIIRS-NOAA-20,NOAA-20,VIIRS,62.5,16.8,2.7,Nominal,D,0.35,0.56,true,true,Puntos_de_calor_Colombia_2026-10-05.csv,2026-10-06T06:27:43Z,85,Casanare,85230,Orocué,asignado,cache_geometrico,false,0,,,,asignado,321121,3.2.1.1.2.1. Herbazal denso inundable no arbolado,3,32,321,3211,32112,321121,SI,Landsat_2024_mediana_28042025,GoogleEarth,false,0,,,,,dentro,0.00,6,0,6,LAM0165|LAM5121|LAM4700|LAM3261|LAM4502,LICENCIA GLOBAL DEL BLOQUE GARCERO C|BLOQUE DE PERFORACIÓN EXPLORATORIA LLANOS 29|BLOQUE DE PERFORACIÓN EXPLORATORIA LLANOS 29-ISLA 1|CAMPO DE EXPLOTACIÓN DE HIDROCARBUROS MAPACHE|AREA DE PERFORACION EXPLORATORIA BLOQUE OROPENDOLA-1|Área de Interés de Perforación Exploratoria Mapache ll,PERENCO COLOMBIA LIMITED|PAREX ENERGY COLOMBIA LTD.|PETROMINERALES COLOMBIA CORP. SUCURSAL COLOMBIA|FRONTERA ENERGY COLOMBIA CORP. SUCURSAL COLOMBIA,poligono,dentro,0.00,1,0013,GARCERO,NO APLICA,PERENCO OIL AND GAS COLOMBIA LIMITED,PRODUCCION,CONTRATO DE ASOCIACION CON ECOPETROL
defe57cdb3918a344b23d065,2026-10-05T12:39-05:00,2026-10-05T17:39:00Z,2026-10-05,3.99066,-70.63576,VIIRS-NOAA-20,NOAA-20,VIIRS,59.9,18.8,5.5,Nominal,D,0.63,0.54,true,true,Puntos_de_calor_Colombia_2026-10-05.csv,2026-10-06T06:27:43Z,99,Vichada,99773,Cumaribo,asignado,cache_geometrico,false,0,,,,asignado,314,3.1.4. Bosque de galería y ripario,3,31,314,,,,SI,"Landsat_2024_mediana_28042025, L9_657_20240412","GoogleEarth, BingMaps, Mosaico Sentinel-2_L2A_False_color 2024-01-27-00_00_2024-01-27-23_59",false,0,,,,,mas_de_5_km,,0,0,0,,,,,mas_de_5_km,,0,,,,,,
df6eb24aec198cb4b5180fea,2026-10-05T12:39-05:00,2026-10-05T17:39:00Z,2026-10-05,3.61734,-75.17362,VIIRS-NOAA-20,NOAA-20,VIIRS,55.7,19.2,4.5,Nominal,D,0.66,0.73,true,true,Puntos_de_calor_Colombia_2026-10-05.csv,2026-10-06T06:27:43Z,73,Tolima,73483,Natagaima,asignado,cache_geometrico,false,0,,,,asignado,321111,3.2.1.1.1.1.  Herbazal denso de tierra firme no arbolado,3,32,321,3211,32111,321111,SI,Landsat_2024_mediana_28042025,IDEAM_puntos_CLC2024_verificacion_campo_2025,false,0,,,,,entre_1_y_5_km,3631.83,1,0,1,LAM0304,LÍNEA DE INTERCONEXIÓN ELÉCTRICA BETANIA-MIROLINDO,INTERCONEXION ELECTRICA S.A. E.S.P. ISA,linea,mas_de_5_km,,0,,,,,,
e1c8cec8aa9510626f282fcc,2026-10-05T12:39-05:00,2026-10-05T17:39:00Z,2026-10-05,4.55371,-69.9054,VIIRS-NOAA-20,NOAA-20,VIIRS,64.5,19.1,9.5,Nominal,D,0.55,0.51,true,true,Puntos_de_calor_Colombia_2026-10-05.csv,2026-10-06T06:27:43Z,99,Vichada,99773,Cumaribo,asignado,cache_geometrico,false,0,,,,asignado,321111,3.2.1.1.1.1.  Herbazal denso de tierra firme no arbolado,3,32,321,3211,32111,321111,SI,Landsat_2024_mediana_28042025,"GoogleEarth, BingMaps",false,0,,,,,mas_de_5_km,,0,0,0,,,,,mas_de_5_km,,0,,,,,,
e4cb0a21baf20dc98b7215ac,2026-10-05T12:39-05:00,2026-10-05T17:39:00Z,2026-10-05,4.90654,-68.34218,VIIRS-NOAA-20,NOAA-20,VIIRS,79.4,26.9,19.4,Nominal,D,0.43,0.46,true,true,Puntos_de_calor_Colombia_2026-10-05.csv,2026-10-06T06:27:43Z,99,Vichada,99773,Cumaribo,asignado,cache_geometrico,false,0,,,,asignado,321121,3.2.1.1.2.1. Herbazal denso inundable no arbolado,3,32,321,3211,32112,321121,SI,Landsat_2024_mediana_28042025,GoogleEarth,true,1,BLOQUE 895,,,,mas_de_5_km,,0,0,0,,,,,mas_de_5_km,,0,,,,,,
e51d21b1377dae65409dc593,2026-10-05T12:39-05:00,2026-10-05T17:39:00Z,2026-10-05,5.78768,-68.97896,VIIRS-NOAA-20,NOAA-20,VIIRS,64.8,21.3,12.1,Nominal,D,0.46,0.47,true,true,Puntos_de_calor_Colombia_2026-10-05.csv,2026-10-06T06:27:43Z,99,Vichada,99524,La Primavera,asignado,cache_geometrico,false,0,,,,asignado,321111,3.2.1.1.1.1.  Herbazal denso de tierra firme no arbolado,3,32,321,3211,32111,321111,SI,Landsat_2024_mediana_28042025,GoogleEarth,false,0,,,,,mas_de_5_km,,0,0,0,,,,,mas_de_5_km,,0,,,,,,
e54c38f259f20e112fa583bb,2026-10-05T12:39-05:00,2026-10-05T17:39:00Z,2026-10-05,5.77481,-68.97693,VIIRS-NOAA-20,NOAA-20,VIIRS,61.5,21.2,4.8,Nominal,D,0.46,0.47,true,true,Puntos_de_calor_Colombia_2026-10-05.csv,2026-10-06T06:27:43Z,99,Vichada,99524,La Primavera,asignado,cache_geometrico,false,0,,,,asignado,321111,3.2.1.1.1.1.  Herbazal denso de tierra firme no arbolado,3,32,321,3211,32111,321111,SI,Landsat_2024_mediana_28042025,GoogleEarth,false,0,,,,,mas_de_5_km,,0,0,0,,,,,mas_de_5_km,,0,,,,,,
e8323f7589a31fe6ef5662d1,2026-10-05T12:39-05:00,2026-10-05T17:39:00Z,2026-10-05,4.62998,-71.37048,VIIRS-NOAA-20,NOAA-20,VIIRS,64.7,18.6,2.2,Nominal,D,0.35,0.56,true,true,Puntos_de_calor_Colombia_2026-10-05.csv,2026-10-06T06:27:43Z,50,Meta,50568,Puerto Gaitán,asignado,cache_geometrico,false,0,,,,asignado,231,2.3.1. Pastos limpios,2,23,231,,,,SI,Landsat_2024_mediana_28042025,GoogleEarth,false,0,,,,,dentro,0.00,3,0,3,LAM4973|LAM3338|LAV0049-00-2025,AREA DE INTERES DE PERFORACIÓN EXPLORATORIA EN EL BLOQUE CPO-2|PERFORACIÓN EXPLORATORIA ÁREA DE INTERÉS CABIONA|ÁREA DE PERFORACIÓN EXPLORATORIA LLANOS 99,PLUSPETROL RESOURCES CORPORATION SUCURSAL COLOMBIANA|NEW GRANADA ENERGY CORPORATION SUCURSAL COLOMBIANA|FRONTERA ENERGY COLOMBIA CORP. SUCURSAL COLOMBIA,poligono,hasta_1_km,237.69,1,0718,LLA 99,NO APLICA,FRONTERA ENERGY COLOMBIA CORP.,EXPLORACION,CONTRATO DE EXPLORACION Y PRODUCCION (E&P)
e873152a701c3b799bb529ca,2026-10-05T12:39-05:00,2026-10-05T17:39:00Z,2026-10-05,4.78977,-70.13222,VIIRS-NOAA-20,NOAA-20,VIIRS,67.6,19.8,14.4,Nominal,D,0.57,0.52,true,true,Puntos_de_calor_Colombia_2026-10-05.csv,2026-10-06T06:27:43Z,99,Vichada,99773,Cumaribo,asignado,cache_geometrico,false,0,,,,asignado,321111,3.2.1.1.1.1.  Herbazal denso de tierra firme no arbolado,3,32,321,3211,32111,321111,SI,Landsat_2024_mediana_28042025,GoogleEarth,false,0,,,,,mas_de_5_km,,0,0,0,,,,,mas_de_5_km,,0,,,,,,
eac08f39d3d54c09be7450ab,2026-10-05T12:39-05:00,2026-10-05T17:39:00Z,2026-10-05,3.98269,-68.24261,VIIRS-NOAA-20,NOAA-20,VIIRS,66.9,22.6,4.3,Nominal,D,0.43,0.46,true,true,Puntos_de_calor_Colombia_2026-10-05.csv,2026-10-06T06:27:43Z,99,Vichada,99773,Cumaribo,asignado,cache_geometrico,false,0,,,,asignado,243,"2.4.3. Mosaico de cultivos, pastos y espacios naturales",2,24,243,,,,SI,L9_457_20240109,Web Maps (Bing/ArcGIS/Google),true,1,BLOQUE 896,,,,mas_de_5_km,,0,0,0,,,,,mas_de_5_km,,0,,,,,,
ecc3196bf4fad75a957d2e27,2026-10-05T12:39-05:00,2026-10-05T17:39:00Z,2026-10-05,4.96145,-70.83228,VIIRS-NOAA-20,NOAA-20,VIIRS,60.2,17.7,10.9,Nominal,D,0.63,0.54,true,true,Puntos_de_calor_Colombia_2026-10-05.csv,2026-10-06T06:27:43Z,99,Vichada,99624,Santa Rosalía,asignado,cache_geometrico,false,0,,,,asignado,321111,3.2.1.1.1.1.  Herbazal denso de tierra firme no arbolado,3,32,321,3211,32111,321111,SI,Landsat_2024_mediana_28042025,GoogleEarth,false,0,,,,,entre_1_y_5_km,3095.97,3,0,3,LAM3607|LAM4977,AREA DE DESARROLLO LAS GARZAS|AREA DE PERFORACION EXPLORATORIA LAS GARZAS|AREA DE PERFORACION EXPLORATORIA CLARINERO,NEW GRANADA ENERGY CORPORATION SUCURSAL COLOMBIA|HOCOL S.A.,poligono,entre_1_y_5_km,4267.38,1,0817,CPE 2-2,NO APLICA,PAREX RESOURCES (COLOMBIA) AG,EXPLORACION,CONTRATO DE EXPLORACION Y PRODUCCION (E&P)
ee000a08e71eb00d66925289,2026-10-05T12:39-05:00,2026-10-05T17:39:00Z,2026-10-05,4.64635,-69.2589,VIIRS-NOAA-20,NOAA-20,VIIRS,57.7,21.6,3.5,Nominal,D,0.5,0.49,true,true,Puntos_de_calor_Colombia_2026-10-05.csv,2026-10-06T06:27:43Z,99,Vichada,99773,Cumaribo,asignado,cache_geometrico,false,0,,,,asignado,231,2.3.1. Pastos limpios,2,23,231,,,,SI,Landsat_2024_mediana_28042025,GoogleEarth,false,0,,,,,mas_de_5_km,,0,0,0,,,,,mas_de_5_km,,0,,,,,,
eeb07183d252fb9490c9cf47,2026-10-05T12:39-05:00,2026-10-05T17:39:00Z,2026-10-05,5.04448,-71.47098,VIIRS-NOAA-20,NOAA-20,VIIRS,67.3,19.7,4.3,Nominal,D,0.35,0.56,true,true,Puntos_de_calor_Colombia_2026-10-05.csv,2026-10-06T06:27:43Z,85,Casanare,85230,Orocué,asignado,cache_geometrico,false,0,,,,asignado,321121,3.2.1.1.2.1. Herbazal denso inundable no arbolado,3,32,321,3211,32112,321121,SI,Landsat_2024_mediana_28042025,GoogleEarth,false,0,,,,,dentro,0.00,7,0,7,LAM0165|LAM5121|LAM4700|LAM3261|LAM4489|LAM4502,LICENCIA GLOBAL DEL BLOQUE GARCERO C|BLOQUE DE PERFORACIÓN EXPLORATORIA LLANOS 29|BLOQUE DE PERFORACIÓN EXPLORATORIA LLANOS 29-ISLA 1|CAMPO DE EXPLOTACIÓN DE HIDROCARBUROS MAPACHE|AREA DE PERFORACION EXPLORATORIA BLOQUE OROPENDOLA-1|PERFORACION EXPLORATORIA BLOQUE ALTAIR - ZONA-1|Área de Interés de Perforación Exploratoria Mapache ll,PERENCO COLOMBIA LIMITED|PAREX ENERGY COLOMBIA LTD.|PETROMINERALES COLOMBIA CORP. SUCURSAL COLOMBIA|INTEROIL COLOMBIA EXPLORATION AND PRODUCTION|FRONTERA ENERGY COLOMBIA CORP. SUCURSAL COLOMBIA,poligono,dentro,0.00,1,0013,GARCERO,NO APLICA,PERENCO OIL AND GAS COLOMBIA LIMITED,PRODUCCION,CONTRATO DE ASOCIACION CON ECOPETROL
ef366162da22cde49a727ad0,2026-10-05T12:39-05:00,2026-10-05T17:39:00Z,2026-10-05,8.37265,-72.51773,VIIRS-NOAA-20,NOAA-20,VIIRS,58.8,18.5,1.9,Nominal,D,0.36,0.57,true,true,Puntos_de_calor_Colombia_2026-10-05.csv,2026-10-06T06:27:43Z,54,Norte De Santander,54001,San José De Cúcuta,asignado,cache_geometrico,false,0,,,,asignado,243,"2.4.3. Mosaico de cultivos, pastos y espacios naturales",2,24,243,,,,SI,Landsat_2024_mediana_28042025,GoogleEarth,false,0,,,,,entre_1_y_5_km,1285.06,3,0,3,LAM3284|LAM5916|LAM5109,"REACTIVACION DEL CAMPO CARBONERA - LA SILLA|ESTABLECER PLAN DE MANEJO AMBIENTAL OPERACION, MANTENIMIENTO, ABANDONO Y RESTAURACION DEL CAMPO PETROLEA|ÁREA DE PERFORACIÓN EXPLORATORIA SANTA CRUZ",MOMPOS CONSTRUCTION CO. INC.|ECOPETROL S.A.|MOMPOS OIL COMPANY INC,poligono,dentro,0.00,1,0093,TIBU,TIBU,ECOPETROL S.A.,PRODUCCION,CONVENIO DE EXPLOTACION
f1dfe0e9fe3e06b69d76fa96,2026-10-05T12:39-05:00,2026-10-05T17:39:00Z,2026-10-05,8.16095,-72.96788,VIIRS-NOAA-20,NOAA-20,VIIRS,67.8,16.9,8.2,Nominal,D,0.39,0.59,true,true,Puntos_de_calor_Colombia_2026-10-05.csv,2026-10-06T06:27:43Z,54,Norte De Santander,54109,Bucarasica,asignado,cache_geometrico,false,0,,,,asignado,243,"2.4.3. Mosaico de cultivos, pastos y espacios naturales",2,24,243,,,,SI,Landsat_2024_mediana_28042025,GoogleEarth,false,0,,,,,mas_de_5_km,,0,0,0,,,,,mas_de_5_km,,0,,,,,,
f32dd1bdaf8330d78df11fdf,2026-10-05T12:39-05:00,2026-10-05T17:39:00Z,2026-10-05,3.45223,-75.29664,VIIRS-NOAA-20,NOAA-20,VIIRS,93.9,20.5,21.9,Alta,D,0.68,0.74,true,true,Puntos_de_calor_Colombia_2026-10-05.csv,2026-10-06T06:27:43Z,73,Tolima,73483,Natagaima,asignado,cache_geometrico,false,0,,,,asignado,3222,3.2.2.2. Arbustal abierto,3,32,322,3222,,,SI,Landsat_2024_mediana_28042025,,true,1,BLOQUE 691,,,ZONAS RESERVADAS CON POTENCIAL - BLOQUE 691,entre_1_y_5_km,1197.17,1,0,1,LAV0091-13,AREA DE PERFORACIÓN EXPLORATORIA VSM 9 (HUILA - TOLIMA),HOCOL S.A.,poligono,entre_1_y_5_km,3971.26,1,0250,VSM 9,NO APLICA,HOCOL S.A.,EXPLORACION,CONTRATO DE EXPLORACION Y PRODUCCION (E&P)
f482b09101ffaf355652afce,2026-10-05T12:39-05:00,2026-10-05T17:39:00Z,2026-10-05,4.93342,-69.4893,VIIRS-NOAA-20,NOAA-20,VIIRS,70.1,20.8,6.6,Nominal,D,0.51,0.49,true,true,Puntos_de_calor_Colombia_2026-10-05.csv,2026-10-06T06:27:43Z,99,Vichada,99773,Cumaribo,asignado,cache_geometrico,false,0,,,,asignado,321111,3.2.1.1.1.1.  Herbazal denso de tierra firme no arbolado,3,32,321,3211,32111,321111,SI,Landsat_2024_mediana_28042025,GoogleEarth,false,0,,,,,mas_de_5_km,,0,0,0,,,,,mas_de_5_km,,0,,,,,,
f58f6798b936f031669f55ec,2026-10-05T12:39-05:00,2026-10-05T17:39:00Z,2026-10-05,5.81487,-69.0162,VIIRS-NOAA-20,NOAA-20,VIIRS,67.6,22.5,10.3,Nominal,D,0.46,0.47,true,true,Puntos_de_calor_Colombia_2026-10-05.csv,2026-10-06T06:27:43Z,99,Vichada,99524,La Primavera,asignado,cache_geometrico,false,0,,,,asignado,321111,3.2.1.1.1.1.  Herbazal denso de tierra firme no arbolado,3,32,321,3211,32111,321111,SI,Landsat_2024_mediana_28042025,GoogleEarth,false,0,,,,,mas_de_5_km,,0,0,0,,,,,mas_de_5_km,,0,,,,,,
f5c956a208072e33718ae34d,2026-10-05T12:39-05:00,2026-10-05T17:39:00Z,2026-10-05,4.52933,-70.71242,VIIRS-NOAA-20,NOAA-20,VIIRS,65,17.3,10.5,Nominal,D,0.63,0.54,true,true,Puntos_de_calor_Colombia_2026-10-05.csv,2026-10-06T06:27:43Z,99,Vichada,99773,Cumaribo,asignado,cache_geometrico,false,0,,,,asignado,321111,3.2.1.1.1.1.  Herbazal denso de tierra firme no arbolado,3,32,321,3211,32111,321111,SI,Landsat_2024_mediana_28042025,"GoogleEarth, BingMaps",false,0,,,,,dentro,0.00,1,0,1,LAM5613,AREA DE PERFORACION EXPLORATORIA SALTARIN SUR,HOCOL S.A,poligono,mas_de_5_km,,0,,,,,,
f684fefc83d4197f0a5bacd3,2026-10-05T12:39-05:00,2026-10-05T17:39:00Z,2026-10-05,4.08681,-70.92425,VIIRS-NOAA-20,NOAA-20,VIIRS,55.9,19.2,3.5,Nominal,D,0.33,0.55,true,true,Puntos_de_calor_Colombia_2026-10-05.csv,2026-10-06T06:27:43Z,99,Vichada,99773,Cumaribo,asignado,cache_geometrico,false,0,,,,asignado,321111,3.2.1.1.1.1.  Herbazal denso de tierra firme no arbolado,3,32,321,3211,32111,321111,SI,Landsat_2024_mediana_28042025,"GoogleEarth, BingMaps",false,0,,,,,mas_de_5_km,,0,0,0,,,,,mas_de_5_km,,0,,,,,,
f9ed46cc902712c2ada808f3,2026-10-05T12:39-05:00,2026-10-05T17:39:00Z,2026-10-05,4.20955,-70.13304,VIIRS-NOAA-20,NOAA-20,VIIRS,57.3,20.5,7.4,Nominal,D,0.58,0.52,true,true,Puntos_de_calor_Colombia_2026-10-05.csv,2026-10-06T06:27:43Z,99,Vichada,99773,Cumaribo,asignado,cache_geometrico,false,0,,,,asignado,244,2.4.4. Mosaico de pastos con espacios naturales,2,24,244,,,,SI,L9_557_20240225,Mosaico Sentinel-2_L2A_False_color 2024-01-27-00_00_2024-01-27-23_59,false,0,,,,,mas_de_5_km,,0,0,0,,,,,mas_de_5_km,,0,,,,,,
fd02b49ab89ebc2649c884b6,2026-10-05T12:39-05:00,2026-10-05T17:39:00Z,2026-10-05,5.77843,-68.98168,VIIRS-NOAA-20,NOAA-20,VIIRS,62.1,21.4,7,Nominal,D,0.46,0.47,true,true,Puntos_de_calor_Colombia_2026-10-05.csv,2026-10-06T06:27:43Z,99,Vichada,99524,La Primavera,asignado,cache_geometrico,false,0,,,,asignado,314,3.1.4. Bosque de galería y ripario,3,31,314,,,,SI,Landsat_2024_mediana_28042025,GoogleEarth,false,0,,,,,mas_de_5_km,,0,0,0,,,,,mas_de_5_km,,0,,,,,,
fd287c6d4c6107e925274c54,2026-10-05T12:39-05:00,2026-10-05T17:39:00Z,2026-10-05,5.49667,-69.6196,VIIRS-NOAA-20,NOAA-20,VIIRS,66.4,16.3,4.3,Nominal,D,0.51,0.49,true,true,Puntos_de_calor_Colombia_2026-10-05.csv,2026-10-06T06:27:43Z,99,Vichada,99524,La Primavera,asignado,cache_geometrico,false,0,,,,asignado,321111,3.2.1.1.1.1.  Herbazal denso de tierra firme no arbolado,3,32,321,3211,32111,321111,SI,Landsat_2024_mediana_28042025,GoogleEarth,false,0,,,,,mas_de_5_km,,0,0,0,,,,,mas_de_5_km,,0,,,,,,
fe93d8c492c49d4176e43230,2026-10-05T12:39-05:00,2026-10-05T17:39:00Z,2026-10-05,4.7362,-71.16035,VIIRS-NOAA-20,NOAA-20,VIIRS,59.6,16.8,1.9,Nominal,D,0.33,0.56,true,true,Puntos_de_calor_Colombia_2026-10-05.csv,2026-10-06T06:27:43Z,50,Meta,50568,Puerto Gaitán,asignado,cache_geometrico,false,0,,,,asignado,321111,3.2.1.1.1.1.  Herbazal denso de tierra firme no arbolado,3,32,321,3211,32111,321111,SI,Landsat_2024_mediana_28042025,GoogleEarth,false,0,,,,,dentro,0.00,3,0,3,LAM3338|LAM3798,PERFORACIÓN EXPLORATORIA ÁREA DE INTERÉS CABIONA|AREA DE INTERES DE PERFORACION EXPLORATORIA CABIONA|AREA DE PERFORACION EXPLORATORIA CABIONA NORESTE,NEW GRANADA ENERGY CORPORATION SUCURSAL COLOMBIANA|NEW GRANADA ENERGY CORPORATION SUCURSAL COLOMBIA,poligono,entre_1_y_5_km,1014.01,1,0072,CABIONA,CABIONA B,NEW GRANADA ENERGY CORPORATION,PRODUCCION,CONTRATO DE EXPLORACION Y EXPLOTACION (E&E)
1468b709a7db425b249c73c1,2026-10-05T12:41-05:00,2026-10-05T17:41:00Z,2026-10-05,10.9632,-72.73029,VIIRS-NOAA-20,NOAA-20,VIIRS,57.8,22.4,3.2,Nominal,D,0.33,0.56,true,true,Puntos_de_calor_Colombia_2026-10-05.csv,2026-10-06T06:27:43Z,44,La Guajira,44078,Barrancas,asignado,cache_geometrico,false,0,,,,asignado,3231,3.2.3.1. Vegetación secundaria alta,3,32,323,3231,,,SI,Landsat_2024_mediana_28042025,"GoogleEarth, Basemap",true,1,081-91,(8600698042) CARBONES DEL CERREJON - CERREJON CDC C DEL C,Explotación,"ANTRACITA, CARBÓN METALÚRGICO, CARBÓN TÉRMICO",dentro,0.00,12,0,12,LAM0683|LAM1094|LAV0051-00-2021,"BLOQUE EXPLORATORIO PATILLAL NORESTE|PROYECTO MINERO DE EXPLOTACIÓN DE EXPLOTACIÓN DE CARBÓN BLOQUE CENTRAL DEL CERREJÓN ZONA NORTE. MINA EL CERREJÓN (ÁREAS INTEGRADAS).|ÁREA DE PERFORACIÓN EXPLORATORIA DEL RÍO RANCHERÍA POZOS PATILLAL 2,3,4 Y 5|Interconexión Cuestecitas - Copey - Fundación 500/220 mil voltios",DRUMMOND LTD|CARBONES DEL CERREJÓN LTD.|INTERCONEXION ELECTRICA S.A. E.S.P.,poligono|punto|linea,dentro,0.00,2,0040|0380,RIO RANCHERIA|CR 2,NO APLICA,"DRUMMOND ENERGY, INC",EXPLORACION,CONTRATO DE ASOCIACION CON ECOPETROL|CONTRATO DE EXPLORACION Y PRODUCCION (E&P)
6266dc74355de5c5648a32ea,2026-10-05T12:41-05:00,2026-10-05T17:41:00Z,2026-10-05,10.7123,-73.29765,VIIRS-NOAA-20,NOAA-20,VIIRS,60.3,22.2,2.7,Nominal,D,0.37,0.58,true,true,Puntos_de_calor_Colombia_2026-10-05.csv,2026-10-06T06:27:43Z,20,Cesar,20001,Valledupar,asignado,cache_geometrico,false,0,,,,asignado,3222,3.2.2.2. Arbustal abierto,3,32,322,3222,,,SI,Landsat_2024_mediana_28042025,,false,0,,,,,mas_de_5_km,,0,0,0,,,,,mas_de_5_km,,0,,,,,,
ce9dc3fda3a4510053beeae7,2026-10-05T12:41-05:00,2026-10-05T17:41:00Z,2026-10-05,10.39174,-73.18839,VIIRS-NOAA-20,NOAA-20,VIIRS,56.1,21,1.8,Nominal,D,0.37,0.58,true,true,Puntos_de_calor_Colombia_2026-10-05.csv,2026-10-06T06:27:43Z,20,Cesar,20621,La Paz,asignado,cache_geometrico,false,0,,,,asignado,233,2.3.3. Pastos enmalezados,2,23,233,,,,SI,Landsat_2024_mediana_28042025,,false,0,,,,,hasta_1_km,594.24,7,0,7,LAM0034|LAV0051-00-2021|LAV0011-00-2022,GASODUCTO BALLENAS BARRANCABERMEJA|Interconexión Cuestecitas - Copey - Fundación 500/220 mil voltios|Subestación colectora 500kv y líneas de transmisión colectora cuestecitas y cuestecitas la loma 500kv - conexión cuestecitas la loma|Subestación Colectora 500kv y líneas de transmisión Colectora Cuestecitas y Cuestecitas La Loma 500kv - conexión Cuestecitas La Loma,TRANSPORTADORA DE GAS INTERNACIONAL S.A. E.S.P. - TGI S.A. E.S.P.|INTERCONEXION ELECTRICA S.A. E.S.P.|GRUPO ENERGIA BOGOTA S A ESP,linea|poligono,dentro,0.00,1,0381,CR 3,NO APLICA,"DRUMMOND ENERGY, INC",EXPLORACION,CONTRATO DE EXPLORACION Y PRODUCCION (E&P)
ecfff8ed2d872eb441f8657c,2026-10-05T12:41-05:00,2026-10-05T17:41:00Z,2026-10-05,10.92693,-73.16177,VIIRS-NOAA-20,NOAA-20,VIIRS,64.9,18.3,2.1,Nominal,D,0.36,0.57,true,true,Puntos_de_calor_Colombia_2026-10-05.csv,2026-10-06T06:27:43Z,44,La Guajira,44650,San Juan Del Cesar,asignado,cache_geometrico,true,1,118,Sierra Nevada de Santa Marta,Parque Nacional Natural,asignado,244,2.4.4. Mosaico de pastos con espacios naturales,2,24,244,,,,SI,"Landsat9_853_06/12/2024, Landsat8_852_13/01/2024, Landsat_2024_mediana_28042025",Mosaico_Planet_012024_NICFI,false,0,,,,,mas_de_5_km,,0,0,0,,,,,mas_de_5_km,,0,,,,,,
05c05db0f7e98cc233854364,2026-10-05T13:21-05:00,2026-10-05T18:21:00Z,2026-10-05,0.83128,-76.38487,VIIRS-NOAA-21,NOAA-21,VIIRS,59.7,26.7,3.7,Nominal,D,0.41,0.37,true,true,Puntos_de_calor_Colombia_2026-10-05.csv,2026-10-06T06:27:43Z,86,Putumayo,86571,Puerto Guzmán,asignado,cache_geometrico,false,0,,,,asignado,31111,3.1.1.1.1. Bosque denso alto de tierra firme,3,31,311,3111,31111,,SI,L8_959_20240221,,false,0,,,,,mas_de_5_km,,0,0,0,,,,,entre_1_y_5_km,3542.59,1,0763,PUT 21,NO APLICA,GRAN TIERRA ENERGY COLOMBIA GMBH,EXPLORACION,CONTRATO DE EXPLORACION Y PRODUCCION (E&P)
06c3b343eb554d439d3a4b29,2026-10-05T13:21-05:00,2026-10-05T18:21:00Z,2026-10-05,0.53403,-75.08292,VIIRS-NOAA-21,NOAA-21,VIIRS,57,23.7,3.1,Nominal,D,0.39,0.36,true,true,Puntos_de_calor_Colombia_2026-10-05.csv,2026-10-06T06:27:43Z,18,Caquetá,18756,Solano,asignado,cache_geometrico,false,0,,,,asignado,311121,3.1.1.1.2.1. Bosque denso alto Inundable heterogéneo,3,31,311,3111,31112,311121,SI,L8_860_20240129,,false,0,,,,,mas_de_5_km,,0,0,0,,,,,dentro,0.00,1,0236,TACACHO,NO APLICA,AMERISUR EXPLORACION COLOMBIA LIMITED,EXPLORACION,CONTRATO DE EXPLORACION Y PRODUCCION (E&P)
09f02dac96b157300799dfbe,2026-10-05T13:21-05:00,2026-10-05T18:21:00Z,2026-10-05,-0.45854,-73.65381,VIIRS-NOAA-21,NOAA-21,VIIRS,57.1,22.9,2.4,Nominal,D,0.39,0.36,true,true,Puntos_de_calor_Colombia_2026-10-05.csv,2026-10-06T06:27:43Z,91,Amazonas,91405,La Chorrera,asignado,cache_geometrico,false,0,,,,asignado,243,"2.4.3. Mosaico de cultivos, pastos y espacios naturales",2,24,243,,,,SI,L9_760_20240115,SENTINEL2A T18MXE_20240618T183849,false,0,,,,,mas_de_5_km,,0,0,0,,,,,mas_de_5_km,,0,,,,,,
0b0937327acf98f113728196,2026-10-05T13:21-05:00,2026-10-05T18:21:00Z,2026-10-05,-1.59669,-72.67313,VIIRS-NOAA-21,NOAA-21,VIIRS,57.9,26.4,9.3,Nominal,D,0.4,0.37,true,true,Puntos_de_calor_Colombia_2026-10-05.csv,2026-10-06T06:27:43Z,91,Amazonas,91263,El Encanto,asignado,cache_geometrico,false,0,,,,asignado,323,3.2.3. Vegetación secundaria o en transición,3,32,323,,,,SI,L9_661_20240311,SENTINEL2A T18MYD_20240618T191059,false,0,,,,,mas_de_5_km,,0,0,0,,,,,mas_de_5_km,,0,,,,,,
137ab0cc45ee194f700334ef,2026-10-05T13:21-05:00,2026-10-05T18:21:00Z,2026-10-05,1.90976,-75.15683,VIIRS-NOAA-21,NOAA-21,VIIRS,58.6,31.6,7.2,Baja,D,0.38,0.36,true,true,Puntos_de_calor_Colombia_2026-10-05.csv,2026-10-06T06:27:43Z,18,Caquetá,18592,Puerto Rico,asignado,cache_geometrico,false,0,,,,asignado,111,1.1.1. Tejido urbano continuo,1,11,111,,,,SI,L8_859_20240410,,false,0,,,,,mas_de_5_km,,0,0,0,,,,,mas_de_5_km,,0,,,,,,
1f02dfe35b93009dee093008,2026-10-05T13:21-05:00,2026-10-05T18:21:00Z,2026-10-05,1.79492,-77.12106,VIIRS-NOAA-21,NOAA-21,VIIRS,59.3,30.5,3.3,Nominal,D,0.43,0.38,true,true,Puntos_de_calor_Colombia_2026-10-05.csv,2026-10-06T06:27:43Z,19,Cauca,19450,Mercaderes,asignado,cache_geometrico,false,0,,,,asignado,231,2.3.1. Pastos limpios,2,23,231,,,,SI,Landsat_2024_mediana_28042025,,false,0,,,,,mas_de_5_km,,0,0,0,,,,,mas_de_5_km,,0,,,,,,
1f40351a7c88d41377eb2799,2026-10-05T13:21-05:00,2026-10-05T18:21:00Z,2026-10-05,1.61428,-74.10522,VIIRS-NOAA-21,NOAA-21,VIIRS,63.4,27.2,4.8,Nominal,D,0.39,0.36,true,true,Puntos_de_calor_Colombia_2026-10-05.csv,2026-10-06T06:27:43Z,18,Caquetá,18753,San Vicente Del Caguán,asignado,cache_geometrico,false,0,,,,asignado,321111,3.2.1.1.1.1.  Herbazal denso de tierra firme no arbolado,3,32,321,3211,32111,321111,SI,L9_759_20240115,,false,0,,,,,mas_de_5_km,,0,0,0,,,,,entre_1_y_5_km,1178.61,1,0283,SANGRETORO,NO APLICA,CANACOL ENERGY COLOMBIA S.A.S.,EXPLORACION,CONTRATO DE EXPLORACION Y PRODUCCION (E&P)
216c8e89b9ee723518b598b2,2026-10-05T13:21-05:00,2026-10-05T18:21:00Z,2026-10-05,0.37051,-74.01263,VIIRS-NOAA-21,NOAA-21,VIIRS,74,29.7,11.2,Nominal,D,0.39,0.36,true,true,Puntos_de_calor_Colombia_2026-10-05.csv,2026-10-06T06:27:43Z,18,Caquetá,18150,Cartagena Del Chairá,asignado,cache_geometrico,false,0,,,,asignado,31111,3.1.1.1.1. Bosque denso alto de tierra firme,3,31,311,3111,31111,,SI,L9_759_20240115,,false,0,,,,,mas_de_5_km,,0,0,0,,,,,mas_de_5_km,,0,,,,,,
269a48d28d0912b292500bbb,2026-10-05T13:21-05:00,2026-10-05T18:21:00Z,2026-10-05,1.84397,-74.06989,VIIRS-NOAA-21,NOAA-21,VIIRS,61.5,28.1,8.6,Nominal,D,0.39,0.36,true,true,Puntos_de_calor_Colombia_2026-10-05.csv,2026-10-06T06:27:43Z,18,Caquetá,18753,San Vicente Del Caguán,asignado,cache_geometrico,false,0,,,,asignado,321111,3.2.1.1.1.1.  Herbazal denso de tierra firme no arbolado,3,32,321,3211,32111,321111,SI,L9_759_20240115,,false,0,,,,,mas_de_5_km,,0,0,0,,,,,mas_de_5_km,,0,,,,,,
35640cdf3966498368810fb5,2026-10-05T13:21-05:00,2026-10-05T18:21:00Z,2026-10-05,1.67498,-73.9513,VIIRS-NOAA-21,NOAA-21,VIIRS,69.7,29.3,12,Nominal,D,0.39,0.36,true,true,Puntos_de_calor_Colombia_2026-10-05.csv,2026-10-06T06:27:43Z,18,Caquetá,18753,San Vicente Del Caguán,asignado,cache_geometrico,false,0,,,,asignado,321111,3.2.1.1.1.1.  Herbazal denso de tierra firme no arbolado,3,32,321,3211,32111,321111,SI,L9_759_20240115,,false,0,,,,,mas_de_5_km,,0,0,0,,,,,mas_de_5_km,,0,,,,,,
38d8abd466685a2a0d8b611d,2026-10-05T13:21-05:00,2026-10-05T18:21:00Z,2026-10-05,-0.0973,-70.3174,VIIRS-NOAA-21,NOAA-21,VIIRS,64.8,22.7,8.2,Nominal,D,0.52,0.41,true,true,Puntos_de_calor_Colombia_2026-10-05.csv,2026-10-06T06:27:43Z,97,Vaupés,97511,Pacoa,asignado,cache_geometrico,false,0,,,,asignado,243,"2.4.3. Mosaico de cultivos, pastos y espacios naturales",2,24,243,,,,SI,L8_560_20240209,,false,0,,,,,mas_de_5_km,,0,0,0,,,,,mas_de_5_km,,0,,,,,,
3b0c02f5e90ec30f309e4de1,2026-10-05T13:21-05:00,2026-10-05T18:21:00Z,2026-10-05,0.54086,-76.79099,VIIRS-NOAA-21,NOAA-21,VIIRS,58,25.9,3.2,Nominal,D,0.43,0.38,true,true,Puntos_de_calor_Colombia_2026-10-05.csv,2026-10-06T06:27:43Z,86,Putumayo,86320,Orito,asignado,cache_geometrico,false,0,,,,asignado,244,2.4.4. Mosaico de pastos con espacios naturales,2,24,244,,,,SI,L8_960_20240221,,false,0,,,,,entre_1_y_5_km,1691.02,3,0,3,LAV0042-00-2017|LAV0047-00-2023,PROYECTO COLIBRÍ BLOQUE PUT 4|AREA DE DESARROLLO GENESIS,GRAN TIERRA ENERGY COLOMBIA LTD.|GRAN TIERRA ENERGY COLOMBIA GMBH SUCURSAL COLOMBIA,poligono,dentro,0.00,2,0209|0145,PUT 4|NANCY-BURDINE-MAXINE,NO APLICA|NANCY-BURDINE-MAXINE,GRAN TIERRA ENERGY COLOMBIA GMBH,EXPLORACION|PRODUCCION,CONTRATO DE EXPLORACION Y PRODUCCION (E&P)|CONVENIO DE EXPLOTACION
3fcc67e181ee57163d9eab2c,2026-10-05T13:21-05:00,2026-10-05T18:21:00Z,2026-10-05,1.60278,-74.04688,VIIRS-NOAA-21,NOAA-21,VIIRS,70.6,28.3,10.1,Nominal,D,0.39,0.36,true,true,Puntos_de_calor_Colombia_2026-10-05.csv,2026-10-06T06:27:43Z,18,Caquetá,18753,San Vicente Del Caguán,asignado,cache_geometrico,false,0,,,,asignado,321111,3.2.1.1.1.1.  Herbazal denso de tierra firme no arbolado,3,32,321,3211,32111,321111,SI,L9_759_20240115,,false,0,,,,,mas_de_5_km,,0,0,0,,,,,entre_1_y_5_km,4736.74,1,0283,SANGRETORO,NO APLICA,CANACOL ENERGY COLOMBIA S.A.S.,EXPLORACION,CONTRATO DE EXPLORACION Y PRODUCCION (E&P)
44e9669c86fc5ddb214bfdc8,2026-10-05T13:21-05:00,2026-10-05T18:21:00Z,2026-10-05,1.84503,-74.06295,VIIRS-NOAA-21,NOAA-21,VIIRS,57.1,27.3,2.3,Baja,D,0.39,0.36,true,true,Puntos_de_calor_Colombia_2026-10-05.csv,2026-10-06T06:27:43Z,18,Caquetá,18753,San Vicente Del Caguán,asignado,cache_geometrico,false,0,,,,asignado,321111,3.2.1.1.1.1.  Herbazal denso de tierra firme no arbolado,3,32,321,3211,32111,321111,SI,L9_759_20240115,,false,0,,,,,mas_de_5_km,,0,0,0,,,,,mas_de_5_km,,0,,,,,,
48024c86a330bae3744585c7,2026-10-05T13:21-05:00,2026-10-05T18:21:00Z,2026-10-05,1.42265,-77.58234,VIIRS-NOAA-21,NOAA-21,VIIRS,58.1,24.7,5,Nominal,D,0.45,0.39,true,true,Puntos_de_calor_Colombia_2026-10-05.csv,2026-10-06T06:27:43Z,52,Nariño,52678,Samaniego,asignado,cache_geometrico,false,0,,,,asignado,242,2.4.2. Mosaico de pastos y cultivos,2,24,242,,,,SI,Landsat_2024_mediana_28042025,,false,0,,,,,mas_de_5_km,,0,0,0,,,,,mas_de_5_km,,0,,,,,,
49a337a61450dd4a3d091e4d,2026-10-05T13:21-05:00,2026-10-05T18:21:00Z,2026-10-05,1.17041,-74.29665,VIIRS-NOAA-21,NOAA-21,VIIRS,73,29.4,5.3,Nominal,D,0.38,0.36,true,true,Puntos_de_calor_Colombia_2026-10-05.csv,2026-10-06T06:27:43Z,18,Caquetá,18753,San Vicente Del Caguán,asignado,cache_geometrico,false,0,,,,asignado,233,2.3.3. Pastos enmalezados,2,23,233,,,,SI,L9_759_20240115,SENTINEL_20240222,false,0,,,,,mas_de_5_km,,0,0,0,,,,,mas_de_5_km,,0,,,,,,
535a750c9639122dbedf0b4e,2026-10-05T13:21-05:00,2026-10-05T18:21:00Z,2026-10-05,2.2698,-73.59411,VIIRS-NOAA-21,NOAA-21,VIIRS,57.4,25.3,2.7,Nominal,D,0.4,0.37,true,true,Puntos_de_calor_Colombia_2026-10-05.csv,2026-10-06T06:27:43Z,95,Guaviare,95001,San José Del Guaviare,asignado,cache_geometrico,false,0,,,,asignado,323,3.2.3. Vegetación secundaria o en transición,3,32,323,,,,SI,L9_759_20240115,,false,0,,,,,mas_de_5_km,,0,0,0,,,,,mas_de_5_km,,0,,,,,,
5abc611aadf93fa3b0288c3d,2026-10-05T13:21-05:00,2026-10-05T18:21:00Z,2026-10-05,1.70262,-77.12999,VIIRS-NOAA-21,NOAA-21,VIIRS,62.2,32.8,7.7,Baja,D,0.43,0.38,true,true,Puntos_de_calor_Colombia_2026-10-05.csv,2026-10-06T06:27:43Z,19,Cauca,19450,Mercaderes,asignado,cache_geometrico,false,0,,,,asignado,321111,3.2.1.1.1.1.  Herbazal denso de tierra firme no arbolado,3,32,321,3211,32111,321111,SI,Landsat_2024_mediana_28042025,,false,0,,,,,mas_de_5_km,,0,0,0,,,,,mas_de_5_km,,0,,,,,,
5af3d4ff035d26cefa20333e,2026-10-05T13:21-05:00,2026-10-05T18:21:00Z,2026-10-05,0.6378,-74.78201,VIIRS-NOAA-21,NOAA-21,VIIRS,68.4,28.7,6.2,Nominal,D,0.38,0.36,true,true,Puntos_de_calor_Colombia_2026-10-05.csv,2026-10-06T06:27:43Z,18,Caquetá,18756,Solano,asignado,cache_geometrico,false,0,,,,asignado,231,2.3.1. Pastos limpios,2,23,231,,,,SI,L8_859_20240222_20240224_GEO,,false,0,,,,,mas_de_5_km,,0,0,0,,,,,mas_de_5_km,,0,,,,,,
5ea3613da160c25558e9b5f8,2026-10-05T13:21-05:00,2026-10-05T18:21:00Z,2026-10-05,1.8004,-77.20049,VIIRS-NOAA-21,NOAA-21,VIIRS,58.7,33.1,2.8,Baja,D,0.43,0.38,true,true,Puntos_de_calor_Colombia_2026-10-05.csv,2026-10-06T06:27:43Z,19,Cauca,19450,Mercaderes,asignado,cache_geometrico,false,0,,,,asignado,321111,3.2.1.1.1.1.  Herbazal denso de tierra firme no arbolado,3,32,321,3211,32111,321111,SI,Landsat_2024_mediana_28042025,,false,0,,,,,mas_de_5_km,,0,0,0,,,,,mas_de_5_km,,0,,,,,,
5fb5e0054c66afe16f4db1ef,2026-10-05T13:21-05:00,2026-10-05T18:21:00Z,2026-10-05,1.8445,-74.06642,VIIRS-NOAA-21,NOAA-21,VIIRS,77.4,28.6,8.6,Nominal,D,0.39,0.36,true,true,Puntos_de_calor_Colombia_2026-10-05.csv,2026-10-06T06:27:43Z,18,Caquetá,18753,San Vicente Del Caguán,asignado,cache_geometrico,false,0,,,,asignado,321111,3.2.1.1.1.1.  Herbazal denso de tierra firme no arbolado,3,32,321,3211,32111,321111,SI,L9_759_20240115,,false,0,,,,,mas_de_5_km,,0,0,0,,,,,mas_de_5_km,,0,,,,,,
60368f967755dc8b0ce69ec9,2026-10-05T13:21-05:00,2026-10-05T18:21:00Z,2026-10-05,0.74823,-74.83817,VIIRS-NOAA-21,NOAA-21,VIIRS,62.2,26.5,4.4,Nominal,D,0.38,0.36,true,true,Puntos_de_calor_Colombia_2026-10-05.csv,2026-10-06T06:27:43Z,18,Caquetá,18756,Solano,asignado,cache_geometrico,false,0,,,,asignado,243,"2.4.3. Mosaico de cultivos, pastos y espacios naturales",2,24,243,,,,SI,L8_859_20240222_20240224_GEO,,false,0,,,,,mas_de_5_km,,0,0,0,,,,,mas_de_5_km,,0,,,,,,
6c771b0729f718e29c1b2a62,2026-10-05T13:21-05:00,2026-10-05T18:21:00Z,2026-10-05,0.74525,-74.47552,VIIRS-NOAA-21,NOAA-21,VIIRS,70.5,30.5,17,Nominal,D,0.38,0.36,true,true,Puntos_de_calor_Colombia_2026-10-05.csv,2026-10-06T06:27:43Z,18,Caquetá,18150,Cartagena Del Chairá,asignado,cache_geometrico,false,0,,,,asignado,231,2.3.1. Pastos limpios,2,23,231,,,,SI,L8_859_20240410,,false,0,,,,,mas_de_5_km,,0,0,0,,,,,mas_de_5_km,,0,,,,,,
6f661c6bacca8420d58e82ca,2026-10-05T13:21-05:00,2026-10-05T18:21:00Z,2026-10-05,0.70203,-75.52105,VIIRS-NOAA-21,NOAA-21,VIIRS,69,29.9,22.5,Nominal,D,0.39,0.36,true,true,Puntos_de_calor_Colombia_2026-10-05.csv,2026-10-06T06:27:43Z,86,Putumayo,86571,Puerto Guzmán,asignado,cache_geometrico,false,0,,,,asignado,323,3.2.3. Vegetación secundaria o en transición,3,32,323,,,,SI,L8_860_20240129,,false,0,,,,,mas_de_5_km,,0,0,0,,,,,dentro,0.00,2,0236|0237,TACACHO|TERECAY,NO APLICA,AMERISUR EXPLORACION COLOMBIA LIMITED,EXPLORACION,CONTRATO DE EXPLORACION Y PRODUCCION (E&P)
6fb3058405cfd2306cd27f23,2026-10-05T13:21-05:00,2026-10-05T18:21:00Z,2026-10-05,0.53729,-74.19061,VIIRS-NOAA-21,NOAA-21,VIIRS,59.2,26.4,6.7,Nominal,D,0.38,0.36,true,true,Puntos_de_calor_Colombia_2026-10-05.csv,2026-10-06T06:27:43Z,18,Caquetá,18150,Cartagena Del Chairá,asignado,cache_geometrico,false,0,,,,asignado,231,2.3.1. Pastos limpios,2,23,231,,,,SI,"L8_760_20240229, L8_760_20240115)",Planet Medres Normalized Analytic 2024-02 Mosaic,false,0,,,,,mas_de_5_km,,0,0,0,,,,,mas_de_5_km,,0,,,,,,
7586f335c7ce993feefddbec,2026-10-05T13:21-05:00,2026-10-05T18:21:00Z,2026-10-05,0.36442,-74.00819,VIIRS-NOAA-21,NOAA-21,VIIRS,67.9,20.6,5.1,Nominal,D,0.39,0.36,true,true,Puntos_de_calor_Colombia_2026-10-05.csv,2026-10-06T06:27:43Z,18,Caquetá,18150,Cartagena Del Chairá,asignado,cache_geometrico,false,0,,,,asignado,31111,3.1.1.1.1. Bosque denso alto de tierra firme,3,31,311,3111,31111,,SI,L9_759_20240115,,false,0,,,,,mas_de_5_km,,0,0,0,,,,,mas_de_5_km,,0,,,,,,
75c46bfe7341a45381b31d78,2026-10-05T13:21-05:00,2026-10-05T18:21:00Z,2026-10-05,0.78959,-76.17368,VIIRS-NOAA-21,NOAA-21,VIIRS,69,26.1,19.9,Baja,D,0.4,0.37,true,true,Puntos_de_calor_Colombia_2026-10-05.csv,2026-10-06T06:27:43Z,86,Putumayo,86571,Puerto Guzmán,asignado,cache_geometrico,false,0,,,,asignado,243,"2.4.3. Mosaico de cultivos, pastos y espacios naturales",2,24,243,,,,SI,L8_959_20240221,,false,0,,,,,entre_1_y_5_km,3058.33,1,0,1,LAM0533,BLOQUE RIO PUTUMAYO (FASE PERFORACION EXPLORATORIA ),RAM PETROLEUM LIMITED,poligono,dentro,0.00,2,0104,MECAYA,NO APLICA|MECAYA,AMERISUR EXPLORACION COLOMBIA LIMITED,EXPLORACION|EVALUACION,CONTRATO DE EXPLORACION Y PRODUCCION (E&P)
75f4aaef6d28a8b505afcada,2026-10-05T13:21-05:00,2026-10-05T18:21:00Z,2026-10-05,1.70749,-75.39323,VIIRS-NOAA-21,NOAA-21,VIIRS,58,26.1,6.1,Nominal,D,0.39,0.36,true,true,Puntos_de_calor_Colombia_2026-10-05.csv,2026-10-06T06:27:43Z,18,Caquetá,18410,La Montañita,asignado,cache_geometrico,false,0,,,,asignado,244,2.4.4. Mosaico de pastos con espacios naturales,2,24,244,,,,SI,L8_859_20240410_20240411,Bing Map Aerial,false,0,,,,,mas_de_5_km,,0,0,0,,,,,mas_de_5_km,,0,,,,,,
7ab50037ff1826934718cfcb,2026-10-05T13:21-05:00,2026-10-05T18:21:00Z,2026-10-05,1.80314,-76.86466,VIIRS-NOAA-21,NOAA-21,VIIRS,61.1,30.7,13.7,Nominal,D,0.42,0.38,true,true,Puntos_de_calor_Colombia_2026-10-05.csv,2026-10-06T06:27:43Z,19,Cauca,19100,Bolívar,asignado,cache_geometrico,false,0,,,,asignado,231,2.3.1. Pastos limpios,2,23,231,,,,SI,Landsat_2024_mediana_28042025,,false,0,,,,,mas_de_5_km,,0,0,0,,,,,mas_de_5_km,,0,,,,,,
7dea4811b977eb67ae28e96a,2026-10-05T13:21-05:00,2026-10-05T18:21:00Z,2026-10-05,1.14428,-76.09931,VIIRS-NOAA-21,NOAA-21,VIIRS,59.8,27.2,3.7,Nominal,D,0.4,0.37,true,true,Puntos_de_calor_Colombia_2026-10-05.csv,2026-10-06T06:27:43Z,18,Caquetá,18205,Curillo,asignado,cache_geometrico,false,0,,,,asignado,233,2.3.3. Pastos enmalezados,2,23,233,,,,SI,L8_959_20240831,,false,0,,,,,entre_1_y_5_km,4297.61,1,0,1,LAM4945,AREA DE PERFORACION EXPLORATORIA TOPOYACO NORTE,TRAYECTORIA OIL AND GAS SUCURSAL COLOMBIA,poligono,mas_de_5_km,,0,,,,,,
816e12092664f7bac54d2896,2026-10-05T13:21-05:00,2026-10-05T18:21:00Z,2026-10-05,2.15926,-73.87308,VIIRS-NOAA-21,NOAA-21,VIIRS,59.9,26.6,4.8,Nominal,D,0.39,0.36,true,true,Puntos_de_calor_Colombia_2026-10-05.csv,2026-10-06T06:27:43Z,50,Meta,50350,La Macarena,asignado,cache_geometrico,false,0,,,,asignado,321111,3.2.1.1.1.1.  Herbazal denso de tierra firme no arbolado,3,32,321,3211,32111,321111,SI,L9_759_20240115,,false,0,,,,,mas_de_5_km,,0,0,0,,,,,mas_de_5_km,,0,,,,,,
83ae06872631527c1bbf3813,2026-10-05T13:21-05:00,2026-10-05T18:21:00Z,2026-10-05,2.4321,-73.70963,VIIRS-NOAA-21,NOAA-21,VIIRS,58.8,24.5,9.3,Nominal,D,0.4,0.37,true,true,Puntos_de_calor_Colombia_2026-10-05.csv,2026-10-06T06:27:43Z,50,Meta,50350,La Macarena,asignado,cache_geometrico,true,1,129,Sierra de la Macarena,Parque Nacional Natural,asignado,231,2.3.1. Pastos limpios,2,23,231,,,,SI,L8_758_20240122,,false,0,,,,,mas_de_5_km,,0,0,0,,,,,mas_de_5_km,,0,,,,,,
89cef2584080792f00fd860a,2026-10-05T13:21-05:00,2026-10-05T18:21:00Z,2026-10-05,1.61096,-74.10472,VIIRS-NOAA-21,NOAA-21,VIIRS,71,28.2,7.6,Nominal,D,0.39,0.36,true,true,Puntos_de_calor_Colombia_2026-10-05.csv,2026-10-06T06:27:43Z,18,Caquetá,18753,San Vicente Del Caguán,asignado,cache_geometrico,false,0,,,,asignado,321111,3.2.1.1.1.1.  Herbazal denso de tierra firme no arbolado,3,32,321,3211,32111,321111,SI,L9_759_20240115,,false,0,,,,,mas_de_5_km,,0,0,0,,,,,entre_1_y_5_km,1545.50,1,0283,SANGRETORO,NO APLICA,CANACOL ENERGY COLOMBIA S.A.S.,EXPLORACION,CONTRATO DE EXPLORACION Y PRODUCCION (E&P)
8a7f420c811351f3113e1342,2026-10-05T13:21-05:00,2026-10-05T18:21:00Z,2026-10-05,1.75363,-74.10519,VIIRS-NOAA-21,NOAA-21,VIIRS,73.3,26.6,8.9,Nominal,D,0.39,0.36,true,true,Puntos_de_calor_Colombia_2026-10-05.csv,2026-10-06T06:27:43Z,18,Caquetá,18753,San Vicente Del Caguán,asignado,cache_geometrico,false,0,,,,asignado,321111,3.2.1.1.1.1.  Herbazal denso de tierra firme no arbolado,3,32,321,3211,32111,321111,SI,L9_759_20240115,,false,0,,,,,mas_de_5_km,,0,0,0,,,,,entre_1_y_5_km,2203.05,1,0283,SANGRETORO,NO APLICA,CANACOL ENERGY COLOMBIA S.A.S.,EXPLORACION,CONTRATO DE EXPLORACION Y PRODUCCION (E&P)
8d1fd1389de137575fa2331f,2026-10-05T13:21-05:00,2026-10-05T18:21:00Z,2026-10-05,1.80318,-76.86443,VIIRS-NOAA-21,NOAA-21,VIIRS,62.9,30.7,14.4,Nominal,D,0.42,0.38,true,true,Puntos_de_calor_Colombia_2026-10-05.csv,2026-10-06T06:27:43Z,19,Cauca,19100,Bolívar,asignado,cache_geometrico,false,0,,,,asignado,231,2.3.1. Pastos limpios,2,23,231,,,,SI,Landsat_2024_mediana_28042025,,false,0,,,,,mas_de_5_km,,0,0,0,,,,,mas_de_5_km,,0,,,,,,
946a9f40c94c6da38a283576,2026-10-05T13:21-05:00,2026-10-05T18:21:00Z,2026-10-05,0.79045,-75.96461,VIIRS-NOAA-21,NOAA-21,VIIRS,70.7,29.1,13.7,Nominal,D,0.4,0.37,true,true,Puntos_de_calor_Colombia_2026-10-05.csv,2026-10-06T06:27:43Z,86,Putumayo,86571,Puerto Guzmán,asignado,cache_geometrico,false,0,,,,asignado,3132,3.1.3.2. Bosque fragmentado con vegetación secundaria,3,31,313,3132,,,SI,L8_959_20240221,,false,0,,,,,dentro,0.00,1,0,1,LAM0533,BLOQUE RIO PUTUMAYO (FASE PERFORACION EXPLORATORIA ),RAM PETROLEUM LIMITED,poligono,entre_1_y_5_km,3943.94,1,0787,PUT 36,NO APLICA,AMERISUR EXPLORACION COLOMBIA LIMITED,EXPLORACION,CONTRATO DE EXPLORACION Y PRODUCCION (E&P)
9a867d06d13cdc8aba6c0b71,2026-10-05T13:21-05:00,2026-10-05T18:21:00Z,2026-10-05,1.63513,-76.97654,VIIRS-NOAA-21,NOAA-21,VIIRS,59.3,27.2,11.2,Nominal,D,0.42,0.38,true,true,Puntos_de_calor_Colombia_2026-10-05.csv,2026-10-06T06:27:43Z,52,Nariño,52378,La Cruz,asignado,cache_geometrico,false,0,,,,asignado,231,2.3.1. Pastos limpios,2,23,231,,,,SI,Landsat_2024_mediana_28042025,,true,1,JJO-08061,,Sin Informacion,MINERALES DE COBRE Y SUS CONCENTRADOS\ MINERALES *,mas_de_5_km,,0,0,0,,,,,mas_de_5_km,,0,,,,,,
9ac298d26c48e4ca666e9e59,2026-10-05T13:21-05:00,2026-10-05T18:21:00Z,2026-10-05,1.81867,-76.80994,VIIRS-NOAA-21,NOAA-21,VIIRS,65.2,30.2,8.7,Nominal,D,0.42,0.37,true,true,Puntos_de_calor_Colombia_2026-10-05.csv,2026-10-06T06:27:43Z,19,Cauca,19693,San Sebastián,asignado,cache_geometrico,false,0,,,,asignado,244,2.4.4. Mosaico de pastos con espacios naturales,2,24,244,,,,SI,Landsat_2024_mediana_28042025,,false,0,,,,,mas_de_5_km,,0,0,0,,,,,mas_de_5_km,,0,,,,,,
9f80cec3f3896fabe4273ecb,2026-10-05T13:21-05:00,2026-10-05T18:21:00Z,2026-10-05,0.64111,-74.7825,VIIRS-NOAA-21,NOAA-21,VIIRS,71.5,27.8,5.2,Nominal,D,0.38,0.36,true,true,Puntos_de_calor_Colombia_2026-10-05.csv,2026-10-06T06:27:43Z,18,Caquetá,18756,Solano,asignado,cache_geometrico,false,0,,,,asignado,231,2.3.1. Pastos limpios,2,23,231,,,,SI,L8_859_20240222_20240224_GEO,,false,0,,,,,mas_de_5_km,,0,0,0,,,,,mas_de_5_km,,0,,,,,,
a1b95c5ef2ab428e79cf934d,2026-10-05T13:21-05:00,2026-10-05T18:21:00Z,2026-10-05,1.86593,-77.05062,VIIRS-NOAA-21,NOAA-21,VIIRS,59.5,34.3,11.5,Baja,D,0.42,0.38,true,true,Puntos_de_calor_Colombia_2026-10-05.csv,2026-10-06T06:27:43Z,19,Cauca,19100,Bolívar,asignado,cache_geometrico,false,0,,,,asignado,244,2.4.4. Mosaico de pastos con espacios naturales,2,24,244,,,,SI,Landsat_2024_mediana_28042025,,false,0,,,,,mas_de_5_km,,0,0,0,,,,,mas_de_5_km,,0,,,,,,
a20024d14f33dec2ed06bbbe,2026-10-05T13:21-05:00,2026-10-05T18:21:00Z,2026-10-05,0.88598,-76.29986,VIIRS-NOAA-21,NOAA-21,VIIRS,58.6,27.7,10.2,Baja,D,0.41,0.37,true,true,Puntos_de_calor_Colombia_2026-10-05.csv,2026-10-06T06:27:43Z,86,Putumayo,86571,Puerto Guzmán,asignado,cache_geometrico,false,0,,,,asignado,244,2.4.4. Mosaico de pastos con espacios naturales,2,24,244,,,,SI,L8_959_20240221,,false,0,,,,,dentro,0.00,1,0,1,LAM5655,LICENCIA AMBIENTAL PARA EL PROYECTO ÁREA DE INTERÉS EXPLORATORIO CANELO NOGAL,PETRONOVA COLOMBIA,poligono,mas_de_5_km,,0,,,,,,
a2045d6c38b456f8b11881cb,2026-10-05T13:21-05:00,2026-10-05T18:21:00Z,2026-10-05,1.41452,-74.1442,VIIRS-NOAA-21,NOAA-21,VIIRS,76.6,27.5,6.2,Nominal,D,0.39,0.36,true,true,Puntos_de_calor_Colombia_2026-10-05.csv,2026-10-06T06:27:43Z,18,Caquetá,18753,San Vicente Del Caguán,asignado,cache_geometrico,false,0,,,,asignado,321111,3.2.1.1.1.1.  Herbazal denso de tierra firme no arbolado,3,32,321,3211,32111,321111,SI,L9_759_20240115,,false,0,,,,,mas_de_5_km,,0,0,0,,,,,mas_de_5_km,,0,,,,,,
a3b11c7c63e3070ea4bfaa01,2026-10-05T13:21-05:00,2026-10-05T18:21:00Z,2026-10-05,1.61576,-75.61335,VIIRS-NOAA-21,NOAA-21,VIIRS,59.6,31.4,9,Baja,D,0.39,0.36,true,true,Puntos_de_calor_Colombia_2026-10-05.csv,2026-10-06T06:27:43Z,18,Caquetá,18001,Florencia,asignado,cache_geometrico,false,0,,,,asignado,111,1.1.1. Tejido urbano continuo,1,11,111,,,,SI,L8_859_20240222_20240224,,false,0,,,,,mas_de_5_km,,0,0,0,,,,,entre_1_y_5_km,3603.80,1,0296,NOGAL,NO APLICA,EMERALD ENERGY PLC,EXPLORACION,CONTRATO DE EXPLORACION Y PRODUCCION (E&P)
a536178ff64695bb5ed322c6,2026-10-05T13:21-05:00,2026-10-05T18:21:00Z,2026-10-05,0.63521,-74.66588,VIIRS-NOAA-21,NOAA-21,VIIRS,76.9,29.1,11.2,Nominal,D,0.38,0.36,true,true,Puntos_de_calor_Colombia_2026-10-05.csv,2026-10-06T06:27:43Z,18,Caquetá,18150,Cartagena Del Chairá,asignado,cache_geometrico,false,0,,,,asignado,231,2.3.1. Pastos limpios,2,23,231,,,,SI,L8_859_20240410,,false,0,,,,,mas_de_5_km,,0,0,0,,,,,mas_de_5_km,,0,,,,,,
a8f512e9ceb8db38ef2f7cf1,2026-10-05T13:21-05:00,2026-10-05T18:21:00Z,2026-10-05,0.3672,-74.01214,VIIRS-NOAA-21,NOAA-21,VIIRS,59,24.3,5.8,Nominal,D,0.39,0.36,true,true,Puntos_de_calor_Colombia_2026-10-05.csv,2026-10-06T06:27:43Z,18,Caquetá,18150,Cartagena Del Chairá,asignado,cache_geometrico,false,0,,,,asignado,31111,3.1.1.1.1. Bosque denso alto de tierra firme,3,31,311,3111,31111,,SI,L9_759_20240115,,false,0,,,,,mas_de_5_km,,0,0,0,,,,,mas_de_5_km,,0,,,,,,
aaddf120b4d02bbf35c1b79a,2026-10-05T13:21-05:00,2026-10-05T18:21:00Z,2026-10-05,1.77025,-76.82767,VIIRS-NOAA-21,NOAA-21,VIIRS,71.2,33,12.4,Nominal,D,0.42,0.38,true,true,Puntos_de_calor_Colombia_2026-10-05.csv,2026-10-06T06:27:43Z,19,Cauca,19693,San Sebastián,asignado,cache_geometrico,false,0,,,,asignado,245,2.4.5. Mosaico de cultivos con espacios naturales,2,24,245,,,,SI,Landsat_2024_mediana_28042025,,false,0,,,,,mas_de_5_km,,0,0,0,,,,,mas_de_5_km,,0,,,,,,
abc3644a88eb0055397bdf59,2026-10-05T13:21-05:00,2026-10-05T18:21:00Z,2026-10-05,0.65835,-75.11677,VIIRS-NOAA-21,NOAA-21,VIIRS,61.7,28.7,3.6,Nominal,D,0.39,0.36,true,true,Puntos_de_calor_Colombia_2026-10-05.csv,2026-10-06T06:27:43Z,18,Caquetá,18756,Solano,asignado,cache_geometrico,false,0,,,,asignado,3132,3.1.3.2. Bosque fragmentado con vegetación secundaria,3,31,313,3132,,,SI,L8_859_20240222_20240224_GEO,,false,0,,,,,mas_de_5_km,,0,0,0,,,,,dentro,0.00,1,0236,TACACHO,NO APLICA,AMERISUR EXPLORACION COLOMBIA LIMITED,EXPLORACION,CONTRATO DE EXPLORACION Y PRODUCCION (E&P)
af649450be535b15d85d3ee9,2026-10-05T13:21-05:00,2026-10-05T18:21:00Z,2026-10-05,1.97619,-74.1615,VIIRS-NOAA-21,NOAA-21,VIIRS,67.1,27.6,4.9,Nominal,D,0.39,0.36,true,true,Puntos_de_calor_Colombia_2026-10-05.csv,2026-10-06T06:27:43Z,18,Caquetá,18753,San Vicente Del Caguán,asignado,cache_geometrico,false,0,,,,asignado,321111,3.2.1.1.1.1.  Herbazal denso de tierra firme no arbolado,3,32,321,3211,32111,321111,SI,L9_759_20240115,Planet Medres Normalized Analytic 2024-01 Mosaic,false,0,,,,,mas_de_5_km,,0,0,0,,,,,mas_de_5_km,,0,,,,,,
af78cfbed45f162aad6ac4d1,2026-10-05T13:21-05:00,2026-10-05T18:21:00Z,2026-10-05,0.82339,-76.41363,VIIRS-NOAA-21,NOAA-21,VIIRS,72.6,29.1,9.2,Nominal,D,0.41,0.37,true,true,Puntos_de_calor_Colombia_2026-10-05.csv,2026-10-06T06:27:43Z,86,Putumayo,86569,Puerto Caicedo,asignado,cache_geometrico,false,0,,,,asignado,31111,3.1.1.1.1. Bosque denso alto de tierra firme,3,31,311,3111,31111,,SI,L8_959_20240221,,false,0,,,,,entre_1_y_5_km,4885.80,1,0,1,LAM2469,PLAN DE MANEJO AMBIENTAL PARA ÁREAS OPERATIVAS DE LA GERENCIA SUR (GSU),ECOPETROL S.A,poligono,hasta_1_km,338.35,2,0763|0172,PUT 21|NORORIENTE,NO APLICA|NORORIENTE,GRAN TIERRA ENERGY COLOMBIA GMBH|ECOPETROL S.A.,EXPLORACION|PRODUCCION,CONTRATO DE EXPLORACION Y PRODUCCION (E&P)|CONVENIO DE EXPLOTACION
b90da326bee7db8265f4505b,2026-10-05T13:21-05:00,2026-10-05T18:21:00Z,2026-10-05,0.71814,-74.4539,VIIRS-NOAA-21,NOAA-21,VIIRS,63,25,2.6,Nominal,D,0.38,0.36,true,true,Puntos_de_calor_Colombia_2026-10-05.csv,2026-10-06T06:27:43Z,18,Caquetá,18150,Cartagena Del Chairá,asignado,cache_geometrico,false,0,,,,asignado,233,2.3.3. Pastos enmalezados,2,23,233,,,,SI,L8_859_20240410,,false,0,,,,,mas_de_5_km,,0,0,0,,,,,mas_de_5_km,,0,,,,,,
bb3d7ea988b3c68ce14a8bc5,2026-10-05T13:21-05:00,2026-10-05T18:21:00Z,2026-10-05,2.15873,-73.87658,VIIRS-NOAA-21,NOAA-21,VIIRS,63.7,26.7,4.8,Nominal,D,0.39,0.36,true,true,Puntos_de_calor_Colombia_2026-10-05.csv,2026-10-06T06:27:43Z,50,Meta,50350,La Macarena,asignado,cache_geometrico,false,0,,,,asignado,321111,3.2.1.1.1.1.  Herbazal denso de tierra firme no arbolado,3,32,321,3211,32111,321111,SI,L9_759_20240115,,false,0,,,,,mas_de_5_km,,0,0,0,,,,,mas_de_5_km,,0,,,,,,
bbcc737a68b7f398f5ccf9e9,2026-10-05T13:21-05:00,2026-10-05T18:21:00Z,2026-10-05,1.64113,-77.41219,VIIRS-NOAA-21,NOAA-21,VIIRS,58.7,25,3.4,Nominal,D,0.44,0.38,true,true,Puntos_de_calor_Colombia_2026-10-05.csv,2026-10-06T06:27:43Z,52,Nariño,52540,Policarpa,asignado,cache_geometrico,false,0,,,,asignado,321113,3.2.1.1.1.3.  Herbazal denso de tierra firme con arbustos,3,32,321,3211,32111,321113,SI,Landsat_2024_mediana_28042025,,true,1,BLOQUE 570,,,ZONAS RESERVADAS CON POTENCIAL - BLOQUE 570,mas_de_5_km,,0,0,0,,,,,mas_de_5_km,,0,,,,,,
c3650b5a2da3fcad0919f55b,2026-10-05T13:21-05:00,2026-10-05T18:21:00Z,2026-10-05,0.36772,-74.00869,VIIRS-NOAA-21,NOAA-21,VIIRS,59.5,23.8,5.1,Nominal,D,0.39,0.36,true,true,Puntos_de_calor_Colombia_2026-10-05.csv,2026-10-06T06:27:43Z,18,Caquetá,18150,Cartagena Del Chairá,asignado,cache_geometrico,false,0,,,,asignado,31111,3.1.1.1.1. Bosque denso alto de tierra firme,3,31,311,3111,31111,,SI,L9_759_20240115,,false,0,,,,,mas_de_5_km,,0,0,0,,,,,mas_de_5_km,,0,,,,,,
cd2baa2e593347f00671c124,2026-10-05T13:21-05:00,2026-10-05T18:21:00Z,2026-10-05,0.43621,-75.30193,VIIRS-NOAA-21,NOAA-21,VIIRS,59.2,26.6,12,Nominal,D,0.39,0.36,true,true,Puntos_de_calor_Colombia_2026-10-05.csv,2026-10-06T06:27:43Z,86,Putumayo,86573,Puerto Leguízamo,asignado,cache_geometrico,true,1,100,La Paya,Parque Nacional Natural,asignado,31111,3.1.1.1.1. Bosque denso alto de tierra firme,3,31,311,3111,31111,,SI,L8_959_20240221,,false,0,,,,,mas_de_5_km,,0,0,0,,,,,mas_de_5_km,,0,,,,,,
de675c0561afa619d06fce55,2026-10-05T13:21-05:00,2026-10-05T18:21:00Z,2026-10-05,1.6908,-77.09185,VIIRS-NOAA-21,NOAA-21,VIIRS,61.2,28.5,8.6,Nominal,D,0.43,0.38,true,true,Puntos_de_calor_Colombia_2026-10-05.csv,2026-10-06T06:27:43Z,19,Cauca,19290,Florencia,asignado,cache_geometrico,false,0,,,,asignado,243,"2.4.3. Mosaico de cultivos, pastos y espacios naturales",2,24,243,,,,SI,Landsat_2024_mediana_28042025,,true,1,BLOQUE 568,,,ZONAS RESERVADAS CON POTENCIAL - BLOQUE 568,mas_de_5_km,,0,0,0,,,,,mas_de_5_km,,0,,,,,,
e3c4a7785cf854e479ef1490,2026-10-05T13:21-05:00,2026-10-05T18:21:00Z,2026-10-05,0.31758,-74.0715,VIIRS-NOAA-21,NOAA-21,VIIRS,82,30.3,22.2,Nominal,D,0.39,0.36,true,true,Puntos_de_calor_Colombia_2026-10-05.csv,2026-10-06T06:27:43Z,18,Caquetá,18150,Cartagena Del Chairá,asignado,cache_geometrico,false,0,,,,asignado,243,"2.4.3. Mosaico de cultivos, pastos y espacios naturales",2,24,243,,,,SI,"L8_760_20240229, L8_760_20240115)",Planet Medres Normalized Analytic 2024-02 Mosaic,false,0,,,,,mas_de_5_km,,0,0,0,,,,,mas_de_5_km,,0,,,,,,
e3feeb72796db6430285f0f4,2026-10-05T13:21-05:00,2026-10-05T18:21:00Z,2026-10-05,-4.04519,-70.12717,VIIRS-NOAA-21,NOAA-21,VIIRS,59.1,31.7,8.1,Baja,D,0.47,0.4,true,true,Puntos_de_calor_Colombia_2026-10-05.csv,2026-10-06T06:27:43Z,91,Amazonas,91001,Leticia,asignado,cache_geometrico,false,0,,,,sin_cobertura,,,,,,,,,,,,false,0,,,,,mas_de_5_km,,0,0,0,,,,,mas_de_5_km,,0,,,,,,
e750f84b8039157652c5b605,2026-10-05T13:21-05:00,2026-10-05T18:21:00Z,2026-10-05,1.13823,-74.33047,VIIRS-NOAA-21,NOAA-21,VIIRS,66.7,26.2,3.7,Nominal,D,0.38,0.36,true,true,Puntos_de_calor_Colombia_2026-10-05.csv,2026-10-06T06:27:43Z,18,Caquetá,18753,San Vicente Del Caguán,asignado,cache_geometrico,false,0,,,,asignado,233,2.3.3. Pastos enmalezados,2,23,233,,,,SI,L9_759_20240115,SENTINEL_20240222,false,0,,,,,mas_de_5_km,,0,0,0,,,,,mas_de_5_km,,0,,,,,,
ea9ac8f08fbc62a6c1006c54,2026-10-05T13:21-05:00,2026-10-05T18:21:00Z,2026-10-05,1.87774,-74.00398,VIIRS-NOAA-21,NOAA-21,VIIRS,64.6,27.3,3.9,Nominal,D,0.39,0.36,true,true,Puntos_de_calor_Colombia_2026-10-05.csv,2026-10-06T06:27:43Z,18,Caquetá,18753,San Vicente Del Caguán,asignado,cache_geometrico,false,0,,,,asignado,321111,3.2.1.1.1.1.  Herbazal denso de tierra firme no arbolado,3,32,321,3211,32111,321111,SI,L9_759_20240115,,false,0,,,,,mas_de_5_km,,0,0,0,,,,,mas_de_5_km,,0,,,,,,
eb472cde8a2517652d5a4113,2026-10-05T13:21-05:00,2026-10-05T18:21:00Z,2026-10-05,-1.12152,-70.16946,VIIRS-NOAA-21,NOAA-21,VIIRS,71.4,25.6,14.1,Nominal,D,0.51,0.41,true,true,Puntos_de_calor_Colombia_2026-10-05.csv,2026-10-06T06:27:43Z,91,Amazonas,91407,La Pedrera,asignado,cache_geometrico,true,1,52,Yaigojé Apaporis,Parque Nacional Natural,asignado,243,"2.4.3. Mosaico de cultivos, pastos y espacios naturales",2,24,243,,,,SI,L9_461_20240109,"ArcGIS.com Aerial, Google Map Aerial",false,0,,,,,mas_de_5_km,,0,0,0,,,,,mas_de_5_km,,0,,,,,,
ebeae33e05cb73874334ae47,2026-10-05T13:21-05:00,2026-10-05T18:21:00Z,2026-10-05,0.95135,-75.4673,VIIRS-NOAA-21,NOAA-21,VIIRS,67.6,26.4,10.4,Nominal,D,0.39,0.36,true,true,Puntos_de_calor_Colombia_2026-10-05.csv,2026-10-06T06:27:43Z,18,Caquetá,18860,Valparaíso,asignado,cache_geometrico,false,0,,,,asignado,244,2.4.4. Mosaico de pastos con espacios naturales,2,24,244,,,,SI,L8_859_20240222_20240224,,false,0,,,,,mas_de_5_km,,0,0,0,,,,,mas_de_5_km,,0,,,,,,
f0a8f5e018f5604f0c83b42a,2026-10-05T13:21-05:00,2026-10-05T18:21:00Z,2026-10-05,0.82788,-76.38438,VIIRS-NOAA-21,NOAA-21,VIIRS,64.4,28,4.4,Nominal,D,0.41,0.37,true,true,Puntos_de_calor_Colombia_2026-10-05.csv,2026-10-06T06:27:43Z,86,Putumayo,86571,Puerto Guzmán,asignado,cache_geometrico,false,0,,,,asignado,244,2.4.4. Mosaico de pastos con espacios naturales,2,24,244,,,,SI,L8_959_20240221,,false,0,,,,,mas_de_5_km,,0,0,0,,,,,entre_1_y_5_km,3597.22,1,0763,PUT 21,NO APLICA,GRAN TIERRA ENERGY COLOMBIA GMBH,EXPLORACION,CONTRATO DE EXPLORACION Y PRODUCCION (E&P)
f2a465b8ddbf72790dbf18f9,2026-10-05T13:21-05:00,2026-10-05T18:21:00Z,2026-10-05,0.37103,-74.00919,VIIRS-NOAA-21,NOAA-21,VIIRS,63.5,27.3,5.3,Nominal,D,0.39,0.36,true,true,Puntos_de_calor_Colombia_2026-10-05.csv,2026-10-06T06:27:43Z,18,Caquetá,18150,Cartagena Del Chairá,asignado,cache_geometrico,false,0,,,,asignado,31111,3.1.1.1.1. Bosque denso alto de tierra firme,3,31,311,3111,31111,,SI,L9_759_20240115,,false,0,,,,,mas_de_5_km,,0,0,0,,,,,mas_de_5_km,,0,,,,,,
f400aa0da828fb776bdec77b,2026-10-05T13:21-05:00,2026-10-05T18:21:00Z,2026-10-05,0.36111,-74.0077,VIIRS-NOAA-21,NOAA-21,VIIRS,61.4,24.2,6,Nominal,D,0.39,0.36,true,true,Puntos_de_calor_Colombia_2026-10-05.csv,2026-10-06T06:27:43Z,18,Caquetá,18150,Cartagena Del Chairá,asignado,cache_geometrico,false,0,,,,asignado,31111,3.1.1.1.1. Bosque denso alto de tierra firme,3,31,311,3111,31111,,SI,L9_759_20240115,,false,0,,,,,mas_de_5_km,,0,0,0,,,,,mas_de_5_km,,0,,,,,,
fefb15d03862341155874baf,2026-10-05T13:21-05:00,2026-10-05T18:21:00Z,2026-10-05,1.62733,-75.60439,VIIRS-NOAA-21,NOAA-21,VIIRS,59.2,33,6.5,Baja,D,0.39,0.36,true,true,Puntos_de_calor_Colombia_2026-10-05.csv,2026-10-06T06:27:43Z,18,Caquetá,18001,Florencia,asignado,cache_geometrico,false,0,,,,asignado,111,1.1.1. Tejido urbano continuo,1,11,111,,,,SI,L8_859_20240222_20240224,,false,0,,,,,mas_de_5_km,,0,0,0,,,,,entre_1_y_5_km,4883.43,1,0296,NOGAL,NO APLICA,EMERALD ENERGY PLC,EXPLORACION,CONTRATO DE EXPLORACION Y PRODUCCION (E&P)
004ac181ca4ab10996d02c4c,2026-10-05T13:24-05:00,2026-10-05T18:24:00Z,2026-10-05,4.7217,-71.81953,VIIRS-NOAA-21,NOAA-21,VIIRS,68.3,25.1,6.6,Nominal,D,0.49,0.4,true,true,Puntos_de_calor_Colombia_2026-10-05.csv,2026-10-06T06:27:43Z,85,Casanare,85230,Orocué,asignado,cache_geometrico,false,0,,,,asignado,321121,3.2.1.1.2.1. Herbazal denso inundable no arbolado,3,32,321,3211,32112,321121,SI,Landsat_2024_mediana_28042025,,false,0,,,,,dentro,0.00,2,0,2,LAM3372|LAM5707,BLOQUE DE PERFORACION EXPLORATORIA SURIMENA|ÁREA DE PERFORACIÓN EXPLORATORIA LLA-71,HUPECOL OPERATING CO LLC|GOE TECHNOLOGY SUCURSAL COLOMBIA,poligono,entre_1_y_5_km,1698.54,1,0244,LLA 71,NO APLICA,GEO TECHNOLOGY L.A,EXPLORACION,CONTRATO DE EXPLORACION Y PRODUCCION (E&P)
03ba0e54b37cf93cd08591f5,2026-10-05T13:24-05:00,2026-10-05T18:24:00Z,2026-10-05,5.27018,-74.49436,VIIRS-NOAA-21,NOAA-21,VIIRS,58.7,28.3,5,Nominal,D,0.39,0.36,true,true,Puntos_de_calor_Colombia_2026-10-05.csv,2026-10-06T06:27:43Z,25,Cundinamarca,25148,Caparrapí,asignado,cache_geometrico,false,0,,,,asignado,231,2.3.1. Pastos limpios,2,23,231,,,,SI,Landsat_2024_mediana_28042025,,false,0,,,,,entre_1_y_5_km,3004.86,2,0,2,LAM1190,"PERFORACION EXPLORATORIA GUADUALES ""AREA DE INCLUSION""|BLOQUE DE PERFORACION EXPLORATORIA GUADUALES",PERENCO COLOMBIA LIMITED,poligono,mas_de_5_km,,0,,,,,,
0458d82bef0989da5d09a568,2026-10-05T13:24-05:00,2026-10-05T18:24:00Z,2026-10-05,2.26555,-76.86928,VIIRS-NOAA-21,NOAA-21,VIIRS,62.7,33.8,13.9,Baja,D,0.42,0.37,true,true,Puntos_de_calor_Colombia_2026-10-05.csv,2026-10-06T06:27:43Z,19,Cauca,19256,El Tambo,asignado,cache_geometrico,false,0,,,,asignado,244,2.4.4. Mosaico de pastos con espacios naturales,2,24,244,,,,SI,Landsat_2024_mediana_28042025,,false,0,,,,,mas_de_5_km,,0,0,0,,,,,mas_de_5_km,,0,,,,,,
05d7ce202014ddd91677c933,2026-10-05T13:24-05:00,2026-10-05T18:24:00Z,2026-10-05,5.28314,-74.67887,VIIRS-NOAA-21,NOAA-21,VIIRS,68.4,31.1,6.2,Nominal,D,0.39,0.36,true,true,Puntos_de_calor_Colombia_2026-10-05.csv,2026-10-06T06:27:43Z,25,Cundinamarca,25320,Guaduas,asignado,cache_geometrico,false,0,,,,asignado,244,2.4.4. Mosaico de pastos con espacios naturales,2,24,244,,,,SI,Landsat_2024_mediana_28042025,,false,0,,,,,hasta_1_km,936.84,4,0,4,LAM4241|LAM1998|LAV0007-00-2015|LAM3796,AREA DE PERFORACION EXPLORATORIA BAMBU COLORADO|CONSTRUCCIÓN DEL OLEODUCTO GUADUAS – LA DORADA.|EIA VMM32|AREA DE PERFORACION EXPLORATORIA BLOQUE LA POLA,TEXICAN OIL LTD|PACIFIC STRATUS ENERGY COLOMBIA CORP|ECOPETROL S.A.|VAROSA ENERGY LTDA,poligono|linea,dentro,0.00,2,0212|0282,VMM 15|VMM 32,NO APLICA,LOH ENERGY|CPVEN E&P CORP,EXPLORACION,CONTRATO DE EXPLORACION Y PRODUCCION (E&P)
060080874616c06c78385f94,2026-10-05T13:24-05:00,2026-10-05T18:24:00Z,2026-10-05,2.73137,-75.60944,VIIRS-NOAA-21,NOAA-21,VIIRS,58.5,29.4,5.7,Baja,D,0.39,0.36,true,true,Puntos_de_calor_Colombia_2026-10-05.csv,2026-10-06T06:27:43Z,41,Huila,41801,Teruel,asignado,cache_geometrico,false,0,,,,asignado,243,"2.4.3. Mosaico de cultivos, pastos y espacios naturales",2,24,243,,,,SI,Landsat_2024_mediana_28042025,,true,1,BLOQUE 691,,,ZONAS RESERVADAS CON POTENCIAL - BLOQUE 691,dentro,0.00,6,0,6,LAM2245|LAV0027-14|LAV0081-14|LAM0523|LAM3540,"BLOQUE SAN JACINTO|ÁREA DE PERFORACIÓN EXPLORATORIA VSM-22|Estudio de Impacto Ambiental para el proyecto: Línea de transmisión Tesalia-Alférez 230 kV y sus módulos de conexión asociados, obras que hacen parte de la convocatoria UPME 05 – 2009|BLOQUE EXPLORATORIO BAMBUCO|AREA DE INTERES PARA LA PERFORACION EXPLORATORIA CURUBA|PEDERNAL NORTE",HOCOL S.A.|TELPICO COLOMBIA LLC|EMPRESA DE ENERGÍA DE BOGOTÁ – EEB|LL & E COLOMBIA INC,poligono|linea,entre_1_y_5_km,3208.58,1,0292,UPAR,NO APLICA,HOCOL S.A.,EXPLORACION,CONVENIO DE EXPLORACION Y EXPLOTACION (E&E)
063e37d082e4374eccc28f43,2026-10-05T13:24-05:00,2026-10-05T18:24:00Z,2026-10-05,6.99387,-74.32227,VIIRS-NOAA-21,NOAA-21,VIIRS,68.1,27.8,46.2,Nominal,D,0.41,0.37,true,true,Puntos_de_calor_Colombia_2026-10-05.csv,2026-10-06T06:27:43Z,05,Antioquia,05604,Remedios,asignado,cache_geometrico,false,0,,,,asignado,31111,3.1.1.1.1. Bosque denso alto de tierra firme,3,31,311,3111,31111,,SI,Landsat_2024_mediana_28042025,Sentinel_2024_mediana_11042025,false,0,,,,,mas_de_5_km,,0,0,0,,,,,mas_de_5_km,,0,,,,,,
072fbcd80200393c7261c407,2026-10-05T13:24-05:00,2026-10-05T18:24:00Z,2026-10-05,3.0465,-76.72267,VIIRS-NOAA-21,NOAA-21,VIIRS,68.5,24.7,6,Nominal,D,0.41,0.37,true,true,Puntos_de_calor_Colombia_2026-10-05.csv,2026-10-06T06:27:43Z,19,Cauca,19780,Suárez,asignado,cache_geometrico,false,0,,,,asignado,2222,2.2.2.2. Café,2,22,222,2222,,,SI,Landsat_2024_mediana_28042025,,false,0,,,,,mas_de_5_km,,0,0,0,,,,,mas_de_5_km,,0,,,,,,
07582ae149614efc7dcc2c11,2026-10-05T13:24-05:00,2026-10-05T18:24:00Z,2026-10-05,4.39297,-69.69308,VIIRS-NOAA-21,NOAA-21,VIIRS,61.6,23.1,4.9,Nominal,D,0.43,0.46,true,true,Puntos_de_calor_Colombia_2026-10-05.csv,2026-10-06T06:27:43Z,99,Vichada,99773,Cumaribo,asignado,cache_geometrico,false,0,,,,asignado,32121,3.2.1.2.1. Herbazal abierto arenoso,3,32,321,3212,32121,,SI,L9_557_20240225,Mosaico Sentinel-2_L2A_False_color 2024-01-27-00_00_2024-01-27-23_59,false,0,,,,,mas_de_5_km,,0,0,0,,,,,mas_de_5_km,,0,,,,,,
0956c9de74e51196b4349c2c,2026-10-05T13:24-05:00,2026-10-05T18:24:00Z,2026-10-05,7.90233,-73.84278,VIIRS-NOAA-21,NOAA-21,VIIRS,61.9,26.2,11.5,Nominal,D,0.43,0.38,true,true,Puntos_de_calor_Colombia_2026-10-05.csv,2026-10-06T06:27:43Z,13,Bolívar,13744,Simití,asignado,cache_geometrico,false,0,,,,asignado,244,2.4.4. Mosaico de pastos con espacios naturales,2,24,244,,,,SI,Landsat_2024_mediana_28042025,GoogleEarth,false,0,,,,,mas_de_5_km,,0,0,0,,,,,mas_de_5_km,,0,,,,,,
09cc7194e1656d192545ea77,2026-10-05T13:24-05:00,2026-10-05T18:24:00Z,2026-10-05,3.52829,-75.33329,VIIRS-NOAA-21,NOAA-21,VIIRS,65.1,31.5,4.5,Nominal,D,0.38,0.36,true,true,Puntos_de_calor_Colombia_2026-10-05.csv,2026-10-06T06:27:43Z,73,Tolima,73067,Ataco,asignado,cache_geometrico,false,0,,,,asignado,321111,3.2.1.1.1.1.  Herbazal denso de tierra firme no arbolado,3,32,321,3211,32111,321111,SI,Landsat_2024_mediana_28042025,,true,1,BLOQUE 691,,,ZONAS RESERVADAS CON POTENCIAL - BLOQUE 691,hasta_1_km,589.29,1,0,1,LAM3457,AREA DE PERFORACION EXPLORATORIA EN EL SECTOR ESTE DEL BLOQUE EL QUESO,REPSOL EXPLORACIÓN COLOMBIA S.A.,poligono,mas_de_5_km,,0,,,,,,
0b3b245574f76adad001a4be,2026-10-05T13:24-05:00,2026-10-05T18:24:00Z,2026-10-05,7.01142,-74.08087,VIIRS-NOAA-21,NOAA-21,VIIRS,70.1,27.7,18.9,Nominal,D,0.41,0.37,true,true,Puntos_de_calor_Colombia_2026-10-05.csv,2026-10-06T06:27:43Z,05,Antioquia,05893,Yondó,asignado,cache_geometrico,false,0,,,,asignado,231,2.3.1. Pastos limpios,2,23,231,,,,SI,Landsat_2024_mediana_28042025,"Sentinel_2024_mediana_11042025, GoogleEarth, Basemap",false,0,,,,,mas_de_5_km,,0,0,0,,,,,mas_de_5_km,,0,,,,,,
0b47944611466fcaff798815,2026-10-05T13:24-05:00,2026-10-05T18:24:00Z,2026-10-05,4.40514,-70.3913,VIIRS-NOAA-21,NOAA-21,VIIRS,63.3,19.5,4.5,Nominal,D,0.39,0.44,true,true,Puntos_de_calor_Colombia_2026-10-05.csv,2026-10-06T06:27:43Z,99,Vichada,99773,Cumaribo,asignado,cache_geometrico,false,0,,,,asignado,321111,3.2.1.1.1.1.  Herbazal denso de tierra firme no arbolado,3,32,321,3211,32111,321111,SI,Landsat_2024_mediana_28042025,"GoogleEarth, BingMaps",false,0,,,,,mas_de_5_km,,0,0,0,,,,,mas_de_5_km,,0,,,,,,
0b7ee4f5518abf9d4948ee54,2026-10-05T13:24-05:00,2026-10-05T18:24:00Z,2026-10-05,7.55189,-74.80178,VIIRS-NOAA-21,NOAA-21,VIIRS,58.7,24.4,6.3,Nominal,D,0.4,0.37,true,true,Puntos_de_calor_Colombia_2026-10-05.csv,2026-10-06T06:27:43Z,05,Antioquia,05895,Zaragoza,asignado,cache_geometrico,false,0,,,,asignado,3232,3.2.3.2. Vegetación secundaria baja,3,32,323,3232,,,SI,Landsat_2024_mediana_28042025,GoogleEarth,true,1,L5682005,(8909145257) MINEROS S.A,Explotación,MINERAL DE ORO,entre_1_y_5_km,2461.17,2,0,2,LAM0806,"EXPLOTACIÓN AURÍFERA EN LA CUENCA DEL RIO NECHÍ Y ESTABLECIMIENTO DE UN P.M.A. PARA EL MONTAJE Y OPERACIÓN DE LA DRAGA #4 RIO NECHÍ, MINA SANTA PAULA, MINA MINEROS S.A.",MINEROS S.A.,poligono,mas_de_5_km,,0,,,,,,
0bbea05b0600f6ff181bd10b,2026-10-05T13:24-05:00,2026-10-05T18:24:00Z,2026-10-05,4.039,-75.46307,VIIRS-NOAA-21,NOAA-21,VIIRS,61.6,30.8,16.5,Nominal,D,0.38,0.36,true,true,Puntos_de_calor_Colombia_2026-10-05.csv,2026-10-06T06:27:43Z,73,Tolima,73675,San Antonio,asignado,cache_geometrico,false,0,,,,asignado,233,2.3.3. Pastos enmalezados,2,23,233,,,,SI,Landsat_2024_mediana_28042025,,false,0,,,,,mas_de_5_km,,0,0,0,,,,,mas_de_5_km,,0,,,,,,
0e15072ea1253d9df26e08cb,2026-10-05T13:24-05:00,2026-10-05T18:24:00Z,2026-10-05,8.19159,-76.25792,VIIRS-NOAA-21,NOAA-21,VIIRS,57.7,23.7,2.2,Nominal,D,0.38,0.36,true,true,Puntos_de_calor_Colombia_2026-10-05.csv,2026-10-06T06:27:43Z,23,Córdoba,23855,Valencia,asignado,cache_geometrico,false,0,,,,asignado,233,2.3.3. Pastos enmalezados,2,23,233,,,,SI,Landsat_2024_mediana_28042025,,false,0,,,,,entre_1_y_5_km,2701.37,1,0,1,LAV0013-00-2015,ÁREA DE PERFORACIÓN EXPLORATORIA JARAGUAY,GRAN TIERRA ENERGY COLOMBIA LTD.,poligono,mas_de_5_km,,0,,,,,,
0e8097f2c0cb0d9b48273a7d,2026-10-05T13:24-05:00,2026-10-05T18:24:00Z,2026-10-05,4.52914,-70.71426,VIIRS-NOAA-21,NOAA-21,VIIRS,64.1,24.3,8.9,Nominal,D,0.56,0.43,true,true,Puntos_de_calor_Colombia_2026-10-05.csv,2026-10-06T06:27:43Z,99,Vichada,99773,Cumaribo,asignado,cache_geometrico,false,0,,,,asignado,321111,3.2.1.1.1.1.  Herbazal denso de tierra firme no arbolado,3,32,321,3211,32111,321111,SI,Landsat_2024_mediana_28042025,"GoogleEarth, BingMaps",false,0,,,,,dentro,0.00,1,0,1,LAM5613,AREA DE PERFORACION EXPLORATORIA SALTARIN SUR,HOCOL S.A,poligono,mas_de_5_km,,0,,,,,,
108a4397cb29bf319412ea71,2026-10-05T13:24-05:00,2026-10-05T18:24:00Z,2026-10-05,4.81603,-70.5567,VIIRS-NOAA-21,NOAA-21,VIIRS,63,20.3,1.5,Nominal,D,0.39,0.44,true,true,Puntos_de_calor_Colombia_2026-10-05.csv,2026-10-06T06:27:43Z,99,Vichada,99624,Santa Rosalía,asignado,cache_geometrico,false,0,,,,asignado,321111,3.2.1.1.1.1.  Herbazal denso de tierra firme no arbolado,3,32,321,3211,32111,321111,SI,Landsat_2024_mediana_28042025,GoogleEarth,false,0,,,,,mas_de_5_km,,0,0,0,,,,,mas_de_5_km,,0,,,,,,
111226dcbc94cb43d528c96d,2026-10-05T13:24-05:00,2026-10-05T18:24:00Z,2026-10-05,5.06946,-74.65325,VIIRS-NOAA-21,NOAA-21,VIIRS,57.9,27.8,3,Nominal,D,0.39,0.36,true,true,Puntos_de_calor_Colombia_2026-10-05.csv,2026-10-06T06:27:43Z,25,Cundinamarca,25320,Guaduas,asignado,cache_geometrico,false,0,,,,asignado,231,2.3.1. Pastos limpios,2,23,231,,,,SI,Landsat_2024_mediana_28042025,,false,0,,,,,dentro,0.00,11,0,11,LAM3796|LAM0679|LAM1264|LAM3842,AREA DE PERFORACION EXPLORATORIA BLOQUE LA POLA|ÁREA DE PERFORACIÓN EXPLORATORIA BLOQUE LA POLA|NUEVAS AREAS DE EXPLOTACIÓN O DE DESARROLLO PARA EL CAMPO GUADUAS -BLOQUE RIO SECO RETENIDO-|AREA DE PERFORACION EXPLORATORIA RIO SECO|REACTIVACIÓN DE CUATRO (4)POZOS EN EL BLOQUE LA POLA|REACTIVACIÓN DE CUATRO POZOS EN EL BLOQUE LA POLA,VAROSA ENERGY LTDA|PACIFIC STRATUS ENERGY COLOMBIA CORP|GHK COMPANY COLOMBIA|VAROSA ENERGY S.A.S.,poligono|punto,dentro,0.00,3,0115|0029,LA POLA|RIO SECO,NO APLICA|QUINTERO,VAROSA ENERGY SOCIEDAD POR ACCIONES SIMPLIFICADAS|ECOPETROL S.A.,EXPLORACION|EVALUACION|PRODUCCION,CONTRATO DE EXPLORACION Y PRODUCCION (E&P)|CONTRATO DE ASOCIACION CON ECOPETROL
11d4ee19ed16e5fed5c6e96f,2026-10-05T13:24-05:00,2026-10-05T18:24:00Z,2026-10-05,5.2921,-74.61967,VIIRS-NOAA-21,NOAA-21,VIIRS,62.7,30.9,5.1,Nominal,D,0.39,0.36,true,true,Puntos_de_calor_Colombia_2026-10-05.csv,2026-10-06T06:27:43Z,25,Cundinamarca,25320,Guaduas,asignado,cache_geometrico,false,0,,,,asignado,233,2.3.3. Pastos enmalezados,2,23,233,,,,SI,Landsat_2024_mediana_28042025,,false,0,,,,,dentro,0.00,6,0,6,LAM4241|LAM1190|LAV0007-00-2015|LAM1998,"AREA DE PERFORACION EXPLORATORIA BAMBU COLORADO|AREA DE PERFORACION EXPLORATORIA BAMBU COLORADO ÁREA DE INTERÉS LA PAZ|PERFORACION EXPLORATORIA GUADUALES ""AREA DE INCLUSION""|BLOQUE DE PERFORACION EXPLORATORIA GUADUALES|EIA VMM32|CONSTRUCCIÓN DEL OLEODUCTO GUADUAS – LA DORADA.",TEXICAN OIL LTD|PERENCO COLOMBIA LIMITED|ECOPETROL S.A.|PACIFIC STRATUS ENERGY COLOMBIA CORP,poligono|linea,entre_1_y_5_km,1840.24,3,0282|0212|0539,VMM 32|VMM 15|VMM 65,NO APLICA,CPVEN E&P CORP|LOH ENERGY|ECOPETROL S.A.,EXPLORACION,CONTRATO DE EXPLORACION Y PRODUCCION (E&P)|CONTRATO DE EVALUACION TECNICA ANH
1240760819f69f9574353f94,2026-10-05T13:24-05:00,2026-10-05T18:24:00Z,2026-10-05,3.23602,-76.44445,VIIRS-NOAA-21,NOAA-21,VIIRS,58.1,31,2.7,Nominal,D,0.4,0.37,true,true,Puntos_de_calor_Colombia_2026-10-05.csv,2026-10-06T06:27:43Z,19,Cauca,19845,Villa Rica,asignado,cache_geometrico,false,0,,,,asignado,22121,2.2.1.2.1. Caña de azúcar,2,22,221,2212,22121,,SI,Landsat_2024_mediana_28042025,,false,0,,,,,entre_1_y_5_km,2527.18,5,0,5,LAM1015|LAM1993|LAM2895|LAM1659|LAM1566,"Construcción de la Variante Puerto Tejada - Variante Sur Palmira; Yumbo - Mediacanoa|INSTALACIÓN DE UNA PLANTA FORMULADORA DEL HERBICIDA GLIFOSATO|IMPORTACIÓN DE PARENTALES Y ESTABLECIEMIENTO DE ZOOCRIADERO|Rehabilitación, ampliación y construcción de segundas calzadas de la malla vial del Valle del Cauca y Cauca|VARIANTE DE CONEXIÓN ENTRE SUBESTACIÓN PÁEZ A 230 KV Y LÍNEA DE TRANSMISIÓN JUANCHITO - SAN BERNARDINO A 230 KV",Unión Temporal Desarrollo Vial del Valle del Cauca y Cauca|SUMITOMO CHEMICAL COLOMBIA S.A.|NIMAJAY CRIADORES DE AVESTRUZ S.A.S.|INTERCONEXION ELECTRICA S.A. E.S.P. ISA,linea|poligono,mas_de_5_km,,0,,,,,,
152d5e177ee41e483af492a1,2026-10-05T13:24-05:00,2026-10-05T18:24:00Z,2026-10-05,4.77883,-71.12051,VIIRS-NOAA-21,NOAA-21,VIIRS,59.6,24.3,6.8,Nominal,D,0.54,0.42,true,true,Puntos_de_calor_Colombia_2026-10-05.csv,2026-10-06T06:27:43Z,50,Meta,50568,Puerto Gaitán,asignado,cache_geometrico,false,0,,,,asignado,321121,3.2.1.1.2.1. Herbazal denso inundable no arbolado,3,32,321,3211,32112,321121,SI,Landsat_2024_mediana_28042025,Basemap,false,0,,,,,hasta_1_km,97.67,5,0,5,LAM3607|LAM3798|LAM3338,AREA DE DESARROLLO LAS GARZAS|AREA DE PERFORACION EXPLORATORIA LAS GARZAS|AREA DE PERFORACION EXPLORATORIA CABIONA NORESTE|AREA DE INTERES DE PERFORACION EXPLORATORIA CABIONA|PERFORACIÓN EXPLORATORIA ÁREA DE INTERÉS CABIONA,NEW GRANADA ENERGY CORPORATION SUCURSAL COLOMBIA|NEW GRANADA ENERGY CORPORATION SUCURSAL COLOMBIANA,poligono,mas_de_5_km,,0,,,,,,
15840f006c823c69c94d39dd,2026-10-05T13:24-05:00,2026-10-05T18:24:00Z,2026-10-05,5.48144,-70.12259,VIIRS-NOAA-21,NOAA-21,VIIRS,72.3,19.8,5.4,Nominal,D,0.42,0.45,true,true,Puntos_de_calor_Colombia_2026-10-05.csv,2026-10-06T06:27:43Z,99,Vichada,99524,La Primavera,asignado,cache_geometrico,false,0,,,,asignado,321121,3.2.1.1.2.1. Herbazal denso inundable no arbolado,3,32,321,3211,32112,321121,SI,Landsat_2024_mediana_28042025,IDEAM_puntos_CLC2022_verificacion_campo_2025,false,0,,,,,dentro,0.00,1,0,1,LAM3530,AREA DE INTERES DE PERFORACION EXPLORATORIA PRIMAVERA SUR,GRAN TIERRA ENERGY COLOMBIA LTD.,poligono,mas_de_5_km,,0,,,,,,
15a4a9641c1263287166b57e,2026-10-05T13:24-05:00,2026-10-05T18:24:00Z,2026-10-05,8.18764,-72.77297,VIIRS-NOAA-21,NOAA-21,VIIRS,59.1,23.5,3.4,Nominal,D,0.48,0.4,true,true,Puntos_de_calor_Colombia_2026-10-05.csv,2026-10-06T06:27:43Z,54,Norte De Santander,54720,Sardinata,asignado,cache_geometrico,false,0,,,,asignado,244,2.4.4. Mosaico de pastos con espacios naturales,2,24,244,,,,SI,Landsat_2024_mediana_28042025,GoogleEarth,false,0,,,,,hasta_1_km,237.52,3,0,3,LAM3521|LAM3697,Bloque de Perforación Exploratoria Carbonera – Área de Desarrollo Carbonera Sur|PLAN DE MANEJO AMBIENTAL PARA EL RE-ENTRY DEL POZO CERRO GORDO 1|PLAN DE MANEJO PARA LA PERFORACIÓN DEL POZO CERRO GORDO,Wattle Petroleum Company S.A.S.|WELL LOGGING S.A.S|WELL LOGGING LTDA,poligono|punto,hasta_1_km,233.01,1,0096,CARBONERA,CERRO GORDO,WATTLE PETROLEUM COMPANY S.A.S,PRODUCCION,CONTRATO DE EXPLORACION Y PRODUCCION (E&P)
16981654466bf56edf0d69af,2026-10-05T13:24-05:00,2026-10-05T18:24:00Z,2026-10-05,7.8835,-73.70573,VIIRS-NOAA-21,NOAA-21,VIIRS,57.6,26.8,2.2,Nominal,D,0.43,0.38,true,true,Puntos_de_calor_Colombia_2026-10-05.csv,2026-10-06T06:27:43Z,68,Santander,68575,Puerto Wilches,asignado,cache_geometrico,false,0,,,,asignado,411,4.1.1. Zonas pantanosas,4,41,411,,,,SI,Landsat_2024_mediana_28042025,GoogleEarth,false,0,,,,,entre_1_y_5_km,2086.31,1,0,1,LAV0001-13,AREA DE PERFORACIÓN EXPLORATORIA VMM3,SHELL EXPLORATION AND PRODUCTION COLOMBIA GMBH,poligono,mas_de_5_km,,0,,,,,,
17b32cfa0ac22821b94add25,2026-10-05T13:24-05:00,2026-10-05T18:24:00Z,2026-10-05,3.53407,-71.89854,VIIRS-NOAA-21,NOAA-21,VIIRS,70,26.1,8.6,Nominal,D,0.47,0.4,true,true,Puntos_de_calor_Colombia_2026-10-05.csv,2026-10-06T06:27:43Z,50,Meta,50568,Puerto Gaitán,asignado,cache_geometrico,false,0,,,,asignado,321111,3.2.1.1.1.1.  Herbazal denso de tierra firme no arbolado,3,32,321,3211,32111,321111,SI,"Landsat_2024_mediana_28042025, L9_658_20240224","GoogleEarth, Planet Medres Normalized Analytic 2024-01 Mosaic",false,0,,,,,dentro,0.00,1,0,1,LAM5281,PERFORACIÓN EXPLORATORIA CPO-13,TECPETROL COLOMBIA S.A.S.,poligono,dentro,0.00,1,0195,CPO 13,MAUTE,TECPETROL COLOMBIA SAS,EVALUACION,CONTRATO DE EXPLORACION Y PRODUCCION (E&P)
18a42e2508bbb10a12541aab,2026-10-05T13:24-05:00,2026-10-05T18:24:00Z,2026-10-05,4.95711,-70.83311,VIIRS-NOAA-21,NOAA-21,VIIRS,65.9,26,16.5,Nominal,D,0.56,0.43,true,true,Puntos_de_calor_Colombia_2026-10-05.csv,2026-10-06T06:27:43Z,99,Vichada,99624,Santa Rosalía,asignado,cache_geometrico,false,0,,,,asignado,321111,3.2.1.1.1.1.  Herbazal denso de tierra firme no arbolado,3,32,321,3211,32111,321111,SI,Landsat_2024_mediana_28042025,GoogleEarth,false,0,,,,,entre_1_y_5_km,2694.91,3,0,3,LAM3607|LAM4977,AREA DE DESARROLLO LAS GARZAS|AREA DE PERFORACION EXPLORATORIA LAS GARZAS|AREA DE PERFORACION EXPLORATORIA CLARINERO,NEW GRANADA ENERGY CORPORATION SUCURSAL COLOMBIA|HOCOL S.A.,poligono,entre_1_y_5_km,4747.26,1,0817,CPE 2-2,NO APLICA,PAREX RESOURCES (COLOMBIA) AG,EXPLORACION,CONTRATO DE EXPLORACION Y PRODUCCION (E&P)
1a829a44bdd0f57cb25446b7,2026-10-05T13:24-05:00,2026-10-05T18:24:00Z,2026-10-05,3.93075,-75.32678,VIIRS-NOAA-21,NOAA-21,VIIRS,58.8,27.3,2,Nominal,D,0.38,0.36,true,true,Puntos_de_calor_Colombia_2026-10-05.csv,2026-10-06T06:27:43Z,73,Tolima,73504,Ortega,asignado,cache_geometrico,false,0,,,,asignado,244,2.4.4. Mosaico de pastos con espacios naturales,2,24,244,,,,SI,Landsat_2024_mediana_28042025,,true,1,BLOQUE 650,,,ZONAS RESERVADAS CON POTENCIAL - BLOQUE 650,dentro,0.00,3,0,3,LAM2344|LAM0140|LAM0304,ESTABLECIENTO DEL PLAN DE MANEJO AMBIENTAL PARA EL CAMPO TOY|POZO DE DESARROLLO QUIMBAYA 3 Y 4|LÍNEA DE INTERCONEXIÓN ELÉCTRICA BETANIA-MIROLINDO,ECOPETROL S.A.|HOCOL S.A.|INTERCONEXION ELECTRICA S.A. E.S.P. ISA,poligono|linea,dentro,0.00,1,0160,TOY,TOY,HOCOL S.A.,PRODUCCION,CONVENIO DE EXPLOTACION
1b2d4811fc08aea6123237e4,2026-10-05T13:24-05:00,2026-10-05T18:24:00Z,2026-10-05,4.94924,-70.83195,VIIRS-NOAA-21,NOAA-21,VIIRS,62.9,26,23.4,Nominal,D,0.56,0.43,true,true,Puntos_de_calor_Colombia_2026-10-05.csv,2026-10-06T06:27:43Z,99,Vichada,99624,Santa Rosalía,asignado,cache_geometrico,false,0,,,,asignado,321111,3.2.1.1.1.1.  Herbazal denso de tierra firme no arbolado,3,32,321,3211,32111,321111,SI,Landsat_2024_mediana_28042025,GoogleEarth,false,0,,,,,entre_1_y_5_km,2334.94,2,0,2,LAM3607,AREA DE DESARROLLO LAS GARZAS|AREA DE PERFORACION EXPLORATORIA LAS GARZAS,NEW GRANADA ENERGY CORPORATION SUCURSAL COLOMBIA,poligono,entre_1_y_5_km,4734.99,1,0094,LAS GARZAS,LAS GARZAS B,NEW GRANADA ENERGY CORPORATION,PRODUCCION,CONTRATO DE EXPLORACION Y PRODUCCION (E&P)
1d0eb22cea19a07e9458e2a8,2026-10-05T13:24-05:00,2026-10-05T18:24:00Z,2026-10-05,3.88625,-75.28054,VIIRS-NOAA-21,NOAA-21,VIIRS,69.4,34.7,7.8,Nominal,D,0.38,0.36,true,true,Puntos_de_calor_Colombia_2026-10-05.csv,2026-10-06T06:27:43Z,73,Tolima,73504,Ortega,asignado,cache_geometrico,false,0,,,,asignado,231,2.3.1. Pastos limpios,2,23,231,,,,SI,Landsat_2024_mediana_28042025,,false,0,,,,,dentro,0.00,8,0,8,LAM2344|LAM0140|LAM0081|LAM0304|LAM3929,"ESTABLECIENTO DEL PLAN DE MANEJO AMBIENTAL PARA EL CAMPO TOLDADO|POZO DE DESARROLLO QUIMBAYA 3 Y 4|PLAN DE MANEJO AMBIENTAL DEL SISTEMA DE TRANSPORTE DE HIDROCARBUROS TOLDADO-GUALANDAY|Sistema de Transporte de Hidrocarburos ""Toldado - Gualanday""|LÍNEA DE INTERCONEXIÓN ELÉCTRICA BETANIA-MIROLINDO|ESTABLECIENTO DEL PLAN DE MANEJO AMBIENTAL PARA EL CAMPO TOY|AREA DE PERFORACION EXPLORATORIA DOIMA-ORTEGA",ECOPETROL S.A.|HOCOL S.A.|CENIT S.A.S|INTERCONEXION ELECTRICA S.A. E.S.P. ISA,poligono|linea,dentro,0.00,3,0159|0042|0160,TOLDADO|DOIMA|TOY,TOLDADO|NO APLICA|TOY,HOCOL S.A.|ECOPETROL S.A.,PRODUCCION,CONVENIO DE EXPLOTACION|CONTRATO DE ASOCIACION CON ECOPETROL
1e76d89fe1a5bac6a8673e48,2026-10-05T13:24-05:00,2026-10-05T18:24:00Z,2026-10-05,4.79356,-69.93872,VIIRS-NOAA-21,NOAA-21,VIIRS,59.4,24.3,3.6,Nominal,D,0.42,0.45,true,true,Puntos_de_calor_Colombia_2026-10-05.csv,2026-10-06T06:27:43Z,99,Vichada,99773,Cumaribo,asignado,cache_geometrico,false,0,,,,asignado,321111,3.2.1.1.1.1.  Herbazal denso de tierra firme no arbolado,3,32,321,3211,32111,321111,SI,Landsat_2024_mediana_28042025,GoogleEarth,false,0,,,,,mas_de_5_km,,0,0,0,,,,,mas_de_5_km,,0,,,,,,
241251ed9b8950f9d51e7dcf,2026-10-05T13:24-05:00,2026-10-05T18:24:00Z,2026-10-05,4.22273,-70.22308,VIIRS-NOAA-21,NOAA-21,VIIRS,58,24.2,2.4,Nominal,D,0.4,0.44,true,true,Puntos_de_calor_Colombia_2026-10-05.csv,2026-10-06T06:27:43Z,99,Vichada,99773,Cumaribo,asignado,cache_geometrico,false,0,,,,asignado,321111,3.2.1.1.1.1.  Herbazal denso de tierra firme no arbolado,3,32,321,3211,32111,321111,SI,"Landsat_2024_mediana_28042025, L9_657_20240412","GoogleEarth, BingMaps, Planet Medres Normalized Analytic 2024-01 Mosaic",false,0,,,,,mas_de_5_km,,0,0,0,,,,,mas_de_5_km,,0,,,,,,
2634303c93bf24d21cbf63a9,2026-10-05T13:24-05:00,2026-10-05T18:24:00Z,2026-10-05,4.5203,-72.14209,VIIRS-NOAA-21,NOAA-21,VIIRS,68.5,24,8.3,Nominal,D,0.47,0.4,true,true,Puntos_de_calor_Colombia_2026-10-05.csv,2026-10-06T06:27:43Z,85,Casanare,85139,Maní,asignado,cache_geometrico,false,0,,,,asignado,321121,3.2.1.1.2.1. Herbazal denso inundable no arbolado,3,32,321,3211,32112,321121,SI,Landsat_2024_mediana_28042025,"Basemap, GoogleEarth",false,0,,,,,dentro,0.00,3,0,3,LAM5075|LAV0097-00-2014|LAM5016,BLOQUE DE PERFORACION EXPLORATORIA PUNTERO|AREA DE DESARROLLO PUNTERO|AREA DE PERFORACION EXPLORATORIA SAN ANTONIO,CEPSA COLOMBIA S.A. - CEPCOLSA|CEPSA COLOMBIA S.A.|THORNELOE ENERGY SUCURSAL COLOMBIA,poligono,mas_de_5_km,,0,,,,,,
27366387d9b5073dfb5adcdd,2026-10-05T13:24-05:00,2026-10-05T18:24:00Z,2026-10-05,4.52022,-69.65178,VIIRS-NOAA-21,NOAA-21,VIIRS,59,22.3,5.2,Nominal,D,0.44,0.46,true,true,Puntos_de_calor_Colombia_2026-10-05.csv,2026-10-06T06:27:43Z,99,Vichada,99773,Cumaribo,asignado,cache_geometrico,false,0,,,,asignado,321111,3.2.1.1.1.1.  Herbazal denso de tierra firme no arbolado,3,32,321,3211,32111,321111,SI,Landsat_2024_mediana_28042025,"GoogleEarth, BingMaps",false,0,,,,,mas_de_5_km,,0,0,0,,,,,mas_de_5_km,,0,,,,,,
289c36545f92243a61d30028,2026-10-05T13:24-05:00,2026-10-05T18:24:00Z,2026-10-05,5.5038,-69.63342,VIIRS-NOAA-21,NOAA-21,VIIRS,28.4,28.5,61.3,Baja,D,0.45,0.47,true,true,Puntos_de_calor_Colombia_2026-10-05.csv,2026-10-06T06:27:43Z,99,Vichada,99524,La Primavera,asignado,cache_geometrico,false,0,,,,asignado,321111,3.2.1.1.1.1.  Herbazal denso de tierra firme no arbolado,3,32,321,3211,32111,321111,SI,Landsat_2024_mediana_28042025,GoogleEarth,false,0,,,,,mas_de_5_km,,0,0,0,,,,,mas_de_5_km,,0,,,,,,
290a4c9ed02af97a454fa2c0,2026-10-05T13:24-05:00,2026-10-05T18:24:00Z,2026-10-05,2.73775,-73.49061,VIIRS-NOAA-21,NOAA-21,VIIRS,58.3,25.6,2.3,Nominal,D,0.4,0.37,true,true,Puntos_de_calor_Colombia_2026-10-05.csv,2026-10-06T06:27:43Z,50,Meta,50711,Vistahermosa,asignado,cache_geometrico,true,1,129,Sierra de la Macarena,Parque Nacional Natural,asignado,3131,3.1.3.1. Bosque fragmentado con pastos y cultivos,3,31,313,3131,,,SI,L8_758_20240106,,false,0,,,,,mas_de_5_km,,0,0,0,,,,,mas_de_5_km,,0,,,,,,
296a046793aede028bfda6f0,2026-10-05T13:24-05:00,2026-10-05T18:24:00Z,2026-10-05,7.39622,-74.44761,VIIRS-NOAA-21,NOAA-21,VIIRS,62,26.1,11.3,Nominal,D,0.4,0.37,true,true,Puntos_de_calor_Colombia_2026-10-05.csv,2026-10-06T06:27:43Z,13,Bolívar,13688,Santa Rosa Del Sur,asignado,cache_geometrico,false,0,,,,asignado,31111,3.1.1.1.1. Bosque denso alto de tierra firme,3,31,311,3111,31111,,SI,Landsat_2024_mediana_28042025,"Sentinel_2024_mediana_11042025, GoogleEarth, Basemap",false,0,,,,,mas_de_5_km,,0,0,0,,,,,mas_de_5_km,,0,,,,,,
2b8cb9716761c4c66f933bb4,2026-10-05T13:24-05:00,2026-10-05T18:24:00Z,2026-10-05,4.08785,-72.20485,VIIRS-NOAA-21,NOAA-21,VIIRS,71.8,26.6,10,Nominal,D,0.46,0.39,true,true,Puntos_de_calor_Colombia_2026-10-05.csv,2026-10-06T06:27:43Z,50,Meta,50573,Puerto López,asignado,cache_geometrico,false,0,,,,asignado,244,2.4.4. Mosaico de pastos con espacios naturales,2,24,244,,,,SI,Landsat_2024_mediana_28042025,Sentinel_2024_mediana_11042025,false,0,,,,,dentro,0.00,2,0,2,LAV0060-00-2023|LAM5131,ÁREA DE DESARROLLO GOLONDRINA|PERFORACION EXPLORATORIA BLOQUE CPO-6,GEOPARK COLOMBIA S.A.S.|TECPETROL COLOMBIA S.A.S.,poligono,dentro,0.00,2,0707|0709,LLA 104|LLA 86,NO APLICA,GEOPARK COLOMBIA S.A.S.,EXPLORACION,CONTRATO DE EXPLORACION Y PRODUCCION (E&P)
2c85a617b2e1d0498544f0fc,2026-10-05T13:24-05:00,2026-10-05T18:24:00Z,2026-10-05,7.19269,-73.94759,VIIRS-NOAA-21,NOAA-21,VIIRS,65,26.8,19.8,Nominal,D,0.42,0.37,true,true,Puntos_de_calor_Colombia_2026-10-05.csv,2026-10-06T06:27:43Z,05,Antioquia,05893,Yondó,asignado,cache_geometrico,false,0,,,,asignado,242,2.4.2. Mosaico de pastos y cultivos,2,24,242,,,,SI,Landsat_2024_mediana_28042025,"Sentinel_2024_mediana_11042025, GoogleEarth",false,0,,,,,hasta_1_km,314.30,4,0,4,LAM3090|LAV0008-12,LICENCIA AMBIENTAL GLOBAL CAMPO DE DESARROLLO LA ROMPIDA|AREA DE INTERES SANTA ROSA|ÁREA DE PERFORACIÓN EXPLORATORIA (APE) VMM-37|AREA DE INTERES I,VETRA EXPLORACIÓN Y PRODUCCIÓN COLOMBIA S.A.S. – VETRA EyP S.A.S.|PATRIOT ENERGY SUCURSAL COLOMBIA,poligono,dentro,0.00,3,0235|0143|0251,MAGDALENA MEDIO|LA ROMPIDA|VMM 37,MAGDALENA MEDIO|LA ROMPIDA|NO APLICA,ECOPETROL S.A.|EXXON MOBIL EXPLORATION COLOMBIA LIMITED,PRODUCCION|EXPLORACION,CONVENIO DE EXPLOTACION|CONTRATO DE EXPLORACION Y PRODUCCION (E&P)
2d90cde0777e79d376a92c67,2026-10-05T13:24-05:00,2026-10-05T18:24:00Z,2026-10-05,4.01838,-70.77452,VIIRS-NOAA-21,NOAA-21,VIIRS,60.3,20,2.9,Nominal,D,0.55,0.43,true,true,Puntos_de_calor_Colombia_2026-10-05.csv,2026-10-06T06:27:43Z,99,Vichada,99773,Cumaribo,asignado,cache_geometrico,false,0,,,,asignado,321111,3.2.1.1.1.1.  Herbazal denso de tierra firme no arbolado,3,32,321,3211,32111,321111,SI,"Landsat_2024_mediana_28042025, L9_657_20240412, L9_557_20240225","GoogleEarth, BingMaps, Planet Medres Normalized Analytic 2024-01 Mosaic",false,0,,,,,mas_de_5_km,,0,0,0,,,,,mas_de_5_km,,0,,,,,,
2e1b5b833c9fd61a996862f3,2026-10-05T13:24-05:00,2026-10-05T18:24:00Z,2026-10-05,2.74007,-75.66332,VIIRS-NOAA-21,NOAA-21,VIIRS,59.4,26.2,4.3,Nominal,D,0.39,0.36,true,true,Puntos_de_calor_Colombia_2026-10-05.csv,2026-10-06T06:27:43Z,41,Huila,41357,Íquira,asignado,cache_geometrico,false,0,,,,asignado,2222,2.2.2.2. Café,2,22,222,2222,,,SI,Landsat_2024_mediana_28042025,GoogleEarth,true,1,BLOQUE 691,,,ZONAS RESERVADAS CON POTENCIAL - BLOQUE 691,entre_1_y_5_km,3646.02,2,0,2,LAM0523|LAM2245,BLOQUE EXPLORATORIO BAMBUCO|BLOQUE SAN JACINTO,LL & E COLOMBIA INC|HOCOL S.A.,poligono,mas_de_5_km,,0,,,,,,
2e9295629efd48e605d8e15c,2026-10-05T13:24-05:00,2026-10-05T18:24:00Z,2026-10-05,8.2409,-74.48811,VIIRS-NOAA-21,NOAA-21,VIIRS,59.7,21.4,2.4,Nominal,D,0.41,0.37,true,true,Puntos_de_calor_Colombia_2026-10-05.csv,2026-10-06T06:27:43Z,13,Bolívar,13458,Montecristo,asignado,cache_geometrico,false,0,,,,asignado,231,2.3.1. Pastos limpios,2,23,231,,,,SI,Landsat_2024_mediana_28042025,GoogleEarth,false,0,,,,,mas_de_5_km,,0,0,0,,,,,mas_de_5_km,,0,,,,,,
3040559fd7e0d3455f354663,2026-10-05T13:24-05:00,2026-10-05T18:24:00Z,2026-10-05,5.78737,-68.96986,VIIRS-NOAA-21,NOAA-21,VIIRS,71.5,24,19.8,Nominal,D,0.51,0.49,true,true,Puntos_de_calor_Colombia_2026-10-05.csv,2026-10-06T06:27:43Z,99,Vichada,99524,La Primavera,asignado,cache_geometrico,false,0,,,,asignado,321111,3.2.1.1.1.1.  Herbazal denso de tierra firme no arbolado,3,32,321,3211,32111,321111,SI,Landsat_2024_mediana_28042025,GoogleEarth,false,0,,,,,mas_de_5_km,,0,0,0,,,,,mas_de_5_km,,0,,,,,,
30e75ce70054dc1db819beeb,2026-10-05T13:24-05:00,2026-10-05T18:24:00Z,2026-10-05,4.3924,-69.69695,VIIRS-NOAA-21,NOAA-21,VIIRS,64.7,21.7,4.9,Nominal,D,0.43,0.46,true,true,Puntos_de_calor_Colombia_2026-10-05.csv,2026-10-06T06:27:43Z,99,Vichada,99773,Cumaribo,asignado,cache_geometrico,false,0,,,,asignado,3132,3.1.3.2. Bosque fragmentado con vegetación secundaria,3,31,313,3132,,,SI,L9_557_20240225,Mosaico Sentinel-2_L2A_False_color 2024-01-27-00_00_2024-01-27-23_59,false,0,,,,,mas_de_5_km,,0,0,0,,,,,mas_de_5_km,,0,,,,,,
31cb619414bdc3ae914454d6,2026-10-05T13:24-05:00,2026-10-05T18:24:00Z,2026-10-05,3.76461,-72.57835,VIIRS-NOAA-21,NOAA-21,VIIRS,57.3,24.2,3.6,Nominal,D,0.44,0.38,true,true,Puntos_de_calor_Colombia_2026-10-05.csv,2026-10-06T06:27:43Z,50,Meta,50573,Puerto López,asignado,cache_geometrico,false,0,,,,asignado,31112,3.1.1.1.2. Bosque denso alto inundable,3,31,311,3111,31112,,SI,Landsat_2024_mediana_28042025,Sentinel_2024_mediana_11042025,false,0,,,,,dentro,0.00,4,0,4,LAM5114|LAM5669|LAV0059-13|LAV0049-13,ÁREA DE PERFORACIÓN EXPLORATORIA GUACHARACA|AREA DE PERFORACIÓN EXPLORATORIA LLANOS-58|AREA DE PERFORACIÓN EXPLORATORIA PADRE|AREA PERFORACION EXPLORATORIA  MUÑECA,HUPECOL OPERATING CO LLC|ECOPETROL S.A.,poligono,mas_de_5_km,,0,,,,,,
3281e24e23af9d167ec7b812,2026-10-05T13:24-05:00,2026-10-05T18:24:00Z,2026-10-05,3.92541,-75.20659,VIIRS-NOAA-21,NOAA-21,VIIRS,57.4,29.4,1.4,Baja,D,0.38,0.36,true,true,Puntos_de_calor_Colombia_2026-10-05.csv,2026-10-06T06:27:43Z,73,Tolima,73504,Ortega,asignado,cache_geometrico,false,0,,,,asignado,2121,2.1.2.1. Arroz,2,21,212,2121,,,SI,Landsat_2024_mediana_28042025,,false,0,,,,,dentro,0.00,8,0,8,LAM3929|LAM2344|LAM0140|LAM0081|LAM4163|LAM3387|LAM3717,"AREA DE PERFORACION EXPLORATORIA DOIMA-ORTEGA|ESTABLECIENTO DEL PLAN DE MANEJO AMBIENTAL PARA EL CAMPO ORTEGA Y PACANDE|POZO DE DESARROLLO QUIMBAYA 3 Y 4|PLAN DE MANEJO AMBIENTAL DEL SISTEMA DE TRANSPORTE DE HIDROCARBUROS TOLDADO-GUALANDAY|Sistema de Transporte de Hidrocarburos ""Toldado - Gualanday""|AREA DE PRODUCCION DON PEDRO|PERFORACIÓN POZO DON PEDRO|GASODUCTO ÁREA ORTEGA SALDAÑA",HOCOL S.A.|ECOPETROL S.A.|CENIT S.A.S,poligono|linea|punto,dentro,0.00,2,0042|0147,DOIMA|ORTEGA,NO APLICA|ORTEGA,ECOPETROL S.A.|HOCOL S.A.,PRODUCCION,CONTRATO DE ASOCIACION CON ECOPETROL|CONVENIO DE EXPLOTACION
32fd2ae046db8297ec3c080b,2026-10-05T13:24-05:00,2026-10-05T18:24:00Z,2026-10-05,7.0257,-74.47941,VIIRS-NOAA-21,NOAA-21,VIIRS,58.5,25.3,6.1,Nominal,D,0.4,0.37,true,true,Puntos_de_calor_Colombia_2026-10-05.csv,2026-10-06T06:27:43Z,05,Antioquia,05604,Remedios,asignado,cache_geometrico,false,0,,,,asignado,31111,3.1.1.1.1. Bosque denso alto de tierra firme,3,31,311,3111,31111,,SI,Landsat_2024_mediana_28042025,Sentinel_2024_mediana_11042025,false,0,,,,,mas_de_5_km,,0,0,0,,,,,mas_de_5_km,,0,,,,,,
340c0cbac0baf666d22a299d,2026-10-05T13:24-05:00,2026-10-05T18:24:00Z,2026-10-05,5.67081,-68.73882,VIIRS-NOAA-21,NOAA-21,VIIRS,64.8,20.6,11.3,Nominal,D,0.52,0.5,true,true,Puntos_de_calor_Colombia_2026-10-05.csv,2026-10-06T06:27:43Z,99,Vichada,99001,Puerto Carreño,asignado,cache_geometrico,false,0,,,,asignado,321111,3.2.1.1.1.1.  Herbazal denso de tierra firme no arbolado,3,32,321,3211,32111,321111,SI,Landsat_2024_mediana_28042025,GoogleEarth,false,0,,,,,mas_de_5_km,,0,0,0,,,,,mas_de_5_km,,0,,,,,,
35bf131bc10b505ca72fb10b,2026-10-05T13:24-05:00,2026-10-05T18:24:00Z,2026-10-05,2.4092,-74.17527,VIIRS-NOAA-21,NOAA-21,VIIRS,60.2,26.3,1.8,Nominal,D,0.39,0.36,true,true,Puntos_de_calor_Colombia_2026-10-05.csv,2026-10-06T06:27:43Z,50,Meta,50350,La Macarena,asignado,cache_geometrico,true,1,45,Tinigua,Parque Nacional Natural,asignado,244,2.4.4. Mosaico de pastos con espacios naturales,2,24,244,,,,SI,L8_858_20240410_20240411,,false,0,,,,,mas_de_5_km,,0,0,0,,,,,mas_de_5_km,,0,,,,,,
35db691495aaf09268539578,2026-10-05T13:24-05:00,2026-10-05T18:24:00Z,2026-10-05,4.80535,-70.55872,VIIRS-NOAA-21,NOAA-21,VIIRS,60.2,22.6,4.5,Nominal,D,0.39,0.44,true,true,Puntos_de_calor_Colombia_2026-10-05.csv,2026-10-06T06:27:43Z,99,Vichada,99624,Santa Rosalía,asignado,cache_geometrico,false,0,,,,asignado,231,2.3.1. Pastos limpios,2,23,231,,,,SI,Landsat_2024_mediana_28042025,GoogleEarth,false,0,,,,,mas_de_5_km,,0,0,0,,,,,mas_de_5_km,,0,,,,,,
3bbc1a690ace30b7cd044e68,2026-10-05T13:24-05:00,2026-10-05T18:24:00Z,2026-10-05,5.04127,-70.58029,VIIRS-NOAA-21,NOAA-21,VIIRS,66.8,22.3,6,Nominal,D,0.39,0.44,true,true,Puntos_de_calor_Colombia_2026-10-05.csv,2026-10-06T06:27:43Z,99,Vichada,99624,Santa Rosalía,asignado,cache_geometrico,false,0,,,,asignado,321121,3.2.1.1.2.1. Herbazal denso inundable no arbolado,3,32,321,3211,32112,321121,SI,Landsat_2024_mediana_28042025,GoogleEarth,false,0,,,,,mas_de_5_km,,0,0,0,,,,,dentro,0.00,1,0817,CPE 2-2,NO APLICA,PAREX RESOURCES (COLOMBIA) AG,EXPLORACION,CONTRATO DE EXPLORACION Y PRODUCCION (E&P)
3c07be9dbf144f03fa44defc,2026-10-05T13:24-05:00,2026-10-05T18:24:00Z,2026-10-05,2.26957,-76.86597,VIIRS-NOAA-21,NOAA-21,VIIRS,67.9,35.2,13.9,Baja,D,0.42,0.37,true,true,Puntos_de_calor_Colombia_2026-10-05.csv,2026-10-06T06:27:43Z,19,Cauca,19256,El Tambo,asignado,cache_geometrico,false,0,,,,asignado,244,2.4.4. Mosaico de pastos con espacios naturales,2,24,244,,,,SI,Landsat_2024_mediana_28042025,,false,0,,,,,mas_de_5_km,,0,0,0,,,,,mas_de_5_km,,0,,,,,,
3c988b043052815337db3945,2026-10-05T13:24-05:00,2026-10-05T18:24:00Z,2026-10-05,4.37084,-69.78419,VIIRS-NOAA-21,NOAA-21,VIIRS,59.4,22.4,3,Nominal,D,0.43,0.46,true,true,Puntos_de_calor_Colombia_2026-10-05.csv,2026-10-06T06:27:43Z,99,Vichada,99773,Cumaribo,asignado,cache_geometrico,false,0,,,,asignado,321111,3.2.1.1.1.1.  Herbazal denso de tierra firme no arbolado,3,32,321,3211,32111,321111,SI,L9_557_20240225,Mosaico Sentinel-2_L2A_False_color 2024-01-27-00_00_2024-01-27-23_59,false,0,,,,,mas_de_5_km,,0,0,0,,,,,mas_de_5_km,,0,,,,,,
3d8ae85b0dfaaa8eb61556c6,2026-10-05T13:24-05:00,2026-10-05T18:24:00Z,2026-10-05,7.01205,-74.0805,VIIRS-NOAA-21,NOAA-21,VIIRS,73.3,27,23,Nominal,D,0.41,0.37,true,true,Puntos_de_calor_Colombia_2026-10-05.csv,2026-10-06T06:27:43Z,05,Antioquia,05893,Yondó,asignado,cache_geometrico,false,0,,,,asignado,231,2.3.1. Pastos limpios,2,23,231,,,,SI,Landsat_2024_mediana_28042025,"Sentinel_2024_mediana_11042025, GoogleEarth, Basemap",false,0,,,,,mas_de_5_km,,0,0,0,,,,,mas_de_5_km,,0,,,,,,
3e058374c4af05a213d125ba,2026-10-05T13:24-05:00,2026-10-05T18:24:00Z,2026-10-05,4.80587,-70.55527,VIIRS-NOAA-21,NOAA-21,VIIRS,66.4,23.4,4.5,Nominal,D,0.39,0.44,true,true,Puntos_de_calor_Colombia_2026-10-05.csv,2026-10-06T06:27:43Z,99,Vichada,99624,Santa Rosalía,asignado,cache_geometrico,false,0,,,,asignado,321111,3.2.1.1.1.1.  Herbazal denso de tierra firme no arbolado,3,32,321,3211,32111,321111,SI,Landsat_2024_mediana_28042025,GoogleEarth,false,0,,,,,mas_de_5_km,,0,0,0,,,,,mas_de_5_km,,0,,,,,,
3fb5454c99fb8e4e1faa193a,2026-10-05T13:24-05:00,2026-10-05T18:24:00Z,2026-10-05,7.26794,-73.50951,VIIRS-NOAA-21,NOAA-21,VIIRS,66.5,24.9,4.2,Nominal,D,0.43,0.38,true,true,Puntos_de_calor_Colombia_2026-10-05.csv,2026-10-06T06:27:43Z,68,Santander,68655,Sabana De Torres,asignado,cache_geometrico,false,0,,,,asignado,244,2.4.4. Mosaico de pastos con espacios naturales,2,24,244,,,,SI,Landsat_2024_mediana_28042025,,false,0,,,,,dentro,0.00,11,2,9,LAM0172|LAV0014-00-2022|LAM3439|LAM0197|LAM2004|LAV0055-00-2022,PERFORACION CAMPOS PAYOA Y SALINAS (DEMA) PARA POZOS LS 54 54 YLSB 24 M- EXPLOTACION DEL AREA DEL CONTRATO CARARE - LAS MONAS|LÍNEA DE TRANSMISIÓN LA LOMA – SOGAMOSO A 500 kV|AREA DE INTERES DE PERFORACION EXPLORATORIA PROSPECTO SAN BENEDICTO|GASODUCTO BARRANCABERMEJA PAYOA BUCARAMANGA|Área de Interés de Perforación Exploratoria Guarumo|ÁREA DE PERFORACIÓN EXPLORATORIA VMM-47,PETROSANTANDER (COLOMBIA) INC|INTERCONEXION ELECTRICA S.A. E.S.P.|ISA-INTERCOLOMBIA|PROMIORIENTE S.A. E.S.P.|ECOPETROL S.A.|CNE OIL & GAS S.A.S.,poligono|linea,dentro,0.00,1,0006,CARARE LAS MONAS,NO APLICA,PETROSANTANDER COLOMBIA INC,PRODUCCION,CONTRATO DE ASOCIACION CON ECOPETROL
44fb60494277bfb7c3b4e24f,2026-10-05T13:24-05:00,2026-10-05T18:24:00Z,2026-10-05,4.57938,-69.77975,VIIRS-NOAA-21,NOAA-21,VIIRS,66.2,23.6,4.9,Nominal,D,0.43,0.46,true,true,Puntos_de_calor_Colombia_2026-10-05.csv,2026-10-06T06:27:43Z,99,Vichada,99773,Cumaribo,asignado,cache_geometrico,false,0,,,,asignado,321111,3.2.1.1.1.1.  Herbazal denso de tierra firme no arbolado,3,32,321,3211,32111,321111,SI,Landsat_2024_mediana_28042025,"GoogleEarth, BingMaps",false,0,,,,,mas_de_5_km,,0,0,0,,,,,mas_de_5_km,,0,,,,,,
47bd2917f23d136bc2c37939,2026-10-05T13:24-05:00,2026-10-05T18:24:00Z,2026-10-05,5.04528,-70.58089,VIIRS-NOAA-21,NOAA-21,VIIRS,57.1,22.7,6.5,Nominal,D,0.39,0.44,true,true,Puntos_de_calor_Colombia_2026-10-05.csv,2026-10-06T06:27:43Z,99,Vichada,99624,Santa Rosalía,asignado,cache_geometrico,false,0,,,,asignado,321121,3.2.1.1.2.1. Herbazal denso inundable no arbolado,3,32,321,3211,32112,321121,SI,Landsat_2024_mediana_28042025,GoogleEarth,false,0,,,,,mas_de_5_km,,0,0,0,,,,,dentro,0.00,1,0817,CPE 2-2,NO APLICA,PAREX RESOURCES (COLOMBIA) AG,EXPLORACION,CONTRATO DE EXPLORACION Y PRODUCCION (E&P)
48b97188193ef7e5720d87db,2026-10-05T13:24-05:00,2026-10-05T18:24:00Z,2026-10-05,5.42885,-69.49323,VIIRS-NOAA-21,NOAA-21,VIIRS,73.1,23.5,19.1,Nominal,D,0.46,0.47,true,true,Puntos_de_calor_Colombia_2026-10-05.csv,2026-10-06T06:27:43Z,99,Vichada,99524,La Primavera,asignado,cache_geometrico,false,0,,,,asignado,321121,3.2.1.1.2.1. Herbazal denso inundable no arbolado,3,32,321,3211,32112,321121,SI,Landsat_2024_mediana_28042025,GoogleEarth,false,0,,,,,mas_de_5_km,,0,0,0,,,,,mas_de_5_km,,0,,,,,,
48ee911a4cabb43fc35951dd,2026-10-05T13:24-05:00,2026-10-05T18:24:00Z,2026-10-05,2.87707,-75.23472,VIIRS-NOAA-21,NOAA-21,VIIRS,62.8,36.9,29.4,Baja,D,0.38,0.36,true,true,Puntos_de_calor_Colombia_2026-10-05.csv,2026-10-06T06:27:43Z,41,Huila,41001,Neiva,asignado,cache_geometrico,false,0,,,,asignado,233,2.3.3. Pastos enmalezados,2,23,233,,,,SI,Landsat_2024_mediana_28042025,,false,0,,,,,entre_1_y_5_km,1833.64,7,0,7,LAV0013-00-2026|LAM0999|LAM4416|LAV0081-00-2017,"PROYECTO SOLAR FOTOVOLTAICO DSE NEIVA 19,9 MWN Y SU LÍNEA DE CONEXIÓN A 34,5 KV|AREA DE CONCESION TELLO 1161|PROYECTO CAMPO TELLO LA JAGUA, LOCALIZADO EN JURISDICCIÓN DEL DEPARTAMENTO DEL HUILA.|CONSTRUCCIÓN DE LA SEGUNDA CALZADA EN LOS MUNICIPIOS DE RIVERA, NEIVA Y CAMPOALEGRE, DEPARTAMENTO DEL HUILA",DSE NEIVA S.A.S|HOCOL S.A.|ECOPETROL S.A.|CONCESIONARIA ALIADAS PARA EL PROGRESO S.A.S.,linea|poligono,dentro,0.00,1,0546,VSM 13-2,NO APLICA,PAREX RESOURCES (COLOMBIA) AG,EXPLORACION,CONTRATO DE EXPLORACION Y PRODUCCION (E&P)
4910599b65f87b806fa7dd66,2026-10-05T13:24-05:00,2026-10-05T18:24:00Z,2026-10-05,7.59727,-73.79016,VIIRS-NOAA-21,NOAA-21,VIIRS,62.9,26.1,3.8,Nominal,D,0.43,0.38,true,true,Puntos_de_calor_Colombia_2026-10-05.csv,2026-10-06T06:27:43Z,68,Santander,68575,Puerto Wilches,asignado,cache_geometrico,false,0,,,,asignado,411,4.1.1. Zonas pantanosas,4,41,411,,,,SI,Landsat_2024_mediana_28042025,Sentinel_2024_mediana_11042025,false,0,,,,,hasta_1_km,338.77,2,0,2,LAV0032-13|LAM3846,PERFORACIÓN EXPLORATORIA VMM 28|AREA DE INTERES PARA LA PERFORACION EXPLORATORIA LA PALOMA,SHELL EXPLORATION AND PRODUCTION COLOMBIA|UNION TEMPORAL PETROCARIBE,poligono,dentro,0.00,2,0721|0235,VMM 24|MAGDALENA MEDIO,NO APLICA|MAGDALENA MEDIO,GRAN TIERRA ENERGY COLOMBIA GMBH|ECOPETROL S.A.,EXPLORACION|PRODUCCION,CONTRATO DE EXPLORACION Y PRODUCCION (E&P)|CONVENIO DE EXPLOTACION
4d44a2c9a353258d2a3d4496,2026-10-05T13:24-05:00,2026-10-05T18:24:00Z,2026-10-05,4.1095,-70.64851,VIIRS-NOAA-21,NOAA-21,VIIRS,57,24.3,4,Nominal,D,0.56,0.43,true,true,Puntos_de_calor_Colombia_2026-10-05.csv,2026-10-06T06:27:43Z,99,Vichada,99773,Cumaribo,asignado,cache_geometrico,false,0,,,,asignado,321111,3.2.1.1.1.1.  Herbazal denso de tierra firme no arbolado,3,32,321,3211,32111,321111,SI,"Landsat_2024_mediana_28042025, L9_657_20240412, L9_557_20240225","GoogleEarth, BingMaps, Planet Medres Normalized Analytic 2024-01 Mosaic",false,0,,,,,mas_de_5_km,,0,0,0,,,,,mas_de_5_km,,0,,,,,,
4d52a0ca19f854c8afbbf8d6,2026-10-05T13:24-05:00,2026-10-05T18:24:00Z,2026-10-05,2.22707,-76.86781,VIIRS-NOAA-21,NOAA-21,VIIRS,63,32.1,4.3,Baja,D,0.42,0.37,true,true,Puntos_de_calor_Colombia_2026-10-05.csv,2026-10-06T06:27:43Z,19,Cauca,19392,La Sierra,asignado,cache_geometrico,false,0,,,,asignado,244,2.4.4. Mosaico de pastos con espacios naturales,2,24,244,,,,SI,Landsat_2024_mediana_28042025,,true,1,BLOQUE 587,,,ZONAS RESERVADAS CON POTENCIAL - BLOQUE 587,entre_1_y_5_km,4246.85,1,0,1,LAM1476,CARRETERA TIMBÍO - EL ESTANQUILLO. DPTO DEL CAUCA.,INSTITUTO NACIONAL DE VÍAS - INVIAS,linea,mas_de_5_km,,0,,,,,,
4e16e806d46ec196abd56d2f,2026-10-05T13:24-05:00,2026-10-05T18:24:00Z,2026-10-05,2.70738,-75.34576,VIIRS-NOAA-21,NOAA-21,VIIRS,65.2,35.7,5.7,Baja,D,0.39,0.36,true,true,Puntos_de_calor_Colombia_2026-10-05.csv,2026-10-06T06:27:43Z,41,Huila,41132,Campoalegre,asignado,cache_geometrico,false,0,,,,asignado,2121,2.1.2.1. Arroz,2,21,212,2121,,,SI,Landsat_2024_mediana_28042025,,true,1,BLOQUE 822,,,ZONAS RESERVADAS CON POTENCIAL - BLOQUE 822,entre_1_y_5_km,1496.05,2,0,2,LAV0007-00-2017|LAV0081-00-2017,"CONSTRUCCIÓN DE LA VARIANTE CAMPOALEGRE|CONSTRUCCIÓN DE LA SEGUNDA CALZADA EN LOS MUNICIPIOS DE RIVERA, NEIVA Y CAMPOALEGRE, DEPARTAMENTO DEL HUILA",CONCESIONARIA ALIADAS PARA EL PROGRESO S.A.S|CONCESIONARIA ALIADAS PARA EL PROGRESO S.A.S.,linea|poligono,dentro,0.00,3,0292|0263|0546,UPAR|VSM 15|VSM 13-2,NO APLICA,HOCOL S.A.|FLAMINGO OIL S.A.|PAREX RESOURCES (COLOMBIA) AG,EXPLORACION,CONVENIO DE EXPLORACION Y EXPLOTACION (E&E)|CONTRATO DE EXPLORACION Y PRODUCCION (E&P)
4eadf3e9fc8eb4b9b0dfc8b9,2026-10-05T13:24-05:00,2026-10-05T18:24:00Z,2026-10-05,2.99731,-72.72375,VIIRS-NOAA-21,NOAA-21,VIIRS,68.5,25.8,5.4,Nominal,D,0.43,0.38,true,true,Puntos_de_calor_Colombia_2026-10-05.csv,2026-10-06T06:27:43Z,50,Meta,50325,Mapiripán,asignado,cache_geometrico,false,0,,,,asignado,321111,3.2.1.1.1.1.  Herbazal denso de tierra firme no arbolado,3,32,321,3211,32111,321111,SI,Landsat_2024_mediana_28042025,,false,0,,,,,mas_de_5_km,,0,0,0,,,,,mas_de_5_km,,0,,,,,,
4f2f7c7676248b52a2600867,2026-10-05T13:24-05:00,2026-10-05T18:24:00Z,2026-10-05,4.26873,-70.46991,VIIRS-NOAA-21,NOAA-21,VIIRS,68.8,24.6,7.3,Nominal,D,0.39,0.44,true,true,Puntos_de_calor_Colombia_2026-10-05.csv,2026-10-06T06:27:43Z,99,Vichada,99773,Cumaribo,asignado,cache_geometrico,false,0,,,,asignado,321111,3.2.1.1.1.1.  Herbazal denso de tierra firme no arbolado,3,32,321,3211,32111,321111,SI,Landsat_2024_mediana_28042025,"GoogleEarth, BingMaps",false,0,,,,,mas_de_5_km,,0,0,0,,,,,mas_de_5_km,,0,,,,,,
50d5d084a1fc7f8cd93425c4,2026-10-05T13:24-05:00,2026-10-05T18:24:00Z,2026-10-05,7.8128,-73.82552,VIIRS-NOAA-21,NOAA-21,VIIRS,62.2,27.6,9.3,Nominal,D,0.43,0.38,true,true,Puntos_de_calor_Colombia_2026-10-05.csv,2026-10-06T06:27:43Z,13,Bolívar,13744,Simití,asignado,cache_geometrico,false,0,,,,asignado,244,2.4.4. Mosaico de pastos con espacios naturales,2,24,244,,,,SI,Landsat_2024_mediana_28042025,Sentinel_2024_mediana_11042025,false,0,,,,,entre_1_y_5_km,1896.21,1,0,1,LAM5633,PERFORACIÓN EXPLORATORIA BLOQUE VMM-27,SHELL COLOMBIA,poligono,mas_de_5_km,,0,,,,,,
539944c6e90b49571e1d1a95,2026-10-05T13:24-05:00,2026-10-05T18:24:00Z,2026-10-05,3.50784,-72.79868,VIIRS-NOAA-21,NOAA-21,VIIRS,58.3,26.9,4.7,Nominal,D,0.43,0.38,true,true,Puntos_de_calor_Colombia_2026-10-05.csv,2026-10-06T06:27:43Z,50,Meta,50689,San Martín,asignado,cache_geometrico,false,0,,,,asignado,321111,3.2.1.1.1.1.  Herbazal denso de tierra firme no arbolado,3,32,321,3211,32111,321111,SI,Landsat_2024_mediana_28042025,Basemap,false,0,,,,,dentro,0.00,2,0,2,LAM4278|LAV0046-13,AREA DE PERFORACION EXPLORATORIA CHIGUIRO ESTE|ÁREA DE PERFORACIÓN EXPLORATORIA PRINCESA DEL BLOQUE CPO 11,PETROMINERALES COLOMBIA LTDA|ECOPETROL S.A.,poligono,mas_de_5_km,,0,,,,,,
55ef6a5038e0240bf8d24a0b,2026-10-05T13:24-05:00,2026-10-05T18:24:00Z,2026-10-05,5.70391,-70.34081,VIIRS-NOAA-21,NOAA-21,VIIRS,72.4,20.2,7.9,Nominal,D,0.41,0.45,true,true,Puntos_de_calor_Colombia_2026-10-05.csv,2026-10-06T06:27:43Z,85,Casanare,85250,Paz De Ariporo,asignado,cache_geometrico,false,0,,,,asignado,321121,3.2.1.1.2.1. Herbazal denso inundable no arbolado,3,32,321,3211,32112,321121,SI,Landsat_2024_mediana_28042025,GoogleEarth,false,0,,,,,dentro,0.00,1,0,1,LAM3530,AREA DE INTERES DE PERFORACION EXPLORATORIA PRIMAVERA NORTE,GRAN TIERRA ENERGY COLOMBIA LTD.,poligono,mas_de_5_km,,0,,,,,,
56d9b29d32c3c22491736e2d,2026-10-05T13:24-05:00,2026-10-05T18:24:00Z,2026-10-05,4.47898,-70.40298,VIIRS-NOAA-21,NOAA-21,VIIRS,80.9,25.2,11.8,Nominal,D,0.39,0.44,true,true,Puntos_de_calor_Colombia_2026-10-05.csv,2026-10-06T06:27:43Z,99,Vichada,99773,Cumaribo,asignado,cache_geometrico,false,0,,,,asignado,321111,3.2.1.1.1.1.  Herbazal denso de tierra firme no arbolado,3,32,321,3211,32111,321111,SI,Landsat_2024_mediana_28042025,"GoogleEarth, BingMaps",false,0,,,,,mas_de_5_km,,0,0,0,,,,,mas_de_5_km,,0,,,,,,
56f6780e22b3106013c89e7f,2026-10-05T13:24-05:00,2026-10-05T18:24:00Z,2026-10-05,4.96104,-70.83368,VIIRS-NOAA-21,NOAA-21,VIIRS,60.4,24.1,16.5,Nominal,D,0.56,0.43,true,true,Puntos_de_calor_Colombia_2026-10-05.csv,2026-10-06T06:27:43Z,99,Vichada,99624,Santa Rosalía,asignado,cache_geometrico,false,0,,,,asignado,321111,3.2.1.1.1.1.  Herbazal denso de tierra firme no arbolado,3,32,321,3211,32111,321111,SI,Landsat_2024_mediana_28042025,GoogleEarth,false,0,,,,,entre_1_y_5_km,2958.05,3,0,3,LAM3607|LAM4977,AREA DE DESARROLLO LAS GARZAS|AREA DE PERFORACION EXPLORATORIA LAS GARZAS|AREA DE PERFORACION EXPLORATORIA CLARINERO,NEW GRANADA ENERGY CORPORATION SUCURSAL COLOMBIA|HOCOL S.A.,poligono,entre_1_y_5_km,4312.69,1,0817,CPE 2-2,NO APLICA,PAREX RESOURCES (COLOMBIA) AG,EXPLORACION,CONTRATO DE EXPLORACION Y PRODUCCION (E&P)
578e4064cc07ddc6468cbe6c,2026-10-05T13:24-05:00,2026-10-05T18:24:00Z,2026-10-05,3.89569,-72.66933,VIIRS-NOAA-21,NOAA-21,VIIRS,60.6,25.8,4.3,Nominal,D,0.44,0.38,true,true,Puntos_de_calor_Colombia_2026-10-05.csv,2026-10-06T06:27:43Z,50,Meta,50573,Puerto López,asignado,cache_geometrico,false,0,,,,asignado,231,2.3.1. Pastos limpios,2,23,231,,,,SI,Landsat_2024_mediana_28042025,,false,0,,,,,dentro,0.00,10,0,10,LAM3376|LAM1820|LAM1093|LAV0043-13|LAV0048-13|LAM5669,"BLOQUE DE PERFORACION EXPLORATORIA MENEGUA|AREA DE INTERES DE PERFORACION EXPLORATORIA DENOMINADO TAMANACO|MODIFICACION AREA DE INTERES DE PERFORACION EXPLORATORIA DENOMINADO TAMANACO|EXPLOTACION DEL CAMPO VALDIVIA-ALMAGRO ""AREA DE INTERES""|CONSTRUCCIÓN DE FACILIDADES DE PRODUCCIÓN CAMPO VALMAGRO.|BLOQUE DE PERFORACIÓN EXPLORATORIA TAMANACO.|AREA DE PERFORACION RETOÑO|AREA DE PERFORACIÓN EXPLORATORIA NECTAR, DEL BLOQUE CPO11|AREA DE PERFORACIÓN EXPLORATORIA LLANOS-58",VETRA EXPLORACIÓN Y PRODUCCIÓN COLOMBIA S.A.S. – VETRA EyP S.A.S.|PETROTESTING COLOMBIA S.A.|ECOPETROL S.A.|HUPECOL OPERATING CO LLC,poligono|punto,dentro,0.00,4,0277|0161|0920,LLA 58|VALDIVIA-ALMAGRO|CPO 11-2,FRANKMAVE|VALDIVIA-ALMAGRO|NO APLICA|LLA 58-4,ANDES OPERATING COMPANY LLC|IBEROAMERICANA DE HIDROCARBUROS ENERGY COLOMBIA S.A.S.|PAREX RESOURCES (COLOMBIA) AG,PRODUCCION|EXPLORACION,CONTRATO DE EXPLORACION Y PRODUCCION (E&P)|CONVENIO DE EXPLOTACION
5897a98dc40182d2b3f79cf7,2026-10-05T13:24-05:00,2026-10-05T18:24:00Z,2026-10-05,5.81012,-69.01784,VIIRS-NOAA-21,NOAA-21,VIIRS,71.8,24.3,32,Nominal,D,0.5,0.49,true,true,Puntos_de_calor_Colombia_2026-10-05.csv,2026-10-06T06:27:43Z,99,Vichada,99524,La Primavera,asignado,cache_geometrico,false,0,,,,asignado,321111,3.2.1.1.1.1.  Herbazal denso de tierra firme no arbolado,3,32,321,3211,32111,321111,SI,Landsat_2024_mediana_28042025,GoogleEarth,false,0,,,,,mas_de_5_km,,0,0,0,,,,,mas_de_5_km,,0,,,,,,
5a5625c73963970493173414,2026-10-05T13:24-05:00,2026-10-05T18:24:00Z,2026-10-05,8.80105,-73.61633,VIIRS-NOAA-21,NOAA-21,VIIRS,61.6,26.5,4.5,Nominal,D,0.44,0.39,true,true,Puntos_de_calor_Colombia_2026-10-05.csv,2026-10-06T06:27:43Z,20,Cesar,20550,Pelaya,asignado,cache_geometrico,false,0,,,,asignado,244,2.4.4. Mosaico de pastos con espacios naturales,2,24,244,,,,SI,Landsat_2024_mediana_28042025,GoogleEarth,true,1,LFL-08551,(5132271) JULIO CESAR OÑATE MARTINEZ,Explotación,"ARENAS, GRAVAS",entre_1_y_5_km,4475.24,1,0,1,LAM2941,"LÍNEA DE TRANSMISIÓN A 500 KV, CIRCUITO SENCILLO BOLIVAR – COPY – OCAÑA – PRIMAVERA Y ASOCIADAS",INTERCONEXION ELECTRICA S.A. E.S.P.,linea,mas_de_5_km,,0,,,,,,
5a74f13fa51bdfec18a66492,2026-10-05T13:24-05:00,2026-10-05T18:24:00Z,2026-10-05,4.95785,-70.82808,VIIRS-NOAA-21,NOAA-21,VIIRS,62,25,11.2,Nominal,D,0.56,0.43,true,true,Puntos_de_calor_Colombia_2026-10-05.csv,2026-10-06T06:27:43Z,99,Vichada,99624,Santa Rosalía,asignado,cache_geometrico,false,0,,,,asignado,321111,3.2.1.1.1.1.  Herbazal denso de tierra firme no arbolado,3,32,321,3211,32111,321111,SI,Landsat_2024_mediana_28042025,GoogleEarth,false,0,,,,,entre_1_y_5_km,3182.15,3,0,3,LAM3607|LAM4977,AREA DE DESARROLLO LAS GARZAS|AREA DE PERFORACION EXPLORATORIA LAS GARZAS|AREA DE PERFORACION EXPLORATORIA CLARINERO,NEW GRANADA ENERGY CORPORATION SUCURSAL COLOMBIA|HOCOL S.A.,poligono,entre_1_y_5_km,4665.52,1,0817,CPE 2-2,NO APLICA,PAREX RESOURCES (COLOMBIA) AG,EXPLORACION,CONTRATO DE EXPLORACION Y PRODUCCION (E&P)
5bf02793e242bfc39e0f49e6,2026-10-05T13:24-05:00,2026-10-05T18:24:00Z,2026-10-05,4.58482,-70.63177,VIIRS-NOAA-21,NOAA-21,VIIRS,72.5,23.4,9.3,Nominal,D,0.57,0.43,true,true,Puntos_de_calor_Colombia_2026-10-05.csv,2026-10-06T06:27:43Z,99,Vichada,99773,Cumaribo,asignado,cache_geometrico,false,0,,,,asignado,321111,3.2.1.1.1.1.  Herbazal denso de tierra firme no arbolado,3,32,321,3211,32111,321111,SI,Landsat_2024_mediana_28042025,"GoogleEarth, BingMaps",false,0,,,,,dentro,0.00,2,0,2,LAM5613|LAM3970,AREA DE PERFORACION EXPLORATORIA SALTARIN SUR|AREA DE PERFORACION EXPLORATORIA SALTARIN,HOCOL S.A|HOCOL S.A.,poligono,mas_de_5_km,,0,,,,,,
5f2c781b170e4fd18be07890,2026-10-05T13:24-05:00,2026-10-05T18:24:00Z,2026-10-05,2.14252,-76.77715,VIIRS-NOAA-21,NOAA-21,VIIRS,65.7,28,7.3,Nominal,D,0.41,0.37,true,true,Puntos_de_calor_Colombia_2026-10-05.csv,2026-10-06T06:27:43Z,19,Cauca,19397,La Vega,asignado,cache_geometrico,false,0,,,,asignado,231,2.3.1. Pastos limpios,2,23,231,,,,SI,Landsat_2024_mediana_28042025,,false,0,,,,,mas_de_5_km,,0,0,0,,,,,mas_de_5_km,,0,,,,,,
5fa84ac5a961e86d19e13db4,2026-10-05T13:24-05:00,2026-10-05T18:24:00Z,2026-10-05,5.48894,-70.84484,VIIRS-NOAA-21,NOAA-21,VIIRS,57.2,22.2,3.4,Nominal,D,0.57,0.43,true,true,Puntos_de_calor_Colombia_2026-10-05.csv,2026-10-06T06:27:43Z,85,Casanare,85250,Paz De Ariporo,asignado,cache_geometrico,false,0,,,,asignado,321121,3.2.1.1.2.1. Herbazal denso inundable no arbolado,3,32,321,3211,32112,321121,SI,Landsat_2024_mediana_28042025,GoogleEarth,false,0,,,,,hasta_1_km,724.06,3,0,3,LAV0014-13|LAV0006-00-2025|LAM5838,ÁREA DE PERFORACIÓN EXPLORATORIA MERECURE|ÁREA DE DESARROLLO LLANOS 111|AUTO 485 EIA APE LLA-62,CEPSA COLOMBIA S.A. - CEPCOLSA|PAREX RESOURCES (COLOMBIA) AG SUCURSAL|GEOPARK,poligono,dentro,0.00,2,0817|0859,CPE 2-2|LLA 111,NO APLICA,PAREX RESOURCES (COLOMBIA) AG,EXPLORACION,CONTRATO DE EXPLORACION Y PRODUCCION (E&P)
5fd1e2d66423b03fe3e9a1cc,2026-10-05T13:24-05:00,2026-10-05T18:24:00Z,2026-10-05,4.04288,-75.2603,VIIRS-NOAA-21,NOAA-21,VIIRS,66.7,31.1,4.2,Nominal,D,0.38,0.36,true,true,Puntos_de_calor_Colombia_2026-10-05.csv,2026-10-06T06:27:43Z,73,Tolima,73504,Ortega,asignado,cache_geometrico,false,0,,,,asignado,244,2.4.4. Mosaico de pastos con espacios naturales,2,24,244,,,,SI,Landsat_2024_mediana_28042025,,true,1,BLOQUE 650,,,ZONAS RESERVADAS CON POTENCIAL - BLOQUE 650,hasta_1_km,528.57,3,0,3,LAM0304|LAM2082|LAM3929,LÍNEA DE INTERCONEXIÓN ELÉCTRICA BETANIA-MIROLINDO|AREA DE INTERES DE PERFORACION EXPLORATORIA CALAMAR|AREA DE PERFORACION EXPLORATORIA DOIMA-ORTEGA,INTERCONEXION ELECTRICA S.A. E.S.P. ISA|ECOPETROL S.A.|HOCOL S.A.,linea|poligono,dentro,0.00,2,0554|0042,VSM 4|DOIMA,NO APLICA,MAUREL AND PROM COLOMBIA B.V.|ECOPETROL S.A.,EXPLORACION|PRODUCCION,CONTRATO DE EXPLORACION Y PRODUCCION (E&P)|CONTRATO DE ASOCIACION CON ECOPETROL
60ff6e3d0e2c73eb59001e9f,2026-10-05T13:24-05:00,2026-10-05T18:24:00Z,2026-10-05,5.79445,-74.73691,VIIRS-NOAA-21,NOAA-21,VIIRS,60.6,29,2.1,Nominal,D,0.39,0.36,true,true,Puntos_de_calor_Colombia_2026-10-05.csv,2026-10-06T06:27:43Z,05,Antioquia,05756,Sonsón,asignado,cache_geometrico,false,0,,,,asignado,231,2.3.1. Pastos limpios,2,23,231,,,,SI,Landsat_2024_mediana_28042025,,false,0,,,,,dentro,0.00,5,0,5,LAM2121|LAM1252|LAM0022,ÁREA DE INTERES DE PERFORACIÓN EXPLORATORIA  AIPE PAOLA|BLOQUE COLIBRI (ANTES BLOQUE LA MIEL)|AREA DE INTERES GORRION|LÍNEA SUBESTACIÓN COMUNEROS – CAMPO 22 A 230 KV Y OBRAS ASOCIADAS|OLEODUCTO DEL VALLE DEL MAGDALENA TENAY VASCONIA COVEÑAS,CONEQUIPOS ING. LTDA|ALPHA CONSULTORES LTDA.|INTERCONEXION ELECTRICA S.A. E.S.P. ISA|HOCOL S.A.,poligono|linea,dentro,0.00,1,0210,VMM 12,WOLF,INGENIERIA CONSTRUCCIONES Y EQUIPOS CONEQUIPOS ING S.A.S.,EVALUACION,CONTRATO DE EXPLORACION Y PRODUCCION (E&P)
612259fbf910748ac568f3eb,2026-10-05T13:24-05:00,2026-10-05T18:24:00Z,2026-10-05,7.50353,-74.82742,VIIRS-NOAA-21,NOAA-21,VIIRS,58.9,24.2,3.8,Nominal,D,0.4,0.37,true,true,Puntos_de_calor_Colombia_2026-10-05.csv,2026-10-06T06:27:43Z,05,Antioquia,05895,Zaragoza,asignado,cache_geometrico,false,0,,,,asignado,244,2.4.4. Mosaico de pastos con espacios naturales,2,24,244,,,,SI,Landsat_2024_mediana_28042025,GoogleEarth,false,0,,,,,entre_1_y_5_km,3246.42,4,0,4,LAV0109-00-2015,AUTOPISTA CONEXIÓN NORTE UNIDAD FUNCIONAL 1,AUTOPISTAS DEL NORDESTE S.A.S|AUTOPISTAS DEL NORDESTE S.A.S.,poligono|linea,mas_de_5_km,,0,,,,,,
650b69dbab2e558cec24a7a9,2026-10-05T13:24-05:00,2026-10-05T18:24:00Z,2026-10-05,5.42943,-69.48909,VIIRS-NOAA-21,NOAA-21,VIIRS,68.6,23.3,16.2,Nominal,D,0.46,0.47,true,true,Puntos_de_calor_Colombia_2026-10-05.csv,2026-10-06T06:27:43Z,99,Vichada,99524,La Primavera,asignado,cache_geometrico,false,0,,,,asignado,321121,3.2.1.1.2.1. Herbazal denso inundable no arbolado,3,32,321,3211,32112,321121,SI,Landsat_2024_mediana_28042025,GoogleEarth,false,0,,,,,mas_de_5_km,,0,0,0,,,,,mas_de_5_km,,0,,,,,,
65b4fbbd0d2f99417d9aafc6,2026-10-05T13:24-05:00,2026-10-05T18:24:00Z,2026-10-05,2.65123,-75.39978,VIIRS-NOAA-21,NOAA-21,VIIRS,69,33.3,5.3,Nominal,D,0.39,0.36,true,true,Puntos_de_calor_Colombia_2026-10-05.csv,2026-10-06T06:27:43Z,41,Huila,41132,Campoalegre,asignado,cache_geometrico,false,0,,,,asignado,2121,2.1.2.1. Arroz,2,21,212,2121,,,SI,Landsat_2024_mediana_28042025,,false,0,,,,,entre_1_y_5_km,2148.32,1,0,1,LAM2142,CENTRAL HIDROELÉCTRICA DE BETANIA,EMGESA S.A E.S.P.,poligono,dentro,0.00,2,0263|0292,VSM 15|UPAR,NO APLICA,FLAMINGO OIL S.A.|HOCOL S.A.,EXPLORACION,CONTRATO DE EXPLORACION Y PRODUCCION (E&P)|CONVENIO DE EXPLORACION Y EXPLOTACION (E&E)
661a3ec8bf4e3b5986121de7,2026-10-05T13:24-05:00,2026-10-05T18:24:00Z,2026-10-05,5.03396,-70.39477,VIIRS-NOAA-21,NOAA-21,VIIRS,66.1,20.9,8.6,Nominal,D,0.4,0.44,true,true,Puntos_de_calor_Colombia_2026-10-05.csv,2026-10-06T06:27:43Z,99,Vichada,99624,Santa Rosalía,asignado,cache_geometrico,false,0,,,,asignado,321111,3.2.1.1.1.1.  Herbazal denso de tierra firme no arbolado,3,32,321,3211,32111,321111,SI,Landsat_2024_mediana_28042025,GoogleEarth,false,0,,,,,mas_de_5_km,,0,0,0,,,,,mas_de_5_km,,0,,,,,,
6638a6d395a30062cfa1ab2e,2026-10-05T13:24-05:00,2026-10-05T18:24:00Z,2026-10-05,7.34794,-74.43641,VIIRS-NOAA-21,NOAA-21,VIIRS,59.2,27.8,3.5,Nominal,D,0.4,0.37,true,true,Puntos_de_calor_Colombia_2026-10-05.csv,2026-10-06T06:27:43Z,05,Antioquia,05736,Segovia,asignado,cache_geometrico,false,0,,,,asignado,244,2.4.4. Mosaico de pastos con espacios naturales,2,24,244,,,,SI,Landsat_2024_mediana_28042025,,false,0,,,,,mas_de_5_km,,0,0,0,,,,,mas_de_5_km,,0,,,,,,
66df4c79babeb60096bb43bf,2026-10-05T13:24-05:00,2026-10-05T18:24:00Z,2026-10-05,3.65754,-72.20264,VIIRS-NOAA-21,NOAA-21,VIIRS,63.9,25.2,7.6,Nominal,D,0.46,0.39,true,true,Puntos_de_calor_Colombia_2026-10-05.csv,2026-10-06T06:27:43Z,50,Meta,50568,Puerto Gaitán,asignado,cache_geometrico,false,0,,,,asignado,321121,3.2.1.1.2.1. Herbazal denso inundable no arbolado,3,32,321,3211,32112,321121,SI,Landsat_2024_mediana_28042025,Basemap,false,0,,,,,dentro,0.00,2,0,2,LAM5475|LAM5089,ÁREA DE PERFORACIÓN EXPLORATORIA BLOQUE CPO-12|AREA DE PERFORACION EXPLORATORIA BLOQUE CENTRAL,META  PETROLEUM CORP|ECOPETROL S.A.,poligono,mas_de_5_km,,0,,,,,,
69360f00cb860426be010a2c,2026-10-05T13:24-05:00,2026-10-05T18:24:00Z,2026-10-05,3.75979,-72.58195,VIIRS-NOAA-21,NOAA-21,VIIRS,66.5,26.5,5.5,Nominal,D,0.44,0.38,true,true,Puntos_de_calor_Colombia_2026-10-05.csv,2026-10-06T06:27:43Z,50,Meta,50573,Puerto López,asignado,cache_geometrico,false,0,,,,asignado,232,2.3.2. Pastos arbolados,2,23,232,,,,SI,Landsat_2024_mediana_28042025,GoogleEarth,false,0,,,,,dentro,0.00,4,0,4,LAM5114|LAM5669|LAV0059-13|LAV0049-13,ÁREA DE PERFORACIÓN EXPLORATORIA GUACHARACA|AREA DE PERFORACIÓN EXPLORATORIA LLANOS-58|AREA DE PERFORACIÓN EXPLORATORIA PADRE|AREA PERFORACION EXPLORATORIA  MUÑECA,HUPECOL OPERATING CO LLC|ECOPETROL S.A.,poligono,mas_de_5_km,,0,,,,,,
69ac7945b343a3f7d3134eda,2026-10-05T13:24-05:00,2026-10-05T18:24:00Z,2026-10-05,3.4605,-75.29144,VIIRS-NOAA-21,NOAA-21,VIIRS,57,30.8,1.2,Nominal,D,0.38,0.36,true,true,Puntos_de_calor_Colombia_2026-10-05.csv,2026-10-06T06:27:43Z,73,Tolima,73067,Ataco,asignado,cache_geometrico,false,0,,,,asignado,3222,3.2.2.2. Arbustal abierto,3,32,322,3222,,,SI,Landsat_2024_mediana_28042025,,true,1,BLOQUE 691,,,ZONAS RESERVADAS CON POTENCIAL - BLOQUE 691,entre_1_y_5_km,2250.48,1,0,1,LAV0091-13,AREA DE PERFORACIÓN EXPLORATORIA VSM 9 (HUILA - TOLIMA),HOCOL S.A.,poligono,entre_1_y_5_km,4885.06,1,0250,VSM 9,NO APLICA,HOCOL S.A.,EXPLORACION,CONTRATO DE EXPLORACION Y PRODUCCION (E&P)
6b49019300060b22c6ad7b60,2026-10-05T13:24-05:00,2026-10-05T18:24:00Z,2026-10-05,4.95359,-74.74521,VIIRS-NOAA-21,NOAA-21,VIIRS,71.4,28.5,4.8,Nominal,D,0.39,0.36,true,true,Puntos_de_calor_Colombia_2026-10-05.csv,2026-10-06T06:27:43Z,25,Cundinamarca,25662,San Juan De Rioseco,asignado,cache_geometrico,false,0,,,,asignado,233,2.3.3. Pastos enmalezados,2,23,233,,,,SI,Landsat_2024_mediana_28042025,,false,0,,,,,dentro,0.00,4,0,4,LAM3796|LAM3176|LAV0004-00-2016,AREA DE PERFORACION EXPLORATORIA BLOQUE LA POLA|AREAS DE PERFORACION EXPLORATORIA NORTE Y SUR DEL BLOQUE RIO MAGDALENA|UNIDAD FUNCIONAL 4 SUBSECTOR 1 - INTERCONEXIÓN CAMBAO,VAROSA ENERGY LTDA|GRAN TIERRA ENERGY COLOMBIA LTD.|CONCESIÓN ALTO MAGDALENA S.A.S.,poligono|linea,dentro,0.00,3,0115|0044|0224,LA POLA|RIO MAGDALENA|VMM 17,NO APLICA,VAROSA ENERGY SOCIEDAD POR ACCIONES SIMPLIFICADAS|HOCOL S.A.|MORICHAL SINOCO,EXPLORACION,CONTRATO DE EXPLORACION Y PRODUCCION (E&P)|CONVENIO DE EXPLORACION Y PRODUCCION (E&P)
6b574f346a33d43f3071b576,2026-10-05T13:24-05:00,2026-10-05T18:24:00Z,2026-10-05,3.51232,-71.72149,VIIRS-NOAA-21,NOAA-21,VIIRS,58.8,23.9,3.4,Nominal,D,0.48,0.4,true,true,Puntos_de_calor_Colombia_2026-10-05.csv,2026-10-06T06:27:43Z,50,Meta,50568,Puerto Gaitán,asignado,cache_geometrico,false,0,,,,asignado,321111,3.2.1.1.1.1.  Herbazal denso de tierra firme no arbolado,3,32,321,3211,32111,321111,SI,"Landsat_2024_mediana_28042025,L9_657_20240412,  L9_658_20240224","Basemap, Planet Medres Normalized Analytic 2024-01 Mosaic",false,0,,,,,dentro,0.00,2,0,2,LAV0084-13|LAM5281,AREA DE PERFORACIÓN EXPLORATOIRA CPO13B|PERFORACIÓN EXPLORATORIA CPO-13,TECPETROL COLOMBIA S.A.S|TECPETROL COLOMBIA S.A.S.,poligono,mas_de_5_km,,0,,,,,,
6c5739ee376a0b0ebe38d57c,2026-10-05T13:24-05:00,2026-10-05T18:24:00Z,2026-10-05,3.11561,-75.50053,VIIRS-NOAA-21,NOAA-21,VIIRS,58.9,18.9,4.9,Nominal,D,0.39,0.36,true,true,Puntos_de_calor_Colombia_2026-10-05.csv,2026-10-06T06:27:43Z,41,Huila,41001,Neiva,asignado,cache_geometrico,false,0,,,,asignado,314,3.1.4. Bosque de galería y ripario,3,31,314,,,,SI,Landsat_2024_mediana_28042025,,false,0,,,,,entre_1_y_5_km,1258.52,2,0,2,LAM0535|LAM1970,BLOQUE EXPLORATORIO PATALO PROGRAMA SISMICO 2 D|AREA DE INTERES DE PERFORACION EXPLORATORIA LAS MOYAS,HOCOL S.A.,poligono,dentro,0.00,1,0269,VSM 12,NO APLICA,ALANGE ENERGY CORP,EXPLORACION,CONTRATO DE EXPLORACION Y PRODUCCION (E&P)
6c596e723e6eb464a4d75c4c,2026-10-05T13:24-05:00,2026-10-05T18:24:00Z,2026-10-05,3.4144,-71.65102,VIIRS-NOAA-21,NOAA-21,VIIRS,61.6,24.1,4.4,Nominal,D,0.48,0.4,true,true,Puntos_de_calor_Colombia_2026-10-05.csv,2026-10-06T06:27:43Z,50,Meta,50325,Mapiripán,asignado,cache_geometrico,false,0,,,,asignado,31111,3.1.1.1.1. Bosque denso alto de tierra firme,3,31,311,3111,31111,,SI,L9_658_20240224,,false,0,,,,,mas_de_5_km,,0,0,0,,,,,mas_de_5_km,,0,,,,,,
6c75454072d363bc361eebd4,2026-10-05T13:24-05:00,2026-10-05T18:24:00Z,2026-10-05,7.28093,-74.03784,VIIRS-NOAA-21,NOAA-21,VIIRS,57.5,23.5,2.8,Nominal,D,0.42,0.37,true,true,Puntos_de_calor_Colombia_2026-10-05.csv,2026-10-06T06:27:43Z,13,Bolívar,13160,Cantagallo,asignado,cache_geometrico,false,0,,,,asignado,243,"2.4.3. Mosaico de cultivos, pastos y espacios naturales",2,24,243,,,,SI,Landsat_2024_mediana_28042025,,false,0,,,,,mas_de_5_km,,0,0,0,,,,,entre_1_y_5_km,3727.32,1,0235,MAGDALENA MEDIO,MAGDALENA MEDIO,ECOPETROL S.A.,PRODUCCION,CONVENIO DE EXPLOTACION
6cab033af4d89d7c21a15763,2026-10-05T13:24-05:00,2026-10-05T18:24:00Z,2026-10-05,3.53162,-71.89739,VIIRS-NOAA-21,NOAA-21,VIIRS,69,22.8,6.9,Nominal,D,0.47,0.4,true,true,Puntos_de_calor_Colombia_2026-10-05.csv,2026-10-06T06:27:43Z,50,Meta,50568,Puerto Gaitán,asignado,cache_geometrico,false,0,,,,asignado,314,3.1.4. Bosque de galería y ripario,3,31,314,,,,SI,"Landsat_2024_mediana_28042025, L9_658_20240224","GoogleEarth, Planet Medres Normalized Analytic 2024-01 Mosaic",false,0,,,,,dentro,0.00,1,0,1,LAM5281,PERFORACIÓN EXPLORATORIA CPO-13,TECPETROL COLOMBIA S.A.S.,poligono,dentro,0.00,1,0195,CPO 13,MAUTE,TECPETROL COLOMBIA SAS,EVALUACION,CONTRATO DE EXPLORACION Y PRODUCCION (E&P)
6cd0af33906b0abfe6431bfb,2026-10-05T13:24-05:00,2026-10-05T18:24:00Z,2026-10-05,3.65693,-72.20669,VIIRS-NOAA-21,NOAA-21,VIIRS,69.4,26.7,7.6,Nominal,D,0.46,0.39,true,true,Puntos_de_calor_Colombia_2026-10-05.csv,2026-10-06T06:27:43Z,50,Meta,50568,Puerto Gaitán,asignado,cache_geometrico,false,0,,,,asignado,321111,3.2.1.1.1.1.  Herbazal denso de tierra firme no arbolado,3,32,321,3211,32111,321111,SI,Landsat_2024_mediana_28042025,Sentinel_2024_mediana_11042025,false,0,,,,,dentro,0.00,2,0,2,LAM5475|LAM5089,ÁREA DE PERFORACIÓN EXPLORATORIA BLOQUE CPO-12|AREA DE PERFORACION EXPLORATORIA BLOQUE CENTRAL,META  PETROLEUM CORP|ECOPETROL S.A.,poligono,mas_de_5_km,,0,,,,,,
6dd59bc917bf33db5eb74974,2026-10-05T13:24-05:00,2026-10-05T18:24:00Z,2026-10-05,4.09537,-70.46908,VIIRS-NOAA-21,NOAA-21,VIIRS,75.2,23.3,6.5,Nominal,D,0.38,0.43,true,true,Puntos_de_calor_Colombia_2026-10-05.csv,2026-10-06T06:27:43Z,99,Vichada,99773,Cumaribo,asignado,cache_geometrico,false,0,,,,asignado,321111,3.2.1.1.1.1.  Herbazal denso de tierra firme no arbolado,3,32,321,3211,32111,321111,SI,"Landsat_2024_mediana_28042025, L9_657_20240412, L9_557_20240225","GoogleEarth, BingMaps, Planet Medres Normalized Analytic 2024-01 Mosaic",false,0,,,,,mas_de_5_km,,0,0,0,,,,,mas_de_5_km,,0,,,,,,
706bd36ab4c6fb19c32189e7,2026-10-05T13:24-05:00,2026-10-05T18:24:00Z,2026-10-05,5.04631,-71.15075,VIIRS-NOAA-21,NOAA-21,VIIRS,65.2,26.5,8.3,Nominal,D,0.54,0.42,true,true,Puntos_de_calor_Colombia_2026-10-05.csv,2026-10-06T06:27:43Z,85,Casanare,85325,San Luis De Palenque,asignado,cache_geometrico,false,0,,,,asignado,244,2.4.4. Mosaico de pastos con espacios naturales,2,24,244,,,,SI,Landsat_2024_mediana_28042025,Basemap,false,0,,,,,dentro,0.00,8,0,8,LAV0048-00-2015|LAM5129|LAM0471|LAM3847|LAM5787,"EXPLOTACIÓN LLANOS 30 NORTE|PERFORACIÓN EXPLORATORIA DEL BLOQUE DE PERFORACIÓN EXPLORATORIA LLANOS 30 NORTE|BLOQUE COROCORA A2|BLOQUE OROPENDOLA ORIENTAL|DESARROLLO BLOQUES 1 Y 2 ASOCIACIÓN CORONA A, B Y GARCERO B|ÁREA DE PRODUCCIÓN VÍREO",PAREX RESOURCES (COLOMBIA) AG SUCURSAL|PAREX RESOURCES COLOMBIA LTD SUCURSAL|PERENCO COLOMBIA LIMITED,poligono|punto,hasta_1_km,816.49,3,0016|0206|0070,COROCORA|LLA 30|OROPENDOLA,NO APLICA|ADALIA|VIREO,PERENCO OIL AND GAS COLOMBIA LIMITED|PAREX RESOURCES (COLOMBIA) AG,PRODUCCION|EVALUACION,CONTRATO DE ASOCIACION CON ECOPETROL|CONTRATO DE EXPLORACION Y PRODUCCION (E&P)|CONTRATO DE EXPLORACION Y EXPLOTACION (E&E)
70a104cf4989bd7c793cac7e,2026-10-05T13:24-05:00,2026-10-05T18:24:00Z,2026-10-05,4.77953,-71.1157,VIIRS-NOAA-21,NOAA-21,VIIRS,59.9,24.1,6.1,Nominal,D,0.54,0.42,true,true,Puntos_de_calor_Colombia_2026-10-05.csv,2026-10-06T06:27:43Z,50,Meta,50568,Puerto Gaitán,asignado,cache_geometrico,false,0,,,,asignado,321111,3.2.1.1.1.1.  Herbazal denso de tierra firme no arbolado,3,32,321,3211,32111,321111,SI,Landsat_2024_mediana_28042025,Basemap,false,0,,,,,hasta_1_km,18.02,5,0,5,LAM3607|LAM3798|LAM3338,AREA DE DESARROLLO LAS GARZAS|AREA DE PERFORACION EXPLORATORIA LAS GARZAS|AREA DE PERFORACION EXPLORATORIA CABIONA NORESTE|AREA DE INTERES DE PERFORACION EXPLORATORIA CABIONA|PERFORACIÓN EXPLORATORIA ÁREA DE INTERÉS CABIONA,NEW GRANADA ENERGY CORPORATION SUCURSAL COLOMBIA|NEW GRANADA ENERGY CORPORATION SUCURSAL COLOMBIANA,poligono,mas_de_5_km,,0,,,,,,
70b0526a1648df251d706073,2026-10-05T13:24-05:00,2026-10-05T18:24:00Z,2026-10-05,5.77958,-68.99187,VIIRS-NOAA-21,NOAA-21,VIIRS,74.5,20.3,5.9,Nominal,D,0.51,0.49,true,true,Puntos_de_calor_Colombia_2026-10-05.csv,2026-10-06T06:27:43Z,99,Vichada,99524,La Primavera,asignado,cache_geometrico,false,0,,,,asignado,231,2.3.1. Pastos limpios,2,23,231,,,,SI,Landsat_2024_mediana_28042025,GoogleEarth,false,0,,,,,mas_de_5_km,,0,0,0,,,,,mas_de_5_km,,0,,,,,,
71a45a8d06fe1dc6c2e3326a,2026-10-05T13:24-05:00,2026-10-05T18:24:00Z,2026-10-05,3.71888,-73.07893,VIIRS-NOAA-21,NOAA-21,VIIRS,59.4,24.3,5.7,Nominal,D,0.42,0.38,true,true,Puntos_de_calor_Colombia_2026-10-05.csv,2026-10-06T06:27:43Z,50,Meta,50573,Puerto López,asignado,cache_geometrico,false,0,,,,asignado,2232,2.2.3.2. Palma de aceite,2,22,223,2232,,,SI,Landsat_2024_mediana_28042025,,false,0,,,,,dentro,0.00,2,0,2,LAV0040-13|LAM4254,ÁREA DE PERFORACIÓN EXPLORATORIA LAPA|AREA DE INTERES DE PERFORACION EXPLORATORIA CHIGUIRO OESTE,ECOPETROL S.A.|PETROMINERALES COLOMBIA LTDA,poligono,dentro,0.00,1,0878,CPO 10,NO APLICA,PAREX RESOURCES (COLOMBIA) AG,EXPLORACION,CONTRATO DE EXPLORACION Y PRODUCCION (E&P)
7326de49db863b7c13ccd441,2026-10-05T13:24-05:00,2026-10-05T18:24:00Z,2026-10-05,2.04007,-77.21809,VIIRS-NOAA-21,NOAA-21,VIIRS,57.5,31,4.3,Baja,D,0.43,0.38,true,true,Puntos_de_calor_Colombia_2026-10-05.csv,2026-10-06T06:27:43Z,19,Cauca,19075,Balboa,asignado,cache_geometrico,false,0,,,,asignado,111,1.1.1. Tejido urbano continuo,1,11,111,,,,SI,Landsat_2024_mediana_28042025,,false,0,,,,,mas_de_5_km,,0,0,0,,,,,mas_de_5_km,,0,,,,,,
732fdc1bb2f3faf6d7bd991f,2026-10-05T13:24-05:00,2026-10-05T18:24:00Z,2026-10-05,3.45474,-75.30082,VIIRS-NOAA-21,NOAA-21,VIIRS,93.9,40.4,8.2,Alta,D,0.38,0.36,true,true,Puntos_de_calor_Colombia_2026-10-05.csv,2026-10-06T06:27:43Z,73,Tolima,73067,Ataco,asignado,cache_geometrico,false,0,,,,asignado,3222,3.2.2.2. Arbustal abierto,3,32,322,3222,,,SI,Landsat_2024_mediana_28042025,,true,1,BLOQUE 691,,,ZONAS RESERVADAS CON POTENCIAL - BLOQUE 691,entre_1_y_5_km,1105.98,1,0,1,LAV0091-13,AREA DE PERFORACIÓN EXPLORATORIA VSM 9 (HUILA - TOLIMA),HOCOL S.A.,poligono,entre_1_y_5_km,4249.38,1,0250,VSM 9,NO APLICA,HOCOL S.A.,EXPLORACION,CONTRATO DE EXPLORACION Y PRODUCCION (E&P)
778632f13dffcdd09eb9e8ef,2026-10-05T13:24-05:00,2026-10-05T18:24:00Z,2026-10-05,4.62039,-69.44211,VIIRS-NOAA-21,NOAA-21,VIIRS,67.2,23.6,6.5,Nominal,D,0.45,0.47,true,true,Puntos_de_calor_Colombia_2026-10-05.csv,2026-10-06T06:27:43Z,99,Vichada,99773,Cumaribo,asignado,cache_geometrico,false,0,,,,asignado,321111,3.2.1.1.1.1.  Herbazal denso de tierra firme no arbolado,3,32,321,3211,32111,321111,SI,Landsat_2024_mediana_28042025,"GoogleEarth, BingMaps",false,0,,,,,mas_de_5_km,,0,0,0,,,,,mas_de_5_km,,0,,,,,,
78752459594827390ebfa585,2026-10-05T13:24-05:00,2026-10-05T18:24:00Z,2026-10-05,3.65633,-72.21075,VIIRS-NOAA-21,NOAA-21,VIIRS,73.2,27.3,12.4,Nominal,D,0.46,0.39,true,true,Puntos_de_calor_Colombia_2026-10-05.csv,2026-10-06T06:27:43Z,50,Meta,50568,Puerto Gaitán,asignado,cache_geometrico,false,0,,,,asignado,321111,3.2.1.1.1.1.  Herbazal denso de tierra firme no arbolado,3,32,321,3211,32111,321111,SI,Landsat_2024_mediana_28042025,Sentinel_2024_mediana_11042025,false,0,,,,,dentro,0.00,2,0,2,LAM5475|LAM5089,ÁREA DE PERFORACIÓN EXPLORATORIA BLOQUE CPO-12|AREA DE PERFORACION EXPLORATORIA BLOQUE CENTRAL,META  PETROLEUM CORP|ECOPETROL S.A.,poligono,mas_de_5_km,,0,,,,,,
7a75678e95fcf71f59ccd8fb,2026-10-05T13:24-05:00,2026-10-05T18:24:00Z,2026-10-05,3.50557,-71.81654,VIIRS-NOAA-21,NOAA-21,VIIRS,59.3,24.7,3.6,Nominal,D,0.47,0.4,true,true,Puntos_de_calor_Colombia_2026-10-05.csv,2026-10-06T06:27:43Z,50,Meta,50568,Puerto Gaitán,asignado,cache_geometrico,false,0,,,,asignado,321121,3.2.1.1.2.1. Herbazal denso inundable no arbolado,3,32,321,3211,32112,321121,SI,L9_658_20240224,Planet Medres Normalized Analytic 2024-01 Mosaic,false,0,,,,,dentro,0.00,1,0,1,LAM5281,PERFORACIÓN EXPLORATORIA CPO-13,TECPETROL COLOMBIA S.A.S.,poligono,entre_1_y_5_km,4862.55,1,0195,CPO 13,MAUTE,TECPETROL COLOMBIA SAS,EVALUACION,CONTRATO DE EXPLORACION Y PRODUCCION (E&P)
7c7f25ad975ebb1bf0b49118,2026-10-05T13:24-05:00,2026-10-05T18:24:00Z,2026-10-05,4.58617,-70.6293,VIIRS-NOAA-21,NOAA-21,VIIRS,71.5,24.3,10.7,Nominal,D,0.57,0.43,true,true,Puntos_de_calor_Colombia_2026-10-05.csv,2026-10-06T06:27:43Z,99,Vichada,99773,Cumaribo,asignado,cache_geometrico,false,0,,,,asignado,321111,3.2.1.1.1.1.  Herbazal denso de tierra firme no arbolado,3,32,321,3211,32111,321111,SI,Landsat_2024_mediana_28042025,"GoogleEarth, BingMaps",false,0,,,,,dentro,0.00,2,0,2,LAM5613|LAM3970,AREA DE PERFORACION EXPLORATORIA SALTARIN SUR|AREA DE PERFORACION EXPLORATORIA SALTARIN,HOCOL S.A|HOCOL S.A.,poligono,mas_de_5_km,,0,,,,,,
7f3c849794bed6ddcbc4fb80,2026-10-05T13:24-05:00,2026-10-05T18:24:00Z,2026-10-05,4.52868,-70.38122,VIIRS-NOAA-21,NOAA-21,VIIRS,67.9,23.5,6.4,Nominal,D,0.39,0.44,true,true,Puntos_de_calor_Colombia_2026-10-05.csv,2026-10-06T06:27:43Z,99,Vichada,99773,Cumaribo,asignado,cache_geometrico,false,0,,,,asignado,321111,3.2.1.1.1.1.  Herbazal denso de tierra firme no arbolado,3,32,321,3211,32111,321111,SI,Landsat_2024_mediana_28042025,"GoogleEarth, BingMaps",false,0,,,,,mas_de_5_km,,0,0,0,,,,,mas_de_5_km,,0,,,,,,
7fd57869f732235d327301df,2026-10-05T13:24-05:00,2026-10-05T18:24:00Z,2026-10-05,3.66112,-72.20318,VIIRS-NOAA-21,NOAA-21,VIIRS,63.5,25.6,4,Nominal,D,0.46,0.39,true,true,Puntos_de_calor_Colombia_2026-10-05.csv,2026-10-06T06:27:43Z,50,Meta,50568,Puerto Gaitán,asignado,cache_geometrico,false,0,,,,asignado,321111,3.2.1.1.1.1.  Herbazal denso de tierra firme no arbolado,3,32,321,3211,32111,321111,SI,Landsat_2024_mediana_28042025,Sentinel_2024_mediana_11042025,false,0,,,,,dentro,0.00,2,0,2,LAM5475|LAM5089,ÁREA DE PERFORACIÓN EXPLORATORIA BLOQUE CPO-12|AREA DE PERFORACION EXPLORATORIA BLOQUE CENTRAL,META  PETROLEUM CORP|ECOPETROL S.A.,poligono,mas_de_5_km,,0,,,,,,
7fe6b066c0dfe2c3c540fc2c,2026-10-05T13:24-05:00,2026-10-05T18:24:00Z,2026-10-05,3.66207,-72.43813,VIIRS-NOAA-21,NOAA-21,VIIRS,60.2,25.5,5,Nominal,D,0.45,0.39,true,true,Puntos_de_calor_Colombia_2026-10-05.csv,2026-10-06T06:27:43Z,50,Meta,50689,San Martín,asignado,cache_geometrico,false,0,,,,asignado,321111,3.2.1.1.1.1.  Herbazal denso de tierra firme no arbolado,3,32,321,3211,32111,321111,SI,Landsat_2024_mediana_28042025,GoogleEarth,false,0,,,,,dentro,0.00,1,0,1,LAM5475,ÁREA DE PERFORACIÓN EXPLORATORIA BLOQUE CPO-12,META  PETROLEUM CORP,poligono,mas_de_5_km,,0,,,,,,
80a3bb3d57961a00a44abf5f,2026-10-05T13:24-05:00,2026-10-05T18:24:00Z,2026-10-05,2.18055,-76.80657,VIIRS-NOAA-21,NOAA-21,VIIRS,61,29.8,3.5,Nominal,D,0.41,0.37,true,true,Puntos_de_calor_Colombia_2026-10-05.csv,2026-10-06T06:27:43Z,19,Cauca,19392,La Sierra,asignado,cache_geometrico,false,0,,,,asignado,231,2.3.1. Pastos limpios,2,23,231,,,,SI,Landsat_2024_mediana_28042025,,false,0,,,,,entre_1_y_5_km,2324.11,1,0,1,LAM1476,CARRETERA TIMBÍO - EL ESTANQUILLO. DPTO DEL CAUCA.,INSTITUTO NACIONAL DE VÍAS - INVIAS,linea,mas_de_5_km,,0,,,,,,
8140b6116407ed4c283d88c2,2026-10-05T13:24-05:00,2026-10-05T18:24:00Z,2026-10-05,5.80013,-69.00868,VIIRS-NOAA-21,NOAA-21,VIIRS,72.7,22.9,15.3,Nominal,D,0.5,0.49,true,true,Puntos_de_calor_Colombia_2026-10-05.csv,2026-10-06T06:27:43Z,99,Vichada,99524,La Primavera,asignado,cache_geometrico,false,0,,,,asignado,321111,3.2.1.1.1.1.  Herbazal denso de tierra firme no arbolado,3,32,321,3211,32111,321111,SI,Landsat_2024_mediana_28042025,GoogleEarth,false,0,,,,,mas_de_5_km,,0,0,0,,,,,mas_de_5_km,,0,,,,,,
83bd3786adc78f73036a6df6,2026-10-05T13:24-05:00,2026-10-05T18:24:00Z,2026-10-05,5.80175,-69.01199,VIIRS-NOAA-21,NOAA-21,VIIRS,61.6,22.7,8,Nominal,D,0.5,0.49,true,true,Puntos_de_calor_Colombia_2026-10-05.csv,2026-10-06T06:27:43Z,99,Vichada,99524,La Primavera,asignado,cache_geometrico,false,0,,,,asignado,314,3.1.4. Bosque de galería y ripario,3,31,314,,,,SI,Landsat_2024_mediana_28042025,GoogleEarth,false,0,,,,,mas_de_5_km,,0,0,0,,,,,mas_de_5_km,,0,,,,,,
84fe9a1dbc3fc3089d3f94dd,2026-10-05T13:24-05:00,2026-10-05T18:24:00Z,2026-10-05,4.97763,-71.29672,VIIRS-NOAA-21,NOAA-21,VIIRS,64.1,24,8.1,Nominal,D,0.53,0.42,true,true,Puntos_de_calor_Colombia_2026-10-05.csv,2026-10-06T06:27:43Z,85,Casanare,85230,Orocué,asignado,cache_geometrico,false,0,,,,asignado,321121,3.2.1.1.2.1. Herbazal denso inundable no arbolado,3,32,321,3211,32112,321121,SI,Landsat_2024_mediana_28042025,GoogleEarth,false,0,,,,,dentro,0.00,10,0,10,LAM3847|LAV0006-00-2021|LAM3590|LAM3657|LAV0078-00-2021|LAM3592|LAM3267|LAM5129,"BLOQUE OROPENDOLA ORIENTAL|ÁREA DE INTERÉS BLOQUE LLANOS 78|ÁREA DE INTERÉS PARA LA PERFORACIÓN EXPLORATORIA LINCE|AREA DE PERFORACION EXPLORATORIA LINCE - LEOPARDO|EXPLOTACIÓN DE HIDROCARBUROS EN EL CAMPO VIKINGO DEL BLOQUE LLA-47|PERFORACIÓN EXPLORATORIA DEL POZO OCUMO 2|PERFORACIÓN EXPLORATORIA POZO OCUMO - 2|MEDIDAS DE MANEJO AMBIENTAL PARA RE-ENTRY POZO OCUMO 1, OROCUE, CASANARE|PERFORACIÓN EXPLORATORIA DEL BLOQUE DE PERFORACIÓN EXPLORATORIA LLANOS 30 NORTE",PERENCO COLOMBIA LIMITED|VETRA EXPLORACIÓN Y PRODUCCIÓN COLOMBIA S.A.S.|INTEROIL COLOMBIA EXPLORATION AND PRODUCTION|HOCOL S.A.|COLUMBUS ENERGY SUCURSAL COLOMBIA|PAREX RESOURCES COLOMBIA LTD SUCURSAL,poligono|punto,hasta_1_km,398.90,2,0323|0285,LLA 78|LLA 47,ESPIGUERO|VIKINGO,VETRA EXPLORACION Y PRODUCCION COLOMBIA S.A.S.|INTEROIL COLOMBIA EXPLORATION AND PRODUCTION,EVALUACION|PRODUCCION,CONTRATO DE EXPLORACION Y PRODUCCION (E&P)
86d4cde0c16d8a04da4c9148,2026-10-05T13:24-05:00,2026-10-05T18:24:00Z,2026-10-05,6.54261,-73.7939,VIIRS-NOAA-21,NOAA-21,VIIRS,59.8,26.2,8.2,Nominal,D,0.42,0.37,true,true,Puntos_de_calor_Colombia_2026-10-05.csv,2026-10-06T06:27:43Z,68,Santander,68385,Landázuri,asignado,cache_geometrico,false,0,,,,asignado,231,2.3.1. Pastos limpios,2,23,231,,,,SI,Landsat_2024_mediana_28042025,,false,0,,,,,mas_de_5_km,,0,0,0,,,,,entre_1_y_5_km,4364.11,1,0511,VMM 10-1,NO APLICA,CNE OIL & GAS S A S,EXPLORACION,CONTRATO DE EXPLORACION Y PRODUCCION (E&P)
876c148db3e25839f15d00d4,2026-10-05T13:24-05:00,2026-10-05T18:24:00Z,2026-10-05,4.52988,-70.70918,VIIRS-NOAA-21,NOAA-21,VIIRS,64.6,23.4,8.9,Nominal,D,0.56,0.43,true,true,Puntos_de_calor_Colombia_2026-10-05.csv,2026-10-06T06:27:43Z,99,Vichada,99773,Cumaribo,asignado,cache_geometrico,false,0,,,,asignado,321111,3.2.1.1.1.1.  Herbazal denso de tierra firme no arbolado,3,32,321,3211,32111,321111,SI,Landsat_2024_mediana_28042025,"GoogleEarth, BingMaps",false,0,,,,,dentro,0.00,1,0,1,LAM5613,AREA DE PERFORACION EXPLORATORIA SALTARIN SUR,HOCOL S.A,poligono,mas_de_5_km,,0,,,,,,
89c2d7107e9b6464e6b34366,2026-10-05T13:24-05:00,2026-10-05T18:24:00Z,2026-10-05,5.2707,-74.49092,VIIRS-NOAA-21,NOAA-21,VIIRS,58.8,26.4,5,Nominal,D,0.39,0.36,true,true,Puntos_de_calor_Colombia_2026-10-05.csv,2026-10-06T06:27:43Z,25,Cundinamarca,25148,Caparrapí,asignado,cache_geometrico,false,0,,,,asignado,244,2.4.4. Mosaico de pastos con espacios naturales,2,24,244,,,,SI,Landsat_2024_mediana_28042025,,false,0,,,,,entre_1_y_5_km,3383.46,2,0,2,LAM1190,"PERFORACION EXPLORATORIA GUADUALES ""AREA DE INCLUSION""|BLOQUE DE PERFORACION EXPLORATORIA GUADUALES",PERENCO COLOMBIA LIMITED,poligono,mas_de_5_km,,0,,,,,,
8a5e6309c627eb3a44d66277,2026-10-05T13:24-05:00,2026-10-05T18:24:00Z,2026-10-05,4.70805,-72.24052,VIIRS-NOAA-21,NOAA-21,VIIRS,59.2,24.9,3,Nominal,D,0.47,0.39,true,true,Puntos_de_calor_Colombia_2026-10-05.csv,2026-10-06T06:27:43Z,85,Casanare,85139,Maní,asignado,cache_geometrico,false,0,,,,asignado,321121,3.2.1.1.2.1. Herbazal denso inundable no arbolado,3,32,321,3211,32112,321121,SI,Landsat_2024_mediana_28042025,"Basemap, GoogleEarth",false,0,,,,,dentro,0.00,8,0,8,LAM4084|LAM3385|LAM3293|LAM5157|LAM0425|LAM2160,"AREA DE PERFORACION EXPLORATORIA PAJARILLO|Área de Perforación Exploratoria Pajarillo|Oleoducto Garimena - Santiago|CONST DE UNA LÍNEA DE CONDUCCIÓN DE CRUDO DESDE JAGUAR-1, HASTA LA EST SANTIAGO, EN UNA 1RA FASE|LICENCIA AMBIENTAL PARA EL PROYECTO "" ÁREA DE PERFORACIÓN EXPLORATORIA BLOQUE LLANOS 27|EXPLOTACIÓN PETROLERA EN EL CAMPO SANTIAGO|LICENCIA AMBIENTAL GLOBAL CAMPO ENTRERRIOS","PARKO SERVICES S.A.|Frontera Energy Colombia Corp., Sucursal Colombia|Colombia Energy Development|CEPSA COLOMBIA S.A. - CEPCOLSA|SANTA MARIA PETROLEUM INC.|ECOPETROL S.A.|PETROLEOS SUD AMERICANOS SUCURSAL COLOMBIA",poligono|linea,entre_1_y_5_km,1548.18,2,0205|0365,LLA 27|UPIA,NO APLICA|UPIA,OMNIA ENERGY INC SUCURSAL COLOMBIA - EN REORGANIZACION|HOCOL S.A.,EXPLORACION|PRODUCCION,CONTRATO DE EXPLORACION Y PRODUCCION (E&P)|CONVENIO DE EXPLOTACION
8a7bef84aa1b17a82de49000,2026-10-05T13:24-05:00,2026-10-05T18:24:00Z,2026-10-05,4.60289,-69.70798,VIIRS-NOAA-21,NOAA-21,VIIRS,63.5,23.1,3.6,Nominal,D,0.44,0.46,true,true,Puntos_de_calor_Colombia_2026-10-05.csv,2026-10-06T06:27:43Z,99,Vichada,99773,Cumaribo,asignado,cache_geometrico,false,0,,,,asignado,321111,3.2.1.1.1.1.  Herbazal denso de tierra firme no arbolado,3,32,321,3211,32111,321111,SI,Landsat_2024_mediana_28042025,"GoogleEarth, BingMaps",false,0,,,,,mas_de_5_km,,0,0,0,,,,,mas_de_5_km,,0,,,,,,
8a82f0b90fdd38aae7ebaa09,2026-10-05T13:24-05:00,2026-10-05T18:24:00Z,2026-10-05,8.0329,-75.89271,VIIRS-NOAA-21,NOAA-21,VIIRS,64.9,25.6,14.9,Nominal,D,0.38,0.36,true,true,Puntos_de_calor_Colombia_2026-10-05.csv,2026-10-06T06:27:43Z,23,Córdoba,23466,Montelíbano,asignado,cache_geometrico,false,0,,,,asignado,231,2.3.1. Pastos limpios,2,23,231,,,,SI,Landsat_2024_mediana_28042025,,false,0,,,,,entre_1_y_5_km,4503.78,1,0,1,LAM1067,"LÍNEA TRANSMISIÓN CERROMATOSO –URRA, APARTADO Y SUBESTACIÓN 500/230 KV",INTERCONEXION ELECTRICA S.A. E.S.P. ISA,linea,mas_de_5_km,,0,,,,,,
8af52e98cba988d460501e57,2026-10-05T13:24-05:00,2026-10-05T18:24:00Z,2026-10-05,5.91175,-70.16774,VIIRS-NOAA-21,NOAA-21,VIIRS,93.9,22.6,18,Alta,D,0.42,0.46,true,true,Puntos_de_calor_Colombia_2026-10-05.csv,2026-10-06T06:27:43Z,85,Casanare,85250,Paz De Ariporo,asignado,cache_geometrico,false,0,,,,asignado,321121,3.2.1.1.2.1. Herbazal denso inundable no arbolado,3,32,321,3211,32112,321121,SI,Landsat_2024_mediana_28042025,GoogleEarth,false,0,,,,,entre_1_y_5_km,3097.91,1,0,1,LAM3530,AREA DE INTERES DE PERFORACION EXPLORATORIA PRIMAVERA NORTE,GRAN TIERRA ENERGY COLOMBIA LTD.,poligono,mas_de_5_km,,0,,,,,,
8cb7dde4a6dfed7c186a7783,2026-10-05T13:24-05:00,2026-10-05T18:24:00Z,2026-10-05,4.64129,-70.29284,VIIRS-NOAA-21,NOAA-21,VIIRS,62.3,25.3,5,Nominal,D,0.4,0.44,true,true,Puntos_de_calor_Colombia_2026-10-05.csv,2026-10-06T06:27:43Z,99,Vichada,99773,Cumaribo,asignado,cache_geometrico,false,0,,,,asignado,321111,3.2.1.1.1.1.  Herbazal denso de tierra firme no arbolado,3,32,321,3211,32111,321111,SI,Landsat_2024_mediana_28042025,GoogleEarth,false,0,,,,,mas_de_5_km,,0,0,0,,,,,mas_de_5_km,,0,,,,,,
8d0ce9cba982018cb6658dae,2026-10-05T13:24-05:00,2026-10-05T18:24:00Z,2026-10-05,8.594,-73.4985,VIIRS-NOAA-21,NOAA-21,VIIRS,66.2,25.2,21.2,Nominal,D,0.45,0.39,true,true,Puntos_de_calor_Colombia_2026-10-05.csv,2026-10-06T06:27:43Z,54,Norte De Santander,54245,El Carmen,asignado,cache_geometrico,false,0,,,,asignado,3232,3.2.3.2. Vegetación secundaria baja,3,32,323,3232,,,SI,Landsat_2024_mediana_28042025,GoogleEarth,true,1,BLOQUE 420,,,ZONAS RESERVADAS CON POTENCIAL - BLOQUE 420,hasta_1_km,836.80,2,0,2,LAM1082|LAM2941,"OLEODUCTO CAÑO LIMÓN-COVEÑAS|LÍNEA DE TRANSMISIÓN A 500 KV, CIRCUITO SENCILLO BOLIVAR – COPY – OCAÑA – PRIMAVERA Y ASOCIADAS",CENIT S.A.S|INTERCONEXION ELECTRICA S.A. E.S.P.,linea,mas_de_5_km,,0,,,,,,
8da978b26b3267ac3326c320,2026-10-05T13:24-05:00,2026-10-05T18:24:00Z,2026-10-05,2.62959,-76.78398,VIIRS-NOAA-21,NOAA-21,VIIRS,59.2,28,5.3,Baja,D,0.41,0.37,true,true,Puntos_de_calor_Colombia_2026-10-05.csv,2026-10-06T06:27:43Z,19,Cauca,19130,Cajibío,asignado,cache_geometrico,false,0,,,,asignado,321113,3.2.1.1.1.3.  Herbazal denso de tierra firme con arbustos,3,32,321,3211,32111,321113,SI,Landsat_2024_mediana_28042025,,false,0,,,,,mas_de_5_km,,0,0,0,,,,,mas_de_5_km,,0,,,,,,
8daa195c683965af0d3a16bf,2026-10-05T13:24-05:00,2026-10-05T18:24:00Z,2026-10-05,5.93008,-70.15871,VIIRS-NOAA-21,NOAA-21,VIIRS,65.3,22.1,6.5,Nominal,D,0.42,0.46,true,true,Puntos_de_calor_Colombia_2026-10-05.csv,2026-10-06T06:27:43Z,85,Casanare,85250,Paz De Ariporo,asignado,cache_geometrico,false,0,,,,asignado,321121,3.2.1.1.2.1. Herbazal denso inundable no arbolado,3,32,321,3211,32112,321121,SI,Landsat_2024_mediana_28042025,GoogleEarth,false,0,,,,,mas_de_5_km,,0,0,0,,,,,mas_de_5_km,,0,,,,,,
8f5595138dadf191207ecd61,2026-10-05T13:24-05:00,2026-10-05T18:24:00Z,2026-10-05,3.41376,-71.65533,VIIRS-NOAA-21,NOAA-21,VIIRS,59.7,23.9,4.8,Nominal,D,0.48,0.4,true,true,Puntos_de_calor_Colombia_2026-10-05.csv,2026-10-06T06:27:43Z,50,Meta,50325,Mapiripán,asignado,cache_geometrico,false,0,,,,asignado,31111,3.1.1.1.1. Bosque denso alto de tierra firme,3,31,311,3111,31111,,SI,L9_658_20240224,,false,0,,,,,mas_de_5_km,,0,0,0,,,,,mas_de_5_km,,0,,,,,,
8f89faa65700472ad0a6b814,2026-10-05T13:24-05:00,2026-10-05T18:24:00Z,2026-10-05,4.56517,-69.26237,VIIRS-NOAA-21,NOAA-21,VIIRS,58.2,19.9,4.2,Nominal,D,0.47,0.47,true,true,Puntos_de_calor_Colombia_2026-10-05.csv,2026-10-06T06:27:43Z,99,Vichada,99773,Cumaribo,asignado,cache_geometrico,false,0,,,,asignado,321111,3.2.1.1.1.1.  Herbazal denso de tierra firme no arbolado,3,32,321,3211,32111,321111,SI,Landsat_2024_mediana_28042025,"GoogleEarth, BingMaps",false,0,,,,,mas_de_5_km,,0,0,0,,,,,mas_de_5_km,,0,,,,,,
90c60dd400682337cf31580b,2026-10-05T13:24-05:00,2026-10-05T18:24:00Z,2026-10-05,2.45138,-73.94281,VIIRS-NOAA-21,NOAA-21,VIIRS,59.2,26.7,3.4,Nominal,D,0.39,0.36,true,true,Puntos_de_calor_Colombia_2026-10-05.csv,2026-10-06T06:27:43Z,50,Meta,50350,La Macarena,asignado,cache_geometrico,true,1,45,Tinigua,Parque Nacional Natural,asignado,3131,3.1.3.1. Bosque fragmentado con pastos y cultivos,3,31,313,3131,,,SI,L8_758_20240122,,false,0,,,,,mas_de_5_km,,0,0,0,,,,,mas_de_5_km,,0,,,,,,
92026e5dee83d2780654776e,2026-10-05T13:24-05:00,2026-10-05T18:24:00Z,2026-10-05,4.53382,-70.70976,VIIRS-NOAA-21,NOAA-21,VIIRS,71.8,26.1,21.6,Nominal,D,0.56,0.43,true,true,Puntos_de_calor_Colombia_2026-10-05.csv,2026-10-06T06:27:43Z,99,Vichada,99773,Cumaribo,asignado,cache_geometrico,false,0,,,,asignado,321111,3.2.1.1.1.1.  Herbazal denso de tierra firme no arbolado,3,32,321,3211,32111,321111,SI,Landsat_2024_mediana_28042025,"GoogleEarth, BingMaps",false,0,,,,,dentro,0.00,1,0,1,LAM5613,AREA DE PERFORACION EXPLORATORIA SALTARIN SUR,HOCOL S.A,poligono,mas_de_5_km,,0,,,,,,
9314951adf9fab2930c1c3d0,2026-10-05T13:24-05:00,2026-10-05T18:24:00Z,2026-10-05,5.41642,-69.48727,VIIRS-NOAA-21,NOAA-21,VIIRS,62.5,21.7,10.3,Nominal,D,0.46,0.47,true,true,Puntos_de_calor_Colombia_2026-10-05.csv,2026-10-06T06:27:43Z,99,Vichada,99524,La Primavera,asignado,cache_geometrico,false,0,,,,asignado,321121,3.2.1.1.2.1. Herbazal denso inundable no arbolado,3,32,321,3211,32112,321121,SI,Landsat_2024_mediana_28042025,GoogleEarth,false,0,,,,,mas_de_5_km,,0,0,0,,,,,mas_de_5_km,,0,,,,,,
939de5dfaf35aedf9da2b7a7,2026-10-05T13:24-05:00,2026-10-05T18:24:00Z,2026-10-05,4.51305,-72.14101,VIIRS-NOAA-21,NOAA-21,VIIRS,69.8,22.3,13.1,Nominal,D,0.47,0.4,true,true,Puntos_de_calor_Colombia_2026-10-05.csv,2026-10-06T06:27:43Z,85,Casanare,85139,Maní,asignado,cache_geometrico,false,0,,,,asignado,321121,3.2.1.1.2.1. Herbazal denso inundable no arbolado,3,32,321,3211,32112,321121,SI,Landsat_2024_mediana_28042025,"Basemap, GoogleEarth",false,0,,,,,dentro,0.00,3,0,3,LAM5075|LAM5016|LAV0097-00-2014,BLOQUE DE PERFORACION EXPLORATORIA PUNTERO|AREA DE PERFORACION EXPLORATORIA SAN ANTONIO|AREA DE DESARROLLO PUNTERO,CEPSA COLOMBIA S.A. - CEPCOLSA|THORNELOE ENERGY SUCURSAL COLOMBIA|CEPSA COLOMBIA S.A.,poligono,mas_de_5_km,,0,,,,,,
95e0525b37b0763d375c9db6,2026-10-05T13:24-05:00,2026-10-05T18:24:00Z,2026-10-05,3.47502,-72.33366,VIIRS-NOAA-21,NOAA-21,VIIRS,64.5,25.6,9.7,Nominal,D,0.45,0.39,true,true,Puntos_de_calor_Colombia_2026-10-05.csv,2026-10-06T06:27:43Z,50,Meta,50568,Puerto Gaitán,asignado,cache_geometrico,false,0,,,,asignado,314,3.1.4. Bosque de galería y ripario,3,31,314,,,,SI,Landsat_2024_mediana_28042025,GoogleEarth,false,0,,,,,dentro,0.00,2,0,2,LAM5506|LAM5475,Bloque de Explotación de Hidrocarburos CPE-6 - Área de Desarrollo Fase 1|ÁREA DE PERFORACIÓN EXPLORATORIA BLOQUE CPO-12,FRONTERA ENERGY COLOMBIA|META  PETROLEUM CORP,poligono,entre_1_y_5_km,2779.67,1,0293,CPE-6,HAMACA,FRONTERA ENERGY COLOMBIA CORP.,PRODUCCION,CONTRATO DE EXPLORACION Y PRODUCCION (E&P)
9814c274491000aef8ac0e93,2026-10-05T13:24-05:00,2026-10-05T18:24:00Z,2026-10-05,3.88225,-71.72312,VIIRS-NOAA-21,NOAA-21,VIIRS,63.9,19.7,11.1,Nominal,D,0.48,0.4,true,true,Puntos_de_calor_Colombia_2026-10-05.csv,2026-10-06T06:27:43Z,50,Meta,50568,Puerto Gaitán,asignado,cache_geometrico,false,0,,,,asignado,321111,3.2.1.1.1.1.  Herbazal denso de tierra firme no arbolado,3,32,321,3211,32111,321111,SI,Landsat_2024_mediana_28042025,GoogleEarth,false,0,,,,,hasta_1_km,1.34,3,0,3,LAM5175|LAM4978|LAM2965,AREA DE PERFORACIÓN EXPLORATORIA MAGO NORTE|LÍNEA ELÉCTRICA DE 230 KV SUBESTACIÓN CHIVOR - CAMPO RUBIALES|OLEODUCTO CAMPO RUBIALES EL PORVENIR,ECOPETROL S.A.|PETROELÉCTRICA DE LOS LLANOS S.A|OLEODUCTO DE LOS LLANOS ORIENTALES S.A.,poligono|linea,mas_de_5_km,,0,,,,,,
98af1baa2aa97bbb186bdd1c,2026-10-05T13:24-05:00,2026-10-05T18:24:00Z,2026-10-05,8.00311,-75.95557,VIIRS-NOAA-21,NOAA-21,VIIRS,60.2,21.1,3.7,Nominal,D,0.38,0.36,true,true,Puntos_de_calor_Colombia_2026-10-05.csv,2026-10-06T06:27:43Z,23,Córdoba,23466,Montelíbano,asignado,cache_geometrico,false,0,,,,asignado,244,2.4.4. Mosaico de pastos con espacios naturales,2,24,244,,,,SI,Landsat_2024_mediana_28042025,,true,1,500152,,Exploración,CARBÓN,mas_de_5_km,,0,0,0,,,,,mas_de_5_km,,0,,,,,,
98b6fec8e66730a42d0502c6,2026-10-05T13:24-05:00,2026-10-05T18:24:00Z,2026-10-05,4.09145,-72.20538,VIIRS-NOAA-21,NOAA-21,VIIRS,61.2,26.1,10,Nominal,D,0.46,0.39,true,true,Puntos_de_calor_Colombia_2026-10-05.csv,2026-10-06T06:27:43Z,50,Meta,50573,Puerto López,asignado,cache_geometrico,false,0,,,,asignado,244,2.4.4. Mosaico de pastos con espacios naturales,2,24,244,,,,SI,Landsat_2024_mediana_28042025,Sentinel_2024_mediana_11042025,false,0,,,,,dentro,0.00,2,0,2,LAV0060-00-2023|LAM5131,ÁREA DE DESARROLLO GOLONDRINA|PERFORACION EXPLORATORIA BLOQUE CPO-6,GEOPARK COLOMBIA S.A.S.|TECPETROL COLOMBIA S.A.S.,poligono,dentro,0.00,2,0707|0709,LLA 104|LLA 86,NO APLICA,GEOPARK COLOMBIA S.A.S.,EXPLORACION,CONTRATO DE EXPLORACION Y PRODUCCION (E&P)
9930026e97c992dc16a0820e,2026-10-05T13:24-05:00,2026-10-05T18:24:00Z,2026-10-05,6.36339,-70.27107,VIIRS-NOAA-21,NOAA-21,VIIRS,67.5,22.1,6.2,Nominal,D,0.42,0.45,true,true,Puntos_de_calor_Colombia_2026-10-05.csv,2026-10-06T06:27:43Z,81,Arauca,81220,Cravo Norte,asignado,cache_geometrico,false,0,,,,asignado,231,2.3.1. Pastos limpios,2,23,231,,,,SI,Landsat_2024_mediana_28042025,GoogleEarth,false,0,,,,,mas_de_5_km,,0,0,0,,,,,mas_de_5_km,,0,,,,,,
9988cf7237a408921fb4e81a,2026-10-05T13:24-05:00,2026-10-05T18:24:00Z,2026-10-05,8.16378,-72.96822,VIIRS-NOAA-21,NOAA-21,VIIRS,66.8,24.6,9.5,Nominal,D,0.47,0.4,true,true,Puntos_de_calor_Colombia_2026-10-05.csv,2026-10-06T06:27:43Z,54,Norte De Santander,54109,Bucarasica,asignado,cache_geometrico,false,0,,,,asignado,243,"2.4.3. Mosaico de cultivos, pastos y espacios naturales",2,24,243,,,,SI,Landsat_2024_mediana_28042025,GoogleEarth,false,0,,,,,mas_de_5_km,,0,0,0,,,,,mas_de_5_km,,0,,,,,,
9bf4696326df030f83333ace,2026-10-05T13:24-05:00,2026-10-05T18:24:00Z,2026-10-05,5.77254,-68.97688,VIIRS-NOAA-21,NOAA-21,VIIRS,70.7,22.4,6.3,Nominal,D,0.51,0.49,true,true,Puntos_de_calor_Colombia_2026-10-05.csv,2026-10-06T06:27:43Z,99,Vichada,99524,La Primavera,asignado,cache_geometrico,false,0,,,,asignado,321111,3.2.1.1.1.1.  Herbazal denso de tierra firme no arbolado,3,32,321,3211,32111,321111,SI,Landsat_2024_mediana_28042025,GoogleEarth,false,0,,,,,mas_de_5_km,,0,0,0,,,,,mas_de_5_km,,0,,,,,,
9bfff10d12df06ded0044092,2026-10-05T13:24-05:00,2026-10-05T18:24:00Z,2026-10-05,5.21212,-74.65404,VIIRS-NOAA-21,NOAA-21,VIIRS,63,28.8,5.2,Nominal,D,0.39,0.36,true,true,Puntos_de_calor_Colombia_2026-10-05.csv,2026-10-06T06:27:43Z,25,Cundinamarca,25320,Guaduas,asignado,cache_geometrico,false,0,,,,asignado,244,2.4.4. Mosaico de pastos con espacios naturales,2,24,244,,,,SI,Landsat_2024_mediana_28042025,,true,1,GD4-111,(8320114592) MINANDES S.A.,Explotación,"ANTRACITA, CARBÓN METALÚRGICO, CARBÓN TÉRMICO",dentro,0.00,6,0,6,LAM3796|LAM4241|LAM1190|LAM1264|LAM0679,"AREA DE PERFORACION EXPLORATORIA BLOQUE LA POLA|AREA DE PERFORACION EXPLORATORIA BAMBU COLORADO|PERFORACION EXPLORATORIA GUADUALES ""AREA DE INCLUSION""|AREA DE PERFORACION EXPLORATORIA RIO SECO|NUEVAS AREAS DE EXPLOTACIÓN O DE DESARROLLO PARA EL CAMPO GUADUAS -BLOQUE RIO SECO RETENIDO-",VAROSA ENERGY LTDA|TEXICAN OIL LTD|PERENCO COLOMBIA LIMITED|GHK COMPANY COLOMBIA|PACIFIC STRATUS ENERGY COLOMBIA CORP,poligono,dentro,0.00,3,0115|0212|0029,LA POLA|VMM 15|RIO SECO,NO APLICA,VAROSA ENERGY SOCIEDAD POR ACCIONES SIMPLIFICADAS|LOH ENERGY|ECOPETROL S.A.,EXPLORACION|PRODUCCION,CONTRATO DE EXPLORACION Y PRODUCCION (E&P)|CONTRATO DE ASOCIACION CON ECOPETROL
9caabd0baabbcbf996ae3c7b,2026-10-05T13:24-05:00,2026-10-05T18:24:00Z,2026-10-05,4.83303,-70.58044,VIIRS-NOAA-21,NOAA-21,VIIRS,67.9,24.7,12.3,Nominal,D,0.39,0.44,true,true,Puntos_de_calor_Colombia_2026-10-05.csv,2026-10-06T06:27:43Z,99,Vichada,99624,Santa Rosalía,asignado,cache_geometrico,false,0,,,,asignado,321111,3.2.1.1.1.1.  Herbazal denso de tierra firme no arbolado,3,32,321,3211,32111,321111,SI,Landsat_2024_mediana_28042025,GoogleEarth,false,0,,,,,mas_de_5_km,,0,0,0,,,,,mas_de_5_km,,0,,,,,,
9d09769d9e37a21b22821d42,2026-10-05T13:24-05:00,2026-10-05T18:24:00Z,2026-10-05,5.46444,-70.84645,VIIRS-NOAA-21,NOAA-21,VIIRS,56.9,22.6,6,Nominal,D,0.57,0.43,true,true,Puntos_de_calor_Colombia_2026-10-05.csv,2026-10-06T06:27:43Z,85,Casanare,85250,Paz De Ariporo,asignado,cache_geometrico,false,0,,,,asignado,321121,3.2.1.1.2.1. Herbazal denso inundable no arbolado,3,32,321,3211,32112,321121,SI,Landsat_2024_mediana_28042025,GoogleEarth,false,0,,,,,hasta_1_km,681.04,3,0,3,LAM5838|LAV0014-13|LAV0006-00-2025,AUTO 485 EIA APE LLA-62|ÁREA DE PERFORACIÓN EXPLORATORIA MERECURE|ÁREA DE DESARROLLO LLANOS 111,GEOPARK|CEPSA COLOMBIA S.A. - CEPCOLSA|PAREX RESOURCES (COLOMBIA) AG SUCURSAL,poligono,dentro,0.00,2,0817|0859,CPE 2-2|LLA 111,NO APLICA,PAREX RESOURCES (COLOMBIA) AG,EXPLORACION,CONTRATO DE EXPLORACION Y PRODUCCION (E&P)
9d9cf93d6c67ec4a16113052,2026-10-05T13:24-05:00,2026-10-05T18:24:00Z,2026-10-05,3.75754,-75.41184,VIIRS-NOAA-21,NOAA-21,VIIRS,65.6,37.9,23.2,Nominal,D,0.38,0.36,true,true,Puntos_de_calor_Colombia_2026-10-05.csv,2026-10-06T06:27:43Z,73,Tolima,73168,Chaparral,asignado,cache_geometrico,false,0,,,,asignado,233,2.3.3. Pastos enmalezados,2,23,233,,,,SI,Landsat_2024_mediana_28042025,,false,0,,,,,dentro,0.00,10,0,10,LAM2932|LAV0016-00-2016|LAM1366|LAM4878,"CAMPO PAUTA1|LICENCIA AMBIENTAL CAMPO PAUTA Y BLOQUE CHAPARRAL.|SUBESTACIÓN TULUNÍ 230 kV Y LAS LÍNEAS DE TRANSMISIÓN ASOCIADAS - PROYECTO UPME 03-2013|Campo río Saldaña, asociación Tolima B. Explotación de hidrocarburos Campo Saldaña y Oliní|REANUDACIÓN DE LABORES DE LA ASOCIACIÓN TOLIMA B. PARA LOS CAMPOS RÍO SALDAÑA Y OLINI.|EXPLOTACIÓN Y DESARROLLO DEL BLOQUE DE ASOCIACIÓN TOLIMA B",VETRA EXPLORACIÓN Y PRODUCCIÓN COLOMBIA S.A.S|TUPROJECT S.A.S. E.S.P.|VETRA EXPLORACIÓN Y PRODUCCIÓN COLOMBIA S.A.S. – VETRA EyP S.A.S.|HOCOL S.A.,poligono|linea,dentro,0.00,2,0020|0360,CHAPARRAL|TOLIMA,NO APLICA|TOLIMA,ECOPETROL S.A.|HOCOL S.A.,PRODUCCION,CONTRATO DE ASOCIACION CON ECOPETROL|CONVENIO DE EXPLOTACION
9e9a1efac5f3b22cd2096a38,2026-10-05T13:24-05:00,2026-10-05T18:24:00Z,2026-10-05,5.49682,-69.23512,VIIRS-NOAA-21,NOAA-21,VIIRS,74.9,21.9,14.2,Nominal,D,0.48,0.48,true,true,Puntos_de_calor_Colombia_2026-10-05.csv,2026-10-06T06:27:43Z,99,Vichada,99524,La Primavera,asignado,cache_geometrico,false,0,,,,asignado,321111,3.2.1.1.1.1.  Herbazal denso de tierra firme no arbolado,3,32,321,3211,32111,321111,SI,Landsat_2024_mediana_28042025,GoogleEarth,false,0,,,,,mas_de_5_km,,0,0,0,,,,,mas_de_5_km,,0,,,,,,
a0567e91669be99fedff33e7,2026-10-05T13:24-05:00,2026-10-05T18:24:00Z,2026-10-05,2.63718,-75.35895,VIIRS-NOAA-21,NOAA-21,VIIRS,62.2,32.5,6.2,Baja,D,0.39,0.36,true,true,Puntos_de_calor_Colombia_2026-10-05.csv,2026-10-06T06:27:43Z,41,Huila,41132,Campoalegre,asignado,cache_geometrico,false,0,,,,asignado,2121,2.1.2.1. Arroz,2,21,212,2121,,,SI,Landsat_2024_mediana_28042025,,false,0,,,,,entre_1_y_5_km,4690.27,1,0,1,LAV0007-00-2017,CONSTRUCCIÓN DE LA VARIANTE CAMPOALEGRE,CONCESIONARIA ALIADAS PARA EL PROGRESO S.A.S,linea,dentro,0.00,2,0263|0546,VSM 15|VSM 13-2,NO APLICA,FLAMINGO OIL S.A.|PAREX RESOURCES (COLOMBIA) AG,EXPLORACION,CONTRATO DE EXPLORACION Y PRODUCCION (E&P)
a2a110317a76cc280a92466b,2026-10-05T13:24-05:00,2026-10-05T18:24:00Z,2026-10-05,8.40676,-75.55602,VIIRS-NOAA-21,NOAA-21,VIIRS,57.6,24.5,2.2,Nominal,D,0.39,0.36,true,true,Puntos_de_calor_Colombia_2026-10-05.csv,2026-10-06T06:27:43Z,23,Córdoba,23555,Planeta Rica,asignado,cache_geometrico,false,0,,,,asignado,233,2.3.3. Pastos enmalezados,2,23,233,,,,SI,Landsat_2024_mediana_28042025,,false,0,,,,,dentro,0.00,10,0,10,LAV0001-00-2026|LAV0053-00-2017|LAV0009-00-2018|LAM0062|LAM0318,ÁREA DE DESARROLLO SN 26|VARIANTE PLANETA RICA|Variante Planeta Rica|REFUERZO COSTA CARIBE 500KV: LÍNEA DE TRANSMISIÓN CERROMATOSO – CHINÚ – COPEY 500 kV|LÍNEA DE TRANSMISIÓN CERROMATOSO – CHINÚ – COPEY 500 kV|OLEODUCTO DEL ALTO MAGDALENA (TENAY VASCONIA COVEÑAS)|OLEODUCTO CUSIANA LA BELLEZA VASCONIA COVEÑAS E INSTALACIONES ANEXAS,CAPTIVA RESOURCES LLC SUCURSAL COLOMBIA|CONCESION RUTA AL MAR|CONCESION RUTA AL MAR S.A.S.|INTERCONEXIÓN ELÉCTRICA S.A. E.S.P. - ISA|INTERCONEXIÓN ELÉCTRICA S.A. - ISA|OLEODUCTO DE COLOMBIA S.A.|OLEODUCTO CENTRAL S.A. OCENSA S.A.,poligono|linea,dentro,0.00,1,0736,SN 26,NO APLICA,CAPTIVA RESOURCES LLC,EXPLORACION,CONTRATO DE EXPLORACION Y PRODUCCION (E&P)
a52906a873c3cb198a7f6b92,2026-10-05T13:24-05:00,2026-10-05T18:24:00Z,2026-10-05,4.7334,-71.16277,VIIRS-NOAA-21,NOAA-21,VIIRS,75.4,26.2,20.8,Nominal,D,0.53,0.42,true,true,Puntos_de_calor_Colombia_2026-10-05.csv,2026-10-06T06:27:43Z,50,Meta,50568,Puerto Gaitán,asignado,cache_geometrico,false,0,,,,asignado,321111,3.2.1.1.1.1.  Herbazal denso de tierra firme no arbolado,3,32,321,3211,32111,321111,SI,Landsat_2024_mediana_28042025,GoogleEarth,false,0,,,,,dentro,0.00,3,0,3,LAM3338|LAM3798,PERFORACIÓN EXPLORATORIA ÁREA DE INTERÉS CABIONA|AREA DE INTERES DE PERFORACION EXPLORATORIA CABIONA|AREA DE PERFORACION EXPLORATORIA CABIONA NORESTE,NEW GRANADA ENERGY CORPORATION SUCURSAL COLOMBIANA|NEW GRANADA ENERGY CORPORATION SUCURSAL COLOMBIA,poligono,hasta_1_km,704.48,1,0072,CABIONA,CABIONA B,NEW GRANADA ENERGY CORPORATION,PRODUCCION,CONTRATO DE EXPLORACION Y EXPLOTACION (E&E)
a6d1bbf2c70103765779276b,2026-10-05T13:24-05:00,2026-10-05T18:24:00Z,2026-10-05,5.78409,-68.99252,VIIRS-NOAA-21,NOAA-21,VIIRS,93.9,22,10.8,Alta,D,0.51,0.49,true,true,Puntos_de_calor_Colombia_2026-10-05.csv,2026-10-06T06:27:43Z,99,Vichada,99524,La Primavera,asignado,cache_geometrico,false,0,,,,asignado,231,2.3.1. Pastos limpios,2,23,231,,,,SI,Landsat_2024_mediana_28042025,GoogleEarth,false,0,,,,,mas_de_5_km,,0,0,0,,,,,mas_de_5_km,,0,,,,,,
a7e9e704687e3338eee438db,2026-10-05T13:24-05:00,2026-10-05T18:24:00Z,2026-10-05,3.53343,-71.90275,VIIRS-NOAA-21,NOAA-21,VIIRS,57.9,25.6,8.6,Nominal,D,0.47,0.4,true,true,Puntos_de_calor_Colombia_2026-10-05.csv,2026-10-06T06:27:43Z,50,Meta,50568,Puerto Gaitán,asignado,cache_geometrico,false,0,,,,asignado,321111,3.2.1.1.1.1.  Herbazal denso de tierra firme no arbolado,3,32,321,3211,32111,321111,SI,"Landsat_2024_mediana_28042025, L9_658_20240224","GoogleEarth, Planet Medres Normalized Analytic 2024-01 Mosaic",false,0,,,,,dentro,0.00,1,0,1,LAM5281,PERFORACIÓN EXPLORATORIA CPO-13,TECPETROL COLOMBIA S.A.S.,poligono,dentro,0.00,1,0195,CPO 13,MAUTE,TECPETROL COLOMBIA SAS,EVALUACION,CONTRATO DE EXPLORACION Y PRODUCCION (E&P)
a98bfa9245c6bd0717333e38,2026-10-05T13:24-05:00,2026-10-05T18:24:00Z,2026-10-05,5.5936,-75.07709,VIIRS-NOAA-21,NOAA-21,VIIRS,58.1,26.7,3.5,Nominal,D,0.39,0.36,true,true,Puntos_de_calor_Colombia_2026-10-05.csv,2026-10-06T06:27:43Z,17,Caldas,17662,Samaná,asignado,cache_geometrico,false,0,,,,asignado,243,"2.4.3. Mosaico de cultivos, pastos y espacios naturales",2,24,243,,,,SI,Landsat_2024_mediana_28042025,,true,1,ICQ-080626X,,Sin Informacion,MINERALES DE COBRE Y SUS CONCENTRADOS\ MINERALES *,mas_de_5_km,,0,0,0,,,,,mas_de_5_km,,0,,,,,,
ab3c02128bc03c03cc8c3775,2026-10-05T13:24-05:00,2026-10-05T18:24:00Z,2026-10-05,3.65686,-72.23161,VIIRS-NOAA-21,NOAA-21,VIIRS,80.2,26.7,13.2,Nominal,D,0.45,0.39,true,true,Puntos_de_calor_Colombia_2026-10-05.csv,2026-10-06T06:27:43Z,50,Meta,50568,Puerto Gaitán,asignado,cache_geometrico,false,0,,,,asignado,321111,3.2.1.1.1.1.  Herbazal denso de tierra firme no arbolado,3,32,321,3211,32111,321111,SI,Landsat_2024_mediana_28042025,Sentinel_2024_mediana_11042025,false,0,,,,,dentro,0.00,1,0,1,LAM5475,ÁREA DE PERFORACIÓN EXPLORATORIA BLOQUE CPO-12,META  PETROLEUM CORP,poligono,mas_de_5_km,,0,,,,,,
ab4ac1b7e6bb28c231400bce,2026-10-05T13:24-05:00,2026-10-05T18:24:00Z,2026-10-05,2.88833,-73.26086,VIIRS-NOAA-21,NOAA-21,VIIRS,63.8,24.2,1.7,Nominal,D,0.41,0.37,true,true,Puntos_de_calor_Colombia_2026-10-05.csv,2026-10-06T06:27:43Z,50,Meta,50590,Puerto Rico,asignado,cache_geometrico,false,0,,,,asignado,243,"2.4.3. Mosaico de cultivos, pastos y espacios naturales",2,24,243,,,,SI,L8_758_20240411,,false,0,,,,,entre_1_y_5_km,4920.68,2,0,2,LAM4309|LAV0010-14,"AREA DE INTERES DE PERFORACION EXPLORATORIA RIO ARIARI|ÁREA DE PERFORACIÓN EXPLORATORIA CPO 17 WEST 
(META)",PETROMINERALES COLOMBIA LTDA|HOCOL S.A,poligono,mas_de_5_km,,0,,,,,,
aba7a3b55ec0c5e24d32d5f4,2026-10-05T13:24-05:00,2026-10-05T18:24:00Z,2026-10-05,7.01811,-74.03637,VIIRS-NOAA-21,NOAA-21,VIIRS,64.6,27.6,31.4,Nominal,D,0.41,0.37,true,true,Puntos_de_calor_Colombia_2026-10-05.csv,2026-10-06T06:27:43Z,05,Antioquia,05893,Yondó,asignado,cache_geometrico,false,0,,,,asignado,244,2.4.4. Mosaico de pastos con espacios naturales,2,24,244,,,,SI,Landsat_2024_mediana_28042025,,false,0,,,,,mas_de_5_km,,0,0,0,,,,,entre_1_y_5_km,2220.65,1,0235,MAGDALENA MEDIO,MAGDALENA MEDIO,ECOPETROL S.A.,PRODUCCION,CONVENIO DE EXPLOTACION
ac52ad4ca93bc98e15b8445c,2026-10-05T13:24-05:00,2026-10-05T18:24:00Z,2026-10-05,6.70165,-75.07607,VIIRS-NOAA-21,NOAA-21,VIIRS,57.8,26.1,2.5,Nominal,D,0.39,0.36,true,true,Puntos_de_calor_Colombia_2026-10-05.csv,2026-10-06T06:27:43Z,05,Antioquia,05890,Yolombó,asignado,cache_geometrico,false,0,,,,asignado,31111,3.1.1.1.1. Bosque denso alto de tierra firme,3,31,311,3111,31111,,SI,Landsat_2024_mediana_28042025,,true,1,JLO-11461,(9005818826) MARQUESA GOLD S.A.S.,Explotación,"MINERAL DE ORO, MINERAL DE PLATINO",mas_de_5_km,,0,0,0,,,,,mas_de_5_km,,0,,,,,,
aea57ea5e1f4f4172098fe40,2026-10-05T13:24-05:00,2026-10-05T18:24:00Z,2026-10-05,4.51729,-72.13735,VIIRS-NOAA-21,NOAA-21,VIIRS,60.8,21.1,8.3,Nominal,D,0.47,0.4,true,true,Puntos_de_calor_Colombia_2026-10-05.csv,2026-10-06T06:27:43Z,85,Casanare,85139,Maní,asignado,cache_geometrico,false,0,,,,asignado,321121,3.2.1.1.2.1. Herbazal denso inundable no arbolado,3,32,321,3211,32112,321121,SI,Landsat_2024_mediana_28042025,"Basemap, GoogleEarth",false,0,,,,,dentro,0.00,3,0,3,LAM5075|LAV0097-00-2014|LAM5016,BLOQUE DE PERFORACION EXPLORATORIA PUNTERO|AREA DE DESARROLLO PUNTERO|AREA DE PERFORACION EXPLORATORIA SAN ANTONIO,CEPSA COLOMBIA S.A. - CEPCOLSA|CEPSA COLOMBIA S.A.|THORNELOE ENERGY SUCURSAL COLOMBIA,poligono,mas_de_5_km,,0,,,,,,
b09607ded54549281feed95a,2026-10-05T13:24-05:00,2026-10-05T18:24:00Z,2026-10-05,5.9248,-70.16574,VIIRS-NOAA-21,NOAA-21,VIIRS,58.7,21.8,6.2,Nominal,D,0.42,0.46,true,true,Puntos_de_calor_Colombia_2026-10-05.csv,2026-10-06T06:27:43Z,85,Casanare,85250,Paz De Ariporo,asignado,cache_geometrico,false,0,,,,asignado,321121,3.2.1.1.2.1. Herbazal denso inundable no arbolado,3,32,321,3211,32112,321121,SI,Landsat_2024_mediana_28042025,GoogleEarth,false,0,,,,,entre_1_y_5_km,4557.47,1,0,1,LAM3530,AREA DE INTERES DE PERFORACION EXPLORATORIA PRIMAVERA NORTE,GRAN TIERRA ENERGY COLOMBIA LTD.,poligono,mas_de_5_km,,0,,,,,,
b15ac4ffcbdea732fe99366d,2026-10-05T13:24-05:00,2026-10-05T18:24:00Z,2026-10-05,2.25541,-75.11931,VIIRS-NOAA-21,NOAA-21,VIIRS,58.3,26.1,4.1,Nominal,D,0.38,0.36,true,true,Puntos_de_calor_Colombia_2026-10-05.csv,2026-10-06T06:27:43Z,18,Caquetá,18592,Puerto Rico,asignado,cache_geometrico,false,0,,,,asignado,231,2.3.1. Pastos limpios,2,23,231,,,,SI,L8_858_20240410,,false,0,,,,,mas_de_5_km,,0,0,0,,,,,mas_de_5_km,,0,,,,,,
b1d8907f1065b27f15666ad9,2026-10-05T13:24-05:00,2026-10-05T18:24:00Z,2026-10-05,4.40236,-69.39447,VIIRS-NOAA-21,NOAA-21,VIIRS,66.7,22.8,7.1,Nominal,D,0.45,0.47,true,true,Puntos_de_calor_Colombia_2026-10-05.csv,2026-10-06T06:27:43Z,99,Vichada,99773,Cumaribo,asignado,cache_geometrico,false,0,,,,asignado,321111,3.2.1.1.1.1.  Herbazal denso de tierra firme no arbolado,3,32,321,3211,32111,321111,SI,L9_557_20240225,Mosaico Sentinel-2_L2A_False_color 2024-01-27-00_00_2024-01-27-23_59,false,0,,,,,mas_de_5_km,,0,0,0,,,,,mas_de_5_km,,0,,,,,,
b257ef0f2fa3fc4b3c559fcc,2026-10-05T13:24-05:00,2026-10-05T18:24:00Z,2026-10-05,5.77901,-68.96396,VIIRS-NOAA-21,NOAA-21,VIIRS,61.8,22.7,7.3,Nominal,D,0.51,0.49,true,true,Puntos_de_calor_Colombia_2026-10-05.csv,2026-10-06T06:27:43Z,99,Vichada,99524,La Primavera,asignado,cache_geometrico,false,0,,,,asignado,321111,3.2.1.1.1.1.  Herbazal denso de tierra firme no arbolado,3,32,321,3211,32111,321111,SI,Landsat_2024_mediana_28042025,GoogleEarth,false,0,,,,,mas_de_5_km,,0,0,0,,,,,mas_de_5_km,,0,,,,,,
b3c6781a25de506ad97c61ba,2026-10-05T13:24-05:00,2026-10-05T18:24:00Z,2026-10-05,6.72106,-74.03336,VIIRS-NOAA-21,NOAA-21,VIIRS,69.1,28.4,6.8,Nominal,D,0.41,0.37,true,true,Puntos_de_calor_Colombia_2026-10-05.csv,2026-10-06T06:27:43Z,68,Santander,68573,Puerto Parra,asignado,cache_geometrico,false,0,,,,asignado,3231,3.2.3.1. Vegetación secundaria alta,3,32,323,3231,,,SI,Landsat_2024_mediana_28042025,,false,0,,,,,entre_1_y_5_km,1489.66,10,0,10,LAM2375|LAM6817-00|LAM1298|LAM1801|LAM0069,"RED FERREA DEL ATLANTICO, REHABILITACION, CONSERVACION Y MANTENIMIENTO DE RED FERREA EN LOS SECTORES DE BOGOTA - SANTA MARTA, BOGOTA -  BELENCITO, LA CARO – LENGUAZAQUE, BELLO - PUERTO BERRIO|CONTRATO VE-313-2017 ENTRE AGENCIA NACIONAL DE INFRAESTRUCTURA – ANI Y CONSORCIO IBINES FÉRREO CIF|CRUCES SUBFLUVIALES ALTERNOS DE LOS RIOS LEBRIJA, CARARE Y OPÓN.|PE OC ST PRO8 POL12-16 GAL-SAL|ADECUACIÓN ESTACIÓN VASCONIA|OPERACIÓN Y MANTENIMIENTO DEL GASODUCTO CENTRO ORIENTE",FERROCARRILES DEL NORTE DE COLOMBIA S.A FENOCO S.A|Agencia Nacional de Infraestructura - ANI|CENIT TRANSPORTE Y LOGISTICA DE HIDROCARBUROS S.A.S.|CENIT S.A.S|ECOPETROL S.A.|TRANSPORTADORA DE GAS INTERNACIONAL TGI SA ESP,linea|poligono,mas_de_5_km,,0,,,,,,
b41648dd91188d6b72e4e89e,2026-10-05T13:24-05:00,2026-10-05T18:24:00Z,2026-10-05,6.00211,-71.06655,VIIRS-NOAA-21,NOAA-21,VIIRS,61.3,23.3,6.3,Nominal,D,0.56,0.43,true,true,Puntos_de_calor_Colombia_2026-10-05.csv,2026-10-06T06:27:43Z,85,Casanare,85250,Paz De Ariporo,asignado,cache_geometrico,false,0,,,,asignado,321121,3.2.1.1.2.1. Herbazal denso inundable no arbolado,3,32,321,3211,32112,321121,SI,Landsat_2024_mediana_28042025,IDEAM_puntos_CLC2022_verificacion_campo_2025,false,0,,,,,dentro,0.00,4,0,4,LAM4343|LAM5604|LAM5130,AREA DE INTERES DE PERFORACION EXPLORATORIA ALTAMIRA D|AREA DE PERFORACION EXPLORATORIA LLANOS 56|BLOQUE DE PERFORACIÓN EXPLORATORIA JAGÜEYES B|AREA DE MAYOR INTERES AREA DE PERFORACION EXPLORATORIA LLANOS 56,PETROMINERALES COLOMBIA LTDA|TABASCO OIL COMPANY LLC|TOC ENERGÍA SUCURSAL COLOMBIA,poligono,dentro,0.00,1,0242,LLA 56,NO APLICA,TOC ENERGIA LLC,EXPLORACION,CONTRATO DE EXPLORACION Y PRODUCCION (E&P)
b44d4056efbf841e8b12dcd0,2026-10-05T13:24-05:00,2026-10-05T18:24:00Z,2026-10-05,3.4104,-69.85489,VIIRS-NOAA-21,NOAA-21,VIIRS,63.7,22.3,4.3,Nominal,D,0.41,0.45,true,true,Puntos_de_calor_Colombia_2026-10-05.csv,2026-10-06T06:27:43Z,94,Guainía,94343,Barrancominas,asignado,cache_geometrico,false,0,,,,asignado,244,2.4.4. Mosaico de pastos con espacios naturales,2,24,244,,,,SI,L9_558_20240225,Mosaico Sentinel-2_L2A_False_color 2024-01-27-00_00_2024-01-27-23_59,false,0,,,,,mas_de_5_km,,0,0,0,,,,,mas_de_5_km,,0,,,,,,
b476373c0c016141a68232f0,2026-10-05T13:24-05:00,2026-10-05T18:24:00Z,2026-10-05,3.62362,-75.15553,VIIRS-NOAA-21,NOAA-21,VIIRS,61.8,31.7,2.1,Nominal,D,0.38,0.36,true,true,Puntos_de_calor_Colombia_2026-10-05.csv,2026-10-06T06:27:43Z,73,Tolima,73483,Natagaima,asignado,cache_geometrico,false,0,,,,asignado,244,2.4.4. Mosaico de pastos con espacios naturales,2,24,244,,,,SI,Landsat_2024_mediana_28042025,,false,0,,,,,entre_1_y_5_km,1553.63,1,0,1,LAM0304,LÍNEA DE INTERCONEXIÓN ELÉCTRICA BETANIA-MIROLINDO,INTERCONEXION ELECTRICA S.A. E.S.P. ISA,linea,mas_de_5_km,,0,,,,,,
b50e23b61e4aeee6f99603dc,2026-10-05T13:24-05:00,2026-10-05T18:24:00Z,2026-10-05,5.7886,-68.99317,VIIRS-NOAA-21,NOAA-21,VIIRS,68.8,20.4,10.8,Nominal,D,0.51,0.49,true,true,Puntos_de_calor_Colombia_2026-10-05.csv,2026-10-06T06:27:43Z,99,Vichada,99524,La Primavera,asignado,cache_geometrico,false,0,,,,asignado,321111,3.2.1.1.1.1.  Herbazal denso de tierra firme no arbolado,3,32,321,3211,32111,321111,SI,Landsat_2024_mediana_28042025,GoogleEarth,false,0,,,,,mas_de_5_km,,0,0,0,,,,,mas_de_5_km,,0,,,,,,
b5352e113ba84afcc7fecc75,2026-10-05T13:24-05:00,2026-10-05T18:24:00Z,2026-10-05,7.00238,-73.93107,VIIRS-NOAA-21,NOAA-21,VIIRS,62.5,26.3,4.7,Nominal,D,0.42,0.37,true,true,Puntos_de_calor_Colombia_2026-10-05.csv,2026-10-06T06:27:43Z,05,Antioquia,05893,Yondó,asignado,cache_geometrico,false,0,,,,asignado,131,1.3.1. Zonas de extracción minera,1,13,131,,,,SI,Landsat_2024_mediana_28042025,Sentinel_2024_mediana_11042025,false,0,,,,,dentro,0.00,4,0,4,LAM0855|LAM2087,ICA 15 Casabe Peñas Blancas 2013|CAMPOS PETROLEROS CASABE Y PEÑAS BLANCAS.|PERFORACION EXPLORATORIA POZO CASABE K|PERFORACIÓN EXPLORATORIA POZO CASABE K,ECOPETROL S.A|ECOPETROL S.A.,poligono|punto,dentro,0.00,1,0235,MAGDALENA MEDIO,MAGDALENA MEDIO,ECOPETROL S.A.,PRODUCCION,CONVENIO DE EXPLOTACION
b5684bf1744946ddd0bfb881,2026-10-05T13:24-05:00,2026-10-05T18:24:00Z,2026-10-05,6.73061,-71.13153,VIIRS-NOAA-21,NOAA-21,VIIRS,58.7,20.2,5.6,Nominal,D,0.57,0.43,true,true,Puntos_de_calor_Colombia_2026-10-05.csv,2026-10-06T06:27:43Z,81,Arauca,81065,Arauquita,asignado,cache_geometrico,false,0,,,,asignado,231,2.3.1. Pastos limpios,2,23,231,,,,SI,Landsat_2024_mediana_28042025,GoogleEarth,false,0,,,,,mas_de_5_km,,0,0,0,,,,,entre_1_y_5_km,2138.61,2,0892|0051,LLA 43-1|COSECHA,NO APLICA,"PAREX RESOURCES (COLOMBIA) AG|SIERRACOL ENERGY ARAUCA, LLC",EXPLORACION|PRODUCCION,CONTRATO DE EXPLORACION Y PRODUCCION (E&P)|CONTRATO DE ASOCIACION CON ECOPETROL
b750d539373d7778e735589c,2026-10-05T13:24-05:00,2026-10-05T18:24:00Z,2026-10-05,2.59927,-74.46722,VIIRS-NOAA-21,NOAA-21,VIIRS,60.5,24.4,3.4,Nominal,D,0.39,0.36,true,true,Puntos_de_calor_Colombia_2026-10-05.csv,2026-10-06T06:27:43Z,50,Meta,50370,Uribe,asignado,cache_geometrico,false,0,,,,asignado,231,2.3.1. Pastos limpios,2,23,231,,,,SI,L8_858_20240410,"Layer Google Earth, Basemap ESRI",false,0,,,,,mas_de_5_km,,0,0,0,,,,,mas_de_5_km,,0,,,,,,
b8a0711abe5d3abeca1d7e8c,2026-10-05T13:24-05:00,2026-10-05T18:24:00Z,2026-10-05,4.66777,-71.47993,VIIRS-NOAA-21,NOAA-21,VIIRS,60.9,24.8,4.3,Nominal,D,0.51,0.41,true,true,Puntos_de_calor_Colombia_2026-10-05.csv,2026-10-06T06:27:43Z,50,Meta,50568,Puerto Gaitán,asignado,cache_geometrico,false,0,,,,asignado,321121,3.2.1.1.2.1. Herbazal denso inundable no arbolado,3,32,321,3211,32112,321121,SI,Landsat_2024_mediana_28042025,Basemap,false,0,,,,,dentro,0.00,3,0,3,LAM4973|LAV0049-00-2025|LAM5225,AREA DE INTERES DE PERFORACIÓN EXPLORATORIA EN EL BLOQUE CPO-2|ÁREA DE PERFORACIÓN EXPLORATORIA LLANOS 99|BLOQUE DE PERFORACIÓN EXPLORATORIA CPO-1,PLUSPETROL RESOURCES CORPORATION SUCURSAL COLOMBIANA|FRONTERA ENERGY COLOMBIA CORP. SUCURSAL COLOMBIA,poligono,dentro,0.00,1,0718,LLA 99,NO APLICA,FRONTERA ENERGY COLOMBIA CORP.,EXPLORACION,CONTRATO DE EXPLORACION Y PRODUCCION (E&P)
bb6a5685d091eb45630e805b,2026-10-05T13:24-05:00,2026-10-05T18:24:00Z,2026-10-05,5.79947,-69.01319,VIIRS-NOAA-21,NOAA-21,VIIRS,73,22.4,11.8,Nominal,D,0.5,0.49,true,true,Puntos_de_calor_Colombia_2026-10-05.csv,2026-10-06T06:27:43Z,99,Vichada,99524,La Primavera,asignado,cache_geometrico,false,0,,,,asignado,321111,3.2.1.1.1.1.  Herbazal denso de tierra firme no arbolado,3,32,321,3211,32111,321111,SI,Landsat_2024_mediana_28042025,GoogleEarth,false,0,,,,,mas_de_5_km,,0,0,0,,,,,mas_de_5_km,,0,,,,,,
bba1b37690e3c776a42a7719,2026-10-05T13:24-05:00,2026-10-05T18:24:00Z,2026-10-05,6.70921,-71.36434,VIIRS-NOAA-21,NOAA-21,VIIRS,59.3,22.9,5.1,Nominal,D,0.55,0.43,true,true,Puntos_de_calor_Colombia_2026-10-05.csv,2026-10-06T06:27:43Z,81,Arauca,81065,Arauquita,asignado,cache_geometrico,false,0,,,,asignado,231,2.3.1. Pastos limpios,2,23,231,,,,SI,Landsat_2024_mediana_28042025,GoogleEarth,false,0,,,,,dentro,0.00,5,0,5,LAM3086|LAM3368,"BLOQUE DE PERFORACIÓN EXPLORATORIA RONDÓN|CAMPO DE DESAROLLO CARICARE|PERFORACIÓN EXPLORATORIA DEL POZO RONDON B, EN EL BLOQUE RONDON|CAMPO DE DESARROLLO CARICARE",OCCIDENTAL DE COLOMBIA INC.|OCCIDENTAL DE COLOMBIA INC|OCCIDENTAL DE COLOMBIA LLC.|OCCIDENTAL DE COLOMBIA LLC,poligono|punto,dentro,0.00,4,0011|0310|0322|0051,RONDON|LLA 1|LLA 70|COSECHA,NO APLICA,"SIERRACOL ENERGY ARAUCA, LLC|GRAN TIERRA ENERGY COLOMBIA GMBH",PRODUCCION|EXPLORACION,CONTRATO DE ASOCIACION CON ECOPETROL|CONTRATO DE EXPLORACION Y PRODUCCION (E&P)
bd2816bf483104fec01c8d64,2026-10-05T13:24-05:00,2026-10-05T18:24:00Z,2026-10-05,4.73514,-71.16084,VIIRS-NOAA-21,NOAA-21,VIIRS,64.4,25.5,7.1,Nominal,D,0.53,0.42,true,true,Puntos_de_calor_Colombia_2026-10-05.csv,2026-10-06T06:27:43Z,50,Meta,50568,Puerto Gaitán,asignado,cache_geometrico,false,0,,,,asignado,321111,3.2.1.1.1.1.  Herbazal denso de tierra firme no arbolado,3,32,321,3211,32111,321111,SI,Landsat_2024_mediana_28042025,GoogleEarth,false,0,,,,,dentro,0.00,3,0,3,LAM3338|LAM3798,PERFORACIÓN EXPLORATORIA ÁREA DE INTERÉS CABIONA|AREA DE INTERES DE PERFORACION EXPLORATORIA CABIONA|AREA DE PERFORACION EXPLORATORIA CABIONA NORESTE,NEW GRANADA ENERGY CORPORATION SUCURSAL COLOMBIANA|NEW GRANADA ENERGY CORPORATION SUCURSAL COLOMBIA,poligono,hasta_1_km,896.83,1,0072,CABIONA,CABIONA B,NEW GRANADA ENERGY CORPORATION,PRODUCCION,CONTRATO DE EXPLORACION Y EXPLOTACION (E&E)
bd52e1741ce2e4c5f7cb4308,2026-10-05T13:24-05:00,2026-10-05T18:24:00Z,2026-10-05,5.50436,-69.62937,VIIRS-NOAA-21,NOAA-21,VIIRS,75.3,18.9,61.3,Nominal,D,0.45,0.47,true,true,Puntos_de_calor_Colombia_2026-10-05.csv,2026-10-06T06:27:43Z,99,Vichada,99524,La Primavera,asignado,cache_geometrico,false,0,,,,asignado,321111,3.2.1.1.1.1.  Herbazal denso de tierra firme no arbolado,3,32,321,3211,32111,321111,SI,Landsat_2024_mediana_28042025,GoogleEarth,false,0,,,,,mas_de_5_km,,0,0,0,,,,,mas_de_5_km,,0,,,,,,
bde3d3955e7f8543d27d6229,2026-10-05T13:24-05:00,2026-10-05T18:24:00Z,2026-10-05,6.54316,-73.79018,VIIRS-NOAA-21,NOAA-21,VIIRS,58.8,25.9,9.7,Nominal,D,0.42,0.38,true,true,Puntos_de_calor_Colombia_2026-10-05.csv,2026-10-06T06:27:43Z,68,Santander,68385,Landázuri,asignado,cache_geometrico,false,0,,,,asignado,3231,3.2.3.1. Vegetación secundaria alta,3,32,323,3231,,,SI,Landsat_2024_mediana_28042025,,false,0,,,,,mas_de_5_km,,0,0,0,,,,,entre_1_y_5_km,4775.20,1,0511,VMM 10-1,NO APLICA,CNE OIL & GAS S A S,EXPLORACION,CONTRATO DE EXPLORACION Y PRODUCCION (E&P)
be6b14b95ae6d1e95ab49a1d,2026-10-05T13:24-05:00,2026-10-05T18:24:00Z,2026-10-05,6.99441,-74.31861,VIIRS-NOAA-21,NOAA-21,VIIRS,72.7,27.8,26.7,Nominal,D,0.41,0.37,true,true,Puntos_de_calor_Colombia_2026-10-05.csv,2026-10-06T06:27:43Z,05,Antioquia,05604,Remedios,asignado,cache_geometrico,false,0,,,,asignado,31111,3.1.1.1.1. Bosque denso alto de tierra firme,3,31,311,3111,31111,,SI,Landsat_2024_mediana_28042025,Sentinel_2024_mediana_11042025,false,0,,,,,mas_de_5_km,,0,0,0,,,,,mas_de_5_km,,0,,,,,,
be9cf1ad465b1d0d0a2215c8,2026-10-05T13:24-05:00,2026-10-05T18:24:00Z,2026-10-05,4.95317,-70.83253,VIIRS-NOAA-21,NOAA-21,VIIRS,63.2,25.2,23.4,Nominal,D,0.56,0.43,true,true,Puntos_de_calor_Colombia_2026-10-05.csv,2026-10-06T06:27:43Z,99,Vichada,99624,Santa Rosalía,asignado,cache_geometrico,false,0,,,,asignado,321111,3.2.1.1.1.1.  Herbazal denso de tierra firme no arbolado,3,32,321,3211,32111,321111,SI,Landsat_2024_mediana_28042025,GoogleEarth,false,0,,,,,entre_1_y_5_km,2482.40,2,0,2,LAM3607,AREA DE DESARROLLO LAS GARZAS|AREA DE PERFORACION EXPLORATORIA LAS GARZAS,NEW GRANADA ENERGY CORPORATION SUCURSAL COLOMBIA,poligono,entre_1_y_5_km,4959.82,1,0094,LAS GARZAS,LAS GARZAS B,NEW GRANADA ENERGY CORPORATION,PRODUCCION,CONTRATO DE EXPLORACION Y PRODUCCION (E&P)
bf80a4553e4da17b4df35dfa,2026-10-05T13:24-05:00,2026-10-05T18:24:00Z,2026-10-05,4.73442,-71.16561,VIIRS-NOAA-21,NOAA-21,VIIRS,62.8,24.6,5.1,Nominal,D,0.53,0.42,true,true,Puntos_de_calor_Colombia_2026-10-05.csv,2026-10-06T06:27:43Z,50,Meta,50568,Puerto Gaitán,asignado,cache_geometrico,false,0,,,,asignado,321111,3.2.1.1.1.1.  Herbazal denso de tierra firme no arbolado,3,32,321,3211,32111,321111,SI,Landsat_2024_mediana_28042025,GoogleEarth,false,0,,,,,dentro,0.00,3,0,3,LAM3338|LAM3798,PERFORACIÓN EXPLORATORIA ÁREA DE INTERÉS CABIONA|AREA DE INTERES DE PERFORACION EXPLORATORIA CABIONA|AREA DE PERFORACION EXPLORATORIA CABIONA NORESTE,NEW GRANADA ENERGY CORPORATION SUCURSAL COLOMBIANA|NEW GRANADA ENERGY CORPORATION SUCURSAL COLOMBIA,poligono,hasta_1_km,817.25,1,0072,CABIONA,CABIONA B,NEW GRANADA ENERGY CORPORATION,PRODUCCION,CONTRATO DE EXPLORACION Y EXPLOTACION (E&E)
bf877d49553037f42e65ac4a,2026-10-05T13:24-05:00,2026-10-05T18:24:00Z,2026-10-05,3.88265,-71.7243,VIIRS-NOAA-21,NOAA-21,VIIRS,72.2,22.1,12.1,Nominal,D,0.48,0.4,true,true,Puntos_de_calor_Colombia_2026-10-05.csv,2026-10-06T06:27:43Z,50,Meta,50568,Puerto Gaitán,asignado,cache_geometrico,false,0,,,,asignado,321111,3.2.1.1.1.1.  Herbazal denso de tierra firme no arbolado,3,32,321,3211,32111,321111,SI,Landsat_2024_mediana_28042025,GoogleEarth,false,0,,,,,hasta_1_km,45.17,3,0,3,LAM5175|LAM4978|LAM2965,AREA DE PERFORACIÓN EXPLORATORIA MAGO NORTE|LÍNEA ELÉCTRICA DE 230 KV SUBESTACIÓN CHIVOR - CAMPO RUBIALES|OLEODUCTO CAMPO RUBIALES EL PORVENIR,ECOPETROL S.A.|PETROELÉCTRICA DE LOS LLANOS S.A|OLEODUCTO DE LOS LLANOS ORIENTALES S.A.,poligono|linea,mas_de_5_km,,0,,,,,,
c35232fffe524c73ba8a9cf0,2026-10-05T13:24-05:00,2026-10-05T18:24:00Z,2026-10-05,5.77425,-70.19522,VIIRS-NOAA-21,NOAA-21,VIIRS,63.4,24.1,5.9,Nominal,D,0.42,0.45,true,true,Puntos_de_calor_Colombia_2026-10-05.csv,2026-10-06T06:27:43Z,85,Casanare,85250,Paz De Ariporo,asignado,cache_geometrico,false,0,,,,asignado,321121,3.2.1.1.2.1. Herbazal denso inundable no arbolado,3,32,321,3211,32112,321121,SI,Landsat_2024_mediana_28042025,GoogleEarth,false,0,,,,,entre_1_y_5_km,3048.35,1,0,1,LAM3530,AREA DE INTERES DE PERFORACION EXPLORATORIA PRIMAVERA NORTE,GRAN TIERRA ENERGY COLOMBIA LTD.,poligono,mas_de_5_km,,0,,,,,,
c371bdc923023a53c9489886,2026-10-05T13:24-05:00,2026-10-05T18:24:00Z,2026-10-05,3.99741,-72.90621,VIIRS-NOAA-21,NOAA-21,VIIRS,58.9,24.2,3.7,Nominal,D,0.43,0.38,true,true,Puntos_de_calor_Colombia_2026-10-05.csv,2026-10-06T06:27:43Z,50,Meta,50573,Puerto López,asignado,cache_geometrico,false,0,,,,asignado,321112,3.2.1.1.1.2.  Herbazal denso de tierra firme arbolado,3,32,321,3211,32111,321112,SI,Landsat_2024_mediana_28042025,,false,0,,,,,dentro,0.00,3,1,2,LAV0047-13|LAM5456,"AREA DE PERFOACION EXPLORATORIA FLOR- CPO11|ESTUDIO DE IMPACTO AMBIENTAL (EIA) PARA LA MODIFICACIÓN DE LA LICENCIA AMBIENTAL DE LA FASE EXPLORATORIA, A TRAVÉS DE LA OBTENCIÓN DE LICENCIA AMBIENTAL DE DESARROLLO PARA EL BLOQUE CPO-5|PERFORACIÓN EXPLORATORIA DEL BLOQUE CPO-5, LOCALIZADO EN LOS MUNICIPIOS DE PUERTO LÓPEZ Y CABUYARO",ECOPETROL S.A.|ONGC VIDESH LIMITED SUCURSAL COLOMBIANA,poligono,hasta_1_km,288.77,2,0193|0186,CPO 5|CPO 11,NO APLICA,ONGC VIDESH LIMITED|HUPECOL OPERATING CO LLC,EXPLORACION,CONTRATO DE EXPLORACION Y PRODUCCION (E&P)
c381b80ada177798748bcd13,2026-10-05T13:24-05:00,2026-10-05T18:24:00Z,2026-10-05,5.80238,-69.00748,VIIRS-NOAA-21,NOAA-21,VIIRS,61.7,22.4,8.3,Nominal,D,0.51,0.49,true,true,Puntos_de_calor_Colombia_2026-10-05.csv,2026-10-06T06:27:43Z,99,Vichada,99524,La Primavera,asignado,cache_geometrico,false,0,,,,asignado,321111,3.2.1.1.1.1.  Herbazal denso de tierra firme no arbolado,3,32,321,3211,32111,321111,SI,Landsat_2024_mediana_28042025,GoogleEarth,false,0,,,,,mas_de_5_km,,0,0,0,,,,,mas_de_5_km,,0,,,,,,
c5fce281b7ce9d07dbebf8f7,2026-10-05T13:24-05:00,2026-10-05T18:24:00Z,2026-10-05,4.80018,-70.37135,VIIRS-NOAA-21,NOAA-21,VIIRS,65.7,23,5.4,Nominal,D,0.4,0.44,true,true,Puntos_de_calor_Colombia_2026-10-05.csv,2026-10-06T06:27:43Z,99,Vichada,99624,Santa Rosalía,asignado,cache_geometrico,false,0,,,,asignado,321111,3.2.1.1.1.1.  Herbazal denso de tierra firme no arbolado,3,32,321,3211,32111,321111,SI,Landsat_2024_mediana_28042025,GoogleEarth,false,0,,,,,mas_de_5_km,,0,0,0,,,,,mas_de_5_km,,0,,,,,,
c65268ab3b7fd84f0ec5fd81,2026-10-05T13:24-05:00,2026-10-05T18:24:00Z,2026-10-05,3.53525,-71.89793,VIIRS-NOAA-21,NOAA-21,VIIRS,59.3,25.5,6.9,Nominal,D,0.47,0.4,true,true,Puntos_de_calor_Colombia_2026-10-05.csv,2026-10-06T06:27:43Z,50,Meta,50568,Puerto Gaitán,asignado,cache_geometrico,false,0,,,,asignado,321111,3.2.1.1.1.1.  Herbazal denso de tierra firme no arbolado,3,32,321,3211,32111,321111,SI,"Landsat_2024_mediana_28042025, L9_658_20240224","GoogleEarth, Planet Medres Normalized Analytic 2024-01 Mosaic",false,0,,,,,dentro,0.00,1,0,1,LAM5281,PERFORACIÓN EXPLORATORIA CPO-13,TECPETROL COLOMBIA S.A.S.,poligono,dentro,0.00,1,0195,CPO 13,MAUTE,TECPETROL COLOMBIA SAS,EVALUACION,CONTRATO DE EXPLORACION Y PRODUCCION (E&P)
c66716277616418bd8b2b79e,2026-10-05T13:24-05:00,2026-10-05T18:24:00Z,2026-10-05,3.59046,-75.26278,VIIRS-NOAA-21,NOAA-21,VIIRS,62.8,30.8,8,Nominal,D,0.38,0.36,true,true,Puntos_de_calor_Colombia_2026-10-05.csv,2026-10-06T06:27:43Z,73,Tolima,73067,Ataco,asignado,cache_geometrico,false,0,,,,asignado,321111,3.2.1.1.1.1.  Herbazal denso de tierra firme no arbolado,3,32,321,3211,32111,321111,SI,Landsat_2024_mediana_28042025,,false,0,,,,,mas_de_5_km,,0,0,0,,,,,mas_de_5_km,,0,,,,,,
c75b7400d76b8e3051ada295,2026-10-05T13:24-05:00,2026-10-05T18:24:00Z,2026-10-05,4.69434,-69.87768,VIIRS-NOAA-21,NOAA-21,VIIRS,63.1,21.5,6.2,Nominal,D,0.43,0.46,true,true,Puntos_de_calor_Colombia_2026-10-05.csv,2026-10-06T06:27:43Z,99,Vichada,99773,Cumaribo,asignado,cache_geometrico,false,0,,,,asignado,314,3.1.4. Bosque de galería y ripario,3,31,314,,,,SI,Landsat_2024_mediana_28042025,"GoogleEarth, BingMaps",false,0,,,,,mas_de_5_km,,0,0,0,,,,,mas_de_5_km,,0,,,,,,
ca15b821e1b70dd88c99cb9a,2026-10-05T13:24-05:00,2026-10-05T18:24:00Z,2026-10-05,4.51243,-72.14521,VIIRS-NOAA-21,NOAA-21,VIIRS,79,27.2,44.7,Nominal,D,0.47,0.4,true,true,Puntos_de_calor_Colombia_2026-10-05.csv,2026-10-06T06:27:43Z,85,Casanare,85139,Maní,asignado,cache_geometrico,false,0,,,,asignado,321121,3.2.1.1.2.1. Herbazal denso inundable no arbolado,3,32,321,3211,32112,321121,SI,Landsat_2024_mediana_28042025,"Basemap, GoogleEarth",false,0,,,,,dentro,0.00,3,0,3,LAM5075|LAM5016|LAV0097-00-2014,BLOQUE DE PERFORACION EXPLORATORIA PUNTERO|AREA DE PERFORACION EXPLORATORIA SAN ANTONIO|AREA DE DESARROLLO PUNTERO,CEPSA COLOMBIA S.A. - CEPCOLSA|THORNELOE ENERGY SUCURSAL COLOMBIA|CEPSA COLOMBIA S.A.,poligono,mas_de_5_km,,0,,,,,,
ca2558ab234c3ad560e0a889,2026-10-05T13:24-05:00,2026-10-05T18:24:00Z,2026-10-05,2.17715,-76.806,VIIRS-NOAA-21,NOAA-21,VIIRS,61.1,29.6,3.7,Nominal,D,0.41,0.37,true,true,Puntos_de_calor_Colombia_2026-10-05.csv,2026-10-06T06:27:43Z,19,Cauca,19392,La Sierra,asignado,cache_geometrico,false,0,,,,asignado,244,2.4.4. Mosaico de pastos con espacios naturales,2,24,244,,,,SI,Landsat_2024_mediana_28042025,,false,0,,,,,entre_1_y_5_km,2675.98,1,0,1,LAM1476,CARRETERA TIMBÍO - EL ESTANQUILLO. DPTO DEL CAUCA.,INSTITUTO NACIONAL DE VÍAS - INVIAS,linea,mas_de_5_km,,0,,,,,,
cc702d40c06608d556d2d33f,2026-10-05T13:24-05:00,2026-10-05T18:24:00Z,2026-10-05,3.5328,-71.90693,VIIRS-NOAA-21,NOAA-21,VIIRS,63.9,25.9,8.4,Nominal,D,0.47,0.4,true,true,Puntos_de_calor_Colombia_2026-10-05.csv,2026-10-06T06:27:43Z,50,Meta,50568,Puerto Gaitán,asignado,cache_geometrico,false,0,,,,asignado,321111,3.2.1.1.1.1.  Herbazal denso de tierra firme no arbolado,3,32,321,3211,32111,321111,SI,"Landsat_2024_mediana_28042025, L9_658_20240224","GoogleEarth, Planet Medres Normalized Analytic 2024-01 Mosaic",false,0,,,,,dentro,0.00,1,0,1,LAM5281,PERFORACIÓN EXPLORATORIA CPO-13,TECPETROL COLOMBIA S.A.S.,poligono,dentro,0.00,1,0195,CPO 13,MAUTE,TECPETROL COLOMBIA SAS,EVALUACION,CONTRATO DE EXPLORACION Y PRODUCCION (E&P)
cd9ac9edfd5ef5ffd63de0f6,2026-10-05T13:24-05:00,2026-10-05T18:24:00Z,2026-10-05,4.01873,-70.77729,VIIRS-NOAA-21,NOAA-21,VIIRS,67.9,23.2,10.9,Nominal,D,0.55,0.43,true,true,Puntos_de_calor_Colombia_2026-10-05.csv,2026-10-06T06:27:43Z,99,Vichada,99773,Cumaribo,asignado,cache_geometrico,false,0,,,,asignado,321111,3.2.1.1.1.1.  Herbazal denso de tierra firme no arbolado,3,32,321,3211,32111,321111,SI,"Landsat_2024_mediana_28042025, L9_657_20240412, L9_557_20240225","GoogleEarth, BingMaps, Planet Medres Normalized Analytic 2024-01 Mosaic",false,0,,,,,mas_de_5_km,,0,0,0,,,,,mas_de_5_km,,0,,,,,,
ce01e30d6f80a140fe1edbbe,2026-10-05T13:24-05:00,2026-10-05T18:24:00Z,2026-10-05,3.45144,-75.30033,VIIRS-NOAA-21,NOAA-21,VIIRS,63.7,33.8,8.2,Nominal,D,0.38,0.36,true,true,Puntos_de_calor_Colombia_2026-10-05.csv,2026-10-06T06:27:43Z,73,Tolima,73483,Natagaima,asignado,cache_geometrico,false,0,,,,asignado,3222,3.2.2.2. Arbustal abierto,3,32,322,3222,,,SI,Landsat_2024_mediana_28042025,,true,1,BLOQUE 691,,,ZONAS RESERVADAS CON POTENCIAL - BLOQUE 691,hasta_1_km,843.52,1,0,1,LAV0091-13,AREA DE PERFORACIÓN EXPLORATORIA VSM 9 (HUILA - TOLIMA),HOCOL S.A.,poligono,entre_1_y_5_km,3884.40,1,0250,VSM 9,NO APLICA,HOCOL S.A.,EXPLORACION,CONTRATO DE EXPLORACION Y PRODUCCION (E&P)
ce99b8be2d2feddb3bfad409,2026-10-05T13:24-05:00,2026-10-05T18:24:00Z,2026-10-05,3.87304,-72.43213,VIIRS-NOAA-21,NOAA-21,VIIRS,74.5,27.5,8.7,Nominal,D,0.45,0.39,true,true,Puntos_de_calor_Colombia_2026-10-05.csv,2026-10-06T06:27:43Z,50,Meta,50573,Puerto López,asignado,cache_geometrico,false,0,,,,asignado,321111,3.2.1.1.1.1.  Herbazal denso de tierra firme no arbolado,3,32,321,3211,32111,321111,SI,Landsat_2024_mediana_28042025,Sentinel_2024_mediana_11042025,false,0,,,,,dentro,0.00,2,0,2,LAM5475|LAV0036-00-2022,ÁREA DE PERFORACIÓN EXPLORATORIA BLOQUE CPO-12|ÁREA DE DESARROLLO LLANOS 134 - ÁREA DE DESARROLLO LLANOS 134,META  PETROLEUM CORP|PAREX RESOURCES COLOMBIA LTD SUCURSAL,poligono,mas_de_5_km,,0,,,,,,
cf19817c609215c152b85f46,2026-10-05T13:24-05:00,2026-10-05T18:24:00Z,2026-10-05,3.6189,-75.54086,VIIRS-NOAA-21,NOAA-21,VIIRS,59.3,29.2,3.1,Nominal,D,0.38,0.36,true,true,Puntos_de_calor_Colombia_2026-10-05.csv,2026-10-06T06:27:43Z,73,Tolima,73168,Chaparral,asignado,cache_geometrico,false,0,,,,asignado,244,2.4.4. Mosaico de pastos con espacios naturales,2,24,244,,,,SI,Landsat_2024_mediana_28042025,,true,1,BLOQUE 691,,,ZONAS RESERVADAS CON POTENCIAL - BLOQUE 691,mas_de_5_km,,0,0,0,,,,,mas_de_5_km,,0,,,,,,
d212c9f54a305e3e7f26f9de,2026-10-05T13:24-05:00,2026-10-05T18:24:00Z,2026-10-05,4.7313,-71.16029,VIIRS-NOAA-21,NOAA-21,VIIRS,64.4,25,7.1,Nominal,D,0.53,0.42,true,true,Puntos_de_calor_Colombia_2026-10-05.csv,2026-10-06T06:27:43Z,50,Meta,50568,Puerto Gaitán,asignado,cache_geometrico,false,0,,,,asignado,321111,3.2.1.1.1.1.  Herbazal denso de tierra firme no arbolado,3,32,321,3211,32111,321111,SI,Landsat_2024_mediana_28042025,GoogleEarth,false,0,,,,,dentro,0.00,4,0,4,LAM3338|LAM3798|LAM5088,PERFORACIÓN EXPLORATORIA ÁREA DE INTERÉS CABIONA|AREA DE INTERES DE PERFORACION EXPLORATORIA CABIONA|AREA DE PERFORACION EXPLORATORIA CABIONA NORESTE|AREA DE PERFORACIÓN EXPLORATORIA BLOQUE CPO-3,NEW GRANADA ENERGY CORPORATION SUCURSAL COLOMBIANA|NEW GRANADA ENERGY CORPORATION SUCURSAL COLOMBIA|PLUSPETROL COLOMBIA CORPORATION SUCURSAL COLOMBIANA,poligono,hasta_1_km,472.32,1,0072,CABIONA,CABIONA B,NEW GRANADA ENERGY CORPORATION,PRODUCCION,CONTRATO DE EXPLORACION Y EXPLOTACION (E&E)
d22d01d7ab56208191d4565b,2026-10-05T13:24-05:00,2026-10-05T18:24:00Z,2026-10-05,4.08324,-73.45648,VIIRS-NOAA-21,NOAA-21,VIIRS,70.6,26.4,15.6,Nominal,D,0.41,0.37,true,true,Puntos_de_calor_Colombia_2026-10-05.csv,2026-10-06T06:27:43Z,50,Meta,50001,Villavicencio,asignado,cache_geometrico,false,0,,,,asignado,2232,2.2.3.2. Palma de aceite,2,22,223,2232,,,SI,Landsat_2024_mediana_28042025,,false,0,,,,,dentro,0.00,20,2,18,LAM0198|LAM0951|LAM1063|LAV0071-00-2017|LAV0009-00-2026|LAV0071-00-2022|LAM8583-00|LAM2947|LAV0025-14|LAV0093-00-2014,"POZOS DE DESARROLLO APIAY A Y SURIA A Y B Y LIBERTAD|AREA DE LOS CAMPOS EN EXPLOTACION|Bloque Apiay. CAMPOS APIAY, SURIA Y REFORMA - LIBERTAD|GASODUCTO APIAY – VILLAVICENCIO – BOGOTÁ|CONSTRUCCIÓN GASODUCTO APIAY - VILLAVICENCIO - OCOA|SUBESTACIÓN SURIA 230 kV Y LÍNEAS DE TRANSMISIÓN ASOCIADAS|LÍNEA DE TRANSMISIÓN ENTRE LA SUBESTACIÓN EXISTENTE SURIA A 230 KV Y NUEVA SUBESTACIÓN CDS2 A 230 KV|CONSTRUCCIÓN Y PUESTA EN SERVICIO DE LA CONEXIÓN ENTRE PÓRTICO Y EQUIPOS DE SALIDA DE LA NUEVA SUBESTACIÓN SURIA Y EL PÓRTICO Y EQUIPOS DE LLEGADA DE LA NUEVA SUBESTACIÓN SANTA HELENA|SISTEMA DE TRANSPORTE DE HIDROCARBUROS APIAY – CHICHIMENE|OLEODUCTO CASTILLA – APIAY,|CONSTRUCCIÓN Y OPERACIÓN DE LA REFINERIA DEL META|CENTRO DE ACOPIO PARA COMBUSTIBLES - CENTRO DE ACOPIO PARA COMBUSTIBLES|CONSTRUCCIÓN Y OPERACIÓN REFINERIA DEL META",ECOPETROL S A|ECOPETROL S.A.|TRANSPORTADORA DE GAS INTERNACIONAL S.A. E.S.P. - TGI S.A. E.S.P.|DESARROLLO ELÉCTRICO SURIA S.A.S. E.S.P.|Interconexión eléctrica S.A. E.S.P.|ELECTRIFICADORA DEL META S.A. EMPRESA DE SERVICIOS PUBLICOS|EMPRESA DE PETROLEOS DEL LLANO- LLANOPETROL|EMPRESA DE PETROLEOS DEL LLANO - LLANOPETROL,poligono|linea,dentro,0.00,2,0091|0873,APIAY|LLA 141,APIAY|NO APLICA,ECOPETROL S.A.,PRODUCCION|EXPLORACION,CONVENIO DE EXPLOTACION|CONTRATO DE EXPLORACION Y PRODUCCION (E&P)
d28009ba61fce7843942cba8,2026-10-05T13:24-05:00,2026-10-05T18:24:00Z,2026-10-05,5.28892,-70.47636,VIIRS-NOAA-21,NOAA-21,VIIRS,58.3,22.1,7.1,Nominal,D,0.4,0.44,true,true,Puntos_de_calor_Colombia_2026-10-05.csv,2026-10-06T06:27:43Z,99,Vichada,99524,La Primavera,asignado,cache_geometrico,false,0,,,,asignado,321121,3.2.1.1.2.1. Herbazal denso inundable no arbolado,3,32,321,3211,32112,321121,SI,Landsat_2024_mediana_28042025,GoogleEarth,false,0,,,,,mas_de_5_km,,0,0,0,,,,,entre_1_y_5_km,2627.11,1,0817,CPE 2-2,NO APLICA,PAREX RESOURCES (COLOMBIA) AG,EXPLORACION,CONTRATO DE EXPLORACION Y PRODUCCION (E&P)
d2d5efd7f69b68a0f255c06a,2026-10-05T13:24-05:00,2026-10-05T18:24:00Z,2026-10-05,5.79073,-68.99191,VIIRS-NOAA-21,NOAA-21,VIIRS,58.2,18.8,2.5,Nominal,D,0.51,0.49,true,true,Puntos_de_calor_Colombia_2026-10-05.csv,2026-10-06T06:27:43Z,99,Vichada,99524,La Primavera,asignado,cache_geometrico,false,0,,,,asignado,314,3.1.4. Bosque de galería y ripario,3,31,314,,,,SI,Landsat_2024_mediana_28042025,GoogleEarth,false,0,,,,,mas_de_5_km,,0,0,0,,,,,mas_de_5_km,,0,,,,,,
d2e8058255d4d1793ea8a4ae,2026-10-05T13:24-05:00,2026-10-05T18:24:00Z,2026-10-05,5.79011,-68.99641,VIIRS-NOAA-21,NOAA-21,VIIRS,57.4,20.4,2.5,Nominal,D,0.51,0.49,true,true,Puntos_de_calor_Colombia_2026-10-05.csv,2026-10-06T06:27:43Z,99,Vichada,99524,La Primavera,asignado,cache_geometrico,false,0,,,,asignado,321111,3.2.1.1.1.1.  Herbazal denso de tierra firme no arbolado,3,32,321,3211,32111,321111,SI,Landsat_2024_mediana_28042025,GoogleEarth,false,0,,,,,mas_de_5_km,,0,0,0,,,,,mas_de_5_km,,0,,,,,,
d3127e6d832c940fac876590,2026-10-05T13:24-05:00,2026-10-05T18:24:00Z,2026-10-05,6.00605,-71.06713,VIIRS-NOAA-21,NOAA-21,VIIRS,65.6,23,6,Nominal,D,0.56,0.43,true,true,Puntos_de_calor_Colombia_2026-10-05.csv,2026-10-06T06:27:43Z,85,Casanare,85250,Paz De Ariporo,asignado,cache_geometrico,false,0,,,,asignado,321121,3.2.1.1.2.1. Herbazal denso inundable no arbolado,3,32,321,3211,32112,321121,SI,Landsat_2024_mediana_28042025,IDEAM_puntos_CLC2022_verificacion_campo_2025,false,0,,,,,dentro,0.00,4,0,4,LAM4343|LAM5604|LAM5130,AREA DE INTERES DE PERFORACION EXPLORATORIA ALTAMIRA D|AREA DE PERFORACION EXPLORATORIA LLANOS 56|BLOQUE DE PERFORACIÓN EXPLORATORIA JAGÜEYES B|AREA DE MAYOR INTERES AREA DE PERFORACION EXPLORATORIA LLANOS 56,PETROMINERALES COLOMBIA LTDA|TABASCO OIL COMPANY LLC|TOC ENERGÍA SUCURSAL COLOMBIA,poligono,dentro,0.00,1,0242,LLA 56,NO APLICA,TOC ENERGIA LLC,EXPLORACION,CONTRATO DE EXPLORACION Y PRODUCCION (E&P)
d379e14bd2435ae8b5c9e57a,2026-10-05T13:24-05:00,2026-10-05T18:24:00Z,2026-10-05,4.95391,-70.82751,VIIRS-NOAA-21,NOAA-21,VIIRS,66.2,24.7,7.5,Nominal,D,0.56,0.43,true,true,Puntos_de_calor_Colombia_2026-10-05.csv,2026-10-06T06:27:43Z,99,Vichada,99624,Santa Rosalía,asignado,cache_geometrico,false,0,,,,asignado,321111,3.2.1.1.1.1.  Herbazal denso de tierra firme no arbolado,3,32,321,3211,32111,321111,SI,Landsat_2024_mediana_28042025,GoogleEarth,false,0,,,,,entre_1_y_5_km,3003.41,2,0,2,LAM3607,AREA DE DESARROLLO LAS GARZAS|AREA DE PERFORACION EXPLORATORIA LAS GARZAS,NEW GRANADA ENERGY CORPORATION SUCURSAL COLOMBIA,poligono,mas_de_5_km,,0,,,,,,
d5889ed0f9dc4a34a4f490eb,2026-10-05T13:24-05:00,2026-10-05T18:24:00Z,2026-10-05,5.03801,-70.39534,VIIRS-NOAA-21,NOAA-21,VIIRS,71.3,22.2,13.5,Nominal,D,0.4,0.44,true,true,Puntos_de_calor_Colombia_2026-10-05.csv,2026-10-06T06:27:43Z,99,Vichada,99624,Santa Rosalía,asignado,cache_geometrico,false,0,,,,asignado,321111,3.2.1.1.1.1.  Herbazal denso de tierra firme no arbolado,3,32,321,3211,32111,321111,SI,Landsat_2024_mediana_28042025,GoogleEarth,false,0,,,,,mas_de_5_km,,0,0,0,,,,,mas_de_5_km,,0,,,,,,
d6bbd1bd810c58ea19998fc7,2026-10-05T13:24-05:00,2026-10-05T18:24:00Z,2026-10-05,3.75687,-72.57748,VIIRS-NOAA-21,NOAA-21,VIIRS,61.8,26.5,5.5,Nominal,D,0.44,0.38,true,true,Puntos_de_calor_Colombia_2026-10-05.csv,2026-10-06T06:27:43Z,50,Meta,50573,Puerto López,asignado,cache_geometrico,false,0,,,,asignado,232,2.3.2. Pastos arbolados,2,23,232,,,,SI,Landsat_2024_mediana_28042025,GoogleEarth,false,0,,,,,dentro,0.00,4,0,4,LAM5114|LAM5669|LAV0059-13|LAV0049-13,ÁREA DE PERFORACIÓN EXPLORATORIA GUACHARACA|AREA DE PERFORACIÓN EXPLORATORIA LLANOS-58|AREA DE PERFORACIÓN EXPLORATORIA PADRE|AREA PERFORACION EXPLORATORIA  MUÑECA,HUPECOL OPERATING CO LLC|ECOPETROL S.A.,poligono,mas_de_5_km,,0,,,,,,
d8e06cb75911a8503319d4d1,2026-10-05T13:24-05:00,2026-10-05T18:24:00Z,2026-10-05,4.74951,-69.14425,VIIRS-NOAA-21,NOAA-21,VIIRS,58.8,22.7,4.8,Nominal,D,0.48,0.48,true,true,Puntos_de_calor_Colombia_2026-10-05.csv,2026-10-06T06:27:43Z,99,Vichada,99773,Cumaribo,asignado,cache_geometrico,false,0,,,,asignado,321111,3.2.1.1.1.1.  Herbazal denso de tierra firme no arbolado,3,32,321,3211,32111,321111,SI,Landsat_2024_mediana_28042025,"GoogleEarth, BingMaps",false,0,,,,,mas_de_5_km,,0,0,0,,,,,mas_de_5_km,,0,,,,,,
d9b4850ece4f621c018813ca,2026-10-05T13:24-05:00,2026-10-05T18:24:00Z,2026-10-05,4.6741,-74.70667,VIIRS-NOAA-21,NOAA-21,VIIRS,60.7,27.2,7.5,Nominal,D,0.39,0.36,true,true,Puntos_de_calor_Colombia_2026-10-05.csv,2026-10-06T06:27:43Z,25,Cundinamarca,25580,Pulí,asignado,cache_geometrico,false,0,,,,asignado,244,2.4.4. Mosaico de pastos con espacios naturales,2,24,244,,,,SI,Landsat_2024_mediana_28042025,,false,0,,,,,hasta_1_km,816.48,5,0,5,LAM3300|LAV0017-00-2019|LAM3176,BLOQUE PULÍ B|SEGUNDO REFUERZO DE RED EN EL AREA ORIENTAL LINEA DE TRANSMISION LA VIRGINIA NUEVA ESPERANZA 500 KV UPME 07 2016|AREAS DE PERFORACION EXPLORATORIA NORTE Y SUR DEL BLOQUE RIO MAGDALENA,INTEROIL COLOMBIA EXPLORATION AND PRODUCTION|TRANSMISORA COLOMBIANA DE ENERGÍA S.A.S. E.S.P|TRANSMISORA COLOMBIANA DE ENERGIA S A S ESP|GRAN TIERRA ENERGY COLOMBIA LTD.,poligono,hasta_1_km,815.94,1,0359,PULI,PULI,HOCOL S.A.,PRODUCCION,CONVENIO DE EXPLOTACION
da67664e78071952821e97d3,2026-10-05T13:24-05:00,2026-10-05T18:24:00Z,2026-10-05,4.72955,-71.1622,VIIRS-NOAA-21,NOAA-21,VIIRS,74.9,26.8,20.8,Nominal,D,0.53,0.42,true,true,Puntos_de_calor_Colombia_2026-10-05.csv,2026-10-06T06:27:43Z,50,Meta,50568,Puerto Gaitán,asignado,cache_geometrico,false,0,,,,asignado,321111,3.2.1.1.1.1.  Herbazal denso de tierra firme no arbolado,3,32,321,3211,32111,321111,SI,Landsat_2024_mediana_28042025,GoogleEarth,false,0,,,,,dentro,0.00,4,0,4,LAM3338|LAM3798|LAM5088,PERFORACIÓN EXPLORATORIA ÁREA DE INTERÉS CABIONA|AREA DE INTERES DE PERFORACION EXPLORATORIA CABIONA|AREA DE PERFORACION EXPLORATORIA CABIONA NORESTE|AREA DE PERFORACIÓN EXPLORATORIA BLOQUE CPO-3,NEW GRANADA ENERGY CORPORATION SUCURSAL COLOMBIANA|NEW GRANADA ENERGY CORPORATION SUCURSAL COLOMBIA|PLUSPETROL COLOMBIA CORPORATION SUCURSAL COLOMBIANA,poligono,hasta_1_km,278.86,1,0072,CABIONA,CABIONA B,NEW GRANADA ENERGY CORPORATION,PRODUCCION,CONTRATO DE EXPLORACION Y EXPLOTACION (E&E)
dc9ffa821bf9afb5d5e93b38,2026-10-05T13:24-05:00,2026-10-05T18:24:00Z,2026-10-05,5.54852,-69.44144,VIIRS-NOAA-21,NOAA-21,VIIRS,59,18.5,2.1,Nominal,D,0.47,0.48,true,true,Puntos_de_calor_Colombia_2026-10-05.csv,2026-10-06T06:27:43Z,99,Vichada,99524,La Primavera,asignado,cache_geometrico,false,0,,,,asignado,314,3.1.4. Bosque de galería y ripario,3,31,314,,,,SI,Landsat_2024_mediana_28042025,GoogleEarth,false,0,,,,,mas_de_5_km,,0,0,0,,,,,mas_de_5_km,,0,,,,,,
dcd53dac53f880a862cc1368,2026-10-05T13:24-05:00,2026-10-05T18:24:00Z,2026-10-05,4.61979,-69.44616,VIIRS-NOAA-21,NOAA-21,VIIRS,60.3,23.3,6.5,Nominal,D,0.45,0.47,true,true,Puntos_de_calor_Colombia_2026-10-05.csv,2026-10-06T06:27:43Z,99,Vichada,99773,Cumaribo,asignado,cache_geometrico,false,0,,,,asignado,321111,3.2.1.1.1.1.  Herbazal denso de tierra firme no arbolado,3,32,321,3211,32111,321111,SI,Landsat_2024_mediana_28042025,"GoogleEarth, BingMaps",false,0,,,,,mas_de_5_km,,0,0,0,,,,,mas_de_5_km,,0,,,,,,
decf5057bcabd2b9c9b3cf05,2026-10-05T13:24-05:00,2026-10-05T18:24:00Z,2026-10-05,7.9518,-72.4886,VIIRS-NOAA-21,NOAA-21,VIIRS,63.1,29.8,3.5,Nominal,D,0.49,0.4,true,true,Puntos_de_calor_Colombia_2026-10-05.csv,2026-10-06T06:27:43Z,54,Norte De Santander,54001,San José De Cúcuta,asignado,cache_geometrico,false,0,,,,asignado,131,1.3.1. Zonas de extracción minera,1,13,131,,,,SI,Landsat_2024_mediana_28042025,GoogleEarth,true,1,458,(8905002825) TEJAR DE PESCADERO S.A.S.,Explotación,DEMAS_CONCESIBLES\ ARCILLA,hasta_1_km,201.08,10,0,10,LAM2684|LAM1416|LAM1921|LAM6115|LAM2978|LAM1082|LAM0802,"AREA DE EXPLOTACION CERRITO (MODIFICACION)|ÁREA DE EXPLORACIÓN CERRITO Y POZO DE DESARROLLO CERRITO 2, MUNICIPIO DE SAN JOSÉ DE CÚCUTA|ANILLO VIAL DE CUCUTA - SECTOR VILLA LUZ - EL ESCOBAL|CONSTRUCCIÓN ANILLO VIAL OCCIDENTAL DE CÚCUTA|AEROPUERTO INTERNACIONAL CAMILO DAZA-CÚCUTA|Aeropuerto Camilo Daza|OLEODUCTO CAÑO LIMÓN-COVEÑAS|AREA DE PERFORACION EXPLORATORIA LOS TOCHES",KAPPA RESOURCES COLOMBIA LTDA|PACIFIC STRATUS ENERGY COLOMBIA CORP|INSTITUTO NACIONAL DE VÍAS - INVIAS|CONCESIONARIA SAN SIMÓN S.A.|AEROPUERTOS DE ORIENTE S.A.S.|Aeronáutica Civil|CENIT S.A.S|COPLEX COLOMBIA LIMITED,poligono|punto|linea,dentro,0.00,1,0046,CERRITO,NO APLICA,PETROSOUTH ENERGY CORPORATION,PRODUCCION,CONTRATO DE ASOCIACION CON ECOPETROL
df5a6e269d9373812db775f8,2026-10-05T13:24-05:00,2026-10-05T18:24:00Z,2026-10-05,5.79725,-69.01132,VIIRS-NOAA-21,NOAA-21,VIIRS,75.3,22.2,8,Nominal,D,0.5,0.49,true,true,Puntos_de_calor_Colombia_2026-10-05.csv,2026-10-06T06:27:43Z,99,Vichada,99524,La Primavera,asignado,cache_geometrico,false,0,,,,asignado,321111,3.2.1.1.1.1.  Herbazal denso de tierra firme no arbolado,3,32,321,3211,32111,321111,SI,Landsat_2024_mediana_28042025,GoogleEarth,false,0,,,,,mas_de_5_km,,0,0,0,,,,,mas_de_5_km,,0,,,,,,
df7bc9fe2dcecde3ffc31530,2026-10-05T13:24-05:00,2026-10-05T18:24:00Z,2026-10-05,5.03677,-70.5832,VIIRS-NOAA-21,NOAA-21,VIIRS,61.5,21.8,4,Nominal,D,0.39,0.44,true,true,Puntos_de_calor_Colombia_2026-10-05.csv,2026-10-06T06:27:43Z,99,Vichada,99624,Santa Rosalía,asignado,cache_geometrico,false,0,,,,asignado,321121,3.2.1.1.2.1. Herbazal denso inundable no arbolado,3,32,321,3211,32112,321121,SI,Landsat_2024_mediana_28042025,GoogleEarth,false,0,,,,,mas_de_5_km,,0,0,0,,,,,dentro,0.00,1,0817,CPE 2-2,NO APLICA,PAREX RESOURCES (COLOMBIA) AG,EXPLORACION,CONTRATO DE EXPLORACION Y PRODUCCION (E&P)
df7c59fbcc82f6cb8c7973ab,2026-10-05T13:24-05:00,2026-10-05T18:24:00Z,2026-10-05,3.75699,-72.58122,VIIRS-NOAA-21,NOAA-21,VIIRS,59.4,24.4,9.2,Nominal,D,0.44,0.38,true,true,Puntos_de_calor_Colombia_2026-10-05.csv,2026-10-06T06:27:43Z,50,Meta,50573,Puerto López,asignado,cache_geometrico,false,0,,,,asignado,31112,3.1.1.1.2. Bosque denso alto inundable,3,31,311,3111,31112,,SI,Landsat_2024_mediana_28042025,Sentinel_2024_mediana_11042025,false,0,,,,,dentro,0.00,4,0,4,LAM5114|LAM5669|LAV0059-13|LAV0049-13,ÁREA DE PERFORACIÓN EXPLORATORIA GUACHARACA|AREA DE PERFORACIÓN EXPLORATORIA LLANOS-58|AREA DE PERFORACIÓN EXPLORATORIA PADRE|AREA PERFORACION EXPLORATORIA  MUÑECA,HUPECOL OPERATING CO LLC|ECOPETROL S.A.,poligono,mas_de_5_km,,0,,,,,,
df8ce82b94bd4d748bc84130,2026-10-05T13:24-05:00,2026-10-05T18:24:00Z,2026-10-05,7.01857,-74.03593,VIIRS-NOAA-21,NOAA-21,VIIRS,61.1,27.6,36.8,Nominal,D,0.41,0.37,true,true,Puntos_de_calor_Colombia_2026-10-05.csv,2026-10-06T06:27:43Z,05,Antioquia,05893,Yondó,asignado,cache_geometrico,false,0,,,,asignado,244,2.4.4. Mosaico de pastos con espacios naturales,2,24,244,,,,SI,Landsat_2024_mediana_28042025,,false,0,,,,,mas_de_5_km,,0,0,0,,,,,entre_1_y_5_km,2214.17,1,0235,MAGDALENA MEDIO,MAGDALENA MEDIO,ECOPETROL S.A.,PRODUCCION,CONVENIO DE EXPLOTACION
dfc4d37e96e1e3c0e5134736,2026-10-05T13:24-05:00,2026-10-05T18:24:00Z,2026-10-05,3.11612,-75.49715,VIIRS-NOAA-21,NOAA-21,VIIRS,59.4,19.8,4.9,Nominal,D,0.39,0.36,true,true,Puntos_de_calor_Colombia_2026-10-05.csv,2026-10-06T06:27:43Z,41,Huila,41001,Neiva,asignado,cache_geometrico,false,0,,,,asignado,244,2.4.4. Mosaico de pastos con espacios naturales,2,24,244,,,,SI,Landsat_2024_mediana_28042025,,false,0,,,,,hasta_1_km,930.30,2,0,2,LAM0535|LAM1970,BLOQUE EXPLORATORIO PATALO PROGRAMA SISMICO 2 D|AREA DE INTERES DE PERFORACION EXPLORATORIA LAS MOYAS,HOCOL S.A.,poligono,dentro,0.00,1,0269,VSM 12,NO APLICA,ALANGE ENERGY CORP,EXPLORACION,CONTRATO DE EXPLORACION Y PRODUCCION (E&P)
e08f9e01d15c5fa4e48e3852,2026-10-05T13:24-05:00,2026-10-05T18:24:00Z,2026-10-05,4.52164,-69.6439,VIIRS-NOAA-21,NOAA-21,VIIRS,67,22.6,7.8,Nominal,D,0.44,0.46,true,true,Puntos_de_calor_Colombia_2026-10-05.csv,2026-10-06T06:27:43Z,99,Vichada,99773,Cumaribo,asignado,cache_geometrico,false,0,,,,asignado,321111,3.2.1.1.1.1.  Herbazal denso de tierra firme no arbolado,3,32,321,3211,32111,321111,SI,Landsat_2024_mediana_28042025,"GoogleEarth, BingMaps",false,0,,,,,mas_de_5_km,,0,0,0,,,,,mas_de_5_km,,0,,,,,,
e0e1280339a299bde5b7ac88,2026-10-05T13:24-05:00,2026-10-05T18:24:00Z,2026-10-05,3.41227,-69.89973,VIIRS-NOAA-21,NOAA-21,VIIRS,66.5,22.6,6.3,Nominal,D,0.41,0.45,true,true,Puntos_de_calor_Colombia_2026-10-05.csv,2026-10-06T06:27:43Z,94,Guainía,94343,Barrancominas,asignado,cache_geometrico,false,0,,,,asignado,244,2.4.4. Mosaico de pastos con espacios naturales,2,24,244,,,,SI,L9_558_20240225,Mosaico Sentinel-2_L2A_False_color 2024-01-27-00_00_2024-01-27-23_59,false,0,,,,,mas_de_5_km,,0,0,0,,,,,mas_de_5_km,,0,,,,,,
e1f5f723bd481caffe05ca5e,2026-10-05T13:24-05:00,2026-10-05T18:24:00Z,2026-10-05,4.76128,-71.07851,VIIRS-NOAA-21,NOAA-21,VIIRS,61.2,23,6,Nominal,D,0.54,0.42,true,true,Puntos_de_calor_Colombia_2026-10-05.csv,2026-10-06T06:27:43Z,50,Meta,50568,Puerto Gaitán,asignado,cache_geometrico,false,0,,,,asignado,321111,3.2.1.1.1.1.  Herbazal denso de tierra firme no arbolado,3,32,321,3211,32111,321111,SI,Landsat_2024_mediana_28042025,Basemap,false,0,,,,,dentro,0.00,5,0,5,LAM3607|LAM5088|LAM3798,AREA DE DESARROLLO LAS GARZAS|AREA DE PERFORACION EXPLORATORIA LAS GARZAS|AREA DE PERFORACIÓN EXPLORATORIA BLOQUE CPO-3|AREA DE PERFORACION EXPLORATORIA CABIONA NORESTE,NEW GRANADA ENERGY CORPORATION SUCURSAL COLOMBIA|PLUSPETROL COLOMBIA CORPORATION SUCURSAL COLOMBIANA,poligono,mas_de_5_km,,0,,,,,,
e23c038c9aec897718570033,2026-10-05T13:24-05:00,2026-10-05T18:24:00Z,2026-10-05,6.41418,-70.28621,VIIRS-NOAA-21,NOAA-21,VIIRS,73.2,22.8,9.6,Nominal,D,0.42,0.45,true,true,Puntos_de_calor_Colombia_2026-10-05.csv,2026-10-06T06:27:43Z,81,Arauca,81220,Cravo Norte,asignado,cache_geometrico,false,0,,,,asignado,233,2.3.3. Pastos enmalezados,2,23,233,,,,SI,Landsat_2024_mediana_28042025,GoogleEarth,false,0,,,,,mas_de_5_km,,0,0,0,,,,,mas_de_5_km,,0,,,,,,
e38ed1c15d2fbfd6b70f5bd6,2026-10-05T13:24-05:00,2026-10-05T18:24:00Z,2026-10-05,3.87659,-72.43267,VIIRS-NOAA-21,NOAA-21,VIIRS,58.2,26.9,8.7,Nominal,D,0.45,0.39,true,true,Puntos_de_calor_Colombia_2026-10-05.csv,2026-10-06T06:27:43Z,50,Meta,50573,Puerto López,asignado,cache_geometrico,false,0,,,,asignado,321111,3.2.1.1.1.1.  Herbazal denso de tierra firme no arbolado,3,32,321,3211,32111,321111,SI,Landsat_2024_mediana_28042025,Sentinel_2024_mediana_11042025,false,0,,,,,dentro,0.00,2,0,2,LAM5475|LAV0036-00-2022,ÁREA DE PERFORACIÓN EXPLORATORIA BLOQUE CPO-12|ÁREA DE DESARROLLO LLANOS 134 - ÁREA DE DESARROLLO LLANOS 134,META  PETROLEUM CORP|PAREX RESOURCES COLOMBIA LTD SUCURSAL,poligono,mas_de_5_km,,0,,,,,,
e5667097d9d99ac6e8d307ac,2026-10-05T13:24-05:00,2026-10-05T18:24:00Z,2026-10-05,4.02208,-70.36942,VIIRS-NOAA-21,NOAA-21,VIIRS,67.1,23.6,4.9,Nominal,D,0.39,0.44,true,true,Puntos_de_calor_Colombia_2026-10-05.csv,2026-10-06T06:27:43Z,99,Vichada,99773,Cumaribo,asignado,cache_geometrico,false,0,,,,asignado,334,3.3.4. Zonas quemadas,3,33,334,,,,SI,L9_557_20240225,Mosaico Sentinel-2_L2A_False_color 2024-01-27-00_00_2024-01-27-23_59,false,0,,,,,mas_de_5_km,,0,0,0,,,,,mas_de_5_km,,0,,,,,,
e74912f9ea6f9d66e9f52fcb,2026-10-05T13:24-05:00,2026-10-05T18:24:00Z,2026-10-05,4.57327,-69.76308,VIIRS-NOAA-21,NOAA-21,VIIRS,67,22.7,8,Nominal,D,0.43,0.46,true,true,Puntos_de_calor_Colombia_2026-10-05.csv,2026-10-06T06:27:43Z,99,Vichada,99773,Cumaribo,asignado,cache_geometrico,false,0,,,,asignado,321111,3.2.1.1.1.1.  Herbazal denso de tierra firme no arbolado,3,32,321,3211,32111,321111,SI,Landsat_2024_mediana_28042025,"GoogleEarth, BingMaps",false,0,,,,,mas_de_5_km,,0,0,0,,,,,mas_de_5_km,,0,,,,,,
e7724e9ee0cd0306a3b24a03,2026-10-05T13:24-05:00,2026-10-05T18:24:00Z,2026-10-05,2.1617,-76.83806,VIIRS-NOAA-21,NOAA-21,VIIRS,70.7,32.2,4.3,Nominal,D,0.42,0.37,true,true,Puntos_de_calor_Colombia_2026-10-05.csv,2026-10-06T06:27:43Z,19,Cauca,19397,La Vega,asignado,cache_geometrico,false,0,,,,asignado,231,2.3.1. Pastos limpios,2,23,231,,,,SI,Landsat_2024_mediana_28042025,,false,0,,,,,entre_1_y_5_km,3087.03,1,0,1,LAM1476,CARRETERA TIMBÍO - EL ESTANQUILLO. DPTO DEL CAUCA.,INSTITUTO NACIONAL DE VÍAS - INVIAS,linea,mas_de_5_km,,0,,,,,,
e8575714369203d30c3f5e2b,2026-10-05T13:24-05:00,2026-10-05T18:24:00Z,2026-10-05,5.78286,-68.9692,VIIRS-NOAA-21,NOAA-21,VIIRS,72.7,22.6,7.3,Nominal,D,0.51,0.49,true,true,Puntos_de_calor_Colombia_2026-10-05.csv,2026-10-06T06:27:43Z,99,Vichada,99524,La Primavera,asignado,cache_geometrico,false,0,,,,asignado,321111,3.2.1.1.1.1.  Herbazal denso de tierra firme no arbolado,3,32,321,3211,32111,321111,SI,Landsat_2024_mediana_28042025,GoogleEarth,false,0,,,,,mas_de_5_km,,0,0,0,,,,,mas_de_5_km,,0,,,,,,
e87382a7661b7cbc89e227df,2026-10-05T13:24-05:00,2026-10-05T18:24:00Z,2026-10-05,5.20879,-74.65365,VIIRS-NOAA-21,NOAA-21,VIIRS,62.5,27,5.2,Nominal,D,0.39,0.36,true,true,Puntos_de_calor_Colombia_2026-10-05.csv,2026-10-06T06:27:43Z,25,Cundinamarca,25320,Guaduas,asignado,cache_geometrico,false,0,,,,asignado,244,2.4.4. Mosaico de pastos con espacios naturales,2,24,244,,,,SI,Landsat_2024_mediana_28042025,,true,1,GD4-111,(8320114592) MINANDES S.A.,Explotación,"ANTRACITA, CARBÓN METALÚRGICO, CARBÓN TÉRMICO",dentro,0.00,7,0,7,LAM3796|LAM4241|LAM1264|LAM0679|LAM1190|LAM1998,"AREA DE PERFORACION EXPLORATORIA BLOQUE LA POLA|AREA DE PERFORACION EXPLORATORIA BAMBU COLORADO|AREA DE PERFORACION EXPLORATORIA RIO SECO|NUEVAS AREAS DE EXPLOTACIÓN O DE DESARROLLO PARA EL CAMPO GUADUAS -BLOQUE RIO SECO RETENIDO-|PERFORACION EXPLORATORIA GUADUALES ""AREA DE INCLUSION""|CONSTRUCCIÓN DEL OLEODUCTO GUADUAS – LA DORADA.",VAROSA ENERGY LTDA|TEXICAN OIL LTD|GHK COMPANY COLOMBIA|PACIFIC STRATUS ENERGY COLOMBIA CORP|PERENCO COLOMBIA LIMITED,poligono|linea,dentro,0.00,3,0115|0212|0029,LA POLA|VMM 15|RIO SECO,NO APLICA,VAROSA ENERGY SOCIEDAD POR ACCIONES SIMPLIFICADAS|LOH ENERGY|ECOPETROL S.A.,EXPLORACION|PRODUCCION,CONTRATO DE EXPLORACION Y PRODUCCION (E&P)|CONTRATO DE ASOCIACION CON ECOPETROL
e87b5bea74139228c7a8d5c8,2026-10-05T13:24-05:00,2026-10-05T18:24:00Z,2026-10-05,4.18923,-70.19287,VIIRS-NOAA-21,NOAA-21,VIIRS,66.8,21.3,5.5,Nominal,D,0.4,0.44,true,true,Puntos_de_calor_Colombia_2026-10-05.csv,2026-10-06T06:27:43Z,99,Vichada,99773,Cumaribo,asignado,cache_geometrico,false,0,,,,asignado,321111,3.2.1.1.1.1.  Herbazal denso de tierra firme no arbolado,3,32,321,3211,32111,321111,SI,"Landsat_2024_mediana_28042025, L9_657_20240412","GoogleEarth, BingMaps, Planet Medres Normalized Analytic 2024-01 Mosaic",false,0,,,,,mas_de_5_km,,0,0,0,,,,,mas_de_5_km,,0,,,,,,
e95699309d3cb2388ca4edc9,2026-10-05T13:24-05:00,2026-10-05T18:24:00Z,2026-10-05,4.73058,-71.16505,VIIRS-NOAA-21,NOAA-21,VIIRS,58,24.8,5.1,Nominal,D,0.53,0.42,true,true,Puntos_de_calor_Colombia_2026-10-05.csv,2026-10-06T06:27:43Z,50,Meta,50568,Puerto Gaitán,asignado,cache_geometrico,false,0,,,,asignado,321111,3.2.1.1.1.1.  Herbazal denso de tierra firme no arbolado,3,32,321,3211,32111,321111,SI,Landsat_2024_mediana_28042025,GoogleEarth,false,0,,,,,dentro,0.00,3,0,3,LAM3338|LAM3798,PERFORACIÓN EXPLORATORIA ÁREA DE INTERÉS CABIONA|AREA DE INTERES DE PERFORACION EXPLORATORIA CABIONA|AREA DE PERFORACION EXPLORATORIA CABIONA NORESTE,NEW GRANADA ENERGY CORPORATION SUCURSAL COLOMBIANA|NEW GRANADA ENERGY CORPORATION SUCURSAL COLOMBIA,poligono,hasta_1_km,392.74,1,0072,CABIONA,CABIONA B,NEW GRANADA ENERGY CORPORATION,PRODUCCION,CONTRATO DE EXPLORACION Y EXPLOTACION (E&E)
ea2f1e759a40159e1aa8c4d3,2026-10-05T13:24-05:00,2026-10-05T18:24:00Z,2026-10-05,2.59979,-74.46379,VIIRS-NOAA-21,NOAA-21,VIIRS,62.9,22.2,3.5,Nominal,D,0.39,0.36,true,true,Puntos_de_calor_Colombia_2026-10-05.csv,2026-10-06T06:27:43Z,50,Meta,50370,Uribe,asignado,cache_geometrico,false,0,,,,asignado,323,3.2.3. Vegetación secundaria o en transición,3,32,323,,,,SI,L8_858_20240410,"Layer Google Earth, Basemap ESRI",false,0,,,,,mas_de_5_km,,0,0,0,,,,,mas_de_5_km,,0,,,,,,
ea30d7f845ff740d5f8fd570,2026-10-05T13:24-05:00,2026-10-05T18:24:00Z,2026-10-05,2.14315,-76.77777,VIIRS-NOAA-21,NOAA-21,VIIRS,60.8,28,7.5,Nominal,D,0.41,0.37,true,true,Puntos_de_calor_Colombia_2026-10-05.csv,2026-10-06T06:27:43Z,19,Cauca,19397,La Vega,asignado,cache_geometrico,false,0,,,,asignado,244,2.4.4. Mosaico de pastos con espacios naturales,2,24,244,,,,SI,Landsat_2024_mediana_28042025,,false,0,,,,,mas_de_5_km,,0,0,0,,,,,mas_de_5_km,,0,,,,,,
ebc7d59c4271eb7fd16d5bb6,2026-10-05T13:24-05:00,2026-10-05T18:24:00Z,2026-10-05,4.72674,-71.16451,VIIRS-NOAA-21,NOAA-21,VIIRS,72.1,25,19.4,Nominal,D,0.53,0.42,true,true,Puntos_de_calor_Colombia_2026-10-05.csv,2026-10-06T06:27:43Z,50,Meta,50568,Puerto Gaitán,asignado,cache_geometrico,false,0,,,,asignado,321111,3.2.1.1.1.1.  Herbazal denso de tierra firme no arbolado,3,32,321,3211,32111,321111,SI,Landsat_2024_mediana_28042025,GoogleEarth,false,0,,,,,dentro,0.00,4,0,4,LAM3338|LAM3798|LAM5088,PERFORACIÓN EXPLORATORIA ÁREA DE INTERÉS CABIONA|AREA DE INTERES DE PERFORACION EXPLORATORIA CABIONA|AREA DE PERFORACION EXPLORATORIA CABIONA NORESTE|AREA DE PERFORACIÓN EXPLORATORIA BLOQUE CPO-3,NEW GRANADA ENERGY CORPORATION SUCURSAL COLOMBIANA|NEW GRANADA ENERGY CORPORATION SUCURSAL COLOMBIA|PLUSPETROL COLOMBIA CORPORATION SUCURSAL COLOMBIANA,poligono,dentro,0.00,1,0072,CABIONA,CABIONA B,NEW GRANADA ENERGY CORPORATION,PRODUCCION,CONTRATO DE EXPLORACION Y EXPLOTACION (E&E)
ec707296aa482ca784b1a443,2026-10-05T13:24-05:00,2026-10-05T18:24:00Z,2026-10-05,4.73724,-71.16332,VIIRS-NOAA-21,NOAA-21,VIIRS,72.4,24.8,6.5,Nominal,D,0.53,0.42,true,true,Puntos_de_calor_Colombia_2026-10-05.csv,2026-10-06T06:27:43Z,50,Meta,50568,Puerto Gaitán,asignado,cache_geometrico,false,0,,,,asignado,321111,3.2.1.1.1.1.  Herbazal denso de tierra firme no arbolado,3,32,321,3211,32111,321111,SI,Landsat_2024_mediana_28042025,GoogleEarth,false,0,,,,,dentro,0.00,3,0,3,LAM3338|LAM3798,PERFORACIÓN EXPLORATORIA ÁREA DE INTERÉS CABIONA|AREA DE INTERES DE PERFORACION EXPLORATORIA CABIONA|AREA DE PERFORACION EXPLORATORIA CABIONA NORESTE,NEW GRANADA ENERGY CORPORATION SUCURSAL COLOMBIANA|NEW GRANADA ENERGY CORPORATION SUCURSAL COLOMBIA,poligono,entre_1_y_5_km,1129.00,1,0072,CABIONA,CABIONA B,NEW GRANADA ENERGY CORPORATION,PRODUCCION,CONTRATO DE EXPLORACION Y EXPLOTACION (E&E)
eda506649cc89e21dbe6b0c9,2026-10-05T13:24-05:00,2026-10-05T18:24:00Z,2026-10-05,3.70959,-75.10618,VIIRS-NOAA-21,NOAA-21,VIIRS,62.3,33.8,2.7,Baja,D,0.38,0.36,true,true,Puntos_de_calor_Colombia_2026-10-05.csv,2026-10-06T06:27:43Z,73,Tolima,73217,Coyaima,asignado,cache_geometrico,false,0,,,,asignado,231,2.3.1. Pastos limpios,2,23,231,,,,SI,Landsat_2024_mediana_28042025,,true,1,BLOQUE 613,,,ZONAS RESERVADAS CON POTENCIAL - BLOQUE 613,hasta_1_km,813.81,7,0,7,LAM1020|LAM0022|LAM0069|LAM0170|LAM1312,DISTRITO DE RIEGO TRIANGULO DEL TOLIMA|OLEODUCTO DEL VALLE DEL MAGDALENA TENAY VASCONIA COVEÑAS|OPERACIÓN Y MANTENIMIENTO DEL GASODUCTO CENTRO ORIENTE|POLIDUCTO GUALANDAY NATAGAIMA (CRUCE RIO SALDAÑA)|Construcción variante El Guamo – variante Espinal y variante Natagaima,INSTITUTO COLOMBIANO DE DESARROLLO RURAL INCODER|HOCOL S.A.|TRANSPORTADORA DE GAS INTERNACIONAL TGI SA ESP|ECOPETROL S.A.|AUTOVÍA NEIVA GIRARDOT S.A.S.,linea,hasta_1_km,988.70,1,0785,VSM 36,NO APLICA,PAREX RESOURCES (COLOMBIA) AG,EXPLORACION,CONTRATO DE EXPLORACION Y PRODUCCION (E&P)
eefa477805d7652938d0cca6,2026-10-05T13:24-05:00,2026-10-05T18:24:00Z,2026-10-05,3.61283,-75.53642,VIIRS-NOAA-21,NOAA-21,VIIRS,58.7,27.9,4,Nominal,D,0.38,0.36,true,true,Puntos_de_calor_Colombia_2026-10-05.csv,2026-10-06T06:27:43Z,73,Tolima,73168,Chaparral,asignado,cache_geometrico,false,0,,,,asignado,3232,3.2.3.2. Vegetación secundaria baja,3,32,323,3232,,,SI,Landsat_2024_mediana_28042025,,true,1,BLOQUE 691,,,ZONAS RESERVADAS CON POTENCIAL - BLOQUE 691,mas_de_5_km,,0,0,0,,,,,mas_de_5_km,,0,,,,,,
effe53d5a6432cc94ae8c6dd,2026-10-05T13:24-05:00,2026-10-05T18:24:00Z,2026-10-05,4.56687,-69.26211,VIIRS-NOAA-21,NOAA-21,VIIRS,60.9,21.2,3.8,Nominal,D,0.47,0.47,true,true,Puntos_de_calor_Colombia_2026-10-05.csv,2026-10-06T06:27:43Z,99,Vichada,99773,Cumaribo,asignado,cache_geometrico,false,0,,,,asignado,31111,3.1.1.1.1. Bosque denso alto de tierra firme,3,31,311,3111,31111,,SI,Landsat_2024_mediana_28042025,GoogleEarth,false,0,,,,,mas_de_5_km,,0,0,0,,,,,mas_de_5_km,,0,,,,,,
f11d165a4b0266ef80928e05,2026-10-05T13:24-05:00,2026-10-05T18:24:00Z,2026-10-05,3.65808,-72.22348,VIIRS-NOAA-21,NOAA-21,VIIRS,78.8,26.7,12,Nominal,D,0.46,0.39,true,true,Puntos_de_calor_Colombia_2026-10-05.csv,2026-10-06T06:27:43Z,50,Meta,50568,Puerto Gaitán,asignado,cache_geometrico,false,0,,,,asignado,321111,3.2.1.1.1.1.  Herbazal denso de tierra firme no arbolado,3,32,321,3211,32111,321111,SI,Landsat_2024_mediana_28042025,Sentinel_2024_mediana_11042025,false,0,,,,,dentro,0.00,1,0,1,LAM5475,ÁREA DE PERFORACIÓN EXPLORATORIA BLOQUE CPO-12,META  PETROLEUM CORP,poligono,mas_de_5_km,,0,,,,,,
f1219446ca0fe200d8956bee,2026-10-05T13:24-05:00,2026-10-05T18:24:00Z,2026-10-05,5.0244,-71.05827,VIIRS-NOAA-21,NOAA-21,VIIRS,70,23,12.8,Nominal,D,0.55,0.42,true,true,Puntos_de_calor_Colombia_2026-10-05.csv,2026-10-06T06:27:43Z,85,Casanare,85325,San Luis De Palenque,asignado,cache_geometrico,false,0,,,,asignado,314,3.1.4. Bosque de galería y ripario,3,31,314,,,,SI,Landsat_2024_mediana_28042025,GoogleEarth,false,0,,,,,entre_1_y_5_km,2787.27,4,0,4,LAM5129|LAV0048-00-2015,PERFORACIÓN EXPLORATORIA DEL BLOQUE DE PERFORACIÓN EXPLORATORIA LLANOS 30 NORTE|EXPLOTACIÓN LLANOS 30 NORTE,PAREX RESOURCES COLOMBIA LTD SUCURSAL|PAREX RESOURCES (COLOMBIA) AG SUCURSAL,poligono,entre_1_y_5_km,2266.78,1,0206,LLA 30,ADALIA,PAREX RESOURCES (COLOMBIA) AG,EVALUACION,CONTRATO DE EXPLORACION Y PRODUCCION (E&P)
f1bd9c215ca13205e1d529b3,2026-10-05T13:24-05:00,2026-10-05T18:24:00Z,2026-10-05,4.68585,-71.83213,VIIRS-NOAA-21,NOAA-21,VIIRS,74.5,28.2,12.7,Nominal,D,0.49,0.4,true,true,Puntos_de_calor_Colombia_2026-10-05.csv,2026-10-06T06:27:43Z,85,Casanare,85230,Orocué,asignado,cache_geometrico,false,0,,,,asignado,321111,3.2.1.1.1.1.  Herbazal denso de tierra firme no arbolado,3,32,321,3211,32111,321111,SI,Landsat_2024_mediana_28042025,GoogleEarth,false,0,,,,,dentro,0.00,4,0,4,LAM3372|LAM5707|LAM3681,BLOQUE DE PERFORACION EXPLORATORIA SURIMENA|ÁREA DE PERFORACIÓN EXPLORATORIA LLA-71|BLOQUE DE PERFORACION EXPLORATORIA MORICHITO|AREA DE INTERES PERFORACION EXPLORATORIA MORICHITO,HUPECOL OPERATING CO LLC|GOE TECHNOLOGY SUCURSAL COLOMBIA|PETROPULI LTDA.,poligono,hasta_1_km,243.23,1,0244,LLA 71,NO APLICA,GEO TECHNOLOGY L.A,EXPLORACION,CONTRATO DE EXPLORACION Y PRODUCCION (E&P)
f27e37922ace67303d6e78a3,2026-10-05T13:24-05:00,2026-10-05T18:24:00Z,2026-10-05,8.70325,-73.81986,VIIRS-NOAA-21,NOAA-21,VIIRS,67.8,25.8,3.2,Nominal,D,0.43,0.38,true,true,Puntos_de_calor_Colombia_2026-10-05.csv,2026-10-06T06:27:43Z,13,Bolívar,13580,Regidor,asignado,cache_geometrico,false,0,,,,asignado,231,2.3.1. Pastos limpios,2,23,231,,,,SI,Landsat_2024_mediana_28042025,GoogleEarth,false,0,,,,,entre_1_y_5_km,3734.08,2,0,2,LAM2510,PMA PARA LA OPERACION DEL POLIDUCTO GALAN - AYACUCHO COVEÑAS VARIANTE CAÑO EL ZORRO,CENIT S.A.S,linea,mas_de_5_km,,0,,,,,,
f29111ae401ec5b7f020a559,2026-10-05T13:24-05:00,2026-10-05T18:24:00Z,2026-10-05,3.50581,-72.79917,VIIRS-NOAA-21,NOAA-21,VIIRS,61.8,26.7,7.5,Nominal,D,0.43,0.38,true,true,Puntos_de_calor_Colombia_2026-10-05.csv,2026-10-06T06:27:43Z,50,Meta,50689,San Martín,asignado,cache_geometrico,false,0,,,,asignado,321111,3.2.1.1.1.1.  Herbazal denso de tierra firme no arbolado,3,32,321,3211,32111,321111,SI,Landsat_2024_mediana_28042025,Basemap,false,0,,,,,dentro,0.00,2,0,2,LAM4278|LAV0046-13,AREA DE PERFORACION EXPLORATORIA CHIGUIRO ESTE|ÁREA DE PERFORACIÓN EXPLORATORIA PRINCESA DEL BLOQUE CPO 11,PETROMINERALES COLOMBIA LTDA|ECOPETROL S.A.,poligono,mas_de_5_km,,0,,,,,,
f3a8b79930a542b72145fd2a,2026-10-05T13:24-05:00,2026-10-05T18:24:00Z,2026-10-05,4.5214,-69.64392,VIIRS-NOAA-21,NOAA-21,VIIRS,62.8,22.8,4.7,Nominal,D,0.44,0.46,true,true,Puntos_de_calor_Colombia_2026-10-05.csv,2026-10-06T06:27:43Z,99,Vichada,99773,Cumaribo,asignado,cache_geometrico,false,0,,,,asignado,321111,3.2.1.1.1.1.  Herbazal denso de tierra firme no arbolado,3,32,321,3211,32111,321111,SI,Landsat_2024_mediana_28042025,"GoogleEarth, BingMaps",false,0,,,,,mas_de_5_km,,0,0,0,,,,,mas_de_5_km,,0,,,,,,
f6bcd652fe44e7b7478e0844,2026-10-05T13:24-05:00,2026-10-05T18:24:00Z,2026-10-05,4.0423,-75.46355,VIIRS-NOAA-21,NOAA-21,VIIRS,63.9,29.3,16.5,Nominal,D,0.38,0.36,true,true,Puntos_de_calor_Colombia_2026-10-05.csv,2026-10-06T06:27:43Z,73,Tolima,73675,San Antonio,asignado,cache_geometrico,false,0,,,,asignado,233,2.3.3. Pastos enmalezados,2,23,233,,,,SI,Landsat_2024_mediana_28042025,,false,0,,,,,mas_de_5_km,,0,0,0,,,,,mas_de_5_km,,0,,,,,,
f7220bffacf9361d9cf6703e,2026-10-05T13:24-05:00,2026-10-05T18:24:00Z,2026-10-05,4.58358,-69.78036,VIIRS-NOAA-21,NOAA-21,VIIRS,70.8,25.3,4.9,Nominal,D,0.43,0.46,true,true,Puntos_de_calor_Colombia_2026-10-05.csv,2026-10-06T06:27:43Z,99,Vichada,99773,Cumaribo,asignado,cache_geometrico,false,0,,,,asignado,321111,3.2.1.1.1.1.  Herbazal denso de tierra firme no arbolado,3,32,321,3211,32111,321111,SI,Landsat_2024_mediana_28042025,"GoogleEarth, BingMaps",false,0,,,,,mas_de_5_km,,0,0,0,,,,,mas_de_5_km,,0,,,,,,
fb6977849418f4f178358dde,2026-10-05T13:24-05:00,2026-10-05T18:24:00Z,2026-10-05,4.09935,-70.46964,VIIRS-NOAA-21,NOAA-21,VIIRS,77,23.3,6.5,Nominal,D,0.38,0.43,true,true,Puntos_de_calor_Colombia_2026-10-05.csv,2026-10-06T06:27:43Z,99,Vichada,99773,Cumaribo,asignado,cache_geometrico,false,0,,,,asignado,321111,3.2.1.1.1.1.  Herbazal denso de tierra firme no arbolado,3,32,321,3211,32111,321111,SI,"Landsat_2024_mediana_28042025, L9_657_20240412, L9_557_20240225","GoogleEarth, BingMaps, Planet Medres Normalized Analytic 2024-01 Mosaic",false,0,,,,,mas_de_5_km,,0,0,0,,,,,mas_de_5_km,,0,,,,,,
fc058d572600640c9d192bdd,2026-10-05T13:24-05:00,2026-10-05T18:24:00Z,2026-10-05,2.9439,-72.15963,VIIRS-NOAA-21,NOAA-21,VIIRS,61.2,24,3.7,Nominal,D,0.45,0.39,true,true,Puntos_de_calor_Colombia_2026-10-05.csv,2026-10-06T06:27:43Z,50,Meta,50325,Mapiripán,asignado,cache_geometrico,false,0,,,,asignado,321111,3.2.1.1.1.1.  Herbazal denso de tierra firme no arbolado,3,32,321,3211,32111,321111,SI,Landsat_2024_mediana_28042025,GoogleEarth,false,0,,,,,mas_de_5_km,,0,0,0,,,,,mas_de_5_km,,0,,,,,,
feb31bb11b9b778582a8533f,2026-10-05T13:24-05:00,2026-10-05T18:24:00Z,2026-10-05,2.31401,-76.91833,VIIRS-NOAA-21,NOAA-21,VIIRS,64,29.2,4.8,Nominal,D,0.42,0.37,true,true,Puntos_de_calor_Colombia_2026-10-05.csv,2026-10-06T06:27:43Z,19,Cauca,19256,El Tambo,asignado,cache_geometrico,false,0,,,,asignado,231,2.3.1. Pastos limpios,2,23,231,,,,SI,Landsat_2024_mediana_28042025,,false,0,,,,,mas_de_5_km,,0,0,0,,,,,mas_de_5_km,,0,,,,,,
fec15a93f7ece6e5a1c09652,2026-10-05T13:24-05:00,2026-10-05T18:24:00Z,2026-10-05,7.89886,-73.84227,VIIRS-NOAA-21,NOAA-21,VIIRS,66.3,29.2,11.5,Nominal,D,0.43,0.38,true,true,Puntos_de_calor_Colombia_2026-10-05.csv,2026-10-06T06:27:43Z,13,Bolívar,13744,Simití,asignado,cache_geometrico,false,0,,,,asignado,244,2.4.4. Mosaico de pastos con espacios naturales,2,24,244,,,,SI,Landsat_2024_mediana_28042025,GoogleEarth,false,0,,,,,mas_de_5_km,,0,0,0,,,,,mas_de_5_km,,0,,,,,,
1cedcb2ad5e971ae2346df43,2026-10-05T13:26-05:00,2026-10-05T18:26:00Z,2026-10-05,9.6991,-74.82063,VIIRS-NOAA-21,NOAA-21,VIIRS,60.2,24.3,4.2,Nominal,D,0.41,0.37,true,true,Puntos_de_calor_Colombia_2026-10-05.csv,2026-10-06T06:27:43Z,13,Bolívar,13894,Zambrano,asignado,cache_geometrico,false,0,,,,asignado,243,"2.4.3. Mosaico de cultivos, pastos y espacios naturales",2,24,243,,,,SI,Landsat_2024_mediana_28042025,GoogleMaps,false,0,,,,,entre_1_y_5_km,2477.19,1,0,1,LAM6864-00,ZOOCRIADERO KROKODEILOS S.A.S.,KROKODEILOS SAS,poligono,mas_de_5_km,,0,,,,,,
1f87129ce0af1a97e61ca247,2026-10-05T13:26-05:00,2026-10-05T18:26:00Z,2026-10-05,10.97459,-72.72672,VIIRS-NOAA-21,NOAA-21,VIIRS,57.3,29.2,4.8,Baja,D,0.52,0.41,true,true,Puntos_de_calor_Colombia_2026-10-05.csv,2026-10-06T06:27:43Z,44,La Guajira,44078,Barrancas,asignado,cache_geometrico,false,0,,,,asignado,1313,1.3.1.3. Explotación de carbón,1,13,131,1313,,,SI,Landsat_2024_mediana_28042025,"GoogleEarth, Basemap",true,1,081-91,(8600698042) CARBONES DEL CERREJON - CERREJON CDC C DEL C,Explotación,"ANTRACITA, CARBÓN METALÚRGICO, CARBÓN TÉRMICO",dentro,0.00,13,0,13,LAM0683|LAM1094|LAV0051-00-2021|LAM4538,"BLOQUE EXPLORATORIO PATILLAL NORESTE|PROYECTO MINERO DE EXPLOTACIÓN DE EXPLOTACIÓN DE CARBÓN BLOQUE CENTRAL DEL CERREJÓN ZONA NORTE. MINA EL CERREJÓN (ÁREAS INTEGRADAS).|ÁREA DE PERFORACIÓN EXPLORATORIA DEL RÍO RANCHERÍA POZOS PATILLAL 2,3,4 Y 5|Interconexión Cuestecitas - Copey - Fundación 500/220 mil voltios",DRUMMOND LTD|CARBONES DEL CERREJÓN LTD.|INTERCONEXION ELECTRICA S.A. E.S.P.,poligono|punto|linea,dentro,0.00,2,0040|0380,RIO RANCHERIA|CR 2,NO APLICA,"DRUMMOND ENERGY, INC",EXPLORACION,CONTRATO DE ASOCIACION CON ECOPETROL|CONTRATO DE EXPLORACION Y PRODUCCION (E&P)
368aada45fde984781cea84d,2026-10-05T13:26-05:00,2026-10-05T18:26:00Z,2026-10-05,9.64835,-74.66894,VIIRS-NOAA-21,NOAA-21,VIIRS,61.2,20.6,4.8,Nominal,D,0.41,0.37,true,true,Puntos_de_calor_Colombia_2026-10-05.csv,2026-10-06T06:27:43Z,47,Magdalena,47555,Plato,asignado,cache_geometrico,true,1,462,Complejo Cenagoso de Zarate Malibú y Veladero,Distritos Regionales de Manejo Integrado,asignado,3232,3.2.3.2. Vegetación secundaria baja,3,32,323,3232,,,SI,Landsat_2024_mediana_28042025,<Null>,false,0,,,,,hasta_1_km,19.67,1,0,1,LAM5327,BLOQUE EXPLORATORIO SSJN-5,SK INNOVATION CO LTD.,poligono,mas_de_5_km,,0,,,,,,
3a1a51a256d7a4b31294ca96,2026-10-05T13:26-05:00,2026-10-05T18:26:00Z,2026-10-05,9.96,-73.45194,VIIRS-NOAA-21,NOAA-21,VIIRS,65.7,27.9,4.4,Nominal,D,0.46,0.39,true,true,Puntos_de_calor_Colombia_2026-10-05.csv,2026-10-06T06:27:43Z,20,Cesar,20013,Agustín Codazzi,asignado,cache_geometrico,false,0,,,,asignado,231,2.3.1. Pastos limpios,2,23,231,,,,SI,Landsat_2024_mediana_28042025,<Null>,false,0,,,,,mas_de_5_km,,0,0,0,,,,,entre_1_y_5_km,3869.20,2,0372|0381,CR 4|CR 3,NO APLICA,"DRUMMOND ENERGY, INC",EXPLORACION,CONTRATO DE EXPLORACION Y PRODUCCION (E&P)
44b78b65ad712ae401f12d61,2026-10-05T13:26-05:00,2026-10-05T18:26:00Z,2026-10-05,9.90448,-74.87788,VIIRS-NOAA-21,NOAA-21,VIIRS,60,23.8,4.6,Nominal,D,0.41,0.37,true,true,Puntos_de_calor_Colombia_2026-10-05.csv,2026-10-06T06:27:43Z,13,Bolívar,13657,San Juan Nepomuceno,asignado,cache_geometrico,false,0,,,,asignado,243,"2.4.3. Mosaico de cultivos, pastos y espacios naturales",2,24,243,,,,SI,Landsat_2024_mediana_28042025,,false,0,,,,,mas_de_5_km,,0,0,0,,,,,entre_1_y_5_km,4706.95,1,0350,VIM 1,NO APLICA,PAREX RESOURCES (COLOMBIA) AG,EXPLORACION,CONTRATO DE EXPLORACION Y PRODUCCION (E&P)
48076ecb428f4ac1765253e3,2026-10-05T13:26-05:00,2026-10-05T18:26:00Z,2026-10-05,9.77971,-75.12534,VIIRS-NOAA-21,NOAA-21,VIIRS,61.2,27.6,4,Nominal,D,0.4,0.37,true,true,Puntos_de_calor_Colombia_2026-10-05.csv,2026-10-06T06:27:43Z,13,Bolívar,13654,San Jacinto,asignado,cache_geometrico,false,0,,,,asignado,244,2.4.4. Mosaico de pastos con espacios naturales,2,24,244,,,,SI,Landsat_2024_mediana_28042025,<Null>,false,0,,,,,entre_1_y_5_km,4689.37,2,0,2,LAV0055-00-2016,VARIANTE EL CARMEN DE BOLIVAR,CONCESIONARIA VIAL MONTES DE MARIA S.A.S,poligono|linea,mas_de_5_km,,0,,,,,,
7224c4e2d973fcc8f5f498f6,2026-10-05T13:26-05:00,2026-10-05T18:26:00Z,2026-10-05,10.75856,-72.88505,VIIRS-NOAA-21,NOAA-21,VIIRS,59.3,28.2,2.4,Nominal,D,0.5,0.41,true,true,Puntos_de_calor_Colombia_2026-10-05.csv,2026-10-06T06:27:43Z,44,La Guajira,44650,San Juan Del Cesar,asignado,cache_geometrico,false,0,,,,asignado,243,"2.4.3. Mosaico de cultivos, pastos y espacios naturales",2,24,243,,,,SI,Landsat_2024_mediana_28042025,"GoogleEarth, Basemap",true,1,HGS-13332,(9006797393) BEST COAL COMPANY S.A.S.,Explotación,"ANTRACITA, CARBÓN METALÚRGICO, CARBÓN TÉRMICO",dentro,0.00,8,0,8,LAM0683|LAM5085|LAV0051-00-2021,"BLOQUE EXPLORATORIO PATILLAL NORESTE|PROYECTO DE EXPLOTACIÓN MINERA DE CARBÓN CAÑAVERALES, LOCALIZADO EN JURISDICCIÓN DE LOS MUNICIPIOS DE DISTRACCIÓN, FONSECA, Y SAN JUAN DEL CESAR EN EL DEPARTAMENTO DE LA GUAJIRA.|Interconexión Cuestecitas - Copey - Fundación 500/220 mil voltios",DRUMMOND LTD|MPX COLOMBIA S.A.|INTERCONEXION ELECTRICA S.A. E.S.P.,poligono|linea,dentro,0.00,2,0040|0380,RIO RANCHERIA|CR 2,NO APLICA,"DRUMMOND ENERGY, INC",EXPLORACION,CONTRATO DE ASOCIACION CON ECOPETROL|CONTRATO DE EXPLORACION Y PRODUCCION (E&P)
8a266b132dedb55efa3cfa4e,2026-10-05T13:26-05:00,2026-10-05T18:26:00Z,2026-10-05,10.32918,-74.3979,VIIRS-NOAA-21,NOAA-21,VIIRS,82.4,24.6,15.1,Nominal,D,0.43,0.38,true,true,Puntos_de_calor_Colombia_2026-10-05.csv,2026-10-06T06:27:43Z,47,Magdalena,47551,Pivijay,asignado,cache_geometrico,false,0,,,,asignado,231,2.3.1. Pastos limpios,2,23,231,,,,SI,Landsat_2024_mediana_28042025,"GoogleEarth, Basemap",false,0,,,,,entre_1_y_5_km,2192.31,1,0,1,LAV0023-00-2022,ÁREA DE DESARROLLO VIM-43,PAREX RESOURCES COLOMBIA LTD SUCURSAL,poligono,entre_1_y_5_km,3535.73,1,0062,PERDICES,NO APLICA,HOCOL S.A.,EXPLORACION,CONTRATO DE EXPLORACION Y EXPLOTACION (E&E)
8f10984a54d1fc9e0219b29f,2026-10-05T13:26-05:00,2026-10-05T18:26:00Z,2026-10-05,10.10183,-73.55246,VIIRS-NOAA-21,NOAA-21,VIIRS,61.3,27.1,3.8,Nominal,D,0.46,0.39,true,true,Puntos_de_calor_Colombia_2026-10-05.csv,2026-10-06T06:27:43Z,20,Cesar,20001,Valledupar,asignado,cache_geometrico,false,0,,,,asignado,231,2.3.1. Pastos limpios,2,23,231,,,,SI,Landsat_2024_mediana_28042025,,false,0,,,,,entre_1_y_5_km,1629.50,4,0,4,LAV0011-00-2022|LAM2941,"Subestación colectora 500kv y líneas de transmisión colectora cuestecitas y cuestecitas la loma 500kv - conexión cuestecitas la loma|Subestación Colectora 500kv y líneas de transmisión Colectora Cuestecitas y Cuestecitas La Loma 500kv - conexión Cuestecitas La Loma|LÍNEA DE TRANSMISIÓN A 500 KV, CIRCUITO SENCILLO BOLIVAR – COPY – OCAÑA – PRIMAVERA Y ASOCIADAS",GRUPO ENERGIA BOGOTA S A ESP|INTERCONEXION ELECTRICA S.A. E.S.P.,poligono|linea,dentro,0.00,1,0381,CR 3,NO APLICA,"DRUMMOND ENERGY, INC",EXPLORACION,CONTRATO DE EXPLORACION Y PRODUCCION (E&P)
beab7ba0ad6ae07575018f9c,2026-10-05T13:26-05:00,2026-10-05T18:26:00Z,2026-10-05,9.58554,-73.42194,VIIRS-NOAA-21,NOAA-21,VIIRS,71.9,31.8,10.4,Nominal,D,0.46,0.39,true,true,Puntos_de_calor_Colombia_2026-10-05.csv,2026-10-06T06:27:43Z,20,Cesar,20400,La Jagua De Ibirico,asignado,cache_geometrico,false,0,,,,asignado,233,2.3.3. Pastos enmalezados,2,23,233,,,,SI,Landsat_2024_mediana_28042025,<Null>,false,0,,,,,dentro,0.00,5,0,5,LAM3308|LAM0034|LAM0027|LAV0106-00-2014|LAM1862,EXPLORACIÓN DE HIDROCARBUROS (GAS Y PETRÓLEO) Y GAS METANO ASOCIADO A CARBON DENOMINADO LA LOMA|GASODUCTO BALLENAS BARRANCABERMEJA|EXPLOTACIÓN CARBONÍFERA LA LOMA|PRODUCCIÓN DE GAS EN EL ÁREA DE DESARROLLO CAPORO NORTE|Explotación Minera de Carbón El Hatillo,"DRUMMOND LTD|TRANSPORTADORA DE GAS INTERNACIONAL S.A. E.S.P. - TGI S.A. E.S.P.|COLOMBIAN NATURAL RESOURCES CNR III LTD. SUCURSAL
COLOMBIA EN REORGANIZACIÓN",poligono|linea,dentro,0.00,2,0379|0075,LA LOMA ADICIONAL|LA LOMA,PAUJIL-CANARIO|LA LOMA,"DRUMMOND ENERGY, INC",EVALUACION,CONTRATO DE EXPLORACION Y PRODUCCION (E&P)|CONTRATO DE EXPLORACION Y EXPLOTACION (E&E)
c57c2b528960fe4b3382bce9,2026-10-05T13:26-05:00,2026-10-05T18:26:00Z,2026-10-05,9.05377,-72.88438,VIIRS-NOAA-21,NOAA-21,VIIRS,58.9,19,6.9,Nominal,D,0.48,0.4,true,true,Puntos_de_calor_Colombia_2026-10-05.csv,2026-10-06T06:27:43Z,54,Norte De Santander,54810,Tibú,asignado,cache_geometrico,false,0,,,,asignado,242,2.4.2. Mosaico de pastos y cultivos,2,24,242,,,,SI,Landsat_2024_mediana_28042025,<Null>,true,1,121-93,(8909190947) SOPROMIN LTDA,Explotación,"ANTRACITA, CARBÓN METALÚRGICO, CARBÓN TÉRMICO",entre_1_y_5_km,4585.19,1,0,1,LAM3288,PMA REACTIVACIÓN DEL CAMPO PUERTO BARCO,AVANTE COLOMBIA INC,poligono,dentro,0.00,1,0154,RIO DE ORO,RIO DE ORO,IBEROAMERICANA DE HIDROCARBUROS ENERGY COLOMBIA S.A.S.,PRODUCCION,CONVENIO DE EXPLOTACION
d6e0f88b6a2b0eb11b2fe797,2026-10-05T13:26-05:00,2026-10-05T18:26:00Z,2026-10-05,9.05439,-72.88,VIIRS-NOAA-21,NOAA-21,VIIRS,58.7,17.1,6.8,Nominal,D,0.48,0.4,true,true,Puntos_de_calor_Colombia_2026-10-05.csv,2026-10-06T06:27:43Z,54,Norte De Santander,54810,Tibú,asignado,cache_geometrico,false,0,,,,asignado,243,"2.4.3. Mosaico de cultivos, pastos y espacios naturales",2,24,243,,,,SI,Landsat_2024_mediana_28042025,,false,0,,,,,mas_de_5_km,,0,0,0,,,,,dentro,0.00,1,0154,RIO DE ORO,RIO DE ORO,IBEROAMERICANA DE HIDROCARBUROS ENERGY COLOMBIA S.A.S.,PRODUCCION,CONVENIO DE EXPLOTACION
0167c99c7b31011ef2e33bb4,2026-10-05T14:00-05:00,2026-10-05T19:00:00Z,2026-10-05,4.72727,-71.1661,VIIRS-Suomi-NPP,Suomi-NPP,VIIRS,61.9,18.3,6.2,Nominal,D,0.45,0.63,true,false,Puntos_de_calor_Colombia_2026-10-05.csv,2026-10-06T06:27:43Z,50,Meta,50568,Puerto Gaitán,asignado,cache_geometrico,false,0,,,,asignado,321111,3.2.1.1.1.1.  Herbazal denso de tierra firme no arbolado,3,32,321,3211,32111,321111,SI,Landsat_2024_mediana_28042025,GoogleEarth,false,0,,,,,dentro,0.00,4,0,4,LAM3338|LAM3798|LAM5088,PERFORACIÓN EXPLORATORIA ÁREA DE INTERÉS CABIONA|AREA DE INTERES DE PERFORACION EXPLORATORIA CABIONA|AREA DE PERFORACION EXPLORATORIA CABIONA NORESTE|AREA DE PERFORACIÓN EXPLORATORIA BLOQUE CPO-3,NEW GRANADA ENERGY CORPORATION SUCURSAL COLOMBIANA|NEW GRANADA ENERGY CORPORATION SUCURSAL COLOMBIA|PLUSPETROL COLOMBIA CORPORATION SUCURSAL COLOMBIANA,poligono,hasta_1_km,26.82,1,0072,CABIONA,CABIONA B,NEW GRANADA ENERGY CORPORATION,PRODUCCION,CONTRATO DE EXPLORACION Y EXPLOTACION (E&E)
01a78b840a4cf01925612168,2026-10-05T14:00-05:00,2026-10-05T19:00:00Z,2026-10-05,3.65878,-72.20673,VIIRS-Suomi-NPP,Suomi-NPP,VIIRS,66,18.9,6,Nominal,D,0.37,0.58,true,false,Puntos_de_calor_Colombia_2026-10-05.csv,2026-10-06T06:27:43Z,50,Meta,50568,Puerto Gaitán,asignado,cache_geometrico,false,0,,,,asignado,321111,3.2.1.1.1.1.  Herbazal denso de tierra firme no arbolado,3,32,321,3211,32111,321111,SI,Landsat_2024_mediana_28042025,Sentinel_2024_mediana_11042025,false,0,,,,,dentro,0.00,2,0,2,LAM5475|LAM5089,ÁREA DE PERFORACIÓN EXPLORATORIA BLOQUE CPO-12|AREA DE PERFORACION EXPLORATORIA BLOQUE CENTRAL,META  PETROLEUM CORP|ECOPETROL S.A.,poligono,mas_de_5_km,,0,,,,,,
03cbd50394bb4c59d7fcec56,2026-10-05T14:00-05:00,2026-10-05T19:00:00Z,2026-10-05,3.88969,-72.67061,VIIRS-Suomi-NPP,Suomi-NPP,VIIRS,57.1,19.9,3,Nominal,D,0.34,0.56,true,false,Puntos_de_calor_Colombia_2026-10-05.csv,2026-10-06T06:27:43Z,50,Meta,50573,Puerto López,asignado,cache_geometrico,false,0,,,,asignado,314,3.1.4. Bosque de galería y ripario,3,31,314,,,,SI,Landsat_2024_mediana_28042025,,false,0,,,,,dentro,0.00,10,0,10,LAM3376|LAM1820|LAM1093|LAV0043-13|LAM5669|LAV0048-13,"BLOQUE DE PERFORACION EXPLORATORIA MENEGUA|AREA DE INTERES DE PERFORACION EXPLORATORIA DENOMINADO TAMANACO|MODIFICACION AREA DE INTERES DE PERFORACION EXPLORATORIA DENOMINADO TAMANACO|EXPLOTACION DEL CAMPO VALDIVIA-ALMAGRO ""AREA DE INTERES""|CONSTRUCCIÓN DE FACILIDADES DE PRODUCCIÓN CAMPO VALMAGRO.|BLOQUE DE PERFORACIÓN EXPLORATORIA TAMANACO.|AREA DE PERFORACION RETOÑO|AREA DE PERFORACIÓN EXPLORATORIA LLANOS-58|AREA DE PERFORACIÓN EXPLORATORIA NECTAR, DEL BLOQUE CPO11",VETRA EXPLORACIÓN Y PRODUCCIÓN COLOMBIA S.A.S. – VETRA EyP S.A.S.|PETROTESTING COLOMBIA S.A.|ECOPETROL S.A.|HUPECOL OPERATING CO LLC,poligono|punto,dentro,0.00,4,0277|0161|0920,LLA 58|VALDIVIA-ALMAGRO|CPO 11-2,FRANKMAVE|VALDIVIA-ALMAGRO|LLA 58-4|NO APLICA,ANDES OPERATING COMPANY LLC|IBEROAMERICANA DE HIDROCARBUROS ENERGY COLOMBIA S.A.S.|PAREX RESOURCES (COLOMBIA) AG,PRODUCCION|EXPLORACION,CONTRATO DE EXPLORACION Y PRODUCCION (E&P)|CONVENIO DE EXPLOTACION
04e73717032ada1c4ccc39e1,2026-10-05T14:00-05:00,2026-10-05T19:00:00Z,2026-10-05,3.65489,-72.23311,VIIRS-Suomi-NPP,Suomi-NPP,VIIRS,76.1,19.2,8.6,Nominal,D,0.36,0.58,true,false,Puntos_de_calor_Colombia_2026-10-05.csv,2026-10-06T06:27:43Z,50,Meta,50568,Puerto Gaitán,asignado,cache_geometrico,false,0,,,,asignado,321111,3.2.1.1.1.1.  Herbazal denso de tierra firme no arbolado,3,32,321,3211,32111,321111,SI,Landsat_2024_mediana_28042025,Sentinel_2024_mediana_11042025,false,0,,,,,dentro,0.00,1,0,1,LAM5475,ÁREA DE PERFORACIÓN EXPLORATORIA BLOQUE CPO-12,META  PETROLEUM CORP,poligono,mas_de_5_km,,0,,,,,,
052ee450c3c6dbc2184e4292,2026-10-05T14:00-05:00,2026-10-05T19:00:00Z,2026-10-05,3.84959,-74.7559,VIIRS-Suomi-NPP,Suomi-NPP,VIIRS,70.5,24.4,6.6,Nominal,D,0.49,0.49,true,false,Puntos_de_calor_Colombia_2026-10-05.csv,2026-10-06T06:27:43Z,73,Tolima,73585,Purificación,asignado,cache_geometrico,false,0,,,,asignado,3221,3.2.2.1. Arbustal denso,3,32,322,3221,,,SI,Landsat_2024_mediana_28042025,,false,0,,,,,entre_1_y_5_km,4638.15,1,0,1,LAM4037,CENTRAL HIDROELÉCTRICA HIDROPRADO,EMPRESAS PÚBLICAS DE MEDELLÍN E.S.P. - EPM,poligono,entre_1_y_5_km,4839.06,1,0367,ESPINAL,ESPINAL,HOCOL S.A.,PRODUCCION,CONVENIO DE EXPLOTACION
057fd515cf76e0846d9f1ef1,2026-10-05T14:00-05:00,2026-10-05T19:00:00Z,2026-10-05,3.13577,-76.62227,VIIRS-Suomi-NPP,Suomi-NPP,VIIRS,60.5,25.1,6.8,Nominal,D,0.55,0.43,true,false,Puntos_de_calor_Colombia_2026-10-05.csv,2026-10-06T06:27:43Z,76,Valle Del Cauca,76364,Jamundí,asignado,cache_geometrico,false,0,,,,asignado,3231,3.2.3.1. Vegetación secundaria alta,3,32,323,3231,,,SI,Landsat_2024_mediana_28042025,,false,0,,,,,mas_de_5_km,,0,0,0,,,,,mas_de_5_km,,0,,,,,,
06a03dc20c6ffc3232aaf052,2026-10-05T14:00-05:00,2026-10-05T19:00:00Z,2026-10-05,5.20965,-74.65461,VIIRS-Suomi-NPP,Suomi-NPP,VIIRS,75.8,19.5,69,Nominal,D,0.52,0.5,true,false,Puntos_de_calor_Colombia_2026-10-05.csv,2026-10-06T06:27:43Z,25,Cundinamarca,25320,Guaduas,asignado,cache_geometrico,false,0,,,,asignado,244,2.4.4. Mosaico de pastos con espacios naturales,2,24,244,,,,SI,Landsat_2024_mediana_28042025,,true,1,GD4-111,(8320114592) MINANDES S.A.,Explotación,"ANTRACITA, CARBÓN METALÚRGICO, CARBÓN TÉRMICO",dentro,0.00,6,0,6,LAM3796|LAM4241|LAM1190|LAM1264|LAM0679,"AREA DE PERFORACION EXPLORATORIA BLOQUE LA POLA|AREA DE PERFORACION EXPLORATORIA BAMBU COLORADO|PERFORACION EXPLORATORIA GUADUALES ""AREA DE INCLUSION""|AREA DE PERFORACION EXPLORATORIA RIO SECO|NUEVAS AREAS DE EXPLOTACIÓN O DE DESARROLLO PARA EL CAMPO GUADUAS -BLOQUE RIO SECO RETENIDO-",VAROSA ENERGY LTDA|TEXICAN OIL LTD|PERENCO COLOMBIA LIMITED|GHK COMPANY COLOMBIA|PACIFIC STRATUS ENERGY COLOMBIA CORP,poligono,dentro,0.00,3,0115|0212|0029,LA POLA|VMM 15|RIO SECO,NO APLICA,VAROSA ENERGY SOCIEDAD POR ACCIONES SIMPLIFICADAS|LOH ENERGY|ECOPETROL S.A.,EXPLORACION|PRODUCCION,CONTRATO DE EXPLORACION Y PRODUCCION (E&P)|CONTRATO DE ASOCIACION CON ECOPETROL
093e21760bae73dfea5ce49f,2026-10-05T14:00-05:00,2026-10-05T19:00:00Z,2026-10-05,1.06914,-75.94868,VIIRS-Suomi-NPP,Suomi-NPP,VIIRS,64,26.4,6.9,Nominal,D,0.57,0.43,true,false,Puntos_de_calor_Colombia_2026-10-05.csv,2026-10-06T06:27:43Z,18,Caquetá,18205,Curillo,asignado,cache_geometrico,false,0,,,,asignado,3131,3.1.3.1. Bosque fragmentado con pastos y cultivos,3,31,313,3131,,,SI,L8_859_20240222_20240224,,false,0,,,,,mas_de_5_km,,0,0,0,,,,,mas_de_5_km,,0,,,,,,
0944e64376ea936036a40bb2,2026-10-05T14:00-05:00,2026-10-05T19:00:00Z,2026-10-05,3.65636,-72.22317,VIIRS-Suomi-NPP,Suomi-NPP,VIIRS,82.9,19,11.2,Nominal,D,0.36,0.58,true,false,Puntos_de_calor_Colombia_2026-10-05.csv,2026-10-06T06:27:43Z,50,Meta,50568,Puerto Gaitán,asignado,cache_geometrico,false,0,,,,asignado,321111,3.2.1.1.1.1.  Herbazal denso de tierra firme no arbolado,3,32,321,3211,32111,321111,SI,Landsat_2024_mediana_28042025,Sentinel_2024_mediana_11042025,false,0,,,,,dentro,0.00,1,0,1,LAM5475,ÁREA DE PERFORACIÓN EXPLORATORIA BLOQUE CPO-12,META  PETROLEUM CORP,poligono,mas_de_5_km,,0,,,,,,
0ee119c89ce76dfc5dbb15cb,2026-10-05T14:00-05:00,2026-10-05T19:00:00Z,2026-10-05,0.82299,-76.4112,VIIRS-Suomi-NPP,Suomi-NPP,VIIRS,70.2,27.1,18.8,Nominal,D,0.53,0.42,true,false,Puntos_de_calor_Colombia_2026-10-05.csv,2026-10-06T06:27:43Z,86,Putumayo,86569,Puerto Caicedo,asignado,cache_geometrico,false,0,,,,asignado,31111,3.1.1.1.1. Bosque denso alto de tierra firme,3,31,311,3111,31111,,SI,L8_959_20240221,,false,0,,,,,entre_1_y_5_km,4841.37,1,0,1,LAM2469,PLAN DE MANEJO AMBIENTAL PARA ÁREAS OPERATIVAS DE LA GERENCIA SUR (GSU),ECOPETROL S.A,poligono,hasta_1_km,609.10,2,0763|0172,PUT 21|NORORIENTE,NO APLICA|NORORIENTE,GRAN TIERRA ENERGY COLOMBIA GMBH|ECOPETROL S.A.,EXPLORACION|PRODUCCION,CONTRATO DE EXPLORACION Y PRODUCCION (E&P)|CONVENIO DE EXPLOTACION
10c8fddbc5e34105038adf1c,2026-10-05T14:00-05:00,2026-10-05T19:00:00Z,2026-10-05,2.65413,-75.37019,VIIRS-Suomi-NPP,Suomi-NPP,VIIRS,82.9,29.8,15.3,Nominal,D,0.43,0.46,true,false,Puntos_de_calor_Colombia_2026-10-05.csv,2026-10-06T06:27:43Z,41,Huila,41132,Campoalegre,asignado,cache_geometrico,false,0,,,,asignado,2121,2.1.2.1. Arroz,2,21,212,2121,,,SI,Landsat_2024_mediana_28042025,,true,1,BLOQUE 822,,,ZONAS RESERVADAS CON POTENCIAL - BLOQUE 822,entre_1_y_5_km,4456.24,1,0,1,LAV0007-00-2017,CONSTRUCCIÓN DE LA VARIANTE CAMPOALEGRE,CONCESIONARIA ALIADAS PARA EL PROGRESO S.A.S,linea,dentro,0.00,2,0263|0292,VSM 15|UPAR,NO APLICA,FLAMINGO OIL S.A.|HOCOL S.A.,EXPLORACION,CONTRATO DE EXPLORACION Y PRODUCCION (E&P)|CONVENIO DE EXPLORACION Y EXPLOTACION (E&E)
11e6360e6d5cf8514205c99c,2026-10-05T14:00-05:00,2026-10-05T19:00:00Z,2026-10-05,1.99461,-75.7045,VIIRS-Suomi-NPP,Suomi-NPP,VIIRS,68.6,24.5,5.8,Nominal,D,0.4,0.44,true,false,Puntos_de_calor_Colombia_2026-10-05.csv,2026-10-06T06:27:43Z,41,Huila,41319,Guadalupe,asignado,cache_geometrico,false,0,,,,asignado,242,2.4.2. Mosaico de pastos y cultivos,2,24,242,,,,SI,Landsat_2024_mediana_28042025,,false,0,,,,,entre_1_y_5_km,4252.86,1,0,1,LAM1105,"CARRETERA FLORENCIA - ALTAMIRA, SECTOR JUNTAS - DEPRESIÓN EL VERGEL.",INSTITUTO NACIONAL DE VÍAS - INVIAS,linea,hasta_1_km,596.99,1,0231,VSM 32,NO APLICA,EMERALD ENERGY PLC,EXPLORACION,CONTRATO DE EXPLORACION Y PRODUCCION (E&P)
134f8bc38cd00ff8fc10f5fe,2026-10-05T14:00-05:00,2026-10-05T19:00:00Z,2026-10-05,0.63834,-76.69083,VIIRS-Suomi-NPP,Suomi-NPP,VIIRS,62.8,25,3.9,Nominal,D,0.51,0.41,true,false,Puntos_de_calor_Colombia_2026-10-05.csv,2026-10-06T06:27:43Z,86,Putumayo,86320,Orito,asignado,cache_geometrico,false,0,,,,asignado,243,"2.4.3. Mosaico de cultivos, pastos y espacios naturales",2,24,243,,,,SI,L8_959_20240221,,false,0,,,,,hasta_1_km,303.64,9,0,9,LAM7834-00|LAM2469|LAM1376|LAV0047-00-2023|LAM4011,"ÁREAS OPERATIVAS DE LA GERENCIA SUR EXISTENTES Y EN OPERACIÓN (ORITO, SUR, OCCIDENTE Y NORORIENTE)|AREAS OPERATIVAS DE LA GERENCIA SUR -HIDROCARBUROS|REHABILITACIÓN DE LA CARRETERA PTE SAN MIGUEL - BUENOS AIRES  Y VILLAGARZÓN - MOCOA.|AREA DE DESARROLLO GENESIS|REACTIVACIÓN Y WORKOVER DE LOS POZOS BURDINE 1, 2, 4 Y 5",CENIT S.A.S|ECOPETROL S.A.|INSTITUTO NACIONAL DE VÍAS - INVIAS|GRAN TIERRA ENERGY COLOMBIA GMBH SUCURSAL COLOMBIA|GRAN TIERRA ENERGY COLOMBIA,linea|poligono,dentro,0.00,2,0145|0209,NANCY-BURDINE-MAXINE|PUT 4,NANCY-BURDINE-MAXINE|NO APLICA,GRAN TIERRA ENERGY COLOMBIA GMBH,PRODUCCION|EXPLORACION,CONVENIO DE EXPLOTACION|CONTRATO DE EXPLORACION Y PRODUCCION (E&P)
1432c2e888b4d1413d2abd42,2026-10-05T14:00-05:00,2026-10-05T19:00:00Z,2026-10-05,0.64131,-74.78197,VIIRS-Suomi-NPP,Suomi-NPP,VIIRS,66.3,23.1,3.5,Nominal,D,0.44,0.46,true,false,Puntos_de_calor_Colombia_2026-10-05.csv,2026-10-06T06:27:43Z,18,Caquetá,18756,Solano,asignado,cache_geometrico,false,0,,,,asignado,511,5.1.1. Ríos,5,51,511,,,,SI,L8_560_20240209,,false,0,,,,,mas_de_5_km,,0,0,0,,,,,mas_de_5_km,,0,,,,,,
15a98adf68ac97d482928b17,2026-10-05T14:00-05:00,2026-10-05T19:00:00Z,2026-10-05,0.50129,-76.7776,VIIRS-Suomi-NPP,Suomi-NPP,VIIRS,62.9,26.4,7.3,Nominal,D,0.5,0.41,true,false,Puntos_de_calor_Colombia_2026-10-05.csv,2026-10-06T06:27:43Z,86,Putumayo,86865,Valle Del Guamuez,asignado,cache_geometrico,false,0,,,,asignado,244,2.4.4. Mosaico de pastos con espacios naturales,2,24,244,,,,SI,L8_960_20240221,,false,0,,,,,mas_de_5_km,,0,0,0,,,,,dentro,0.00,3,0209|0287|0145,PUT 4|PUT 7|NANCY-BURDINE-MAXINE,NO APLICA|NANCY-BURDINE-MAXINE,GRAN TIERRA ENERGY COLOMBIA GMBH|GRAN TIERRA COLOMBIA INC,EXPLORACION|PRODUCCION,CONTRATO DE EXPLORACION Y PRODUCCION (E&P)|CONVENIO DE EXPLOTACION
161dc69f5c184d796f35a386,2026-10-05T14:00-05:00,2026-10-05T19:00:00Z,2026-10-05,0.95248,-75.46525,VIIRS-Suomi-NPP,Suomi-NPP,VIIRS,74.5,26,5.5,Nominal,D,0.4,0.44,true,false,Puntos_de_calor_Colombia_2026-10-05.csv,2026-10-06T06:27:43Z,18,Caquetá,18860,Valparaíso,asignado,cache_geometrico,false,0,,,,asignado,231,2.3.1. Pastos limpios,2,23,231,,,,SI,L8_859_20240222_20240224,,false,0,,,,,mas_de_5_km,,0,0,0,,,,,mas_de_5_km,,0,,,,,,
1803162c396fdc402f2f8dba,2026-10-05T14:00-05:00,2026-10-05T19:00:00Z,2026-10-05,4.50002,-69.7602,VIIRS-Suomi-NPP,Suomi-NPP,VIIRS,66.8,16.4,5.5,Nominal,D,0.55,0.68,true,false,Puntos_de_calor_Colombia_2026-10-05.csv,2026-10-06T06:27:43Z,99,Vichada,99773,Cumaribo,asignado,cache_geometrico,false,0,,,,asignado,321111,3.2.1.1.1.1.  Herbazal denso de tierra firme no arbolado,3,32,321,3211,32111,321111,SI,Landsat_2024_mediana_28042025,"GoogleEarth, BingMaps",false,0,,,,,mas_de_5_km,,0,0,0,,,,,mas_de_5_km,,0,,,,,,
18ae861fbdd5d75f1d2eb45a,2026-10-05T14:00-05:00,2026-10-05T19:00:00Z,2026-10-05,3.50484,-75.64118,VIIRS-Suomi-NPP,Suomi-NPP,VIIRS,60.9,27.9,2.9,Nominal,D,0.43,0.46,true,false,Puntos_de_calor_Colombia_2026-10-05.csv,2026-10-06T06:27:43Z,73,Tolima,73616,Rioblanco,asignado,cache_geometrico,false,0,,,,asignado,243,"2.4.3. Mosaico de cultivos, pastos y espacios naturales",2,24,243,,,,SI,Landsat_2024_mediana_28042025,,true,1,BLOQUE 691,,,ZONAS RESERVADAS CON POTENCIAL - BLOQUE 691,mas_de_5_km,,0,0,0,,,,,mas_de_5_km,,0,,,,,,
190297f5ff48708afcb3e50b,2026-10-05T14:00-05:00,2026-10-05T19:00:00Z,2026-10-05,2.32374,-75.74113,VIIRS-Suomi-NPP,Suomi-NPP,VIIRS,68.7,28.8,3.7,Nominal,D,0.4,0.45,true,false,Puntos_de_calor_Colombia_2026-10-05.csv,2026-10-06T06:27:43Z,41,Huila,41013,Agrado,asignado,cache_geometrico,false,0,,,,asignado,243,"2.4.3. Mosaico de cultivos, pastos y espacios naturales",2,24,243,,,,SI,Landsat_2024_mediana_28042025,,false,0,,,,,dentro,0.00,1,0,1,LAM2245,BLOQUE SAN JACINTO,HOCOL S.A.,poligono,entre_1_y_5_km,1063.27,2,0547|0036,VSM 14-1|SAN JACINTO,NO APLICA,PAREX RESOURCES (COLOMBIA) AG|HOCOL S.A.,EXPLORACION|PRODUCCION,CONTRATO DE EXPLORACION Y PRODUCCION (E&P)|CONTRATO DE ASOCIACION CON ECOPETROL
1a4932e8595fd4806b71e52e,2026-10-05T14:00-05:00,2026-10-05T19:00:00Z,2026-10-05,3.34389,-76.23919,VIIRS-Suomi-NPP,Suomi-NPP,VIIRS,65.3,26.5,1.4,Nominal,D,0.39,0.44,true,false,Puntos_de_calor_Colombia_2026-10-05.csv,2026-10-06T06:27:43Z,76,Valle Del Cauca,76275,Florida,asignado,cache_geometrico,false,0,,,,asignado,22121,2.2.1.2.1. Caña de azúcar,2,22,221,2212,22121,,SI,Landsat_2024_mediana_28042025,,false,0,,,,,hasta_1_km,550.55,3,0,3,LAV0081-14|LAM2139|LAM0299,"Estudio de Impacto Ambiental para el proyecto: Línea de transmisión Tesalia-Alférez 230 kV y sus módulos de conexión asociados, obras que hacen parte de la convocatoria UPME 05 – 2009|CONSTRUCCIÓN DEL PUENTE SOBRE EL RIO DESBARATADO.|GASODUCTO DE OCCIDENTE Y 47 RAMALES DE DISTRIBUCION MARIQUITA Y CALI",EMPRESA DE ENERGÍA DE BOGOTÁ – EEB|INSTITUTO NACIONAL DE VÍAS - INVIAS|TRANSPORTADORA DE GAS INTERNACIONAL S.A. E.S.P. - TGI S.A. E.S.P.,linea,mas_de_5_km,,0,,,,,,
1aa98ca1f3edcd11bc203e10,2026-10-05T14:00-05:00,2026-10-05T19:00:00Z,2026-10-05,3.59054,-75.26414,VIIRS-Suomi-NPP,Suomi-NPP,VIIRS,67.9,25.3,8.2,Nominal,D,0.45,0.47,true,false,Puntos_de_calor_Colombia_2026-10-05.csv,2026-10-06T06:27:43Z,73,Tolima,73067,Ataco,asignado,cache_geometrico,false,0,,,,asignado,321111,3.2.1.1.1.1.  Herbazal denso de tierra firme no arbolado,3,32,321,3211,32111,321111,SI,Landsat_2024_mediana_28042025,,true,1,BLOQUE 347,,,ZONAS RESERVADAS CON POTENCIAL - BLOQUE 347,mas_de_5_km,,0,0,0,,,,,mas_de_5_km,,0,,,,,,
1ad668d55572e74f1ea2617c,2026-10-05T14:00-05:00,2026-10-05T19:00:00Z,2026-10-05,4.73425,-71.15862,VIIRS-Suomi-NPP,Suomi-NPP,VIIRS,68.6,17.9,5.1,Nominal,D,0.45,0.63,true,false,Puntos_de_calor_Colombia_2026-10-05.csv,2026-10-06T06:27:43Z,50,Meta,50568,Puerto Gaitán,asignado,cache_geometrico,false,0,,,,asignado,321111,3.2.1.1.1.1.  Herbazal denso de tierra firme no arbolado,3,32,321,3211,32111,321111,SI,Landsat_2024_mediana_28042025,GoogleEarth,false,0,,,,,dentro,0.00,3,0,3,LAM3338|LAM3798,PERFORACIÓN EXPLORATORIA ÁREA DE INTERÉS CABIONA|AREA DE INTERES DE PERFORACION EXPLORATORIA CABIONA|AREA DE PERFORACION EXPLORATORIA CABIONA NORESTE,NEW GRANADA ENERGY CORPORATION SUCURSAL COLOMBIANA|NEW GRANADA ENERGY CORPORATION SUCURSAL COLOMBIA,poligono,hasta_1_km,798.43,1,0072,CABIONA,CABIONA B,NEW GRANADA ENERGY CORPORATION,PRODUCCION,CONTRATO DE EXPLORACION Y EXPLOTACION (E&E)
1e5403e1769c11a218509d09,2026-10-05T14:00-05:00,2026-10-05T19:00:00Z,2026-10-05,4.07254,-70.49609,VIIRS-Suomi-NPP,Suomi-NPP,VIIRS,56.6,16.6,4.7,Nominal,D,0.49,0.65,true,false,Puntos_de_calor_Colombia_2026-10-05.csv,2026-10-06T06:27:43Z,99,Vichada,99773,Cumaribo,asignado,cache_geometrico,false,0,,,,asignado,321111,3.2.1.1.1.1.  Herbazal denso de tierra firme no arbolado,3,32,321,3211,32111,321111,SI,"Landsat_2024_mediana_28042025, L9_657_20240412, L9_557_20240225","GoogleEarth, BingMaps, Planet Medres Normalized Analytic 2024-01 Mosaic",false,0,,,,,mas_de_5_km,,0,0,0,,,,,mas_de_5_km,,0,,,,,,
2038b28662e3115f4f8b9c58,2026-10-05T14:00-05:00,2026-10-05T19:00:00Z,2026-10-05,4.72031,-71.82095,VIIRS-Suomi-NPP,Suomi-NPP,VIIRS,62.7,18.7,4.8,Nominal,D,0.4,0.6,true,false,Puntos_de_calor_Colombia_2026-10-05.csv,2026-10-06T06:27:43Z,85,Casanare,85230,Orocué,asignado,cache_geometrico,false,0,,,,asignado,321121,3.2.1.1.2.1. Herbazal denso inundable no arbolado,3,32,321,3211,32112,321121,SI,Landsat_2024_mediana_28042025,,false,0,,,,,dentro,0.00,2,0,2,LAM3372|LAM5707,BLOQUE DE PERFORACION EXPLORATORIA SURIMENA|ÁREA DE PERFORACIÓN EXPLORATORIA LLA-71,HUPECOL OPERATING CO LLC|GOE TECHNOLOGY SUCURSAL COLOMBIA,poligono,entre_1_y_5_km,1530.32,1,0244,LLA 71,NO APLICA,GEO TECHNOLOGY L.A,EXPLORACION,CONTRATO DE EXPLORACION Y PRODUCCION (E&P)
2071a089059e21435d521a22,2026-10-05T14:00-05:00,2026-10-05T19:00:00Z,2026-10-05,4.42679,-69.89564,VIIRS-Suomi-NPP,Suomi-NPP,VIIRS,55.7,15.2,3.1,Nominal,D,0.54,0.68,true,false,Puntos_de_calor_Colombia_2026-10-05.csv,2026-10-06T06:27:43Z,99,Vichada,99773,Cumaribo,asignado,cache_geometrico,false,0,,,,asignado,314,3.1.4. Bosque de galería y ripario,3,31,314,,,,SI,Landsat_2024_mediana_28042025,"GoogleEarth, BingMaps",false,0,,,,,mas_de_5_km,,0,0,0,,,,,mas_de_5_km,,0,,,,,,
21306545ab4758c20d453400,2026-10-05T14:00-05:00,2026-10-05T19:00:00Z,2026-10-05,2.31969,-75.74017,VIIRS-Suomi-NPP,Suomi-NPP,VIIRS,62.9,31.1,3.7,Nominal,D,0.4,0.45,true,false,Puntos_de_calor_Colombia_2026-10-05.csv,2026-10-06T06:27:43Z,41,Huila,41013,Agrado,asignado,cache_geometrico,false,0,,,,asignado,243,"2.4.3. Mosaico de cultivos, pastos y espacios naturales",2,24,243,,,,SI,Landsat_2024_mediana_28042025,,false,0,,,,,dentro,0.00,1,0,1,LAM2245,BLOQUE SAN JACINTO,HOCOL S.A.,poligono,entre_1_y_5_km,1511.26,2,0547|0036,VSM 14-1|SAN JACINTO,NO APLICA,PAREX RESOURCES (COLOMBIA) AG|HOCOL S.A.,EXPLORACION|PRODUCCION,CONTRATO DE EXPLORACION Y PRODUCCION (E&P)|CONTRATO DE ASOCIACION CON ECOPETROL
2151702b0efe55a8797511f4,2026-10-05T14:00-05:00,2026-10-05T19:00:00Z,2026-10-05,1.25835,-77.49869,VIIRS-Suomi-NPP,Suomi-NPP,VIIRS,71.6,31.4,6.4,Nominal,D,0.47,0.4,true,false,Puntos_de_calor_Colombia_2026-10-05.csv,2026-10-06T06:27:43Z,52,Nariño,52207,Consacá,asignado,cache_geometrico,false,0,,,,asignado,22122,2.2.1.2.2. Caña panelera,2,22,221,2212,22122,,SI,Landsat_2024_mediana_28042025,,false,0,,,,,mas_de_5_km,,0,0,0,,,,,mas_de_5_km,,0,,,,,,
22857e5756dbcfe756f95a80,2026-10-05T14:00-05:00,2026-10-05T19:00:00Z,2026-10-05,5.03521,-70.39383,VIIRS-Suomi-NPP,Suomi-NPP,VIIRS,69.5,14.5,5.2,Nominal,D,0.51,0.66,true,false,Puntos_de_calor_Colombia_2026-10-05.csv,2026-10-06T06:27:43Z,99,Vichada,99624,Santa Rosalía,asignado,cache_geometrico,false,0,,,,asignado,321111,3.2.1.1.1.1.  Herbazal denso de tierra firme no arbolado,3,32,321,3211,32111,321111,SI,Landsat_2024_mediana_28042025,GoogleEarth,false,0,,,,,mas_de_5_km,,0,0,0,,,,,mas_de_5_km,,0,,,,,,
2327e1f4797383a7767c5794,2026-10-05T14:00-05:00,2026-10-05T19:00:00Z,2026-10-05,3.63092,-75.57871,VIIRS-Suomi-NPP,Suomi-NPP,VIIRS,59.6,27.2,2.2,Nominal,D,0.43,0.46,true,false,Puntos_de_calor_Colombia_2026-10-05.csv,2026-10-06T06:27:43Z,73,Tolima,73168,Chaparral,asignado,cache_geometrico,false,0,,,,asignado,243,"2.4.3. Mosaico de cultivos, pastos y espacios naturales",2,24,243,,,,SI,Landsat_2024_mediana_28042025,,true,1,BLOQUE 691,,,ZONAS RESERVADAS CON POTENCIAL - BLOQUE 691,mas_de_5_km,,0,0,0,,,,,mas_de_5_km,,0,,,,,,
2405e02d618ac442c7586c37,2026-10-05T14:00-05:00,2026-10-05T19:00:00Z,2026-10-05,3.65296,-72.20923,VIIRS-Suomi-NPP,Suomi-NPP,VIIRS,78.2,15,5.4,Nominal,D,0.37,0.58,true,false,Puntos_de_calor_Colombia_2026-10-05.csv,2026-10-06T06:27:43Z,50,Meta,50568,Puerto Gaitán,asignado,cache_geometrico,false,0,,,,asignado,321111,3.2.1.1.1.1.  Herbazal denso de tierra firme no arbolado,3,32,321,3211,32111,321111,SI,Landsat_2024_mediana_28042025,Sentinel_2024_mediana_11042025,false,0,,,,,dentro,0.00,2,0,2,LAM5475|LAM5089,ÁREA DE PERFORACIÓN EXPLORATORIA BLOQUE CPO-12|AREA DE PERFORACION EXPLORATORIA BLOQUE CENTRAL,META  PETROLEUM CORP|ECOPETROL S.A.,poligono,mas_de_5_km,,0,,,,,,
24d7003d87ff154f20b058f5,2026-10-05T14:00-05:00,2026-10-05T19:00:00Z,2026-10-05,3.96898,-72.42204,VIIRS-Suomi-NPP,Suomi-NPP,VIIRS,58.6,17.5,3.4,Nominal,D,0.36,0.57,true,false,Puntos_de_calor_Colombia_2026-10-05.csv,2026-10-06T06:27:43Z,50,Meta,50573,Puerto López,asignado,cache_geometrico,false,0,,,,asignado,321111,3.2.1.1.1.1.  Herbazal denso de tierra firme no arbolado,3,32,321,3211,32111,321111,SI,Landsat_2024_mediana_28042025,GoogleEarth,false,0,,,,,dentro,0.00,3,0,3,LAM5475|LAV0036-00-2022|LAM5131,ÁREA DE PERFORACIÓN EXPLORATORIA BLOQUE CPO-12|ÁREA DE DESARROLLO LLANOS 134 - ÁREA DE DESARROLLO LLANOS 134|PERFORACION EXPLORATORIA BLOQUE CPO-6,META  PETROLEUM CORP|PAREX RESOURCES COLOMBIA LTD SUCURSAL|TECPETROL COLOMBIA S.A.S.,poligono,entre_1_y_5_km,3429.95,1,0709,LLA 86,NO APLICA,GEOPARK COLOMBIA S.A.S.,EXPLORACION,CONTRATO DE EXPLORACION Y PRODUCCION (E&P)
27074b645594c54f0d0358b3,2026-10-05T14:00-05:00,2026-10-05T19:00:00Z,2026-10-05,5.90918,-70.16817,VIIRS-Suomi-NPP,Suomi-NPP,VIIRS,67.9,14.4,5.9,Nominal,D,0.54,0.68,true,false,Puntos_de_calor_Colombia_2026-10-05.csv,2026-10-06T06:27:43Z,85,Casanare,85250,Paz De Ariporo,asignado,cache_geometrico,false,0,,,,asignado,411,4.1.1. Zonas pantanosas,4,41,411,,,,SI,Landsat_2024_mediana_28042025,GoogleEarth,false,0,,,,,entre_1_y_5_km,2809.79,1,0,1,LAM3530,AREA DE INTERES DE PERFORACION EXPLORATORIA PRIMAVERA NORTE,GRAN TIERRA ENERGY COLOMBIA LTD.,poligono,mas_de_5_km,,0,,,,,,
281944a931e371780fde5795,2026-10-05T14:00-05:00,2026-10-05T19:00:00Z,2026-10-05,4.51569,-72.14806,VIIRS-Suomi-NPP,Suomi-NPP,VIIRS,93.9,18.1,8.4,Alta,D,0.38,0.59,true,false,Puntos_de_calor_Colombia_2026-10-05.csv,2026-10-06T06:27:43Z,85,Casanare,85139,Maní,asignado,cache_geometrico,false,0,,,,asignado,321121,3.2.1.1.2.1. Herbazal denso inundable no arbolado,3,32,321,3211,32112,321121,SI,Landsat_2024_mediana_28042025,"Basemap, GoogleEarth",false,0,,,,,dentro,0.00,3,0,3,LAM5075|LAM5016|LAV0097-00-2014,BLOQUE DE PERFORACION EXPLORATORIA PUNTERO|AREA DE PERFORACION EXPLORATORIA SAN ANTONIO|AREA DE DESARROLLO PUNTERO,CEPSA COLOMBIA S.A. - CEPCOLSA|THORNELOE ENERGY SUCURSAL COLOMBIA|CEPSA COLOMBIA S.A.,poligono,mas_de_5_km,,0,,,,,,
2ec25abb50b16261979cc4fb,2026-10-05T14:00-05:00,2026-10-05T19:00:00Z,2026-10-05,4.72784,-71.16199,VIIRS-Suomi-NPP,Suomi-NPP,VIIRS,93.9,19,13.6,Alta,D,0.45,0.63,true,false,Puntos_de_calor_Colombia_2026-10-05.csv,2026-10-06T06:27:43Z,50,Meta,50568,Puerto Gaitán,asignado,cache_geometrico,false,0,,,,asignado,321111,3.2.1.1.1.1.  Herbazal denso de tierra firme no arbolado,3,32,321,3211,32111,321111,SI,Landsat_2024_mediana_28042025,GoogleEarth,false,0,,,,,dentro,0.00,4,0,4,LAM3338|LAM3798|LAM5088,PERFORACIÓN EXPLORATORIA ÁREA DE INTERÉS CABIONA|AREA DE INTERES DE PERFORACION EXPLORATORIA CABIONA|AREA DE PERFORACION EXPLORATORIA CABIONA NORESTE|AREA DE PERFORACIÓN EXPLORATORIA BLOQUE CPO-3,NEW GRANADA ENERGY CORPORATION SUCURSAL COLOMBIANA|NEW GRANADA ENERGY CORPORATION SUCURSAL COLOMBIA|PLUSPETROL COLOMBIA CORPORATION SUCURSAL COLOMBIANA,poligono,hasta_1_km,89.82,1,0072,CABIONA,CABIONA B,NEW GRANADA ENERGY CORPORATION,PRODUCCION,CONTRATO DE EXPLORACION Y EXPLOTACION (E&E)
3588f855e7466e57d614f084,2026-10-05T14:00-05:00,2026-10-05T19:00:00Z,2026-10-05,1.97234,-74.19153,VIIRS-Suomi-NPP,Suomi-NPP,VIIRS,67.9,23.2,6.2,Nominal,D,0.5,0.49,true,false,Puntos_de_calor_Colombia_2026-10-05.csv,2026-10-06T06:27:43Z,18,Caquetá,18753,San Vicente Del Caguán,asignado,cache_geometrico,false,0,,,,asignado,231,2.3.1. Pastos limpios,2,23,231,,,,SI,L9_759_20240115,,false,0,,,,,mas_de_5_km,,0,0,0,,,,,mas_de_5_km,,0,,,,,,
35a31357c9571f78198b85f9,2026-10-05T14:00-05:00,2026-10-05T19:00:00Z,2026-10-05,1.68523,-74.26169,VIIRS-Suomi-NPP,Suomi-NPP,VIIRS,68.4,21.9,6.7,Nominal,D,0.49,0.49,true,false,Puntos_de_calor_Colombia_2026-10-05.csv,2026-10-06T06:27:43Z,18,Caquetá,18753,San Vicente Del Caguán,asignado,cache_geometrico,false,0,,,,asignado,231,2.3.1. Pastos limpios,2,23,231,,,,SI,L8_859_20240410_20240411,,false,0,,,,,mas_de_5_km,,0,0,0,,,,,dentro,0.00,1,0283,SANGRETORO,NO APLICA,CANACOL ENERGY COLOMBIA S.A.S.,EXPLORACION,CONTRATO DE EXPLORACION Y PRODUCCION (E&P)
37ffdab18f4b92be397570ad,2026-10-05T14:00-05:00,2026-10-05T19:00:00Z,2026-10-05,0.76378,-76.06456,VIIRS-Suomi-NPP,Suomi-NPP,VIIRS,63.2,26.9,9.6,Nominal,D,0.55,0.43,true,false,Puntos_de_calor_Colombia_2026-10-05.csv,2026-10-06T06:27:43Z,86,Putumayo,86571,Puerto Guzmán,asignado,cache_geometrico,false,0,,,,asignado,243,"2.4.3. Mosaico de cultivos, pastos y espacios naturales",2,24,243,,,,SI,L8_959_20240221,,false,0,,,,,dentro,0.00,1,0,1,LAM0533,BLOQUE RIO PUTUMAYO (FASE PERFORACION EXPLORATORIA ),RAM PETROLEUM LIMITED,poligono,dentro,0.00,3,0787|0261|0104,PUT 36|PUT 9|MECAYA,NO APLICA,AMERISUR EXPLORACION COLOMBIA LIMITED,EXPLORACION,CONTRATO DE EXPLORACION Y PRODUCCION (E&P)
3942dde6a73ce920bf33babb,2026-10-05T14:00-05:00,2026-10-05T19:00:00Z,2026-10-05,3.65926,-72.20348,VIIRS-Suomi-NPP,Suomi-NPP,VIIRS,67.8,18.4,6.2,Nominal,D,0.37,0.58,true,false,Puntos_de_calor_Colombia_2026-10-05.csv,2026-10-06T06:27:43Z,50,Meta,50568,Puerto Gaitán,asignado,cache_geometrico,false,0,,,,asignado,321111,3.2.1.1.1.1.  Herbazal denso de tierra firme no arbolado,3,32,321,3211,32111,321111,SI,Landsat_2024_mediana_28042025,Sentinel_2024_mediana_11042025,false,0,,,,,dentro,0.00,2,0,2,LAM5475|LAM5089,ÁREA DE PERFORACIÓN EXPLORATORIA BLOQUE CPO-12|AREA DE PERFORACION EXPLORATORIA BLOQUE CENTRAL,META  PETROLEUM CORP|ECOPETROL S.A.,poligono,mas_de_5_km,,0,,,,,,
3ae2ace908ae706d6faed05c,2026-10-05T14:00-05:00,2026-10-05T19:00:00Z,2026-10-05,4.80307,-74.6606,VIIRS-Suomi-NPP,Suomi-NPP,VIIRS,62.1,23.9,3.9,Nominal,D,0.52,0.5,true,false,Puntos_de_calor_Colombia_2026-10-05.csv,2026-10-06T06:27:43Z,25,Cundinamarca,25662,San Juan De Rioseco,asignado,cache_geometrico,false,0,,,,asignado,243,"2.4.3. Mosaico de cultivos, pastos y espacios naturales",2,24,243,,,,SI,Landsat_2024_mediana_28042025,,false,0,,,,,entre_1_y_5_km,2095.57,2,0,2,LAM1275,Bloque de Exploración Sísmica y Exploratoria Nardo Norte y Sur. (Plataforma Guadual A).,COLOMBIA ENERGY DEVELOPMENT CO,poligono,mas_de_5_km,,0,,,,,,
3aee1603729c048c37b8de3a,2026-10-05T14:00-05:00,2026-10-05T19:00:00Z,2026-10-05,1.36643,-75.02655,VIIRS-Suomi-NPP,Suomi-NPP,VIIRS,58.5,23.5,3.6,Nominal,D,0.44,0.46,true,false,Puntos_de_calor_Colombia_2026-10-05.csv,2026-10-06T06:27:43Z,18,Caquetá,18150,Cartagena Del Chairá,asignado,cache_geometrico,false,0,,,,asignado,233,2.3.3. Pastos enmalezados,2,23,233,,,,SI,L8_859_20240410,,false,0,,,,,mas_de_5_km,,0,0,0,,,,,mas_de_5_km,,0,,,,,,
454db1923f86c5c863210997,2026-10-05T14:00-05:00,2026-10-05T19:00:00Z,2026-10-05,2.99984,-72.72614,VIIRS-Suomi-NPP,Suomi-NPP,VIIRS,70.6,21.5,4.6,Nominal,D,0.33,0.55,true,false,Puntos_de_calor_Colombia_2026-10-05.csv,2026-10-06T06:27:43Z,50,Meta,50325,Mapiripán,asignado,cache_geometrico,false,0,,,,asignado,321111,3.2.1.1.1.1.  Herbazal denso de tierra firme no arbolado,3,32,321,3211,32111,321111,SI,Landsat_2024_mediana_28042025,,false,0,,,,,mas_de_5_km,,0,0,0,,,,,mas_de_5_km,,0,,,,,,
48a20751089fc0664d0786e6,2026-10-05T14:00-05:00,2026-10-05T19:00:00Z,2026-10-05,1.68238,-74.26073,VIIRS-Suomi-NPP,Suomi-NPP,VIIRS,66.5,22,5.7,Nominal,D,0.49,0.49,true,false,Puntos_de_calor_Colombia_2026-10-05.csv,2026-10-06T06:27:43Z,18,Caquetá,18753,San Vicente Del Caguán,asignado,cache_geometrico,false,0,,,,asignado,231,2.3.1. Pastos limpios,2,23,231,,,,SI,L8_859_20240410_20240411,,false,0,,,,,mas_de_5_km,,0,0,0,,,,,dentro,0.00,1,0283,SANGRETORO,NO APLICA,CANACOL ENERGY COLOMBIA S.A.S.,EXPLORACION,CONTRATO DE EXPLORACION Y PRODUCCION (E&P)
4a4e2e45224e5de9af8a2969,2026-10-05T14:00-05:00,2026-10-05T19:00:00Z,2026-10-05,0.57261,-75.51247,VIIRS-Suomi-NPP,Suomi-NPP,VIIRS,71.7,26.8,6.9,Nominal,D,0.39,0.44,true,false,Puntos_de_calor_Colombia_2026-10-05.csv,2026-10-06T06:27:43Z,86,Putumayo,86571,Puerto Guzmán,asignado,cache_geometrico,false,0,,,,asignado,233,2.3.3. Pastos enmalezados,2,23,233,,,,SI,L8_860_20240129,,false,0,,,,,mas_de_5_km,,0,0,0,,,,,dentro,0.00,1,0237,TERECAY,NO APLICA,AMERISUR EXPLORACION COLOMBIA LIMITED,EXPLORACION,CONTRATO DE EXPLORACION Y PRODUCCION (E&P)
4b340c32057c23862528dba0,2026-10-05T14:00-05:00,2026-10-05T19:00:00Z,2026-10-05,4.72202,-71.16119,VIIRS-Suomi-NPP,Suomi-NPP,VIIRS,60.5,17.2,13.6,Nominal,D,0.45,0.63,true,false,Puntos_de_calor_Colombia_2026-10-05.csv,2026-10-06T06:27:43Z,50,Meta,50568,Puerto Gaitán,asignado,cache_geometrico,false,0,,,,asignado,321111,3.2.1.1.1.1.  Herbazal denso de tierra firme no arbolado,3,32,321,3211,32111,321111,SI,Landsat_2024_mediana_28042025,GoogleEarth,false,0,,,,,dentro,0.00,4,0,4,LAM3338|LAM3798|LAM5088,PERFORACIÓN EXPLORATORIA ÁREA DE INTERÉS CABIONA|AREA DE INTERES DE PERFORACION EXPLORATORIA CABIONA|AREA DE PERFORACION EXPLORATORIA CABIONA NORESTE|AREA DE PERFORACIÓN EXPLORATORIA BLOQUE CPO-3,NEW GRANADA ENERGY CORPORATION SUCURSAL COLOMBIANA|NEW GRANADA ENERGY CORPORATION SUCURSAL COLOMBIA|PLUSPETROL COLOMBIA CORPORATION SUCURSAL COLOMBIANA,poligono,dentro,0.00,1,0072,CABIONA,CABIONA B,NEW GRANADA ENERGY CORPORATION,PRODUCCION,CONTRATO DE EXPLORACION Y EXPLOTACION (E&E)
4c74087233e05438ff9fb0b9,2026-10-05T14:00-05:00,2026-10-05T19:00:00Z,2026-10-05,0.95341,-75.46481,VIIRS-Suomi-NPP,Suomi-NPP,VIIRS,60.9,25.2,2.9,Nominal,D,0.4,0.44,true,false,Puntos_de_calor_Colombia_2026-10-05.csv,2026-10-06T06:27:43Z,18,Caquetá,18860,Valparaíso,asignado,cache_geometrico,false,0,,,,asignado,244,2.4.4. Mosaico de pastos con espacios naturales,2,24,244,,,,SI,L8_859_20240222_20240224,,false,0,,,,,mas_de_5_km,,0,0,0,,,,,mas_de_5_km,,0,,,,,,
4e1101d66c97d6430613d6a1,2026-10-05T14:00-05:00,2026-10-05T19:00:00Z,2026-10-05,5.09726,-68.12051,VIIRS-Suomi-NPP,Suomi-NPP,VIIRS,65.8,14.2,10.6,Nominal,D,0.72,0.76,true,false,Puntos_de_calor_Colombia_2026-10-05.csv,2026-10-06T06:27:43Z,99,Vichada,99773,Cumaribo,asignado,cache_geometrico,false,0,,,,asignado,32121,3.2.1.2.1. Herbazal abierto arenoso,3,32,321,3212,32121,,SI,Landsat_2024_mediana_28042025,GoogleEarth,true,1,Bloque882,,,,mas_de_5_km,,0,0,0,,,,,mas_de_5_km,,0,,,,,,
4eb13996b3dad6678a890826,2026-10-05T14:00-05:00,2026-10-05T19:00:00Z,2026-10-05,1.0724,-75.31412,VIIRS-Suomi-NPP,Suomi-NPP,VIIRS,68,21.3,5.8,Nominal,D,0.41,0.45,true,false,Puntos_de_calor_Colombia_2026-10-05.csv,2026-10-06T06:27:43Z,18,Caquetá,18460,Milán,asignado,cache_geometrico,false,0,,,,asignado,231,2.3.1. Pastos limpios,2,23,231,,,,SI,L8_859_20240410_20240411,Bing Map Aerial,false,0,,,,,mas_de_5_km,,0,0,0,,,,,mas_de_5_km,,0,,,,,,
4f0ccbe42750a92a9fe1365f,2026-10-05T14:00-05:00,2026-10-05T19:00:00Z,2026-10-05,6.01588,-70.99952,VIIRS-Suomi-NPP,Suomi-NPP,VIIRS,73.6,16.2,6.5,Nominal,D,0.48,0.65,true,false,Puntos_de_calor_Colombia_2026-10-05.csv,2026-10-06T06:27:43Z,85,Casanare,85250,Paz De Ariporo,asignado,cache_geometrico,false,0,,,,asignado,321121,3.2.1.1.2.1. Herbazal denso inundable no arbolado,3,32,321,3211,32112,321121,SI,Landsat_2024_mediana_28042025,IDEAM_puntos_CLC2022_verificacion_campo_2025,false,0,,,,,hasta_1_km,52.75,3,0,3,LAM4343|LAM5604|LAM5130,AREA DE INTERES DE PERFORACION EXPLORATORIA ALTAMIRA D|AREA DE PERFORACION EXPLORATORIA LLANOS 56|BLOQUE DE PERFORACIÓN EXPLORATORIA JAGÜEYES B,PETROMINERALES COLOMBIA LTDA|TABASCO OIL COMPANY LLC|TOC ENERGÍA SUCURSAL COLOMBIA,poligono,entre_1_y_5_km,1755.33,1,0859,LLA 111,NO APLICA,PAREX RESOURCES (COLOMBIA) AG,EXPLORACION,CONTRATO DE EXPLORACION Y PRODUCCION (E&P)
4fc00121c9c21f19e0ea6451,2026-10-05T14:00-05:00,2026-10-05T19:00:00Z,2026-10-05,2.63837,-75.3601,VIIRS-Suomi-NPP,Suomi-NPP,VIIRS,69.5,28.3,4.9,Nominal,D,0.43,0.46,true,false,Puntos_de_calor_Colombia_2026-10-05.csv,2026-10-06T06:27:43Z,41,Huila,41132,Campoalegre,asignado,cache_geometrico,false,0,,,,asignado,2121,2.1.2.1. Arroz,2,21,212,2121,,,SI,Landsat_2024_mediana_28042025,,false,0,,,,,entre_1_y_5_km,4663.56,1,0,1,LAV0007-00-2017,CONSTRUCCIÓN DE LA VARIANTE CAMPOALEGRE,CONCESIONARIA ALIADAS PARA EL PROGRESO S.A.S,linea,dentro,0.00,2,0263|0546,VSM 15|VSM 13-2,NO APLICA,FLAMINGO OIL S.A.|PAREX RESOURCES (COLOMBIA) AG,EXPLORACION,CONTRATO DE EXPLORACION Y PRODUCCION (E&P)
509299a8fb01443eef076979,2026-10-05T14:00-05:00,2026-10-05T19:00:00Z,2026-10-05,1.70158,-77.12839,VIIRS-Suomi-NPP,Suomi-NPP,VIIRS,66.2,33.7,6.9,Nominal,D,0.49,0.41,true,false,Puntos_de_calor_Colombia_2026-10-05.csv,2026-10-06T06:27:43Z,19,Cauca,19450,Mercaderes,asignado,cache_geometrico,false,0,,,,asignado,242,2.4.2. Mosaico de pastos y cultivos,2,24,242,,,,SI,Landsat_2024_mediana_28042025,,false,0,,,,,mas_de_5_km,,0,0,0,,,,,mas_de_5_km,,0,,,,,,
509e8977c3274c8cb4ad87ca,2026-10-05T14:00-05:00,2026-10-05T19:00:00Z,2026-10-05,1.84621,-74.07034,VIIRS-Suomi-NPP,Suomi-NPP,VIIRS,70.8,22.8,7.8,Nominal,D,0.51,0.49,true,false,Puntos_de_calor_Colombia_2026-10-05.csv,2026-10-06T06:27:43Z,18,Caquetá,18753,San Vicente Del Caguán,asignado,cache_geometrico,false,0,,,,asignado,321111,3.2.1.1.1.1.  Herbazal denso de tierra firme no arbolado,3,32,321,3211,32111,321111,SI,L9_759_20240115,,false,0,,,,,mas_de_5_km,,0,0,0,,,,,mas_de_5_km,,0,,,,,,
513d64b0ebb35b4bdf37d779,2026-10-05T14:00-05:00,2026-10-05T19:00:00Z,2026-10-05,2.26903,-76.8655,VIIRS-Suomi-NPP,Suomi-NPP,VIIRS,68,27.5,5,Nominal,D,0.52,0.41,true,false,Puntos_de_calor_Colombia_2026-10-05.csv,2026-10-06T06:27:43Z,19,Cauca,19256,El Tambo,asignado,cache_geometrico,false,0,,,,asignado,244,2.4.4. Mosaico de pastos con espacios naturales,2,24,244,,,,SI,Landsat_2024_mediana_28042025,,false,0,,,,,mas_de_5_km,,0,0,0,,,,,mas_de_5_km,,0,,,,,,
53a7eb7e09cbf71d453355f2,2026-10-05T14:00-05:00,2026-10-05T19:00:00Z,2026-10-05,4.081,-73.4598,VIIRS-Suomi-NPP,Suomi-NPP,VIIRS,61.3,20.1,17.3,Nominal,D,0.61,0.53,true,false,Puntos_de_calor_Colombia_2026-10-05.csv,2026-10-06T06:27:43Z,50,Meta,50001,Villavicencio,asignado,cache_geometrico,false,0,,,,asignado,2232,2.2.3.2. Palma de aceite,2,22,223,2232,,,SI,Landsat_2024_mediana_28042025,,false,0,,,,,dentro,0.00,20,2,18,LAM0198|LAM0951|LAM1063|LAV0071-00-2017|LAV0009-00-2026|LAV0071-00-2022|LAM8583-00|LAM2947|LAV0025-14|LAV0093-00-2014,"POZOS DE DESARROLLO APIAY A Y SURIA A Y B Y LIBERTAD|AREA DE LOS CAMPOS EN EXPLOTACION|Bloque Apiay. CAMPOS APIAY, SURIA Y REFORMA - LIBERTAD|GASODUCTO APIAY – VILLAVICENCIO – BOGOTÁ|CONSTRUCCIÓN GASODUCTO APIAY - VILLAVICENCIO - OCOA|SUBESTACIÓN SURIA 230 kV Y LÍNEAS DE TRANSMISIÓN ASOCIADAS|LÍNEA DE TRANSMISIÓN ENTRE LA SUBESTACIÓN EXISTENTE SURIA A 230 KV Y NUEVA SUBESTACIÓN CDS2 A 230 KV|CONSTRUCCIÓN Y PUESTA EN SERVICIO DE LA CONEXIÓN ENTRE PÓRTICO Y EQUIPOS DE SALIDA DE LA NUEVA SUBESTACIÓN SURIA Y EL PÓRTICO Y EQUIPOS DE LLEGADA DE LA NUEVA SUBESTACIÓN SANTA HELENA|SISTEMA DE TRANSPORTE DE HIDROCARBUROS APIAY – CHICHIMENE|OLEODUCTO CASTILLA – APIAY,|CONSTRUCCIÓN Y OPERACIÓN DE LA REFINERIA DEL META|CENTRO DE ACOPIO PARA COMBUSTIBLES - CENTRO DE ACOPIO PARA COMBUSTIBLES|CONSTRUCCIÓN Y OPERACIÓN REFINERIA DEL META",ECOPETROL S A|ECOPETROL S.A.|TRANSPORTADORA DE GAS INTERNACIONAL S.A. E.S.P. - TGI S.A. E.S.P.|DESARROLLO ELÉCTRICO SURIA S.A.S. E.S.P.|Interconexión eléctrica S.A. E.S.P.|ELECTRIFICADORA DEL META S.A. EMPRESA DE SERVICIOS PUBLICOS|EMPRESA DE PETROLEOS DEL LLANO- LLANOPETROL|EMPRESA DE PETROLEOS DEL LLANO - LLANOPETROL,poligono|linea,dentro,0.00,2,0091|0873,APIAY|LLA 141,APIAY|NO APLICA,ECOPETROL S.A.,PRODUCCION|EXPLORACION,CONVENIO DE EXPLOTACION|CONTRATO DE EXPLORACION Y PRODUCCION (E&P)
54fb1fce7f823dd120f70960,2026-10-05T14:00-05:00,2026-10-05T19:00:00Z,2026-10-05,5.79843,-69.01185,VIIRS-Suomi-NPP,Suomi-NPP,VIIRS,62.8,15.2,7.7,Nominal,D,0.65,0.73,true,false,Puntos_de_calor_Colombia_2026-10-05.csv,2026-10-06T06:27:43Z,99,Vichada,99524,La Primavera,asignado,cache_geometrico,false,0,,,,asignado,321111,3.2.1.1.1.1.  Herbazal denso de tierra firme no arbolado,3,32,321,3211,32111,321111,SI,Landsat_2024_mediana_28042025,GoogleEarth,false,0,,,,,mas_de_5_km,,0,0,0,,,,,mas_de_5_km,,0,,,,,,
55fa127b1016080fbd0bbbe3,2026-10-05T14:00-05:00,2026-10-05T19:00:00Z,2026-10-05,3.4538,-75.29869,VIIRS-Suomi-NPP,Suomi-NPP,VIIRS,62.2,21.5,6.8,Nominal,D,0.45,0.47,true,false,Puntos_de_calor_Colombia_2026-10-05.csv,2026-10-06T06:27:43Z,73,Tolima,73483,Natagaima,asignado,cache_geometrico,false,0,,,,asignado,3222,3.2.2.2. Arbustal abierto,3,32,322,3222,,,SI,Landsat_2024_mediana_28042025,,true,1,BLOQUE 691,,,ZONAS RESERVADAS CON POTENCIAL - BLOQUE 691,entre_1_y_5_km,1158.66,1,0,1,LAV0091-13,AREA DE PERFORACIÓN EXPLORATORIA VSM 9 (HUILA - TOLIMA),HOCOL S.A.,poligono,entre_1_y_5_km,4145.15,1,0250,VSM 9,NO APLICA,HOCOL S.A.,EXPLORACION,CONTRATO DE EXPLORACION Y PRODUCCION (E&P)
563e67e594458a81329357f0,2026-10-05T14:00-05:00,2026-10-05T19:00:00Z,2026-10-05,3.45088,-75.30227,VIIRS-Suomi-NPP,Suomi-NPP,VIIRS,65.6,24,5.2,Nominal,D,0.45,0.47,true,false,Puntos_de_calor_Colombia_2026-10-05.csv,2026-10-06T06:27:43Z,73,Tolima,73483,Natagaima,asignado,cache_geometrico,false,0,,,,asignado,314,3.1.4. Bosque de galería y ripario,3,31,314,,,,SI,Landsat_2024_mediana_28042025,,true,1,BLOQUE 691,,,ZONAS RESERVADAS CON POTENCIAL - BLOQUE 691,hasta_1_km,657.82,1,0,1,LAV0091-13,AREA DE PERFORACIÓN EXPLORATORIA VSM 9 (HUILA - TOLIMA),HOCOL S.A.,poligono,entre_1_y_5_km,3822.73,1,0250,VSM 9,NO APLICA,HOCOL S.A.,EXPLORACION,CONTRATO DE EXPLORACION Y PRODUCCION (E&P)
58e51de03c01a9313ef6f8e2,2026-10-05T14:00-05:00,2026-10-05T19:00:00Z,2026-10-05,4.51025,-72.14732,VIIRS-Suomi-NPP,Suomi-NPP,VIIRS,57.7,18.1,8.4,Nominal,D,0.38,0.59,true,false,Puntos_de_calor_Colombia_2026-10-05.csv,2026-10-06T06:27:43Z,85,Casanare,85139,Maní,asignado,cache_geometrico,false,0,,,,asignado,321121,3.2.1.1.2.1. Herbazal denso inundable no arbolado,3,32,321,3211,32112,321121,SI,Landsat_2024_mediana_28042025,"Basemap, GoogleEarth",false,0,,,,,dentro,0.00,3,0,3,LAM5075|LAM5016|LAV0097-00-2014,BLOQUE DE PERFORACION EXPLORATORIA PUNTERO|AREA DE PERFORACION EXPLORATORIA SAN ANTONIO|AREA DE DESARROLLO PUNTERO,CEPSA COLOMBIA S.A. - CEPCOLSA|THORNELOE ENERGY SUCURSAL COLOMBIA|CEPSA COLOMBIA S.A.,poligono,mas_de_5_km,,0,,,,,,
5e3dd441461dcd1c699fb13d,2026-10-05T14:00-05:00,2026-10-05T19:00:00Z,2026-10-05,3.23511,-76.27551,VIIRS-Suomi-NPP,Suomi-NPP,VIIRS,68.1,28.6,5.5,Nominal,D,0.39,0.44,true,false,Puntos_de_calor_Colombia_2026-10-05.csv,2026-10-06T06:27:43Z,19,Cauca,19455,Miranda,asignado,cache_geometrico,false,0,,,,asignado,22121,2.2.1.2.1. Caña de azúcar,2,22,221,2212,22121,,SI,Landsat_2024_mediana_28042025,,false,0,,,,,mas_de_5_km,,0,0,0,,,,,mas_de_5_km,,0,,,,,,
6005d515d7e3373303ad589e,2026-10-05T14:00-05:00,2026-10-05T19:00:00Z,2026-10-05,3.65344,-72.20594,VIIRS-Suomi-NPP,Suomi-NPP,VIIRS,85.1,13.5,5.4,Baja,D,0.37,0.58,true,false,Puntos_de_calor_Colombia_2026-10-05.csv,2026-10-06T06:27:43Z,50,Meta,50568,Puerto Gaitán,asignado,cache_geometrico,false,0,,,,asignado,321111,3.2.1.1.1.1.  Herbazal denso de tierra firme no arbolado,3,32,321,3211,32111,321111,SI,Landsat_2024_mediana_28042025,Sentinel_2024_mediana_11042025,false,0,,,,,dentro,0.00,2,0,2,LAM5475|LAM5089,ÁREA DE PERFORACIÓN EXPLORATORIA BLOQUE CPO-12|AREA DE PERFORACION EXPLORATORIA BLOQUE CENTRAL,META  PETROLEUM CORP|ECOPETROL S.A.,poligono,mas_de_5_km,,0,,,,,,
60e3ea0861514af9f623065d,2026-10-05T14:00-05:00,2026-10-05T19:00:00Z,2026-10-05,0.36857,-74.01113,VIIRS-Suomi-NPP,Suomi-NPP,VIIRS,93.9,23.7,14.7,Alta,D,0.49,0.49,true,false,Puntos_de_calor_Colombia_2026-10-05.csv,2026-10-06T06:27:43Z,18,Caquetá,18150,Cartagena Del Chairá,asignado,cache_geometrico,false,0,,,,asignado,31111,3.1.1.1.1. Bosque denso alto de tierra firme,3,31,311,3111,31111,,SI,L9_759_20240115,,false,0,,,,,mas_de_5_km,,0,0,0,,,,,mas_de_5_km,,0,,,,,,
61bc9a62a90b00195752f19b,2026-10-05T14:00-05:00,2026-10-05T19:00:00Z,2026-10-05,3.62408,-75.15609,VIIRS-Suomi-NPP,Suomi-NPP,VIIRS,57.6,26.9,3.2,Nominal,D,0.46,0.47,true,false,Puntos_de_calor_Colombia_2026-10-05.csv,2026-10-06T06:27:43Z,73,Tolima,73483,Natagaima,asignado,cache_geometrico,false,0,,,,asignado,244,2.4.4. Mosaico de pastos con espacios naturales,2,24,244,,,,SI,Landsat_2024_mediana_28042025,,false,0,,,,,entre_1_y_5_km,1609.32,1,0,1,LAM0304,LÍNEA DE INTERCONEXIÓN ELÉCTRICA BETANIA-MIROLINDO,INTERCONEXION ELECTRICA S.A. E.S.P. ISA,linea,mas_de_5_km,,0,,,,,,
62e14e2505fa6fdacaaeec6e,2026-10-05T14:00-05:00,2026-10-05T19:00:00Z,2026-10-05,6.01784,-71.00038,VIIRS-Suomi-NPP,Suomi-NPP,VIIRS,80.3,16.4,9.3,Nominal,D,0.48,0.65,true,false,Puntos_de_calor_Colombia_2026-10-05.csv,2026-10-06T06:27:43Z,85,Casanare,85250,Paz De Ariporo,asignado,cache_geometrico,false,0,,,,asignado,321121,3.2.1.1.2.1. Herbazal denso inundable no arbolado,3,32,321,3211,32112,321121,SI,Landsat_2024_mediana_28042025,IDEAM_puntos_CLC2022_verificacion_campo_2025,false,0,,,,,dentro,0.00,3,0,3,LAM4343|LAM5604|LAM5130,AREA DE INTERES DE PERFORACION EXPLORATORIA ALTAMIRA D|AREA DE PERFORACION EXPLORATORIA LLANOS 56|BLOQUE DE PERFORACIÓN EXPLORATORIA JAGÜEYES B,PETROMINERALES COLOMBIA LTDA|TABASCO OIL COMPANY LLC|TOC ENERGÍA SUCURSAL COLOMBIA,poligono,entre_1_y_5_km,1972.50,1,0859,LLA 111,NO APLICA,PAREX RESOURCES (COLOMBIA) AG,EXPLORACION,CONTRATO DE EXPLORACION Y PRODUCCION (E&P)
64043a19fdd2a4ede70a84d2,2026-10-05T14:00-05:00,2026-10-05T19:00:00Z,2026-10-05,4.16206,-75.24165,VIIRS-Suomi-NPP,Suomi-NPP,VIIRS,66.8,26.7,2.5,Nominal,D,0.46,0.47,true,false,Puntos_de_calor_Colombia_2026-10-05.csv,2026-10-06T06:27:43Z,73,Tolima,73624,Rovira,asignado,cache_geometrico,false,0,,,,asignado,314,3.1.4. Bosque de galería y ripario,3,31,314,,,,SI,Landsat_2024_mediana_28042025,,true,1,IEN-15211,,Construcción y montaje,"MINERAL DE COBRE, MINERAL DE MOLIBDENO, MINERAL DE ORO, MINERAL DE PLATA, MINERAL DE PLATINO, MINERAL DE PLOMO, MINERAL DE ZINC",entre_1_y_5_km,2491.38,2,0,2,LAM2082|LAM0304,AREA DE INTERES DE PERFORACION EXPLORATORIA CALAMAR|LÍNEA DE INTERCONEXIÓN ELÉCTRICA BETANIA-MIROLINDO,ECOPETROL S.A.|INTERCONEXION ELECTRICA S.A. E.S.P. ISA,poligono|linea,dentro,0.00,1,0554,VSM 4,NO APLICA,MAUREL AND PROM COLOMBIA B.V.,EXPLORACION,CONTRATO DE EXPLORACION Y PRODUCCION (E&P)
642413a6c90fb64ba5604b23,2026-10-05T14:00-05:00,2026-10-05T19:00:00Z,2026-10-05,3.14326,-72.69366,VIIRS-Suomi-NPP,Suomi-NPP,VIIRS,65.5,20.8,4.9,Nominal,D,0.33,0.55,true,false,Puntos_de_calor_Colombia_2026-10-05.csv,2026-10-06T06:27:43Z,50,Meta,50325,Mapiripán,asignado,cache_geometrico,false,0,,,,asignado,321111,3.2.1.1.1.1.  Herbazal denso de tierra firme no arbolado,3,32,321,3211,32111,321111,SI,Landsat_2024_mediana_28042025,,false,0,,,,,dentro,0.00,3,0,3,LAM5848|LAM3934|LAM5090,AREA DE PERFORACION EXPLORATORIA TROLLS|AREA DE INTERES EXPLORATORIO RETO|PERFORACION EXPLORATORIA RETO ESTE,ECOPETROL S.A.,poligono,mas_de_5_km,,0,,,,,,
6523b2ac341f40654f9cc0b4,2026-10-05T14:00-05:00,2026-10-05T19:00:00Z,2026-10-05,5.33923,-74.42979,VIIRS-Suomi-NPP,Suomi-NPP,VIIRS,73.4,19.9,11,Nominal,D,0.55,0.51,true,false,Puntos_de_calor_Colombia_2026-10-05.csv,2026-10-06T06:27:43Z,25,Cundinamarca,25394,La Palma,asignado,cache_geometrico,false,0,,,,asignado,245,2.4.5. Mosaico de cultivos con espacios naturales,2,24,245,,,,SI,Landsat_2024_mediana_28042025,,false,0,,,,,mas_de_5_km,,0,0,0,,,,,dentro,0.00,1,0539,VMM 65,NO APLICA,ECOPETROL S.A.,EXPLORACION,CONTRATO DE EVALUACION TECNICA ANH
664213efe24f2c8e62a9249f,2026-10-05T14:00-05:00,2026-10-05T19:00:00Z,2026-10-05,3.65576,-72.44024,VIIRS-Suomi-NPP,Suomi-NPP,VIIRS,74,18.5,6.6,Nominal,D,0.35,0.57,true,false,Puntos_de_calor_Colombia_2026-10-05.csv,2026-10-06T06:27:43Z,50,Meta,50689,San Martín,asignado,cache_geometrico,false,0,,,,asignado,321111,3.2.1.1.1.1.  Herbazal denso de tierra firme no arbolado,3,32,321,3211,32111,321111,SI,Landsat_2024_mediana_28042025,GoogleEarth,false,0,,,,,dentro,0.00,1,0,1,LAM5475,ÁREA DE PERFORACIÓN EXPLORATORIA BLOQUE CPO-12,META  PETROLEUM CORP,poligono,mas_de_5_km,,0,,,,,,
6711f05e855dbe3cbf2ab943,2026-10-05T14:00-05:00,2026-10-05T19:00:00Z,2026-10-05,3.65621,-72.44266,VIIRS-Suomi-NPP,Suomi-NPP,VIIRS,58.1,17.7,3.5,Nominal,D,0.35,0.57,true,false,Puntos_de_calor_Colombia_2026-10-05.csv,2026-10-06T06:27:43Z,50,Meta,50689,San Martín,asignado,cache_geometrico,false,0,,,,asignado,321111,3.2.1.1.1.1.  Herbazal denso de tierra firme no arbolado,3,32,321,3211,32111,321111,SI,Landsat_2024_mediana_28042025,GoogleEarth,false,0,,,,,dentro,0.00,1,0,1,LAM5475,ÁREA DE PERFORACIÓN EXPLORATORIA BLOQUE CPO-12,META  PETROLEUM CORP,poligono,mas_de_5_km,,0,,,,,,
6a26c745bf4f80bb13e9fac4,2026-10-05T14:00-05:00,2026-10-05T19:00:00Z,2026-10-05,2.30785,-74.48299,VIIRS-Suomi-NPP,Suomi-NPP,VIIRS,59.3,21.8,5.9,Nominal,D,0.49,0.48,true,false,Puntos_de_calor_Colombia_2026-10-05.csv,2026-10-06T06:27:43Z,50,Meta,50350,La Macarena,asignado,cache_geometrico,false,0,,,,asignado,231,2.3.1. Pastos limpios,2,23,231,,,,SI,L8_858_20240410_20240411,,false,0,,,,,dentro,0.00,2,0,2,LAM5450,ÁREA DE PERFORACIÓN EXPLORATORIA SERRANÍA.,HUPECOL OPERATING CO LL,poligono,mas_de_5_km,,0,,,,,,
6b1a25a32cb281a1c03d41e5,2026-10-05T14:00-05:00,2026-10-05T19:00:00Z,2026-10-05,2.63413,-75.35953,VIIRS-Suomi-NPP,Suomi-NPP,VIIRS,62.4,27.8,4.9,Nominal,D,0.43,0.46,true,false,Puntos_de_calor_Colombia_2026-10-05.csv,2026-10-06T06:27:43Z,41,Huila,41132,Campoalegre,asignado,cache_geometrico,false,0,,,,asignado,2121,2.1.2.1. Arroz,2,21,212,2121,,,SI,Landsat_2024_mediana_28042025,,true,1,OG3-09061,(12098487) LIBORIO CUELLAR,Construcción y montaje,"ARENAS ARCILLOSAS, ARENAS FELDESPÁTICAS, ARENAS INDUSTRIALES, ARENAS SILICEAS, GRAVAS, RECEBO",mas_de_5_km,,0,0,0,,,,,dentro,0.00,2,0263|0546,VSM 15|VSM 13-2,NO APLICA,FLAMINGO OIL S.A.|PAREX RESOURCES (COLOMBIA) AG,EXPLORACION,CONTRATO DE EXPLORACION Y PRODUCCION (E&P)
6b499d8d58ceb31aa43e276a,2026-10-05T14:00-05:00,2026-10-05T19:00:00Z,2026-10-05,2.54899,-75.92747,VIIRS-Suomi-NPP,Suomi-NPP,VIIRS,68.6,15.8,11.9,Nominal,D,0.4,0.44,true,false,Puntos_de_calor_Colombia_2026-10-05.csv,2026-10-06T06:27:43Z,19,Cauca,19517,Páez,asignado,cache_geometrico,false,0,,,,asignado,243,"2.4.3. Mosaico de cultivos, pastos y espacios naturales",2,24,243,,,,SI,Landsat_2024_mediana_28042025,Basemap,false,0,,,,,mas_de_5_km,,0,0,0,,,,,mas_de_5_km,,0,,,,,,
6ce38e21d3505f995d499574,2026-10-05T14:00-05:00,2026-10-05T19:00:00Z,2026-10-05,5.06911,-74.65569,VIIRS-Suomi-NPP,Suomi-NPP,VIIRS,64.9,22.7,3.2,Nominal,D,0.52,0.5,true,false,Puntos_de_calor_Colombia_2026-10-05.csv,2026-10-06T06:27:43Z,25,Cundinamarca,25320,Guaduas,asignado,cache_geometrico,false,0,,,,asignado,231,2.3.1. Pastos limpios,2,23,231,,,,SI,Landsat_2024_mediana_28042025,,false,0,,,,,dentro,0.00,11,0,11,LAM3796|LAM0679|LAM1264|LAM3842,AREA DE PERFORACION EXPLORATORIA BLOQUE LA POLA|ÁREA DE PERFORACIÓN EXPLORATORIA BLOQUE LA POLA|NUEVAS AREAS DE EXPLOTACIÓN O DE DESARROLLO PARA EL CAMPO GUADUAS -BLOQUE RIO SECO RETENIDO-|AREA DE PERFORACION EXPLORATORIA RIO SECO|REACTIVACIÓN DE CUATRO (4)POZOS EN EL BLOQUE LA POLA|REACTIVACIÓN DE CUATRO POZOS EN EL BLOQUE LA POLA,VAROSA ENERGY LTDA|PACIFIC STRATUS ENERGY COLOMBIA CORP|GHK COMPANY COLOMBIA|VAROSA ENERGY S.A.S.,poligono|punto,dentro,0.00,3,0115|0029,LA POLA|RIO SECO,NO APLICA|QUINTERO,VAROSA ENERGY SOCIEDAD POR ACCIONES SIMPLIFICADAS|ECOPETROL S.A.,EXPLORACION|EVALUACION|PRODUCCION,CONTRATO DE EXPLORACION Y PRODUCCION (E&P)|CONTRATO DE ASOCIACION CON ECOPETROL
6d6fffd5553836f3ac96de4a,2026-10-05T14:00-05:00,2026-10-05T19:00:00Z,2026-10-05,0.7218,-75.35139,VIIRS-Suomi-NPP,Suomi-NPP,VIIRS,57,25.6,3.4,Nominal,D,0.41,0.45,true,false,Puntos_de_calor_Colombia_2026-10-05.csv,2026-10-06T06:27:43Z,86,Putumayo,86571,Puerto Guzmán,asignado,cache_geometrico,false,0,,,,asignado,323,3.2.3. Vegetación secundaria o en transición,3,32,323,,,,SI,L8_860_20240129,,false,0,,,,,mas_de_5_km,,0,0,0,,,,,dentro,0.00,1,0236,TACACHO,NO APLICA,AMERISUR EXPLORACION COLOMBIA LIMITED,EXPLORACION,CONTRATO DE EXPLORACION Y PRODUCCION (E&P)
6fcd7937bdca46ba53b1a56e,2026-10-05T14:00-05:00,2026-10-05T19:00:00Z,2026-10-05,0.6303,-74.60786,VIIRS-Suomi-NPP,Suomi-NPP,VIIRS,67.6,23.3,6.9,Nominal,D,0.45,0.47,true,false,Puntos_de_calor_Colombia_2026-10-05.csv,2026-10-06T06:27:43Z,18,Caquetá,18150,Cartagena Del Chairá,asignado,cache_geometrico,false,0,,,,asignado,231,2.3.1. Pastos limpios,2,23,231,,,,SI,L8_859_20240410,,false,0,,,,,mas_de_5_km,,0,0,0,,,,,mas_de_5_km,,0,,,,,,
7219bf7c231de43a9ae95d8e,2026-10-05T14:00-05:00,2026-10-05T19:00:00Z,2026-10-05,1.26283,-74.94331,VIIRS-Suomi-NPP,Suomi-NPP,VIIRS,62.2,24.4,11.2,Nominal,D,0.44,0.46,true,false,Puntos_de_calor_Colombia_2026-10-05.csv,2026-10-06T06:27:43Z,18,Caquetá,18150,Cartagena Del Chairá,asignado,cache_geometrico,false,0,,,,asignado,233,2.3.3. Pastos enmalezados,2,23,233,,,,SI,L8_859_20240410,,false,0,,,,,mas_de_5_km,,0,0,0,,,,,mas_de_5_km,,0,,,,,,
734ff8b32748646f1c32d84e,2026-10-05T14:00-05:00,2026-10-05T19:00:00Z,2026-10-05,5.02906,-70.39307,VIIRS-Suomi-NPP,Suomi-NPP,VIIRS,72.6,15.2,5.3,Nominal,D,0.51,0.66,true,false,Puntos_de_calor_Colombia_2026-10-05.csv,2026-10-06T06:27:43Z,99,Vichada,99624,Santa Rosalía,asignado,cache_geometrico,false,0,,,,asignado,321121,3.2.1.1.2.1. Herbazal denso inundable no arbolado,3,32,321,3211,32112,321121,SI,Landsat_2024_mediana_28042025,GoogleEarth,false,0,,,,,mas_de_5_km,,0,0,0,,,,,mas_de_5_km,,0,,,,,,
73825b414e4e6b574873e910,2026-10-05T14:00-05:00,2026-10-05T19:00:00Z,2026-10-05,4.95385,-70.8286,VIIRS-Suomi-NPP,Suomi-NPP,VIIRS,61.5,17.8,7.5,Nominal,D,0.47,0.64,true,false,Puntos_de_calor_Colombia_2026-10-05.csv,2026-10-06T06:27:43Z,99,Vichada,99624,Santa Rosalía,asignado,cache_geometrico,false,0,,,,asignado,321111,3.2.1.1.1.1.  Herbazal denso de tierra firme no arbolado,3,32,321,3211,32111,321111,SI,Landsat_2024_mediana_28042025,GoogleEarth,false,0,,,,,entre_1_y_5_km,2894.41,2,0,2,LAM3607,AREA DE DESARROLLO LAS GARZAS|AREA DE PERFORACION EXPLORATORIA LAS GARZAS,NEW GRANADA ENERGY CORPORATION SUCURSAL COLOMBIA,poligono,mas_de_5_km,,0,,,,,,
7417bece9c45bce05c7d43ae,2026-10-05T14:00-05:00,2026-10-05T19:00:00Z,2026-10-05,0.81039,-75.85744,VIIRS-Suomi-NPP,Suomi-NPP,VIIRS,64.4,26.2,14,Nominal,D,0.57,0.43,true,false,Puntos_de_calor_Colombia_2026-10-05.csv,2026-10-06T06:27:43Z,86,Putumayo,86571,Puerto Guzmán,asignado,cache_geometrico,false,0,,,,asignado,244,2.4.4. Mosaico de pastos con espacios naturales,2,24,244,,,,SI,L8_860_20240129,,false,0,,,,,mas_de_5_km,,0,0,0,,,,,dentro,0.00,1,0237,TERECAY,NO APLICA,AMERISUR EXPLORACION COLOMBIA LIMITED,EXPLORACION,CONTRATO DE EXPLORACION Y PRODUCCION (E&P)
758ee84253d886c7a00badf3,2026-10-05T14:00-05:00,2026-10-05T19:00:00Z,2026-10-05,2.82062,-75.55271,VIIRS-Suomi-NPP,Suomi-NPP,VIIRS,60.8,26.7,2.5,Nominal,D,0.42,0.45,true,false,Puntos_de_calor_Colombia_2026-10-05.csv,2026-10-06T06:27:43Z,41,Huila,41801,Teruel,asignado,cache_geometrico,false,0,,,,asignado,321111,3.2.1.1.1.1.  Herbazal denso de tierra firme no arbolado,3,32,321,3211,32111,321111,SI,Landsat_2024_mediana_28042025,,true,1,BLOQUE 691,,,ZONAS RESERVADAS CON POTENCIAL - BLOQUE 691,dentro,0.00,4,0,4,LAM0523|LAV0081-14|LAM2945|LAM0535,"BLOQUE EXPLORATORIO BAMBUCO|Estudio de Impacto Ambiental para el proyecto: Línea de transmisión Tesalia-Alférez 230 kV y sus módulos de conexión asociados, obras que hacen parte de la convocatoria UPME 05 – 2009|AREA DE PERFORACION EXPLORATORIA LAURELES|BLOQUE EXPLORATORIO PATALO PROGRAMA SISMICO 2 D",LL & E COLOMBIA INC|EMPRESA DE ENERGÍA DE BOGOTÁ – EEB|ECOPETROL S.A.|HOCOL S.A.,poligono|linea,dentro,0.00,1,0292,UPAR,NO APLICA,HOCOL S.A.,EXPLORACION,CONVENIO DE EXPLORACION Y EXPLOTACION (E&E)
7665c509f6e8a83b2228a5b3,2026-10-05T14:00-05:00,2026-10-05T19:00:00Z,2026-10-05,3.52609,-75.58653,VIIRS-Suomi-NPP,Suomi-NPP,VIIRS,68.8,29,6.9,Nominal,D,0.43,0.46,true,false,Puntos_de_calor_Colombia_2026-10-05.csv,2026-10-06T06:27:43Z,73,Tolima,73616,Rioblanco,asignado,cache_geometrico,false,0,,,,asignado,233,2.3.3. Pastos enmalezados,2,23,233,,,,SI,Landsat_2024_mediana_28042025,,true,1,BLOQUE 691,,,ZONAS RESERVADAS CON POTENCIAL - BLOQUE 691,mas_de_5_km,,0,0,0,,,,,mas_de_5_km,,0,,,,,,
7798699f0708cdb7127497c9,2026-10-05T14:00-05:00,2026-10-05T19:00:00Z,2026-10-05,6.20639,-67.82092,VIIRS-Suomi-NPP,Suomi-NPP,VIIRS,58.1,13.4,5.5,Nominal,D,0.79,0.78,true,false,Puntos_de_calor_Colombia_2026-10-05.csv,2026-10-06T06:27:43Z,99,Vichada,99001,Puerto Carreño,asignado,cache_geometrico,false,0,,,,asignado,244,2.4.4. Mosaico de pastos con espacios naturales,2,24,244,,,,SI,Landsat_2024_mediana_28042025,GoogleEarth,false,0,,,,,mas_de_5_km,,0,0,0,,,,,mas_de_5_km,,0,,,,,,
78bf461db730a87a127bd93c,2026-10-05T14:00-05:00,2026-10-05T19:00:00Z,2026-10-05,4.94968,-70.833,VIIRS-Suomi-NPP,Suomi-NPP,VIIRS,60.5,17.6,5.5,Nominal,D,0.47,0.64,true,false,Puntos_de_calor_Colombia_2026-10-05.csv,2026-10-06T06:27:43Z,99,Vichada,99624,Santa Rosalía,asignado,cache_geometrico,false,0,,,,asignado,321111,3.2.1.1.1.1.  Herbazal denso de tierra firme no arbolado,3,32,321,3211,32111,321111,SI,Landsat_2024_mediana_28042025,GoogleEarth,false,0,,,,,entre_1_y_5_km,2248.62,2,0,2,LAM3607,AREA DE DESARROLLO LAS GARZAS|AREA DE PERFORACION EXPLORATORIA LAS GARZAS,NEW GRANADA ENERGY CORPORATION SUCURSAL COLOMBIA,poligono,entre_1_y_5_km,4672.44,1,0094,LAS GARZAS,LAS GARZAS B,NEW GRANADA ENERGY CORPORATION,PRODUCCION,CONTRATO DE EXPLORACION Y PRODUCCION (E&P)
7b34df9aa2ae48799f6395be,2026-10-05T14:00-05:00,2026-10-05T19:00:00Z,2026-10-05,3.75761,-75.41233,VIIRS-Suomi-NPP,Suomi-NPP,VIIRS,71.1,32,7.1,Nominal,D,0.45,0.47,true,false,Puntos_de_calor_Colombia_2026-10-05.csv,2026-10-06T06:27:43Z,73,Tolima,73168,Chaparral,asignado,cache_geometrico,false,0,,,,asignado,233,2.3.3. Pastos enmalezados,2,23,233,,,,SI,Landsat_2024_mediana_28042025,,false,0,,,,,dentro,0.00,10,0,10,LAM2932|LAV0016-00-2016|LAM1366|LAM4878,"CAMPO PAUTA1|LICENCIA AMBIENTAL CAMPO PAUTA Y BLOQUE CHAPARRAL.|SUBESTACIÓN TULUNÍ 230 kV Y LAS LÍNEAS DE TRANSMISIÓN ASOCIADAS - PROYECTO UPME 03-2013|Campo río Saldaña, asociación Tolima B. Explotación de hidrocarburos Campo Saldaña y Oliní|REANUDACIÓN DE LABORES DE LA ASOCIACIÓN TOLIMA B. PARA LOS CAMPOS RÍO SALDAÑA Y OLINI.|EXPLOTACIÓN Y DESARROLLO DEL BLOQUE DE ASOCIACIÓN TOLIMA B",VETRA EXPLORACIÓN Y PRODUCCIÓN COLOMBIA S.A.S|TUPROJECT S.A.S. E.S.P.|VETRA EXPLORACIÓN Y PRODUCCIÓN COLOMBIA S.A.S. – VETRA EyP S.A.S.|HOCOL S.A.,poligono|linea,dentro,0.00,2,0020|0360,CHAPARRAL|TOLIMA,NO APLICA|TOLIMA,ECOPETROL S.A.|HOCOL S.A.,PRODUCCION,CONTRATO DE ASOCIACION CON ECOPETROL|CONVENIO DE EXPLOTACION
7eceea6f0331945298757aab,2026-10-05T14:00-05:00,2026-10-05T19:00:00Z,2026-10-05,0.43585,-75.29993,VIIRS-Suomi-NPP,Suomi-NPP,VIIRS,64.7,23.9,3.4,Nominal,D,0.4,0.45,true,false,Puntos_de_calor_Colombia_2026-10-05.csv,2026-10-06T06:27:43Z,86,Putumayo,86573,Puerto Leguízamo,asignado,cache_geometrico,true,1,100,La Paya,Parque Nacional Natural,asignado,242,2.4.2. Mosaico de pastos y cultivos,2,24,242,,,,SI,L9_860_20240222,Planet Medres Normalized Analytic 2024-01 Mosaic,false,0,,,,,mas_de_5_km,,0,0,0,,,,,mas_de_5_km,,0,,,,,,
808a4925e8f4fa54a4f3b5fe,2026-10-05T14:00-05:00,2026-10-05T19:00:00Z,2026-10-05,0.63456,-76.69028,VIIRS-Suomi-NPP,Suomi-NPP,VIIRS,58.8,24.5,2.8,Nominal,D,0.51,0.41,true,false,Puntos_de_calor_Colombia_2026-10-05.csv,2026-10-06T06:27:43Z,86,Putumayo,86320,Orito,asignado,cache_geometrico,false,0,,,,asignado,233,2.3.3. Pastos enmalezados,2,23,233,,,,SI,L8_959_20240221,,false,0,,,,,hasta_1_km,71.58,9,0,9,LAM1376|LAM7834-00|LAM2469|LAV0047-00-2023|LAM4011,"REHABILITACIÓN DE LA CARRETERA PTE SAN MIGUEL - BUENOS AIRES  Y VILLAGARZÓN - MOCOA.|ÁREAS OPERATIVAS DE LA GERENCIA SUR EXISTENTES Y EN OPERACIÓN (ORITO, SUR, OCCIDENTE Y NORORIENTE)|AREAS OPERATIVAS DE LA GERENCIA SUR -HIDROCARBUROS|AREA DE DESARROLLO GENESIS|REACTIVACIÓN Y WORKOVER DE LOS POZOS BURDINE 1, 2, 4 Y 5",INSTITUTO NACIONAL DE VÍAS - INVIAS|CENIT S.A.S|ECOPETROL S.A.|GRAN TIERRA ENERGY COLOMBIA GMBH SUCURSAL COLOMBIA|GRAN TIERRA ENERGY COLOMBIA,linea|poligono,dentro,0.00,2,0145|0209,NANCY-BURDINE-MAXINE|PUT 4,NANCY-BURDINE-MAXINE|NO APLICA,GRAN TIERRA ENERGY COLOMBIA GMBH,PRODUCCION|EXPLORACION,CONVENIO DE EXPLOTACION|CONTRATO DE EXPLORACION Y PRODUCCION (E&P)
82e6eb8fbca36c4697abd6d4,2026-10-05T14:00-05:00,2026-10-05T19:00:00Z,2026-10-05,1.84164,-74.06965,VIIRS-Suomi-NPP,Suomi-NPP,VIIRS,63.8,22.6,7.8,Nominal,D,0.51,0.49,true,false,Puntos_de_calor_Colombia_2026-10-05.csv,2026-10-06T06:27:43Z,18,Caquetá,18753,San Vicente Del Caguán,asignado,cache_geometrico,false,0,,,,asignado,321111,3.2.1.1.1.1.  Herbazal denso de tierra firme no arbolado,3,32,321,3211,32111,321111,SI,L9_759_20240115,,false,0,,,,,mas_de_5_km,,0,0,0,,,,,mas_de_5_km,,0,,,,,,
82f1dadb2a3edeecc022cf65,2026-10-05T14:00-05:00,2026-10-05T19:00:00Z,2026-10-05,1.07183,-75.31777,VIIRS-Suomi-NPP,Suomi-NPP,VIIRS,58.6,23.4,5.8,Nominal,D,0.41,0.45,true,false,Puntos_de_calor_Colombia_2026-10-05.csv,2026-10-06T06:27:43Z,18,Caquetá,18460,Milán,asignado,cache_geometrico,false,0,,,,asignado,231,2.3.1. Pastos limpios,2,23,231,,,,SI,L8_859_20240410_20240411,Bing Map Aerial,false,0,,,,,mas_de_5_km,,0,0,0,,,,,mas_de_5_km,,0,,,,,,
84359933fbc1c6cbadd7db5d,2026-10-05T14:00-05:00,2026-10-05T19:00:00Z,2026-10-05,3.88392,-75.27917,VIIRS-Suomi-NPP,Suomi-NPP,VIIRS,67.9,28.9,5.4,Nominal,D,0.46,0.47,true,false,Puntos_de_calor_Colombia_2026-10-05.csv,2026-10-06T06:27:43Z,73,Tolima,73504,Ortega,asignado,cache_geometrico,false,0,,,,asignado,232,2.3.2. Pastos arbolados,2,23,232,,,,SI,Landsat_2024_mediana_28042025,,false,0,,,,,dentro,0.00,10,0,10,LAM2344|LAM0140|LAM0081|LAM0304|LAM3929,"ESTABLECIENTO DEL PLAN DE MANEJO AMBIENTAL PARA EL CAMPO TOLDADO|POZO DE DESARROLLO QUIMBAYA 3 Y 4|PLAN DE MANEJO AMBIENTAL DEL SISTEMA DE TRANSPORTE DE HIDROCARBUROS TOLDADO-GUALANDAY|Sistema de Transporte de Hidrocarburos ""Toldado - Gualanday""|LÍNEA DE INTERCONEXIÓN ELÉCTRICA BETANIA-MIROLINDO|AREA DE PERFORACION EXPLORATORIA DOIMA-ORTEGA|ESTABLECIENTO DEL PLAN DE MANEJO AMBIENTAL PARA EL CAMPO TOY|ESTABLECIENTO DEL PLAN DE MANEJO AMBIENTAL PARA EL CAMPO QUIMBAYA",ECOPETROL S.A.|HOCOL S.A.|CENIT S.A.S|INTERCONEXION ELECTRICA S.A. E.S.P. ISA,poligono|linea,dentro,0.00,3,0159|0042|0160,TOLDADO|DOIMA|TOY,TOLDADO|NO APLICA|TOY,HOCOL S.A.|ECOPETROL S.A.,PRODUCCION,CONVENIO DE EXPLOTACION|CONTRATO DE ASOCIACION CON ECOPETROL
8459bd910d6d1978d4f35c05,2026-10-05T14:00-05:00,2026-10-05T19:00:00Z,2026-10-05,4.95982,-70.82939,VIIRS-Suomi-NPP,Suomi-NPP,VIIRS,58.2,17.6,5.9,Nominal,D,0.47,0.64,true,false,Puntos_de_calor_Colombia_2026-10-05.csv,2026-10-06T06:27:43Z,99,Vichada,99624,Santa Rosalía,asignado,cache_geometrico,false,0,,,,asignado,321111,3.2.1.1.1.1.  Herbazal denso de tierra firme no arbolado,3,32,321,3211,32111,321111,SI,Landsat_2024_mediana_28042025,GoogleEarth,false,0,,,,,entre_1_y_5_km,3202.85,3,0,3,LAM3607|LAM4977,AREA DE DESARROLLO LAS GARZAS|AREA DE PERFORACION EXPLORATORIA LAS GARZAS|AREA DE PERFORACION EXPLORATORIA CLARINERO,NEW GRANADA ENERGY CORPORATION SUCURSAL COLOMBIA|HOCOL S.A.,poligono,entre_1_y_5_km,4447.67,1,0817,CPE 2-2,NO APLICA,PAREX RESOURCES (COLOMBIA) AG,EXPLORACION,CONTRATO DE EXPLORACION Y PRODUCCION (E&P)
8561bdfb78677ce9ecd57ec4,2026-10-05T14:00-05:00,2026-10-05T19:00:00Z,2026-10-05,1.97303,-74.187,VIIRS-Suomi-NPP,Suomi-NPP,VIIRS,59.3,22.6,6.2,Nominal,D,0.5,0.49,true,false,Puntos_de_calor_Colombia_2026-10-05.csv,2026-10-06T06:27:43Z,18,Caquetá,18753,San Vicente Del Caguán,asignado,cache_geometrico,false,0,,,,asignado,231,2.3.1. Pastos limpios,2,23,231,,,,SI,L9_759_20240115,,false,0,,,,,mas_de_5_km,,0,0,0,,,,,mas_de_5_km,,0,,,,,,
89421fde7e057ac7efe64fe8,2026-10-05T14:00-05:00,2026-10-05T19:00:00Z,2026-10-05,3.66147,-72.43783,VIIRS-Suomi-NPP,Suomi-NPP,VIIRS,57,17.6,3.9,Nominal,D,0.35,0.57,true,false,Puntos_de_calor_Colombia_2026-10-05.csv,2026-10-06T06:27:43Z,50,Meta,50689,San Martín,asignado,cache_geometrico,false,0,,,,asignado,314,3.1.4. Bosque de galería y ripario,3,31,314,,,,SI,Landsat_2024_mediana_28042025,GoogleEarth,false,0,,,,,dentro,0.00,1,0,1,LAM5475,ÁREA DE PERFORACIÓN EXPLORATORIA BLOQUE CPO-12,META  PETROLEUM CORP,poligono,mas_de_5_km,,0,,,,,,
8a43b7afa0f6f5b99a3c1d6e,2026-10-05T14:00-05:00,2026-10-05T19:00:00Z,2026-10-05,4.78336,-74.6996,VIIRS-Suomi-NPP,Suomi-NPP,VIIRS,60.8,21.6,4.6,Nominal,D,0.51,0.5,true,false,Puntos_de_calor_Colombia_2026-10-05.csv,2026-10-06T06:27:43Z,25,Cundinamarca,25086,Beltrán,asignado,cache_geometrico,false,0,,,,asignado,231,2.3.1. Pastos limpios,2,23,231,,,,SI,Landsat_2024_mediana_28042025,,false,0,,,,,hasta_1_km,987.19,3,0,3,LAM3176|LAM1275,AREAS DE PERFORACION EXPLORATORIA NORTE Y SUR DEL BLOQUE RIO MAGDALENA|Bloque de Exploración Sísmica y Exploratoria Nardo Norte y Sur. (Plataforma Guadual A).,GRAN TIERRA ENERGY COLOMBIA LTD.|COLOMBIA ENERGY DEVELOPMENT CO,poligono,mas_de_5_km,,0,,,,,,
8bab675bbe2f8fb40d5302e6,2026-10-05T14:00-05:00,2026-10-05T19:00:00Z,2026-10-05,5.21083,-74.64639,VIIRS-Suomi-NPP,Suomi-NPP,VIIRS,57.4,18.4,23.9,Nominal,D,0.53,0.5,true,false,Puntos_de_calor_Colombia_2026-10-05.csv,2026-10-06T06:27:43Z,25,Cundinamarca,25320,Guaduas,asignado,cache_geometrico,false,0,,,,asignado,244,2.4.4. Mosaico de pastos con espacios naturales,2,24,244,,,,SI,Landsat_2024_mediana_28042025,,true,1,GD4-111,(8320114592) MINANDES S.A.,Explotación,"ANTRACITA, CARBÓN METALÚRGICO, CARBÓN TÉRMICO",dentro,0.00,7,0,7,LAM3796|LAM4241|LAM1264|LAM0679|LAM1190|LAM1998,"AREA DE PERFORACION EXPLORATORIA BLOQUE LA POLA|AREA DE PERFORACION EXPLORATORIA BAMBU COLORADO|AREA DE PERFORACION EXPLORATORIA RIO SECO|NUEVAS AREAS DE EXPLOTACIÓN O DE DESARROLLO PARA EL CAMPO GUADUAS -BLOQUE RIO SECO RETENIDO-|PERFORACION EXPLORATORIA GUADUALES ""AREA DE INCLUSION""|CONSTRUCCIÓN DEL OLEODUCTO GUADUAS – LA DORADA.",VAROSA ENERGY LTDA|TEXICAN OIL LTD|GHK COMPANY COLOMBIA|PACIFIC STRATUS ENERGY COLOMBIA CORP|PERENCO COLOMBIA LIMITED,poligono|linea,dentro,0.00,3,0115|0212|0029,LA POLA|VMM 15|RIO SECO,NO APLICA,VAROSA ENERGY SOCIEDAD POR ACCIONES SIMPLIFICADAS|LOH ENERGY|ECOPETROL S.A.,EXPLORACION|PRODUCCION,CONTRATO DE EXPLORACION Y PRODUCCION (E&P)|CONTRATO DE ASOCIACION CON ECOPETROL
8c7790a823bdb7603bad050f,2026-10-05T14:00-05:00,2026-10-05T19:00:00Z,2026-10-05,3.38573,-76.23473,VIIRS-Suomi-NPP,Suomi-NPP,VIIRS,60.2,28.8,2.1,Nominal,D,0.39,0.44,true,false,Puntos_de_calor_Colombia_2026-10-05.csv,2026-10-06T06:27:43Z,76,Valle Del Cauca,76563,Pradera,asignado,cache_geometrico,false,0,,,,asignado,22121,2.2.1.2.1. Caña de azúcar,2,22,221,2212,22121,,SI,Landsat_2024_mediana_28042025,,true,1,BLOQUE 647,,,ZONAS RESERVADAS CON POTENCIAL - BLOQUE 647,hasta_1_km,821.09,4,0,4,LAM2139|LAV0081-14|LAM0299,"CONSTRUCCIÓN DEL PUENTE SOBRE EL RIO DESBARATADO.|Estudio de Impacto Ambiental para el proyecto: Línea de transmisión Tesalia-Alférez 230 kV y sus módulos de conexión asociados, obras que hacen parte de la convocatoria UPME 05 – 2009|GASODUCTO DE OCCIDENTE Y 47 RAMALES DE DISTRIBUCION MARIQUITA Y CALI",INSTITUTO NACIONAL DE VÍAS - INVIAS|EMPRESA DE ENERGÍA DE BOGOTÁ – EEB|TRANSPORTADORA DE GAS INTERNACIONAL S.A. E.S.P. - TGI S.A. E.S.P.|TRANSPORTADORA DE GAS INTERNACIONAL S.A. E.S.P.,linea|poligono,mas_de_5_km,,0,,,,,,
8e5fb708d1f5642bb8cd6714,2026-10-05T14:00-05:00,2026-10-05T19:00:00Z,2026-10-05,3.45323,-75.30247,VIIRS-Suomi-NPP,Suomi-NPP,VIIRS,76.6,26,6.8,Nominal,D,0.45,0.47,true,false,Puntos_de_calor_Colombia_2026-10-05.csv,2026-10-06T06:27:43Z,73,Tolima,73067,Ataco,asignado,cache_geometrico,false,0,,,,asignado,3222,3.2.2.2. Arbustal abierto,3,32,322,3222,,,SI,Landsat_2024_mediana_28042025,,true,1,BLOQUE 691,,,ZONAS RESERVADAS CON POTENCIAL - BLOQUE 691,hasta_1_km,874.71,1,0,1,LAV0091-13,AREA DE PERFORACIÓN EXPLORATORIA VSM 9 (HUILA - TOLIMA),HOCOL S.A.,poligono,entre_1_y_5_km,4082.62,1,0250,VSM 9,NO APLICA,HOCOL S.A.,EXPLORACION,CONTRATO DE EXPLORACION Y PRODUCCION (E&P)
8eb31dde6e8fbb5017b6c274,2026-10-05T14:00-05:00,2026-10-05T19:00:00Z,2026-10-05,4.20788,-74.99146,VIIRS-Suomi-NPP,Suomi-NPP,VIIRS,59.6,27,2.7,Nominal,D,0.48,0.48,true,false,Puntos_de_calor_Colombia_2026-10-05.csv,2026-10-06T06:27:43Z,73,Tolima,73268,Espinal,asignado,cache_geometrico,false,0,,,,asignado,241,2.4.1. Mosaico de cultivos,2,24,241,,,,SI,Landsat_2024_mediana_28042025,,false,0,,,,,dentro,0.00,14,0,14,LAM2537|LAM4750|LAM0069|LAM0170|LAM1818|LAM0022|LAM2432|LAM0081|LAM0138|LAM4121,"BLOQUE EXPLORATORIO BUGANVILES|BLOQUE DE DESARROLLO BUGANVILES|OPERACIÓN Y MANTENIMIENTO DEL GASODUCTO CENTRO ORIENTE|POLIDUCTO GUALANDAY NATAGAIMA (CRUCE RIO SALDAÑA)|Troncal Gasoducto Chicoral-Espinal-Flandes|OLEODUCTO DEL VALLE DEL MAGDALENA TENAY VASCONIA COVEÑAS|Oleoducto Melgar- Chicoral, Gasoducto Flandes - Guando y Acueducto Río Magdalena - Guando|PLAN DE MANEJO AMBIENTAL DEL SISTEMA DE TRANSPORTE DE HIDROCARBUROS TOLDADO-GUALANDAY|GASODUCTO MONTAÑUELO - GUALANDAY|Sistema de Transporte de Hidrocarburos ""Toldado - Gualanday""|BLOQUE EXPLORATORIO BUGANVILES ""PROSPECTO 02""|BLOQUE EXPLORATORIO BUGANVILES ""PROSPECTO 01""|MODIFICACION DE LA LICENCIA AMBIENTAL RESOLUCIÓN 1221 DE 2008 PARA LA CONSTRUCCIÓN DE LA SEGUNDA CALZADA RUTA 40 EN AL PASO DE LA POBLACIÓN DE GUALANDAY",PETRODORADO SOUTH AMERICA S.A. SUCURSAL COLOMBIA|PACIFIC STRATUS ENERGY COLOMBIA CORP|TRANSPORTADORA DE GAS INTERNACIONAL TGI SA ESP|ECOPETROL S.A.|Gasoducto del Tolima S.A. E.S.P.|HOCOL S.A.|Perenco Oil And Gas Colombia Limited|CENIT S.A.S|Concecionaria San Rafael,poligono|linea,dentro,0.00,2,0039|0554,BUGANVILES|VSM 4,NO APLICA,FRONTERA ENERGY COLOMBIA CORP.|MAUREL AND PROM COLOMBIA B.V.,PRODUCCION|EXPLORACION,CONTRATO DE ASOCIACION CON ECOPETROL|CONTRATO DE EXPLORACION Y PRODUCCION (E&P)
8f1eb07419aea0158e13f34c,2026-10-05T14:00-05:00,2026-10-05T19:00:00Z,2026-10-05,3.7651,-72.5741,VIIRS-Suomi-NPP,Suomi-NPP,VIIRS,56.9,19.6,3,Nominal,D,0.35,0.56,true,false,Puntos_de_calor_Colombia_2026-10-05.csv,2026-10-06T06:27:43Z,50,Meta,50573,Puerto López,asignado,cache_geometrico,false,0,,,,asignado,232,2.3.2. Pastos arbolados,2,23,232,,,,SI,Landsat_2024_mediana_28042025,GoogleEarth,false,0,,,,,dentro,0.00,4,0,4,LAM5114|LAM5669|LAV0059-13|LAV0049-13,ÁREA DE PERFORACIÓN EXPLORATORIA GUACHARACA|AREA DE PERFORACIÓN EXPLORATORIA LLANOS-58|AREA DE PERFORACIÓN EXPLORATORIA PADRE|AREA PERFORACION EXPLORATORIA  MUÑECA,HUPECOL OPERATING CO LLC|ECOPETROL S.A.,poligono,mas_de_5_km,,0,,,,,,
916a0a938e3953196ed773a6,2026-10-05T14:00-05:00,2026-10-05T19:00:00Z,2026-10-05,5.02842,-70.39301,VIIRS-Suomi-NPP,Suomi-NPP,VIIRS,67.7,15.2,6.5,Nominal,D,0.51,0.66,true,false,Puntos_de_calor_Colombia_2026-10-05.csv,2026-10-06T06:27:43Z,99,Vichada,99624,Santa Rosalía,asignado,cache_geometrico,false,0,,,,asignado,321121,3.2.1.1.2.1. Herbazal denso inundable no arbolado,3,32,321,3211,32112,321121,SI,Landsat_2024_mediana_28042025,GoogleEarth,false,0,,,,,mas_de_5_km,,0,0,0,,,,,mas_de_5_km,,0,,,,,,
927ea45882fd40479bb0ffde,2026-10-05T14:00-05:00,2026-10-05T19:00:00Z,2026-10-05,3.65587,-72.22649,VIIRS-Suomi-NPP,Suomi-NPP,VIIRS,68.8,18,8,Nominal,D,0.36,0.58,true,false,Puntos_de_calor_Colombia_2026-10-05.csv,2026-10-06T06:27:43Z,50,Meta,50568,Puerto Gaitán,asignado,cache_geometrico,false,0,,,,asignado,321111,3.2.1.1.1.1.  Herbazal denso de tierra firme no arbolado,3,32,321,3211,32111,321111,SI,Landsat_2024_mediana_28042025,Sentinel_2024_mediana_11042025,false,0,,,,,dentro,0.00,1,0,1,LAM5475,ÁREA DE PERFORACIÓN EXPLORATORIA BLOQUE CPO-12,META  PETROLEUM CORP,poligono,mas_de_5_km,,0,,,,,,
9335478f4f439079e5ce0335,2026-10-05T14:00-05:00,2026-10-05T19:00:00Z,2026-10-05,5.91155,-70.17053,VIIRS-Suomi-NPP,Suomi-NPP,VIIRS,75.7,14.2,6.6,Nominal,D,0.54,0.68,true,false,Puntos_de_calor_Colombia_2026-10-05.csv,2026-10-06T06:27:43Z,85,Casanare,85250,Paz De Ariporo,asignado,cache_geometrico,false,0,,,,asignado,321121,3.2.1.1.2.1. Herbazal denso inundable no arbolado,3,32,321,3211,32112,321121,SI,Landsat_2024_mediana_28042025,GoogleEarth,false,0,,,,,entre_1_y_5_km,3029.86,1,0,1,LAM3530,AREA DE INTERES DE PERFORACION EXPLORATORIA PRIMAVERA NORTE,GRAN TIERRA ENERGY COLOMBIA LTD.,poligono,mas_de_5_km,,0,,,,,,
952a5f94fe85497479f6212c,2026-10-05T14:00-05:00,2026-10-05T19:00:00Z,2026-10-05,3.52085,-72.6768,VIIRS-Suomi-NPP,Suomi-NPP,VIIRS,62.9,20.4,1.5,Nominal,D,0.34,0.56,true,false,Puntos_de_calor_Colombia_2026-10-05.csv,2026-10-06T06:27:43Z,50,Meta,50689,San Martín,asignado,cache_geometrico,false,0,,,,asignado,315,3.1.5. Plantación forestal,3,31,315,,,,SI,Landsat_2024_mediana_28042025,Basemap,false,0,,,,,dentro,0.00,1,0,1,LAM4278,AREA DE PERFORACION EXPLORATORIA CHIGUIRO ESTE,PETROMINERALES COLOMBIA LTDA,poligono,mas_de_5_km,,0,,,,,,
959b818007dc9fd0851e241e,2026-10-05T14:00-05:00,2026-10-05T19:00:00Z,2026-10-05,4.05875,-71.69905,VIIRS-Suomi-NPP,Suomi-NPP,VIIRS,75.1,18.2,6.9,Nominal,D,0.4,0.6,true,false,Puntos_de_calor_Colombia_2026-10-05.csv,2026-10-06T06:27:43Z,50,Meta,50568,Puerto Gaitán,asignado,cache_geometrico,false,0,,,,asignado,321121,3.2.1.1.2.1. Herbazal denso inundable no arbolado,3,32,321,3211,32112,321121,SI,Landsat_2024_mediana_28042025,GoogleEarth,false,0,,,,,entre_1_y_5_km,4163.09,2,0,2,LAM4503|LAV0037-00-2015,BLOQUE DE PERFORACION EXPLORATORIA QUIFA NORESTE|ÁREA DE EXPLOTACIÓN DE HIDROCARBUROS QUIFA NOROESTE,"META PETROLEUM CORP|FRONTERA ENERGY COLOMBIA CORP., SUCURSAL COLOMBIA",poligono,entre_1_y_5_km,4154.63,1,0059,QUIFA,NO APLICA,FRONTERA ENERGY COLOMBIA CORP.,PRODUCCION,CONTRATO DE ASOCIACION CON ECOPETROL
97d57ad5992b1a0c0c44961f,2026-10-05T14:00-05:00,2026-10-05T19:00:00Z,2026-10-05,4.06589,-70.49972,VIIRS-Suomi-NPP,Suomi-NPP,VIIRS,58.2,15.9,4.4,Nominal,D,0.48,0.65,true,false,Puntos_de_calor_Colombia_2026-10-05.csv,2026-10-06T06:27:43Z,99,Vichada,99773,Cumaribo,asignado,cache_geometrico,false,0,,,,asignado,321111,3.2.1.1.1.1.  Herbazal denso de tierra firme no arbolado,3,32,321,3211,32111,321111,SI,"Landsat_2024_mediana_28042025, L9_657_20240412, L9_557_20240225","GoogleEarth, BingMaps, Planet Medres Normalized Analytic 2024-01 Mosaic",false,0,,,,,mas_de_5_km,,0,0,0,,,,,mas_de_5_km,,0,,,,,,
992635791d28e4aaec583710,2026-10-05T14:00-05:00,2026-10-05T19:00:00Z,2026-10-05,4.51719,-72.13767,VIIRS-Suomi-NPP,Suomi-NPP,VIIRS,74.6,19.2,7.3,Nominal,D,0.38,0.59,true,false,Puntos_de_calor_Colombia_2026-10-05.csv,2026-10-06T06:27:43Z,85,Casanare,85139,Maní,asignado,cache_geometrico,false,0,,,,asignado,321121,3.2.1.1.2.1. Herbazal denso inundable no arbolado,3,32,321,3211,32112,321121,SI,Landsat_2024_mediana_28042025,"Basemap, GoogleEarth",false,0,,,,,dentro,0.00,3,0,3,LAM5075|LAV0097-00-2014|LAM5016,BLOQUE DE PERFORACION EXPLORATORIA PUNTERO|AREA DE DESARROLLO PUNTERO|AREA DE PERFORACION EXPLORATORIA SAN ANTONIO,CEPSA COLOMBIA S.A. - CEPCOLSA|CEPSA COLOMBIA S.A.|THORNELOE ENERGY SUCURSAL COLOMBIA,poligono,mas_de_5_km,,0,,,,,,
99d7de5d846b83430ed31088,2026-10-05T14:00-05:00,2026-10-05T19:00:00Z,2026-10-05,3.34792,-76.23978,VIIRS-Suomi-NPP,Suomi-NPP,VIIRS,69.2,27.8,6.5,Nominal,D,0.39,0.44,true,false,Puntos_de_calor_Colombia_2026-10-05.csv,2026-10-06T06:27:43Z,76,Valle Del Cauca,76275,Florida,asignado,cache_geometrico,false,0,,,,asignado,22121,2.2.1.2.1. Caña de azúcar,2,22,221,2212,22121,,SI,Landsat_2024_mediana_28042025,,false,0,,,,,hasta_1_km,200.85,3,0,3,LAV0081-14|LAM2139|LAM0299,"Estudio de Impacto Ambiental para el proyecto: Línea de transmisión Tesalia-Alférez 230 kV y sus módulos de conexión asociados, obras que hacen parte de la convocatoria UPME 05 – 2009|CONSTRUCCIÓN DEL PUENTE SOBRE EL RIO DESBARATADO.|GASODUCTO DE OCCIDENTE Y 47 RAMALES DE DISTRIBUCION MARIQUITA Y CALI",EMPRESA DE ENERGÍA DE BOGOTÁ – EEB|INSTITUTO NACIONAL DE VÍAS - INVIAS|TRANSPORTADORA DE GAS INTERNACIONAL S.A. E.S.P. - TGI S.A. E.S.P.,linea,mas_de_5_km,,0,,,,,,
9d5fb1f4c9cf76ac7e628940,2026-10-05T14:00-05:00,2026-10-05T19:00:00Z,2026-10-05,1.8756,-76.97213,VIIRS-Suomi-NPP,Suomi-NPP,VIIRS,61,26.8,3.5,Nominal,D,0.51,0.41,true,false,Puntos_de_calor_Colombia_2026-10-05.csv,2026-10-06T06:27:43Z,19,Cauca,19100,Bolívar,asignado,cache_geometrico,false,0,,,,asignado,243,"2.4.3. Mosaico de cultivos, pastos y espacios naturales",2,24,243,,,,SI,Landsat_2024_mediana_28042025,,false,0,,,,,mas_de_5_km,,0,0,0,,,,,mas_de_5_km,,0,,,,,,
9d938dc5cd1b8c1a3ff40ea5,2026-10-05T14:00-05:00,2026-10-05T19:00:00Z,2026-10-05,1.86759,-77.04982,VIIRS-Suomi-NPP,Suomi-NPP,VIIRS,74.5,33.8,8.5,Nominal,D,0.5,0.41,true,false,Puntos_de_calor_Colombia_2026-10-05.csv,2026-10-06T06:27:43Z,19,Cauca,19100,Bolívar,asignado,cache_geometrico,false,0,,,,asignado,244,2.4.4. Mosaico de pastos con espacios naturales,2,24,244,,,,SI,Landsat_2024_mediana_28042025,,false,0,,,,,mas_de_5_km,,0,0,0,,,,,mas_de_5_km,,0,,,,,,
9ee06e5a1a7c9a28c53a6e09,2026-10-05T14:00-05:00,2026-10-05T19:00:00Z,2026-10-05,2.23212,-76.78182,VIIRS-Suomi-NPP,Suomi-NPP,VIIRS,60.3,25.9,6.4,Nominal,D,0.52,0.42,true,false,Puntos_de_calor_Colombia_2026-10-05.csv,2026-10-06T06:27:43Z,19,Cauca,19622,Rosas,asignado,cache_geometrico,false,0,,,,asignado,242,2.4.2. Mosaico de pastos y cultivos,2,24,242,,,,SI,Landsat_2024_mediana_28042025,,false,0,,,,,hasta_1_km,452.49,1,0,1,LAM1476,CARRETERA TIMBÍO - EL ESTANQUILLO. DPTO DEL CAUCA.,INSTITUTO NACIONAL DE VÍAS - INVIAS,linea,mas_de_5_km,,0,,,,,,
a18c5eb4a8b82ba19786f746,2026-10-05T14:00-05:00,2026-10-05T19:00:00Z,2026-10-05,4.5716,-69.48334,VIIRS-Suomi-NPP,Suomi-NPP,VIIRS,57.7,15.1,6.1,Nominal,D,0.58,0.69,true,false,Puntos_de_calor_Colombia_2026-10-05.csv,2026-10-06T06:27:43Z,99,Vichada,99773,Cumaribo,asignado,cache_geometrico,false,0,,,,asignado,321111,3.2.1.1.1.1.  Herbazal denso de tierra firme no arbolado,3,32,321,3211,32111,321111,SI,Landsat_2024_mediana_28042025,"GoogleEarth, BingMaps",false,0,,,,,mas_de_5_km,,0,0,0,,,,,mas_de_5_km,,0,,,,,,
a1a221dbb63a786792fdf0b0,2026-10-05T14:00-05:00,2026-10-05T19:00:00Z,2026-10-05,1.26342,-74.93935,VIIRS-Suomi-NPP,Suomi-NPP,VIIRS,68.3,23.8,13,Nominal,D,0.44,0.46,true,false,Puntos_de_calor_Colombia_2026-10-05.csv,2026-10-06T06:27:43Z,18,Caquetá,18150,Cartagena Del Chairá,asignado,cache_geometrico,false,0,,,,asignado,233,2.3.3. Pastos enmalezados,2,23,233,,,,SI,L8_859_20240410,,false,0,,,,,mas_de_5_km,,0,0,0,,,,,mas_de_5_km,,0,,,,,,
a20cbc91d96e0683075013ce,2026-10-05T14:00-05:00,2026-10-05T19:00:00Z,2026-10-05,0.53783,-74.19158,VIIRS-Suomi-NPP,Suomi-NPP,VIIRS,68.9,23.4,8.7,Nominal,D,0.48,0.48,true,false,Puntos_de_calor_Colombia_2026-10-05.csv,2026-10-06T06:27:43Z,18,Caquetá,18150,Cartagena Del Chairá,asignado,cache_geometrico,false,0,,,,asignado,231,2.3.1. Pastos limpios,2,23,231,,,,SI,"L8_760_20240229, L8_760_20240115)",Planet Medres Normalized Analytic 2024-02 Mosaic,false,0,,,,,mas_de_5_km,,0,0,0,,,,,mas_de_5_km,,0,,,,,,
a20f3719e3636c94fd69f64a,2026-10-05T14:00-05:00,2026-10-05T19:00:00Z,2026-10-05,2.63778,-75.364,VIIRS-Suomi-NPP,Suomi-NPP,VIIRS,68.2,25.6,4.2,Nominal,D,0.43,0.46,true,false,Puntos_de_calor_Colombia_2026-10-05.csv,2026-10-06T06:27:43Z,41,Huila,41132,Campoalegre,asignado,cache_geometrico,false,0,,,,asignado,2121,2.1.2.1. Arroz,2,21,212,2121,,,SI,Landsat_2024_mediana_28042025,,false,0,,,,,entre_1_y_5_km,4993.85,1,0,1,LAV0007-00-2017,CONSTRUCCIÓN DE LA VARIANTE CAMPOALEGRE,CONCESIONARIA ALIADAS PARA EL PROGRESO S.A.S,linea,dentro,0.00,2,0263|0546,VSM 15|VSM 13-2,NO APLICA,FLAMINGO OIL S.A.|PAREX RESOURCES (COLOMBIA) AG,EXPLORACION,CONTRATO DE EXPLORACION Y PRODUCCION (E&P)
a3ef1c04695e3555d85b9d58,2026-10-05T14:00-05:00,2026-10-05T19:00:00Z,2026-10-05,4.51827,-68.77543,VIIRS-Suomi-NPP,Suomi-NPP,VIIRS,60.1,15.1,4.1,Nominal,D,0.64,0.72,true,false,Puntos_de_calor_Colombia_2026-10-05.csv,2026-10-06T06:27:43Z,99,Vichada,99773,Cumaribo,asignado,cache_geometrico,false,0,,,,asignado,321111,3.2.1.1.1.1.  Herbazal denso de tierra firme no arbolado,3,32,321,3211,32111,321111,SI,L9_457_20240109,Mosaico Sentinel-2_L2A_False_color 2024-01-27-00_00_2024-01-27-23_59,true,1,BLOQUE 895,,,,mas_de_5_km,,0,0,0,,,,,mas_de_5_km,,0,,,,,,
a83225bb19ff010f2f4095b9,2026-10-05T14:00-05:00,2026-10-05T19:00:00Z,2026-10-05,4.07041,-70.49644,VIIRS-Suomi-NPP,Suomi-NPP,VIIRS,61.7,16.9,3.8,Nominal,D,0.48,0.65,true,false,Puntos_de_calor_Colombia_2026-10-05.csv,2026-10-06T06:27:43Z,99,Vichada,99773,Cumaribo,asignado,cache_geometrico,false,0,,,,asignado,321111,3.2.1.1.1.1.  Herbazal denso de tierra firme no arbolado,3,32,321,3211,32111,321111,SI,"Landsat_2024_mediana_28042025, L9_657_20240412, L9_557_20240225","GoogleEarth, BingMaps, Planet Medres Normalized Analytic 2024-01 Mosaic",false,0,,,,,mas_de_5_km,,0,0,0,,,,,mas_de_5_km,,0,,,,,,
aa99ca1f2c80f4bf77c7b3e1,2026-10-05T14:00-05:00,2026-10-05T19:00:00Z,2026-10-05,5.0935,-68.11736,VIIRS-Suomi-NPP,Suomi-NPP,VIIRS,61.4,14.2,8.6,Nominal,D,0.72,0.76,true,false,Puntos_de_calor_Colombia_2026-10-05.csv,2026-10-06T06:27:43Z,99,Vichada,99773,Cumaribo,asignado,cache_geometrico,false,0,,,,asignado,32121,3.2.1.2.1. Herbazal abierto arenoso,3,32,321,3212,32121,,SI,Landsat_2024_mediana_28042025,GoogleEarth,true,1,Bloque882,,,,mas_de_5_km,,0,0,0,,,,,mas_de_5_km,,0,,,,,,
ab1f4d22f795a0557186e0d0,2026-10-05T14:00-05:00,2026-10-05T19:00:00Z,2026-10-05,3.76525,-75.48035,VIIRS-Suomi-NPP,Suomi-NPP,VIIRS,64.5,26.5,3.2,Nominal,D,0.44,0.46,true,false,Puntos_de_calor_Colombia_2026-10-05.csv,2026-10-06T06:27:43Z,73,Tolima,73168,Chaparral,asignado,cache_geometrico,false,0,,,,asignado,314,3.1.4. Bosque de galería y ripario,3,31,314,,,,SI,Landsat_2024_mediana_28042025,,true,1,BLOQUE 650,,,ZONAS RESERVADAS CON POTENCIAL - BLOQUE 650,entre_1_y_5_km,1655.11,3,0,3,LAM2796|LAM2932,AREA DE OMTERES DE PERFORACIÓN EXPLORATORIA ESTAMBUL|CAMPO PAUTA1|LICENCIA AMBIENTAL CAMPO PAUTA Y BLOQUE CHAPARRAL.,KAPPA RESOURCES COLOMBIA LTDA|VETRA EXPLORACIÓN Y PRODUCCIÓN COLOMBIA S.A.S,poligono,entre_1_y_5_km,4349.22,1,0020,CHAPARRAL,NO APLICA,ECOPETROL S.A.,PRODUCCION,CONTRATO DE ASOCIACION CON ECOPETROL
abffc8d5795c6e797ee57f48,2026-10-05T14:00-05:00,2026-10-05T19:00:00Z,2026-10-05,1.6772,-73.95255,VIIRS-Suomi-NPP,Suomi-NPP,VIIRS,57.2,22.6,5.9,Nominal,D,0.52,0.5,true,false,Puntos_de_calor_Colombia_2026-10-05.csv,2026-10-06T06:27:43Z,18,Caquetá,18753,San Vicente Del Caguán,asignado,cache_geometrico,false,0,,,,asignado,321111,3.2.1.1.1.1.  Herbazal denso de tierra firme no arbolado,3,32,321,3211,32111,321111,SI,L9_759_20240115,,false,0,,,,,mas_de_5_km,,0,0,0,,,,,mas_de_5_km,,0,,,,,,
ac9204d9ec28cbda5cecf29e,2026-10-05T14:00-05:00,2026-10-05T19:00:00Z,2026-10-05,4.72144,-71.16531,VIIRS-Suomi-NPP,Suomi-NPP,VIIRS,57.1,17.5,6.2,Nominal,D,0.45,0.63,true,false,Puntos_de_calor_Colombia_2026-10-05.csv,2026-10-06T06:27:43Z,50,Meta,50568,Puerto Gaitán,asignado,cache_geometrico,false,0,,,,asignado,321111,3.2.1.1.1.1.  Herbazal denso de tierra firme no arbolado,3,32,321,3211,32111,321111,SI,Landsat_2024_mediana_28042025,GoogleEarth,false,0,,,,,dentro,0.00,4,0,4,LAM3338|LAM3798|LAM5088,PERFORACIÓN EXPLORATORIA ÁREA DE INTERÉS CABIONA|AREA DE INTERES DE PERFORACION EXPLORATORIA CABIONA|AREA DE PERFORACION EXPLORATORIA CABIONA NORESTE|AREA DE PERFORACIÓN EXPLORATORIA BLOQUE CPO-3,NEW GRANADA ENERGY CORPORATION SUCURSAL COLOMBIANA|NEW GRANADA ENERGY CORPORATION SUCURSAL COLOMBIA|PLUSPETROL COLOMBIA CORPORATION SUCURSAL COLOMBIANA,poligono,dentro,0.00,1,0072,CABIONA,CABIONA B,NEW GRANADA ENERGY CORPORATION,PRODUCCION,CONTRATO DE EXPLORACION Y EXPLOTACION (E&E)
adb40115aef17b07a1ca6fb6,2026-10-05T14:00-05:00,2026-10-05T19:00:00Z,2026-10-05,2.73177,-75.34136,VIIRS-Suomi-NPP,Suomi-NPP,VIIRS,70.9,30.2,11.2,Nominal,D,0.43,0.46,true,false,Puntos_de_calor_Colombia_2026-10-05.csv,2026-10-06T06:27:43Z,41,Huila,41132,Campoalegre,asignado,cache_geometrico,false,0,,,,asignado,2121,2.1.2.1. Arroz,2,21,212,2121,,,SI,Landsat_2024_mediana_28042025,,false,0,,,,,entre_1_y_5_km,2626.09,3,0,3,LAV0081-00-2017|LAV0007-00-2017|LAM3703,"CONSTRUCCIÓN DE LA SEGUNDA CALZADA EN LOS MUNICIPIOS DE RIVERA, NEIVA Y CAMPOALEGRE, DEPARTAMENTO DEL HUILA|CONSTRUCCIÓN DE LA VARIANTE CAMPOALEGRE|AREA DE INTERES PARA LA PERFORACION EXPLORATORIA GUANABANA",CONCESIONARIA ALIADAS PARA EL PROGRESO S.A.S.|CONCESIONARIA ALIADAS PARA EL PROGRESO S.A.S|HOCOL S.A.,poligono|linea,dentro,0.00,3,0292|0546|0263,UPAR|VSM 13-2|VSM 15,NO APLICA,HOCOL S.A.|PAREX RESOURCES (COLOMBIA) AG|FLAMINGO OIL S.A.,EXPLORACION,CONVENIO DE EXPLORACION Y EXPLOTACION (E&E)|CONTRATO DE EXPLORACION Y PRODUCCION (E&P)
ae5344b80ae35f988301cfbd,2026-10-05T14:00-05:00,2026-10-05T19:00:00Z,2026-10-05,3.65538,-72.22981,VIIRS-Suomi-NPP,Suomi-NPP,VIIRS,78.1,19.3,8,Nominal,D,0.36,0.58,true,false,Puntos_de_calor_Colombia_2026-10-05.csv,2026-10-06T06:27:43Z,50,Meta,50568,Puerto Gaitán,asignado,cache_geometrico,false,0,,,,asignado,321111,3.2.1.1.1.1.  Herbazal denso de tierra firme no arbolado,3,32,321,3211,32111,321111,SI,Landsat_2024_mediana_28042025,Sentinel_2024_mediana_11042025,false,0,,,,,dentro,0.00,1,0,1,LAM5475,ÁREA DE PERFORACIÓN EXPLORATORIA BLOQUE CPO-12,META  PETROLEUM CORP,poligono,mas_de_5_km,,0,,,,,,
b16c4e2b768667f9d186f2ff,2026-10-05T14:00-05:00,2026-10-05T19:00:00Z,2026-10-05,3.4472,-72.73611,VIIRS-Suomi-NPP,Suomi-NPP,VIIRS,69.1,21.8,3.6,Nominal,D,0.33,0.56,true,false,Puntos_de_calor_Colombia_2026-10-05.csv,2026-10-06T06:27:43Z,50,Meta,50689,San Martín,asignado,cache_geometrico,false,0,,,,asignado,321111,3.2.1.1.1.1.  Herbazal denso de tierra firme no arbolado,3,32,321,3211,32111,321111,SI,Landsat_2024_mediana_28042025,Basemap,false,0,,,,,dentro,0.00,1,0,1,LAM4278,AREA DE PERFORACION EXPLORATORIA CHIGUIRO ESTE,PETROMINERALES COLOMBIA LTDA,poligono,mas_de_5_km,,0,,,,,,
b36bb3b7980130603784735e,2026-10-05T14:00-05:00,2026-10-05T19:00:00Z,2026-10-05,1.39157,-77.13834,VIIRS-Suomi-NPP,Suomi-NPP,VIIRS,62,28.9,2.2,Nominal,D,0.49,0.4,true,false,Puntos_de_calor_Colombia_2026-10-05.csv,2026-10-06T06:27:43Z,52,Nariño,52110,Buesaco,asignado,cache_geometrico,false,0,,,,asignado,245,2.4.5. Mosaico de cultivos con espacios naturales,2,24,245,,,,SI,Landsat_2024_mediana_28042025,,true,1,BLOQUE 568,,,ZONAS RESERVADAS CON POTENCIAL - BLOQUE 568,mas_de_5_km,,0,0,0,,,,,mas_de_5_km,,0,,,,,,
b3c8ae049397b6e9099be868,2026-10-05T14:00-05:00,2026-10-05T19:00:00Z,2026-10-05,2.73602,-75.34196,VIIRS-Suomi-NPP,Suomi-NPP,VIIRS,60,27.6,4,Nominal,D,0.43,0.46,true,false,Puntos_de_calor_Colombia_2026-10-05.csv,2026-10-06T06:27:43Z,41,Huila,41132,Campoalegre,asignado,cache_geometrico,false,0,,,,asignado,2121,2.1.2.1. Arroz,2,21,212,2121,,,SI,Landsat_2024_mediana_28042025,,false,0,,,,,entre_1_y_5_km,2743.21,3,0,3,LAV0081-00-2017|LAV0007-00-2017|LAM3703,"CONSTRUCCIÓN DE LA SEGUNDA CALZADA EN LOS MUNICIPIOS DE RIVERA, NEIVA Y CAMPOALEGRE, DEPARTAMENTO DEL HUILA|CONSTRUCCIÓN DE LA VARIANTE CAMPOALEGRE|AREA DE INTERES PARA LA PERFORACION EXPLORATORIA GUANABANA",CONCESIONARIA ALIADAS PARA EL PROGRESO S.A.S.|CONCESIONARIA ALIADAS PARA EL PROGRESO S.A.S|HOCOL S.A.,poligono|linea,dentro,0.00,3,0292|0546|0263,UPAR|VSM 13-2|VSM 15,NO APLICA,HOCOL S.A.|PAREX RESOURCES (COLOMBIA) AG|FLAMINGO OIL S.A.,EXPLORACION,CONVENIO DE EXPLORACION Y EXPLOTACION (E&E)|CONTRATO DE EXPLORACION Y PRODUCCION (E&P)
b3d293585dae81fb735c71f8,2026-10-05T14:00-05:00,2026-10-05T19:00:00Z,2026-10-05,5.79418,-74.73557,VIIRS-Suomi-NPP,Suomi-NPP,VIIRS,63.2,25.6,4.7,Nominal,D,0.53,0.5,true,false,Puntos_de_calor_Colombia_2026-10-05.csv,2026-10-06T06:27:43Z,05,Antioquia,05756,Sonsón,asignado,cache_geometrico,false,0,,,,asignado,231,2.3.1. Pastos limpios,2,23,231,,,,SI,Landsat_2024_mediana_28042025,,false,0,,,,,dentro,0.00,5,0,5,LAM2121|LAM1252|LAM0022,ÁREA DE INTERES DE PERFORACIÓN EXPLORATORIA  AIPE PAOLA|BLOQUE COLIBRI (ANTES BLOQUE LA MIEL)|AREA DE INTERES GORRION|LÍNEA SUBESTACIÓN COMUNEROS – CAMPO 22 A 230 KV Y OBRAS ASOCIADAS|OLEODUCTO DEL VALLE DEL MAGDALENA TENAY VASCONIA COVEÑAS,CONEQUIPOS ING. LTDA|ALPHA CONSULTORES LTDA.|INTERCONEXION ELECTRICA S.A. E.S.P. ISA|HOCOL S.A.,poligono|linea,dentro,0.00,1,0210,VMM 12,WOLF,INGENIERIA CONSTRUCCIONES Y EQUIPOS CONEQUIPOS ING S.A.S.,EVALUACION,CONTRATO DE EXPLORACION Y PRODUCCION (E&P)
b688c4e6fd3f03dcf8c21890,2026-10-05T14:00-05:00,2026-10-05T19:00:00Z,2026-10-05,0.94931,-75.46422,VIIRS-Suomi-NPP,Suomi-NPP,VIIRS,61.5,25.2,2.8,Nominal,D,0.4,0.44,true,false,Puntos_de_calor_Colombia_2026-10-05.csv,2026-10-06T06:27:43Z,18,Caquetá,18860,Valparaíso,asignado,cache_geometrico,false,0,,,,asignado,231,2.3.1. Pastos limpios,2,23,231,,,,SI,L8_859_20240222_20240224,,false,0,,,,,mas_de_5_km,,0,0,0,,,,,mas_de_5_km,,0,,,,,,
ba4a55d7536a2ae74d16f9a2,2026-10-05T14:00-05:00,2026-10-05T19:00:00Z,2026-10-05,0.79928,-74.907,VIIRS-Suomi-NPP,Suomi-NPP,VIIRS,59.2,22.8,1.8,Nominal,D,0.43,0.46,true,false,Puntos_de_calor_Colombia_2026-10-05.csv,2026-10-06T06:27:43Z,18,Caquetá,18756,Solano,asignado,cache_geometrico,false,0,,,,asignado,31111,3.1.1.1.1. Bosque denso alto de tierra firme,3,31,311,3111,31111,,SI,"L8_859_20240410, L8_760_20240229, L9_760_20240115",Planet Medres Normalized Analytic 2024-02 Mosaic,false,0,,,,,mas_de_5_km,,0,0,0,,,,,mas_de_5_km,,0,,,,,,
baebccaa74151141b4f3e8c3,2026-10-05T14:00-05:00,2026-10-05T19:00:00Z,2026-10-05,3.05005,-75.28191,VIIRS-Suomi-NPP,Suomi-NPP,VIIRS,64.5,30.6,3.7,Nominal,D,0.44,0.46,true,false,Puntos_de_calor_Colombia_2026-10-05.csv,2026-10-06T06:27:43Z,41,Huila,41001,Neiva,asignado,cache_geometrico,false,0,,,,asignado,3222,3.2.2.2. Arbustal abierto,3,32,322,3222,,,SI,Landsat_2024_mediana_28042025,,false,0,,,,,dentro,0.00,15,0,15,LAM2307|LAM0170|LAM0069|LAM3042|LAV0062-00-2023|LAM1312|LAV0003-00-2026|LAM8821-00|LAM0022|LAM0304,"AREA DE PRODUCCION HUILA NORTE (O DE NEIVA)|POLIDUCTO GUALANDAY NATAGAIMA (CRUCE RIO SALDAÑA)|OPERACIÓN Y MANTENIMIENTO DEL GASODUCTO CENTRO ORIENTE|GASODUCTO YAGUARA-TENAY-DINA|ÁREA DE DESARROLLO VSM-37|Construcción variante El Guamo – variante Espinal y variante Natagaima|LÍNEA DE TRANSMISIÓN DE 230 KV ASOCIADA AL PROYECTO PARQUE SOLAR VILLAVIEJA 200 MWAC/260 MWP A CONECTARSE A LA SUBESTACIÓN HUILA 230 KV|CAMPOS BRISAS, DINA TERCIARIOS, PIJAO, CEBU, PALOGRANDE, DINA CRETACEOS, TENAY, HATONUEVO Y SANTA CLARA EN EL ÁREA DE NEIVA|OLEODUCTO YAGUARA TENAY|OLEODUCTO DEL VALLE DEL MAGDALENA TENAY VASCONIA COVEÑAS|LÍNEA DE INTERCONEXIÓN ELÉCTRICA BETANIA-MIROLINDO",ECOPETROL S.A.|TRANSPORTADORA DE GAS INTERNACIONAL TGI SA ESP|PETROBRAS INTERNACIONAL BRASPETRO BV - SUCURSAL COLOMBIA|PAREX RESOURCES (COLOMBIA) AG SUCURSAL|AUTOVÍA NEIVA GIRARDOT S.A.S.|SOLAR VILLAVIEJA S.A.S E.S.P|CENIT TRANSPORTE Y LOGISTICA DE HIDROCARBUROS SAS|CENIT S.A.S|HOCOL S.A.|INTERCONEXION ELECTRICA S.A. E.S.P. ISA,poligono|linea|punto,dentro,0.00,3,0221|0552|0546,PIJAO-POTRERILLO|VSM 37|VSM 13-2,PIJAO-POTRERILLO|NO APLICA,ECOPETROL S.A.|PAREX RESOURCES (COLOMBIA) AG,PRODUCCION|EXPLORACION,CONVENIO DE EXPLOTACION|CONTRATO DE EXPLORACION Y PRODUCCION (E&P)
bbee194307211278e1b3a288,2026-10-05T14:00-05:00,2026-10-05T19:00:00Z,2026-10-05,0.79472,-76.17229,VIIRS-Suomi-NPP,Suomi-NPP,VIIRS,64.5,25.5,7.2,Nominal,D,0.54,0.42,true,false,Puntos_de_calor_Colombia_2026-10-05.csv,2026-10-06T06:27:43Z,86,Putumayo,86571,Puerto Guzmán,asignado,cache_geometrico,false,0,,,,asignado,242,2.4.2. Mosaico de pastos y cultivos,2,24,242,,,,SI,L8_959_20240221,,false,0,,,,,entre_1_y_5_km,2996.05,1,0,1,LAM0533,BLOQUE RIO PUTUMAYO (FASE PERFORACION EXPLORATORIA ),RAM PETROLEUM LIMITED,poligono,dentro,0.00,2,0104,MECAYA,NO APLICA|MECAYA,AMERISUR EXPLORACION COLOMBIA LIMITED,EXPLORACION|EVALUACION,CONTRATO DE EXPLORACION Y PRODUCCION (E&P)
bd93250452187eb770476f17,2026-10-05T14:00-05:00,2026-10-05T19:00:00Z,2026-10-05,0.82227,-76.41596,VIIRS-Suomi-NPP,Suomi-NPP,VIIRS,72.6,27.7,18.8,Nominal,D,0.53,0.42,true,false,Puntos_de_calor_Colombia_2026-10-05.csv,2026-10-06T06:27:43Z,86,Putumayo,86569,Puerto Caicedo,asignado,cache_geometrico,false,0,,,,asignado,31111,3.1.1.1.1. Bosque denso alto de tierra firme,3,31,311,3111,31111,,SI,L8_959_20240221,,false,0,,,,,entre_1_y_5_km,4761.98,1,0,1,LAM2469,PLAN DE MANEJO AMBIENTAL PARA ÁREAS OPERATIVAS DE LA GERENCIA SUR (GSU),ECOPETROL S.A,poligono,hasta_1_km,78.76,2,0763|0172,PUT 21|NORORIENTE,NO APLICA|NORORIENTE,GRAN TIERRA ENERGY COLOMBIA GMBH|ECOPETROL S.A.,EXPLORACION|PRODUCCION,CONTRATO DE EXPLORACION Y PRODUCCION (E&P)|CONVENIO DE EXPLOTACION
c049ca99add457c97200f41d,2026-10-05T14:00-05:00,2026-10-05T19:00:00Z,2026-10-05,2.72991,-75.61113,VIIRS-Suomi-NPP,Suomi-NPP,VIIRS,71.1,26.2,3.5,Nominal,D,0.42,0.45,true,false,Puntos_de_calor_Colombia_2026-10-05.csv,2026-10-06T06:27:43Z,41,Huila,41801,Teruel,asignado,cache_geometrico,false,0,,,,asignado,243,"2.4.3. Mosaico de cultivos, pastos y espacios naturales",2,24,243,,,,SI,Landsat_2024_mediana_28042025,,true,1,BLOQUE 691,,,ZONAS RESERVADAS CON POTENCIAL - BLOQUE 691,dentro,0.00,6,0,6,LAM2245|LAV0027-14|LAV0081-14|LAM0523|LAM3540,"BLOQUE SAN JACINTO|ÁREA DE PERFORACIÓN EXPLORATORIA VSM-22|Estudio de Impacto Ambiental para el proyecto: Línea de transmisión Tesalia-Alférez 230 kV y sus módulos de conexión asociados, obras que hacen parte de la convocatoria UPME 05 – 2009|BLOQUE EXPLORATORIO BAMBUCO|AREA DE INTERES PARA LA PERFORACION EXPLORATORIA CURUBA|PEDERNAL NORTE",HOCOL S.A.|TELPICO COLOMBIA LLC|EMPRESA DE ENERGÍA DE BOGOTÁ – EEB|LL & E COLOMBIA INC,poligono|linea,entre_1_y_5_km,3455.65,1,0292,UPAR,NO APLICA,HOCOL S.A.,EXPLORACION,CONVENIO DE EXPLORACION Y EXPLOTACION (E&E)
c088a371bb47f8344fdfd831,2026-10-05T14:00-05:00,2026-10-05T19:00:00Z,2026-10-05,3.75923,-75.41276,VIIRS-Suomi-NPP,Suomi-NPP,VIIRS,69.2,30.6,6.9,Nominal,D,0.44,0.46,true,false,Puntos_de_calor_Colombia_2026-10-05.csv,2026-10-06T06:27:43Z,73,Tolima,73168,Chaparral,asignado,cache_geometrico,false,0,,,,asignado,233,2.3.3. Pastos enmalezados,2,23,233,,,,SI,Landsat_2024_mediana_28042025,,false,0,,,,,dentro,0.00,10,0,10,LAM2932|LAV0016-00-2016|LAM1366|LAM4878,"CAMPO PAUTA1|LICENCIA AMBIENTAL CAMPO PAUTA Y BLOQUE CHAPARRAL.|SUBESTACIÓN TULUNÍ 230 kV Y LAS LÍNEAS DE TRANSMISIÓN ASOCIADAS - PROYECTO UPME 03-2013|Campo río Saldaña, asociación Tolima B. Explotación de hidrocarburos Campo Saldaña y Oliní|REANUDACIÓN DE LABORES DE LA ASOCIACIÓN TOLIMA B. PARA LOS CAMPOS RÍO SALDAÑA Y OLINI.|EXPLOTACIÓN Y DESARROLLO DEL BLOQUE DE ASOCIACIÓN TOLIMA B",VETRA EXPLORACIÓN Y PRODUCCIÓN COLOMBIA S.A.S|TUPROJECT S.A.S. E.S.P.|VETRA EXPLORACIÓN Y PRODUCCIÓN COLOMBIA S.A.S. – VETRA EyP S.A.S.|HOCOL S.A.,poligono|linea,dentro,0.00,2,0020|0360,CHAPARRAL|TOLIMA,NO APLICA|TOLIMA,ECOPETROL S.A.|HOCOL S.A.,PRODUCCION,CONTRATO DE ASOCIACION CON ECOPETROL|CONVENIO DE EXPLOTACION
c1e856091c5a487d485660ca,2026-10-05T14:00-05:00,2026-10-05T19:00:00Z,2026-10-05,0.78906,-76.261,VIIRS-Suomi-NPP,Suomi-NPP,VIIRS,74.3,31,44.1,Nominal,D,0.54,0.42,true,false,Puntos_de_calor_Colombia_2026-10-05.csv,2026-10-06T06:27:43Z,86,Putumayo,86571,Puerto Guzmán,asignado,cache_geometrico,false,0,,,,asignado,3132,3.1.3.2. Bosque fragmentado con vegetación secundaria,3,31,313,3132,,,SI,L8_959_20240221,,false,0,,,,,entre_1_y_5_km,4892.36,1,0,1,LAM5655,LICENCIA AMBIENTAL PARA EL PROYECTO ÁREA DE INTERÉS EXPLORATORIO CANELO NOGAL,PETRONOVA COLOMBIA,poligono,entre_1_y_5_km,3111.02,1,0104,MECAYA,NO APLICA,AMERISUR EXPLORACION COLOMBIA LIMITED,EXPLORACION,CONTRATO DE EXPLORACION Y PRODUCCION (E&P)
c3f9a045555a1768f84cc61e,2026-10-05T14:00-05:00,2026-10-05T19:00:00Z,2026-10-05,3.45571,-75.29922,VIIRS-Suomi-NPP,Suomi-NPP,VIIRS,63,24.8,5.2,Nominal,D,0.45,0.47,true,false,Puntos_de_calor_Colombia_2026-10-05.csv,2026-10-06T06:27:43Z,73,Tolima,73067,Ataco,asignado,cache_geometrico,false,0,,,,asignado,3222,3.2.2.2. Arbustal abierto,3,32,322,3222,,,SI,Landsat_2024_mediana_28042025,,true,1,BLOQUE 691,,,ZONAS RESERVADAS CON POTENCIAL - BLOQUE 691,entre_1_y_5_km,1290.11,1,0,1,LAV0091-13,AREA DE PERFORACIÓN EXPLORATORIA VSM 9 (HUILA - TOLIMA),HOCOL S.A.,poligono,entre_1_y_5_km,4356.42,1,0250,VSM 9,NO APLICA,HOCOL S.A.,EXPLORACION,CONTRATO DE EXPLORACION Y PRODUCCION (E&P)
c44b33b4ff69c9b37be901bd,2026-10-05T14:00-05:00,2026-10-05T19:00:00Z,2026-10-05,3.6798,-72.27071,VIIRS-Suomi-NPP,Suomi-NPP,VIIRS,56.9,18.5,2.9,Nominal,D,0.36,0.58,true,false,Puntos_de_calor_Colombia_2026-10-05.csv,2026-10-06T06:27:43Z,50,Meta,50568,Puerto Gaitán,asignado,cache_geometrico,false,0,,,,asignado,321111,3.2.1.1.1.1.  Herbazal denso de tierra firme no arbolado,3,32,321,3211,32111,321111,SI,Landsat_2024_mediana_28042025,Sentinel_2024_mediana_11042025,false,0,,,,,dentro,0.00,1,0,1,LAM5475,ÁREA DE PERFORACIÓN EXPLORATORIA BLOQUE CPO-12,META  PETROLEUM CORP,poligono,mas_de_5_km,,0,,,,,,
c85354f9843a00103d74eddd,2026-10-05T14:00-05:00,2026-10-05T19:00:00Z,2026-10-05,1.25467,-77.49844,VIIRS-Suomi-NPP,Suomi-NPP,VIIRS,58.1,29.2,6.4,Baja,D,0.47,0.4,true,false,Puntos_de_calor_Colombia_2026-10-05.csv,2026-10-06T06:27:43Z,52,Nariño,52207,Consacá,asignado,cache_geometrico,false,0,,,,asignado,22122,2.2.1.2.2. Caña panelera,2,22,221,2212,22122,,SI,Landsat_2024_mediana_28042025,,false,0,,,,,mas_de_5_km,,0,0,0,,,,,mas_de_5_km,,0,,,,,,
ce453c9a4a5537e57af19539,2026-10-05T14:00-05:00,2026-10-05T19:00:00Z,2026-10-05,0.79006,-76.17664,VIIRS-Suomi-NPP,Suomi-NPP,VIIRS,56.9,25.5,29.4,Nominal,D,0.54,0.42,true,false,Puntos_de_calor_Colombia_2026-10-05.csv,2026-10-06T06:27:43Z,86,Putumayo,86571,Puerto Guzmán,asignado,cache_geometrico,false,0,,,,asignado,243,"2.4.3. Mosaico de cultivos, pastos y espacios naturales",2,24,243,,,,SI,L8_959_20240221,,false,0,,,,,entre_1_y_5_km,3392.12,1,0,1,LAM0533,BLOQUE RIO PUTUMAYO (FASE PERFORACION EXPLORATORIA ),RAM PETROLEUM LIMITED,poligono,dentro,0.00,2,0104,MECAYA,NO APLICA|MECAYA,AMERISUR EXPLORACION COLOMBIA LIMITED,EXPLORACION|EVALUACION,CONTRATO DE EXPLORACION Y PRODUCCION (E&P)
cf14af9beaa145823bd7dedd,2026-10-05T14:00-05:00,2026-10-05T19:00:00Z,2026-10-05,3.5262,-75.58652,VIIRS-Suomi-NPP,Suomi-NPP,VIIRS,68.7,29.1,6,Nominal,D,0.43,0.46,true,false,Puntos_de_calor_Colombia_2026-10-05.csv,2026-10-06T06:27:43Z,73,Tolima,73616,Rioblanco,asignado,cache_geometrico,false,0,,,,asignado,233,2.3.3. Pastos enmalezados,2,23,233,,,,SI,Landsat_2024_mediana_28042025,,true,1,BLOQUE 691,,,ZONAS RESERVADAS CON POTENCIAL - BLOQUE 691,mas_de_5_km,,0,0,0,,,,,mas_de_5_km,,0,,,,,,
cf4d3ffe454fb16f2eb4a776,2026-10-05T14:00-05:00,2026-10-05T19:00:00Z,2026-10-05,3.65668,-72.43951,VIIRS-Suomi-NPP,Suomi-NPP,VIIRS,68.3,18.5,3.5,Nominal,D,0.35,0.57,true,false,Puntos_de_calor_Colombia_2026-10-05.csv,2026-10-06T06:27:43Z,50,Meta,50689,San Martín,asignado,cache_geometrico,false,0,,,,asignado,321111,3.2.1.1.1.1.  Herbazal denso de tierra firme no arbolado,3,32,321,3211,32111,321111,SI,Landsat_2024_mediana_28042025,GoogleEarth,false,0,,,,,dentro,0.00,1,0,1,LAM5475,ÁREA DE PERFORACIÓN EXPLORATORIA BLOQUE CPO-12,META  PETROLEUM CORP,poligono,mas_de_5_km,,0,,,,,,
d1073855e62d1d598b1119e1,2026-10-05T14:00-05:00,2026-10-05T19:00:00Z,2026-10-05,5.03457,-70.39379,VIIRS-Suomi-NPP,Suomi-NPP,VIIRS,80,14.9,6.5,Nominal,D,0.51,0.66,true,false,Puntos_de_calor_Colombia_2026-10-05.csv,2026-10-06T06:27:43Z,99,Vichada,99624,Santa Rosalía,asignado,cache_geometrico,false,0,,,,asignado,321111,3.2.1.1.1.1.  Herbazal denso de tierra firme no arbolado,3,32,321,3211,32111,321111,SI,Landsat_2024_mediana_28042025,GoogleEarth,false,0,,,,,mas_de_5_km,,0,0,0,,,,,mas_de_5_km,,0,,,,,,
d19aef2133ac53c97efe07a1,2026-10-05T14:00-05:00,2026-10-05T19:00:00Z,2026-10-05,-0.14338,-74.70524,VIIRS-Suomi-NPP,Suomi-NPP,VIIRS,58.8,23.5,3.3,Nominal,D,0.43,0.46,true,false,Puntos_de_calor_Colombia_2026-10-05.csv,2026-10-06T06:27:43Z,86,Putumayo,86573,Puerto Leguízamo,asignado,cache_geometrico,false,0,,,,asignado,244,2.4.4. Mosaico de pastos con espacios naturales,2,24,244,,,,SI,L9_860_20240222,Planet Medres Normalized Analytic 2024-01 Mosaic,false,0,,,,,mas_de_5_km,,0,0,0,,,,,mas_de_5_km,,0,,,,,,
d1ee71870583d48639181b4d,2026-10-05T14:00-05:00,2026-10-05T19:00:00Z,2026-10-05,2.87289,-75.23201,VIIRS-Suomi-NPP,Suomi-NPP,VIIRS,70.7,29,5.1,Nominal,D,0.44,0.46,true,false,Puntos_de_calor_Colombia_2026-10-05.csv,2026-10-06T06:27:43Z,41,Huila,41001,Neiva,asignado,cache_geometrico,false,0,,,,asignado,314,3.1.4. Bosque de galería y ripario,3,31,314,,,,SI,Landsat_2024_mediana_28042025,,false,0,,,,,entre_1_y_5_km,2031.05,7,0,7,LAV0013-00-2026|LAM0999|LAM4416|LAV0081-00-2017,"PROYECTO SOLAR FOTOVOLTAICO DSE NEIVA 19,9 MWN Y SU LÍNEA DE CONEXIÓN A 34,5 KV|AREA DE CONCESION TELLO 1161|PROYECTO CAMPO TELLO LA JAGUA, LOCALIZADO EN JURISDICCIÓN DEL DEPARTAMENTO DEL HUILA.|CONSTRUCCIÓN DE LA SEGUNDA CALZADA EN LOS MUNICIPIOS DE RIVERA, NEIVA Y CAMPOALEGRE, DEPARTAMENTO DEL HUILA",DSE NEIVA S.A.S|HOCOL S.A.|ECOPETROL S.A.|CONCESIONARIA ALIADAS PARA EL PROGRESO S.A.S.,linea|poligono,dentro,0.00,1,0546,VSM 13-2,NO APLICA,PAREX RESOURCES (COLOMBIA) AG,EXPLORACION,CONTRATO DE EXPLORACION Y PRODUCCION (E&P)
d442929c164e821675e772f8,2026-10-05T14:00-05:00,2026-10-05T19:00:00Z,2026-10-05,3.61104,-75.15401,VIIRS-Suomi-NPP,Suomi-NPP,VIIRS,66.4,29.3,8.7,Nominal,D,0.46,0.47,true,false,Puntos_de_calor_Colombia_2026-10-05.csv,2026-10-06T06:27:43Z,73,Tolima,73483,Natagaima,asignado,cache_geometrico,false,0,,,,asignado,244,2.4.4. Mosaico de pastos con espacios naturales,2,24,244,,,,SI,Landsat_2024_mediana_28042025,,false,0,,,,,entre_1_y_5_km,1547.43,6,0,6,LAM0304|LAM0022|LAM1312|LAM0069|LAM0170,LÍNEA DE INTERCONEXIÓN ELÉCTRICA BETANIA-MIROLINDO|OLEODUCTO DEL VALLE DEL MAGDALENA TENAY VASCONIA COVEÑAS|Construcción variante El Guamo – variante Espinal y variante Natagaima|OPERACIÓN Y MANTENIMIENTO DEL GASODUCTO CENTRO ORIENTE|POLIDUCTO GUALANDAY NATAGAIMA (CRUCE RIO SALDAÑA),INTERCONEXION ELECTRICA S.A. E.S.P. ISA|HOCOL S.A.|AUTOVÍA NEIVA GIRARDOT S.A.S.|TRANSPORTADORA DE GAS INTERNACIONAL TGI SA ESP|ECOPETROL S.A.,linea,mas_de_5_km,,0,,,,,,
d70a42a7d03c462a5b0a902a,2026-10-05T14:00-05:00,2026-10-05T19:00:00Z,2026-10-05,2.70458,-76.81177,VIIRS-Suomi-NPP,Suomi-NPP,VIIRS,60.3,24.8,4.8,Nominal,D,0.53,0.42,true,false,Puntos_de_calor_Colombia_2026-10-05.csv,2026-10-06T06:27:43Z,19,Cauca,19130,Cajibío,asignado,cache_geometrico,false,0,,,,asignado,243,"2.4.3. Mosaico de cultivos, pastos y espacios naturales",2,24,243,,,,SI,Landsat_2024_mediana_28042025,,false,0,,,,,mas_de_5_km,,0,0,0,,,,,mas_de_5_km,,0,,,,,,
d9e9de2b4988ae54189c6f0f,2026-10-05T14:00-05:00,2026-10-05T19:00:00Z,2026-10-05,1.42057,-77.58437,VIIRS-Suomi-NPP,Suomi-NPP,VIIRS,59.5,25.7,4.6,Nominal,D,0.47,0.39,true,false,Puntos_de_calor_Colombia_2026-10-05.csv,2026-10-06T06:27:43Z,52,Nariño,52678,Samaniego,asignado,cache_geometrico,false,0,,,,asignado,242,2.4.2. Mosaico de pastos y cultivos,2,24,242,,,,SI,Landsat_2024_mediana_28042025,,false,0,,,,,mas_de_5_km,,0,0,0,,,,,mas_de_5_km,,0,,,,,,
dbb7ec18156b3a8dafb45ac2,2026-10-05T14:00-05:00,2026-10-05T19:00:00Z,2026-10-05,3.54323,-75.18394,VIIRS-Suomi-NPP,Suomi-NPP,VIIRS,69.3,29.7,15.2,Nominal,D,0.46,0.47,true,false,Puntos_de_calor_Colombia_2026-10-05.csv,2026-10-06T06:27:43Z,73,Tolima,73483,Natagaima,asignado,cache_geometrico,false,0,,,,asignado,233,2.3.3. Pastos enmalezados,2,23,233,,,,SI,Landsat_2024_mediana_28042025,,false,0,,,,,entre_1_y_5_km,3092.22,1,0,1,LAM0304,LÍNEA DE INTERCONEXIÓN ELÉCTRICA BETANIA-MIROLINDO,INTERCONEXION ELECTRICA S.A. E.S.P. ISA,linea,mas_de_5_km,,0,,,,,,
e0a3ab25e6605920db67a754,2026-10-05T14:00-05:00,2026-10-05T19:00:00Z,2026-10-05,4.51619,-72.14461,VIIRS-Suomi-NPP,Suomi-NPP,VIIRS,93.9,18.3,23.3,Alta,D,0.38,0.59,true,false,Puntos_de_calor_Colombia_2026-10-05.csv,2026-10-06T06:27:43Z,85,Casanare,85139,Maní,asignado,cache_geometrico,false,0,,,,asignado,321121,3.2.1.1.2.1. Herbazal denso inundable no arbolado,3,32,321,3211,32112,321121,SI,Landsat_2024_mediana_28042025,"Basemap, GoogleEarth",false,0,,,,,dentro,0.00,3,0,3,LAM5075|LAM5016|LAV0097-00-2014,BLOQUE DE PERFORACION EXPLORATORIA PUNTERO|AREA DE PERFORACION EXPLORATORIA SAN ANTONIO|AREA DE DESARROLLO PUNTERO,CEPSA COLOMBIA S.A. - CEPCOLSA|THORNELOE ENERGY SUCURSAL COLOMBIA|CEPSA COLOMBIA S.A.,poligono,mas_de_5_km,,0,,,,,,
e15200dc20a876919841c2d4,2026-10-05T14:00-05:00,2026-10-05T19:00:00Z,2026-10-05,1.15423,-74.35274,VIIRS-Suomi-NPP,Suomi-NPP,VIIRS,57.7,22.6,2.7,Nominal,D,0.48,0.48,true,false,Puntos_de_calor_Colombia_2026-10-05.csv,2026-10-06T06:27:43Z,18,Caquetá,18753,San Vicente Del Caguán,asignado,cache_geometrico,false,0,,,,asignado,233,2.3.3. Pastos enmalezados,2,23,233,,,,SI,L9_759_20240115,SENTINEL_20240222,false,0,,,,,mas_de_5_km,,0,0,0,,,,,mas_de_5_km,,0,,,,,,
e1794c965e4fc6cbb5a64287,2026-10-05T14:00-05:00,2026-10-05T19:00:00Z,2026-10-05,4.06977,-70.50079,VIIRS-Suomi-NPP,Suomi-NPP,VIIRS,60.3,16.5,3.8,Nominal,D,0.48,0.65,true,false,Puntos_de_calor_Colombia_2026-10-05.csv,2026-10-06T06:27:43Z,99,Vichada,99773,Cumaribo,asignado,cache_geometrico,false,0,,,,asignado,321111,3.2.1.1.1.1.  Herbazal denso de tierra firme no arbolado,3,32,321,3211,32111,321111,SI,"Landsat_2024_mediana_28042025, L9_657_20240412, L9_557_20240225","GoogleEarth, BingMaps, Planet Medres Normalized Analytic 2024-01 Mosaic",false,0,,,,,mas_de_5_km,,0,0,0,,,,,mas_de_5_km,,0,,,,,,
e59ba9c94b7b2ffa8dc33c45,2026-10-05T14:00-05:00,2026-10-05T19:00:00Z,2026-10-05,0.31695,-76.49673,VIIRS-Suomi-NPP,Suomi-NPP,VIIRS,56.9,26.3,3,Nominal,D,0.51,0.41,true,false,Puntos_de_calor_Colombia_2026-10-05.csv,2026-10-06T06:27:43Z,86,Putumayo,86568,Puerto Asís,asignado,cache_geometrico,false,0,,,,asignado,323,3.2.3. Vegetación secundaria o en transición,3,32,323,,,,SI,L8_960_20240221,,false,0,,,,,dentro,0.00,4,0,4,LAM4174|LAM1412,"Informe de Cumplimiento Ambiental de los Campos Quinde, Cohembí y Quillacinga|PRUEBAS EXTENSAS DE PRODUCCIÓN EN EL ÁREA SUR - ORIENTE. QUILLASINGA - CURIQUINGA Y PIÑUÑA.|Campos Quinde, Cohembí y Quillacinga|PRUEBAS EXTENSAS DE PRODUCCIÓN EN EL ÁREA SUR – ORIENTE QUILLASINGA – CURIQUINGA Y PIÑUÑA.",CONSORCIO COLOMBIA ENERGY|CONSORCIO COLOMBIA ENERGY S.A.,poligono|punto,dentro,0.00,2,0157|0280,SURORIENTE|PUT 8,SURORIENTE|NO APLICA,ECOPETROL S.A.|AMERISUR EXPLORACION COLOMBIA LIMITED,PRODUCCION|EXPLORACION,CONVENIO DE EXPLOTACION|CONTRATO DE EXPLORACION Y PRODUCCION (E&P)
e6586a6855ceef57fe8f404e,2026-10-05T14:00-05:00,2026-10-05T19:00:00Z,2026-10-05,3.61168,-75.14963,VIIRS-Suomi-NPP,Suomi-NPP,VIIRS,70.3,31.2,8.7,Nominal,D,0.46,0.47,true,false,Puntos_de_calor_Colombia_2026-10-05.csv,2026-10-06T06:27:43Z,73,Tolima,73483,Natagaima,asignado,cache_geometrico,false,0,,,,asignado,244,2.4.4. Mosaico de pastos con espacios naturales,2,24,244,,,,SI,Landsat_2024_mediana_28042025,,false,0,,,,,entre_1_y_5_km,1056.11,6,0,6,LAM0304|LAM0022|LAM1312|LAM0069|LAM0170,LÍNEA DE INTERCONEXIÓN ELÉCTRICA BETANIA-MIROLINDO|OLEODUCTO DEL VALLE DEL MAGDALENA TENAY VASCONIA COVEÑAS|Construcción variante El Guamo – variante Espinal y variante Natagaima|OPERACIÓN Y MANTENIMIENTO DEL GASODUCTO CENTRO ORIENTE|POLIDUCTO GUALANDAY NATAGAIMA (CRUCE RIO SALDAÑA),INTERCONEXION ELECTRICA S.A. E.S.P. ISA|HOCOL S.A.|AUTOVÍA NEIVA GIRARDOT S.A.S.|TRANSPORTADORA DE GAS INTERNACIONAL TGI SA ESP|ECOPETROL S.A.,linea,mas_de_5_km,,0,,,,,,
e83fab4e884ca164cf4a73c6,2026-10-05T14:00-05:00,2026-10-05T19:00:00Z,2026-10-05,1.61941,-75.43858,VIIRS-Suomi-NPP,Suomi-NPP,VIIRS,57,24.9,2.4,Nominal,D,0.41,0.45,true,false,Puntos_de_calor_Colombia_2026-10-05.csv,2026-10-06T06:27:43Z,18,Caquetá,18410,La Montañita,asignado,cache_geometrico,false,0,,,,asignado,231,2.3.1. Pastos limpios,2,23,231,,,,SI,L8_859_20240222_20240224,Bing Map Aerial,false,0,,,,,mas_de_5_km,,0,0,0,,,,,dentro,0.00,1,0296,NOGAL,NO APLICA,EMERALD ENERGY PLC,EXPLORACION,CONTRATO DE EXPLORACION Y PRODUCCION (E&P)
e8b43533611d7194d1cb94bd,2026-10-05T14:00-05:00,2026-10-05T19:00:00Z,2026-10-05,5.50308,-69.62662,VIIRS-Suomi-NPP,Suomi-NPP,VIIRS,62,14.8,6.9,Nominal,D,0.58,0.7,true,false,Puntos_de_calor_Colombia_2026-10-05.csv,2026-10-06T06:27:43Z,99,Vichada,99524,La Primavera,asignado,cache_geometrico,false,0,,,,asignado,321111,3.2.1.1.1.1.  Herbazal denso de tierra firme no arbolado,3,32,321,3211,32111,321111,SI,Landsat_2024_mediana_28042025,GoogleEarth,false,0,,,,,mas_de_5_km,,0,0,0,,,,,mas_de_5_km,,0,,,,,,
e8f983baad4ce571964a25ff,2026-10-05T14:00-05:00,2026-10-05T19:00:00Z,2026-10-05,4.73367,-71.16274,VIIRS-Suomi-NPP,Suomi-NPP,VIIRS,58.2,19,5.1,Nominal,D,0.45,0.63,true,false,Puntos_de_calor_Colombia_2026-10-05.csv,2026-10-06T06:27:43Z,50,Meta,50568,Puerto Gaitán,asignado,cache_geometrico,false,0,,,,asignado,321111,3.2.1.1.1.1.  Herbazal denso de tierra firme no arbolado,3,32,321,3211,32111,321111,SI,Landsat_2024_mediana_28042025,GoogleEarth,false,0,,,,,dentro,0.00,3,0,3,LAM3338|LAM3798,PERFORACIÓN EXPLORATORIA ÁREA DE INTERÉS CABIONA|AREA DE INTERES DE PERFORACION EXPLORATORIA CABIONA|AREA DE PERFORACION EXPLORATORIA CABIONA NORESTE,NEW GRANADA ENERGY CORPORATION SUCURSAL COLOMBIANA|NEW GRANADA ENERGY CORPORATION SUCURSAL COLOMBIA,poligono,hasta_1_km,734.33,1,0072,CABIONA,CABIONA B,NEW GRANADA ENERGY CORPORATION,PRODUCCION,CONTRATO DE EXPLORACION Y EXPLOTACION (E&E)
eb78e15247334ed243ff5dbe,2026-10-05T14:00-05:00,2026-10-05T19:00:00Z,2026-10-05,3.62934,-74.85043,VIIRS-Suomi-NPP,Suomi-NPP,VIIRS,63.3,22.7,3.5,Nominal,D,0.48,0.48,true,false,Puntos_de_calor_Colombia_2026-10-05.csv,2026-10-06T06:27:43Z,73,Tolima,73236,Dolores,asignado,cache_geometrico,false,0,,,,asignado,314,3.1.4. Bosque de galería y ripario,3,31,314,,,,SI,Landsat_2024_mediana_28042025,,false,0,,,,,entre_1_y_5_km,4126.09,1,0,1,LAM4670,AREA DE INTERES DE PERFORACION EXPLORATORIA GUADUAL,PETROBRAS COLOMBIA LIMITED,poligono,dentro,0.00,1,0785,VSM 36,NO APLICA,PAREX RESOURCES (COLOMBIA) AG,EXPLORACION,CONTRATO DE EXPLORACION Y PRODUCCION (E&P)
ec532fbcdf4a8e0355735ba8,2026-10-05T14:00-05:00,2026-10-05T19:00:00Z,2026-10-05,1.21912,-74.25551,VIIRS-Suomi-NPP,Suomi-NPP,VIIRS,66.9,22.5,3.4,Nominal,D,0.49,0.48,true,false,Puntos_de_calor_Colombia_2026-10-05.csv,2026-10-06T06:27:43Z,18,Caquetá,18753,San Vicente Del Caguán,asignado,cache_geometrico,false,0,,,,asignado,31111,3.1.1.1.1. Bosque denso alto de tierra firme,3,31,311,3111,31111,,SI,L9_759_20240115,SENTINEL_20240222,false,0,,,,,mas_de_5_km,,0,0,0,,,,,mas_de_5_km,,0,,,,,,
ecd79fb0f2c44fbd4d7f4e91,2026-10-05T14:00-05:00,2026-10-05T19:00:00Z,2026-10-05,4.95625,-70.82944,VIIRS-Suomi-NPP,Suomi-NPP,VIIRS,60.4,17.8,9.4,Nominal,D,0.47,0.64,true,false,Puntos_de_calor_Colombia_2026-10-05.csv,2026-10-06T06:27:43Z,99,Vichada,99624,Santa Rosalía,asignado,cache_geometrico,false,0,,,,asignado,321111,3.2.1.1.1.1.  Herbazal denso de tierra firme no arbolado,3,32,321,3211,32111,321111,SI,Landsat_2024_mediana_28042025,GoogleEarth,false,0,,,,,entre_1_y_5_km,2956.76,2,0,2,LAM3607,AREA DE DESARROLLO LAS GARZAS|AREA DE PERFORACION EXPLORATORIA LAS GARZAS,NEW GRANADA ENERGY CORPORATION SUCURSAL COLOMBIA,poligono,entre_1_y_5_km,4842.41,1,0817,CPE 2-2,NO APLICA,PAREX RESOURCES (COLOMBIA) AG,EXPLORACION,CONTRATO DE EXPLORACION Y PRODUCCION (E&P)
ed997676e57ef08efcead51a,2026-10-05T14:00-05:00,2026-10-05T19:00:00Z,2026-10-05,2.16112,-76.83814,VIIRS-Suomi-NPP,Suomi-NPP,VIIRS,57.6,30.9,4.2,Baja,D,0.52,0.41,true,false,Puntos_de_calor_Colombia_2026-10-05.csv,2026-10-06T06:27:43Z,19,Cauca,19397,La Vega,asignado,cache_geometrico,false,0,,,,asignado,231,2.3.1. Pastos limpios,2,23,231,,,,SI,Landsat_2024_mediana_28042025,,false,0,,,,,entre_1_y_5_km,3148.29,1,0,1,LAM1476,CARRETERA TIMBÍO - EL ESTANQUILLO. DPTO DEL CAUCA.,INSTITUTO NACIONAL DE VÍAS - INVIAS,linea,mas_de_5_km,,0,,,,,,
ef4789644d4b8245632db423,2026-10-05T14:00-05:00,2026-10-05T19:00:00Z,2026-10-05,4.82449,-74.89996,VIIRS-Suomi-NPP,Suomi-NPP,VIIRS,61.6,25.1,5,Nominal,D,0.5,0.49,true,false,Puntos_de_calor_Colombia_2026-10-05.csv,2026-10-06T06:27:43Z,73,Tolima,73408,Lérida,asignado,cache_geometrico,false,0,,,,asignado,2121,2.1.2.1. Arroz,2,21,212,2121,,,SI,Landsat_2024_mediana_28042025,GoogleEarth,false,0,,,,,dentro,0.00,11,0,11,LAM4199|LAM0069|LAM0022|LAM0170|LAV0017-00-2019|LAM3176,BLOQUE EXPLORATORIO SIERRA|OPERACIÓN Y MANTENIMIENTO DEL GASODUCTO CENTRO ORIENTE|OLEODUCTO DEL VALLE DEL MAGDALENA TENAY VASCONIA COVEÑAS|POLIDUCTO GUALANDAY NATAGAIMA (CRUCE RIO SALDAÑA)|SEGUNDO REFUERZO DE RED EN EL AREA ORIENTAL LINEA DE TRANSMISION LA VIRGINIA NUEVA ESPERANZA 500 KV UPME 07 2016|AREAS DE PERFORACION EXPLORATORIA NORTE Y SUR DEL BLOQUE RIO MAGDALENA,RANCHO HERMOSO S.A.|TRANSPORTADORA DE GAS INTERNACIONAL TGI SA ESP|HOCOL S.A.|ECOPETROL S.A.|TRANSMISORA COLOMBIANA DE ENERGÍA S.A.S. E.S.P|TRANSMISORA COLOMBIANA DE ENERGIA S A S ESP|GRAN TIERRA ENERGY COLOMBIA LTD.|TRANSMISORA COLOMBIANA DE ENERGÍA SAS ESP,poligono|linea,mas_de_5_km,,0,,,,,,
f2835539e23468c4455b24ad,2026-10-05T14:00-05:00,2026-10-05T19:00:00Z,2026-10-05,0.64564,-76.66869,VIIRS-Suomi-NPP,Suomi-NPP,VIIRS,59.7,24,4.4,Nominal,D,0.51,0.41,true,false,Puntos_de_calor_Colombia_2026-10-05.csv,2026-10-06T06:27:43Z,86,Putumayo,86320,Orito,asignado,cache_geometrico,false,0,,,,asignado,323,3.2.3. Vegetación secundaria o en transición,3,32,323,,,,SI,L8_959_20240221,,false,0,,,,,hasta_1_km,619.58,7,0,7,LAM7834-00|LAM2469|LAM1376|LAV0047-00-2023|LAM4011,"ÁREAS OPERATIVAS DE LA GERENCIA SUR EXISTENTES Y EN OPERACIÓN (ORITO, SUR, OCCIDENTE Y NORORIENTE)|AREAS OPERATIVAS DE LA GERENCIA SUR -HIDROCARBUROS|REHABILITACIÓN DE LA CARRETERA PTE SAN MIGUEL - BUENOS AIRES  Y VILLAGARZÓN - MOCOA.|AREA DE DESARROLLO GENESIS|REACTIVACIÓN Y WORKOVER DE LOS POZOS BURDINE 1, 2, 4 Y 5",CENIT S.A.S|ECOPETROL S.A.|INSTITUTO NACIONAL DE VÍAS - INVIAS|GRAN TIERRA ENERGY COLOMBIA GMBH SUCURSAL COLOMBIA|GRAN TIERRA ENERGY COLOMBIA,linea|poligono,dentro,0.00,2,0145|0209,NANCY-BURDINE-MAXINE|PUT 4,NANCY-BURDINE-MAXINE|NO APLICA,GRAN TIERRA ENERGY COLOMBIA GMBH,PRODUCCION|EXPLORACION,CONVENIO DE EXPLOTACION|CONTRATO DE EXPLORACION Y PRODUCCION (E&P)
f2a250e5053f7deaa6b0d53a,2026-10-05T14:00-05:00,2026-10-05T19:00:00Z,2026-10-05,4.0818,-73.45426,VIIRS-Suomi-NPP,Suomi-NPP,VIIRS,67.4,20.4,17.3,Nominal,D,0.61,0.53,true,false,Puntos_de_calor_Colombia_2026-10-05.csv,2026-10-06T06:27:43Z,50,Meta,50001,Villavicencio,asignado,cache_geometrico,false,0,,,,asignado,2232,2.2.3.2. Palma de aceite,2,22,223,2232,,,SI,Landsat_2024_mediana_28042025,,false,0,,,,,dentro,0.00,20,2,18,LAM0198|LAM1063|LAM0951|LAV0071-00-2017|LAV0009-00-2026|LAV0071-00-2022|LAM8583-00|LAM2947|LAV0025-14|LAV0093-00-2014,"POZOS DE DESARROLLO APIAY A Y SURIA A Y B Y LIBERTAD|AREA DE LOS CAMPOS EN EXPLOTACION|Bloque Apiay. CAMPOS APIAY, SURIA Y REFORMA - LIBERTAD|CONSTRUCCIÓN GASODUCTO APIAY - VILLAVICENCIO - OCOA|GASODUCTO APIAY – VILLAVICENCIO – BOGOTÁ|SUBESTACIÓN SURIA 230 kV Y LÍNEAS DE TRANSMISIÓN ASOCIADAS|LÍNEA DE TRANSMISIÓN ENTRE LA SUBESTACIÓN EXISTENTE SURIA A 230 KV Y NUEVA SUBESTACIÓN CDS2 A 230 KV|CONSTRUCCIÓN Y PUESTA EN SERVICIO DE LA CONEXIÓN ENTRE PÓRTICO Y EQUIPOS DE SALIDA DE LA NUEVA SUBESTACIÓN SURIA Y EL PÓRTICO Y EQUIPOS DE LLEGADA DE LA NUEVA SUBESTACIÓN SANTA HELENA|SISTEMA DE TRANSPORTE DE HIDROCARBUROS APIAY – CHICHIMENE|OLEODUCTO CASTILLA – APIAY,|CONSTRUCCIÓN Y OPERACIÓN DE LA REFINERIA DEL META|CENTRO DE ACOPIO PARA COMBUSTIBLES - CENTRO DE ACOPIO PARA COMBUSTIBLES|CONSTRUCCIÓN Y OPERACIÓN REFINERIA DEL META",ECOPETROL S A|ECOPETROL S.A.|TRANSPORTADORA DE GAS INTERNACIONAL S.A. E.S.P. - TGI S.A. E.S.P.|DESARROLLO ELÉCTRICO SURIA S.A.S. E.S.P.|Interconexión eléctrica S.A. E.S.P.|ELECTRIFICADORA DEL META S.A. EMPRESA DE SERVICIOS PUBLICOS|EMPRESA DE PETROLEOS DEL LLANO- LLANOPETROL|EMPRESA DE PETROLEOS DEL LLANO - LLANOPETROL,poligono|linea,dentro,0.00,2,0091|0873,APIAY|LLA 141,APIAY|NO APLICA,ECOPETROL S.A.,PRODUCCION|EXPLORACION,CONVENIO DE EXPLOTACION|CONTRATO DE EXPLORACION Y PRODUCCION (E&P)
f4db6e1f4f38ab2d9638922f,2026-10-05T14:00-05:00,2026-10-05T19:00:00Z,2026-10-05,0.02245,-74.71752,VIIRS-Suomi-NPP,Suomi-NPP,VIIRS,56.9,22.8,2.5,Nominal,D,0.44,0.46,true,false,Puntos_de_calor_Colombia_2026-10-05.csv,2026-10-06T06:27:43Z,86,Putumayo,86573,Puerto Leguízamo,asignado,cache_geometrico,false,0,,,,asignado,243,"2.4.3. Mosaico de cultivos, pastos y espacios naturales",2,24,243,,,,SI,L9_860_20240222,Planet Medres Normalized Analytic 2024-01 Mosaic,false,0,,,,,mas_de_5_km,,0,0,0,,,,,mas_de_5_km,,0,,,,,,
f5f21a3ee441ed4fd2cef9ab,2026-10-05T14:00-05:00,2026-10-05T19:00:00Z,2026-10-05,0.37305,-74.01181,VIIRS-Suomi-NPP,Suomi-NPP,VIIRS,75.4,22.9,7.6,Nominal,D,0.49,0.49,true,false,Puntos_de_calor_Colombia_2026-10-05.csv,2026-10-06T06:27:43Z,18,Caquetá,18150,Cartagena Del Chairá,asignado,cache_geometrico,false,0,,,,asignado,31111,3.1.1.1.1. Bosque denso alto de tierra firme,3,31,311,3111,31111,,SI,L9_759_20240115,,false,0,,,,,mas_de_5_km,,0,0,0,,,,,mas_de_5_km,,0,,,,,,
f746e357d911e5427dce86d0,2026-10-05T14:00-05:00,2026-10-05T19:00:00Z,2026-10-05,3.75421,-72.57572,VIIRS-Suomi-NPP,Suomi-NPP,VIIRS,58.1,20,5,Nominal,D,0.35,0.56,true,false,Puntos_de_calor_Colombia_2026-10-05.csv,2026-10-06T06:27:43Z,50,Meta,50573,Puerto López,asignado,cache_geometrico,false,0,,,,asignado,232,2.3.2. Pastos arbolados,2,23,232,,,,SI,Landsat_2024_mediana_28042025,GoogleEarth,false,0,,,,,dentro,0.00,4,0,4,LAM5114|LAM5669|LAV0059-13|LAV0049-13,ÁREA DE PERFORACIÓN EXPLORATORIA GUACHARACA|AREA DE PERFORACIÓN EXPLORATORIA LLANOS-58|AREA DE PERFORACIÓN EXPLORATORIA PADRE|AREA PERFORACION EXPLORATORIA  MUÑECA,HUPECOL OPERATING CO LLC|ECOPETROL S.A.,poligono,mas_de_5_km,,0,,,,,,
f765fe1ed844e19094817e9b,2026-10-05T14:00-05:00,2026-10-05T19:00:00Z,2026-10-05,3.45517,-75.30293,VIIRS-Suomi-NPP,Suomi-NPP,VIIRS,74.8,28.1,5.2,Nominal,D,0.45,0.47,true,false,Puntos_de_calor_Colombia_2026-10-05.csv,2026-10-06T06:27:43Z,73,Tolima,73067,Ataco,asignado,cache_geometrico,false,0,,,,asignado,3222,3.2.2.2. Arbustal abierto,3,32,322,3222,,,SI,Landsat_2024_mediana_28042025,,true,1,BLOQUE 691,,,ZONAS RESERVADAS CON POTENCIAL - BLOQUE 691,entre_1_y_5_km,1058.87,1,0,1,LAV0091-13,AREA DE PERFORACIÓN EXPLORATORIA VSM 9 (HUILA - TOLIMA),HOCOL S.A.,poligono,entre_1_y_5_km,4297.21,1,0250,VSM 9,NO APLICA,HOCOL S.A.,EXPLORACION,CONTRATO DE EXPLORACION Y PRODUCCION (E&P)
f88c9e4f92ca7a05a874570e,2026-10-05T14:00-05:00,2026-10-05T19:00:00Z,2026-10-05,0.79082,-76.17171,VIIRS-Suomi-NPP,Suomi-NPP,VIIRS,74.4,30.4,29.4,Nominal,D,0.54,0.42,true,false,Puntos_de_calor_Colombia_2026-10-05.csv,2026-10-06T06:27:43Z,86,Putumayo,86571,Puerto Guzmán,asignado,cache_geometrico,false,0,,,,asignado,31111,3.1.1.1.1. Bosque denso alto de tierra firme,3,31,311,3111,31111,,SI,L8_959_20240221,,false,0,,,,,entre_1_y_5_km,2863.41,1,0,1,LAM0533,BLOQUE RIO PUTUMAYO (FASE PERFORACION EXPLORATORIA ),RAM PETROLEUM LIMITED,poligono,dentro,0.00,2,0104,MECAYA,NO APLICA|MECAYA,AMERISUR EXPLORACION COLOMBIA LIMITED,EXPLORACION|EVALUACION,CONTRATO DE EXPLORACION Y PRODUCCION (E&P)
f8d9bda294ec0372875f262d,2026-10-05T14:00-05:00,2026-10-05T19:00:00Z,2026-10-05,4.23472,-71.79929,VIIRS-Suomi-NPP,Suomi-NPP,VIIRS,93.9,22.6,17.1,Alta,D,0.4,0.6,true,false,Puntos_de_calor_Colombia_2026-10-05.csv,2026-10-06T06:27:43Z,50,Meta,50568,Puerto Gaitán,asignado,cache_geometrico,false,0,,,,asignado,321111,3.2.1.1.1.1.  Herbazal denso de tierra firme no arbolado,3,32,321,3211,32111,321111,SI,Landsat_2024_mediana_28042025,,false,0,,,,,dentro,0.00,4,0,4,LAM5170|LAV0011-14|LAM4352,"PERFORATION EXPLORATORIA BLOQUE CPO-7A|ÁREA DE EXPLOTACIÓN ATARRAYA, BLOQUE CPO7|CONSTRUCCIÓN Y OPERACIÓN DEL OLEODUCTO OCELOTE PALMERAS",TECPETROL COLOMBIA S.A.S.|TECPETROL COLOMBIA S.A.S|HOCOL S.A.,poligono|linea,hasta_1_km,902.07,1,0946,ATARRAYA,NO APLICA,ERAZO VALENCIA SAS,PRODUCCION,CONTRATO DE OPERACION Y ADMINISTRACION DE AREAS CON ACTIVOS PRODUCTIVOS
fa02f65e4526d5c0d6f100c7,2026-10-05T14:00-05:00,2026-10-05T19:00:00Z,2026-10-05,2.99474,-72.72539,VIIRS-Suomi-NPP,Suomi-NPP,VIIRS,70.2,20.9,4.6,Nominal,D,0.33,0.55,true,false,Puntos_de_calor_Colombia_2026-10-05.csv,2026-10-06T06:27:43Z,50,Meta,50325,Mapiripán,asignado,cache_geometrico,false,0,,,,asignado,321111,3.2.1.1.1.1.  Herbazal denso de tierra firme no arbolado,3,32,321,3211,32111,321111,SI,Landsat_2024_mediana_28042025,,false,0,,,,,mas_de_5_km,,0,0,0,,,,,mas_de_5_km,,0,,,,,,
fc4f1a70a2e42c7a441abafc,2026-10-05T14:00-05:00,2026-10-05T19:00:00Z,2026-10-05,1.13624,-74.32868,VIIRS-Suomi-NPP,Suomi-NPP,VIIRS,59.9,22.9,2.5,Nominal,D,0.48,0.48,true,false,Puntos_de_calor_Colombia_2026-10-05.csv,2026-10-06T06:27:43Z,18,Caquetá,18753,San Vicente Del Caguán,asignado,cache_geometrico,false,0,,,,asignado,311121,3.1.1.1.2.1. Bosque denso alto Inundable heterogéneo,3,31,311,3111,31112,311121,SI,L9_759_20240115,SENTINEL_20240222,false,0,,,,,mas_de_5_km,,0,0,0,,,,,mas_de_5_km,,0,,,,,,
fdef3e8ab5af30c76560a2a7,2026-10-05T14:00-05:00,2026-10-05T19:00:00Z,2026-10-05,0.53537,-75.59356,VIIRS-Suomi-NPP,Suomi-NPP,VIIRS,67.2,25.4,2.8,Nominal,D,0.39,0.44,true,false,Puntos_de_calor_Colombia_2026-10-05.csv,2026-10-06T06:27:43Z,86,Putumayo,86571,Puerto Guzmán,asignado,cache_geometrico,false,0,,,,asignado,3131,3.1.3.1. Bosque fragmentado con pastos y cultivos,3,31,313,3131,,,SI,L8_860_20240129,,false,0,,,,,mas_de_5_km,,0,0,0,,,,,dentro,0.00,1,0237,TERECAY,NO APLICA,AMERISUR EXPLORACION COLOMBIA LIMITED,EXPLORACION,CONTRATO DE EXPLORACION Y PRODUCCION (E&P)
fee7ba0f19ce590f1eb85e6e,2026-10-05T14:00-05:00,2026-10-05T19:00:00Z,2026-10-05,0.76345,-76.06168,VIIRS-Suomi-NPP,Suomi-NPP,VIIRS,62.8,26.9,8.5,Nominal,D,0.55,0.43,true,false,Puntos_de_calor_Colombia_2026-10-05.csv,2026-10-06T06:27:43Z,86,Putumayo,86571,Puerto Guzmán,asignado,cache_geometrico,false,0,,,,asignado,243,"2.4.3. Mosaico de cultivos, pastos y espacios naturales",2,24,243,,,,SI,L8_959_20240221,,false,0,,,,,dentro,0.00,1,0,1,LAM0533,BLOQUE RIO PUTUMAYO (FASE PERFORACION EXPLORATORIA ),RAM PETROLEUM LIMITED,poligono,dentro,0.00,3,0787|0261|0104,PUT 36|PUT 9|MECAYA,NO APLICA,AMERISUR EXPLORACION COLOMBIA LIMITED,EXPLORACION,CONTRATO DE EXPLORACION Y PRODUCCION (E&P)
ff1735b642fd163e543275d5,2026-10-05T14:00-05:00,2026-10-05T19:00:00Z,2026-10-05,2.8723,-75.23595,VIIRS-Suomi-NPP,Suomi-NPP,VIIRS,70.5,30.1,6.1,Nominal,D,0.44,0.46,true,false,Puntos_de_calor_Colombia_2026-10-05.csv,2026-10-06T06:27:43Z,41,Huila,41001,Neiva,asignado,cache_geometrico,false,0,,,,asignado,233,2.3.3. Pastos enmalezados,2,23,233,,,,SI,Landsat_2024_mediana_28042025,,false,0,,,,,entre_1_y_5_km,1589.43,7,0,7,LAV0013-00-2026|LAV0081-00-2017|LAM0999|LAM4416,"PROYECTO SOLAR FOTOVOLTAICO DSE NEIVA 19,9 MWN Y SU LÍNEA DE CONEXIÓN A 34,5 KV|CONSTRUCCIÓN DE LA SEGUNDA CALZADA EN LOS MUNICIPIOS DE RIVERA, NEIVA Y CAMPOALEGRE, DEPARTAMENTO DEL HUILA|AREA DE CONCESION TELLO 1161|PROYECTO CAMPO TELLO LA JAGUA, LOCALIZADO EN JURISDICCIÓN DEL DEPARTAMENTO DEL HUILA.",DSE NEIVA S.A.S|CONCESIONARIA ALIADAS PARA EL PROGRESO S.A.S.|HOCOL S.A.|ECOPETROL S.A.,linea|poligono,dentro,0.00,1,0546,VSM 13-2,NO APLICA,PAREX RESOURCES (COLOMBIA) AG,EXPLORACION,CONTRATO DE EXPLORACION Y PRODUCCION (E&P)
074a19ef255e6376298b3c78,2026-10-05T14:02-05:00,2026-10-05T19:02:00Z,2026-10-05,7.73741,-74.22594,VIIRS-Suomi-NPP,Suomi-NPP,VIIRS,63.3,18.8,8.3,Nominal,D,0.61,0.53,true,false,Puntos_de_calor_Colombia_2026-10-05.csv,2026-10-06T06:27:43Z,13,Bolívar,13688,Santa Rosa Del Sur,asignado,cache_geometrico,false,0,,,,asignado,243,"2.4.3. Mosaico de cultivos, pastos y espacios naturales",2,24,243,,,,SI,Landsat_2024_mediana_28042025,,false,0,,,,,mas_de_5_km,,0,0,0,,,,,mas_de_5_km,,0,,,,,,
1110a13c628204276aeae08b,2026-10-05T14:02-05:00,2026-10-05T19:02:00Z,2026-10-05,9.30496,-74.11237,VIIRS-Suomi-NPP,Suomi-NPP,VIIRS,63.3,22.5,5.2,Nominal,D,0.33,0.55,true,false,Puntos_de_calor_Colombia_2026-10-05.csv,2026-10-06T06:27:43Z,47,Magdalena,47318,Guamal,asignado,cache_geometrico,false,0,,,,asignado,231,2.3.1. Pastos limpios,2,23,231,,,,SI,Landsat_2024_mediana_28042025,,false,0,,,,,dentro,0.00,3,0,3,LAV0065-00-2021|LAM5284|LAM1082,ÁREA DE PERFORACION EXPLORATORIA VIM-33|ÁREA DE PERFORACIÓN EXPLORATORIA BLOQUE SSJN-9|OLEODUCTO CAÑO LIMÓN-COVEÑAS,CNE OIL & GAS S.A.S.|MAUREL & PROM COLOMBIA B.V.|CENIT S.A.S,poligono|linea,mas_de_5_km,,0,,,,,,
1c66865ddb10e214e7623a27,2026-10-05T14:02-05:00,2026-10-05T19:02:00Z,2026-10-05,6.78295,-73.73123,VIIRS-Suomi-NPP,Suomi-NPP,VIIRS,58.3,20.4,3,Nominal,D,0.32,0.55,true,false,Puntos_de_calor_Colombia_2026-10-05.csv,2026-10-06T06:27:43Z,68,Santander,68689,San Vicente De Chucurí,asignado,cache_geometrico,false,0,,,,asignado,243,"2.4.3. Mosaico de cultivos, pastos y espacios naturales",2,24,243,,,,SI,Landsat_2024_mediana_28042025,,false,0,,,,,dentro,0.00,6,0,6,LAM2249|LAM1832|LAM2216|LAV0068-00-2016,"SUPERINTENDENCIA DE MARES CAMPO LA CIRA-INFANTAS: SAN LUIS, AGUAS BLANCAS, TENERIFE, COLORADO, MORENAS Y MOSQUETEROS 1-7|AREA DE PERFORACION EXPLORATORIA LLORIQUIES|LÍNEA DE TRANSMISIÓN A 230 KV PRIMAVERA-GUATIGUARÁ-TASAJERO|BLOQUE DE PERFORACIÓN EXPLORATORIA LLORIQUÍES 1.|LÍNEA DE TRANSMISIÓN ASOCIADA A LA CONEXIÓN PORCE III – SOGAMOSO A 500 KV|LÍNEA DE TRANSMISIÓN ASOCIADA A LA CONEXIÓN PORCE III- SOGAMOSO A 500 KV",ECOPETROL S.A.|INTERCONEXION ELECTRICA S.A. E.S.P. ISA|INTERCONEXIÓN ELÉCTRICA S.A. E.S.P. - ISA|INTERCONEXION ELECTRICA S.A. E.S.P.,poligono|linea|punto,dentro,0.00,2,0235|0740,MAGDALENA MEDIO|AGUAS BLANCAS,MAGDALENA MEDIO|AGUAS BLANCAS,ECOPETROL S.A.|PAREX RESOURCES (COLOMBIA) AG,PRODUCCION,CONVENIO DE EXPLOTACION
1c91a6aa77718786925e24dd,2026-10-05T14:02-05:00,2026-10-05T19:02:00Z,2026-10-05,7.03304,-74.35757,VIIRS-Suomi-NPP,Suomi-NPP,VIIRS,60.2,20.8,3.6,Nominal,D,0.58,0.52,true,false,Puntos_de_calor_Colombia_2026-10-05.csv,2026-10-06T06:27:43Z,05,Antioquia,05604,Remedios,asignado,cache_geometrico,false,0,,,,asignado,231,2.3.1. Pastos limpios,2,23,231,,,,SI,Landsat_2024_mediana_28042025,"Sentinel_2024_mediana_11042025, GoogleEarth, Basemap",false,0,,,,,mas_de_5_km,,0,0,0,,,,,mas_de_5_km,,0,,,,,,
21340a4a9de6df6ef2dde26f,2026-10-05T14:02-05:00,2026-10-05T19:02:00Z,2026-10-05,7.30451,-74.00597,VIIRS-Suomi-NPP,Suomi-NPP,VIIRS,65.6,18.8,11.2,Nominal,D,0.62,0.54,true,false,Puntos_de_calor_Colombia_2026-10-05.csv,2026-10-06T06:27:43Z,13,Bolívar,13160,Cantagallo,asignado,cache_geometrico,false,0,,,,asignado,245,2.4.5. Mosaico de cultivos con espacios naturales,2,24,245,,,,SI,Landsat_2024_mediana_28042025,Sentinel_2024_mediana_11042025,false,0,,,,,mas_de_5_km,,0,0,0,,,,,entre_1_y_5_km,1694.09,1,0235,MAGDALENA MEDIO,MAGDALENA MEDIO,ECOPETROL S.A.,PRODUCCION,CONVENIO DE EXPLOTACION
22b976f048bc398bae1af59c,2026-10-05T14:02-05:00,2026-10-05T19:02:00Z,2026-10-05,6.09947,-74.63039,VIIRS-Suomi-NPP,Suomi-NPP,VIIRS,75,24.7,8,Nominal,D,0.54,0.51,true,false,Puntos_de_calor_Colombia_2026-10-05.csv,2026-10-06T06:27:43Z,05,Antioquia,05585,Puerto Nare,asignado,cache_geometrico,false,0,,,,asignado,411,4.1.1. Zonas pantanosas,4,41,411,,,,SI,Landsat_2024_mediana_28042025,,false,0,,,,,dentro,0.00,12,0,12,LAM4083|LAM2375|LAM6817-00|LAM6358|LAM2121|LAM0242|LAM1252|LAM1913|LAM4128|LAM0785,"Área de Interés de Perforación Exploratoria Bloque El Remanso|RED FERREA DEL ATLANTICO, REHABILITACION, CONSERVACION Y MANTENIMIENTO DE RED FERREA EN LOS SECTORES DE BOGOTA - SANTA MARTA, BOGOTA -  BELENCITO, LA CARO – LENGUAZAQUE, BELLO - PUERTO BERRIO|CONTRATO VE-313-2017 ENTRE AGENCIA NACIONAL DE INFRAESTRUCTURA – ANI Y CONSORCIO IBINES FÉRREO CIF|CONTRATO DE ASOCIACIÓN COCORNÁ - CAMPO TECA.|BLOQUE COLIBRI (ANTES BLOQUE LA MIEL)|EXPLOTACION PETROLERA EN EL CAMPO DE PRODUCCION NARE, TECA Y COCORNA. DEMA- PERFORACION DE QUINCE POZOS DE DESARROLLO NARE Y COCORNÁ. PERFORACION SEIS POZOS DE DESARROLLO CAMPOS TECA Y NERA|LÍNEA SUBESTACIÓN COMUNEROS – CAMPO 22 A 230 KV Y OBRAS ASOCIADAS|CAMPO JAZMIN (NARE-NORTE)|OLEODUCTO VELASQUEZ - GALAN|VARIANTE DEL PROPANODUCTO GALÁN – CANTIMPLORA, POLIDUCTO GALÁN – SEBASTOPOL.",COMTROL COLOMBIA S.A.|FERROCARRILES DEL NORTE DE COLOMBIA S.A FENOCO S.A|Agencia Nacional de Infraestructura - ANI|ECOPETROL S.A.|ALPHA CONSULTORES LTDA.|MANSAROVAR ENERGY COLOMBIA LTD|INTERCONEXION ELECTRICA S.A. E.S.P. ISA|ECOPETROL S.A,poligono|linea,dentro,0.00,3,0131|0356|0012,EL REMANSO|TECA COCORNA|NARE,NO APLICA|TECA COCORNA|NARE,COMTROL COLOMBIA S A|ECOPETROL S.A.,EXPLORACION|PRODUCCION,CONTRATO DE EXPLORACION Y PRODUCCION (E&P)|CONVENIO DE EXPLOTACION|CONVENIO DE EXPLORACION Y PRODUCCION (E&P)
2806574be8b71d58cbe067f1,2026-10-05T14:02-05:00,2026-10-05T19:02:00Z,2026-10-05,6.93613,-74.05293,VIIRS-Suomi-NPP,Suomi-NPP,VIIRS,63.7,22.5,23.8,Nominal,D,0.61,0.53,true,false,Puntos_de_calor_Colombia_2026-10-05.csv,2026-10-06T06:27:43Z,05,Antioquia,05893,Yondó,asignado,cache_geometrico,false,0,,,,asignado,233,2.3.3. Pastos enmalezados,2,23,233,,,,SI,Landsat_2024_mediana_28042025,Sentinel_2024_mediana_11042025,false,0,,,,,mas_de_5_km,,0,0,0,,,,,entre_1_y_5_km,1275.21,1,0235,MAGDALENA MEDIO,MAGDALENA MEDIO,ECOPETROL S.A.,PRODUCCION,CONVENIO DE EXPLOTACION
28faa296f3fc02c14c3905ac,2026-10-05T14:02-05:00,2026-10-05T19:02:00Z,2026-10-05,7.03892,-74.12013,VIIRS-Suomi-NPP,Suomi-NPP,VIIRS,67,21.1,13.7,Nominal,D,0.61,0.53,true,false,Puntos_de_calor_Colombia_2026-10-05.csv,2026-10-06T06:27:43Z,05,Antioquia,05893,Yondó,asignado,cache_geometrico,false,0,,,,asignado,3232,3.2.3.2. Vegetación secundaria baja,3,32,323,3232,,,SI,Landsat_2024_mediana_28042025,Sentinel_2024_mediana_11042025,false,0,,,,,mas_de_5_km,,0,0,0,,,,,mas_de_5_km,,0,,,,,,
2b268d42fafc1eec4e984e2f,2026-10-05T14:02-05:00,2026-10-05T19:02:00Z,2026-10-05,9.00723,-73.98761,VIIRS-Suomi-NPP,Suomi-NPP,VIIRS,61.5,20.4,2.4,Nominal,D,0.33,0.55,true,false,Puntos_de_calor_Colombia_2026-10-05.csv,2026-10-06T06:27:43Z,47,Magdalena,47245,El Banco,asignado,cache_geometrico,false,0,,,,asignado,411,4.1.1. Zonas pantanosas,4,41,411,,,,SI,Landsat_2024_mediana_28042025,<Null>,false,0,,,,,hasta_1_km,914.96,5,0,5,LAM0862|LAV0074-00-2021,"COMBUSTOLEODUCTO AYACUCHO - RETIRO - COVEÑAS|SISTEMA DE TRANSPORTE DE HIDROCARBUROS, COMBUSTOLEODUCTO GALÁN-AYACUCHO-COVEÑAS-CARTAGENA, TRAMO AYACUCHO-COVEÑAS DE 16” ENTRE LOS PK 59+000 Y PK 63+676",ECOPETROL S.A.|CENIT TRANSPORTE Y LOGISTICA DE HIDROCARBUROS S.A.S|CENIT S.A.S,linea|poligono,mas_de_5_km,,0,,,,,,
2ecbcb9923e0dad3c1e9753f,2026-10-05T14:02-05:00,2026-10-05T19:02:00Z,2026-10-05,10.13391,-73.94152,VIIRS-Suomi-NPP,Suomi-NPP,VIIRS,72.7,19.8,5.9,Nominal,D,0.34,0.56,true,false,Puntos_de_calor_Colombia_2026-10-05.csv,2026-10-06T06:27:43Z,20,Cesar,20238,El Copey,asignado,cache_geometrico,false,0,,,,asignado,244,2.4.4. Mosaico de pastos con espacios naturales,2,24,244,,,,SI,Landsat_2024_mediana_28042025,,false,0,,,,,hasta_1_km,206.92,19,0,19,LAM2941|LAV0051-00-2021|LAV0009-00-2018|LAV0038-00-2015|LAV0031-00-2024|LAV0032-00-2025|LAV0060-00-2022|LAM0832,"LÍNEA DE TRANSMISIÓN A 500 KV, CIRCUITO SENCILLO BOLIVAR – COPY – OCAÑA – PRIMAVERA Y ASOCIADAS|Interconexión Cuestecitas - Copey - Fundación 500/220 mil voltios|REFUERZO COSTA CARIBE 500KV: LÍNEA DE TRANSMISIÓN CERROMATOSO – CHINÚ – COPEY 500 kV|LÍNEA DE TRANSMISIÓN CERROMATOSO – CHINÚ – COPEY 500 kV|RUTA DEL SOL SECTOR 3 - CONSTRUCCIÓN SEGUNDA CALZADA DE VALLEDUPAR - BOSCONIA - YE DE CIÉNAGA|PARQUE SOLAR FOTOVOLTAICO EL COPEY 200MW Y SU LINEA DE TRANSMISIÓN 220Kv|PARQUE SOLAR LAS PALMERAS|LÍNEA DE TRANSMISIÓN COPEY DE 100 DEL VERANO|AMPLIACIÓN DE POLIDUCTOS POZOS COLORADOS – AYACUCHO",INTERCONEXION ELECTRICA S.A. E.S.P.|INTERCONEXIÓN ELÉCTRICA S.A. E.S.P. - ISA|INTERCONEXIÓN ELÉCTRICA S.A. - ISA|YUMA CONCESIONARIA S.A.|PARQUE SOLAR FOTOVOLTAICO EL COPEY S.A.S.|GENERADORA SAN JOAQUIN S.A.S. E.S.P|VERANO CAPITAL COLOMBIA S.A.S.|ECOPETROL S.A.,linea|poligono,mas_de_5_km,,0,,,,,,
3157a923f9e05b46ce84f98f,2026-10-05T14:02-05:00,2026-10-05T19:02:00Z,2026-10-05,9.30537,-74.10935,VIIRS-Suomi-NPP,Suomi-NPP,VIIRS,93.9,23.5,11.1,Alta,D,0.33,0.55,true,false,Puntos_de_calor_Colombia_2026-10-05.csv,2026-10-06T06:27:43Z,47,Magdalena,47318,Guamal,asignado,cache_geometrico,false,0,,,,asignado,231,2.3.1. Pastos limpios,2,23,231,,,,SI,Landsat_2024_mediana_28042025,,false,0,,,,,dentro,0.00,3,0,3,LAV0065-00-2021|LAM5284|LAM1082,ÁREA DE PERFORACION EXPLORATORIA VIM-33|ÁREA DE PERFORACIÓN EXPLORATORIA BLOQUE SSJN-9|OLEODUCTO CAÑO LIMÓN-COVEÑAS,CNE OIL & GAS S.A.S.|MAUREL & PROM COLOMBIA B.V.|CENIT S.A.S,poligono|linea,mas_de_5_km,,0,,,,,,
34be192b4a9f25d548373719,2026-10-05T14:02-05:00,2026-10-05T19:02:00Z,2026-10-05,7.19218,-74.6182,VIIRS-Suomi-NPP,Suomi-NPP,VIIRS,66.5,15.5,11.3,Nominal,D,0.56,0.52,true,false,Puntos_de_calor_Colombia_2026-10-05.csv,2026-10-06T06:27:43Z,05,Antioquia,05736,Segovia,asignado,cache_geometrico,false,0,,,,asignado,231,2.3.1. Pastos limpios,2,23,231,,,,SI,Landsat_2024_mediana_28042025,,true,1,500449,,Exploración,MINERALES DE ORO Y SUS CONCENTRADOS,mas_de_5_km,,0,0,0,,,,,mas_de_5_km,,0,,,,,,
3e9c71644bd1c5a2f1afa9d1,2026-10-05T14:02-05:00,2026-10-05T19:02:00Z,2026-10-05,9.30296,-74.11124,VIIRS-Suomi-NPP,Suomi-NPP,VIIRS,93.9,23.4,6.1,Alta,D,0.33,0.55,true,false,Puntos_de_calor_Colombia_2026-10-05.csv,2026-10-06T06:27:43Z,47,Magdalena,47318,Guamal,asignado,cache_geometrico,false,0,,,,asignado,231,2.3.1. Pastos limpios,2,23,231,,,,SI,Landsat_2024_mediana_28042025,,false,0,,,,,dentro,0.00,3,0,3,LAV0065-00-2021|LAM5284|LAM1082,ÁREA DE PERFORACION EXPLORATORIA VIM-33|ÁREA DE PERFORACIÓN EXPLORATORIA BLOQUE SSJN-9|OLEODUCTO CAÑO LIMÓN-COVEÑAS,CNE OIL & GAS S.A.S.|MAUREL & PROM COLOMBIA B.V.|CENIT S.A.S,poligono|linea,mas_de_5_km,,0,,,,,,
4244e6d21000fa5ed0ff9e8e,2026-10-05T14:02-05:00,2026-10-05T19:02:00Z,2026-10-05,9.76292,-73.47421,VIIRS-Suomi-NPP,Suomi-NPP,VIIRS,63.1,21.7,3.9,Nominal,D,0.37,0.58,true,false,Puntos_de_calor_Colombia_2026-10-05.csv,2026-10-06T06:27:43Z,20,Cesar,20013,Agustín Codazzi,asignado,cache_geometrico,false,0,,,,asignado,1313,1.3.1.3. Explotación de carbón,1,13,131,1313,,,SI,Landsat_2024_mediana_28042025,,true,1,144-97,(8000213085) DRUMMOND LTDA.\ (8300377743) DRUMMOND COAL MINING L L C,Explotación,"ANTRACITA, CARBÓN METALÚRGICO, CARBÓN TÉRMICO",dentro,0.00,14,0,14,LAM3271|LAM3308,"EXPLOTACIÓN CARBONÍFERA DESCANSO NORTE|EXPLOTACIÓN MINERA EN LAS ÁREAS DE LOS CONTRATOS 144/97 ""EL DESCANSO"", 283/95 ""SIMILOA"" Y 284/95 ""RINCÓN HONDO"".|EXPLORACIÓN DE HIDROCARBUROS (GAS Y PETRÓLEO) Y GAS METANO ASOCIADO A CARBON DENOMINADO LA LOMA",DRUMMOND LTDA.|DRUMMOND LTD.|DRUMMOND LTD,poligono,dentro,0.00,3,0372|0379|0075,CR 4|LA LOMA ADICIONAL|LA LOMA,NO APLICA|PAUJIL-CANARIO|LA LOMA,"DRUMMOND ENERGY, INC",EXPLORACION|EVALUACION|PRODUCCION,CONTRATO DE EXPLORACION Y PRODUCCION (E&P)|CONTRATO DE EXPLORACION Y EXPLOTACION (E&E)
470d737ca700433318d1c06a,2026-10-05T14:02-05:00,2026-10-05T19:02:00Z,2026-10-05,7.07807,-74.42437,VIIRS-Suomi-NPP,Suomi-NPP,VIIRS,68.1,20.8,6.4,Nominal,D,0.58,0.52,true,false,Puntos_de_calor_Colombia_2026-10-05.csv,2026-10-06T06:27:43Z,05,Antioquia,05604,Remedios,asignado,cache_geometrico,false,0,,,,asignado,31111,3.1.1.1.1. Bosque denso alto de tierra firme,3,31,311,3111,31111,,SI,Landsat_2024_mediana_28042025,,false,0,,,,,mas_de_5_km,,0,0,0,,,,,mas_de_5_km,,0,,,,,,
5017956821650f45f13fbf57,2026-10-05T14:02-05:00,2026-10-05T19:02:00Z,2026-10-05,7.30404,-74.00911,VIIRS-Suomi-NPP,Suomi-NPP,VIIRS,78.4,19.6,19.1,Nominal,D,0.62,0.54,true,false,Puntos_de_calor_Colombia_2026-10-05.csv,2026-10-06T06:27:43Z,13,Bolívar,13160,Cantagallo,asignado,cache_geometrico,false,0,,,,asignado,245,2.4.5. Mosaico de cultivos con espacios naturales,2,24,245,,,,SI,Landsat_2024_mediana_28042025,Sentinel_2024_mediana_11042025,false,0,,,,,mas_de_5_km,,0,0,0,,,,,entre_1_y_5_km,1959.48,1,0235,MAGDALENA MEDIO,MAGDALENA MEDIO,ECOPETROL S.A.,PRODUCCION,CONVENIO DE EXPLOTACION
5153152b836279c6df556a29,2026-10-05T14:02-05:00,2026-10-05T19:02:00Z,2026-10-05,6.54514,-73.79121,VIIRS-Suomi-NPP,Suomi-NPP,VIIRS,56.9,20.7,3.5,Nominal,D,0.63,0.54,true,false,Puntos_de_calor_Colombia_2026-10-05.csv,2026-10-06T06:27:43Z,68,Santander,68385,Landázuri,asignado,cache_geometrico,false,0,,,,asignado,231,2.3.1. Pastos limpios,2,23,231,,,,SI,Landsat_2024_mediana_28042025,,false,0,,,,,mas_de_5_km,,0,0,0,,,,,entre_1_y_5_km,4661.21,1,0511,VMM 10-1,NO APLICA,CNE OIL & GAS S A S,EXPLORACION,CONTRATO DE EXPLORACION Y PRODUCCION (E&P)
574cea20cd608c8f203790aa,2026-10-05T14:02-05:00,2026-10-05T19:02:00Z,2026-10-05,8.59932,-73.49744,VIIRS-Suomi-NPP,Suomi-NPP,VIIRS,59.7,18.6,5,Nominal,D,0.35,0.57,true,false,Puntos_de_calor_Colombia_2026-10-05.csv,2026-10-06T06:27:43Z,54,Norte De Santander,54245,El Carmen,asignado,cache_geometrico,false,0,,,,asignado,231,2.3.1. Pastos limpios,2,23,231,,,,SI,Landsat_2024_mediana_28042025,GoogleEarth,true,1,BLOQUE 420,,,ZONAS RESERVADAS CON POTENCIAL - BLOQUE 420,hasta_1_km,263.66,2,0,2,LAM1082|LAM2941,"OLEODUCTO CAÑO LIMÓN-COVEÑAS|LÍNEA DE TRANSMISIÓN A 500 KV, CIRCUITO SENCILLO BOLIVAR – COPY – OCAÑA – PRIMAVERA Y ASOCIADAS",CENIT S.A.S|INTERCONEXION ELECTRICA S.A. E.S.P.,linea,mas_de_5_km,,0,,,,,,
5e328247e68bd722449cddc2,2026-10-05T14:02-05:00,2026-10-05T19:02:00Z,2026-10-05,6.49767,-73.69123,VIIRS-Suomi-NPP,Suomi-NPP,VIIRS,93.9,20.5,12.5,Alta,D,0.32,0.54,true,false,Puntos_de_calor_Colombia_2026-10-05.csv,2026-10-06T06:27:43Z,68,Santander,68861,Vélez,asignado,cache_geometrico,true,1,473,Serranía de los Yariguíes,Distritos Regionales de Manejo Integrado,asignado,3232,3.2.3.2. Vegetación secundaria baja,3,32,323,3232,,,SI,Landsat_2024_mediana_28042025,,false,0,,,,,entre_1_y_5_km,3188.51,1,0,1,LAV0033-00-2016,SUBESTACIÓN NORTE 500 KV Y LÍNEAS DE TRANSMISIÓN NORTE - TEQUENDAMA 500 KV Y NORTE SOGAMOSO 500 KV - UPME 01 DE 2013,Empresa de Energía de Bogotá S.A. ESP,linea,mas_de_5_km,,0,,,,,,
7c336749a6d57cec8c6fa724,2026-10-05T14:02-05:00,2026-10-05T19:02:00Z,2026-10-05,7.30367,-74.01181,VIIRS-Suomi-NPP,Suomi-NPP,VIIRS,66.3,19.6,9.3,Nominal,D,0.62,0.54,true,false,Puntos_de_calor_Colombia_2026-10-05.csv,2026-10-06T06:27:43Z,13,Bolívar,13160,Cantagallo,asignado,cache_geometrico,false,0,,,,asignado,245,2.4.5. Mosaico de cultivos con espacios naturales,2,24,245,,,,SI,Landsat_2024_mediana_28042025,Sentinel_2024_mediana_11042025,false,0,,,,,mas_de_5_km,,0,0,0,,,,,entre_1_y_5_km,2207.75,1,0235,MAGDALENA MEDIO,MAGDALENA MEDIO,ECOPETROL S.A.,PRODUCCION,CONVENIO DE EXPLOTACION
80277e8bb9d1388fa5bbb1f7,2026-10-05T14:02-05:00,2026-10-05T19:02:00Z,2026-10-05,10.97865,-72.72443,VIIRS-Suomi-NPP,Suomi-NPP,VIIRS,57.5,23.2,5.7,Nominal,D,0.43,0.62,true,false,Puntos_de_calor_Colombia_2026-10-05.csv,2026-10-06T06:27:43Z,44,La Guajira,44078,Barrancas,asignado,cache_geometrico,false,0,,,,asignado,1313,1.3.1.3. Explotación de carbón,1,13,131,1313,,,SI,Landsat_2024_mediana_28042025,"GoogleEarth, Basemap",true,1,081-91,(8600698042) CARBONES DEL CERREJON - CERREJON CDC C DEL C,Explotación,"ANTRACITA, CARBÓN METALÚRGICO, CARBÓN TÉRMICO",dentro,0.00,14,0,14,LAM0683|LAM1094|LAV0051-00-2021|LAM4538,"BLOQUE EXPLORATORIO PATILLAL NORESTE|PROYECTO MINERO DE EXPLOTACIÓN DE EXPLOTACIÓN DE CARBÓN BLOQUE CENTRAL DEL CERREJÓN ZONA NORTE. MINA EL CERREJÓN (ÁREAS INTEGRADAS).|ÁREA DE PERFORACIÓN EXPLORATORIA DEL RÍO RANCHERÍA POZOS PATILLAL 2,3,4 Y 5|Interconexión Cuestecitas - Copey - Fundación 500/220 mil voltios",DRUMMOND LTD|CARBONES DEL CERREJÓN LTD.|INTERCONEXION ELECTRICA S.A. E.S.P.,poligono|punto|linea,dentro,0.00,2,0040|0380,RIO RANCHERIA|CR 2,NO APLICA,"DRUMMOND ENERGY, INC",EXPLORACION,CONTRATO DE ASOCIACION CON ECOPETROL|CONTRATO DE EXPLORACION Y PRODUCCION (E&P)
8aca90a40c94c468786d4e48,2026-10-05T14:02-05:00,2026-10-05T19:02:00Z,2026-10-05,6.99559,-74.32146,VIIRS-Suomi-NPP,Suomi-NPP,VIIRS,71,23.2,146.4,Nominal,D,0.59,0.53,true,false,Puntos_de_calor_Colombia_2026-10-05.csv,2026-10-06T06:27:43Z,05,Antioquia,05604,Remedios,asignado,cache_geometrico,false,0,,,,asignado,244,2.4.4. Mosaico de pastos con espacios naturales,2,24,244,,,,SI,Landsat_2024_mediana_28042025,,false,0,,,,,mas_de_5_km,,0,0,0,,,,,mas_de_5_km,,0,,,,,,
9c9335d7bc9b35dcf67fcfc7,2026-10-05T14:02-05:00,2026-10-05T19:02:00Z,2026-10-05,8.80187,-73.61683,VIIRS-Suomi-NPP,Suomi-NPP,VIIRS,57.6,20.4,,Nominal,D,0.35,0.57,true,false,Puntos_de_calor_Colombia_2026-10-05.csv,2026-10-06T06:27:43Z,20,Cesar,20550,Pelaya,asignado,cache_geometrico,false,0,,,,asignado,244,2.4.4. Mosaico de pastos con espacios naturales,2,24,244,,,,SI,Landsat_2024_mediana_28042025,GoogleEarth,true,1,LFL-08551,(5132271) JULIO CESAR OÑATE MARTINEZ,Explotación,"ARENAS, GRAVAS",entre_1_y_5_km,4526.50,1,0,1,LAM2941,"LÍNEA DE TRANSMISIÓN A 500 KV, CIRCUITO SENCILLO BOLIVAR – COPY – OCAÑA – PRIMAVERA Y ASOCIADAS",INTERCONEXION ELECTRICA S.A. E.S.P.,linea,mas_de_5_km,,0,,,,,,
b0dcbdd94f176dd06705ad49,2026-10-05T14:02-05:00,2026-10-05T19:02:00Z,2026-10-05,10.97406,-72.72809,VIIRS-Suomi-NPP,Suomi-NPP,VIIRS,59.5,23.4,4.1,Nominal,D,0.43,0.62,true,false,Puntos_de_calor_Colombia_2026-10-05.csv,2026-10-06T06:27:43Z,44,La Guajira,44078,Barrancas,asignado,cache_geometrico,false,0,,,,asignado,1313,1.3.1.3. Explotación de carbón,1,13,131,1313,,,SI,Landsat_2024_mediana_28042025,"GoogleEarth, Basemap",true,1,081-91,(8600698042) CARBONES DEL CERREJON - CERREJON CDC C DEL C,Explotación,"ANTRACITA, CARBÓN METALÚRGICO, CARBÓN TÉRMICO",dentro,0.00,13,0,13,LAM0683|LAM1094|LAV0051-00-2021|LAM4538,"BLOQUE EXPLORATORIO PATILLAL NORESTE|PROYECTO MINERO DE EXPLOTACIÓN DE EXPLOTACIÓN DE CARBÓN BLOQUE CENTRAL DEL CERREJÓN ZONA NORTE. MINA EL CERREJÓN (ÁREAS INTEGRADAS).|ÁREA DE PERFORACIÓN EXPLORATORIA DEL RÍO RANCHERÍA POZOS PATILLAL 2,3,4 Y 5|Interconexión Cuestecitas - Copey - Fundación 500/220 mil voltios",DRUMMOND LTD|CARBONES DEL CERREJÓN LTD.|INTERCONEXION ELECTRICA S.A. E.S.P.,poligono|punto|linea,dentro,0.00,2,0040|0380,RIO RANCHERIA|CR 2,NO APLICA,"DRUMMOND ENERGY, INC",EXPLORACION,CONTRATO DE ASOCIACION CON ECOPETROL|CONTRATO DE EXPLORACION Y PRODUCCION (E&P)
b8492e00a8df7bbdb7b9044e,2026-10-05T14:02-05:00,2026-10-05T19:02:00Z,2026-10-05,8.45914,-73.259,VIIRS-Suomi-NPP,Suomi-NPP,VIIRS,76.3,20.2,4.6,Nominal,D,0.36,0.58,true,false,Puntos_de_calor_Colombia_2026-10-05.csv,2026-10-06T06:27:43Z,54,Norte De Santander,54670,San Calixto,asignado,cache_geometrico,false,0,,,,asignado,233,2.3.3. Pastos enmalezados,2,23,233,,,,SI,Landsat_2024_mediana_28042025,GoogleEarth,false,0,,,,,mas_de_5_km,,0,0,0,,,,,mas_de_5_km,,0,,,,,,
c7c363824d6b9ad4caa70e39,2026-10-05T14:02-05:00,2026-10-05T19:02:00Z,2026-10-05,6.47757,-73.87444,VIIRS-Suomi-NPP,Suomi-NPP,VIIRS,58.1,20.4,3.9,Nominal,D,0.62,0.54,true,false,Puntos_de_calor_Colombia_2026-10-05.csv,2026-10-06T06:27:43Z,68,Santander,68190,Cimitarra,asignado,cache_geometrico,false,0,,,,asignado,231,2.3.1. Pastos limpios,2,23,231,,,,SI,Landsat_2024_mediana_28042025,,false,0,,,,,entre_1_y_5_km,2053.82,2,0,2,LAM0569|LAM0389,LICENCIA AMBIENTAL ORDINARIA PARA EL BLOQUE DE PERFORACION EXPLORATORIA DEL POZO OPON-5|GASODUCTO OPON BARRANCABERMEJA,GAS PETROLEO Y DERIVADOS DE COLOMBIA S.A. - PETROCOLOMBIA S.A.|ECOPETROL S.A.,poligono|linea,dentro,0.00,2,0511|0019,VMM 10-1|OPON,NO APLICA,CNE OIL & GAS S A S|SAINT–AUBIN INTERNATIONAL S.A.S.,EXPLORACION|PRODUCCION,CONTRATO DE EXPLORACION Y PRODUCCION (E&P)|CONTRATO DE ASOCIACION CON ECOPETROL
c85209337f3865eab8302c59,2026-10-05T14:02-05:00,2026-10-05T19:02:00Z,2026-10-05,8.46135,-73.26042,VIIRS-Suomi-NPP,Suomi-NPP,VIIRS,60.7,19.8,3,Nominal,D,0.36,0.58,true,false,Puntos_de_calor_Colombia_2026-10-05.csv,2026-10-06T06:27:43Z,54,Norte De Santander,54800,Teorama,asignado,cache_geometrico,false,0,,,,asignado,233,2.3.3. Pastos enmalezados,2,23,233,,,,SI,Landsat_2024_mediana_28042025,GoogleEarth,false,0,,,,,mas_de_5_km,,0,0,0,,,,,mas_de_5_km,,0,,,,,,
cb416536eb0ac3448aac7ca4,2026-10-05T14:02-05:00,2026-10-05T19:02:00Z,2026-10-05,7.19211,-74.6198,VIIRS-Suomi-NPP,Suomi-NPP,VIIRS,70.4,17.9,15.1,Nominal,D,0.56,0.52,true,false,Puntos_de_calor_Colombia_2026-10-05.csv,2026-10-06T06:27:43Z,05,Antioquia,05736,Segovia,asignado,cache_geometrico,false,0,,,,asignado,233,2.3.3. Pastos enmalezados,2,23,233,,,,SI,Landsat_2024_mediana_28042025,GoogleEarth,true,1,500449,,Exploración,MINERALES DE ORO Y SUS CONCENTRADOS,mas_de_5_km,,0,0,0,,,,,mas_de_5_km,,0,,,,,,
d09e97d12d7d932e1aa8b95f,2026-10-05T14:02-05:00,2026-10-05T19:02:00Z,2026-10-05,8.46171,-73.25783,VIIRS-Suomi-NPP,Suomi-NPP,VIIRS,59.5,20.8,3,Nominal,D,0.36,0.58,true,false,Puntos_de_calor_Colombia_2026-10-05.csv,2026-10-06T06:27:43Z,54,Norte De Santander,54800,Teorama,asignado,cache_geometrico,false,0,,,,asignado,244,2.4.4. Mosaico de pastos con espacios naturales,2,24,244,,,,SI,Landsat_2024_mediana_28042025,,false,0,,,,,mas_de_5_km,,0,0,0,,,,,mas_de_5_km,,0,,,,,,
d3b4b085c2618a3888be75c9,2026-10-05T14:02-05:00,2026-10-05T19:02:00Z,2026-10-05,9.90463,-74.87627,VIIRS-Suomi-NPP,Suomi-NPP,VIIRS,60.6,21.8,4.6,Nominal,D,0.59,0.53,true,false,Puntos_de_calor_Colombia_2026-10-05.csv,2026-10-06T06:27:43Z,13,Bolívar,13657,San Juan Nepomuceno,asignado,cache_geometrico,false,0,,,,asignado,243,"2.4.3. Mosaico de cultivos, pastos y espacios naturales",2,24,243,,,,SI,Landsat_2024_mediana_28042025,,false,0,,,,,mas_de_5_km,,0,0,0,,,,,entre_1_y_5_km,4530.39,1,0350,VIM 1,NO APLICA,PAREX RESOURCES (COLOMBIA) AG,EXPLORACION,CONTRATO DE EXPLORACION Y PRODUCCION (E&P)
e3744cfd16df57cd9bb609bd,2026-10-05T14:02-05:00,2026-10-05T19:02:00Z,2026-10-05,9.30335,-74.10821,VIIRS-Suomi-NPP,Suomi-NPP,VIIRS,71.2,22.8,6.1,Nominal,D,0.33,0.55,true,false,Puntos_de_calor_Colombia_2026-10-05.csv,2026-10-06T06:27:43Z,47,Magdalena,47318,Guamal,asignado,cache_geometrico,false,0,,,,asignado,231,2.3.1. Pastos limpios,2,23,231,,,,SI,Landsat_2024_mediana_28042025,,false,0,,,,,dentro,0.00,3,0,3,LAV0065-00-2021|LAM5284|LAM1082,ÁREA DE PERFORACION EXPLORATORIA VIM-33|ÁREA DE PERFORACIÓN EXPLORATORIA BLOQUE SSJN-9|OLEODUCTO CAÑO LIMÓN-COVEÑAS,CNE OIL & GAS S.A.S.|MAUREL & PROM COLOMBIA B.V.|CENIT S.A.S,poligono|linea,mas_de_5_km,,0,,,,,,
e8ca8c1cda73b101cc76faac,2026-10-05T14:02-05:00,2026-10-05T19:02:00Z,2026-10-05,7.02979,-74.35928,VIIRS-Suomi-NPP,Suomi-NPP,VIIRS,57.2,21,4.7,Nominal,D,0.58,0.52,true,false,Puntos_de_calor_Colombia_2026-10-05.csv,2026-10-06T06:27:43Z,05,Antioquia,05604,Remedios,asignado,cache_geometrico,false,0,,,,asignado,231,2.3.1. Pastos limpios,2,23,231,,,,SI,Landsat_2024_mediana_28042025,"Sentinel_2024_mediana_11042025, GoogleEarth, Basemap",false,0,,,,,mas_de_5_km,,0,0,0,,,,,mas_de_5_km,,0,,,,,,
ed83ffce7cd274dbb0d3027d,2026-10-05T14:02-05:00,2026-10-05T19:02:00Z,2026-10-05,7.85196,-75.55994,VIIRS-Suomi-NPP,Suomi-NPP,VIIRS,58,20.1,3.8,Nominal,D,0.5,0.49,true,false,Puntos_de_calor_Colombia_2026-10-05.csv,2026-10-06T06:27:43Z,23,Córdoba,23682,San José De Uré,asignado,cache_geometrico,false,0,,,,asignado,233,2.3.3. Pastos enmalezados,2,23,233,,,,SI,Landsat_2024_mediana_28042025,,true,1,L853005,(8600693786) CERRO MATOSO SA,Evaluación técnica anticipada,NIQUEL,entre_1_y_5_km,3956.40,3,0,3,LAV0002-00-2020|LAM1459,EXPLOTACIÓN Y TRANSFORMACIÓN DE FERRONÍQUEL|EXPLORACIÓN TÉCNICA DE UN YACIMIENTO DE NÍQUEL Y OTROS CONCESIBLES EN UN ÁREA OBJETO DE INTERÉS ESPECIFICO,CERRO MATOSO S.A.|CEMENTOS ARGOS S.A.,poligono,mas_de_5_km,,0,,,,,,
eeb1506eaf80d9de5890ddc0,2026-10-05T14:02-05:00,2026-10-05T19:02:00Z,2026-10-05,9.00433,-73.98684,VIIRS-Suomi-NPP,Suomi-NPP,VIIRS,57,21.8,2.2,Nominal,D,0.33,0.55,true,false,Puntos_de_calor_Colombia_2026-10-05.csv,2026-10-06T06:27:43Z,47,Magdalena,47245,El Banco,asignado,cache_geometrico,false,0,,,,asignado,411,4.1.1. Zonas pantanosas,4,41,411,,,,SI,Landsat_2024_mediana_28042025,<Null>,false,0,,,,,entre_1_y_5_km,1224.72,5,0,5,LAM0862|LAV0074-00-2021,"COMBUSTOLEODUCTO AYACUCHO - RETIRO - COVEÑAS|SISTEMA DE TRANSPORTE DE HIDROCARBUROS, COMBUSTOLEODUCTO GALÁN-AYACUCHO-COVEÑAS-CARTAGENA, TRAMO AYACUCHO-COVEÑAS DE 16” ENTRE LOS PK 59+000 Y PK 63+676",ECOPETROL S.A.|CENIT TRANSPORTE Y LOGISTICA DE HIDROCARBUROS S.A.S|CENIT S.A.S,linea|poligono,mas_de_5_km,,0,,,,,,
f8735f251e684d15b6494465,2026-10-05T14:02-05:00,2026-10-05T19:02:00Z,2026-10-05,6.97601,-74.21224,VIIRS-Suomi-NPP,Suomi-NPP,VIIRS,58.4,21.2,6.1,Nominal,D,0.6,0.53,true,false,Puntos_de_calor_Colombia_2026-10-05.csv,2026-10-06T06:27:43Z,05,Antioquia,05893,Yondó,asignado,cache_geometrico,false,0,,,,asignado,244,2.4.4. Mosaico de pastos con espacios naturales,2,24,244,,,,SI,Landsat_2024_mediana_28042025,Sentinel_2024_mediana_11042025,false,0,,,,,mas_de_5_km,,0,0,0,,,,,mas_de_5_km,,0,,,,,,
7870ce9b0bf48b9b2fd06729,2026-10-05T14:17-05:00,2026-10-05T19:17:00Z,2026-10-05,0.37127,-74.01055,VIIRS-NOAA-20,NOAA-20,VIIRS,76.5,14.4,11,Nominal,D,0.7,0.75,true,true,Puntos_de_calor_Colombia_2026-10-05.csv,2026-10-06T06:27:43Z,18,Caquetá,18150,Cartagena Del Chairá,asignado,cache_geometrico,false,0,,,,asignado,31111,3.1.1.1.1. Bosque denso alto de tierra firme,3,31,311,3111,31111,,SI,L9_759_20240115,,false,0,,,,,mas_de_5_km,,0,0,0,,,,,mas_de_5_km,,0,,,,,,
f373ce34b17a5cd5a6d923f4,2026-10-05T14:17-05:00,2026-10-05T19:17:00Z,2026-10-05,-0.59549,-74.36317,VIIRS-NOAA-20,NOAA-20,VIIRS,64.4,16.6,6.3,Nominal,D,0.64,0.72,true,true,Puntos_de_calor_Colombia_2026-10-05.csv,2026-10-06T06:27:43Z,91,Amazonas,91530,Puerto Alegría,asignado,cache_geometrico,false,0,,,,asignado,31111,3.1.1.1.1. Bosque denso alto de tierra firme,3,31,311,3111,31111,,SI,L8_761_20240326,"S2B_MSIL2A_20240628T151729_N0510_R125_T18MWE_20240628T191740, Planet Medres Normalized Analytic 2024-01 Mosaic",false,0,,,,,mas_de_5_km,,0,0,0,,,,,mas_de_5_km,,0,,,,,,
07b893923f60a26dee169c1f,2026-10-05T14:19-05:00,2026-10-05T19:19:00Z,2026-10-05,2.26915,-76.86491,VIIRS-NOAA-20,NOAA-20,VIIRS,75.3,25.4,8,Nominal,D,0.48,0.65,true,true,Puntos_de_calor_Colombia_2026-10-05.csv,2026-10-06T06:27:43Z,19,Cauca,19256,El Tambo,asignado,cache_geometrico,false,0,,,,asignado,244,2.4.4. Mosaico de pastos con espacios naturales,2,24,244,,,,SI,Landsat_2024_mediana_28042025,,false,0,,,,,mas_de_5_km,,0,0,0,,,,,mas_de_5_km,,0,,,,,,
1920e31f0714b445e77d36b1,2026-10-05T14:19-05:00,2026-10-05T19:19:00Z,2026-10-05,2.2147,-76.9476,VIIRS-NOAA-20,NOAA-20,VIIRS,57.3,20.8,4.2,Nominal,D,0.47,0.64,true,true,Puntos_de_calor_Colombia_2026-10-05.csv,2026-10-06T06:27:43Z,19,Cauca,19532,Patía,asignado,cache_geometrico,false,0,,,,asignado,321113,3.2.1.1.1.3.  Herbazal denso de tierra firme con arbustos,3,32,321,3211,32111,321113,SI,Landsat_2024_mediana_28042025,,false,0,,,,,mas_de_5_km,,0,0,0,,,,,mas_de_5_km,,0,,,,,,
2817eb49f5cdca079cee99f4,2026-10-05T14:19-05:00,2026-10-05T19:19:00Z,2026-10-05,0.79169,-76.1709,VIIRS-NOAA-20,NOAA-20,VIIRS,93.9,19.2,23.9,Alta,D,0.5,0.66,true,true,Puntos_de_calor_Colombia_2026-10-05.csv,2026-10-06T06:27:43Z,86,Putumayo,86571,Puerto Guzmán,asignado,cache_geometrico,false,0,,,,asignado,31111,3.1.1.1.1. Bosque denso alto de tierra firme,3,31,311,3111,31111,,SI,L8_959_20240221,,false,0,,,,,entre_1_y_5_km,2789.70,1,0,1,LAM0533,BLOQUE RIO PUTUMAYO (FASE PERFORACION EXPLORATORIA ),RAM PETROLEUM LIMITED,poligono,dentro,0.00,2,0104,MECAYA,NO APLICA|MECAYA,AMERISUR EXPLORACION COLOMBIA LIMITED,EXPLORACION|EVALUACION,CONTRATO DE EXPLORACION Y PRODUCCION (E&P)
28e9bb223f3d365bb7cfd14e,2026-10-05T14:19-05:00,2026-10-05T19:19:00Z,2026-10-05,2.87548,-75.22957,VIIRS-NOAA-20,NOAA-20,VIIRS,80.2,25,72.5,Nominal,D,0.63,0.72,true,true,Puntos_de_calor_Colombia_2026-10-05.csv,2026-10-06T06:27:43Z,41,Huila,41001,Neiva,asignado,cache_geometrico,false,0,,,,asignado,233,2.3.3. Pastos enmalezados,2,23,233,,,,SI,Landsat_2024_mediana_28042025,,false,0,,,,,entre_1_y_5_km,2339.56,6,0,6,LAV0013-00-2026|LAM0999|LAM4416,"PROYECTO SOLAR FOTOVOLTAICO DSE NEIVA 19,9 MWN Y SU LÍNEA DE CONEXIÓN A 34,5 KV|AREA DE CONCESION TELLO 1161|PROYECTO CAMPO TELLO LA JAGUA, LOCALIZADO EN JURISDICCIÓN DEL DEPARTAMENTO DEL HUILA.",DSE NEIVA S.A.S|HOCOL S.A.|ECOPETROL S.A.,linea|poligono,dentro,0.00,1,0546,VSM 13-2,NO APLICA,PAREX RESOURCES (COLOMBIA) AG,EXPLORACION,CONTRATO DE EXPLORACION Y PRODUCCION (E&P)
2a5de4c87c705f4673d7356a,2026-10-05T14:19-05:00,2026-10-05T19:19:00Z,2026-10-05,2.87676,-75.23411,VIIRS-NOAA-20,NOAA-20,VIIRS,81.7,23.2,39.1,Nominal,D,0.63,0.72,true,true,Puntos_de_calor_Colombia_2026-10-05.csv,2026-10-06T06:27:43Z,41,Huila,41001,Neiva,asignado,cache_geometrico,false,0,,,,asignado,233,2.3.3. Pastos enmalezados,2,23,233,,,,SI,Landsat_2024_mediana_28042025,,false,0,,,,,entre_1_y_5_km,1886.46,7,0,7,LAV0013-00-2026|LAM0999|LAM4416|LAV0081-00-2017,"PROYECTO SOLAR FOTOVOLTAICO DSE NEIVA 19,9 MWN Y SU LÍNEA DE CONEXIÓN A 34,5 KV|AREA DE CONCESION TELLO 1161|PROYECTO CAMPO TELLO LA JAGUA, LOCALIZADO EN JURISDICCIÓN DEL DEPARTAMENTO DEL HUILA.|CONSTRUCCIÓN DE LA SEGUNDA CALZADA EN LOS MUNICIPIOS DE RIVERA, NEIVA Y CAMPOALEGRE, DEPARTAMENTO DEL HUILA",DSE NEIVA S.A.S|HOCOL S.A.|ECOPETROL S.A.|CONCESIONARIA ALIADAS PARA EL PROGRESO S.A.S.,linea|poligono,dentro,0.00,1,0546,VSM 13-2,NO APLICA,PAREX RESOURCES (COLOMBIA) AG,EXPLORACION,CONTRATO DE EXPLORACION Y PRODUCCION (E&P)
2bbed3f96887c1a9dddb3fae,2026-10-05T14:19-05:00,2026-10-05T19:19:00Z,2026-10-05,1.25732,-77.49597,VIIRS-NOAA-20,NOAA-20,VIIRS,63.6,20.9,5.4,Nominal,D,0.42,0.61,true,true,Puntos_de_calor_Colombia_2026-10-05.csv,2026-10-06T06:27:43Z,52,Nariño,52207,Consacá,asignado,cache_geometrico,false,0,,,,asignado,22122,2.2.1.2.2. Caña panelera,2,22,221,2212,22122,,SI,Landsat_2024_mediana_28042025,,false,0,,,,,mas_de_5_km,,0,0,0,,,,,mas_de_5_km,,0,,,,,,
2cc781d57fe3be6383752c02,2026-10-05T14:19-05:00,2026-10-05T19:19:00Z,2026-10-05,0.82447,-76.4122,VIIRS-NOAA-20,NOAA-20,VIIRS,93.9,19.4,9,Alta,D,0.49,0.65,true,true,Puntos_de_calor_Colombia_2026-10-05.csv,2026-10-06T06:27:43Z,86,Putumayo,86569,Puerto Caicedo,asignado,cache_geometrico,false,0,,,,asignado,31111,3.1.1.1.1. Bosque denso alto de tierra firme,3,31,311,3111,31111,,SI,L8_959_20240221,,false,0,,,,,mas_de_5_km,,0,0,0,,,,,hasta_1_km,497.67,1,0763,PUT 21,NO APLICA,GRAN TIERRA ENERGY COLOMBIA GMBH,EXPLORACION,CONTRATO DE EXPLORACION Y PRODUCCION (E&P)
3ddba2641b365c5c593c0aad,2026-10-05T14:19-05:00,2026-10-05T19:19:00Z,2026-10-05,2.65017,-75.36935,VIIRS-NOAA-20,NOAA-20,VIIRS,70.6,21,8.1,Nominal,D,0.61,0.71,true,true,Puntos_de_calor_Colombia_2026-10-05.csv,2026-10-06T06:27:43Z,41,Huila,41132,Campoalegre,asignado,cache_geometrico,false,0,,,,asignado,2121,2.1.2.1. Arroz,2,21,212,2121,,,SI,Landsat_2024_mediana_28042025,,true,1,BLOQUE 822,,,ZONAS RESERVADAS CON POTENCIAL - BLOQUE 822,entre_1_y_5_km,4579.66,1,0,1,LAV0007-00-2017,CONSTRUCCIÓN DE LA VARIANTE CAMPOALEGRE,CONCESIONARIA ALIADAS PARA EL PROGRESO S.A.S,linea,dentro,0.00,1,0263,VSM 15,NO APLICA,FLAMINGO OIL S.A.,EXPLORACION,CONTRATO DE EXPLORACION Y PRODUCCION (E&P)
4acc973eb80a75ea0716cb0d,2026-10-05T14:19-05:00,2026-10-05T19:19:00Z,2026-10-05,2.86229,-76.50126,VIIRS-NOAA-20,NOAA-20,VIIRS,57.2,17.9,2.2,Nominal,D,0.52,0.67,true,true,Puntos_de_calor_Colombia_2026-10-05.csv,2026-10-06T06:27:43Z,19,Cauca,19698,Santander De Quilichao,asignado,cache_geometrico,false,0,,,,asignado,242,2.4.2. Mosaico de pastos y cultivos,2,24,242,,,,SI,Landsat_2024_mediana_28042025,,false,0,,,,,entre_1_y_5_km,4961.46,2,0,2,LAV0013-00-2017,"SEGUNDA CALZADA POPAYÁN – SANTANDER DE QUILICHAO, UNIDAD FUNCIONAL 3, PESCADOR - MONDOMO",NUEVO CAUCA S.A.S.,linea,mas_de_5_km,,0,,,,,,
4b6961700b998fbafb904f4b,2026-10-05T14:19-05:00,2026-10-05T19:19:00Z,2026-10-05,2.87469,-75.23512,VIIRS-NOAA-20,NOAA-20,VIIRS,80.3,22.3,36.7,Nominal,D,0.63,0.72,true,true,Puntos_de_calor_Colombia_2026-10-05.csv,2026-10-06T06:27:43Z,41,Huila,41001,Neiva,asignado,cache_geometrico,false,0,,,,asignado,314,3.1.4. Bosque de galería y ripario,3,31,314,,,,SI,Landsat_2024_mediana_28042025,,false,0,,,,,entre_1_y_5_km,1717.59,7,0,7,LAV0013-00-2026|LAV0081-00-2017|LAM0999|LAM4416,"PROYECTO SOLAR FOTOVOLTAICO DSE NEIVA 19,9 MWN Y SU LÍNEA DE CONEXIÓN A 34,5 KV|CONSTRUCCIÓN DE LA SEGUNDA CALZADA EN LOS MUNICIPIOS DE RIVERA, NEIVA Y CAMPOALEGRE, DEPARTAMENTO DEL HUILA|AREA DE CONCESION TELLO 1161|PROYECTO CAMPO TELLO LA JAGUA, LOCALIZADO EN JURISDICCIÓN DEL DEPARTAMENTO DEL HUILA.",DSE NEIVA S.A.S|CONCESIONARIA ALIADAS PARA EL PROGRESO S.A.S.|HOCOL S.A.|ECOPETROL S.A.,linea|poligono,dentro,0.00,1,0546,VSM 13-2,NO APLICA,PAREX RESOURCES (COLOMBIA) AG,EXPLORACION,CONTRATO DE EXPLORACION Y PRODUCCION (E&P)
5ce98f2acfe037a96aa2e50a,2026-10-05T14:19-05:00,2026-10-05T19:19:00Z,2026-10-05,1.87647,-74.00223,VIIRS-NOAA-20,NOAA-20,VIIRS,55.2,16.3,5.9,Nominal,D,0.74,0.76,true,true,Puntos_de_calor_Colombia_2026-10-05.csv,2026-10-06T06:27:43Z,18,Caquetá,18753,San Vicente Del Caguán,asignado,cache_geometrico,false,0,,,,asignado,321111,3.2.1.1.1.1.  Herbazal denso de tierra firme no arbolado,3,32,321,3211,32111,321111,SI,L9_759_20240115,,false,0,,,,,mas_de_5_km,,0,0,0,,,,,mas_de_5_km,,0,,,,,,
6774a768797ff8b6d0e9aa6a,2026-10-05T14:19-05:00,2026-10-05T19:19:00Z,2026-10-05,1.68911,-77.09119,VIIRS-NOAA-20,NOAA-20,VIIRS,69.7,20.4,3.3,Nominal,D,0.45,0.63,true,true,Puntos_de_calor_Colombia_2026-10-05.csv,2026-10-06T06:27:43Z,19,Cauca,19290,Florencia,asignado,cache_geometrico,false,0,,,,asignado,243,"2.4.3. Mosaico de cultivos, pastos y espacios naturales",2,24,243,,,,SI,Landsat_2024_mediana_28042025,,true,1,BLOQUE 568,,,ZONAS RESERVADAS CON POTENCIAL - BLOQUE 568,mas_de_5_km,,0,0,0,,,,,mas_de_5_km,,0,,,,,,
6e4a34149461c9fc69dc691f,2026-10-05T14:19-05:00,2026-10-05T19:19:00Z,2026-10-05,1.25689,-77.49871,VIIRS-NOAA-20,NOAA-20,VIIRS,72.9,23.9,6.7,Nominal,D,0.42,0.61,true,true,Puntos_de_calor_Colombia_2026-10-05.csv,2026-10-06T06:27:43Z,52,Nariño,52207,Consacá,asignado,cache_geometrico,false,0,,,,asignado,22122,2.2.1.2.2. Caña panelera,2,22,221,2212,22122,,SI,Landsat_2024_mediana_28042025,,false,0,,,,,mas_de_5_km,,0,0,0,,,,,mas_de_5_km,,0,,,,,,
6fb9ae334bff1414a50499a1,2026-10-05T14:19-05:00,2026-10-05T19:19:00Z,2026-10-05,3.0542,-76.39297,VIIRS-NOAA-20,NOAA-20,VIIRS,60.4,21,6.3,Nominal,D,0.53,0.67,true,true,Puntos_de_calor_Colombia_2026-10-05.csv,2026-10-06T06:27:43Z,19,Cauca,19142,Caloto,asignado,cache_geometrico,false,0,,,,asignado,22121,2.2.1.2.1. Caña de azúcar,2,22,221,2212,22121,,SI,Landsat_2024_mediana_28042025,,false,0,,,,,mas_de_5_km,,0,0,0,,,,,mas_de_5_km,,0,,,,,,
746d96a45c60e3e57dd22080,2026-10-05T14:19-05:00,2026-10-05T19:19:00Z,2026-10-05,3.61119,-75.14961,VIIRS-NOAA-20,NOAA-20,VIIRS,78,22.5,7.9,Nominal,D,0.66,0.73,true,true,Puntos_de_calor_Colombia_2026-10-05.csv,2026-10-06T06:27:43Z,73,Tolima,73483,Natagaima,asignado,cache_geometrico,false,0,,,,asignado,244,2.4.4. Mosaico de pastos con espacios naturales,2,24,244,,,,SI,Landsat_2024_mediana_28042025,,false,0,,,,,entre_1_y_5_km,1059.61,6,0,6,LAM0304|LAM0022|LAM1312|LAM0069|LAM0170,LÍNEA DE INTERCONEXIÓN ELÉCTRICA BETANIA-MIROLINDO|OLEODUCTO DEL VALLE DEL MAGDALENA TENAY VASCONIA COVEÑAS|Construcción variante El Guamo – variante Espinal y variante Natagaima|OPERACIÓN Y MANTENIMIENTO DEL GASODUCTO CENTRO ORIENTE|POLIDUCTO GUALANDAY NATAGAIMA (CRUCE RIO SALDAÑA),INTERCONEXION ELECTRICA S.A. E.S.P. ISA|HOCOL S.A.|AUTOVÍA NEIVA GIRARDOT S.A.S.|TRANSPORTADORA DE GAS INTERNACIONAL TGI SA ESP|ECOPETROL S.A.,linea,mas_de_5_km,,0,,,,,,
797b2cb8a17be114a162a002,2026-10-05T14:19-05:00,2026-10-05T19:19:00Z,2026-10-05,3.45623,-75.2989,VIIRS-NOAA-20,NOAA-20,VIIRS,61.8,21.2,8.8,Nominal,D,0.64,0.72,true,true,Puntos_de_calor_Colombia_2026-10-05.csv,2026-10-06T06:27:43Z,73,Tolima,73067,Ataco,asignado,cache_geometrico,false,0,,,,asignado,3222,3.2.2.2. Arbustal abierto,3,32,322,3222,,,SI,Landsat_2024_mediana_28042025,,true,1,BLOQUE 691,,,ZONAS RESERVADAS CON POTENCIAL - BLOQUE 691,entre_1_y_5_km,1357.68,1,0,1,LAV0091-13,AREA DE PERFORACIÓN EXPLORATORIA VSM 9 (HUILA - TOLIMA),HOCOL S.A.,poligono,entre_1_y_5_km,4413.88,1,0250,VSM 9,NO APLICA,HOCOL S.A.,EXPLORACION,CONTRATO DE EXPLORACION Y PRODUCCION (E&P)
855d79a981e284fefb652781,2026-10-05T14:19-05:00,2026-10-05T19:19:00Z,2026-10-05,1.84531,-74.06597,VIIRS-NOAA-20,NOAA-20,VIIRS,64.2,16.2,9.2,Nominal,D,0.73,0.76,true,true,Puntos_de_calor_Colombia_2026-10-05.csv,2026-10-06T06:27:43Z,18,Caquetá,18753,San Vicente Del Caguán,asignado,cache_geometrico,false,0,,,,asignado,321111,3.2.1.1.1.1.  Herbazal denso de tierra firme no arbolado,3,32,321,3211,32111,321111,SI,L9_759_20240115,,false,0,,,,,mas_de_5_km,,0,0,0,,,,,mas_de_5_km,,0,,,,,,
8c8d2dc954bc0b8b9269f527,2026-10-05T14:19-05:00,2026-10-05T19:19:00Z,2026-10-05,0.7691,-75.75381,VIIRS-NOAA-20,NOAA-20,VIIRS,63.8,19.4,6.5,Nominal,D,0.54,0.68,true,true,Puntos_de_calor_Colombia_2026-10-05.csv,2026-10-06T06:27:43Z,86,Putumayo,86571,Puerto Guzmán,asignado,cache_geometrico,false,0,,,,asignado,231,2.3.1. Pastos limpios,2,23,231,,,,SI,L8_860_20240129,,false,0,,,,,mas_de_5_km,,0,0,0,,,,,dentro,0.00,1,0237,TERECAY,NO APLICA,AMERISUR EXPLORACION COLOMBIA LIMITED,EXPLORACION,CONTRATO DE EXPLORACION Y PRODUCCION (E&P)
91c74ae2fb2cdafb93747adf,2026-10-05T14:19-05:00,2026-10-05T19:19:00Z,2026-10-05,0.81848,-76.41138,VIIRS-NOAA-20,NOAA-20,VIIRS,60.4,19,9,Nominal,D,0.49,0.65,true,true,Puntos_de_calor_Colombia_2026-10-05.csv,2026-10-06T06:27:43Z,86,Putumayo,86569,Puerto Caicedo,asignado,cache_geometrico,false,0,,,,asignado,31111,3.1.1.1.1. Bosque denso alto de tierra firme,3,31,311,3111,31111,,SI,L8_959_20240221,,false,0,,,,,entre_1_y_5_km,4342.20,1,0,1,LAM2469,PLAN DE MANEJO AMBIENTAL PARA ÁREAS OPERATIVAS DE LA GERENCIA SUR (GSU),ECOPETROL S.A,poligono,hasta_1_km,589.10,2,0763|0172,PUT 21|NORORIENTE,NO APLICA|NORORIENTE,GRAN TIERRA ENERGY COLOMBIA GMBH|ECOPETROL S.A.,EXPLORACION|PRODUCCION,CONTRATO DE EXPLORACION Y PRODUCCION (E&P)|CONVENIO DE EXPLOTACION
94ef14d70f2779d7fb5bb484,2026-10-05T14:19-05:00,2026-10-05T19:19:00Z,2026-10-05,3.05355,-76.39201,VIIRS-NOAA-20,NOAA-20,VIIRS,62.9,20.7,5.1,Nominal,D,0.53,0.67,true,true,Puntos_de_calor_Colombia_2026-10-05.csv,2026-10-06T06:27:43Z,19,Cauca,19142,Caloto,asignado,cache_geometrico,false,0,,,,asignado,22121,2.2.1.2.1. Caña de azúcar,2,22,221,2212,22121,,SI,Landsat_2024_mediana_28042025,,false,0,,,,,mas_de_5_km,,0,0,0,,,,,mas_de_5_km,,0,,,,,,
a73e83fbf419850679aef199,2026-10-05T14:19-05:00,2026-10-05T19:19:00Z,2026-10-05,2.8776,-75.22851,VIIRS-NOAA-20,NOAA-20,VIIRS,93.9,22.7,39.1,Alta,D,0.63,0.72,true,true,Puntos_de_calor_Colombia_2026-10-05.csv,2026-10-06T06:27:43Z,41,Huila,41001,Neiva,asignado,cache_geometrico,false,0,,,,asignado,231,2.3.1. Pastos limpios,2,23,231,,,,SI,Landsat_2024_mediana_28042025,,false,0,,,,,entre_1_y_5_km,2508.99,6,0,6,LAV0013-00-2026|LAM0999|LAM4416,"PROYECTO SOLAR FOTOVOLTAICO DSE NEIVA 19,9 MWN Y SU LÍNEA DE CONEXIÓN A 34,5 KV|AREA DE CONCESION TELLO 1161|PROYECTO CAMPO TELLO LA JAGUA, LOCALIZADO EN JURISDICCIÓN DEL DEPARTAMENTO DEL HUILA.",DSE NEIVA S.A.S|HOCOL S.A.|ECOPETROL S.A.,linea|poligono,dentro,0.00,1,0546,VSM 13-2,NO APLICA,PAREX RESOURCES (COLOMBIA) AG,EXPLORACION,CONTRATO DE EXPLORACION Y PRODUCCION (E&P)
b7a2186856825f2572dd0f07,2026-10-05T14:19-05:00,2026-10-05T19:19:00Z,2026-10-05,2.20997,-76.94833,VIIRS-NOAA-20,NOAA-20,VIIRS,64.5,22,4.2,Nominal,D,0.47,0.64,true,true,Puntos_de_calor_Colombia_2026-10-05.csv,2026-10-06T06:27:43Z,19,Cauca,19532,Patía,asignado,cache_geometrico,false,0,,,,asignado,244,2.4.4. Mosaico de pastos con espacios naturales,2,24,244,,,,SI,Landsat_2024_mediana_28042025,,false,0,,,,,mas_de_5_km,,0,0,0,,,,,mas_de_5_km,,0,,,,,,
c504e5f1c7ce849b417f673d,2026-10-05T14:19-05:00,2026-10-05T19:19:00Z,2026-10-05,3.23854,-75.4762,VIIRS-NOAA-20,NOAA-20,VIIRS,74.8,16.9,13.4,Nominal,D,0.62,0.71,true,true,Puntos_de_calor_Colombia_2026-10-05.csv,2026-10-06T06:27:43Z,41,Huila,41001,Neiva,asignado,cache_geometrico,false,0,,,,asignado,321111,3.2.1.1.1.1.  Herbazal denso de tierra firme no arbolado,3,32,321,3211,32111,321111,SI,Landsat_2024_mediana_28042025,GoogleEarth,true,1,BLOQUE 597,,,ZONAS RESERVADAS CON POTENCIAL - BLOQUE 597,entre_1_y_5_km,4627.33,1,0,1,LAV0091-13,AREA DE PERFORACIÓN EXPLORATORIA VSM 9 (HUILA - TOLIMA),HOCOL S.A.,poligono,dentro,0.00,2,0269|0250,VSM 12|VSM 9,NO APLICA,ALANGE ENERGY CORP|HOCOL S.A.,EXPLORACION,CONTRATO DE EXPLORACION Y PRODUCCION (E&P)
c63a6b8045c498ba992d041f,2026-10-05T14:19-05:00,2026-10-05T19:19:00Z,2026-10-05,1.68167,-74.26069,VIIRS-NOAA-20,NOAA-20,VIIRS,63.2,15.7,5.2,Nominal,D,0.7,0.75,true,true,Puntos_de_calor_Colombia_2026-10-05.csv,2026-10-06T06:27:43Z,18,Caquetá,18753,San Vicente Del Caguán,asignado,cache_geometrico,false,0,,,,asignado,231,2.3.1. Pastos limpios,2,23,231,,,,SI,L8_859_20240410_20240411,,false,0,,,,,mas_de_5_km,,0,0,0,,,,,dentro,0.00,1,0283,SANGRETORO,NO APLICA,CANACOL ENERGY COLOMBIA S.A.S.,EXPLORACION,CONTRATO DE EXPLORACION Y PRODUCCION (E&P)
decfd915fe5dd98b06e78f42,2026-10-05T14:19-05:00,2026-10-05T19:19:00Z,2026-10-05,2.65107,-75.36768,VIIRS-NOAA-20,NOAA-20,VIIRS,76.5,19.9,7.6,Nominal,D,0.61,0.71,true,true,Puntos_de_calor_Colombia_2026-10-05.csv,2026-10-06T06:27:43Z,41,Huila,41132,Campoalegre,asignado,cache_geometrico,false,0,,,,asignado,2121,2.1.2.1. Arroz,2,21,212,2121,,,SI,Landsat_2024_mediana_28042025,,true,1,BLOQUE 822,,,ZONAS RESERVADAS CON POTENCIAL - BLOQUE 822,entre_1_y_5_km,4369.18,1,0,1,LAV0007-00-2017,CONSTRUCCIÓN DE LA VARIANTE CAMPOALEGRE,CONCESIONARIA ALIADAS PARA EL PROGRESO S.A.S,linea,dentro,0.00,2,0263|0546,VSM 15|VSM 13-2,NO APLICA,FLAMINGO OIL S.A.|PAREX RESOURCES (COLOMBIA) AG,EXPLORACION,CONTRATO DE EXPLORACION Y PRODUCCION (E&P)
fa027da7b96ba4ea8da35c1e,2026-10-05T14:19-05:00,2026-10-05T19:19:00Z,2026-10-05,2.26969,-76.86129,VIIRS-NOAA-20,NOAA-20,VIIRS,93.9,22.9,8,Alta,D,0.48,0.65,true,true,Puntos_de_calor_Colombia_2026-10-05.csv,2026-10-06T06:27:43Z,19,Cauca,19256,El Tambo,asignado,cache_geometrico,false,0,,,,asignado,231,2.3.1. Pastos limpios,2,23,231,,,,SI,Landsat_2024_mediana_28042025,,false,0,,,,,mas_de_5_km,,0,0,0,,,,,mas_de_5_km,,0,,,,,,
ac888007a6d5a20904483d79,2026-10-05T15:00-05:00,2026-10-05T20:00:00Z,2026-10-05,1.84295,-74.08817,MODIS-Aqua,Aqua,MODIS,38.7,19.4,40.4,59 %,D,4.19,1.9,true,true,Puntos_de_calor_Colombia_2026-10-05.csv,2026-10-06T06:27:43Z,18,Caquetá,18753,San Vicente Del Caguán,asignado,cache_geometrico,false,0,,,,asignado,321111,3.2.1.1.1.1.  Herbazal denso de tierra firme no arbolado,3,32,321,3211,32111,321111,SI,L9_759_20240115,,false,0,,,,,mas_de_5_km,,0,0,0,,,,,mas_de_5_km,,0,,,,,,
d1415360048d0d9ba4657680,2026-10-05T15:00-05:00,2026-10-05T20:00:00Z,2026-10-05,1.837,-74.0834,MODIS-Aqua,Aqua,MODIS,42.1,19.4,60.1,67 %,D,4.19,1.9,true,true,Puntos_de_calor_Colombia_2026-10-05.csv,2026-10-06T06:27:43Z,18,Caquetá,18753,San Vicente Del Caguán,asignado,cache_geometrico,false,0,,,,asignado,321111,3.2.1.1.1.1.  Herbazal denso de tierra firme no arbolado,3,32,321,3211,32111,321111,SI,L9_759_20240115,,false,0,,,,,mas_de_5_km,,0,0,0,,,,,mas_de_5_km,,0,,,,,,
0a974f8a7c865896a9bb5625,2026-10-05T15:02-05:00,2026-10-05T20:02:00Z,2026-10-05,6.00935,-69.41729,MODIS-Aqua,Aqua,MODIS,67.9,23.2,68.7,91 %,D,1.49,1.2,true,true,Puntos_de_calor_Colombia_2026-10-05.csv,2026-10-06T06:27:43Z,99,Vichada,99524,La Primavera,asignado,cache_geometrico,false,0,,,,asignado,321121,3.2.1.1.2.1. Herbazal denso inundable no arbolado,3,32,321,3211,32112,321121,SI,Landsat_2024_mediana_28042025,GoogleEarth,true,1,TAM-08491,(8000940678) DEPARTAMENTO DEL VICHADA,Sin Información,MATERIALES DE CONSTRUCCIÓN,mas_de_5_km,,0,0,0,,,,,mas_de_5_km,,0,,,,,,
0c5b211881ab46a25ba382f3,2026-10-05T15:02-05:00,2026-10-05T20:02:00Z,2026-10-05,6.36894,-70.44209,MODIS-Aqua,Aqua,MODIS,38.8,21,13.1,34 %,D,1.75,1.3,true,true,Puntos_de_calor_Colombia_2026-10-05.csv,2026-10-06T06:27:43Z,81,Arauca,81220,Cravo Norte,asignado,cache_geometrico,false,0,,,,asignado,321121,3.2.1.1.2.1. Herbazal denso inundable no arbolado,3,32,321,3211,32112,321121,SI,Landsat_2024_mediana_28042025,GoogleEarth,false,0,,,,,mas_de_5_km,,0,0,0,,,,,mas_de_5_km,,0,,,,,,
1215300a9beeb0306bc9a0d6,2026-10-05T15:02-05:00,2026-10-05T20:02:00Z,2026-10-05,4.71978,-71.1731,MODIS-Aqua,Aqua,MODIS,43.5,20.2,28.6,67 %,D,2.15,1.42,true,true,Puntos_de_calor_Colombia_2026-10-05.csv,2026-10-06T06:27:43Z,50,Meta,50568,Puerto Gaitán,asignado,cache_geometrico,false,0,,,,asignado,321111,3.2.1.1.1.1.  Herbazal denso de tierra firme no arbolado,3,32,321,3211,32111,321111,SI,Landsat_2024_mediana_28042025,GoogleEarth,false,0,,,,,dentro,0.00,4,0,4,LAM3338|LAM3798|LAM5088,PERFORACIÓN EXPLORATORIA ÁREA DE INTERÉS CABIONA|AREA DE INTERES DE PERFORACION EXPLORATORIA CABIONA|AREA DE PERFORACION EXPLORATORIA CABIONA NORESTE|AREA DE PERFORACIÓN EXPLORATORIA BLOQUE CPO-3,NEW GRANADA ENERGY CORPORATION SUCURSAL COLOMBIANA|NEW GRANADA ENERGY CORPORATION SUCURSAL COLOMBIA|PLUSPETROL COLOMBIA CORPORATION SUCURSAL COLOMBIANA,poligono,dentro,0.00,1,0072,CABIONA,CABIONA B,NEW GRANADA ENERGY CORPORATION,PRODUCCION,CONTRATO DE EXPLORACION Y EXPLOTACION (E&E)
1db388abc97a80ca4e517898,2026-10-05T15:02-05:00,2026-10-05T20:02:00Z,2026-10-05,4.77772,-70.06503,MODIS-Aqua,Aqua,MODIS,63.9,21.8,71.6,89 %,D,1.75,1.3,true,true,Puntos_de_calor_Colombia_2026-10-05.csv,2026-10-06T06:27:43Z,99,Vichada,99773,Cumaribo,asignado,cache_geometrico,false,0,,,,asignado,321111,3.2.1.1.1.1.  Herbazal denso de tierra firme no arbolado,3,32,321,3211,32111,321111,SI,Landsat_2024_mediana_28042025,GoogleEarth,false,0,,,,,mas_de_5_km,,0,0,0,,,,,mas_de_5_km,,0,,,,,,
27e183b91a4e9298fa2737ec,2026-10-05T15:02-05:00,2026-10-05T20:02:00Z,2026-10-05,4.24409,-70.21998,MODIS-Aqua,Aqua,MODIS,40.5,22.2,13.8,32 %,D,1.83,1.33,true,true,Puntos_de_calor_Colombia_2026-10-05.csv,2026-10-06T06:27:43Z,99,Vichada,99773,Cumaribo,asignado,cache_geometrico,false,0,,,,asignado,321111,3.2.1.1.1.1.  Herbazal denso de tierra firme no arbolado,3,32,321,3211,32111,321111,SI,"Landsat_2024_mediana_28042025, L9_657_20240412","GoogleEarth, BingMaps, Planet Medres Normalized Analytic 2024-01 Mosaic",false,0,,,,,mas_de_5_km,,0,0,0,,,,,mas_de_5_km,,0,,,,,,
3dde913fd8dd86ad7729e310,2026-10-05T15:02-05:00,2026-10-05T20:02:00Z,2026-10-05,5.79328,-69.01746,MODIS-Aqua,Aqua,MODIS,43.7,19.9,13.5,33 %,D,1.4,1.17,true,true,Puntos_de_calor_Colombia_2026-10-05.csv,2026-10-06T06:27:43Z,99,Vichada,99524,La Primavera,asignado,cache_geometrico,false,0,,,,asignado,321111,3.2.1.1.1.1.  Herbazal denso de tierra firme no arbolado,3,32,321,3211,32111,321111,SI,Landsat_2024_mediana_28042025,GoogleEarth,false,0,,,,,mas_de_5_km,,0,0,0,,,,,mas_de_5_km,,0,,,,,,
56b40f2a828035fd669aa168,2026-10-05T15:02-05:00,2026-10-05T20:02:00Z,2026-10-05,4.5529,-69.94909,MODIS-Aqua,Aqua,MODIS,51.2,20.7,38.1,80 %,D,1.73,1.29,true,true,Puntos_de_calor_Colombia_2026-10-05.csv,2026-10-06T06:27:43Z,99,Vichada,99773,Cumaribo,asignado,cache_geometrico,false,0,,,,asignado,314,3.1.4. Bosque de galería y ripario,3,31,314,,,,SI,Landsat_2024_mediana_28042025,"GoogleEarth, BingMaps",false,0,,,,,mas_de_5_km,,0,0,0,,,,,mas_de_5_km,,0,,,,,,
62b93c4798091ba608d968cd,2026-10-05T15:02-05:00,2026-10-05T20:02:00Z,2026-10-05,6.00735,-69.43023,MODIS-Aqua,Aqua,MODIS,51.7,22.9,28.3,79 %,D,1.49,1.21,true,true,Puntos_de_calor_Colombia_2026-10-05.csv,2026-10-06T06:27:43Z,99,Vichada,99524,La Primavera,asignado,cache_geometrico,false,0,,,,asignado,242,2.4.2. Mosaico de pastos y cultivos,2,24,242,,,,SI,Landsat_2024_mediana_28042025,GoogleEarth,false,0,,,,,mas_de_5_km,,0,0,0,,,,,mas_de_5_km,,0,,,,,,
7df2eecbc50c7fc8391124bc,2026-10-05T15:02-05:00,2026-10-05T20:02:00Z,2026-10-05,4.53316,-68.79926,MODIS-Aqua,Aqua,MODIS,43.4,21.8,13.1,55 %,D,1.42,1.18,true,true,Puntos_de_calor_Colombia_2026-10-05.csv,2026-10-06T06:27:43Z,99,Vichada,99773,Cumaribo,asignado,cache_geometrico,false,0,,,,asignado,321121,3.2.1.1.2.1. Herbazal denso inundable no arbolado,3,32,321,3211,32112,321121,SI,L9_457_20240109,Web Maps (Bing/ArcGIS/Google),true,1,BLOQUE 895,,,,mas_de_5_km,,0,0,0,,,,,mas_de_5_km,,0,,,,,,
8a978b8c8a0c60a852ca6542,2026-10-05T15:02-05:00,2026-10-05T20:02:00Z,2026-10-05,5.79515,-69.00528,MODIS-Aqua,Aqua,MODIS,54.4,20.7,31.6,82 %,D,1.4,1.17,true,true,Puntos_de_calor_Colombia_2026-10-05.csv,2026-10-06T06:27:43Z,99,Vichada,99524,La Primavera,asignado,cache_geometrico,false,0,,,,asignado,321111,3.2.1.1.1.1.  Herbazal denso de tierra firme no arbolado,3,32,321,3211,32111,321111,SI,Landsat_2024_mediana_28042025,GoogleEarth,false,0,,,,,mas_de_5_km,,0,0,0,,,,,mas_de_5_km,,0,,,,,,
8eb391e0fcec6312d20db172,2026-10-05T15:02-05:00,2026-10-05T20:02:00Z,2026-10-05,6.12339,-69.87273,MODIS-Aqua,Aqua,MODIS,44.7,21.4,19.9,70 %,D,1.6,1.25,true,true,Puntos_de_calor_Colombia_2026-10-05.csv,2026-10-06T06:27:43Z,81,Arauca,81220,Cravo Norte,asignado,cache_geometrico,false,0,,,,asignado,244,2.4.4. Mosaico de pastos con espacios naturales,2,24,244,,,,SI,Landsat_2024_mediana_28042025,GoogleEarth,false,0,,,,,mas_de_5_km,,0,0,0,,,,,mas_de_5_km,,0,,,,,,
b7ad8c4ca24f40f79d9e95d2,2026-10-05T15:02-05:00,2026-10-05T20:02:00Z,2026-10-05,4.59703,-70.03981,MODIS-Aqua,Aqua,MODIS,43.9,21.6,23.9,72 %,D,1.75,1.3,true,true,Puntos_de_calor_Colombia_2026-10-05.csv,2026-10-06T06:27:43Z,99,Vichada,99773,Cumaribo,asignado,cache_geometrico,false,0,,,,asignado,321111,3.2.1.1.1.1.  Herbazal denso de tierra firme no arbolado,3,32,321,3211,32111,321111,SI,Landsat_2024_mediana_28042025,GoogleEarth,false,0,,,,,mas_de_5_km,,0,0,0,,,,,mas_de_5_km,,0,,,,,,
c3784074f75dcde573d4c314,2026-10-05T15:02-05:00,2026-10-05T20:02:00Z,2026-10-05,5.29288,-70.5894,MODIS-Aqua,Aqua,MODIS,41.9,21,16.1,55 %,D,1.88,1.34,true,true,Puntos_de_calor_Colombia_2026-10-05.csv,2026-10-06T06:27:43Z,99,Vichada,99624,Santa Rosalía,asignado,cache_geometrico,false,0,,,,asignado,321121,3.2.1.1.2.1. Herbazal denso inundable no arbolado,3,32,321,3211,32112,321121,SI,Landsat_2024_mediana_28042025,GoogleEarth,false,0,,,,,mas_de_5_km,,0,0,0,,,,,dentro,0.00,1,0817,CPE 2-2,NO APLICA,PAREX RESOURCES (COLOMBIA) AG,EXPLORACION,CONTRATO DE EXPLORACION Y PRODUCCION (E&P)
cb9c1390f3bf6a8322a8decc,2026-10-05T15:02-05:00,2026-10-05T20:02:00Z,2026-10-05,8.77299,-73.91572,MODIS-Aqua,Aqua,MODIS,39.4,20.9,22.5,63 %,D,3,1.65,true,true,Puntos_de_calor_Colombia_2026-10-05.csv,2026-10-06T06:27:43Z,13,Bolívar,13268,El Peñón,asignado,cache_geometrico,false,0,,,,asignado,3222,3.2.2.2. Arbustal abierto,3,32,322,3222,,,SI,Landsat_2024_mediana_28042025,GoogleEarth,false,0,,,,,mas_de_5_km,,0,0,0,,,,,mas_de_5_km,,0,,,,,,
cd533bcb4d5b333ce86174c5,2026-10-05T15:02-05:00,2026-10-05T20:02:00Z,2026-10-05,6.98333,-74.32863,MODIS-Aqua,Aqua,MODIS,47.9,19,92.5,77 %,D,3.51,1.76,true,true,Puntos_de_calor_Colombia_2026-10-05.csv,2026-10-06T06:27:43Z,05,Antioquia,05604,Remedios,asignado,cache_geometrico,false,0,,,,asignado,3231,3.2.3.1. Vegetación secundaria alta,3,32,323,3231,,,SI,Landsat_2024_mediana_28042025,Sentinel_2024_mediana_11042025,false,0,,,,,mas_de_5_km,,0,0,0,,,,,mas_de_5_km,,0,,,,,,
cfb2e78d613b6c29adf03928,2026-10-05T15:02-05:00,2026-10-05T20:02:00Z,2026-10-05,6.12555,-69.85885,MODIS-Aqua,Aqua,MODIS,51.9,22,33.8,79 %,D,1.6,1.24,true,true,Puntos_de_calor_Colombia_2026-10-05.csv,2026-10-06T06:27:43Z,81,Arauca,81220,Cravo Norte,asignado,cache_geometrico,false,0,,,,asignado,321121,3.2.1.1.2.1. Herbazal denso inundable no arbolado,3,32,321,3211,32112,321121,SI,Landsat_2024_mediana_28042025,GoogleEarth,false,0,,,,,mas_de_5_km,,0,0,0,,,,,mas_de_5_km,,0,,,,,,
f35c62d4e5738b02ca94116d,2026-10-05T15:02-05:00,2026-10-05T20:02:00Z,2026-10-05,5.68417,-70.39448,MODIS-Aqua,Aqua,MODIS,72.5,13,118.7,93 %,D,1.79,1.31,true,true,Puntos_de_calor_Colombia_2026-10-05.csv,2026-10-06T06:27:43Z,85,Casanare,85250,Paz De Ariporo,asignado,cache_geometrico,false,0,,,,asignado,321111,3.2.1.1.1.1.  Herbazal denso de tierra firme no arbolado,3,32,321,3211,32111,321111,SI,Landsat_2024_mediana_28042025,GoogleEarth,false,0,,,,,dentro,0.00,1,0,1,LAM3530,AREA DE INTERES DE PERFORACION EXPLORATORIA PRIMAVERA NORTE,GRAN TIERRA ENERGY COLOMBIA LTD.,poligono,mas_de_5_km,,0,,,,,,
fae680efc650e709c8278f8d,2026-10-05T15:02-05:00,2026-10-05T20:02:00Z,2026-10-05,6.98613,-74.32191,MODIS-Aqua,Aqua,MODIS,47.6,19,90.2,77 %,D,3.51,1.76,true,true,Puntos_de_calor_Colombia_2026-10-05.csv,2026-10-06T06:27:43Z,05,Antioquia,05604,Remedios,asignado,cache_geometrico,false,0,,,,asignado,231,2.3.1. Pastos limpios,2,23,231,,,,SI,Landsat_2024_mediana_28042025,Sentinel_2024_mediana_11042025,false,0,,,,,mas_de_5_km,,0,0,0,,,,,mas_de_5_km,,0,,,,,,
8170a5a05d0f6621aa571120,2026-10-05T20:56-05:00,2026-10-06T01:56:00Z,2026-10-05,2.87811,-75.23909,MODIS-Terra,Terra,MODIS,37.6,18,19.7,81 %,N,1.86,1.33,true,true,Puntos_de_calor_Colombia_2026-10-05.csv,2026-10-06T06:27:43Z,41,Huila,41001,Neiva,asignado,cache_geometrico,false,0,,,,asignado,233,2.3.3. Pastos enmalezados,2,23,233,,,,SI,Landsat_2024_mediana_28042025,,false,0,,,,,entre_1_y_5_km,1442.74,7,0,7,LAV0013-00-2026|LAV0081-00-2017|LAM0999|LAM4416,"PROYECTO SOLAR FOTOVOLTAICO DSE NEIVA 19,9 MWN Y SU LÍNEA DE CONEXIÓN A 34,5 KV|CONSTRUCCIÓN DE LA SEGUNDA CALZADA EN LOS MUNICIPIOS DE RIVERA, NEIVA Y CAMPOALEGRE, DEPARTAMENTO DEL HUILA|AREA DE CONCESION TELLO 1161|PROYECTO CAMPO TELLO LA JAGUA, LOCALIZADO EN JURISDICCIÓN DEL DEPARTAMENTO DEL HUILA.",DSE NEIVA S.A.S|CONCESIONARIA ALIADAS PARA EL PROGRESO S.A.S.|HOCOL S.A.|ECOPETROL S.A.,linea|poligono,dentro,0.00,1,0546,VSM 13-2,NO APLICA,PAREX RESOURCES (COLOMBIA) AG,EXPLORACION,CONTRATO DE EXPLORACION Y PRODUCCION (E&P)
bdbec08cce1fbd8821bfe98a,2026-10-05T20:58-05:00,2026-10-06T01:58:00Z,2026-10-05,4.95237,-70.84409,MODIS-Terra,Terra,MODIS,31.7,14.1,46.3,62 %,N,4.54,1.96,true,true,Puntos_de_calor_Colombia_2026-10-05.csv,2026-10-06T06:27:43Z,99,Vichada,99624,Santa Rosalía,asignado,cache_geometrico,false,0,,,,asignado,321111,3.2.1.1.1.1.  Herbazal denso de tierra firme no arbolado,3,32,321,3211,32111,321111,SI,Landsat_2024_mediana_28042025,GoogleEarth,false,0,,,,,entre_1_y_5_km,1493.47,2,0,2,LAM3607,AREA DE DESARROLLO LAS GARZAS|AREA DE PERFORACION EXPLORATORIA LAS GARZAS,NEW GRANADA ENERGY CORPORATION SUCURSAL COLOMBIA,poligono,entre_1_y_5_km,4016.62,1,0094,LAS GARZAS,LAS GARZAS B,NEW GRANADA ENERGY CORPORATION,PRODUCCION,CONTRATO DE EXPLORACION Y PRODUCCION (E&P)
c7a5ff00c7797e5edf33ddef,2026-10-05T20:58-05:00,2026-10-06T01:58:00Z,2026-10-05,4.95006,-70.83859,MODIS-Terra,Terra,MODIS,28.9,14,30.2,46 %,N,4.54,1.96,true,true,Puntos_de_calor_Colombia_2026-10-05.csv,2026-10-06T06:27:43Z,99,Vichada,99624,Santa Rosalía,asignado,cache_geometrico,false,0,,,,asignado,321111,3.2.1.1.1.1.  Herbazal denso de tierra firme no arbolado,3,32,321,3211,32111,321111,SI,Landsat_2024_mediana_28042025,GoogleEarth,false,0,,,,,entre_1_y_5_km,1733.01,2,0,2,LAM3607,AREA DE DESARROLLO LAS GARZAS|AREA DE PERFORACION EXPLORATORIA LAS GARZAS,NEW GRANADA ENERGY CORPORATION SUCURSAL COLOMBIA,poligono,entre_1_y_5_km,4232.45,1,0094,LAS GARZAS,LAS GARZAS B,NEW GRANADA ENERGY CORPORATION,PRODUCCION,CONTRATO DE EXPLORACION Y PRODUCCION (E&P)
