hotspot_id,fecha_hora_col,fecha_hora_utc,fecha_local,latitud,longitud,fuente,satelite,sensor,temperatura_c,temperatura_alt_c,frp_mw,confianza,captura,scan_km,track_km,escenario_a,escenario_b,fuente_archivo,fecha_descarga_utc,dpto_codigo,departamento,mpio_codigo,municipio,asignacion_territorial,metodo_asignacion_territorial,en_area_protegida,areas_protegidas_count,areas_protegidas_ids,areas_protegidas_nombres,areas_protegidas_categorias,cobertura_estado,cobertura_codigo,cobertura_leyenda,cobertura_nivel_1,cobertura_nivel_2,cobertura_nivel_3,cobertura_nivel_4,cobertura_nivel_5,cobertura_nivel_6,cobertura_confiabilidad,cobertura_insumo,cobertura_apoyo,en_titulo_minero,titulos_mineros_count,titulos_mineros_codigos,titulos_mineros_solicitantes,titulos_mineros_etapas,titulos_mineros_minerales,anla_clase_minima,anla_distancia_min_m,anla_relaciones_count,anla_evaluacion_count,anla_licenciado_count,anla_expedientes,anla_proyectos,anla_operadores,anla_geometrias
34c0913d6dd64fe1dfae97ab,2026-09-01T01:16-05:00,2026-09-01T06:16:00Z,2026-09-01,7.89632,-72.59489,VIIRS-NOAA-21,NOAA-21,VIIRS,30.4,0.9,,Nominal,N,0.39,0.36,true,true,Puntos_de_calor_Colombia_2026-09-01.csv,2026-09-02T06:42:01Z,54,Norte De Santander,54673,San Cayetano,asignado,cache_geometrico,false,0,,,,asignado,131,1.3.1. Zonas de extracción minera,1,13,131,,,,SI,Landsat_2024_mediana_28042025,GoogleEarth,false,0,,,,,dentro,0.00,4,0,4,LAM0802|LAM1082|LAM0077,AREA DE PERFORACION EXPLORATORIA LOS TOCHES|PERFORACIÓN EXPLORATORIA LOS TOCHES (POZOS RAMPUCHE 1 Y SANTI 1)|OLEODUCTO CAÑO LIMÓN-COVEÑAS|CENTRAL TERMOELÉCTRICA DE TASAJERO,COPLEX COLOMBIA LIMITED|CENIT S.A.S|TERMOTASAJERO S.A. E.S.P.,poligono|punto|linea
9a7c8a3fb12bf4132ad06600,2026-09-01T01:16-05:00,2026-09-01T06:16:00Z,2026-09-01,7.89246,-72.5919,VIIRS-NOAA-21,NOAA-21,VIIRS,30.9,3.3,,Nominal,N,0.39,0.36,true,true,Puntos_de_calor_Colombia_2026-09-01.csv,2026-09-02T06:42:01Z,54,Norte De Santander,54673,San Cayetano,asignado,cache_geometrico,false,0,,,,asignado,131,1.3.1. Zonas de extracción minera,1,13,131,,,,SI,Landsat_2024_mediana_28042025,GoogleEarth,false,0,,,,,dentro,0.00,5,0,5,LAM0802|LAM1082|LAM0077|LAM1921,AREA DE PERFORACION EXPLORATORIA LOS TOCHES|OLEODUCTO CAÑO LIMÓN-COVEÑAS|PERFORACIÓN EXPLORATORIA LOS TOCHES (POZOS RAMPUCHE 1 Y SANTI 1)|CENTRAL TERMOELÉCTRICA DE TASAJERO|CONSTRUCCIÓN DEL ANILLO VIAL OCCIDENTAL DE CÚCUTA,COPLEX COLOMBIA LIMITED|CENIT S.A.S|TERMOTASAJERO S.A. E.S.P.|CONCESIONARIA SAN SIMÓN S.A.,poligono|linea|punto
a4767864625a056270ff1fe6,2026-09-01T01:16-05:00,2026-09-01T06:16:00Z,2026-09-01,8.03252,-72.41918,VIIRS-NOAA-21,NOAA-21,VIIRS,33.2,-2.9,,Nominal,N,0.39,0.36,true,true,Puntos_de_calor_Colombia_2026-09-01.csv,2026-09-02T06:42:01Z,54,Norte De Santander,54001,San José De Cúcuta,asignado,cache_geometrico,false,0,,,,asignado,131,1.3.1. Zonas de extracción minera,1,13,131,,,,SI,Landsat_2024_mediana_28042025,GoogleEarth,false,0,,,,,entre_1_y_5_km,1687.93,1,0,1,LAM4616,AREA DE PERFORACION EXPLORATORIA ORIPAYA,ECOPETROL S.A.,poligono
c4f9683b54e01364fbb8b450,2026-09-01T01:16-05:00,2026-09-01T06:16:00Z,2026-09-01,7.9516,-72.48956,VIIRS-NOAA-21,NOAA-21,VIIRS,27,-13.4,,Nominal,N,0.39,0.36,true,true,Puntos_de_calor_Colombia_2026-09-01.csv,2026-09-02T06:42:01Z,54,Norte De Santander,54001,San José De Cúcuta,asignado,cache_geometrico,false,0,,,,asignado,131,1.3.1. Zonas de extracción minera,1,13,131,,,,SI,Landsat_2024_mediana_28042025,GoogleEarth,true,1,458,(8905002825) TEJAR DE PESCADERO S.A.S.,Explotación,DEMAS_CONCESIBLES\ ARCILLA,hasta_1_km,142.31,10,0,10,LAM2684|LAM1416|LAM1921|LAM6115|LAM2978|LAM1082|LAM0802,"AREA DE EXPLOTACION CERRITO (MODIFICACION)|ÁREA DE EXPLORACIÓN CERRITO Y POZO DE DESARROLLO CERRITO 2, MUNICIPIO DE SAN JOSÉ DE CÚCUTA|ANILLO VIAL DE CUCUTA - SECTOR VILLA LUZ - EL ESCOBAL|CONSTRUCCIÓN ANILLO VIAL OCCIDENTAL DE CÚCUTA|AEROPUERTO INTERNACIONAL CAMILO DAZA-CÚCUTA|Aeropuerto Camilo Daza|OLEODUCTO CAÑO LIMÓN-COVEÑAS|AREA DE PERFORACION EXPLORATORIA LOS TOCHES",KAPPA RESOURCES COLOMBIA LTDA|PACIFIC STRATUS ENERGY COLOMBIA CORP|INSTITUTO NACIONAL DE VÍAS - INVIAS|CONCESIONARIA SAN SIMÓN S.A.|AEROPUERTOS DE ORIENTE S.A.S.|Aeronáutica Civil|CENIT S.A.S|COPLEX COLOMBIA LIMITED,poligono|punto|linea
218fa46773f1dbec5a8ea041,2026-09-01T01:18-05:00,2026-09-01T06:18:00Z,2026-09-01,5.77329,-72.87791,VIIRS-NOAA-21,NOAA-21,VIIRS,56,11.2,2.2,Nominal,N,0.39,0.36,true,true,Puntos_de_calor_Colombia_2026-09-01.csv,2026-09-02T06:42:01Z,15,Boyacá,15491,Nobsa,asignado,cache_geometrico,false,0,,,,asignado,121,1.2.1. Zonas industriales o comerciales,1,12,121,,,,SI,Landsat_2024_mediana_28042025,,false,0,,,,,hasta_1_km,785.84,14,0,14,LAM3520|LAM7781-00|LAM2375|LAM0548|LAV0044-00-2017|LAM0408|LAV0046-00-2019,"AREA DE INTERES PARA EL DESARROLLO DEL CAMPO BUENAVISTA|EXPLOTACIÓN DE CALIZA CANTERA MARGAS – NOBSA|AFLORAMIENTO 2|RED FERREA DEL ATLANTICO, REHABILITACION, CONSERVACION Y MANTENIMIENTO DE RED FERREA EN LOS SECTORES DE BOGOTA - SANTA MARTA, BOGOTA -  BELENCITO, LA CARO – LENGUAZAQUE, BELLO - PUERTO BERRIO|GASODUCTO RAMALES DE BOYACA|MALSITIO|AFLORAMIENTO 1|SUBESTACIÓN SAN ANTONIO 230KV Y LÍNEAS DE TRANSMISIÓN ASOCIADAS|EXPLORACIÓN DE CALIZA EN MINA UBICADA EN NOBSA , TIBASOSA , CORRALES, BUSBANZA.|AREA DE PERFORACION EXPLORATORIA COR-15",UNION TEMPORAL OMEGA ENERGY|MINAS PAZ DEL RÍO|ACERÍAS PAZ DEL RÍO S.A.|FERROCARRILES DEL NORTE DE COLOMBIA S.A FENOCO S.A|TRANSPORTADORA DE GAS INTERNACIONAL S.A. E.S.P. - TGI S.A. E.S.P.|INTERCONEXIÓN ELÉCTRICA  ISA S.A. E.S.P.|HOLCIM (COLOMBIA) S.A.|MAUREL & PROM COLOMBIA B.V.,poligono|linea
385e2c1e5503dbe2697d9037,2026-09-01T01:18-05:00,2026-09-01T06:18:00Z,2026-09-01,5.4424,-72.45365,VIIRS-NOAA-21,NOAA-21,VIIRS,29,11.8,,Nominal,N,0.38,0.36,true,true,Puntos_de_calor_Colombia_2026-09-01.csv,2026-09-02T06:42:01Z,85,Casanare,85001,Yopal,asignado,cache_geometrico,false,0,,,,asignado,112,1.1.2. Tejido urbano discontinuo,1,11,112,,,,SI,Landsat_2024_mediana_28042025,,false,0,,,,,dentro,0.00,16,0,16,LAM4021|LAM0222|LAM1463|LAM1999|LAM0745|LAM0713|LAM3880,"AREA DE DESARROLLO PAUTO|PERFORACION EXPLORATORIA DEL AREA DE POZOS PAYERO A. PIEDEMONTE SUR PAUTO C, FLOREÑA N C, B, D, E, J, O, K. A|PROYECTO LÍNEAS DE FLUJO FASE 3, EN PIEDEMONTE LLANERO|OLEODUCTO EL MORRO - ARAGUANEY|PERFORACION EXPLORATORIA POZO PAUTO SUR-B|PROYECTO FLOREÑA A EPF FLOREÑA, FL A, PAUTO S B,|ÁREA DE POZOS PAUTO SUR D.|AREA DE DESARROLLO FLOREÑA",ECOPETROL S.A.|BP EXPLORATION COMPANY (COLOMBIA) LTD|EQUION ENERGIA LIMITED|BP EXPLORATION COMPANY (COLOMBIA) LTD.,poligono|linea|punto
4726af1677fa285128d4a2be,2026-09-01T01:18-05:00,2026-09-01T06:18:00Z,2026-09-01,2.43414,-76.90021,VIIRS-NOAA-21,NOAA-21,VIIRS,42.5,11.8,2.5,Nominal,N,0.51,0.41,true,true,Puntos_de_calor_Colombia_2026-09-01.csv,2026-09-02T06:42:01Z,19,Cauca,19256,El Tambo,asignado,cache_geometrico,false,0,,,,asignado,243,"2.4.3. Mosaico de cultivos, pastos y espacios naturales",2,24,243,,,,SI,Landsat_2024_mediana_28042025,,false,0,,,,,mas_de_5_km,,0,0,0,,,,
6458e150b4f1ecc08f307fff,2026-09-01T01:18-05:00,2026-09-01T06:18:00Z,2026-09-01,6.02357,-72.64747,VIIRS-NOAA-21,NOAA-21,VIIRS,22.9,9.6,,Nominal,N,0.39,0.36,true,true,Puntos_de_calor_Colombia_2026-09-01.csv,2026-09-02T06:42:01Z,15,Boyacá,15757,Socha,asignado,cache_geometrico,false,0,,,,asignado,333,3.3.3. Tierras desnudas y degradadas,3,33,333,,,,SI,Landsat_2024_mediana_28042025,,true,1,CFM-141,(9007214413) CO3 SOCOTA 141 S.A.S.,Explotación,CARBÓN METALÚRGICO,mas_de_5_km,,0,0,0,,,,
ab079236446506f0a2520fb9,2026-09-01T01:18-05:00,2026-09-01T06:18:00Z,2026-09-01,5.77275,-72.87444,VIIRS-NOAA-21,NOAA-21,VIIRS,34.6,11.7,2.2,Nominal,N,0.39,0.36,true,true,Puntos_de_calor_Colombia_2026-09-01.csv,2026-09-02T06:42:01Z,15,Boyacá,15491,Nobsa,asignado,cache_geometrico,false,0,,,,asignado,121,1.2.1. Zonas industriales o comerciales,1,12,121,,,,SI,Landsat_2024_mediana_28042025,,false,0,,,,,hasta_1_km,505.08,14,0,14,LAM3520|LAM7781-00|LAM2375|LAM0548|LAV0044-00-2017|LAM0408|LAV0046-00-2019,"AREA DE INTERES PARA EL DESARROLLO DEL CAMPO BUENAVISTA|EXPLOTACIÓN DE CALIZA CANTERA MARGAS – NOBSA|AFLORAMIENTO 2|RED FERREA DEL ATLANTICO, REHABILITACION, CONSERVACION Y MANTENIMIENTO DE RED FERREA EN LOS SECTORES DE BOGOTA - SANTA MARTA, BOGOTA -  BELENCITO, LA CARO – LENGUAZAQUE, BELLO - PUERTO BERRIO|MALSITIO|GASODUCTO RAMALES DE BOYACA|AFLORAMIENTO 1|SUBESTACIÓN SAN ANTONIO 230KV Y LÍNEAS DE TRANSMISIÓN ASOCIADAS|EXPLORACIÓN DE CALIZA EN MINA UBICADA EN NOBSA , TIBASOSA , CORRALES, BUSBANZA.|AREA DE PERFORACION EXPLORATORIA COR-15",UNION TEMPORAL OMEGA ENERGY|MINAS PAZ DEL RÍO|ACERÍAS PAZ DEL RÍO S.A.|FERROCARRILES DEL NORTE DE COLOMBIA S.A FENOCO S.A|TRANSPORTADORA DE GAS INTERNACIONAL S.A. E.S.P. - TGI S.A. E.S.P.|INTERCONEXIÓN ELÉCTRICA  ISA S.A. E.S.P.|HOLCIM (COLOMBIA) S.A.|MAUREL & PROM COLOMBIA B.V.,poligono|linea
bd644cb9d3d2cd57f81596e9,2026-09-01T01:18-05:00,2026-09-01T06:18:00Z,2026-09-01,6.02517,-72.65775,VIIRS-NOAA-21,NOAA-21,VIIRS,26.5,8.4,,Nominal,N,0.39,0.36,true,true,Puntos_de_calor_Colombia_2026-09-01.csv,2026-09-02T06:42:01Z,15,Boyacá,15757,Socha,asignado,cache_geometrico,false,0,,,,asignado,131,1.3.1. Zonas de extracción minera,1,13,131,,,,SI,Landsat_2024_mediana_28042025,,false,0,,,,,mas_de_5_km,,0,0,0,,,,
ac140171424399642d3825d7,2026-09-01T01:20-05:00,2026-09-01T06:20:00Z,2026-09-01,1.56087,-77.22095,VIIRS-NOAA-21,NOAA-21,VIIRS,53.1,11,4.1,Nominal,N,0.52,0.41,true,true,Puntos_de_calor_Colombia_2026-09-01.csv,2026-09-02T06:42:01Z,52,Nariño,52687,San Lorenzo,asignado,cache_geometrico,false,0,,,,asignado,244,2.4.4. Mosaico de pastos con espacios naturales,2,24,244,,,,SI,Landsat_2024_mediana_28042025,,true,1,BLOQUE 568,,,ZONAS RESERVADAS CON POTENCIAL - BLOQUE 568,mas_de_5_km,,0,0,0,,,,
6c4914fb2b021836708e4515,2026-09-01T01:54-05:00,2026-09-01T06:54:00Z,2026-09-01,3.56154,-76.49124,VIIRS-Suomi-NPP,Suomi-NPP,VIIRS,28.6,6.3,1.2,Nominal,N,0.43,0.38,true,false,Puntos_de_calor_Colombia_2026-09-01.csv,2026-09-02T06:42:01Z,76,Valle Del Cauca,76892,Yumbo,asignado,cache_geometrico,false,0,,,,asignado,121,1.2.1. Zonas industriales o comerciales,1,12,121,,,,SI,Landsat_2024_mediana_28042025,,false,0,,,,,hasta_1_km,88.81,19,0,19,LAM5348|LAM3012|LAM0299|LAM1659|LAM1015|LAM2254|LAM0464|LAM0800|LAV0019-00-2021|LAM0760|LAM2904|LAM0789|LAV0037-00-2018|LAM0272|LAM0421,"REHABILITACIÓN, RECONSTRUCCIÓN Y OPERACIÓN DE LA RED FERROVIARIA DEL PACÍFICO|TRAMO DE TRANSPORTE DE GAS NATURAL ENTRE YUMBO Y CALI EN EL DEPARTAMENTO DEL VALLE.|GASODUCTO DE OCCIDENTE Y 47 RAMALES DE DISTRIBUCION MARIQUITA Y CALI|Rehabilitación, ampliación y construcción de segundas calzadas de la malla vial del Valle del Cauca y Cauca|Construcción de la Variante Puerto Tejada - Variante Sur Palmira; Yumbo - Mediacanoa|PLANTA ALMACENADORA Y ENVASADORA DE GLP Y PROPANODUCTO|REPOSICION DEL POLIDUCTO DEL PACIFICO A LO LARGO DE LA CUENCA DEL RIO DAGUA|PROPANODUCTO A PLANTA DE ALMACENAMIENTO GLP EN YUMBO.|TERMOELÉCTRICA Y LÍNEA ELÉCTRICA DE 230 KV EN EL MUNICIPIO DE PALMIRA Y YUMBO, VALLE DEL CAUCA|TERMOELECTRICA TERMOEMCALI|TERMOEMCALI I S.A. E.S.P.|CORREDOR VIAL DE LA DOBLE CALZADA ZONA FRANCA - LA TORRE- LA ACEQUIA|TERMOVALLE 1 - CAPACIDAD NOMINAL 199 MW 60 HZ|ALFEREZ - SAN MARCOS A 500 KV|ALFÉREZ - SAN MARCOS A 500 kV|CONSTRUCCIÓN DE LA SUBESTACIÓN SAN MARCOS|LÍNEA DE TRANSMISIÓN A 500 KV. SAN CARLOS-SAN MARCOS INCLUYENDO LA SUBESTACIÓN LA VIRGINIA",FERROCARRIL DEL OESTE S.A.|TRANSOCCIDENTE|TRANSPORTADORA DE GAS INTERNACIONAL S.A. E.S.P. - TGI S.A. E.S.P.|Unión Temporal Desarrollo Vial del Valle del Cauca y Cauca|Combustibles liquidos de Colombia S.A.E.S.P|ECOPETROL S.A.|CHILCO DISTRIBUIDORA DE GAS Y ENERGÍA S.A.S. E.S.P|TERMOSOLO1 SAS ESP|TERMOEMCALI I S.A. E.S.P.|UNIÓN TEMPORAL DESARROLLO VIAL DEL VALLE DEL CAUCA Y CAUCA|TERMOVALLE S.C.A E.S.P|GRUPO ENERGIA BOGOTA S.A. E.S.P.|Grupo Energía Bogotá S.A. E.S.P|INTERCONEXION ELECTRICA S.A. E.S.P. ISA,linea|poligono
7049cbd31b2933acfcc3c7c2,2026-09-01T01:54-05:00,2026-09-01T06:54:00Z,2026-09-01,5.74908,-72.91067,VIIRS-Suomi-NPP,Suomi-NPP,VIIRS,23,9.2,1.1,Nominal,N,0.43,0.46,true,false,Puntos_de_calor_Colombia_2026-09-01.csv,2026-09-02T06:42:01Z,15,Boyacá,15759,Sogamoso,asignado,cache_geometrico,false,0,,,,asignado,121,1.2.1. Zonas industriales o comerciales,1,12,121,,,,SI,Landsat_2024_mediana_28042025,,false,0,,,,,hasta_1_km,131.69,14,0,14,LAM2375|LAM0548|LAV0044-00-2017|LAM7781-00|LAM0408|LAM3520|LAV0080-00-2021,"RED FERREA DEL ATLANTICO, REHABILITACION, CONSERVACION Y MANTENIMIENTO DE RED FERREA EN LOS SECTORES DE BOGOTA - SANTA MARTA, BOGOTA -  BELENCITO, LA CARO – LENGUAZAQUE, BELLO - PUERTO BERRIO|GASODUCTO RAMALES DE BOYACA|SUBESTACIÓN SAN ANTONIO 230KV Y LÍNEAS DE TRANSMISIÓN ASOCIADAS|EXPLOTACIÓN DE CALIZA CANTERA MARGAS – NOBSA|EXPLORACIÓN DE CALIZA EN MINA UBICADA EN NOBSA , TIBASOSA , CORRALES, BUSBANZA.|AFLORAMIENTO 1|AFLORAMIENTO 2|AREA DE INTERES PARA EL DESARROLLO DEL CAMPO BUENAVISTA|CONSTRUCCIÓN VARIANTE SOGAMOSO, FASE A, SECTOR COMPRENDIDO DESDE K0 +000 AL K7+300 , MUNICIPIOS DE  FIRAVITOBA, SOGAMOSO Y TIBASOSA DEPARTAMENTO DE BOYACÁ.",FERROCARRILES DEL NORTE DE COLOMBIA S.A FENOCO S.A|TRANSPORTADORA DE GAS INTERNACIONAL S.A. E.S.P. - TGI S.A. E.S.P.|INTERCONEXIÓN ELÉCTRICA  ISA S.A. E.S.P.|MINAS PAZ DEL RÍO|HOLCIM (COLOMBIA) S.A.|ACERÍAS PAZ DEL RÍO S.A.|UNION TEMPORAL OMEGA ENERGY|CONSORCIO VIAL MHC 056,linea|poligono
7eff3823b61b5882cacc98cc,2026-09-01T01:54-05:00,2026-09-01T06:54:00Z,2026-09-01,5.7619,-72.93238,VIIRS-Suomi-NPP,Suomi-NPP,VIIRS,23.7,8.9,1.4,Nominal,N,0.42,0.46,true,false,Puntos_de_calor_Colombia_2026-09-01.csv,2026-09-02T06:42:01Z,15,Boyacá,15491,Nobsa,asignado,cache_geometrico,false,0,,,,asignado,131,1.3.1. Zonas de extracción minera,1,13,131,,,,SI,Landsat_2024_mediana_28042025,,false,0,,,,,hasta_1_km,57.21,15,0,15,LAM0408|LAM0548|LAV0044-00-2017|LAM7781-00|LAM2375|LAM3520|LAV0080-00-2021,"EXPLORACIÓN DE CALIZA EN MINA UBICADA EN NOBSA , TIBASOSA , CORRALES, BUSBANZA.|GASODUCTO RAMALES DE BOYACA|SUBESTACIÓN SAN ANTONIO 230KV Y LÍNEAS DE TRANSMISIÓN ASOCIADAS|EXPLOTACIÓN DE CALIZA CANTERA MARGAS – NOBSA|AFLORAMIENTO 1|RED FERREA DEL ATLANTICO, REHABILITACION, CONSERVACION Y MANTENIMIENTO DE RED FERREA EN LOS SECTORES DE BOGOTA - SANTA MARTA, BOGOTA -  BELENCITO, LA CARO – LENGUAZAQUE, BELLO - PUERTO BERRIO|AREA DE INTERES PARA EL DESARROLLO DEL CAMPO BUENAVISTA|CONSTRUCCIÓN VARIANTE SOGAMOSO, FASE A, SECTOR COMPRENDIDO DESDE K0 +000 AL K7+300 , MUNICIPIOS DE  FIRAVITOBA, SOGAMOSO Y TIBASOSA DEPARTAMENTO DE BOYACÁ.|AFLORAMIENTO 2",HOLCIM (COLOMBIA) S.A.|TRANSPORTADORA DE GAS INTERNACIONAL S.A. E.S.P. - TGI S.A. E.S.P.|INTERCONEXIÓN ELÉCTRICA  ISA S.A. E.S.P.|MINAS PAZ DEL RÍO|ACERÍAS PAZ DEL RÍO S.A.|FERROCARRILES DEL NORTE DE COLOMBIA S.A FENOCO S.A|UNION TEMPORAL OMEGA ENERGY|CONSORCIO VIAL MHC 056,poligono|linea
aa8015111fe8e84a9b58d784,2026-09-01T01:54-05:00,2026-09-01T06:54:00Z,2026-09-01,5.77362,-72.87522,VIIRS-Suomi-NPP,Suomi-NPP,VIIRS,25.3,9.9,,Nominal,N,0.43,0.46,true,false,Puntos_de_calor_Colombia_2026-09-01.csv,2026-09-02T06:42:01Z,15,Boyacá,15491,Nobsa,asignado,cache_geometrico,false,0,,,,asignado,121,1.2.1. Zonas industriales o comerciales,1,12,121,,,,SI,Landsat_2024_mediana_28042025,,false,0,,,,,hasta_1_km,520.85,14,0,14,LAM3520|LAM7781-00|LAM2375|LAM0548|LAV0044-00-2017|LAM0408|LAV0046-00-2019,"AREA DE INTERES PARA EL DESARROLLO DEL CAMPO BUENAVISTA|EXPLOTACIÓN DE CALIZA CANTERA MARGAS – NOBSA|AFLORAMIENTO 2|MALSITIO|RED FERREA DEL ATLANTICO, REHABILITACION, CONSERVACION Y MANTENIMIENTO DE RED FERREA EN LOS SECTORES DE BOGOTA - SANTA MARTA, BOGOTA -  BELENCITO, LA CARO – LENGUAZAQUE, BELLO - PUERTO BERRIO|GASODUCTO RAMALES DE BOYACA|AFLORAMIENTO 1|SUBESTACIÓN SAN ANTONIO 230KV Y LÍNEAS DE TRANSMISIÓN ASOCIADAS|EXPLORACIÓN DE CALIZA EN MINA UBICADA EN NOBSA , TIBASOSA , CORRALES, BUSBANZA.|AREA DE PERFORACION EXPLORATORIA COR-15",UNION TEMPORAL OMEGA ENERGY|MINAS PAZ DEL RÍO|ACERÍAS PAZ DEL RÍO S.A.|FERROCARRILES DEL NORTE DE COLOMBIA S.A FENOCO S.A|TRANSPORTADORA DE GAS INTERNACIONAL S.A. E.S.P. - TGI S.A. E.S.P.|INTERCONEXIÓN ELÉCTRICA  ISA S.A. E.S.P.|HOLCIM (COLOMBIA) S.A.|MAUREL & PROM COLOMBIA B.V.,poligono|linea
dbbcdf8c049013fce03ea5d6,2026-09-01T01:54-05:00,2026-09-01T06:54:00Z,2026-09-01,5.77427,-72.87907,VIIRS-Suomi-NPP,Suomi-NPP,VIIRS,27.7,9.5,,Nominal,N,0.43,0.46,true,false,Puntos_de_calor_Colombia_2026-09-01.csv,2026-09-02T06:42:01Z,15,Boyacá,15491,Nobsa,asignado,cache_geometrico,false,0,,,,asignado,121,1.2.1. Zonas industriales o comerciales,1,12,121,,,,SI,Landsat_2024_mediana_28042025,,false,0,,,,,hasta_1_km,829.13,14,0,14,LAM3520|LAM7781-00|LAM2375|LAM0548|LAV0044-00-2017|LAM0408|LAV0046-00-2019,"AREA DE INTERES PARA EL DESARROLLO DEL CAMPO BUENAVISTA|EXPLOTACIÓN DE CALIZA CANTERA MARGAS – NOBSA|AFLORAMIENTO 2|RED FERREA DEL ATLANTICO, REHABILITACION, CONSERVACION Y MANTENIMIENTO DE RED FERREA EN LOS SECTORES DE BOGOTA - SANTA MARTA, BOGOTA -  BELENCITO, LA CARO – LENGUAZAQUE, BELLO - PUERTO BERRIO|MALSITIO|GASODUCTO RAMALES DE BOYACA|AFLORAMIENTO 1|SUBESTACIÓN SAN ANTONIO 230KV Y LÍNEAS DE TRANSMISIÓN ASOCIADAS|EXPLORACIÓN DE CALIZA EN MINA UBICADA EN NOBSA , TIBASOSA , CORRALES, BUSBANZA.|AREA DE PERFORACION EXPLORATORIA COR-15",UNION TEMPORAL OMEGA ENERGY|MINAS PAZ DEL RÍO|ACERÍAS PAZ DEL RÍO S.A.|FERROCARRILES DEL NORTE DE COLOMBIA S.A FENOCO S.A|TRANSPORTADORA DE GAS INTERNACIONAL S.A. E.S.P. - TGI S.A. E.S.P.|INTERCONEXIÓN ELÉCTRICA  ISA S.A. E.S.P.|HOLCIM (COLOMBIA) S.A.|MAUREL & PROM COLOMBIA B.V.,poligono|linea
05b73d485bbb3066e93877ac,2026-09-01T01:57-05:00,2026-09-01T06:57:00Z,2026-09-01,2.43313,-76.90212,VIIRS-Suomi-NPP,Suomi-NPP,VIIRS,45.2,11.3,2.3,Nominal,N,0.43,0.38,true,false,Puntos_de_calor_Colombia_2026-09-01.csv,2026-09-02T06:42:01Z,19,Cauca,19256,El Tambo,asignado,cache_geometrico,false,0,,,,asignado,321111,3.2.1.1.1.1.  Herbazal denso de tierra firme no arbolado,3,32,321,3211,32111,321111,SI,Landsat_2024_mediana_28042025,,false,0,,,,,mas_de_5_km,,0,0,0,,,,
2b87f14c03febb4551857443,2026-09-01T01:57-05:00,2026-09-01T06:57:00Z,2026-09-01,1.56225,-77.21825,VIIRS-Suomi-NPP,Suomi-NPP,VIIRS,28.9,9.6,1,Nominal,N,0.42,0.38,true,false,Puntos_de_calor_Colombia_2026-09-01.csv,2026-09-02T06:42:01Z,52,Nariño,52687,San Lorenzo,asignado,cache_geometrico,false,0,,,,asignado,243,"2.4.3. Mosaico de cultivos, pastos y espacios naturales",2,24,243,,,,SI,Landsat_2024_mediana_28042025,,true,1,BLOQUE 568,,,ZONAS RESERVADAS CON POTENCIAL - BLOQUE 568,mas_de_5_km,,0,0,0,,,,
6f505dafbbe3be79acca9cf2,2026-09-01T01:57-05:00,2026-09-01T06:57:00Z,2026-09-01,1.55882,-77.21905,VIIRS-Suomi-NPP,Suomi-NPP,VIIRS,56.5,10.2,4.1,Nominal,N,0.42,0.38,true,false,Puntos_de_calor_Colombia_2026-09-01.csv,2026-09-02T06:42:01Z,52,Nariño,52687,San Lorenzo,asignado,cache_geometrico,false,0,,,,asignado,231,2.3.1. Pastos limpios,2,23,231,,,,SI,Landsat_2024_mediana_28042025,,true,1,BLOQUE 568,,,ZONAS RESERVADAS CON POTENCIAL - BLOQUE 568,mas_de_5_km,,0,0,0,,,,
0353384d859733c658736f7c,2026-09-01T12:20-05:00,2026-09-01T17:20:00Z,2026-09-01,4.51606,-72.22287,VIIRS-NOAA-21,NOAA-21,VIIRS,59.3,14.1,8.9,Nominal,D,0.67,0.74,true,true,Puntos_de_calor_Colombia_2026-09-01.csv,2026-09-02T06:42:01Z,85,Casanare,85139,Maní,asignado,cache_geometrico,false,0,,,,asignado,321121,3.2.1.1.2.1. Herbazal denso inundable no arbolado,3,32,321,3211,32112,321121,SI,Landsat_2024_mediana_28042025,GoogleEarth,false,0,,,,,dentro,0.00,3,0,3,LAM5016|LAV0097-00-2014|LAM5075,AREA DE PERFORACION EXPLORATORIA SAN ANTONIO|AREA DE DESARROLLO PUNTERO|BLOQUE DE PERFORACION EXPLORATORIA PUNTERO,THORNELOE ENERGY SUCURSAL COLOMBIA|CEPSA COLOMBIA S.A.|CEPSA COLOMBIA S.A. - CEPCOLSA,poligono
1857b02bf4cf6a2141043bb4,2026-09-01T12:20-05:00,2026-09-01T17:20:00Z,2026-09-01,2.75439,-72.10699,VIIRS-NOAA-21,NOAA-21,VIIRS,66.7,12.9,9.8,Nominal,D,0.7,0.75,true,true,Puntos_de_calor_Colombia_2026-09-01.csv,2026-09-02T06:42:01Z,95,Guaviare,95001,San José Del Guaviare,asignado,cache_geometrico,false,0,,,,asignado,321111,3.2.1.1.1.1.  Herbazal denso de tierra firme no arbolado,3,32,321,3211,32111,321111,SI,L9_658_20240224,,false,0,,,,,mas_de_5_km,,0,0,0,,,,
1e621150cc8ce15b2e50ec73,2026-09-01T12:20-05:00,2026-09-01T17:20:00Z,2026-09-01,5.13194,-70.57489,VIIRS-NOAA-21,NOAA-21,VIIRS,58.2,7.7,5.2,Nominal,D,0.5,0.66,true,true,Puntos_de_calor_Colombia_2026-09-01.csv,2026-09-02T06:42:01Z,99,Vichada,99624,Santa Rosalía,asignado,cache_geometrico,false,0,,,,asignado,231,2.3.1. Pastos limpios,2,23,231,,,,SI,Landsat_2024_mediana_28042025,GoogleEarth,false,0,,,,,mas_de_5_km,,0,0,0,,,,
29348c13eb5f10c80e24cfcf,2026-09-01T12:20-05:00,2026-09-01T17:20:00Z,2026-09-01,0.67467,-70.23524,VIIRS-NOAA-21,NOAA-21,VIIRS,58.7,15.6,6.8,Nominal,D,0.56,0.69,true,true,Puntos_de_calor_Colombia_2026-09-01.csv,2026-09-02T06:42:01Z,97,Vaupés,97001,Mitú,asignado,cache_geometrico,false,0,,,,asignado,31111,3.1.1.1.1. Bosque denso alto de tierra firme,3,31,311,3111,31111,,SI,L9_560_20240507,Web Maps (Bing/ArcGIS/Google),false,0,,,,,mas_de_5_km,,0,0,0,,,,
5138d32a04beecf2c1c5cd02,2026-09-01T12:20-05:00,2026-09-01T17:20:00Z,2026-09-01,3.98234,-68.24944,VIIRS-NOAA-21,NOAA-21,VIIRS,54.4,9.9,2,Nominal,D,0.36,0.57,true,true,Puntos_de_calor_Colombia_2026-09-01.csv,2026-09-02T06:42:01Z,99,Vichada,99773,Cumaribo,asignado,cache_geometrico,false,0,,,,asignado,243,"2.4.3. Mosaico de cultivos, pastos y espacios naturales",2,24,243,,,,SI,L9_457_20240109,Web Maps (Bing/ArcGIS/Google),true,1,BLOQUE 896,,,,mas_de_5_km,,0,0,0,,,,
612e4590019e65fe4a0f8060,2026-09-01T12:20-05:00,2026-09-01T17:20:00Z,2026-09-01,5.1327,-70.57044,VIIRS-NOAA-21,NOAA-21,VIIRS,60.1,8.2,5.2,Nominal,D,0.5,0.66,true,true,Puntos_de_calor_Colombia_2026-09-01.csv,2026-09-02T06:42:01Z,99,Vichada,99624,Santa Rosalía,asignado,cache_geometrico,false,0,,,,asignado,231,2.3.1. Pastos limpios,2,23,231,,,,SI,Landsat_2024_mediana_28042025,GoogleEarth,false,0,,,,,mas_de_5_km,,0,0,0,,,,
64b2be5d8f47746108f44b9b,2026-09-01T12:20-05:00,2026-09-01T17:20:00Z,2026-09-01,2.75323,-72.10402,VIIRS-NOAA-21,NOAA-21,VIIRS,63.7,12.1,12,Nominal,D,0.71,0.75,true,true,Puntos_de_calor_Colombia_2026-09-01.csv,2026-09-02T06:42:01Z,95,Guaviare,95001,San José Del Guaviare,asignado,cache_geometrico,false,0,,,,asignado,321111,3.2.1.1.1.1.  Herbazal denso de tierra firme no arbolado,3,32,321,3211,32111,321111,SI,L9_658_20240224,,false,0,,,,,mas_de_5_km,,0,0,0,,,,
6a10b9ba39754a058c819b76,2026-09-01T12:20-05:00,2026-09-01T17:20:00Z,2026-09-01,4.23129,-70.81921,VIIRS-NOAA-21,NOAA-21,VIIRS,60.3,13.9,8.2,Nominal,D,0.54,0.68,true,true,Puntos_de_calor_Colombia_2026-09-01.csv,2026-09-02T06:42:01Z,99,Vichada,99773,Cumaribo,asignado,cache_geometrico,false,0,,,,asignado,321111,3.2.1.1.1.1.  Herbazal denso de tierra firme no arbolado,3,32,321,3211,32111,321111,SI,Landsat_2024_mediana_28042025,"GoogleEarth, BingMaps",false,0,,,,,mas_de_5_km,,0,0,0,,,,
798958df6cdc062f74bba2ac,2026-09-01T12:20-05:00,2026-09-01T17:20:00Z,2026-09-01,5.14297,-68.04474,VIIRS-NOAA-21,NOAA-21,VIIRS,76.2,18.2,5.5,Nominal,D,0.33,0.56,true,true,Puntos_de_calor_Colombia_2026-09-01.csv,2026-09-02T06:42:01Z,99,Vichada,99773,Cumaribo,asignado,cache_geometrico,true,1,83,El Tuparro,Parque Nacional Natural,asignado,32121,3.2.1.2.1. Herbazal abierto arenoso,3,32,321,3212,32121,,SI,Landsat9_456_09/01/2024,,false,0,,,,,mas_de_5_km,,0,0,0,,,,
a3207d6b8d95986377d3d3d2,2026-09-01T12:20-05:00,2026-09-01T17:20:00Z,2026-09-01,5.01207,-68.54868,VIIRS-NOAA-21,NOAA-21,VIIRS,61,15.6,6.7,Nominal,D,0.36,0.58,true,true,Puntos_de_calor_Colombia_2026-09-01.csv,2026-09-02T06:42:01Z,99,Vichada,99773,Cumaribo,asignado,cache_geometrico,false,0,,,,asignado,321111,3.2.1.1.1.1.  Herbazal denso de tierra firme no arbolado,3,32,321,3211,32111,321111,SI,Landsat_2024_mediana_28042025,GoogleEarth,true,1,BLOQUE 895,,,,mas_de_5_km,,0,0,0,,,,
c5bf75d43fafd6a645de4c66,2026-09-01T12:20-05:00,2026-09-01T17:20:00Z,2026-09-01,5.14388,-68.04556,VIIRS-NOAA-21,NOAA-21,VIIRS,77.6,18.1,7,Nominal,D,0.33,0.56,true,true,Puntos_de_calor_Colombia_2026-09-01.csv,2026-09-02T06:42:01Z,99,Vichada,99773,Cumaribo,asignado,cache_geometrico,true,1,83,El Tuparro,Parque Nacional Natural,asignado,32121,3.2.1.2.1. Herbazal abierto arenoso,3,32,321,3212,32121,,SI,Landsat9_456_09/01/2024,,false,0,,,,,mas_de_5_km,,0,0,0,,,,
c7624579a1950447278f4f8d,2026-09-01T12:20-05:00,2026-09-01T17:20:00Z,2026-09-01,4.76256,-70.04453,VIIRS-NOAA-21,NOAA-21,VIIRS,56.7,16.3,4.6,Nominal,D,0.47,0.64,true,true,Puntos_de_calor_Colombia_2026-09-01.csv,2026-09-02T06:42:01Z,99,Vichada,99773,Cumaribo,asignado,cache_geometrico,false,0,,,,asignado,321111,3.2.1.1.1.1.  Herbazal denso de tierra firme no arbolado,3,32,321,3211,32111,321111,SI,Landsat_2024_mediana_28042025,GoogleEarth,false,0,,,,,mas_de_5_km,,0,0,0,,,,
e9b071d75dd3b23b43a6d399,2026-09-01T12:20-05:00,2026-09-01T17:20:00Z,2026-09-01,4.99454,-67.88906,VIIRS-NOAA-21,NOAA-21,VIIRS,57.2,13.7,2.9,Nominal,D,0.33,0.55,true,true,Puntos_de_calor_Colombia_2026-09-01.csv,2026-09-02T06:42:01Z,99,Vichada,99773,Cumaribo,asignado,cache_geometrico,false,0,,,,asignado,321121,3.2.1.1.2.1. Herbazal denso inundable no arbolado,3,32,321,3211,32112,321121,SI,Landsat_2024_mediana_28042025,GoogleEarth,false,0,,,,,mas_de_5_km,,0,0,0,,,,
f119d0501e656c0148c17310,2026-09-01T12:20-05:00,2026-09-01T17:20:00Z,2026-09-01,4.23114,-70.81825,VIIRS-NOAA-21,NOAA-21,VIIRS,60.9,13.5,7,Nominal,D,0.54,0.68,true,true,Puntos_de_calor_Colombia_2026-09-01.csv,2026-09-02T06:42:01Z,99,Vichada,99773,Cumaribo,asignado,cache_geometrico,false,0,,,,asignado,321111,3.2.1.1.1.1.  Herbazal denso de tierra firme no arbolado,3,32,321,3211,32111,321111,SI,Landsat_2024_mediana_28042025,"GoogleEarth, BingMaps",false,0,,,,,mas_de_5_km,,0,0,0,,,,
0e3828f315ae343154ded287,2026-09-01T12:22-05:00,2026-09-01T17:22:00Z,2026-09-01,8.26514,-73.88277,VIIRS-NOAA-21,NOAA-21,VIIRS,61.6,11.7,16.4,Nominal,D,0.75,0.77,true,true,Puntos_de_calor_Colombia_2026-09-01.csv,2026-09-02T06:42:01Z,13,Bolívar,13473,Morales,asignado,cache_geometrico,false,0,,,,asignado,32122,3.2.1.2.2. Herbazal abierto rocoso,3,32,321,3212,32122,,SI,Landsat_2024_mediana_28042025,GoogleEarth,false,0,,,,,mas_de_5_km,,0,0,0,,,,
1ac6ed8f4b71dfd1edb8054e,2026-09-01T12:22-05:00,2026-09-01T17:22:00Z,2026-09-01,5.68197,-70.90672,VIIRS-NOAA-21,NOAA-21,VIIRS,58.4,10.1,6.7,Nominal,D,0.52,0.67,true,true,Puntos_de_calor_Colombia_2026-09-01.csv,2026-09-02T06:42:01Z,85,Casanare,85250,Paz De Ariporo,asignado,cache_geometrico,false,0,,,,asignado,321121,3.2.1.1.2.1. Herbazal denso inundable no arbolado,3,32,321,3211,32112,321121,SI,Landsat_2024_mediana_28042025,GoogleEarth,false,0,,,,,dentro,0.00,2,0,2,LAV0014-13|LAV0006-00-2025,ÁREA DE PERFORACIÓN EXPLORATORIA MERECURE|ÁREA DE DESARROLLO LLANOS 111,CEPSA COLOMBIA S.A. - CEPCOLSA|PAREX RESOURCES (COLOMBIA) AG SUCURSAL,poligono
2f89f0765eacf9cf45b8ff66,2026-09-01T12:22-05:00,2026-09-01T17:22:00Z,2026-09-01,5.23376,-70.65887,VIIRS-NOAA-21,NOAA-21,VIIRS,54.8,12.5,12.1,Nominal,D,0.51,0.66,true,true,Puntos_de_calor_Colombia_2026-09-01.csv,2026-09-02T06:42:01Z,99,Vichada,99624,Santa Rosalía,asignado,cache_geometrico,false,0,,,,asignado,321121,3.2.1.1.2.1. Herbazal denso inundable no arbolado,3,32,321,3211,32112,321121,SI,Landsat_2024_mediana_28042025,GoogleEarth,false,0,,,,,hasta_1_km,864.96,1,0,1,LAM4977,AREA DE PERFORACION EXPLORATORIA CLARINERO,HOCOL S.A.,poligono
81b829898c77e1a863bd06b8,2026-09-01T12:22-05:00,2026-09-01T17:22:00Z,2026-09-01,5.23031,-70.66258,VIIRS-NOAA-21,NOAA-21,VIIRS,65.1,12.5,13.4,Nominal,D,0.51,0.66,true,true,Puntos_de_calor_Colombia_2026-09-01.csv,2026-09-02T06:42:01Z,99,Vichada,99624,Santa Rosalía,asignado,cache_geometrico,false,0,,,,asignado,321121,3.2.1.1.2.1. Herbazal denso inundable no arbolado,3,32,321,3211,32112,321121,SI,Landsat_2024_mediana_28042025,GoogleEarth,false,0,,,,,hasta_1_km,453.70,1,0,1,LAM4977,AREA DE PERFORACION EXPLORATORIA CLARINERO,HOCOL S.A.,poligono
86b2a44d37a6dd14cd73c9b2,2026-09-01T12:22-05:00,2026-09-01T17:22:00Z,2026-09-01,8.06469,-73.77602,VIIRS-NOAA-21,NOAA-21,VIIRS,53.7,10.9,8.5,Nominal,D,0.74,0.76,true,true,Puntos_de_calor_Colombia_2026-09-01.csv,2026-09-02T06:42:01Z,68,Santander,68575,Puerto Wilches,asignado,cache_geometrico,false,0,,,,asignado,411,4.1.1. Zonas pantanosas,4,41,411,,,,SI,Landsat_2024_mediana_28042025,GoogleEarth,false,0,,,,,entre_1_y_5_km,1513.56,3,0,3,LAM2317|LAM5353|LAM5771,CAMPO BARRANCA-LEBRIJA|BLOQUE EXPLORATORIO VALLE MEDIO DEL MAGDALENA 2- VMM2|AREA DE PÉRFORACION EXPLORATORIA SANTA ISABEL,ECOPETROL S.A.|VETRA EXPLORACIÓN Y PRODUCCIÓN COLOMBIA S.A.S. – VETRA EyP S.A.S.|GREEN POWER SUCURSAL COLOMBIA,poligono
b25e3a1a30803ae3cf21f987,2026-09-01T12:22-05:00,2026-09-01T17:22:00Z,2026-09-01,11.13747,-72.83941,VIIRS-NOAA-21,NOAA-21,VIIRS,79.7,17.9,14.3,Nominal,D,0.56,0.69,true,true,Puntos_de_calor_Colombia_2026-09-01.csv,2026-09-02T06:42:01Z,44,La Guajira,44001,Riohacha,asignado,cache_geometrico,false,0,,,,asignado,244,2.4.4. Mosaico de pastos con espacios naturales,2,24,244,,,,SI,Landsat_2024_mediana_28042025,"GoogleEarth, Basemap",false,0,,,,,mas_de_5_km,,0,0,0,,,,
c91bfdbb090fa74845f971d4,2026-09-01T12:22-05:00,2026-09-01T17:22:00Z,2026-09-01,8.06527,-73.77237,VIIRS-NOAA-21,NOAA-21,VIIRS,64.3,11.2,9.4,Nominal,D,0.74,0.76,true,true,Puntos_de_calor_Colombia_2026-09-01.csv,2026-09-02T06:42:01Z,68,Santander,68575,Puerto Wilches,asignado,cache_geometrico,false,0,,,,asignado,411,4.1.1. Zonas pantanosas,4,41,411,,,,SI,Landsat_2024_mediana_28042025,GoogleEarth,false,0,,,,,entre_1_y_5_km,1123.96,3,0,3,LAM2317|LAM5353|LAM5771,CAMPO BARRANCA-LEBRIJA|BLOQUE EXPLORATORIO VALLE MEDIO DEL MAGDALENA 2- VMM2|AREA DE PÉRFORACION EXPLORATORIA SANTA ISABEL,ECOPETROL S.A.|VETRA EXPLORACIÓN Y PRODUCCIÓN COLOMBIA S.A.S. – VETRA EyP S.A.S.|GREEN POWER SUCURSAL COLOMBIA,poligono
caf0a5f3191e985f9d2e50e1,2026-09-01T12:22-05:00,2026-09-01T17:22:00Z,2026-09-01,10.86926,-73.20363,VIIRS-NOAA-21,NOAA-21,VIIRS,68.8,16.5,7.7,Nominal,D,0.6,0.71,true,true,Puntos_de_calor_Colombia_2026-09-01.csv,2026-09-02T06:42:01Z,44,La Guajira,44650,San Juan Del Cesar,asignado,cache_geometrico,true,1,118,Sierra Nevada de Santa Marta,Parque Nacional Natural,asignado,321111,3.2.1.1.1.1.  Herbazal denso de tierra firme no arbolado,3,32,321,3211,32111,321111,SI,"Landsat9_853_06/12/2024, Landsat8_852_13/01/2024, Landsat_2024_mediana_28042025",Mosaico_Planet_012024_NICFI,false,0,,,,,mas_de_5_km,,0,0,0,,,,
e9c515713a1a43bd461e94df,2026-09-01T12:22-05:00,2026-09-01T17:22:00Z,2026-09-01,8.26639,-73.87651,VIIRS-NOAA-21,NOAA-21,VIIRS,66.3,12.3,16.8,Nominal,D,0.75,0.77,true,true,Puntos_de_calor_Colombia_2026-09-01.csv,2026-09-02T06:42:01Z,13,Bolívar,13473,Morales,asignado,cache_geometrico,false,0,,,,asignado,411,4.1.1. Zonas pantanosas,4,41,411,,,,SI,Landsat_2024_mediana_28042025,GoogleEarth,false,0,,,,,mas_de_5_km,,0,0,0,,,,
ebb67b98b010f5a7d5b5e3f4,2026-09-01T12:22-05:00,2026-09-01T17:22:00Z,2026-09-01,5.13505,-70.57355,VIIRS-NOAA-21,NOAA-21,VIIRS,63.9,8.6,6.5,Nominal,D,0.5,0.66,true,true,Puntos_de_calor_Colombia_2026-09-01.csv,2026-09-02T06:42:01Z,99,Vichada,99624,Santa Rosalía,asignado,cache_geometrico,false,0,,,,asignado,231,2.3.1. Pastos limpios,2,23,231,,,,SI,Landsat_2024_mediana_28042025,GoogleEarth,false,0,,,,,mas_de_5_km,,0,0,0,,,,
eda8072b0f8c19f360237079,2026-09-01T12:22-05:00,2026-09-01T17:22:00Z,2026-09-01,5.68802,-70.90771,VIIRS-NOAA-21,NOAA-21,VIIRS,67.8,10.5,13.1,Nominal,D,0.52,0.67,true,true,Puntos_de_calor_Colombia_2026-09-01.csv,2026-09-02T06:42:01Z,85,Casanare,85250,Paz De Ariporo,asignado,cache_geometrico,false,0,,,,asignado,321121,3.2.1.1.2.1. Herbazal denso inundable no arbolado,3,32,321,3211,32112,321121,SI,Landsat_2024_mediana_28042025,GoogleEarth,false,0,,,,,dentro,0.00,2,0,2,LAV0014-13|LAV0006-00-2025,ÁREA DE PERFORACIÓN EXPLORATORIA MERECURE|ÁREA DE DESARROLLO LLANOS 111,CEPSA COLOMBIA S.A. - CEPCOLSA|PAREX RESOURCES (COLOMBIA) AG SUCURSAL,poligono
0e153c99b8f3ef6eb9ade824,2026-09-01T12:56-05:00,2026-09-01T17:56:00Z,2026-09-01,3.23781,-71.68943,VIIRS-Suomi-NPP,Suomi-NPP,VIIRS,66.9,21.4,6.3,Nominal,D,0.47,0.48,true,false,Puntos_de_calor_Colombia_2026-09-01.csv,2026-09-02T06:42:01Z,50,Meta,50325,Mapiripán,asignado,cache_geometrico,false,0,,,,asignado,231,2.3.1. Pastos limpios,2,23,231,,,,SI,L9_658_20240224,,false,0,,,,,mas_de_5_km,,0,0,0,,,,
0eefe05da3931d69f466f355,2026-09-01T12:56-05:00,2026-09-01T17:56:00Z,2026-09-01,0.52073,-76.36427,VIIRS-Suomi-NPP,Suomi-NPP,VIIRS,93.9,18.6,14.7,Alta,D,0.54,0.68,true,false,Puntos_de_calor_Colombia_2026-09-01.csv,2026-09-02T06:42:01Z,86,Putumayo,86568,Puerto Asís,asignado,cache_geometrico,false,0,,,,asignado,323,3.2.3. Vegetación secundaria o en transición,3,32,323,,,,SI,L8_960_20240221,,false,0,,,,,entre_1_y_5_km,1663.52,2,0,2,LAV0054-00-2022|LAV0040-00-2022,"APE NYCTIBIUS, BLOQUE PUT 8|ÁREA DE DESARROLLO - AD BIENPARADO, BLOQUE PUT 8",AMERISUR EXPLORACION COLOMBIA LIMITADA,poligono
17c10de2e83b9e5ab0a0b1fb,2026-09-01T12:56-05:00,2026-09-01T17:56:00Z,2026-09-01,0.7888,-70.32496,VIIRS-Suomi-NPP,Suomi-NPP,VIIRS,83.2,21.4,9.5,Nominal,D,0.41,0.45,true,false,Puntos_de_calor_Colombia_2026-09-01.csv,2026-09-02T06:42:01Z,97,Vaupés,97001,Mitú,asignado,cache_geometrico,false,0,,,,asignado,323,3.2.3. Vegetación secundaria o en transición,3,32,323,,,,SI,L9_559_20240304,Web Maps (Bing/ArcGIS/Google),false,0,,,,,mas_de_5_km,,0,0,0,,,,
17dd66aa4755b37eba07ce63,2026-09-01T12:56-05:00,2026-09-01T17:56:00Z,2026-09-01,0.85989,-76.04018,VIIRS-Suomi-NPP,Suomi-NPP,VIIRS,93.9,17.1,20.8,Alta,D,0.5,0.66,true,false,Puntos_de_calor_Colombia_2026-09-01.csv,2026-09-02T06:42:01Z,86,Putumayo,86571,Puerto Guzmán,asignado,cache_geometrico,false,0,,,,asignado,233,2.3.3. Pastos enmalezados,2,23,233,,,,SI,L8_959_20240221,,false,0,,,,,dentro,0.00,1,0,1,LAM0533,BLOQUE RIO PUTUMAYO (FASE PERFORACION EXPLORATORIA ),RAM PETROLEUM LIMITED,poligono
2cbd39548ad6825d69929b98,2026-09-01T12:56-05:00,2026-09-01T17:56:00Z,2026-09-01,4.07583,-70.94966,VIIRS-Suomi-NPP,Suomi-NPP,VIIRS,63.3,18.6,5.4,Nominal,D,0.41,0.45,true,false,Puntos_de_calor_Colombia_2026-09-01.csv,2026-09-02T06:42:01Z,99,Vichada,99773,Cumaribo,asignado,cache_geometrico,false,0,,,,asignado,321111,3.2.1.1.1.1.  Herbazal denso de tierra firme no arbolado,3,32,321,3211,32111,321111,SI,Landsat_2024_mediana_28042025,"GoogleEarth, BingMaps",false,0,,,,,mas_de_5_km,,0,0,0,,,,
3125a1c586c76557d7f71cac,2026-09-01T12:56-05:00,2026-09-01T17:56:00Z,2026-09-01,3.34128,-71.65771,VIIRS-Suomi-NPP,Suomi-NPP,VIIRS,60.5,21.1,3.1,Nominal,D,0.46,0.47,true,false,Puntos_de_calor_Colombia_2026-09-01.csv,2026-09-02T06:42:01Z,50,Meta,50325,Mapiripán,asignado,cache_geometrico,false,0,,,,asignado,231,2.3.1. Pastos limpios,2,23,231,,,,SI,L9_658_20240224,,false,0,,,,,mas_de_5_km,,0,0,0,,,,
31e614c253edb1efed7f3922,2026-09-01T12:56-05:00,2026-09-01T17:56:00Z,2026-09-01,2.26497,-73.07597,VIIRS-Suomi-NPP,Suomi-NPP,VIIRS,60.7,18.4,5.2,Nominal,D,0.6,0.53,true,false,Puntos_de_calor_Colombia_2026-09-01.csv,2026-09-02T06:42:01Z,95,Guaviare,95001,San José Del Guaviare,asignado,cache_geometrico,false,0,,,,asignado,231,2.3.1. Pastos limpios,2,23,231,,,,SI,L8_758_20240114_20240115,,false,0,,,,,mas_de_5_km,,0,0,0,,,,
37cdb985744b16ba42dde93e,2026-09-01T12:56-05:00,2026-09-01T17:56:00Z,2026-09-01,1.90943,-75.09373,VIIRS-Suomi-NPP,Suomi-NPP,VIIRS,61.6,19.8,4.3,Nominal,D,0.42,0.61,true,false,Puntos_de_calor_Colombia_2026-09-01.csv,2026-09-02T06:42:01Z,18,Caquetá,18592,Puerto Rico,asignado,cache_geometrico,false,0,,,,asignado,231,2.3.1. Pastos limpios,2,23,231,,,,SI,L8_859_20240410,,false,0,,,,,mas_de_5_km,,0,0,0,,,,
3a2b796d72e506959f94c433,2026-09-01T12:56-05:00,2026-09-01T17:56:00Z,2026-09-01,3.95205,-70.97117,VIIRS-Suomi-NPP,Suomi-NPP,VIIRS,61.9,20.1,4.5,Nominal,D,0.41,0.45,true,false,Puntos_de_calor_Colombia_2026-09-01.csv,2026-09-02T06:42:01Z,99,Vichada,99773,Cumaribo,asignado,cache_geometrico,false,0,,,,asignado,321111,3.2.1.1.1.1.  Herbazal denso de tierra firme no arbolado,3,32,321,3211,32111,321111,SI,"Landsat_2024_mediana_28042025, L9_657_20240412, L9_557_20240225","GoogleEarth, BingMaps, Planet Medres Normalized Analytic 2024-01 Mosaic",false,0,,,,,mas_de_5_km,,0,0,0,,,,
3d85e107f979bd26322ccf70,2026-09-01T12:56-05:00,2026-09-01T17:56:00Z,2026-09-01,3.19396,-71.68269,VIIRS-Suomi-NPP,Suomi-NPP,VIIRS,56.4,20.2,3.9,Nominal,D,0.47,0.48,true,false,Puntos_de_calor_Colombia_2026-09-01.csv,2026-09-02T06:42:01Z,50,Meta,50325,Mapiripán,asignado,cache_geometrico,false,0,,,,asignado,3131,3.1.3.1. Bosque fragmentado con pastos y cultivos,3,31,313,3131,,,SI,L9_658_20240224,,false,0,,,,,mas_de_5_km,,0,0,0,,,,
3fbf5d8c94e659b6070a58ca,2026-09-01T12:56-05:00,2026-09-01T17:56:00Z,2026-09-01,3.13973,-72.24805,VIIRS-Suomi-NPP,Suomi-NPP,VIIRS,61.9,20.4,10.6,Nominal,D,0.51,0.49,true,false,Puntos_de_calor_Colombia_2026-09-01.csv,2026-09-02T06:42:01Z,50,Meta,50325,Mapiripán,asignado,cache_geometrico,false,0,,,,asignado,321111,3.2.1.1.1.1.  Herbazal denso de tierra firme no arbolado,3,32,321,3211,32111,321111,SI,"Landsat_2024_mediana_28042025, L9_658_20240224","GoogleEarth, Planet Medres Normalized Analytic 2024-01 Mosaic",false,0,,,,,mas_de_5_km,,0,0,0,,,,
45cce28e341e5eb6855e69ce,2026-09-01T12:56-05:00,2026-09-01T17:56:00Z,2026-09-01,2.16447,-74.56487,VIIRS-Suomi-NPP,Suomi-NPP,VIIRS,63.4,18.4,3.5,Nominal,D,0.38,0.59,true,false,Puntos_de_calor_Colombia_2026-09-01.csv,2026-09-02T06:42:01Z,50,Meta,50350,La Macarena,asignado,cache_geometrico,false,0,,,,asignado,231,2.3.1. Pastos limpios,2,23,231,,,,SI,L8_859_20240410_20240411,,false,0,,,,,entre_1_y_5_km,1360.22,5,0,5,LAM4338|LAM3816|LAM5800,AREA DE PERFORACION EXPLORATORIA OMBU NORTE|ÁREA DE PERFORACIÓN EXPLORATORIA OMBÚ|AREA DE PERFORACION EXPLORATORIA OMBU|CAMPO DE EXPLOTACION CAPELLA|AREA DE PERFOTRACIÓN EXPLORATORIA CHIPO,EMERALD ENERGY PLC SUCURSAL COLOMBIA,poligono
4bff5920ed559ccf593fa486,2026-09-01T12:56-05:00,2026-09-01T17:56:00Z,2026-09-01,4.09807,-70.86369,VIIRS-Suomi-NPP,Suomi-NPP,VIIRS,58.4,19.5,3.8,Nominal,D,0.4,0.44,true,false,Puntos_de_calor_Colombia_2026-09-01.csv,2026-09-02T06:42:01Z,99,Vichada,99773,Cumaribo,asignado,cache_geometrico,false,0,,,,asignado,321111,3.2.1.1.1.1.  Herbazal denso de tierra firme no arbolado,3,32,321,3211,32111,321111,SI,Landsat_2024_mediana_28042025,"GoogleEarth, BingMaps",false,0,,,,,mas_de_5_km,,0,0,0,,,,
4dd28275074ee27e700f82d4,2026-09-01T12:56-05:00,2026-09-01T17:56:00Z,2026-09-01,4.23011,-70.43544,VIIRS-Suomi-NPP,Suomi-NPP,VIIRS,61.9,19.7,5.5,Nominal,D,0.56,0.43,true,false,Puntos_de_calor_Colombia_2026-09-01.csv,2026-09-02T06:42:01Z,99,Vichada,99773,Cumaribo,asignado,cache_geometrico,false,0,,,,asignado,321111,3.2.1.1.1.1.  Herbazal denso de tierra firme no arbolado,3,32,321,3211,32111,321111,SI,Landsat_2024_mediana_28042025,"GoogleEarth, BingMaps",false,0,,,,,mas_de_5_km,,0,0,0,,,,
4f4d3e192a56b6979cf64174,2026-09-01T12:56-05:00,2026-09-01T17:56:00Z,2026-09-01,-0.24084,-74.71191,VIIRS-Suomi-NPP,Suomi-NPP,VIIRS,54.6,16.2,4.2,Nominal,D,0.42,0.61,true,false,Puntos_de_calor_Colombia_2026-09-01.csv,2026-09-02T06:42:01Z,86,Putumayo,86573,Puerto Leguízamo,asignado,cache_geometrico,false,0,,,,asignado,242,2.4.2. Mosaico de pastos y cultivos,2,24,242,,,,SI,L8_760_20240229,Planet Medres Normalized Analytic 2024-01 Mosaic,false,0,,,,,mas_de_5_km,,0,0,0,,,,
54b5e5fc037787499d209bed,2026-09-01T12:56-05:00,2026-09-01T17:56:00Z,2026-09-01,1.43314,-77.1233,VIIRS-Suomi-NPP,Suomi-NPP,VIIRS,56,25.2,6.3,Nominal,D,0.59,0.7,true,false,Puntos_de_calor_Colombia_2026-09-01.csv,2026-09-02T06:42:01Z,52,Nariño,52110,Buesaco,asignado,cache_geometrico,false,0,,,,asignado,245,2.4.5. Mosaico de cultivos con espacios naturales,2,24,245,,,,SI,Landsat_2024_mediana_28042025,,false,0,,,,,mas_de_5_km,,0,0,0,,,,
5a54102e3226e549db0bc3b6,2026-09-01T12:56-05:00,2026-09-01T17:56:00Z,2026-09-01,3.89816,-72.73638,VIIRS-Suomi-NPP,Suomi-NPP,VIIRS,67.6,19.3,10.5,Nominal,D,0.54,0.51,true,false,Puntos_de_calor_Colombia_2026-09-01.csv,2026-09-02T06:42:01Z,50,Meta,50573,Puerto López,asignado,cache_geometrico,false,0,,,,asignado,321111,3.2.1.1.1.1.  Herbazal denso de tierra firme no arbolado,3,32,321,3211,32111,321111,SI,Landsat_2024_mediana_28042025,Basemap,false,0,,,,,dentro,0.00,3,0,3,LAV0043-13|LAM1820,AREA DE PERFORACION RETOÑO|MODIFICACION AREA DE INTERES DE PERFORACION EXPLORATORIA DENOMINADO TAMANACO|AREA DE INTERES DE PERFORACION EXPLORATORIA DENOMINADO TAMANACO,ECOPETROL S.A.|VETRA EXPLORACIÓN Y PRODUCCIÓN COLOMBIA S.A.S. – VETRA EyP S.A.S.|PETROTESTING COLOMBIA S.A.,poligono
6359a53595c6fed18dfb780b,2026-09-01T12:56-05:00,2026-09-01T17:56:00Z,2026-09-01,4.02476,-71.58009,VIIRS-Suomi-NPP,Suomi-NPP,VIIRS,59.3,21.3,2.8,Nominal,D,0.45,0.47,true,false,Puntos_de_calor_Colombia_2026-09-01.csv,2026-09-02T06:42:01Z,50,Meta,50568,Puerto Gaitán,asignado,cache_geometrico,false,0,,,,asignado,321111,3.2.1.1.1.1.  Herbazal denso de tierra firme no arbolado,3,32,321,3211,32111,321111,SI,Landsat_2024_mediana_28042025,GoogleEarth,false,0,,,,,dentro,0.00,2,0,2,LAM4503|LAV0037-00-2015,BLOQUE DE PERFORACION EXPLORATORIA QUIFA NORESTE|ÁREA DE EXPLOTACIÓN DE HIDROCARBUROS QUIFA NOROESTE,"META PETROLEUM CORP|FRONTERA ENERGY COLOMBIA CORP., SUCURSAL COLOMBIA",poligono
694c32b0eae48e9edb71e10e,2026-09-01T12:56-05:00,2026-09-01T17:56:00Z,2026-09-01,3.46863,-71.81386,VIIRS-Suomi-NPP,Suomi-NPP,VIIRS,60.5,20.2,4.2,Nominal,D,0.47,0.48,true,false,Puntos_de_calor_Colombia_2026-09-01.csv,2026-09-02T06:42:01Z,50,Meta,50568,Puerto Gaitán,asignado,cache_geometrico,false,0,,,,asignado,321121,3.2.1.1.2.1. Herbazal denso inundable no arbolado,3,32,321,3211,32112,321121,SI,L9_658_20240224,Planet Medres Normalized Analytic 2024-01 Mosaic,false,0,,,,,entre_1_y_5_km,3474.20,1,0,1,LAM5281,PERFORACIÓN EXPLORATORIA CPO-13,TECPETROL COLOMBIA S.A.S.,poligono
7745594edb95ac6f953a488a,2026-09-01T12:56-05:00,2026-09-01T17:56:00Z,2026-09-01,4.5538,-68.62985,VIIRS-Suomi-NPP,Suomi-NPP,VIIRS,59.3,17.5,3.9,Nominal,D,0.45,0.39,true,false,Puntos_de_calor_Colombia_2026-09-01.csv,2026-09-02T06:42:01Z,99,Vichada,99773,Cumaribo,asignado,cache_geometrico,false,0,,,,asignado,321111,3.2.1.1.1.1.  Herbazal denso de tierra firme no arbolado,3,32,321,3211,32111,321111,SI,L9_457_20240109,Mosaico Sentinel-2_L2A_False_color 2024-01-27-00_00_2024-01-27-23_59,true,1,BLOQUE 895,,,,mas_de_5_km,,0,0,0,,,,
77fb48a9aea08fb74a00160a,2026-09-01T12:56-05:00,2026-09-01T17:56:00Z,2026-09-01,3.05852,-73.485,VIIRS-Suomi-NPP,Suomi-NPP,VIIRS,68.1,20.1,11,Nominal,D,0.62,0.54,true,false,Puntos_de_calor_Colombia_2026-09-01.csv,2026-09-02T06:42:01Z,50,Meta,50711,Vistahermosa,asignado,cache_geometrico,false,0,,,,asignado,231,2.3.1. Pastos limpios,2,23,231,,,,SI,Landsat_2024_mediana_28042025,,false,0,,,,,dentro,0.00,1,0,1,LAM4309,AREA DE INTERES DE PERFORACION EXPLORATORIA RIO ARIARI,PETROMINERALES COLOMBIA LTDA,poligono
7827cc4bff70785537223d4e,2026-09-01T12:56-05:00,2026-09-01T17:56:00Z,2026-09-01,3.48627,-71.81646,VIIRS-Suomi-NPP,Suomi-NPP,VIIRS,79.7,21.4,12.2,Nominal,D,0.47,0.48,true,false,Puntos_de_calor_Colombia_2026-09-01.csv,2026-09-02T06:42:01Z,50,Meta,50568,Puerto Gaitán,asignado,cache_geometrico,false,0,,,,asignado,321121,3.2.1.1.2.1. Herbazal denso inundable no arbolado,3,32,321,3211,32112,321121,SI,L9_658_20240224,Planet Medres Normalized Analytic 2024-01 Mosaic,false,0,,,,,entre_1_y_5_km,1524.64,1,0,1,LAM5281,PERFORACIÓN EXPLORATORIA CPO-13,TECPETROL COLOMBIA S.A.S.,poligono
7c160126b421aa54922a7439,2026-09-01T12:56-05:00,2026-09-01T17:56:00Z,2026-09-01,4.55737,-68.6304,VIIRS-Suomi-NPP,Suomi-NPP,VIIRS,60.3,17.7,5.5,Nominal,D,0.45,0.39,true,false,Puntos_de_calor_Colombia_2026-09-01.csv,2026-09-02T06:42:01Z,99,Vichada,99773,Cumaribo,asignado,cache_geometrico,false,0,,,,asignado,321111,3.2.1.1.1.1.  Herbazal denso de tierra firme no arbolado,3,32,321,3211,32111,321111,SI,L9_457_20240109,Mosaico Sentinel-2_L2A_False_color 2024-01-27-00_00_2024-01-27-23_59,true,1,BLOQUE 895,,,,mas_de_5_km,,0,0,0,,,,
875f7e03e523fa2d61f1ef05,2026-09-01T12:56-05:00,2026-09-01T17:56:00Z,2026-09-01,3.51254,-71.87772,VIIRS-Suomi-NPP,Suomi-NPP,VIIRS,81,21.5,8.5,Nominal,D,0.48,0.48,true,false,Puntos_de_calor_Colombia_2026-09-01.csv,2026-09-02T06:42:01Z,50,Meta,50568,Puerto Gaitán,asignado,cache_geometrico,false,0,,,,asignado,321111,3.2.1.1.1.1.  Herbazal denso de tierra firme no arbolado,3,32,321,3211,32111,321111,SI,"Landsat_2024_mediana_28042025, L9_658_20240224","GoogleEarth, Planet Medres Normalized Analytic 2024-01 Mosaic",false,0,,,,,dentro,0.00,1,0,1,LAM5281,PERFORACIÓN EXPLORATORIA CPO-13,TECPETROL COLOMBIA S.A.S.,poligono
8d4ca5aa90bc9a85b1d3eafd,2026-09-01T12:56-05:00,2026-09-01T17:56:00Z,2026-09-01,2.83224,-72.38078,VIIRS-Suomi-NPP,Suomi-NPP,VIIRS,74.2,19.4,9.5,Nominal,D,0.53,0.5,true,false,Puntos_de_calor_Colombia_2026-09-01.csv,2026-09-02T06:42:01Z,50,Meta,50325,Mapiripán,asignado,cache_geometrico,false,0,,,,asignado,321111,3.2.1.1.1.1.  Herbazal denso de tierra firme no arbolado,3,32,321,3211,32111,321111,SI,Landsat_2024_mediana_28042025,GoogleEarth,false,0,,,,,mas_de_5_km,,0,0,0,,,,
8eedba9e383a70be34e96202,2026-09-01T12:56-05:00,2026-09-01T17:56:00Z,2026-09-01,2.47816,-74.36168,VIIRS-Suomi-NPP,Suomi-NPP,VIIRS,93.9,19.8,10.6,Alta,D,0.36,0.58,true,false,Puntos_de_calor_Colombia_2026-09-01.csv,2026-09-02T06:42:01Z,50,Meta,50350,La Macarena,asignado,cache_geometrico,true,1,45,Tinigua,Parque Nacional Natural,asignado,243,"2.4.3. Mosaico de cultivos, pastos y espacios naturales",2,24,243,,,,SI,L8_858_20240410_20240411,,false,0,,,,,mas_de_5_km,,0,0,0,,,,
9057b64cd532594341a84f8f,2026-09-01T12:56-05:00,2026-09-01T17:56:00Z,2026-09-01,3.05894,-73.48608,VIIRS-Suomi-NPP,Suomi-NPP,VIIRS,68.1,20.4,15.9,Nominal,D,0.62,0.54,true,false,Puntos_de_calor_Colombia_2026-09-01.csv,2026-09-02T06:42:01Z,50,Meta,50711,Vistahermosa,asignado,cache_geometrico,false,0,,,,asignado,231,2.3.1. Pastos limpios,2,23,231,,,,SI,Landsat_2024_mediana_28042025,,false,0,,,,,dentro,0.00,1,0,1,LAM4309,AREA DE INTERES DE PERFORACION EXPLORATORIA RIO ARIARI,PETROMINERALES COLOMBIA LTDA,poligono
92dcc4ec469e400defa95226,2026-09-01T12:56-05:00,2026-09-01T17:56:00Z,2026-09-01,0.87061,-76.0512,VIIRS-Suomi-NPP,Suomi-NPP,VIIRS,57.1,16.4,4.2,Nominal,D,0.5,0.66,true,false,Puntos_de_calor_Colombia_2026-09-01.csv,2026-09-02T06:42:01Z,86,Putumayo,86571,Puerto Guzmán,asignado,cache_geometrico,false,0,,,,asignado,31111,3.1.1.1.1. Bosque denso alto de tierra firme,3,31,311,3111,31111,,SI,L8_959_20240221,,false,0,,,,,dentro,0.00,1,0,1,LAM0533,BLOQUE RIO PUTUMAYO (FASE PERFORACION EXPLORATORIA ),RAM PETROLEUM LIMITED,poligono
9ae042f65df6c81915361c86,2026-09-01T12:56-05:00,2026-09-01T17:56:00Z,2026-09-01,0.85914,-76.04476,VIIRS-Suomi-NPP,Suomi-NPP,VIIRS,58,16.9,7,Nominal,D,0.5,0.66,true,false,Puntos_de_calor_Colombia_2026-09-01.csv,2026-09-02T06:42:01Z,86,Putumayo,86571,Puerto Guzmán,asignado,cache_geometrico,false,0,,,,asignado,233,2.3.3. Pastos enmalezados,2,23,233,,,,SI,L8_959_20240221,,false,0,,,,,dentro,0.00,1,0,1,LAM0533,BLOQUE RIO PUTUMAYO (FASE PERFORACION EXPLORATORIA ),RAM PETROLEUM LIMITED,poligono
9aea97c6b4777b68193af1f8,2026-09-01T12:56-05:00,2026-09-01T17:56:00Z,2026-09-01,0.86007,-76.04156,VIIRS-Suomi-NPP,Suomi-NPP,VIIRS,83.8,16.8,10.8,Baja,D,0.5,0.66,true,false,Puntos_de_calor_Colombia_2026-09-01.csv,2026-09-02T06:42:01Z,86,Putumayo,86571,Puerto Guzmán,asignado,cache_geometrico,false,0,,,,asignado,3131,3.1.3.1. Bosque fragmentado con pastos y cultivos,3,31,313,3131,,,SI,L8_959_20240221,,false,0,,,,,dentro,0.00,1,0,1,LAM0533,BLOQUE RIO PUTUMAYO (FASE PERFORACION EXPLORATORIA ),RAM PETROLEUM LIMITED,poligono
a2dc25b7e98fc1d11cb90407,2026-09-01T12:56-05:00,2026-09-01T17:56:00Z,2026-09-01,1.4291,-77.35394,VIIRS-Suomi-NPP,Suomi-NPP,VIIRS,64.7,18.6,12.1,Nominal,D,0.61,0.71,true,false,Puntos_de_calor_Colombia_2026-09-01.csv,2026-09-02T06:42:01Z,52,Nariño,52260,El Tambo,asignado,cache_geometrico,false,0,,,,asignado,231,2.3.1. Pastos limpios,2,23,231,,,,SI,Landsat_2024_mediana_28042025,,true,1,GDK-09A,(9001937491) SOCIEDAD EXPLORACIONES NORTHERN COLOMBIA S.A.S.,,CARBON\ MINERAL DE COBRE\ MINERAL DE ZINC\ ASOCIADOS\ PLATINO\ MINERAL DE MOLIBDENO\ PLATA,mas_de_5_km,,0,0,0,,,,
a64cf957a1e3f8d03bd6c79b,2026-09-01T12:56-05:00,2026-09-01T17:56:00Z,2026-09-01,0.0283,-70.49767,VIIRS-Suomi-NPP,Suomi-NPP,VIIRS,65.8,20.1,9.7,Nominal,D,0.44,0.46,true,false,Puntos_de_calor_Colombia_2026-09-01.csv,2026-09-02T06:42:01Z,97,Vaupés,97511,Pacoa,asignado,cache_geometrico,false,0,,,,asignado,243,"2.4.3. Mosaico de cultivos, pastos y espacios naturales",2,24,243,,,,SI,L9_561_20240507,,false,0,,,,,mas_de_5_km,,0,0,0,,,,
aa1e775f548c2103dea03e6b,2026-09-01T12:56-05:00,2026-09-01T17:56:00Z,2026-09-01,3.89895,-72.73155,VIIRS-Suomi-NPP,Suomi-NPP,VIIRS,67.8,20.4,10.5,Nominal,D,0.54,0.51,true,false,Puntos_de_calor_Colombia_2026-09-01.csv,2026-09-02T06:42:01Z,50,Meta,50573,Puerto López,asignado,cache_geometrico,false,0,,,,asignado,314,3.1.4. Bosque de galería y ripario,3,31,314,,,,SI,Landsat_2024_mediana_28042025,,false,0,,,,,dentro,0.00,4,0,4,LAV0043-13|LAM1820|LAM3376,AREA DE PERFORACION RETOÑO|AREA DE INTERES DE PERFORACION EXPLORATORIA DENOMINADO TAMANACO|MODIFICACION AREA DE INTERES DE PERFORACION EXPLORATORIA DENOMINADO TAMANACO|BLOQUE DE PERFORACION EXPLORATORIA MENEGUA,ECOPETROL S.A.|PETROTESTING COLOMBIA S.A.|VETRA EXPLORACIÓN Y PRODUCCIÓN COLOMBIA S.A.S. – VETRA EyP S.A.S.,poligono
ab57e832194c88a3e5d093d2,2026-09-01T12:56-05:00,2026-09-01T17:56:00Z,2026-09-01,3.05762,-73.49062,VIIRS-Suomi-NPP,Suomi-NPP,VIIRS,67.2,19.1,11,Nominal,D,0.62,0.54,true,false,Puntos_de_calor_Colombia_2026-09-01.csv,2026-09-02T06:42:01Z,50,Meta,50711,Vistahermosa,asignado,cache_geometrico,false,0,,,,asignado,231,2.3.1. Pastos limpios,2,23,231,,,,SI,Landsat_2024_mediana_28042025,,false,0,,,,,dentro,0.00,1,0,1,LAM4309,AREA DE INTERES DE PERFORACION EXPLORATORIA RIO ARIARI,PETROMINERALES COLOMBIA LTDA,poligono
ae6bdffbe2aaeb52fe607491,2026-09-01T12:56-05:00,2026-09-01T17:56:00Z,2026-09-01,2.26007,-73.07517,VIIRS-Suomi-NPP,Suomi-NPP,VIIRS,54.7,19.2,5.2,Nominal,D,0.6,0.53,true,false,Puntos_de_calor_Colombia_2026-09-01.csv,2026-09-02T06:42:01Z,95,Guaviare,95001,San José Del Guaviare,asignado,cache_geometrico,false,0,,,,asignado,231,2.3.1. Pastos limpios,2,23,231,,,,SI,L8_758_20240114_20240115,,false,0,,,,,mas_de_5_km,,0,0,0,,,,
aece91dbd09dce72bf206211,2026-09-01T12:56-05:00,2026-09-01T17:56:00Z,2026-09-01,3.94851,-70.96688,VIIRS-Suomi-NPP,Suomi-NPP,VIIRS,74.8,20.8,7.8,Nominal,D,0.41,0.45,true,false,Puntos_de_calor_Colombia_2026-09-01.csv,2026-09-02T06:42:01Z,99,Vichada,99773,Cumaribo,asignado,cache_geometrico,false,0,,,,asignado,321111,3.2.1.1.1.1.  Herbazal denso de tierra firme no arbolado,3,32,321,3211,32111,321111,SI,"Landsat_2024_mediana_28042025, L9_657_20240412, L9_557_20240225","GoogleEarth, BingMaps, Planet Medres Normalized Analytic 2024-01 Mosaic",false,0,,,,,mas_de_5_km,,0,0,0,,,,
b231e443d3a8cae812ce6d88,2026-09-01T12:56-05:00,2026-09-01T17:56:00Z,2026-09-01,3.48697,-71.81217,VIIRS-Suomi-NPP,Suomi-NPP,VIIRS,63.5,16.3,6.8,Nominal,D,0.47,0.48,true,false,Puntos_de_calor_Colombia_2026-09-01.csv,2026-09-02T06:42:01Z,50,Meta,50568,Puerto Gaitán,asignado,cache_geometrico,false,0,,,,asignado,314,3.1.4. Bosque de galería y ripario,3,31,314,,,,SI,L9_658_20240224,Planet Medres Normalized Analytic 2024-01 Mosaic,false,0,,,,,entre_1_y_5_km,1447.45,1,0,1,LAM5281,PERFORACIÓN EXPLORATORIA CPO-13,TECPETROL COLOMBIA S.A.S.,poligono
bcee57acb4150fdb4da70074,2026-09-01T12:56-05:00,2026-09-01T17:56:00Z,2026-09-01,0.57458,-75.7039,VIIRS-Suomi-NPP,Suomi-NPP,VIIRS,61.1,15.4,3.8,Nominal,D,0.48,0.65,true,false,Puntos_de_calor_Colombia_2026-09-01.csv,2026-09-02T06:42:01Z,86,Putumayo,86571,Puerto Guzmán,asignado,cache_geometrico,false,0,,,,asignado,243,"2.4.3. Mosaico de cultivos, pastos y espacios naturales",2,24,243,,,,SI,L8_860_20240129,,false,0,,,,,mas_de_5_km,,0,0,0,,,,
ca0fb7304f117d7b2b65ce0f,2026-09-01T12:56-05:00,2026-09-01T17:56:00Z,2026-09-01,0.57551,-70.13376,VIIRS-Suomi-NPP,Suomi-NPP,VIIRS,66.8,21.9,4.5,Nominal,D,0.41,0.45,true,false,Puntos_de_calor_Colombia_2026-09-01.csv,2026-09-02T06:42:01Z,97,Vaupés,97001,Mitú,asignado,cache_geometrico,false,0,,,,asignado,243,"2.4.3. Mosaico de cultivos, pastos y espacios naturales",2,24,243,,,,SI,L9_559_20240304,Web Maps (Bing/ArcGIS/Google),false,0,,,,,mas_de_5_km,,0,0,0,,,,
d1e1b00841b5a0fac34a7271,2026-09-01T12:56-05:00,2026-09-01T17:56:00Z,2026-09-01,3.55256,-71.49069,VIIRS-Suomi-NPP,Suomi-NPP,VIIRS,66.9,21.5,7.1,Nominal,D,0.45,0.47,true,false,Puntos_de_calor_Colombia_2026-09-01.csv,2026-09-02T06:42:01Z,50,Meta,50568,Puerto Gaitán,asignado,cache_geometrico,false,0,,,,asignado,321111,3.2.1.1.1.1.  Herbazal denso de tierra firme no arbolado,3,32,321,3211,32111,321111,SI,"Landsat_2024_mediana_28042025,L9_657_20240412,  L9_658_20240224","Basemap, Planet Medres Normalized Analytic 2024-01 Mosaic",false,0,,,,,entre_1_y_5_km,1036.39,1,0,1,LAV0084-13,AREA DE PERFORACIÓN EXPLORATOIRA CPO13B,TECPETROL COLOMBIA S.A.S,poligono
d22b01f341ea1a3644ad17e3,2026-09-01T12:56-05:00,2026-09-01T17:56:00Z,2026-09-01,3.33692,-71.65699,VIIRS-Suomi-NPP,Suomi-NPP,VIIRS,56.7,20.8,3.1,Nominal,D,0.46,0.47,true,false,Puntos_de_calor_Colombia_2026-09-01.csv,2026-09-02T06:42:01Z,50,Meta,50325,Mapiripán,asignado,cache_geometrico,false,0,,,,asignado,31111,3.1.1.1.1. Bosque denso alto de tierra firme,3,31,311,3111,31111,,SI,L9_658_20240224,,false,0,,,,,mas_de_5_km,,0,0,0,,,,
d55b5168770447a7dd9e291d,2026-09-01T12:56-05:00,2026-09-01T17:56:00Z,2026-09-01,0.97815,-75.4238,VIIRS-Suomi-NPP,Suomi-NPP,VIIRS,61,18.5,6.1,Nominal,D,0.46,0.63,true,false,Puntos_de_calor_Colombia_2026-09-01.csv,2026-09-02T06:42:01Z,18,Caquetá,18860,Valparaíso,asignado,cache_geometrico,false,0,,,,asignado,231,2.3.1. Pastos limpios,2,23,231,,,,SI,L8_859_20240222_20240224,,false,0,,,,,mas_de_5_km,,0,0,0,,,,
d582795f9698ae749ef44842,2026-09-01T12:56-05:00,2026-09-01T17:56:00Z,2026-09-01,0.86079,-76.03698,VIIRS-Suomi-NPP,Suomi-NPP,VIIRS,70,17.1,10.8,Nominal,D,0.5,0.66,true,false,Puntos_de_calor_Colombia_2026-09-01.csv,2026-09-02T06:42:01Z,86,Putumayo,86571,Puerto Guzmán,asignado,cache_geometrico,false,0,,,,asignado,244,2.4.4. Mosaico de pastos con espacios naturales,2,24,244,,,,SI,L8_959_20240221,,false,0,,,,,dentro,0.00,1,0,1,LAM0533,BLOQUE RIO PUTUMAYO (FASE PERFORACION EXPLORATORIA ),RAM PETROLEUM LIMITED,poligono
e22622cab71358fab421c8b1,2026-09-01T12:56-05:00,2026-09-01T17:56:00Z,2026-09-01,1.42262,-77.35237,VIIRS-Suomi-NPP,Suomi-NPP,VIIRS,74.5,18.9,12.4,Nominal,D,0.61,0.71,true,false,Puntos_de_calor_Colombia_2026-09-01.csv,2026-09-02T06:42:01Z,52,Nariño,52260,El Tambo,asignado,cache_geometrico,false,0,,,,asignado,242,2.4.2. Mosaico de pastos y cultivos,2,24,242,,,,SI,Landsat_2024_mediana_28042025,,true,1,GDK-09A,(9001937491) SOCIEDAD EXPLORACIONES NORTHERN COLOMBIA S.A.S.,,CARBON\ MINERAL DE COBRE\ MINERAL DE ZINC\ ASOCIADOS\ PLATINO\ MINERAL DE MOLIBDENO\ PLATA,mas_de_5_km,,0,0,0,,,,
e46f3997b8c42434bd5eef41,2026-09-01T12:56-05:00,2026-09-01T17:56:00Z,2026-09-01,3.19294,-73.22528,VIIRS-Suomi-NPP,Suomi-NPP,VIIRS,62.4,18.2,2.3,Nominal,D,0.59,0.53,true,false,Puntos_de_calor_Colombia_2026-09-01.csv,2026-09-02T06:42:01Z,50,Meta,50577,Puerto Lleras,asignado,cache_geometrico,false,0,,,,asignado,241,2.4.1. Mosaico de cultivos,2,24,241,,,,SI,Landsat_2024_mediana_28042025,,false,0,,,,,dentro,0.00,4,0,4,LAM4873|LAV0010-14|LAM2060|LAM2563,"AREA DE PERFORACION EXPLORATORIA PASTIZAL - PUERTO|ÁREA DE PERFORACIÓN EXPLORATORIA CPO 17 WEST 
(META)|MEJORAMIENTO Y PAVIMENTACIÓN DE LA VÍA FUENTE DE ORO - PUERTO LLERAS - CRUCE PUERTO RICO|MEJORAMIENTO Y PAVIMENTACI?N CARRETERA GRANADA - SAN JOSE DEL GUAVIARE - SECTOR PTO ARTURO - SAN JOSE DEL GUAVIARE.",ECOPETROL S.A.|HOCOL S.A|INSTITUTO NACIONAL DE VÍAS-INVIAS|INSTITUTO NACIONAL DE VIAS - INVIAS,poligono|linea
e80365da131b30829239f6f1,2026-09-01T12:56-05:00,2026-09-01T17:56:00Z,2026-09-01,2.83314,-72.38287,VIIRS-Suomi-NPP,Suomi-NPP,VIIRS,65.1,18.1,11.5,Nominal,D,0.53,0.5,true,false,Puntos_de_calor_Colombia_2026-09-01.csv,2026-09-02T06:42:01Z,50,Meta,50325,Mapiripán,asignado,cache_geometrico,false,0,,,,asignado,321111,3.2.1.1.1.1.  Herbazal denso de tierra firme no arbolado,3,32,321,3211,32111,321111,SI,Landsat_2024_mediana_28042025,GoogleEarth,false,0,,,,,mas_de_5_km,,0,0,0,,,,
e9265094abdefbb21cc0a57a,2026-09-01T12:56-05:00,2026-09-01T17:56:00Z,2026-09-01,3.02281,-76.75764,VIIRS-Suomi-NPP,Suomi-NPP,VIIRS,80.5,14.1,13.8,Nominal,D,0.52,0.67,true,false,Puntos_de_calor_Colombia_2026-09-01.csv,2026-09-02T06:42:01Z,19,Cauca,19780,Suárez,asignado,cache_geometrico,false,0,,,,asignado,2222,2.2.2.2. Café,2,22,222,2222,,,SI,Landsat_2024_mediana_28042025,,false,0,,,,,mas_de_5_km,,0,0,0,,,,
e96f435d72dd2663000e79ac,2026-09-01T12:56-05:00,2026-09-01T17:56:00Z,2026-09-01,0.57606,-70.13013,VIIRS-Suomi-NPP,Suomi-NPP,VIIRS,55,21.6,5.7,Nominal,D,0.41,0.45,true,false,Puntos_de_calor_Colombia_2026-09-01.csv,2026-09-02T06:42:01Z,97,Vaupés,97001,Mitú,asignado,cache_geometrico,false,0,,,,asignado,243,"2.4.3. Mosaico de cultivos, pastos y espacios naturales",2,24,243,,,,SI,L9_559_20240304,Web Maps (Bing/ArcGIS/Google),false,0,,,,,mas_de_5_km,,0,0,0,,,,
ecf01c80ee57d5bb8afa27d8,2026-09-01T12:56-05:00,2026-09-01T17:56:00Z,2026-09-01,2.0463,-74.49918,VIIRS-Suomi-NPP,Suomi-NPP,VIIRS,59.4,19.4,2.6,Nominal,D,0.38,0.59,true,false,Puntos_de_calor_Colombia_2026-09-01.csv,2026-09-02T06:42:01Z,18,Caquetá,18753,San Vicente Del Caguán,asignado,cache_geometrico,false,0,,,,asignado,233,2.3.3. Pastos enmalezados,2,23,233,,,,SI,L8_859_20240410_20240411,,false,0,,,,,mas_de_5_km,,0,0,0,,,,
fd0b12ce7f22bfbc7af19370,2026-09-01T12:56-05:00,2026-09-01T17:56:00Z,2026-09-01,4.558,-68.62637,VIIRS-Suomi-NPP,Suomi-NPP,VIIRS,61.8,18.4,6.4,Nominal,D,0.45,0.39,true,false,Puntos_de_calor_Colombia_2026-09-01.csv,2026-09-02T06:42:01Z,99,Vichada,99773,Cumaribo,asignado,cache_geometrico,false,0,,,,asignado,321111,3.2.1.1.1.1.  Herbazal denso de tierra firme no arbolado,3,32,321,3211,32111,321111,SI,L9_457_20240109,Mosaico Sentinel-2_L2A_False_color 2024-01-27-00_00_2024-01-27-23_59,true,1,BLOQUE 895,,,,mas_de_5_km,,0,0,0,,,,
0854ab3f87fa618efdde9e18,2026-09-01T12:58-05:00,2026-09-01T17:58:00Z,2026-09-01,11.1603,-72.87461,VIIRS-Suomi-NPP,Suomi-NPP,VIIRS,67.9,24.1,3.2,Nominal,D,0.42,0.45,true,false,Puntos_de_calor_Colombia_2026-09-01.csv,2026-09-02T06:42:01Z,44,La Guajira,44001,Riohacha,asignado,cache_geometrico,false,0,,,,asignado,3232,3.2.3.2. Vegetación secundaria baja,3,32,323,3232,,,SI,Landsat_2024_mediana_28042025,,false,0,,,,,entre_1_y_5_km,3262.48,3,0,3,LAV0011-00-2022,Subestación colectora 500kv y líneas de transmisión colectora cuestecitas y cuestecitas la loma 500kv - conexión cuestecitas la loma|Subestación Colectora 500kv y líneas de transmisión Colectora Cuestecitas y Cuestecitas La Loma 500kv - conexión Cuestecitas La Loma,GRUPO ENERGIA BOGOTA S A ESP,poligono|linea
0ac1d8f6cff60b1f31029673,2026-09-01T12:58-05:00,2026-09-01T17:58:00Z,2026-09-01,4.32738,-75.12296,VIIRS-Suomi-NPP,Suomi-NPP,VIIRS,60.2,2.5,3.2,Nominal,D,0.38,0.59,true,false,Puntos_de_calor_Colombia_2026-09-01.csv,2026-09-02T06:42:01Z,73,Tolima,73001,Ibagué,asignado,cache_geometrico,false,0,,,,asignado,244,2.4.4. Mosaico de pastos con espacios naturales,2,24,244,,,,SI,Landsat_2024_mediana_28042025,,false,0,,,,,entre_1_y_5_km,2743.25,25,0,25,LAM4205|LAM1499|LAM1973|LAM2537,"CONSTRUCCIÓN DE LA DOBLE CALZADA VARIANTE DE PICALEÑA|Explotación de la mina de calizas en Payandé - La Esmeralda|SISTEMA GASODUCTO BUENOS AIRES-IBAGUÉ, VARIANTE TRAMO 2|PLAN DE MANEJO AMBIENTAL PARA LA EXPLOTACIÓN DE CALIZAS EN PAYANDÉ|BLOQUE EXPLORATORIO BUGANVILES",CONCESIONARIA SAN RAFAEL S.A.|CEMEX COLOMBIA S.A.|PROMOTORA DE GASES DEL SUR S.A. E.S.P|PETRODORADO SOUTH AMERICA S.A. SUCURSAL COLOMBIA,linea|poligono
0b76dc008a63c754d9c32d3d,2026-09-01T12:58-05:00,2026-09-01T17:58:00Z,2026-09-01,5.87604,-68.7775,VIIRS-Suomi-NPP,Suomi-NPP,VIIRS,58.6,22.2,4.1,Baja,D,0.44,0.38,true,false,Puntos_de_calor_Colombia_2026-09-01.csv,2026-09-02T06:42:01Z,99,Vichada,99001,Puerto Carreño,asignado,cache_geometrico,false,0,,,,asignado,321111,3.2.1.1.1.1.  Herbazal denso de tierra firme no arbolado,3,32,321,3211,32111,321111,SI,Landsat_2024_mediana_28042025,GoogleEarth,false,0,,,,,mas_de_5_km,,0,0,0,,,,
0c079f086111b22530b1a077,2026-09-01T12:58-05:00,2026-09-01T17:58:00Z,2026-09-01,11.16715,-72.86802,VIIRS-Suomi-NPP,Suomi-NPP,VIIRS,81.5,25.1,10.4,Nominal,D,0.42,0.45,true,false,Puntos_de_calor_Colombia_2026-09-01.csv,2026-09-02T06:42:01Z,44,La Guajira,44001,Riohacha,asignado,cache_geometrico,false,0,,,,asignado,233,2.3.3. Pastos enmalezados,2,23,233,,,,SI,Landsat_2024_mediana_28042025,"GoogleEarth, Basemap",false,0,,,,,entre_1_y_5_km,3290.49,3,0,3,LAV0011-00-2022,Subestación colectora 500kv y líneas de transmisión colectora cuestecitas y cuestecitas la loma 500kv - conexión cuestecitas la loma|Subestación Colectora 500kv y líneas de transmisión Colectora Cuestecitas y Cuestecitas La Loma 500kv - conexión Cuestecitas La Loma,GRUPO ENERGIA BOGOTA S A ESP,poligono|linea
0cf7c7b1ea78c381df402b93,2026-09-01T12:58-05:00,2026-09-01T17:58:00Z,2026-09-01,5.13324,-70.57294,VIIRS-Suomi-NPP,Suomi-NPP,VIIRS,76,23.5,7.2,Nominal,D,0.56,0.43,true,false,Puntos_de_calor_Colombia_2026-09-01.csv,2026-09-02T06:42:01Z,99,Vichada,99624,Santa Rosalía,asignado,cache_geometrico,false,0,,,,asignado,231,2.3.1. Pastos limpios,2,23,231,,,,SI,Landsat_2024_mediana_28042025,GoogleEarth,false,0,,,,,mas_de_5_km,,0,0,0,,,,
0fa0befd07a3ba148d98e5db,2026-09-01T12:58-05:00,2026-09-01T17:58:00Z,2026-09-01,6.00086,-71.99176,VIIRS-Suomi-NPP,Suomi-NPP,VIIRS,72.4,19.4,7.1,Nominal,D,0.44,0.46,true,false,Puntos_de_calor_Colombia_2026-09-01.csv,2026-09-02T06:42:01Z,85,Casanare,85250,Paz De Ariporo,asignado,cache_geometrico,false,0,,,,asignado,3221,3.2.2.1. Arbustal denso,3,32,322,3221,,,SI,Landsat_2024_mediana_28042025,,false,0,,,,,mas_de_5_km,,0,0,0,,,,
11467f3b58590fdc54e2a5fd,2026-09-01T12:58-05:00,2026-09-01T17:58:00Z,2026-09-01,5.62991,-69.88007,VIIRS-Suomi-NPP,Suomi-NPP,VIIRS,57,22.2,4.3,Nominal,D,0.5,0.41,true,false,Puntos_de_calor_Colombia_2026-09-01.csv,2026-09-02T06:42:01Z,99,Vichada,99524,La Primavera,asignado,cache_geometrico,false,0,,,,asignado,231,2.3.1. Pastos limpios,2,23,231,,,,SI,Landsat_2024_mediana_28042025,GoogleEarth,false,0,,,,,mas_de_5_km,,0,0,0,,,,
120429c88f35548f7dbee317,2026-09-01T12:58-05:00,2026-09-01T17:58:00Z,2026-09-01,4.89508,-70.63449,VIIRS-Suomi-NPP,Suomi-NPP,VIIRS,58,18.9,4.5,Nominal,D,0.57,0.43,true,false,Puntos_de_calor_Colombia_2026-09-01.csv,2026-09-02T06:42:01Z,99,Vichada,99624,Santa Rosalía,asignado,cache_geometrico,false,0,,,,asignado,321111,3.2.1.1.1.1.  Herbazal denso de tierra firme no arbolado,3,32,321,3211,32111,321111,SI,Landsat_2024_mediana_28042025,GoogleEarth,false,0,,,,,mas_de_5_km,,0,0,0,,,,
122586d1d7f8f807759199eb,2026-09-01T12:58-05:00,2026-09-01T17:58:00Z,2026-09-01,8.20115,-73.01627,VIIRS-Suomi-NPP,Suomi-NPP,VIIRS,52.9,12.5,4.9,Nominal,D,0.48,0.48,true,false,Puntos_de_calor_Colombia_2026-09-01.csv,2026-09-02T06:42:01Z,54,Norte De Santander,54003,Ábrego,asignado,cache_geometrico,false,0,,,,asignado,242,2.4.2. Mosaico de pastos y cultivos,2,24,242,,,,SI,Landsat_2024_mediana_28042025,,false,0,,,,,mas_de_5_km,,0,0,0,,,,
21be124f2955634450fad879,2026-09-01T12:58-05:00,2026-09-01T17:58:00Z,2026-09-01,5.01219,-68.53551,VIIRS-Suomi-NPP,Suomi-NPP,VIIRS,57,18.5,4,Baja,D,0.44,0.38,true,false,Puntos_de_calor_Colombia_2026-09-01.csv,2026-09-02T06:42:01Z,99,Vichada,99773,Cumaribo,asignado,cache_geometrico,false,0,,,,asignado,31112,3.1.1.1.2. Bosque denso alto inundable,3,31,311,3111,31112,,SI,Landsat_2024_mediana_28042025,GoogleEarth,true,1,BLOQUE 895,,,,mas_de_5_km,,0,0,0,,,,
236c0a479138af4126d7a660,2026-09-01T12:58-05:00,2026-09-01T17:58:00Z,2026-09-01,4.62733,-70.33088,VIIRS-Suomi-NPP,Suomi-NPP,VIIRS,67.1,21.8,5.5,Nominal,D,0.55,0.43,true,false,Puntos_de_calor_Colombia_2026-09-01.csv,2026-09-02T06:42:01Z,99,Vichada,99773,Cumaribo,asignado,cache_geometrico,false,0,,,,asignado,321111,3.2.1.1.1.1.  Herbazal denso de tierra firme no arbolado,3,32,321,3211,32111,321111,SI,Landsat_2024_mediana_28042025,GoogleEarth,false,0,,,,,mas_de_5_km,,0,0,0,,,,
2be90fd80643f03456e47cff,2026-09-01T12:58-05:00,2026-09-01T17:58:00Z,2026-09-01,6.35365,-71.78495,VIIRS-Suomi-NPP,Suomi-NPP,VIIRS,65.4,22.2,7.4,Nominal,D,0.43,0.46,true,false,Puntos_de_calor_Colombia_2026-09-01.csv,2026-09-02T06:42:01Z,81,Arauca,81794,Tame,asignado,cache_geometrico,false,0,,,,asignado,321111,3.2.1.1.1.1.  Herbazal denso de tierra firme no arbolado,3,32,321,3211,32111,321111,SI,Landsat_2024_mediana_28042025,,false,0,,,,,dentro,0.00,1,0,1,LAM1481,AREA DE INTERES DE PERFORACION EXPLORATORIA DEL BLOQUE TOCORAGUA,ECOPETROL S.A.,poligono
345bb2221af764e70cf2de2b,2026-09-01T12:58-05:00,2026-09-01T17:58:00Z,2026-09-01,8.10053,-73.82018,VIIRS-Suomi-NPP,Suomi-NPP,VIIRS,58.6,19.3,4.6,Nominal,D,0.54,0.51,true,false,Puntos_de_calor_Colombia_2026-09-01.csv,2026-09-02T06:42:01Z,68,Santander,68575,Puerto Wilches,asignado,cache_geometrico,false,0,,,,asignado,242,2.4.2. Mosaico de pastos y cultivos,2,24,242,,,,SI,Landsat_2024_mediana_28042025,GoogleEarth,false,0,,,,,mas_de_5_km,,0,0,0,,,,
3632827c7a61eeb624b61c9a,2026-09-01T12:58-05:00,2026-09-01T17:58:00Z,2026-09-01,4.9002,-69.31757,VIIRS-Suomi-NPP,Suomi-NPP,VIIRS,69.9,20,4.9,Baja,D,0.48,0.4,true,false,Puntos_de_calor_Colombia_2026-09-01.csv,2026-09-02T06:42:01Z,99,Vichada,99773,Cumaribo,asignado,cache_geometrico,false,0,,,,asignado,321121,3.2.1.1.2.1. Herbazal denso inundable no arbolado,3,32,321,3211,32112,321121,SI,Landsat_2024_mediana_28042025,GoogleEarth,false,0,,,,,mas_de_5_km,,0,0,0,,,,
3eaafc3b00e9451f81ec8742,2026-09-01T12:58-05:00,2026-09-01T17:58:00Z,2026-09-01,5.13243,-70.57799,VIIRS-Suomi-NPP,Suomi-NPP,VIIRS,59.6,21.8,7.2,Nominal,D,0.56,0.43,true,false,Puntos_de_calor_Colombia_2026-09-01.csv,2026-09-02T06:42:01Z,99,Vichada,99624,Santa Rosalía,asignado,cache_geometrico,false,0,,,,asignado,231,2.3.1. Pastos limpios,2,23,231,,,,SI,Landsat_2024_mediana_28042025,GoogleEarth,false,0,,,,,mas_de_5_km,,0,0,0,,,,
4286cc227ed44b27e14b469d,2026-09-01T12:58-05:00,2026-09-01T17:58:00Z,2026-09-01,5.01114,-68.51914,VIIRS-Suomi-NPP,Suomi-NPP,VIIRS,75.3,21.5,9.8,Nominal,D,0.44,0.38,true,false,Puntos_de_calor_Colombia_2026-09-01.csv,2026-09-02T06:42:01Z,99,Vichada,99773,Cumaribo,asignado,cache_geometrico,false,0,,,,asignado,321111,3.2.1.1.1.1.  Herbazal denso de tierra firme no arbolado,3,32,321,3211,32111,321111,SI,Landsat_2024_mediana_28042025,GoogleEarth,true,1,BLOQUE 895,,,,mas_de_5_km,,0,0,0,,,,
45ec84ce3cd18351c8af7b51,2026-09-01T12:58-05:00,2026-09-01T17:58:00Z,2026-09-01,4.72886,-70.17401,VIIRS-Suomi-NPP,Suomi-NPP,VIIRS,60.1,23.2,4.7,Nominal,D,0.54,0.42,true,false,Puntos_de_calor_Colombia_2026-09-01.csv,2026-09-02T06:42:01Z,99,Vichada,99773,Cumaribo,asignado,cache_geometrico,false,0,,,,asignado,321111,3.2.1.1.1.1.  Herbazal denso de tierra firme no arbolado,3,32,321,3211,32111,321111,SI,Landsat_2024_mediana_28042025,GoogleEarth,false,0,,,,,mas_de_5_km,,0,0,0,,,,
51e36628882d88aee2f48721,2026-09-01T12:58-05:00,2026-09-01T17:58:00Z,2026-09-01,9.94684,-73.36118,VIIRS-Suomi-NPP,Suomi-NPP,VIIRS,65.1,17,4.6,Nominal,D,0.47,0.48,true,false,Puntos_de_calor_Colombia_2026-09-01.csv,2026-09-02T06:42:01Z,20,Cesar,20013,Agustín Codazzi,asignado,cache_geometrico,false,0,,,,asignado,244,2.4.4. Mosaico de pastos con espacios naturales,2,24,244,,,,SI,Landsat_2024_mediana_28042025,,false,0,,,,,mas_de_5_km,,0,0,0,,,,
55167faacf91c68f98697e8e,2026-09-01T12:58-05:00,2026-09-01T17:58:00Z,2026-09-01,5.01405,-68.52364,VIIRS-Suomi-NPP,Suomi-NPP,VIIRS,73.4,20.8,11.1,Nominal,D,0.44,0.38,true,false,Puntos_de_calor_Colombia_2026-09-01.csv,2026-09-02T06:42:01Z,99,Vichada,99773,Cumaribo,asignado,cache_geometrico,false,0,,,,asignado,321111,3.2.1.1.1.1.  Herbazal denso de tierra firme no arbolado,3,32,321,3211,32111,321111,SI,Landsat_2024_mediana_28042025,GoogleEarth,true,1,BLOQUE 895,,,,mas_de_5_km,,0,0,0,,,,
553107ea67972ec6b9c32b0d,2026-09-01T12:58-05:00,2026-09-01T17:58:00Z,2026-09-01,5.26681,-69.11954,VIIRS-Suomi-NPP,Suomi-NPP,VIIRS,66.7,23.6,7.5,Nominal,D,0.46,0.39,true,false,Puntos_de_calor_Colombia_2026-09-01.csv,2026-09-02T06:42:01Z,99,Vichada,99524,La Primavera,asignado,cache_geometrico,true,1,83,El Tuparro,Parque Nacional Natural,asignado,321111,3.2.1.1.1.1.  Herbazal denso de tierra firme no arbolado,3,32,321,3211,32111,321111,SI,Landsat8_556_24/01/2024,,false,0,,,,,mas_de_5_km,,0,0,0,,,,
55fff563c4d193146818bd3a,2026-09-01T12:58-05:00,2026-09-01T17:58:00Z,2026-09-01,8.10801,-72.61002,VIIRS-Suomi-NPP,Suomi-NPP,VIIRS,83.2,16.2,10.1,Baja,D,0.45,0.47,true,false,Puntos_de_calor_Colombia_2026-09-01.csv,2026-09-02T06:42:01Z,54,Norte De Santander,54261,El Zulia,asignado,cache_geometrico,false,0,,,,asignado,321113,3.2.1.1.1.3.  Herbazal denso de tierra firme con arbustos,3,32,321,3211,32111,321113,SI,Landsat_2024_mediana_28042025,GoogleEarth,false,0,,,,,mas_de_5_km,,0,0,0,,,,
6076eccbdebe908d48ffd937,2026-09-01T12:58-05:00,2026-09-01T17:58:00Z,2026-09-01,5.08709,-71.01678,VIIRS-Suomi-NPP,Suomi-NPP,VIIRS,60.1,19.1,3.6,Nominal,D,0.4,0.44,true,false,Puntos_de_calor_Colombia_2026-09-01.csv,2026-09-02T06:42:01Z,85,Casanare,85325,San Luis De Palenque,asignado,cache_geometrico,false,0,,,,asignado,321121,3.2.1.1.2.1. Herbazal denso inundable no arbolado,3,32,321,3211,32112,321121,SI,Landsat_2024_mediana_28042025,GoogleEarth,false,0,,,,,mas_de_5_km,,0,0,0,,,,
63df42298c2a7b73493a823e,2026-09-01T12:58-05:00,2026-09-01T17:58:00Z,2026-09-01,11.1575,-72.87411,VIIRS-Suomi-NPP,Suomi-NPP,VIIRS,66.7,23.7,3.3,Nominal,D,0.42,0.45,true,false,Puntos_de_calor_Colombia_2026-09-01.csv,2026-09-02T06:42:01Z,44,La Guajira,44001,Riohacha,asignado,cache_geometrico,false,0,,,,asignado,244,2.4.4. Mosaico de pastos con espacios naturales,2,24,244,,,,SI,Landsat_2024_mediana_28042025,"GoogleEarth, Basemap",false,0,,,,,entre_1_y_5_km,3510.09,3,0,3,LAV0011-00-2022,Subestación colectora 500kv y líneas de transmisión colectora cuestecitas y cuestecitas la loma 500kv - conexión cuestecitas la loma|Subestación Colectora 500kv y líneas de transmisión Colectora Cuestecitas y Cuestecitas La Loma 500kv - conexión Cuestecitas La Loma,GRUPO ENERGIA BOGOTA S A ESP,poligono|linea
66aef62368cb6dcde50fed01,2026-09-01T12:58-05:00,2026-09-01T17:58:00Z,2026-09-01,6.1742,-69.07413,VIIRS-Suomi-NPP,Suomi-NPP,VIIRS,62.1,22.8,4.7,Nominal,D,0.45,0.39,true,false,Puntos_de_calor_Colombia_2026-09-01.csv,2026-09-02T06:42:01Z,99,Vichada,99524,La Primavera,asignado,cache_geometrico,false,0,,,,asignado,321111,3.2.1.1.1.1.  Herbazal denso de tierra firme no arbolado,3,32,321,3211,32111,321111,SI,Landsat_2024_mediana_28042025,GoogleEarth,true,1,TAM-09231,(8000940678) DEPARTAMENTO DEL VICHADA,Sin Información,MATERIALES DE CONSTRUCCIÓN,mas_de_5_km,,0,0,0,,,,
6e2507bce16265307e0c4df3,2026-09-01T12:58-05:00,2026-09-01T17:58:00Z,2026-09-01,4.21011,-71.07726,VIIRS-Suomi-NPP,Suomi-NPP,VIIRS,76.3,21.6,11.4,Nominal,D,0.41,0.45,true,false,Puntos_de_calor_Colombia_2026-09-01.csv,2026-09-02T06:42:01Z,99,Vichada,99773,Cumaribo,asignado,cache_geometrico,false,0,,,,asignado,321111,3.2.1.1.1.1.  Herbazal denso de tierra firme no arbolado,3,32,321,3211,32111,321111,SI,Landsat_2024_mediana_28042025,"GoogleEarth, BingMaps",false,0,,,,,dentro,0.00,1,0,1,LAV0090-00-2014,ÁREA DE PERFORACIÓN EXPLORATORIA CPO-8 SUR,ECOPETROL S.A.,poligono
7458c6a55f5f4b182738dda5,2026-09-01T12:58-05:00,2026-09-01T17:58:00Z,2026-09-01,4.79165,-70.75804,VIIRS-Suomi-NPP,Suomi-NPP,VIIRS,77.7,17.9,7.5,Nominal,D,0.39,0.44,true,false,Puntos_de_calor_Colombia_2026-09-01.csv,2026-09-02T06:42:01Z,99,Vichada,99773,Cumaribo,asignado,cache_geometrico,false,0,,,,asignado,321111,3.2.1.1.1.1.  Herbazal denso de tierra firme no arbolado,3,32,321,3211,32111,321111,SI,Landsat_2024_mediana_28042025,GoogleEarth,false,0,,,,,mas_de_5_km,,0,0,0,,,,
80e103e67a5694cf9db28a32,2026-09-01T12:58-05:00,2026-09-01T17:58:00Z,2026-09-01,5.00865,-68.53498,VIIRS-Suomi-NPP,Suomi-NPP,VIIRS,74.4,18.1,7.2,Nominal,D,0.44,0.38,true,false,Puntos_de_calor_Colombia_2026-09-01.csv,2026-09-02T06:42:01Z,99,Vichada,99773,Cumaribo,asignado,cache_geometrico,false,0,,,,asignado,321111,3.2.1.1.1.1.  Herbazal denso de tierra firme no arbolado,3,32,321,3211,32111,321111,SI,Landsat_2024_mediana_28042025,GoogleEarth,true,1,BLOQUE 895,,,,mas_de_5_km,,0,0,0,,,,
8ef68e9ffde7357ff56e2c29,2026-09-01T12:58-05:00,2026-09-01T17:58:00Z,2026-09-01,11.05603,-73.1035,VIIRS-Suomi-NPP,Suomi-NPP,VIIRS,69.4,22.2,6.4,Nominal,D,0.44,0.46,true,false,Puntos_de_calor_Colombia_2026-09-01.csv,2026-09-02T06:42:01Z,44,La Guajira,44001,Riohacha,asignado,cache_geometrico,false,0,,,,asignado,3232,3.2.3.2. Vegetación secundaria baja,3,32,323,3232,,,SI,Landsat_2024_mediana_28042025,"GoogleEarth, Basemap",false,0,,,,,mas_de_5_km,,0,0,0,,,,
9545661ac484b2c18d194e4f,2026-09-01T12:58-05:00,2026-09-01T17:58:00Z,2026-09-01,4.99466,-67.88677,VIIRS-Suomi-NPP,Suomi-NPP,VIIRS,57.9,20.4,4,Baja,D,0.42,0.37,true,false,Puntos_de_calor_Colombia_2026-09-01.csv,2026-09-02T06:42:01Z,99,Vichada,99773,Cumaribo,asignado,cache_geometrico,false,0,,,,asignado,32121,3.2.1.2.1. Herbazal abierto arenoso,3,32,321,3212,32121,,SI,Landsat_2024_mediana_28042025,GoogleEarth,false,0,,,,,mas_de_5_km,,0,0,0,,,,
963d494c30b460f1f0047e3d,2026-09-01T12:58-05:00,2026-09-01T17:58:00Z,2026-09-01,8.18402,-72.98359,VIIRS-Suomi-NPP,Suomi-NPP,VIIRS,80.2,21.9,26.4,Nominal,D,0.48,0.48,true,false,Puntos_de_calor_Colombia_2026-09-01.csv,2026-09-02T06:42:01Z,54,Norte De Santander,54003,Ábrego,asignado,cache_geometrico,false,0,,,,asignado,231,2.3.1. Pastos limpios,2,23,231,,,,SI,Landsat_2024_mediana_28042025,GoogleEarth,false,0,,,,,mas_de_5_km,,0,0,0,,,,
97cadc4b50cac6a0e1e622e6,2026-09-01T12:58-05:00,2026-09-01T17:58:00Z,2026-09-01,8.0632,-73.77518,VIIRS-Suomi-NPP,Suomi-NPP,VIIRS,67.7,19.2,10.2,Nominal,D,0.54,0.51,true,false,Puntos_de_calor_Colombia_2026-09-01.csv,2026-09-02T06:42:01Z,68,Santander,68575,Puerto Wilches,asignado,cache_geometrico,false,0,,,,asignado,411,4.1.1. Zonas pantanosas,4,41,411,,,,SI,Landsat_2024_mediana_28042025,GoogleEarth,false,0,,,,,entre_1_y_5_km,1414.28,3,0,3,LAM2317|LAM5353|LAM5771,CAMPO BARRANCA-LEBRIJA|BLOQUE EXPLORATORIO VALLE MEDIO DEL MAGDALENA 2- VMM2|AREA DE PÉRFORACION EXPLORATORIA SANTA ISABEL,ECOPETROL S.A.|VETRA EXPLORACIÓN Y PRODUCCIÓN COLOMBIA S.A.S. – VETRA EyP S.A.S.|GREEN POWER SUCURSAL COLOMBIA,poligono
9d6195c02f770394e670c3be,2026-09-01T12:58-05:00,2026-09-01T17:58:00Z,2026-09-01,5.02439,-68.48079,VIIRS-Suomi-NPP,Suomi-NPP,VIIRS,60.5,21,8.9,Baja,D,0.44,0.38,true,false,Puntos_de_calor_Colombia_2026-09-01.csv,2026-09-02T06:42:01Z,99,Vichada,99773,Cumaribo,asignado,cache_geometrico,false,0,,,,asignado,321121,3.2.1.1.2.1. Herbazal denso inundable no arbolado,3,32,321,3211,32112,321121,SI,Landsat_2024_mediana_28042025,GoogleEarth,true,1,BLOQUE 895,,,,mas_de_5_km,,0,0,0,,,,
9e92fa21f7a6093fedb64afd,2026-09-01T12:58-05:00,2026-09-01T17:58:00Z,2026-09-01,5.82723,-69.04288,VIIRS-Suomi-NPP,Suomi-NPP,VIIRS,61.2,24.2,7.4,Baja,D,0.45,0.39,true,false,Puntos_de_calor_Colombia_2026-09-01.csv,2026-09-02T06:42:01Z,99,Vichada,99524,La Primavera,asignado,cache_geometrico,false,0,,,,asignado,244,2.4.4. Mosaico de pastos con espacios naturales,2,24,244,,,,SI,Landsat_2024_mediana_28042025,GoogleEarth,false,0,,,,,mas_de_5_km,,0,0,0,,,,
a0528943409c9ffb848be1b2,2026-09-01T12:58-05:00,2026-09-01T17:58:00Z,2026-09-01,5.67874,-67.73217,VIIRS-Suomi-NPP,Suomi-NPP,VIIRS,59.8,25.8,1.6,Baja,D,0.41,0.37,true,false,Puntos_de_calor_Colombia_2026-09-01.csv,2026-09-02T06:42:01Z,99,Vichada,99001,Puerto Carreño,asignado,cache_geometrico,false,0,,,,asignado,32121,3.2.1.2.1. Herbazal abierto arenoso,3,32,321,3212,32121,,SI,Landsat_2024_mediana_28042025,GoogleEarth,true,1,Bloque889,,,,mas_de_5_km,,0,0,0,,,,
a6ba8a644b7272074bb37cb9,2026-09-01T12:58-05:00,2026-09-01T17:58:00Z,2026-09-01,4.99407,-67.89053,VIIRS-Suomi-NPP,Suomi-NPP,VIIRS,62.9,20.9,4,Nominal,D,0.42,0.37,true,false,Puntos_de_calor_Colombia_2026-09-01.csv,2026-09-02T06:42:01Z,99,Vichada,99773,Cumaribo,asignado,cache_geometrico,false,0,,,,asignado,32121,3.2.1.2.1. Herbazal abierto arenoso,3,32,321,3212,32121,,SI,Landsat_2024_mediana_28042025,GoogleEarth,false,0,,,,,mas_de_5_km,,0,0,0,,,,
a6be2c0f2667a0762bfa6927,2026-09-01T12:58-05:00,2026-09-01T17:58:00Z,2026-09-01,4.79622,-70.7552,VIIRS-Suomi-NPP,Suomi-NPP,VIIRS,60.5,15.2,7.5,Nominal,D,0.39,0.44,true,false,Puntos_de_calor_Colombia_2026-09-01.csv,2026-09-02T06:42:01Z,99,Vichada,99773,Cumaribo,asignado,cache_geometrico,false,0,,,,asignado,321111,3.2.1.1.1.1.  Herbazal denso de tierra firme no arbolado,3,32,321,3211,32111,321111,SI,Landsat_2024_mediana_28042025,GoogleEarth,false,0,,,,,mas_de_5_km,,0,0,0,,,,
a927cfab94923ebb9e78174a,2026-09-01T12:58-05:00,2026-09-01T17:58:00Z,2026-09-01,5.01777,-68.49995,VIIRS-Suomi-NPP,Suomi-NPP,VIIRS,58.3,21.6,10.3,Baja,D,0.44,0.38,true,false,Puntos_de_calor_Colombia_2026-09-01.csv,2026-09-02T06:42:01Z,99,Vichada,99773,Cumaribo,asignado,cache_geometrico,false,0,,,,asignado,321121,3.2.1.1.2.1. Herbazal denso inundable no arbolado,3,32,321,3211,32112,321121,SI,Landsat_2024_mediana_28042025,GoogleEarth,true,1,BLOQUE 895,,,,mas_de_5_km,,0,0,0,,,,
a99ccfee9b5976d2f99d9aac,2026-09-01T12:58-05:00,2026-09-01T17:58:00Z,2026-09-01,11.13653,-72.83835,VIIRS-Suomi-NPP,Suomi-NPP,VIIRS,66.1,22.2,4.1,Nominal,D,0.42,0.45,true,false,Puntos_de_calor_Colombia_2026-09-01.csv,2026-09-02T06:42:01Z,44,La Guajira,44001,Riohacha,asignado,cache_geometrico,false,0,,,,asignado,233,2.3.3. Pastos enmalezados,2,23,233,,,,SI,Landsat_2024_mediana_28042025,"GoogleEarth, Basemap",false,0,,,,,mas_de_5_km,,0,0,0,,,,
ae0f29be214a9d0f4aa7dab4,2026-09-01T12:58-05:00,2026-09-01T17:58:00Z,2026-09-01,4.76196,-70.04192,VIIRS-Suomi-NPP,Suomi-NPP,VIIRS,60.1,21.6,6,Nominal,D,0.53,0.42,true,false,Puntos_de_calor_Colombia_2026-09-01.csv,2026-09-02T06:42:01Z,99,Vichada,99773,Cumaribo,asignado,cache_geometrico,false,0,,,,asignado,314,3.1.4. Bosque de galería y ripario,3,31,314,,,,SI,Landsat_2024_mediana_28042025,"GoogleEarth, BingMaps",false,0,,,,,mas_de_5_km,,0,0,0,,,,
af2e2a91e2eb3c587cd44e40,2026-09-01T12:58-05:00,2026-09-01T17:58:00Z,2026-09-01,5.15374,-70.59692,VIIRS-Suomi-NPP,Suomi-NPP,VIIRS,60.2,22.5,5.2,Nominal,D,0.56,0.43,true,false,Puntos_de_calor_Colombia_2026-09-01.csv,2026-09-02T06:42:01Z,99,Vichada,99624,Santa Rosalía,asignado,cache_geometrico,false,0,,,,asignado,321111,3.2.1.1.1.1.  Herbazal denso de tierra firme no arbolado,3,32,321,3211,32111,321111,SI,Landsat_2024_mediana_28042025,GoogleEarth,false,0,,,,,mas_de_5_km,,0,0,0,,,,
b0bb332f71222e159b597584,2026-09-01T12:58-05:00,2026-09-01T17:58:00Z,2026-09-01,4.46209,-70.26436,VIIRS-Suomi-NPP,Suomi-NPP,VIIRS,60.4,19.5,2.3,Nominal,D,0.55,0.43,true,false,Puntos_de_calor_Colombia_2026-09-01.csv,2026-09-02T06:42:01Z,99,Vichada,99773,Cumaribo,asignado,cache_geometrico,false,0,,,,asignado,321111,3.2.1.1.1.1.  Herbazal denso de tierra firme no arbolado,3,32,321,3211,32111,321111,SI,Landsat_2024_mediana_28042025,"GoogleEarth, BingMaps",false,0,,,,,mas_de_5_km,,0,0,0,,,,
b4f90cba7499d1e2f800f153,2026-09-01T12:58-05:00,2026-09-01T17:58:00Z,2026-09-01,5.55283,-72.41994,VIIRS-Suomi-NPP,Suomi-NPP,VIIRS,62.9,16.7,5,Nominal,D,0.48,0.48,true,false,Puntos_de_calor_Colombia_2026-09-01.csv,2026-09-02T06:42:01Z,85,Casanare,85001,Yopal,asignado,cache_geometrico,false,0,,,,asignado,231,2.3.1. Pastos limpios,2,23,231,,,,SI,Landsat_2024_mediana_28042025,,false,0,,,,,entre_1_y_5_km,4822.27,1,0,1,LAM0222,"PERFORACION EXPLORATORIA DEL AREA DE POZOS PAYERO A. PIEDEMONTE SUR PAUTO C, FLOREÑA N C, B, D, E, J, O, K. A",BP EXPLORATION COMPANY (COLOMBIA) LTD,poligono
b83eedde2876df6ad7449e1c,2026-09-01T12:58-05:00,2026-09-01T17:58:00Z,2026-09-01,5.86771,-68.78437,VIIRS-Suomi-NPP,Suomi-NPP,VIIRS,61.9,24.9,36.8,Baja,D,0.44,0.39,true,false,Puntos_de_calor_Colombia_2026-09-01.csv,2026-09-02T06:42:01Z,99,Vichada,99001,Puerto Carreño,asignado,cache_geometrico,false,0,,,,asignado,321111,3.2.1.1.1.1.  Herbazal denso de tierra firme no arbolado,3,32,321,3211,32111,321111,SI,Landsat_2024_mediana_28042025,GoogleEarth,false,0,,,,,mas_de_5_km,,0,0,0,,,,
b8f2e08e550ba8167f109e0d,2026-09-01T12:58-05:00,2026-09-01T17:58:00Z,2026-09-01,4.47855,-70.94723,VIIRS-Suomi-NPP,Suomi-NPP,VIIRS,59.6,21.3,4.3,Nominal,D,0.4,0.44,true,false,Puntos_de_calor_Colombia_2026-09-01.csv,2026-09-02T06:42:01Z,99,Vichada,99773,Cumaribo,asignado,cache_geometrico,false,0,,,,asignado,321111,3.2.1.1.1.1.  Herbazal denso de tierra firme no arbolado,3,32,321,3211,32111,321111,SI,Landsat_2024_mediana_28042025,"GoogleEarth, BingMaps",false,0,,,,,mas_de_5_km,,0,0,0,,,,
bce2951b6527a41bad817428,2026-09-01T12:58-05:00,2026-09-01T17:58:00Z,2026-09-01,4.91274,-69.89587,VIIRS-Suomi-NPP,Suomi-NPP,VIIRS,61.2,22,5.8,Baja,D,0.51,0.41,true,false,Puntos_de_calor_Colombia_2026-09-01.csv,2026-09-02T06:42:01Z,99,Vichada,99773,Cumaribo,asignado,cache_geometrico,false,0,,,,asignado,321122,3.2.1.1.2.2. Herbazal denso inundable arbolado,3,32,321,3211,32112,321122,SI,Landsat_2024_mediana_28042025,GoogleEarth,false,0,,,,,mas_de_5_km,,0,0,0,,,,
c5ae71edbe6a26e9067bff31,2026-09-01T12:58-05:00,2026-09-01T17:58:00Z,2026-09-01,5.77934,-67.87248,VIIRS-Suomi-NPP,Suomi-NPP,VIIRS,61.8,26.2,5,Nominal,D,0.41,0.37,true,false,Puntos_de_calor_Colombia_2026-09-01.csv,2026-09-02T06:42:01Z,99,Vichada,99001,Puerto Carreño,asignado,cache_geometrico,false,0,,,,asignado,321111,3.2.1.1.1.1.  Herbazal denso de tierra firme no arbolado,3,32,321,3211,32111,321111,SI,Landsat_2024_mediana_28042025,GoogleEarth,true,1,Bloque889,,,,mas_de_5_km,,0,0,0,,,,
c6deccb4ce8f64ce27cf6448,2026-09-01T12:58-05:00,2026-09-01T17:58:00Z,2026-09-01,10.37854,-73.34016,VIIRS-Suomi-NPP,Suomi-NPP,VIIRS,66.9,19.9,4.6,Nominal,D,0.46,0.47,true,false,Puntos_de_calor_Colombia_2026-09-01.csv,2026-09-02T06:42:01Z,20,Cesar,20001,Valledupar,asignado,cache_geometrico,false,0,,,,asignado,233,2.3.3. Pastos enmalezados,2,23,233,,,,SI,Landsat_2024_mediana_28042025,,false,0,,,,,hasta_1_km,103.91,2,0,2,LAM2941|LAV0038-00-2015,"LÍNEA DE TRANSMISIÓN A 500 KV, CIRCUITO SENCILLO BOLIVAR – COPY – OCAÑA – PRIMAVERA Y ASOCIADAS|RUTA DEL SOL SECTOR 3 - CONSTRUCCIÓN SEGUNDA CALZADA DE VALLEDUPAR - BOSCONIA - YE DE CIÉNAGA",INTERCONEXION ELECTRICA S.A. E.S.P.|YUMA CONCESIONARIA S.A.,linea
c83ab16ac40ab004e61dcafc,2026-09-01T12:58-05:00,2026-09-01T17:58:00Z,2026-09-01,8.06403,-73.77028,VIIRS-Suomi-NPP,Suomi-NPP,VIIRS,69,19.4,15,Nominal,D,0.54,0.51,true,false,Puntos_de_calor_Colombia_2026-09-01.csv,2026-09-02T06:42:01Z,68,Santander,68575,Puerto Wilches,asignado,cache_geometrico,false,0,,,,asignado,411,4.1.1. Zonas pantanosas,4,41,411,,,,SI,Landsat_2024_mediana_28042025,GoogleEarth,false,0,,,,,hasta_1_km,877.35,3,0,3,LAM2317|LAM5353|LAM5771,CAMPO BARRANCA-LEBRIJA|BLOQUE EXPLORATORIO VALLE MEDIO DEL MAGDALENA 2- VMM2|AREA DE PÉRFORACION EXPLORATORIA SANTA ISABEL,ECOPETROL S.A.|VETRA EXPLORACIÓN Y PRODUCCIÓN COLOMBIA S.A.S. – VETRA EyP S.A.S.|GREEN POWER SUCURSAL COLOMBIA,poligono
d3b0702f3bf54543bffd9e8e,2026-09-01T12:58-05:00,2026-09-01T17:58:00Z,2026-09-01,4.7242,-70.17827,VIIRS-Suomi-NPP,Suomi-NPP,VIIRS,63.7,22.8,5.2,Nominal,D,0.54,0.42,true,false,Puntos_de_calor_Colombia_2026-09-01.csv,2026-09-02T06:42:01Z,99,Vichada,99773,Cumaribo,asignado,cache_geometrico,false,0,,,,asignado,321111,3.2.1.1.1.1.  Herbazal denso de tierra firme no arbolado,3,32,321,3211,32111,321111,SI,Landsat_2024_mediana_28042025,GoogleEarth,false,0,,,,,mas_de_5_km,,0,0,0,,,,
d5506b77d77fcfb8ba0fc7a8,2026-09-01T12:58-05:00,2026-09-01T17:58:00Z,2026-09-01,4.99063,-67.88998,VIIRS-Suomi-NPP,Suomi-NPP,VIIRS,63.5,21.8,4,Nominal,D,0.42,0.37,true,false,Puntos_de_calor_Colombia_2026-09-01.csv,2026-09-02T06:42:01Z,99,Vichada,99773,Cumaribo,asignado,cache_geometrico,false,0,,,,asignado,32121,3.2.1.2.1. Herbazal abierto arenoso,3,32,321,3212,32121,,SI,Landsat_2024_mediana_28042025,GoogleEarth,false,0,,,,,mas_de_5_km,,0,0,0,,,,
d7443c768c6cff09649f914d,2026-09-01T12:58-05:00,2026-09-01T17:58:00Z,2026-09-01,7.93806,-72.65215,VIIRS-Suomi-NPP,Suomi-NPP,VIIRS,64.5,21.5,4.2,Nominal,D,0.46,0.47,true,false,Puntos_de_calor_Colombia_2026-09-01.csv,2026-09-02T06:42:01Z,54,Norte De Santander,54261,El Zulia,asignado,cache_geometrico,false,0,,,,asignado,3221,3.2.2.1. Arbustal denso,3,32,322,3221,,,SI,Landsat_2024_mediana_28042025,GoogleEarth,true,1,OG2-08578,,Exploración,CARBÓN,dentro,0.00,1,0,1,LAM0802,AREA DE PERFORACION EXPLORATORIA LOS TOCHES,COPLEX COLOMBIA LIMITED,poligono
dfe8d643861f4da3a4ab7a9d,2026-09-01T12:58-05:00,2026-09-01T17:58:00Z,2026-09-01,10.59069,-74.75,VIIRS-Suomi-NPP,Suomi-NPP,VIIRS,60,14.8,2.9,Nominal,D,0.57,0.52,true,false,Puntos_de_calor_Colombia_2026-09-01.csv,2026-09-02T06:42:01Z,08,Atlántico,08560,Ponedera,asignado,cache_geometrico,false,0,,,,asignado,233,2.3.3. Pastos enmalezados,2,23,233,,,,SI,Landsat_2024_mediana_28042025,"GoogleEarth, Basemap",false,0,,,,,entre_1_y_5_km,2253.54,8,0,8,LAM6772-00|LAV0036-00-2020|LAM0241|LAV0024-00-2022,"ZOOCRIADERO ECOREPTILES LTDA|PARQUE SOLAR FOTOVOLTAICO GUAYEPO 400 MW, SU LÍNEA DE EVACUACIÓN 500KV Y BAHÍA DE CONEXIÓN|CONSTRUCCIÓN Y OPERACIÓN GASODUCTO DE LA COSTA ATLÁNTICA, (BALLENA CARTAGENA, BARRANQUILLA), Y CONSTRUCCIÓN DEL LOOP PALOMINO LA MAMI.|PARQUE SOLAR FOTOVOLTAICO GUAYEPO 200 MW Y SU LÍNEA DE EVACUACIÓN 500KV",SOCIEDAD COMERCIAL ZOOAGRO LTDA|GUAYEPO SOLAR S.A.|PROMIGAS S.A. E.S.P|GUAYEPO SOLAR SAS,poligono|linea
e0748db5eda7c1803e31dd79,2026-09-01T12:58-05:00,2026-09-01T17:58:00Z,2026-09-01,4.01899,-72.48171,VIIRS-Suomi-NPP,Suomi-NPP,VIIRS,67.7,17.6,11.2,Nominal,D,0.51,0.5,true,false,Puntos_de_calor_Colombia_2026-09-01.csv,2026-09-02T06:42:01Z,50,Meta,50573,Puerto López,asignado,cache_geometrico,false,0,,,,asignado,231,2.3.1. Pastos limpios,2,23,231,,,,SI,Landsat_2024_mediana_28042025,Sentinel_2024_mediana_11042025,false,0,,,,,dentro,0.00,4,0,4,LAM5131|LAM5456|LAV0036-00-2022|LAM5475,"PERFORACION EXPLORATORIA BLOQUE CPO-6|PERFORACIÓN EXPLORATORIA DEL BLOQUE CPO-5, LOCALIZADO EN LOS MUNICIPIOS DE PUERTO LÓPEZ Y CABUYARO|ÁREA DE DESARROLLO LLANOS 134 - ÁREA DE DESARROLLO LLANOS 134|ÁREA DE PERFORACIÓN EXPLORATORIA BLOQUE CPO-12",TECPETROL COLOMBIA S.A.S.|ONGC VIDESH LIMITED SUCURSAL COLOMBIANA|PAREX RESOURCES COLOMBIA LTD SUCURSAL|META  PETROLEUM CORP,poligono
e59f3bbdcf02dcd5cd6e5cd8,2026-09-01T12:58-05:00,2026-09-01T17:58:00Z,2026-09-01,6.35725,-71.78927,VIIRS-Suomi-NPP,Suomi-NPP,VIIRS,62.4,21.8,6.5,Nominal,D,0.43,0.46,true,false,Puntos_de_calor_Colombia_2026-09-01.csv,2026-09-02T06:42:01Z,81,Arauca,81794,Tame,asignado,cache_geometrico,false,0,,,,asignado,321111,3.2.1.1.1.1.  Herbazal denso de tierra firme no arbolado,3,32,321,3211,32111,321111,SI,Landsat_2024_mediana_28042025,,false,0,,,,,dentro,0.00,1,0,1,LAM1481,AREA DE INTERES DE PERFORACION EXPLORATORIA DEL BLOQUE TOCORAGUA,ECOPETROL S.A.,poligono
e9945c28e4b371179b4619c2,2026-09-01T12:58-05:00,2026-09-01T17:58:00Z,2026-09-01,6.17222,-67.9494,VIIRS-Suomi-NPP,Suomi-NPP,VIIRS,62.4,25,2,Nominal,D,0.41,0.37,true,false,Puntos_de_calor_Colombia_2026-09-01.csv,2026-09-02T06:42:01Z,99,Vichada,99001,Puerto Carreño,asignado,cache_geometrico,false,0,,,,asignado,231,2.3.1. Pastos limpios,2,23,231,,,,SI,Landsat_2024_mediana_28042025,GoogleEarth,false,0,,,,,mas_de_5_km,,0,0,0,,,,
f158e5e6cf727f3a33bc4bd2,2026-09-01T12:58-05:00,2026-09-01T17:58:00Z,2026-09-01,4.7612,-70.04665,VIIRS-Suomi-NPP,Suomi-NPP,VIIRS,62.6,18.9,6,Nominal,D,0.53,0.42,true,false,Puntos_de_calor_Colombia_2026-09-01.csv,2026-09-02T06:42:01Z,99,Vichada,99773,Cumaribo,asignado,cache_geometrico,false,0,,,,asignado,321111,3.2.1.1.1.1.  Herbazal denso de tierra firme no arbolado,3,32,321,3211,32111,321111,SI,Landsat_2024_mediana_28042025,GoogleEarth,false,0,,,,,mas_de_5_km,,0,0,0,,,,
f81d4878598df967741c9eb7,2026-09-01T12:58-05:00,2026-09-01T17:58:00Z,2026-09-01,4.46173,-70.2661,VIIRS-Suomi-NPP,Suomi-NPP,VIIRS,61.2,18.5,7,Nominal,D,0.55,0.42,true,false,Puntos_de_calor_Colombia_2026-09-01.csv,2026-09-02T06:42:01Z,99,Vichada,99773,Cumaribo,asignado,cache_geometrico,false,0,,,,asignado,321111,3.2.1.1.1.1.  Herbazal denso de tierra firme no arbolado,3,32,321,3211,32111,321111,SI,Landsat_2024_mediana_28042025,"GoogleEarth, BingMaps",false,0,,,,,mas_de_5_km,,0,0,0,,,,
f945fe406a029cca5e5a4d1a,2026-09-01T12:58-05:00,2026-09-01T17:58:00Z,2026-09-01,11.13582,-72.57272,VIIRS-Suomi-NPP,Suomi-NPP,VIIRS,58.4,26.2,7.4,Nominal,D,0.4,0.44,true,false,Puntos_de_calor_Colombia_2026-09-01.csv,2026-09-02T06:42:01Z,44,La Guajira,44035,Albania,asignado,cache_geometrico,false,0,,,,asignado,1313,1.3.1.3. Explotación de carbón,1,13,131,1313,,,SI,Landsat_2024_mediana_28042025,"GoogleEarth, Basemap",true,4,00-1976|00-1976(MT-001)|00-1976(MT-002)|MT-002,(8300780386) CERREJON ZONA NORTE SOCIEDAD ANONIMA - CZN S.A.\ (8600698042) CARBONES DEL CERREJON - CERREJON CDC C DEL C|||,Explotación|Explotación|Explotación|,"ANTRACITA, ARENAS ARCILLOSAS, ARENAS FELDESPÁTICAS, ARENAS INDUSTRIALES, ARENAS SILICEAS, CARBÓN, CARBÓN METALÚRGICO, CARBÓN TÉRMICO, GRAVAS, RECEBO|ANTRACITA, ARENAS ARCILLOSAS, ARENAS FELDESPÁTICAS, ARENAS INDUSTRIALES, ARENAS SILICEAS, CARBÓN, CARBÓN METALÚRGICO, CARBÓN TÉRMICO, GRAVAS, RECEBO|ANTRACITA, ARENAS ARCILLOSAS, ARENAS FELDESPÁTICAS, ARENAS INDUSTRIALES, ARENAS SILICEAS, CARBÓN, CARBÓN METALÚRGICO, CARBÓN TÉRMICO, GRAVAS, RECEBO|",dentro,0.00,16,2,14,LAM0683|LAM1094|LAM3256|LAV0020-00-2022|LAV0033-00-2024|LAV0019-00-2025|LAV0033-00-2023,BLOQUE EXPLORATORIO PATILLAL NORESTE|PROYECTO MINERO DE EXPLOTACIÓN DE EXPLOTACIÓN DE CARBÓN BLOQUE CENTRAL DEL CERREJÓN ZONA NORTE. MINA EL CERREJÓN (ÁREAS INTEGRADAS).|ÁREA DE PERFORACIÓN EXPLORATORIA CALISTO|OPERACIÓN Y MANTENIMIENTO DEL GASODUCTO ALBANIA - MAICAO|LÍNEA ELÉCTRICA DE CONEXIÓN PARQUES EÓLICOS BETA Y ALPHA A SUBESTACIÓN CUESTECITAS|LÍNEA DE TRANSMISIÓN 500 KV DOBLE CIRCUITO – CONEXIÓN PARQUES EÓLICOS CAMELIAS A SUBESTACIÓN CUESTECITAS|ESTUDIO DE IMPACTO AMBIENTAL SUBESTACION COLECTORA 500kV Y LINEAS DE TRANSMISION COLECTORA CUESTECITAS Y CUESTECITAS LA LOMA 500kV - CONEXIÓN COLECTORA CUESTECITAS,DRUMMOND LTD|CARBONES DEL CERREJÓN LTD.|ECOPETROL S.A.|PROMIGAS S.A. E.S.P.|CARBONES DEL CERREJON LIMITED|EOLOS ENERGIA S.A.S. E.S.P.|CELSIA COLOMBIA S.A. E.S.P.|Grupo Energía Bogotá S.A. ESP,poligono|linea
fc35521d2ef3d2ba415d029e,2026-09-01T12:58-05:00,2026-09-01T17:58:00Z,2026-09-01,8.1074,-72.61362,VIIRS-Suomi-NPP,Suomi-NPP,VIIRS,71.1,16.5,10.1,Nominal,D,0.45,0.47,true,false,Puntos_de_calor_Colombia_2026-09-01.csv,2026-09-02T06:42:01Z,54,Norte De Santander,54261,El Zulia,asignado,cache_geometrico,false,0,,,,asignado,3231,3.2.3.1. Vegetación secundaria alta,3,32,323,3231,,,SI,Landsat_2024_mediana_28042025,GoogleEarth,false,0,,,,,mas_de_5_km,,0,0,0,,,,
fcfe4d3740a050c0d3d94c18,2026-09-01T12:58-05:00,2026-09-01T17:58:00Z,2026-09-01,11.37947,-72.63486,VIIRS-Suomi-NPP,Suomi-NPP,VIIRS,65.1,26.1,3.9,Nominal,D,0.4,0.44,true,false,Puntos_de_calor_Colombia_2026-09-01.csv,2026-09-02T06:42:01Z,44,La Guajira,44001,Riohacha,asignado,cache_geometrico,true,1,973,Cuenca baja del Río Ranchería,Distritos Regionales de Manejo Integrado,asignado,333,3.3.3. Tierras desnudas y degradadas,3,33,333,,,,SI,Landsat_2024_mediana_28042025,,false,0,,,,,hasta_1_km,919.83,2,0,2,LAM0034|LAM2653,GASODUCTO BALLENAS BARRANCABERMEJA|ÁREA DE PERFORACIÓN EXPLORATORIA SALINAS,TRANSPORTADORA DE GAS INTERNACIONAL S.A. E.S.P. - TGI S.A. E.S.P.|PETROLÍFERA PETROLEUM COLOMBIA LIMITED,linea|poligono
fd20efde625a1a2374596e98,2026-09-01T12:58-05:00,2026-09-01T17:58:00Z,2026-09-01,5.00761,-68.51861,VIIRS-Suomi-NPP,Suomi-NPP,VIIRS,59.6,21.6,9.8,Baja,D,0.44,0.38,true,false,Puntos_de_calor_Colombia_2026-09-01.csv,2026-09-02T06:42:01Z,99,Vichada,99773,Cumaribo,asignado,cache_geometrico,false,0,,,,asignado,321121,3.2.1.1.2.1. Herbazal denso inundable no arbolado,3,32,321,3211,32112,321121,SI,Landsat_2024_mediana_28042025,GoogleEarth,true,1,BLOQUE 895,,,,mas_de_5_km,,0,0,0,,,,
9b4b6b655819c3d8fc4990e7,2026-09-01T13:13-05:00,2026-09-01T18:13:00Z,2026-09-01,-1.25996,-69.98975,VIIRS-NOAA-20,NOAA-20,VIIRS,65.3,23.8,7.4,Nominal,D,0.39,0.36,true,true,Puntos_de_calor_Colombia_2026-09-01.csv,2026-09-02T06:42:01Z,91,Amazonas,91407,La Pedrera,asignado,cache_geometrico,false,0,,,,asignado,243,"2.4.3. Mosaico de cultivos, pastos y espacios naturales",2,24,243,,,,SI,L9_461_20240109,"ArcGIS.com Aerial, Google Map Aerial",true,1,Bloque887,,,,mas_de_5_km,,0,0,0,,,,
9eb8cff5f354800bc5ad938c,2026-09-01T13:13-05:00,2026-09-01T18:13:00Z,2026-09-01,-2.20433,-71.79922,VIIRS-NOAA-20,NOAA-20,VIIRS,61.4,35.1,5.4,Baja,D,0.39,0.36,true,true,Puntos_de_calor_Colombia_2026-09-01.csv,2026-09-02T06:42:01Z,91,Amazonas,91263,El Encanto,asignado,cache_geometrico,false,0,,,,sin_cobertura,,,,,,,,,,,,false,0,,,,,mas_de_5_km,,0,0,0,,,,
ae3077076fe3a8da2bf654be,2026-09-01T13:13-05:00,2026-09-01T18:13:00Z,2026-09-01,-1.26276,-69.98575,VIIRS-NOAA-20,NOAA-20,VIIRS,61.8,23.7,1.9,Nominal,D,0.39,0.36,true,true,Puntos_de_calor_Colombia_2026-09-01.csv,2026-09-02T06:42:01Z,91,Amazonas,91407,La Pedrera,asignado,cache_geometrico,false,0,,,,asignado,311121,3.1.1.1.2.1. Bosque denso alto Inundable heterogéneo,3,31,311,3111,31112,311121,SI,L9_461_20240109,"ArcGIS.com Aerial, Google Map Aerial",true,1,Bloque887,,,,mas_de_5_km,,0,0,0,,,,
00a6673745a580c3249b142a,2026-09-01T13:15-05:00,2026-09-01T18:15:00Z,2026-09-01,0.6083,-70.28998,VIIRS-NOAA-20,NOAA-20,VIIRS,71.5,25.8,9.1,Nominal,D,0.39,0.36,true,true,Puntos_de_calor_Colombia_2026-09-01.csv,2026-09-02T06:42:01Z,97,Vaupés,97001,Mitú,asignado,cache_geometrico,false,0,,,,asignado,243,"2.4.3. Mosaico de cultivos, pastos y espacios naturales",2,24,243,,,,SI,L9_559_20240304,Web Maps (Bing/ArcGIS/Google),false,0,,,,,mas_de_5_km,,0,0,0,,,,
03bcce3a63470dca38f7220c,2026-09-01T13:15-05:00,2026-09-01T18:15:00Z,2026-09-01,3.87042,-71.82693,VIIRS-NOAA-20,NOAA-20,VIIRS,71.9,27.4,9.1,Nominal,D,0.38,0.36,true,true,Puntos_de_calor_Colombia_2026-09-01.csv,2026-09-02T06:42:01Z,50,Meta,50568,Puerto Gaitán,asignado,cache_geometrico,false,0,,,,asignado,321111,3.2.1.1.1.1.  Herbazal denso de tierra firme no arbolado,3,32,321,3211,32111,321111,SI,Landsat_2024_mediana_28042025,GoogleEarth,false,0,,,,,dentro,0.00,3,0,3,LAM5175|LAM5281|LAV0041-13,AREA DE PERFORACIÓN EXPLORATORIA MAGO NORTE|PERFORACIÓN EXPLORATORIA CPO-13|ÁREA EXPLOTACIÓN PENDARE BLOQUE CPO13,ECOPETROL S.A.|TECPETROL COLOMBIA S.A.S.|TECPETROL COLOMBIA SAS,poligono
059b98aee329aa65f51320ff,2026-09-01T13:15-05:00,2026-09-01T18:15:00Z,2026-09-01,0.30112,-76.63261,VIIRS-NOAA-20,NOAA-20,VIIRS,67.9,19.8,3.5,Nominal,D,0.42,0.45,true,true,Puntos_de_calor_Colombia_2026-09-01.csv,2026-09-02T06:42:01Z,86,Putumayo,86568,Puerto Asís,asignado,cache_geometrico,false,0,,,,asignado,323,3.2.3. Vegetación secundaria o en transición,3,32,323,,,,SI,L8_960_20240221,,false,0,,,,,mas_de_5_km,,0,0,0,,,,
06964ee211552995bfe3780d,2026-09-01T13:15-05:00,2026-09-01T18:15:00Z,2026-09-01,1.24795,-75.8776,VIIRS-NOAA-20,NOAA-20,VIIRS,67.8,25.2,5.9,Nominal,D,0.54,0.42,true,true,Puntos_de_calor_Colombia_2026-09-01.csv,2026-09-02T06:42:01Z,18,Caquetá,18029,Albania,asignado,cache_geometrico,false,0,,,,asignado,231,2.3.1. Pastos limpios,2,23,231,,,,SI,L8_859_20240222_20240224,,false,0,,,,,dentro,0.00,1,0,1,LAM5333,PERFORACIÓN EXPLORATORIA EN EL ÁREA ANDAQUÍES,GRUPO C&C ENERGIA (BARBADOS) SUCURSAL COLOMBIA,poligono
06b7fd4934af130273535993,2026-09-01T13:15-05:00,2026-09-01T18:15:00Z,2026-09-01,0.40684,-76.43296,VIIRS-NOAA-20,NOAA-20,VIIRS,68,24.1,4.8,Nominal,D,0.4,0.44,true,true,Puntos_de_calor_Colombia_2026-09-01.csv,2026-09-02T06:42:01Z,86,Putumayo,86568,Puerto Asís,asignado,cache_geometrico,false,0,,,,asignado,244,2.4.4. Mosaico de pastos con espacios naturales,2,24,244,,,,SI,L8_960_20240221,,false,0,,,,,mas_de_5_km,,0,0,0,,,,
0836dea882a6922750c9dbbe,2026-09-01T13:15-05:00,2026-09-01T18:15:00Z,2026-09-01,2.67246,-76.78079,VIIRS-NOAA-20,NOAA-20,VIIRS,69.3,28,18.8,Nominal,D,0.39,0.44,true,true,Puntos_de_calor_Colombia_2026-09-01.csv,2026-09-02T06:42:01Z,19,Cauca,19130,Cajibío,asignado,cache_geometrico,false,0,,,,asignado,231,2.3.1. Pastos limpios,2,23,231,,,,SI,Landsat_2024_mediana_28042025,,false,0,,,,,mas_de_5_km,,0,0,0,,,,
0a4891679905396002a46efb,2026-09-01T13:15-05:00,2026-09-01T18:15:00Z,2026-09-01,0.66128,-74.72204,VIIRS-NOAA-20,NOAA-20,VIIRS,59.1,20.6,5.8,Baja,D,0.48,0.4,true,true,Puntos_de_calor_Colombia_2026-09-01.csv,2026-09-02T06:42:01Z,18,Caquetá,18150,Cartagena Del Chairá,asignado,cache_geometrico,false,0,,,,asignado,31111,3.1.1.1.1. Bosque denso alto de tierra firme,3,31,311,3111,31111,,SI,L8_859_20240410,,false,0,,,,,mas_de_5_km,,0,0,0,,,,
0af5fa397279ff40f2532352,2026-09-01T13:15-05:00,2026-09-01T18:15:00Z,2026-09-01,3.533,-71.38924,VIIRS-NOAA-20,NOAA-20,VIIRS,60,24.5,2.9,Nominal,D,0.39,0.36,true,true,Puntos_de_calor_Colombia_2026-09-01.csv,2026-09-02T06:42:01Z,50,Meta,50568,Puerto Gaitán,asignado,cache_geometrico,false,0,,,,asignado,321111,3.2.1.1.1.1.  Herbazal denso de tierra firme no arbolado,3,32,321,3211,32111,321111,SI,"Landsat_2024_mediana_28042025,L9_657_20240412,  L9_658_20240224","Basemap, Planet Medres Normalized Analytic 2024-01 Mosaic",false,0,,,,,mas_de_5_km,,0,0,0,,,,
0bbfe3b3c9f77264920d6104,2026-09-01T13:15-05:00,2026-09-01T18:15:00Z,2026-09-01,0.78603,-70.32491,VIIRS-NOAA-20,NOAA-20,VIIRS,66.4,23.2,4,Nominal,D,0.39,0.36,true,true,Puntos_de_calor_Colombia_2026-09-01.csv,2026-09-02T06:42:01Z,97,Vaupés,97001,Mitú,asignado,cache_geometrico,false,0,,,,asignado,323,3.2.3. Vegetación secundaria o en transición,3,32,323,,,,SI,L9_559_20240304,Web Maps (Bing/ArcGIS/Google),false,0,,,,,mas_de_5_km,,0,0,0,,,,
0c17570e635d1ed4b3f75150,2026-09-01T13:15-05:00,2026-09-01T18:15:00Z,2026-09-01,2.61143,-74.25769,VIIRS-NOAA-20,NOAA-20,VIIRS,65.5,23.6,4.8,Nominal,D,0.43,0.38,true,true,Puntos_de_calor_Colombia_2026-09-01.csv,2026-09-02T06:42:01Z,50,Meta,50370,Uribe,asignado,cache_geometrico,true,1,45,Tinigua,Parque Nacional Natural,asignado,231,2.3.1. Pastos limpios,2,23,231,,,,SI,L8_858_20240410,"Layer Google Earth, Basemap ESRI",false,0,,,,,mas_de_5_km,,0,0,0,,,,
0cb126d0914da11fc079001f,2026-09-01T13:15-05:00,2026-09-01T18:15:00Z,2026-09-01,3.57331,-71.37096,VIIRS-NOAA-20,NOAA-20,VIIRS,65.4,25.5,3.5,Nominal,D,0.39,0.36,true,true,Puntos_de_calor_Colombia_2026-09-01.csv,2026-09-02T06:42:01Z,50,Meta,50568,Puerto Gaitán,asignado,cache_geometrico,false,0,,,,asignado,321111,3.2.1.1.1.1.  Herbazal denso de tierra firme no arbolado,3,32,321,3211,32111,321111,SI,"Landsat_2024_mediana_28042025,L9_657_20240412,  L9_658_20240224","Basemap, Planet Medres Normalized Analytic 2024-01 Mosaic",false,0,,,,,mas_de_5_km,,0,0,0,,,,
0ef2273c4279e61759028bb5,2026-09-01T13:15-05:00,2026-09-01T18:15:00Z,2026-09-01,1.0809,-76.38333,VIIRS-NOAA-20,NOAA-20,VIIRS,58.7,24.9,2.7,Nominal,D,0.39,0.44,true,true,Puntos_de_calor_Colombia_2026-09-01.csv,2026-09-02T06:42:01Z,19,Cauca,19533,Piamonte,asignado,cache_geometrico,false,0,,,,asignado,231,2.3.1. Pastos limpios,2,23,231,,,,SI,L8_959_20240831,"(Planet Medres Visual 2024-02 Mosaic, Planet Medres Visual 2024-05 Mosaic)",false,0,,,,,dentro,0.00,5,0,5,LAM0199,"PERFORACIÓN DE POZOS EXPLORATORIOS MARY WEST-1 DESARROLLO DE POZOS MARY 6 Y MIRAFLOR 3, BLOQUE SANTANA B.|Operacion Bloque Santana Guayuyaco","GRAN TIERRA ENERGY COLOMBIA LTDA por GRAN TIERRA ENERGY COLOMBIA, LLC SUCURSAL|GRAN TIERRA ENERGY COLOMBIA LTDA",poligono|linea
0fdb2beb0e08b1b9f7047469,2026-09-01T13:15-05:00,2026-09-01T18:15:00Z,2026-09-01,0.84446,-70.94563,VIIRS-NOAA-20,NOAA-20,VIIRS,59,24.8,3.1,Nominal,D,0.39,0.36,true,true,Puntos_de_calor_Colombia_2026-09-01.csv,2026-09-02T06:42:01Z,97,Vaupés,97001,Mitú,asignado,cache_geometrico,false,0,,,,asignado,243,"2.4.3. Mosaico de cultivos, pastos y espacios naturales",2,24,243,,,,SI,L9_559_20240304,Web Maps (Bing/ArcGIS/Google),true,1,Bloque869,,,,mas_de_5_km,,0,0,0,,,,
127bf9821e7c8c6dcefbd205,2026-09-01T13:15-05:00,2026-09-01T18:15:00Z,2026-09-01,4.62703,-70.32623,VIIRS-NOAA-20,NOAA-20,VIIRS,61.2,23.8,5.1,Nominal,D,0.41,0.37,true,true,Puntos_de_calor_Colombia_2026-09-01.csv,2026-09-02T06:42:01Z,99,Vichada,99773,Cumaribo,asignado,cache_geometrico,false,0,,,,asignado,243,"2.4.3. Mosaico de cultivos, pastos y espacios naturales",2,24,243,,,,SI,Landsat_2024_mediana_28042025,GoogleEarth,false,0,,,,,mas_de_5_km,,0,0,0,,,,
139c839bcc38509bae9974c5,2026-09-01T13:15-05:00,2026-09-01T18:15:00Z,2026-09-01,0.74365,-75.18441,VIIRS-NOAA-20,NOAA-20,VIIRS,81.5,26.9,27.5,Nominal,D,0.5,0.41,true,true,Puntos_de_calor_Colombia_2026-09-01.csv,2026-09-02T06:42:01Z,18,Caquetá,18756,Solano,asignado,cache_geometrico,false,0,,,,asignado,244,2.4.4. Mosaico de pastos con espacios naturales,2,24,244,,,,SI,L8_859_20240222_20240224_GEO,,false,0,,,,,mas_de_5_km,,0,0,0,,,,
15ca6eecedb55790899c9477,2026-09-01T13:15-05:00,2026-09-01T18:15:00Z,2026-09-01,0.39721,-76.68471,VIIRS-NOAA-20,NOAA-20,VIIRS,67.9,23.9,4.5,Nominal,D,0.42,0.45,true,true,Puntos_de_calor_Colombia_2026-09-01.csv,2026-09-02T06:42:01Z,86,Putumayo,86865,Valle Del Guamuez,asignado,cache_geometrico,false,0,,,,asignado,31111,3.1.1.1.1. Bosque denso alto de tierra firme,3,31,311,3111,31111,,SI,L8_960_20240221,,false,0,,,,,entre_1_y_5_km,2842.41,1,0,1,LAV0020-00-2017,ÁREA DE PERFORACIÓN EXPLORATORIA POMORROSO,GRAN TIERRRA ENERGY CORP.,poligono
1669cc8cd4362c5d9177a76f,2026-09-01T13:15-05:00,2026-09-01T18:15:00Z,2026-09-01,0.85787,-76.03577,VIIRS-NOAA-20,NOAA-20,VIIRS,58.9,23,11.6,Nominal,D,0.56,0.43,true,true,Puntos_de_calor_Colombia_2026-09-01.csv,2026-09-02T06:42:01Z,86,Putumayo,86571,Puerto Guzmán,asignado,cache_geometrico,false,0,,,,asignado,233,2.3.3. Pastos enmalezados,2,23,233,,,,SI,L8_959_20240221,,false,0,,,,,dentro,0.00,1,0,1,LAM0533,BLOQUE RIO PUTUMAYO (FASE PERFORACION EXPLORATORIA ),RAM PETROLEUM LIMITED,poligono
177715e1674d15622f368c6e,2026-09-01T13:15-05:00,2026-09-01T18:15:00Z,2026-09-01,4.60151,-70.00836,VIIRS-NOAA-20,NOAA-20,VIIRS,63.5,26,4.4,Nominal,D,0.42,0.38,true,true,Puntos_de_calor_Colombia_2026-09-01.csv,2026-09-02T06:42:01Z,99,Vichada,99773,Cumaribo,asignado,cache_geometrico,false,0,,,,asignado,321111,3.2.1.1.1.1.  Herbazal denso de tierra firme no arbolado,3,32,321,3211,32111,321111,SI,Landsat_2024_mediana_28042025,GoogleEarth,false,0,,,,,mas_de_5_km,,0,0,0,,,,
1b066d31ae34c03f15498287,2026-09-01T13:15-05:00,2026-09-01T18:15:00Z,2026-09-01,1.76763,-75.08941,VIIRS-NOAA-20,NOAA-20,VIIRS,69.5,24.5,6.1,Nominal,D,0.48,0.4,true,true,Puntos_de_calor_Colombia_2026-09-01.csv,2026-09-02T06:42:01Z,18,Caquetá,18592,Puerto Rico,asignado,cache_geometrico,false,0,,,,asignado,323,3.2.3. Vegetación secundaria o en transición,3,32,323,,,,SI,L8_859_20240410,,false,0,,,,,hasta_1_km,676.01,1,0,1,LAM5765,PORTOFINO SUR,PETROMONT,poligono
1b39ec48836328cd5d1c70e0,2026-09-01T13:15-05:00,2026-09-01T18:15:00Z,2026-09-01,1.08982,-74.71016,VIIRS-NOAA-20,NOAA-20,VIIRS,61,24.5,10.9,Baja,D,0.47,0.4,true,true,Puntos_de_calor_Colombia_2026-09-01.csv,2026-09-02T06:42:01Z,18,Caquetá,18150,Cartagena Del Chairá,asignado,cache_geometrico,false,0,,,,asignado,231,2.3.1. Pastos limpios,2,23,231,,,,SI,L8_859_20240410_20240411,,false,0,,,,,mas_de_5_km,,0,0,0,,,,
1cefe66325061833304d4c98,2026-09-01T13:15-05:00,2026-09-01T18:15:00Z,2026-09-01,4.44191,-69.53401,VIIRS-NOAA-20,NOAA-20,VIIRS,59.8,21.5,3.2,Nominal,D,0.44,0.38,true,true,Puntos_de_calor_Colombia_2026-09-01.csv,2026-09-02T06:42:01Z,99,Vichada,99773,Cumaribo,asignado,cache_geometrico,false,0,,,,asignado,321121,3.2.1.1.2.1. Herbazal denso inundable no arbolado,3,32,321,3211,32112,321121,SI,L9_557_20240225,Mosaico Sentinel-2_L2A_False_color 2024-01-27-00_00_2024-01-27-23_59,false,0,,,,,mas_de_5_km,,0,0,0,,,,
1ed68c18ed3033ed59552845,2026-09-01T13:15-05:00,2026-09-01T18:15:00Z,2026-09-01,1.03954,-76.3596,VIIRS-NOAA-20,NOAA-20,VIIRS,60.8,23.6,1.7,Nominal,D,0.39,0.44,true,true,Puntos_de_calor_Colombia_2026-09-01.csv,2026-09-02T06:42:01Z,19,Cauca,19533,Piamonte,asignado,cache_geometrico,false,0,,,,asignado,31111,3.1.1.1.1. Bosque denso alto de tierra firme,3,31,311,3111,31111,,SI,L8_959_20240831,"(Planet Medres Visual 2024-02 Mosaic, Planet Medres Visual 2024-05 Mosaic)",false,0,,,,,dentro,0.00,4,0,4,LAM0199,"PERFORACIÓN DE POZOS EXPLORATORIOS MARY WEST-1 DESARROLLO DE POZOS MARY 6 Y MIRAFLOR 3, BLOQUE SANTANA B.|Operacion Bloque Santana Guayuyaco","GRAN TIERRA ENERGY COLOMBIA LTDA por GRAN TIERRA ENERGY COLOMBIA, LLC SUCURSAL|GRAN TIERRA ENERGY COLOMBIA LTDA",poligono|linea
20ee1b991fff350875631570,2026-09-01T13:15-05:00,2026-09-01T18:15:00Z,2026-09-01,5.12923,-70.57206,VIIRS-NOAA-20,NOAA-20,VIIRS,65.7,24.5,4.5,Nominal,D,0.41,0.37,true,true,Puntos_de_calor_Colombia_2026-09-01.csv,2026-09-02T06:42:01Z,99,Vichada,99624,Santa Rosalía,asignado,cache_geometrico,false,0,,,,asignado,231,2.3.1. Pastos limpios,2,23,231,,,,SI,Landsat_2024_mediana_28042025,GoogleEarth,false,0,,,,,mas_de_5_km,,0,0,0,,,,
21bbb4ce04f75e704de422e2,2026-09-01T13:15-05:00,2026-09-01T18:15:00Z,2026-09-01,5.2278,-70.66222,VIIRS-NOAA-20,NOAA-20,VIIRS,69.2,20.7,6.4,Nominal,D,0.41,0.37,true,true,Puntos_de_calor_Colombia_2026-09-01.csv,2026-09-02T06:42:01Z,99,Vichada,99624,Santa Rosalía,asignado,cache_geometrico,false,0,,,,asignado,321121,3.2.1.1.2.1. Herbazal denso inundable no arbolado,3,32,321,3211,32112,321121,SI,Landsat_2024_mediana_28042025,GoogleEarth,false,0,,,,,hasta_1_km,493.63,1,0,1,LAM4977,AREA DE PERFORACION EXPLORATORIA CLARINERO,HOCOL S.A.,poligono
225e6a3598494d431869d68c,2026-09-01T13:15-05:00,2026-09-01T18:15:00Z,2026-09-01,1.87789,-74.95778,VIIRS-NOAA-20,NOAA-20,VIIRS,60.9,25.1,3.9,Nominal,D,0.47,0.4,true,true,Puntos_de_calor_Colombia_2026-09-01.csv,2026-09-02T06:42:01Z,18,Caquetá,18592,Puerto Rico,asignado,cache_geometrico,false,0,,,,asignado,323,3.2.3. Vegetación secundaria o en transición,3,32,323,,,,SI,L8_859_20240410,,false,0,,,,,mas_de_5_km,,0,0,0,,,,
26c29c43b363c6123df4a49a,2026-09-01T13:15-05:00,2026-09-01T18:15:00Z,2026-09-01,3.67326,-71.96514,VIIRS-NOAA-20,NOAA-20,VIIRS,65.8,26.8,4.5,Nominal,D,0.38,0.36,true,true,Puntos_de_calor_Colombia_2026-09-01.csv,2026-09-02T06:42:01Z,50,Meta,50568,Puerto Gaitán,asignado,cache_geometrico,false,0,,,,asignado,321111,3.2.1.1.1.1.  Herbazal denso de tierra firme no arbolado,3,32,321,3211,32111,321111,SI,Landsat_2024_mediana_28042025,GoogleEarth,false,0,,,,,dentro,0.00,4,0,4,LAM5281|LAV0041-13|LAM5475,PERFORACIÓN EXPLORATORIA CPO-13|ÁREA EXPLOTACIÓN PENDARE BLOQUE CPO13|AREA DE EXPLOTACIÓN PENDARE-CPO13|ÁREA DE PERFORACIÓN EXPLORATORIA BLOQUE CPO-12,TECPETROL COLOMBIA S.A.S.|TECPETROL COLOMBIA SAS|TECPRETOL COLOMBIA S.A.S|META  PETROLEUM CORP,poligono
28cd9404b4cc817ac576c0fe,2026-09-01T13:15-05:00,2026-09-01T18:15:00Z,2026-09-01,3.98841,-70.35744,VIIRS-NOAA-20,NOAA-20,VIIRS,64.3,22.6,5.8,Nominal,D,0.41,0.37,true,true,Puntos_de_calor_Colombia_2026-09-01.csv,2026-09-02T06:42:01Z,99,Vichada,99773,Cumaribo,asignado,cache_geometrico,false,0,,,,asignado,321111,3.2.1.1.1.1.  Herbazal denso de tierra firme no arbolado,3,32,321,3211,32111,321111,SI,"Landsat_2024_mediana_28042025, L9_657_20240412, L9_557_20240225","GoogleEarth, BingMaps, Planet Medres Normalized Analytic 2024-01 Mosaic",false,0,,,,,mas_de_5_km,,0,0,0,,,,
2c1a4150d7c87e740fb8ae1a,2026-09-01T13:15-05:00,2026-09-01T18:15:00Z,2026-09-01,5.77756,-67.8745,VIIRS-NOAA-20,NOAA-20,VIIRS,59.9,23.2,2.7,Nominal,D,0.56,0.43,true,true,Puntos_de_calor_Colombia_2026-09-01.csv,2026-09-02T06:42:01Z,99,Vichada,99001,Puerto Carreño,asignado,cache_geometrico,false,0,,,,asignado,321122,3.2.1.1.2.2. Herbazal denso inundable arbolado,3,32,321,3211,32112,321122,SI,Landsat_2024_mediana_28042025,GoogleEarth,true,1,Bloque889,,,,mas_de_5_km,,0,0,0,,,,
2f1854e4272b86219ff23c61,2026-09-01T13:15-05:00,2026-09-01T18:15:00Z,2026-09-01,3.48545,-71.81604,VIIRS-NOAA-20,NOAA-20,VIIRS,72.4,28.1,7,Nominal,D,0.38,0.36,true,true,Puntos_de_calor_Colombia_2026-09-01.csv,2026-09-02T06:42:01Z,50,Meta,50568,Puerto Gaitán,asignado,cache_geometrico,false,0,,,,asignado,321121,3.2.1.1.2.1. Herbazal denso inundable no arbolado,3,32,321,3211,32112,321121,SI,L9_658_20240224,Planet Medres Normalized Analytic 2024-01 Mosaic,false,0,,,,,entre_1_y_5_km,1615.28,1,0,1,LAM5281,PERFORACIÓN EXPLORATORIA CPO-13,TECPETROL COLOMBIA S.A.S.,poligono
3119163900d5e344eb969dfa,2026-09-01T13:15-05:00,2026-09-01T18:15:00Z,2026-09-01,0.35454,-76.44705,VIIRS-NOAA-20,NOAA-20,VIIRS,80.8,25.4,10.2,Nominal,D,0.4,0.44,true,true,Puntos_de_calor_Colombia_2026-09-01.csv,2026-09-02T06:42:01Z,86,Putumayo,86568,Puerto Asís,asignado,cache_geometrico,false,0,,,,asignado,323,3.2.3. Vegetación secundaria o en transición,3,32,323,,,,SI,L8_960_20240221,,false,0,,,,,entre_1_y_5_km,3753.69,3,0,3,LAM4174|LAM1412,"Informe de Cumplimiento Ambiental de los Campos Quinde, Cohembí y Quillacinga|PRUEBAS EXTENSAS DE PRODUCCIÓN EN EL ÁREA SUR - ORIENTE. QUILLASINGA - CURIQUINGA Y PIÑUÑA.|Campos Quinde, Cohembí y Quillacinga",CONSORCIO COLOMBIA ENERGY,poligono
31228a646adec0415db8a227,2026-09-01T13:15-05:00,2026-09-01T18:15:00Z,2026-09-01,4.34357,-70.18522,VIIRS-NOAA-20,NOAA-20,VIIRS,66.5,22.6,5.1,Nominal,D,0.42,0.37,true,true,Puntos_de_calor_Colombia_2026-09-01.csv,2026-09-02T06:42:01Z,99,Vichada,99773,Cumaribo,asignado,cache_geometrico,false,0,,,,asignado,321111,3.2.1.1.1.1.  Herbazal denso de tierra firme no arbolado,3,32,321,3211,32111,321111,SI,Landsat_2024_mediana_28042025,"GoogleEarth, BingMaps",false,0,,,,,mas_de_5_km,,0,0,0,,,,
3a30be07fda6da64d09347ac,2026-09-01T13:15-05:00,2026-09-01T18:15:00Z,2026-09-01,3.5134,-71.8765,VIIRS-NOAA-20,NOAA-20,VIIRS,73.9,26.4,21.5,Nominal,D,0.38,0.36,true,true,Puntos_de_calor_Colombia_2026-09-01.csv,2026-09-02T06:42:01Z,50,Meta,50568,Puerto Gaitán,asignado,cache_geometrico,false,0,,,,asignado,321111,3.2.1.1.1.1.  Herbazal denso de tierra firme no arbolado,3,32,321,3211,32111,321111,SI,"Landsat_2024_mediana_28042025, L9_658_20240224","GoogleEarth, Planet Medres Normalized Analytic 2024-01 Mosaic",false,0,,,,,dentro,0.00,1,0,1,LAM5281,PERFORACIÓN EXPLORATORIA CPO-13,TECPETROL COLOMBIA S.A.S.,poligono
3ad42124cbefb4493dc08bdb,2026-09-01T13:15-05:00,2026-09-01T18:15:00Z,2026-09-01,1.10798,-76.05416,VIIRS-NOAA-20,NOAA-20,VIIRS,59.2,23,3.2,Nominal,D,0.56,0.43,true,true,Puntos_de_calor_Colombia_2026-09-01.csv,2026-09-02T06:42:01Z,18,Caquetá,18205,Curillo,asignado,cache_geometrico,false,0,,,,asignado,231,2.3.1. Pastos limpios,2,23,231,,,,SI,L8_959_20240831,"(Planet Medres Visual 2024-02 Mosaic, Planet Medres Visual 2024-05 Mosaic)",false,0,,,,,mas_de_5_km,,0,0,0,,,,
3ead251e8391d0aac2e04de2,2026-09-01T13:15-05:00,2026-09-01T18:15:00Z,2026-09-01,3.49617,-71.6308,VIIRS-NOAA-20,NOAA-20,VIIRS,75.8,25.8,4.6,Nominal,D,0.38,0.36,true,true,Puntos_de_calor_Colombia_2026-09-01.csv,2026-09-02T06:42:01Z,50,Meta,50568,Puerto Gaitán,asignado,cache_geometrico,false,0,,,,asignado,321121,3.2.1.1.2.1. Herbazal denso inundable no arbolado,3,32,321,3211,32112,321121,SI,L9_658_20240224,Planet Medres Normalized Analytic 2024-01 Mosaic,false,0,,,,,hasta_1_km,436.50,1,0,1,LAV0084-13,AREA DE PERFORACIÓN EXPLORATOIRA CPO13B,TECPETROL COLOMBIA S.A.S,poligono
3f8b3d6f1fc4d90c2d73aabb,2026-09-01T13:15-05:00,2026-09-01T18:15:00Z,2026-09-01,5.22255,-70.27503,VIIRS-NOAA-20,NOAA-20,VIIRS,64.4,19.4,5.9,Nominal,D,0.42,0.38,true,true,Puntos_de_calor_Colombia_2026-09-01.csv,2026-09-02T06:42:01Z,99,Vichada,99524,La Primavera,asignado,cache_geometrico,false,0,,,,asignado,321111,3.2.1.1.1.1.  Herbazal denso de tierra firme no arbolado,3,32,321,3211,32111,321111,SI,Landsat_2024_mediana_28042025,GoogleEarth,false,0,,,,,mas_de_5_km,,0,0,0,,,,
4014dd3631d271dcd91a703b,2026-09-01T13:15-05:00,2026-09-01T18:15:00Z,2026-09-01,4.64165,-69.74329,VIIRS-NOAA-20,NOAA-20,VIIRS,57.9,25.6,2.4,Nominal,D,0.43,0.38,true,true,Puntos_de_calor_Colombia_2026-09-01.csv,2026-09-02T06:42:01Z,99,Vichada,99773,Cumaribo,asignado,cache_geometrico,false,0,,,,asignado,231,2.3.1. Pastos limpios,2,23,231,,,,SI,Landsat_2024_mediana_28042025,"GoogleEarth, BingMaps",false,0,,,,,mas_de_5_km,,0,0,0,,,,
4141ca32bc798660a898f3b5,2026-09-01T13:15-05:00,2026-09-01T18:15:00Z,2026-09-01,0.85757,-76.03872,VIIRS-NOAA-20,NOAA-20,VIIRS,71,24.2,19.6,Nominal,D,0.56,0.43,true,true,Puntos_de_calor_Colombia_2026-09-01.csv,2026-09-02T06:42:01Z,86,Putumayo,86571,Puerto Guzmán,asignado,cache_geometrico,false,0,,,,asignado,233,2.3.3. Pastos enmalezados,2,23,233,,,,SI,L8_959_20240221,,false,0,,,,,dentro,0.00,1,0,1,LAM0533,BLOQUE RIO PUTUMAYO (FASE PERFORACION EXPLORATORIA ),RAM PETROLEUM LIMITED,poligono
419370bae5059a8dbd81080e,2026-09-01T13:15-05:00,2026-09-01T18:15:00Z,2026-09-01,0.6841,-70.41638,VIIRS-NOAA-20,NOAA-20,VIIRS,58.3,23,2.6,Nominal,D,0.39,0.36,true,true,Puntos_de_calor_Colombia_2026-09-01.csv,2026-09-02T06:42:01Z,97,Vaupés,97001,Mitú,asignado,cache_geometrico,false,0,,,,asignado,323,3.2.3. Vegetación secundaria o en transición,3,32,323,,,,SI,L9_559_20240304,Web Maps (Bing/ArcGIS/Google),false,0,,,,,mas_de_5_km,,0,0,0,,,,
42d7ba9a8db6454f53353c4a,2026-09-01T13:15-05:00,2026-09-01T18:15:00Z,2026-09-01,4.33705,-69.85249,VIIRS-NOAA-20,NOAA-20,VIIRS,59.9,21.9,5.5,Nominal,D,0.43,0.38,true,true,Puntos_de_calor_Colombia_2026-09-01.csv,2026-09-02T06:42:01Z,99,Vichada,99773,Cumaribo,asignado,cache_geometrico,false,0,,,,asignado,321111,3.2.1.1.1.1.  Herbazal denso de tierra firme no arbolado,3,32,321,3211,32111,321111,SI,L9_557_20240225,Mosaico Sentinel-2_L2A_False_color 2024-01-27-00_00_2024-01-27-23_59,false,0,,,,,mas_de_5_km,,0,0,0,,,,
42fe22ceb3a82817d806196b,2026-09-01T13:15-05:00,2026-09-01T18:15:00Z,2026-09-01,4.62647,-70.32993,VIIRS-NOAA-20,NOAA-20,VIIRS,74.4,25.6,9.2,Nominal,D,0.41,0.37,true,true,Puntos_de_calor_Colombia_2026-09-01.csv,2026-09-02T06:42:01Z,99,Vichada,99773,Cumaribo,asignado,cache_geometrico,false,0,,,,asignado,321111,3.2.1.1.1.1.  Herbazal denso de tierra firme no arbolado,3,32,321,3211,32111,321111,SI,Landsat_2024_mediana_28042025,GoogleEarth,false,0,,,,,mas_de_5_km,,0,0,0,,,,
45e5735a62b71e24d7f565de,2026-09-01T13:15-05:00,2026-09-01T18:15:00Z,2026-09-01,3.66174,-71.96997,VIIRS-NOAA-20,NOAA-20,VIIRS,64.7,25.7,4.5,Nominal,D,0.38,0.36,true,true,Puntos_de_calor_Colombia_2026-09-01.csv,2026-09-02T06:42:01Z,50,Meta,50568,Puerto Gaitán,asignado,cache_geometrico,false,0,,,,asignado,321111,3.2.1.1.1.1.  Herbazal denso de tierra firme no arbolado,3,32,321,3211,32111,321111,SI,Landsat_2024_mediana_28042025,GoogleEarth,false,0,,,,,dentro,0.00,4,0,4,LAM5281|LAV0041-13|LAM5475,PERFORACIÓN EXPLORATORIA CPO-13|ÁREA EXPLOTACIÓN PENDARE BLOQUE CPO13|AREA DE EXPLOTACIÓN PENDARE-CPO13|ÁREA DE PERFORACIÓN EXPLORATORIA BLOQUE CPO-12,TECPETROL COLOMBIA S.A.S.|TECPETROL COLOMBIA SAS|TECPRETOL COLOMBIA S.A.S|META  PETROLEUM CORP,poligono
45ed09e17756432ca7faebcd,2026-09-01T13:15-05:00,2026-09-01T18:15:00Z,2026-09-01,4.5515,-68.63007,VIIRS-NOAA-20,NOAA-20,VIIRS,60.5,18.9,5.7,Nominal,D,0.49,0.4,true,true,Puntos_de_calor_Colombia_2026-09-01.csv,2026-09-02T06:42:01Z,99,Vichada,99773,Cumaribo,asignado,cache_geometrico,false,0,,,,asignado,321111,3.2.1.1.1.1.  Herbazal denso de tierra firme no arbolado,3,32,321,3211,32111,321111,SI,L9_457_20240109,Mosaico Sentinel-2_L2A_False_color 2024-01-27-00_00_2024-01-27-23_59,true,1,BLOQUE 895,,,,mas_de_5_km,,0,0,0,,,,
4adf745ab1ac20c10cb07406,2026-09-01T13:15-05:00,2026-09-01T18:15:00Z,2026-09-01,3.50719,-71.55846,VIIRS-NOAA-20,NOAA-20,VIIRS,58.8,24.8,2.6,Nominal,D,0.39,0.36,true,true,Puntos_de_calor_Colombia_2026-09-01.csv,2026-09-02T06:42:01Z,50,Meta,50568,Puerto Gaitán,asignado,cache_geometrico,false,0,,,,asignado,321121,3.2.1.1.2.1. Herbazal denso inundable no arbolado,3,32,321,3211,32112,321121,SI,L9_658_20240224,Planet Medres Normalized Analytic 2024-01 Mosaic,false,0,,,,,dentro,0.00,1,0,1,LAV0084-13,AREA DE PERFORACIÓN EXPLORATOIRA CPO13B,TECPETROL COLOMBIA S.A.S,poligono
4bfeac12dfa6b0b0537f3475,2026-09-01T13:15-05:00,2026-09-01T18:15:00Z,2026-09-01,4.06276,-71.4332,VIIRS-NOAA-20,NOAA-20,VIIRS,59.2,25.6,3.9,Nominal,D,0.39,0.36,true,true,Puntos_de_calor_Colombia_2026-09-01.csv,2026-09-02T06:42:01Z,50,Meta,50568,Puerto Gaitán,asignado,cache_geometrico,false,0,,,,asignado,321111,3.2.1.1.1.1.  Herbazal denso de tierra firme no arbolado,3,32,321,3211,32111,321111,SI,Landsat_2024_mediana_28042025,GoogleEarth,false,0,,,,,dentro,0.00,4,0,4,LAV0033-00-2015|LAM5124|LAM5172|LAM3340,"ÁREA DE EXPLOTACIÓN DE HIDROCARBUROS QUIFA NORTE NORTE|ÁREA DE PERFORACIÓN EXPLORATORIA QUIFA NORTE – NORTE|PERFORACIÓN EXPLORATORIA BLOQUE CPO-7B|AREA DE PERFORACION EXPLORATORIA ""QUIFA""",PACIFIC RUBIALES ENERGY|FRONTERA ENERGY COLOMBIA CORP. SUCURSAL COLOMBIA|TECPETROL COLOMBIA S.A.S.|META PETROLEUM CORP,poligono
4e3d77be4ebce60515d40ac6,2026-09-01T13:15-05:00,2026-09-01T18:15:00Z,2026-09-01,1.3703,-75.21651,VIIRS-NOAA-20,NOAA-20,VIIRS,57.4,25.1,4.2,Baja,D,0.5,0.41,true,true,Puntos_de_calor_Colombia_2026-09-01.csv,2026-09-02T06:42:01Z,18,Caquetá,18256,El Paujíl,asignado,cache_geometrico,false,0,,,,asignado,233,2.3.3. Pastos enmalezados,2,23,233,,,,SI,L8_859_20240410_20240411,Bing Map Aerial,false,0,,,,,mas_de_5_km,,0,0,0,,,,
4e9bb7fa1b51fe30900b1a1c,2026-09-01T13:15-05:00,2026-09-01T18:15:00Z,2026-09-01,1.56335,-74.83887,VIIRS-NOAA-20,NOAA-20,VIIRS,67.7,24.4,6.4,Nominal,D,0.47,0.4,true,true,Puntos_de_calor_Colombia_2026-09-01.csv,2026-09-02T06:42:01Z,18,Caquetá,18592,Puerto Rico,asignado,cache_geometrico,false,0,,,,asignado,231,2.3.1. Pastos limpios,2,23,231,,,,SI,"L8_858_20240410, L8_859_20240410",,false,0,,,,,mas_de_5_km,,0,0,0,,,,
50d784e6515d56885fba7c5a,2026-09-01T13:15-05:00,2026-09-01T18:15:00Z,2026-09-01,0.89799,-76.08801,VIIRS-NOAA-20,NOAA-20,VIIRS,57.6,23.9,3.7,Nominal,D,0.56,0.43,true,true,Puntos_de_calor_Colombia_2026-09-01.csv,2026-09-02T06:42:01Z,86,Putumayo,86571,Puerto Guzmán,asignado,cache_geometrico,false,0,,,,asignado,243,"2.4.3. Mosaico de cultivos, pastos y espacios naturales",2,24,243,,,,SI,L8_959_20240221,,false,0,,,,,entre_1_y_5_km,1029.26,1,0,1,LAM0533,BLOQUE RIO PUTUMAYO (FASE PERFORACION EXPLORATORIA ),RAM PETROLEUM LIMITED,poligono
53139e3653972b8ca4497f33,2026-09-01T13:15-05:00,2026-09-01T18:15:00Z,2026-09-01,0.86729,-76.05253,VIIRS-NOAA-20,NOAA-20,VIIRS,72.9,25,13.9,Nominal,D,0.56,0.43,true,true,Puntos_de_calor_Colombia_2026-09-01.csv,2026-09-02T06:42:01Z,86,Putumayo,86571,Puerto Guzmán,asignado,cache_geometrico,false,0,,,,asignado,233,2.3.3. Pastos enmalezados,2,23,233,,,,SI,L8_959_20240221,,false,0,,,,,dentro,0.00,1,0,1,LAM0533,BLOQUE RIO PUTUMAYO (FASE PERFORACION EXPLORATORIA ),RAM PETROLEUM LIMITED,poligono
539c37d5f3e9e221bacec8cd,2026-09-01T13:15-05:00,2026-09-01T18:15:00Z,2026-09-01,4.93514,-68.56901,VIIRS-NOAA-20,NOAA-20,VIIRS,72.1,20.4,7.6,Nominal,D,0.5,0.41,true,true,Puntos_de_calor_Colombia_2026-09-01.csv,2026-09-02T06:42:01Z,99,Vichada,99773,Cumaribo,asignado,cache_geometrico,false,0,,,,asignado,321111,3.2.1.1.1.1.  Herbazal denso de tierra firme no arbolado,3,32,321,3211,32111,321111,SI,Landsat_2024_mediana_28042025,GoogleEarth,true,1,BLOQUE 895,,,,mas_de_5_km,,0,0,0,,,,
54477ea77ff21d6ba6fbfd69,2026-09-01T13:15-05:00,2026-09-01T18:15:00Z,2026-09-01,0.6958,-70.24953,VIIRS-NOAA-20,NOAA-20,VIIRS,65.2,24.7,3.1,Nominal,D,0.39,0.36,true,true,Puntos_de_calor_Colombia_2026-09-01.csv,2026-09-02T06:42:01Z,97,Vaupés,97001,Mitú,asignado,cache_geometrico,false,0,,,,asignado,323,3.2.3. Vegetación secundaria o en transición,3,32,323,,,,SI,L9_559_20240304,Web Maps (Bing/ArcGIS/Google),false,0,,,,,mas_de_5_km,,0,0,0,,,,
55574ee1348e179df33bb18e,2026-09-01T13:15-05:00,2026-09-01T18:15:00Z,2026-09-01,4.91187,-69.89786,VIIRS-NOAA-20,NOAA-20,VIIRS,58.6,23.4,1.5,Nominal,D,0.43,0.38,true,true,Puntos_de_calor_Colombia_2026-09-01.csv,2026-09-02T06:42:01Z,99,Vichada,99773,Cumaribo,asignado,cache_geometrico,false,0,,,,asignado,321122,3.2.1.1.2.2. Herbazal denso inundable arbolado,3,32,321,3211,32112,321122,SI,Landsat_2024_mediana_28042025,GoogleEarth,false,0,,,,,mas_de_5_km,,0,0,0,,,,
573bcb57bd2a0b90983f76e5,2026-09-01T13:15-05:00,2026-09-01T18:15:00Z,2026-09-01,3.66122,-71.9734,VIIRS-NOAA-20,NOAA-20,VIIRS,60.8,24.6,4.5,Nominal,D,0.38,0.36,true,true,Puntos_de_calor_Colombia_2026-09-01.csv,2026-09-02T06:42:01Z,50,Meta,50568,Puerto Gaitán,asignado,cache_geometrico,false,0,,,,asignado,321111,3.2.1.1.1.1.  Herbazal denso de tierra firme no arbolado,3,32,321,3211,32111,321111,SI,Landsat_2024_mediana_28042025,GoogleEarth,false,0,,,,,dentro,0.00,4,0,4,LAM5281|LAV0041-13|LAM5475,PERFORACIÓN EXPLORATORIA CPO-13|ÁREA EXPLOTACIÓN PENDARE BLOQUE CPO13|ÁREA DE PERFORACIÓN EXPLORATORIA BLOQUE CPO-12|AREA DE EXPLOTACIÓN PENDARE-CPO13,TECPETROL COLOMBIA S.A.S.|TECPETROL COLOMBIA SAS|META  PETROLEUM CORP|TECPRETOL COLOMBIA S.A.S,poligono
57e297535bcc3577493f94ac,2026-09-01T13:15-05:00,2026-09-01T18:15:00Z,2026-09-01,4.72267,-70.17741,VIIRS-NOAA-20,NOAA-20,VIIRS,60.8,26.5,4.7,Nominal,D,0.42,0.38,true,true,Puntos_de_calor_Colombia_2026-09-01.csv,2026-09-02T06:42:01Z,99,Vichada,99773,Cumaribo,asignado,cache_geometrico,false,0,,,,asignado,321111,3.2.1.1.1.1.  Herbazal denso de tierra firme no arbolado,3,32,321,3211,32111,321111,SI,Landsat_2024_mediana_28042025,GoogleEarth,false,0,,,,,mas_de_5_km,,0,0,0,,,,
58e77ddf07891fd57b44bd49,2026-09-01T13:15-05:00,2026-09-01T18:15:00Z,2026-09-01,3.34049,-71.6517,VIIRS-NOAA-20,NOAA-20,VIIRS,61.5,24.9,13.2,Nominal,D,0.38,0.36,true,true,Puntos_de_calor_Colombia_2026-09-01.csv,2026-09-02T06:42:01Z,50,Meta,50325,Mapiripán,asignado,cache_geometrico,false,0,,,,asignado,231,2.3.1. Pastos limpios,2,23,231,,,,SI,L9_658_20240224,,false,0,,,,,mas_de_5_km,,0,0,0,,,,
591fd4d12c37f1709607edda,2026-09-01T13:15-05:00,2026-09-01T18:15:00Z,2026-09-01,2.82807,-72.38429,VIIRS-NOAA-20,NOAA-20,VIIRS,57.8,24.6,8.2,Nominal,D,0.39,0.36,true,true,Puntos_de_calor_Colombia_2026-09-01.csv,2026-09-02T06:42:01Z,50,Meta,50325,Mapiripán,asignado,cache_geometrico,false,0,,,,asignado,321111,3.2.1.1.1.1.  Herbazal denso de tierra firme no arbolado,3,32,321,3211,32111,321111,SI,Landsat_2024_mediana_28042025,GoogleEarth,false,0,,,,,mas_de_5_km,,0,0,0,,,,
607fc87b49e1bc7162069f56,2026-09-01T13:15-05:00,2026-09-01T18:15:00Z,2026-09-01,5.01187,-68.52496,VIIRS-NOAA-20,NOAA-20,VIIRS,62,22.2,10.5,Nominal,D,0.5,0.41,true,true,Puntos_de_calor_Colombia_2026-09-01.csv,2026-09-02T06:42:01Z,99,Vichada,99773,Cumaribo,asignado,cache_geometrico,false,0,,,,asignado,31112,3.1.1.1.2. Bosque denso alto inundable,3,31,311,3111,31112,,SI,Landsat_2024_mediana_28042025,GoogleEarth,true,1,BLOQUE 895,,,,mas_de_5_km,,0,0,0,,,,
60eac442203ac8ca410ed456,2026-09-01T13:15-05:00,2026-09-01T18:15:00Z,2026-09-01,4.16468,-71.49895,VIIRS-NOAA-20,NOAA-20,VIIRS,59.8,25.4,3.2,Nominal,D,0.39,0.36,true,true,Puntos_de_calor_Colombia_2026-09-01.csv,2026-09-02T06:42:01Z,50,Meta,50568,Puerto Gaitán,asignado,cache_geometrico,false,0,,,,asignado,321111,3.2.1.1.1.1.  Herbazal denso de tierra firme no arbolado,3,32,321,3211,32111,321111,SI,Landsat_2024_mediana_28042025,GoogleEarth,false,0,,,,,dentro,0.00,3,0,3,LAM5172|LAV0033-00-2015|LAM5124,PERFORACIÓN EXPLORATORIA BLOQUE CPO-7B|ÁREA DE EXPLOTACIÓN DE HIDROCARBUROS QUIFA NORTE NORTE|ÁREA DE PERFORACIÓN EXPLORATORIA QUIFA NORTE – NORTE,TECPETROL COLOMBIA S.A.S.|PACIFIC RUBIALES ENERGY|FRONTERA ENERGY COLOMBIA CORP. SUCURSAL COLOMBIA,poligono
61d738011c389309a2221f06,2026-09-01T13:15-05:00,2026-09-01T18:15:00Z,2026-09-01,4.1077,-70.26304,VIIRS-NOAA-20,NOAA-20,VIIRS,62.2,17.1,2.3,Nominal,D,0.41,0.37,true,true,Puntos_de_calor_Colombia_2026-09-01.csv,2026-09-02T06:42:01Z,99,Vichada,99773,Cumaribo,asignado,cache_geometrico,false,0,,,,asignado,321111,3.2.1.1.1.1.  Herbazal denso de tierra firme no arbolado,3,32,321,3211,32111,321111,SI,"Landsat_2024_mediana_28042025, L9_657_20240412, L9_557_20240225","GoogleEarth, BingMaps, Planet Medres Normalized Analytic 2024-01 Mosaic",false,0,,,,,mas_de_5_km,,0,0,0,,,,
62a613bc6fd94d60f93fba10,2026-09-01T13:15-05:00,2026-09-01T18:15:00Z,2026-09-01,5.71343,-69.51539,VIIRS-NOAA-20,NOAA-20,VIIRS,74.5,24.4,27.9,Nominal,D,0.45,0.39,true,true,Puntos_de_calor_Colombia_2026-09-01.csv,2026-09-02T06:42:01Z,99,Vichada,99524,La Primavera,asignado,cache_geometrico,false,0,,,,asignado,321121,3.2.1.1.2.1. Herbazal denso inundable no arbolado,3,32,321,3211,32112,321121,SI,Landsat_2024_mediana_28042025,GoogleEarth,false,0,,,,,mas_de_5_km,,0,0,0,,,,
637a18f70d52dd1e32926478,2026-09-01T13:15-05:00,2026-09-01T18:15:00Z,2026-09-01,3.67093,-71.37574,VIIRS-NOAA-20,NOAA-20,VIIRS,61.7,25.4,2.4,Nominal,D,0.39,0.36,true,true,Puntos_de_calor_Colombia_2026-09-01.csv,2026-09-02T06:42:01Z,50,Meta,50568,Puerto Gaitán,asignado,cache_geometrico,false,0,,,,asignado,321111,3.2.1.1.1.1.  Herbazal denso de tierra firme no arbolado,3,32,321,3211,32111,321111,SI,"Landsat_2024_mediana_28042025,L9_657_20240412,  L9_658_20240224","Basemap, Planet Medres Normalized Analytic 2024-01 Mosaic",false,0,,,,,entre_1_y_5_km,3564.82,4,1,3,LAM0066|LAM0019,"EXPLORACION POZOS RUBIALES 18, 19, 20, 21, 22, 23, 24 Y 25 (PAVIMENTACION BONGA -P G|Explotación de hidrocarburos Campo Rubiales|CAMPO RUBIALES|EIA Mod L. G. Campo Rubiales",COPLEX COLOMBIA LIMITED|Ecopetrol S.A.|META PETROLEUM CORP|ECOPETROL S.A.,poligono
63f80678a84ee9ce33676bad,2026-09-01T13:15-05:00,2026-09-01T18:15:00Z,2026-09-01,5.00348,-68.55579,VIIRS-NOAA-20,NOAA-20,VIIRS,59.5,22.3,3,Nominal,D,0.5,0.41,true,true,Puntos_de_calor_Colombia_2026-09-01.csv,2026-09-02T06:42:01Z,99,Vichada,99773,Cumaribo,asignado,cache_geometrico,false,0,,,,asignado,321111,3.2.1.1.1.1.  Herbazal denso de tierra firme no arbolado,3,32,321,3211,32111,321111,SI,Landsat_2024_mediana_28042025,GoogleEarth,true,1,BLOQUE 895,,,,mas_de_5_km,,0,0,0,,,,
6998d70b3e55ff1bd2b3d26c,2026-09-01T13:15-05:00,2026-09-01T18:15:00Z,2026-09-01,2.6655,-76.85167,VIIRS-NOAA-20,NOAA-20,VIIRS,81.2,18.5,13.6,Nominal,D,0.4,0.44,true,true,Puntos_de_calor_Colombia_2026-09-01.csv,2026-09-02T06:42:01Z,19,Cauca,19130,Cajibío,asignado,cache_geometrico,false,0,,,,asignado,243,"2.4.3. Mosaico de cultivos, pastos y espacios naturales",2,24,243,,,,SI,Landsat_2024_mediana_28042025,,false,0,,,,,mas_de_5_km,,0,0,0,,,,
6bf9700d364ceafdb249cfb6,2026-09-01T13:15-05:00,2026-09-01T18:15:00Z,2026-09-01,1.33492,-74.84093,VIIRS-NOAA-20,NOAA-20,VIIRS,56.9,28.4,8.2,Baja,D,0.47,0.4,true,true,Puntos_de_calor_Colombia_2026-09-01.csv,2026-09-02T06:42:01Z,18,Caquetá,18150,Cartagena Del Chairá,asignado,cache_geometrico,false,0,,,,asignado,111,1.1.1. Tejido urbano continuo,1,11,111,,,,SI,L8_859_20240410,,false,0,,,,,mas_de_5_km,,0,0,0,,,,
6cda55f307bdff76b7867843,2026-09-01T13:15-05:00,2026-09-01T18:15:00Z,2026-09-01,0.67294,-70.24249,VIIRS-NOAA-20,NOAA-20,VIIRS,61.8,26.1,8.8,Nominal,D,0.39,0.36,true,true,Puntos_de_calor_Colombia_2026-09-01.csv,2026-09-02T06:42:01Z,97,Vaupés,97001,Mitú,asignado,cache_geometrico,false,0,,,,asignado,243,"2.4.3. Mosaico de cultivos, pastos y espacios naturales",2,24,243,,,,SI,L9_559_20240304,Web Maps (Bing/ArcGIS/Google),false,0,,,,,mas_de_5_km,,0,0,0,,,,
6d6f25d30f7367d83abde984,2026-09-01T13:15-05:00,2026-09-01T18:15:00Z,2026-09-01,3.18593,-76.42804,VIIRS-NOAA-20,NOAA-20,VIIRS,61,24.6,2.4,Nominal,D,0.55,0.43,true,true,Puntos_de_calor_Colombia_2026-09-01.csv,2026-09-02T06:42:01Z,19,Cauca,19300,Guachené,asignado,cache_geometrico,false,0,,,,asignado,2222,2.2.2.2. Café,2,22,222,2222,,,SI,Landsat_2024_mediana_28042025,,false,0,,,,,entre_1_y_5_km,1917.97,7,0,7,LAM1659|LAM1015|LAM1564|LAM1566|LAV0036-00-2023,"Rehabilitación, ampliación y construcción de segundas calzadas de la malla vial del Valle del Cauca y Cauca|Construcción de la Variante Puerto Tejada - Variante Sur Palmira; Yumbo - Mediacanoa|SUBESTACIÓN PÁEZ A 230 KV|VARIANTE DE CONEXIÓN ENTRE SUBESTACIÓN PÁEZ A 230 KV Y LÍNEA DE TRANSMISIÓN JUANCHITO - SAN BERNARDINO A 230 KV|Nueva Malla Vial del Valle del Cauca - Corredor accesos Cali y Palmira - UF4 construcción segunda calzada Ye de Villa Rica - AV. Bicentenario",Unión Temporal Desarrollo Vial del Valle del Cauca y Cauca|INTERCONEXION ELECTRICA S.A. E.S.P. ISA|Concesionaria Rutas Del Valle SAS,linea|poligono
6dbd48ad695cd3588d43c729,2026-09-01T13:15-05:00,2026-09-01T18:15:00Z,2026-09-01,4.55215,-68.62569,VIIRS-NOAA-20,NOAA-20,VIIRS,62.2,18.3,6.3,Nominal,D,0.49,0.4,true,true,Puntos_de_calor_Colombia_2026-09-01.csv,2026-09-02T06:42:01Z,99,Vichada,99773,Cumaribo,asignado,cache_geometrico,false,0,,,,asignado,321111,3.2.1.1.1.1.  Herbazal denso de tierra firme no arbolado,3,32,321,3211,32111,321111,SI,L9_457_20240109,Mosaico Sentinel-2_L2A_False_color 2024-01-27-00_00_2024-01-27-23_59,true,1,BLOQUE 895,,,,mas_de_5_km,,0,0,0,,,,
6dbddccda490baa631bdb03d,2026-09-01T13:15-05:00,2026-09-01T18:15:00Z,2026-09-01,1.42278,-77.3533,VIIRS-NOAA-20,NOAA-20,VIIRS,78,24.5,25.2,Nominal,D,0.45,0.47,true,true,Puntos_de_calor_Colombia_2026-09-01.csv,2026-09-02T06:42:01Z,52,Nariño,52260,El Tambo,asignado,cache_geometrico,false,0,,,,asignado,314,3.1.4. Bosque de galería y ripario,3,31,314,,,,SI,Landsat_2024_mediana_28042025,,true,1,GDK-09A,(9001937491) SOCIEDAD EXPLORACIONES NORTHERN COLOMBIA S.A.S.,,CARBON\ MINERAL DE COBRE\ MINERAL DE ZINC\ ASOCIADOS\ PLATINO\ MINERAL DE MOLIBDENO\ PLATA,mas_de_5_km,,0,0,0,,,,
70617334b99b1ad619d2fce8,2026-09-01T13:15-05:00,2026-09-01T18:15:00Z,2026-09-01,0.85591,-71.00366,VIIRS-NOAA-20,NOAA-20,VIIRS,57.3,23.1,1.2,Nominal,D,0.39,0.36,true,true,Puntos_de_calor_Colombia_2026-09-01.csv,2026-09-02T06:42:01Z,97,Vaupés,97001,Mitú,asignado,cache_geometrico,false,0,,,,asignado,243,"2.4.3. Mosaico de cultivos, pastos y espacios naturales",2,24,243,,,,SI,L9_559_20240304,Web Maps (Bing/ArcGIS/Google),true,1,Bloque869,,,,mas_de_5_km,,0,0,0,,,,
72ba5ed46c7bf1605f865cd6,2026-09-01T13:15-05:00,2026-09-01T18:15:00Z,2026-09-01,3.18546,-76.42489,VIIRS-NOAA-20,NOAA-20,VIIRS,57.1,24.8,1.9,Nominal,D,0.55,0.43,true,true,Puntos_de_calor_Colombia_2026-09-01.csv,2026-09-02T06:42:01Z,19,Cauca,19300,Guachené,asignado,cache_geometrico,false,0,,,,asignado,2222,2.2.2.2. Café,2,22,222,2222,,,SI,Landsat_2024_mediana_28042025,,false,0,,,,,entre_1_y_5_km,2232.90,5,0,5,LAM1659|LAM1015|LAM1564|LAM1566|LAV0036-00-2023,"Rehabilitación, ampliación y construcción de segundas calzadas de la malla vial del Valle del Cauca y Cauca|Construcción de la Variante Puerto Tejada - Variante Sur Palmira; Yumbo - Mediacanoa|SUBESTACIÓN PÁEZ A 230 KV|VARIANTE DE CONEXIÓN ENTRE SUBESTACIÓN PÁEZ A 230 KV Y LÍNEA DE TRANSMISIÓN JUANCHITO - SAN BERNARDINO A 230 KV|Nueva Malla Vial del Valle del Cauca - Corredor accesos Cali y Palmira - UF4 construcción segunda calzada Ye de Villa Rica - AV. Bicentenario",Unión Temporal Desarrollo Vial del Valle del Cauca y Cauca|INTERCONEXION ELECTRICA S.A. E.S.P. ISA|Concesionaria Rutas Del Valle SAS,linea|poligono
7330f7f9adf061f60b05044b,2026-09-01T13:15-05:00,2026-09-01T18:15:00Z,2026-09-01,3.91582,-71.9544,VIIRS-NOAA-20,NOAA-20,VIIRS,59.1,26.6,3.9,Nominal,D,0.38,0.36,true,true,Puntos_de_calor_Colombia_2026-09-01.csv,2026-09-02T06:42:01Z,50,Meta,50568,Puerto Gaitán,asignado,cache_geometrico,false,0,,,,asignado,244,2.4.4. Mosaico de pastos con espacios naturales,2,24,244,,,,SI,Landsat_2024_mediana_28042025,GoogleEarth,false,0,,,,,dentro,0.00,1,0,1,LAM5281,PERFORACIÓN EXPLORATORIA CPO-13,TECPETROL COLOMBIA S.A.S.,poligono
740374439af27b2b98e57330,2026-09-01T13:15-05:00,2026-09-01T18:15:00Z,2026-09-01,3.51621,-71.43272,VIIRS-NOAA-20,NOAA-20,VIIRS,68.1,25.9,4.1,Nominal,D,0.39,0.36,true,true,Puntos_de_calor_Colombia_2026-09-01.csv,2026-09-02T06:42:01Z,50,Meta,50568,Puerto Gaitán,asignado,cache_geometrico,false,0,,,,asignado,321121,3.2.1.1.2.1. Herbazal denso inundable no arbolado,3,32,321,3211,32112,321121,SI,L9_658_20240224,Planet Medres Normalized Analytic 2024-01 Mosaic,false,0,,,,,mas_de_5_km,,0,0,0,,,,
7497b423d65a6ec04eb38164,2026-09-01T13:15-05:00,2026-09-01T18:15:00Z,2026-09-01,4.72666,-70.17419,VIIRS-NOAA-20,NOAA-20,VIIRS,66.7,25.6,4.4,Nominal,D,0.42,0.38,true,true,Puntos_de_calor_Colombia_2026-09-01.csv,2026-09-02T06:42:01Z,99,Vichada,99773,Cumaribo,asignado,cache_geometrico,false,0,,,,asignado,321111,3.2.1.1.1.1.  Herbazal denso de tierra firme no arbolado,3,32,321,3211,32111,321111,SI,Landsat_2024_mediana_28042025,GoogleEarth,false,0,,,,,mas_de_5_km,,0,0,0,,,,
78cee50b6c775d9d5af71d6e,2026-09-01T13:15-05:00,2026-09-01T18:15:00Z,2026-09-01,0.46877,-70.09509,VIIRS-NOAA-20,NOAA-20,VIIRS,59.2,21.6,3.6,Nominal,D,0.4,0.37,true,true,Puntos_de_calor_Colombia_2026-09-01.csv,2026-09-02T06:42:01Z,97,Vaupés,97001,Mitú,asignado,cache_geometrico,false,0,,,,asignado,243,"2.4.3. Mosaico de cultivos, pastos y espacios naturales",2,24,243,,,,SI,L9_559_20240304,Web Maps (Bing/ArcGIS/Google),false,0,,,,,mas_de_5_km,,0,0,0,,,,
7a7ccb185966c61e947ccaff,2026-09-01T13:15-05:00,2026-09-01T18:15:00Z,2026-09-01,0.85708,-76.04076,VIIRS-NOAA-20,NOAA-20,VIIRS,60.1,23.9,11.6,Nominal,D,0.56,0.43,true,true,Puntos_de_calor_Colombia_2026-09-01.csv,2026-09-02T06:42:01Z,86,Putumayo,86571,Puerto Guzmán,asignado,cache_geometrico,false,0,,,,asignado,233,2.3.3. Pastos enmalezados,2,23,233,,,,SI,L8_959_20240221,,false,0,,,,,dentro,0.00,1,0,1,LAM0533,BLOQUE RIO PUTUMAYO (FASE PERFORACION EXPLORATORIA ),RAM PETROLEUM LIMITED,poligono
803ce1247376f592bc2112bf,2026-09-01T13:15-05:00,2026-09-01T18:15:00Z,2026-09-01,1.0774,-76.0445,VIIRS-NOAA-20,NOAA-20,VIIRS,56.6,22.1,3.9,Nominal,D,0.56,0.43,true,true,Puntos_de_calor_Colombia_2026-09-01.csv,2026-09-02T06:42:01Z,18,Caquetá,18205,Curillo,asignado,cache_geometrico,false,0,,,,asignado,231,2.3.1. Pastos limpios,2,23,231,,,,SI,L8_959_20240831,"(Planet Medres Visual 2024-02 Mosaic, Planet Medres Visual 2024-05 Mosaic)",false,0,,,,,mas_de_5_km,,0,0,0,,,,
80e708413980259be3fe0b6e,2026-09-01T13:15-05:00,2026-09-01T18:15:00Z,2026-09-01,4.2706,-70.11307,VIIRS-NOAA-20,NOAA-20,VIIRS,62.1,22.7,2.7,Nominal,D,0.42,0.37,true,true,Puntos_de_calor_Colombia_2026-09-01.csv,2026-09-02T06:42:01Z,99,Vichada,99773,Cumaribo,asignado,cache_geometrico,false,0,,,,asignado,31111,3.1.1.1.1. Bosque denso alto de tierra firme,3,31,311,3111,31111,,SI,"Landsat_2024_mediana_28042025, L9_557_20240225","GoogleEarth, BingMaps, Mosaico Sentinel-2_L2A_False_color 2024-01-24-00_00_2024-01-24-23_59_",false,0,,,,,mas_de_5_km,,0,0,0,,,,
81f6170ef6db5e23864f6966,2026-09-01T13:15-05:00,2026-09-01T18:15:00Z,2026-09-01,3.51289,-71.43222,VIIRS-NOAA-20,NOAA-20,VIIRS,62.6,23.5,1.8,Nominal,D,0.39,0.36,true,true,Puntos_de_calor_Colombia_2026-09-01.csv,2026-09-02T06:42:01Z,50,Meta,50568,Puerto Gaitán,asignado,cache_geometrico,false,0,,,,asignado,314,3.1.4. Bosque de galería y ripario,3,31,314,,,,SI,"Landsat_2024_mediana_28042025, L9_658_20240224","GoogleEarth, BingMaps, Planet Medres Normalized Analytic 2024-01 Mosaic",false,0,,,,,mas_de_5_km,,0,0,0,,,,
876df506c5335e22d04602b8,2026-09-01T13:15-05:00,2026-09-01T18:15:00Z,2026-09-01,5.71701,-69.5159,VIIRS-NOAA-20,NOAA-20,VIIRS,60.7,23.2,3.8,Nominal,D,0.45,0.39,true,true,Puntos_de_calor_Colombia_2026-09-01.csv,2026-09-02T06:42:01Z,99,Vichada,99524,La Primavera,asignado,cache_geometrico,false,0,,,,asignado,321121,3.2.1.1.2.1. Herbazal denso inundable no arbolado,3,32,321,3211,32112,321121,SI,Landsat_2024_mediana_28042025,GoogleEarth,false,0,,,,,mas_de_5_km,,0,0,0,,,,
8792a2570a988c4a8d9164bb,2026-09-01T13:15-05:00,2026-09-01T18:15:00Z,2026-09-01,1.38792,-77.59821,VIIRS-NOAA-20,NOAA-20,VIIRS,56.5,22.9,4.3,Nominal,D,0.46,0.47,true,true,Puntos_de_calor_Colombia_2026-09-01.csv,2026-09-02T06:42:01Z,52,Nariño,52678,Samaniego,asignado,cache_geometrico,false,0,,,,asignado,3232,3.2.3.2. Vegetación secundaria baja,3,32,323,3232,,,SI,Landsat_2024_mediana_28042025,,false,0,,,,,mas_de_5_km,,0,0,0,,,,
87a1327c6d2da9543bbd5847,2026-09-01T13:15-05:00,2026-09-01T18:15:00Z,2026-09-01,4.34756,-70.18202,VIIRS-NOAA-20,NOAA-20,VIIRS,57.2,17.6,5.1,Nominal,D,0.42,0.37,true,true,Puntos_de_calor_Colombia_2026-09-01.csv,2026-09-02T06:42:01Z,99,Vichada,99773,Cumaribo,asignado,cache_geometrico,false,0,,,,asignado,321111,3.2.1.1.1.1.  Herbazal denso de tierra firme no arbolado,3,32,321,3211,32111,321111,SI,Landsat_2024_mediana_28042025,"GoogleEarth, BingMaps",true,1,UHQ-08591,,Exploración,"ARENAS ARCILLOSAS, ARENAS FELDESPÁTICAS, ARENAS INDUSTRIALES, ARENAS SILICEAS, GRAVAS, RECEBO",mas_de_5_km,,0,0,0,,,,
884d16d6628d3d15a5fb6cd6,2026-09-01T13:15-05:00,2026-09-01T18:15:00Z,2026-09-01,3.23482,-76.67584,VIIRS-NOAA-20,NOAA-20,VIIRS,61,19.9,7.5,Nominal,D,0.57,0.43,true,true,Puntos_de_calor_Colombia_2026-09-01.csv,2026-09-02T06:42:01Z,76,Valle Del Cauca,76364,Jamundí,asignado,cache_geometrico,false,0,,,,asignado,243,"2.4.3. Mosaico de cultivos, pastos y espacios naturales",2,24,243,,,,SI,Landsat_2024_mediana_28042025,,false,0,,,,,mas_de_5_km,,0,0,0,,,,
894455e6756dad786f881a89,2026-09-01T13:15-05:00,2026-09-01T18:15:00Z,2026-09-01,0.42142,-76.6921,VIIRS-NOAA-20,NOAA-20,VIIRS,59.2,23.4,2.4,Nominal,D,0.42,0.45,true,true,Puntos_de_calor_Colombia_2026-09-01.csv,2026-09-02T06:42:01Z,86,Putumayo,86865,Valle Del Guamuez,asignado,cache_geometrico,false,0,,,,asignado,242,2.4.2. Mosaico de pastos y cultivos,2,24,242,,,,SI,L8_960_20240221,,false,0,,,,,entre_1_y_5_km,3563.42,1,0,1,LAV0020-00-2017,ÁREA DE PERFORACIÓN EXPLORATORIA POMORROSO,GRAN TIERRRA ENERGY CORP.,poligono
8a0f71cf7d1fa27a2e5c11e2,2026-09-01T13:15-05:00,2026-09-01T18:15:00Z,2026-09-01,3.05971,-73.48687,VIIRS-NOAA-20,NOAA-20,VIIRS,63.5,26.3,4.5,Baja,D,0.4,0.37,true,true,Puntos_de_calor_Colombia_2026-09-01.csv,2026-09-02T06:42:01Z,50,Meta,50711,Vistahermosa,asignado,cache_geometrico,false,0,,,,asignado,231,2.3.1. Pastos limpios,2,23,231,,,,SI,Landsat_2024_mediana_28042025,,false,0,,,,,dentro,0.00,1,0,1,LAM4309,AREA DE INTERES DE PERFORACION EXPLORATORIA RIO ARIARI,PETROMINERALES COLOMBIA LTDA,poligono
8a2100cad6dbe6ed40e151ce,2026-09-01T13:15-05:00,2026-09-01T18:15:00Z,2026-09-01,4.59805,-70.00784,VIIRS-NOAA-20,NOAA-20,VIIRS,75,23.8,9.6,Nominal,D,0.42,0.38,true,true,Puntos_de_calor_Colombia_2026-09-01.csv,2026-09-02T06:42:01Z,99,Vichada,99773,Cumaribo,asignado,cache_geometrico,false,0,,,,asignado,321111,3.2.1.1.1.1.  Herbazal denso de tierra firme no arbolado,3,32,321,3211,32111,321111,SI,Landsat_2024_mediana_28042025,GoogleEarth,false,0,,,,,mas_de_5_km,,0,0,0,,,,
8b2fec8a18fc5854d6f082bf,2026-09-01T13:15-05:00,2026-09-01T18:15:00Z,2026-09-01,4.46113,-69.79592,VIIRS-NOAA-20,NOAA-20,VIIRS,72,23.9,9.2,Nominal,D,0.43,0.38,true,true,Puntos_de_calor_Colombia_2026-09-01.csv,2026-09-02T06:42:01Z,99,Vichada,99773,Cumaribo,asignado,cache_geometrico,false,0,,,,asignado,231,2.3.1. Pastos limpios,2,23,231,,,,SI,Landsat_2024_mediana_28042025,"GoogleEarth, BingMaps",false,0,,,,,mas_de_5_km,,0,0,0,,,,
8c9682000cfa0fb7d2c40f5c,2026-09-01T13:15-05:00,2026-09-01T18:15:00Z,2026-09-01,2.15222,-77.17622,VIIRS-NOAA-20,NOAA-20,VIIRS,62.2,19.7,3.9,Nominal,D,0.42,0.45,true,true,Puntos_de_calor_Colombia_2026-09-01.csv,2026-09-02T06:42:01Z,19,Cauca,19075,Balboa,asignado,cache_geometrico,false,0,,,,asignado,242,2.4.2. Mosaico de pastos y cultivos,2,24,242,,,,SI,Landsat_2024_mediana_28042025,Basemap,false,0,,,,,mas_de_5_km,,0,0,0,,,,
8fb3ee3f567748d03cf8fa29,2026-09-01T13:15-05:00,2026-09-01T18:15:00Z,2026-09-01,3.51095,-71.91477,VIIRS-NOAA-20,NOAA-20,VIIRS,77.1,26.6,5.2,Nominal,D,0.38,0.36,true,true,Puntos_de_calor_Colombia_2026-09-01.csv,2026-09-02T06:42:01Z,50,Meta,50568,Puerto Gaitán,asignado,cache_geometrico,false,0,,,,asignado,321111,3.2.1.1.1.1.  Herbazal denso de tierra firme no arbolado,3,32,321,3211,32111,321111,SI,"Landsat_2024_mediana_28042025, L9_658_20240224","GoogleEarth, Planet Medres Normalized Analytic 2024-01 Mosaic",false,0,,,,,dentro,0.00,1,0,1,LAM5281,PERFORACIÓN EXPLORATORIA CPO-13,TECPETROL COLOMBIA S.A.S.,poligono
96fec77bd0f0158a5760dc59,2026-09-01T13:15-05:00,2026-09-01T18:15:00Z,2026-09-01,4.16538,-71.36056,VIIRS-NOAA-20,NOAA-20,VIIRS,67.3,27.2,6.5,Nominal,D,0.39,0.36,true,true,Puntos_de_calor_Colombia_2026-09-01.csv,2026-09-02T06:42:01Z,50,Meta,50568,Puerto Gaitán,asignado,cache_geometrico,false,0,,,,asignado,321111,3.2.1.1.1.1.  Herbazal denso de tierra firme no arbolado,3,32,321,3211,32111,321111,SI,Landsat_2024_mediana_28042025,GoogleEarth,false,0,,,,,dentro,0.00,4,0,4,LAM4649|LAV0006-12|LAM5172,AREA DE PERFORACION EXPLORATORIA SABANERO|BLOQUE PERFORACIÓN Y EXPLOTACIÓN SABANERO|PERFORACIÓN EXPLORATORIA BLOQUE CPO-7B|AREA DE MAYOR INTERES SABANERO CENTRO,MAUREL & PROM COLOMBIA B.V.|TECPETROL COLOMBIA S.A.S.,poligono
9a7814f0ea5af6a17f013d70,2026-09-01T13:15-05:00,2026-09-01T18:15:00Z,2026-09-01,1.48379,-77.0254,VIIRS-NOAA-20,NOAA-20,VIIRS,74.7,27,7.4,Nominal,D,0.42,0.45,true,true,Puntos_de_calor_Colombia_2026-09-01.csv,2026-09-02T06:42:01Z,52,Nariño,52258,El Tablón De Gómez,asignado,cache_geometrico,false,0,,,,asignado,231,2.3.1. Pastos limpios,2,23,231,,,,SI,Landsat_2024_mediana_28042025,,false,0,,,,,mas_de_5_km,,0,0,0,,,,
9b7f9bf430e79a01804735a5,2026-09-01T13:15-05:00,2026-09-01T18:15:00Z,2026-09-01,2.83244,-72.37788,VIIRS-NOAA-20,NOAA-20,VIIRS,66.9,26.3,5.9,Nominal,D,0.39,0.36,true,true,Puntos_de_calor_Colombia_2026-09-01.csv,2026-09-02T06:42:01Z,50,Meta,50325,Mapiripán,asignado,cache_geometrico,false,0,,,,asignado,321111,3.2.1.1.1.1.  Herbazal denso de tierra firme no arbolado,3,32,321,3211,32111,321111,SI,Landsat_2024_mediana_28042025,GoogleEarth,false,0,,,,,mas_de_5_km,,0,0,0,,,,
9cabe851326a1e3bb8ff463e,2026-09-01T13:15-05:00,2026-09-01T18:15:00Z,2026-09-01,0.59495,-76.42976,VIIRS-NOAA-20,NOAA-20,VIIRS,65.6,22.6,5.5,Nominal,D,0.4,0.44,true,true,Puntos_de_calor_Colombia_2026-09-01.csv,2026-09-02T06:42:01Z,86,Putumayo,86568,Puerto Asís,asignado,cache_geometrico,false,0,,,,asignado,3132,3.1.3.2. Bosque fragmentado con vegetación secundaria,3,31,313,3132,,,SI,L8_960_20240221,,false,0,,,,,entre_1_y_5_km,1605.56,1,0,1,LAM2469,PLAN DE MANEJO AMBIENTAL PARA ÁREAS OPERATIVAS DE LA GERENCIA SUR (GSU),ECOPETROL S.A,poligono
9d39295999a4ac1b7ad489f8,2026-09-01T13:15-05:00,2026-09-01T18:15:00Z,2026-09-01,5.14973,-70.5976,VIIRS-NOAA-20,NOAA-20,VIIRS,57.6,24,4.2,Nominal,D,0.41,0.37,true,true,Puntos_de_calor_Colombia_2026-09-01.csv,2026-09-02T06:42:01Z,99,Vichada,99624,Santa Rosalía,asignado,cache_geometrico,false,0,,,,asignado,321111,3.2.1.1.1.1.  Herbazal denso de tierra firme no arbolado,3,32,321,3211,32111,321111,SI,Landsat_2024_mediana_28042025,GoogleEarth,false,0,,,,,mas_de_5_km,,0,0,0,,,,
9de3425fb8b1dfea450e7aa2,2026-09-01T13:15-05:00,2026-09-01T18:15:00Z,2026-09-01,3.57759,-72.03456,VIIRS-NOAA-20,NOAA-20,VIIRS,64.4,24.7,3.5,Nominal,D,0.38,0.36,true,true,Puntos_de_calor_Colombia_2026-09-01.csv,2026-09-02T06:42:01Z,50,Meta,50568,Puerto Gaitán,asignado,cache_geometrico,false,0,,,,asignado,321111,3.2.1.1.1.1.  Herbazal denso de tierra firme no arbolado,3,32,321,3211,32111,321111,SI,Landsat_2024_mediana_28042025,GoogleEarth,false,0,,,,,dentro,0.00,2,0,2,LAM5475|LAM5281,ÁREA DE PERFORACIÓN EXPLORATORIA BLOQUE CPO-12|PERFORACIÓN EXPLORATORIA CPO-13,META  PETROLEUM CORP|TECPETROL COLOMBIA S.A.S.,poligono
a117414426e0157dea858d4c,2026-09-01T13:15-05:00,2026-09-01T18:15:00Z,2026-09-01,5.69697,-76.65832,VIIRS-NOAA-20,NOAA-20,VIIRS,54.1,22.9,6.4,Nominal,D,0.52,0.42,true,true,Puntos_de_calor_Colombia_2026-09-01.csv,2026-09-02T06:42:01Z,27,Chocó,27001,Quibdó,asignado,cache_geometrico,false,0,,,,asignado,111,1.1.1. Tejido urbano continuo,1,11,111,,,,SI,"Landsat_2024_mediana_28042025, Sentinel_2024_mediana_11042025",,false,0,,,,,mas_de_5_km,,0,0,0,,,,
a13c78c190cd329e1322102d,2026-09-01T13:15-05:00,2026-09-01T18:15:00Z,2026-09-01,0.63173,-76.48637,VIIRS-NOAA-20,NOAA-20,VIIRS,65.4,22.4,6.3,Nominal,D,0.4,0.44,true,true,Puntos_de_calor_Colombia_2026-09-01.csv,2026-09-02T06:42:01Z,86,Putumayo,86569,Puerto Caicedo,asignado,cache_geometrico,false,0,,,,asignado,323,3.2.3. Vegetación secundaria o en transición,3,32,323,,,,SI,L8_959_20240221,,false,0,,,,,entre_1_y_5_km,3106.77,4,0,4,LAM5025|LAM2469|LAM7834-00,"ÁREA DE INTERÉS EXPLORATORIA ALEA 1848-A|PLAN DE MANEJO AMBIENTAL PARA ÁREAS OPERATIVAS DE LA GERENCIA SUR (GSU)|ÁREAS OPERATIVAS DE LA GERENCIA SUR EXISTENTES Y EN OPERACIÓN (ORITO, SUR, OCCIDENTE Y NORORIENTE)",VETRA EXPLORACIÓN Y PRODUCCIÓN COLOMBIA S.A.S. – VETRA EyP S.A.S.|ECOPETROL S.A|CENIT S.A.S,poligono|linea
a3994b02865595ad39ea3008,2026-09-01T13:15-05:00,2026-09-01T18:15:00Z,2026-09-01,4.88048,-69.23441,VIIRS-NOAA-20,NOAA-20,VIIRS,71.2,22.5,9.9,Nominal,D,0.46,0.39,true,true,Puntos_de_calor_Colombia_2026-09-01.csv,2026-09-02T06:42:01Z,99,Vichada,99773,Cumaribo,asignado,cache_geometrico,false,0,,,,asignado,321121,3.2.1.1.2.1. Herbazal denso inundable no arbolado,3,32,321,3211,32112,321121,SI,Landsat_2024_mediana_28042025,GoogleEarth,false,0,,,,,mas_de_5_km,,0,0,0,,,,
a3a1aaa1a38be84ba2ac4a6e,2026-09-01T13:15-05:00,2026-09-01T18:15:00Z,2026-09-01,1.0238,-76.28921,VIIRS-NOAA-20,NOAA-20,VIIRS,65.1,24,3.8,Nominal,D,0.39,0.44,true,true,Puntos_de_calor_Colombia_2026-09-01.csv,2026-09-02T06:42:01Z,19,Cauca,19533,Piamonte,asignado,cache_geometrico,false,0,,,,asignado,31111,3.1.1.1.1. Bosque denso alto de tierra firme,3,31,311,3111,31111,,SI,L8_959_20240831,"(Planet Medres Visual 2024-02 Mosaic, Planet Medres Visual 2024-05 Mosaic)",false,0,,,,,dentro,0.00,4,0,4,LAM0199|LAM5505|LAM0042,"PERFORACIÓN DE POZOS EXPLORATORIOS MARY WEST-1 DESARROLLO DE POZOS MARY 6 Y MIRAFLOR 3, BLOQUE SANTANA B.|PROYECTO ÁREA DE INTERÉS EXPLORATORIO CANELO NORTE.|POZO DE DESARROLLO TOROYACO 4 Y 5; LINDA 4 Y 5","GRAN TIERRA ENERGY COLOMBIA LTDA por GRAN TIERRA ENERGY COLOMBIA, LLC SUCURSAL|PETRONOVA COLOMBIA|GRAN TIERRA ENERGY COLOMBIA LTD.",poligono|punto
a5ed4e9733678dd4093a06b7,2026-09-01T13:15-05:00,2026-09-01T18:15:00Z,2026-09-01,3.87095,-71.82349,VIIRS-NOAA-20,NOAA-20,VIIRS,75.1,26.2,6.4,Nominal,D,0.38,0.36,true,true,Puntos_de_calor_Colombia_2026-09-01.csv,2026-09-02T06:42:01Z,50,Meta,50568,Puerto Gaitán,asignado,cache_geometrico,false,0,,,,asignado,321111,3.2.1.1.1.1.  Herbazal denso de tierra firme no arbolado,3,32,321,3211,32111,321111,SI,Landsat_2024_mediana_28042025,GoogleEarth,false,0,,,,,dentro,0.00,3,0,3,LAM5175|LAM5281|LAV0041-13,AREA DE PERFORACIÓN EXPLORATORIA MAGO NORTE|PERFORACIÓN EXPLORATORIA CPO-13|ÁREA EXPLOTACIÓN PENDARE BLOQUE CPO13,ECOPETROL S.A.|TECPETROL COLOMBIA S.A.S.|TECPETROL COLOMBIA SAS,poligono
a6982ec2b39b2b6a514934d5,2026-09-01T13:15-05:00,2026-09-01T18:15:00Z,2026-09-01,5.01589,-68.49792,VIIRS-NOAA-20,NOAA-20,VIIRS,74.6,13.3,6.9,Nominal,D,0.5,0.41,true,true,Puntos_de_calor_Colombia_2026-09-01.csv,2026-09-02T06:42:01Z,99,Vichada,99773,Cumaribo,asignado,cache_geometrico,false,0,,,,asignado,321121,3.2.1.1.2.1. Herbazal denso inundable no arbolado,3,32,321,3211,32112,321121,SI,Landsat_2024_mediana_28042025,GoogleEarth,true,1,BLOQUE 895,,,,mas_de_5_km,,0,0,0,,,,
a9b3cfc761c3630b24d2b414,2026-09-01T13:15-05:00,2026-09-01T18:15:00Z,2026-09-01,5.18026,-70.74824,VIIRS-NOAA-20,NOAA-20,VIIRS,59.4,23.9,2.5,Nominal,D,0.4,0.37,true,true,Puntos_de_calor_Colombia_2026-09-01.csv,2026-09-02T06:42:01Z,99,Vichada,99624,Santa Rosalía,asignado,cache_geometrico,false,0,,,,asignado,321121,3.2.1.1.2.1. Herbazal denso inundable no arbolado,3,32,321,3211,32112,321121,SI,Landsat_2024_mediana_28042025,GoogleEarth,false,0,,,,,dentro,0.00,1,0,1,LAM4977,AREA DE PERFORACION EXPLORATORIA CLARINERO,HOCOL S.A.,poligono
aa4465a0ccd03699c02c9df8,2026-09-01T13:15-05:00,2026-09-01T18:15:00Z,2026-09-01,4.77931,-70.12813,VIIRS-NOAA-20,NOAA-20,VIIRS,58.5,23.5,4,Nominal,D,0.42,0.38,true,true,Puntos_de_calor_Colombia_2026-09-01.csv,2026-09-02T06:42:01Z,99,Vichada,99773,Cumaribo,asignado,cache_geometrico,false,0,,,,asignado,321111,3.2.1.1.1.1.  Herbazal denso de tierra firme no arbolado,3,32,321,3211,32111,321111,SI,Landsat_2024_mediana_28042025,GoogleEarth,false,0,,,,,mas_de_5_km,,0,0,0,,,,
aa467675edb6bd96459a140b,2026-09-01T13:15-05:00,2026-09-01T18:15:00Z,2026-09-01,4.59406,-70.33647,VIIRS-NOAA-20,NOAA-20,VIIRS,60.4,20.3,4,Nominal,D,0.41,0.37,true,true,Puntos_de_calor_Colombia_2026-09-01.csv,2026-09-02T06:42:01Z,99,Vichada,99773,Cumaribo,asignado,cache_geometrico,false,0,,,,asignado,321111,3.2.1.1.1.1.  Herbazal denso de tierra firme no arbolado,3,32,321,3211,32111,321111,SI,Landsat_2024_mediana_28042025,GoogleEarth,false,0,,,,,mas_de_5_km,,0,0,0,,,,
acc64d096d0b1e2291319a00,2026-09-01T13:15-05:00,2026-09-01T18:15:00Z,2026-09-01,5.15313,-70.59811,VIIRS-NOAA-20,NOAA-20,VIIRS,76.7,26.3,4.2,Nominal,D,0.41,0.37,true,true,Puntos_de_calor_Colombia_2026-09-01.csv,2026-09-02T06:42:01Z,99,Vichada,99624,Santa Rosalía,asignado,cache_geometrico,false,0,,,,asignado,321121,3.2.1.1.2.1. Herbazal denso inundable no arbolado,3,32,321,3211,32112,321121,SI,Landsat_2024_mediana_28042025,GoogleEarth,false,0,,,,,mas_de_5_km,,0,0,0,,,,
ae035ea7e424f7a3346e1c50,2026-09-01T13:15-05:00,2026-09-01T18:15:00Z,2026-09-01,3.66944,-71.96808,VIIRS-NOAA-20,NOAA-20,VIIRS,65.7,26.4,6.9,Nominal,D,0.38,0.36,true,true,Puntos_de_calor_Colombia_2026-09-01.csv,2026-09-02T06:42:01Z,50,Meta,50568,Puerto Gaitán,asignado,cache_geometrico,false,0,,,,asignado,321111,3.2.1.1.1.1.  Herbazal denso de tierra firme no arbolado,3,32,321,3211,32111,321111,SI,Landsat_2024_mediana_28042025,GoogleEarth,false,0,,,,,dentro,0.00,4,0,4,LAM5281|LAV0041-13|LAM5475,PERFORACIÓN EXPLORATORIA CPO-13|ÁREA EXPLOTACIÓN PENDARE BLOQUE CPO13|AREA DE EXPLOTACIÓN PENDARE-CPO13|ÁREA DE PERFORACIÓN EXPLORATORIA BLOQUE CPO-12,TECPETROL COLOMBIA S.A.S.|TECPETROL COLOMBIA SAS|TECPRETOL COLOMBIA S.A.S|META  PETROLEUM CORP,poligono
b07fc2ec60a10e6efba755b0,2026-09-01T13:15-05:00,2026-09-01T18:15:00Z,2026-09-01,2.8286,-72.38084,VIIRS-NOAA-20,NOAA-20,VIIRS,61.8,25.3,8.2,Nominal,D,0.39,0.36,true,true,Puntos_de_calor_Colombia_2026-09-01.csv,2026-09-02T06:42:01Z,50,Meta,50325,Mapiripán,asignado,cache_geometrico,false,0,,,,asignado,321111,3.2.1.1.1.1.  Herbazal denso de tierra firme no arbolado,3,32,321,3211,32111,321111,SI,Landsat_2024_mediana_28042025,GoogleEarth,false,0,,,,,mas_de_5_km,,0,0,0,,,,
b1a2815b089a376817402fe9,2026-09-01T13:15-05:00,2026-09-01T18:15:00Z,2026-09-01,2.9713,-76.43378,VIIRS-NOAA-20,NOAA-20,VIIRS,59.1,18.7,5.2,Nominal,D,0.56,0.43,true,true,Puntos_de_calor_Colombia_2026-09-01.csv,2026-09-02T06:42:01Z,19,Cauca,19698,Santander De Quilichao,asignado,cache_geometrico,false,0,,,,asignado,243,"2.4.3. Mosaico de cultivos, pastos y espacios naturales",2,24,243,,,,SI,Landsat_2024_mediana_28042025,,true,1,21821,(34606558) XIOMARA SADOVNIK PARDO,Explotación,"ARENAS ARCILLOSAS, ARENAS FELDESPÁTICAS, ARENAS INDUSTRIALES, ARENAS SILICEAS, GRAVAS, RECEBO",mas_de_5_km,,0,0,0,,,,
b1c528b2774fcadb65d9723d,2026-09-01T13:15-05:00,2026-09-01T18:15:00Z,2026-09-01,0.7541,-76.72078,VIIRS-NOAA-20,NOAA-20,VIIRS,70.4,23,5.2,Nominal,D,0.41,0.45,true,true,Puntos_de_calor_Colombia_2026-09-01.csv,2026-09-02T06:42:01Z,86,Putumayo,86320,Orito,asignado,cache_geometrico,false,0,,,,asignado,231,2.3.1. Pastos limpios,2,23,231,,,,SI,L8_959_20240221,,false,0,,,,,mas_de_5_km,,0,0,0,,,,
b30fb0b0d8dcfafdecabd3d5,2026-09-01T13:15-05:00,2026-09-01T18:15:00Z,2026-09-01,4.53998,-75.83883,VIIRS-NOAA-20,NOAA-20,VIIRS,62.4,25.3,15.8,Baja,D,0.49,0.4,true,true,Puntos_de_calor_Colombia_2026-09-01.csv,2026-09-02T06:42:01Z,63,Quindío,63470,Montenegro,asignado,cache_geometrico,false,0,,,,asignado,314,3.1.4. Bosque de galería y ripario,3,31,314,,,,SI,Landsat_2024_mediana_28042025,,false,0,,,,,mas_de_5_km,,0,0,0,,,,
b3bcd9977dc2655aec815aa8,2026-09-01T13:15-05:00,2026-09-01T18:15:00Z,2026-09-01,4.41893,-70.35916,VIIRS-NOAA-20,NOAA-20,VIIRS,62.3,22.7,2.9,Nominal,D,0.41,0.37,true,true,Puntos_de_calor_Colombia_2026-09-01.csv,2026-09-02T06:42:01Z,99,Vichada,99773,Cumaribo,asignado,cache_geometrico,false,0,,,,asignado,321111,3.2.1.1.1.1.  Herbazal denso de tierra firme no arbolado,3,32,321,3211,32111,321111,SI,Landsat_2024_mediana_28042025,"GoogleEarth, BingMaps",false,0,,,,,mas_de_5_km,,0,0,0,,,,
b3eec3d2dea03ea37ea2ec30,2026-09-01T13:15-05:00,2026-09-01T18:15:00Z,2026-09-01,1.35253,-77.2515,VIIRS-NOAA-20,NOAA-20,VIIRS,68.2,30.7,29.7,Nominal,D,0.44,0.46,true,true,Puntos_de_calor_Colombia_2026-09-01.csv,2026-09-02T06:42:01Z,52,Nariño,52240,Chachagüí,asignado,cache_geometrico,false,0,,,,asignado,242,2.4.2. Mosaico de pastos y cultivos,2,24,242,,,,SI,Landsat_2024_mediana_28042025,,false,0,,,,,entre_1_y_5_km,3211.26,2,0,2,LAM1355|LAM8591-00,CONSTRUCCIÓN DE LA VARIANTE ORIENTAL DE PASTO DEL K0+000 AL K16+530 Y CONSTRUCCIÓN DEL PAR VIAL PASTO – CHACHAGÜI – AEROPUERTO CANO – DEL K0+000 AL K16+940|CONSTRUCCIÓN DE LA VARIANTE ORIENTAL DE PASTO DEL K0+000 al K16+530 y CONSTRUCCIÓN DEL PAR VIAL PASTO - CHACHAGÜI - AEROPUERTO CANO - DEL K0+000 al K16+940,DEVINAR S.A. DESARROLLO VIAL DE NARIÑO S.A.|SOLARTE NACIONAL DE CONSTRUCCIONES S A S,linea
b42d429c300338dfe5cfb642,2026-09-01T13:15-05:00,2026-09-01T18:15:00Z,2026-09-01,3.8146,-71.86071,VIIRS-NOAA-20,NOAA-20,VIIRS,63.8,25.9,4.3,Nominal,D,0.38,0.36,true,true,Puntos_de_calor_Colombia_2026-09-01.csv,2026-09-02T06:42:01Z,50,Meta,50568,Puerto Gaitán,asignado,cache_geometrico,false,0,,,,asignado,321111,3.2.1.1.1.1.  Herbazal denso de tierra firme no arbolado,3,32,321,3211,32111,321111,SI,Landsat_2024_mediana_28042025,Sentinel_2024_mediana_11042025,false,0,,,,,dentro,0.00,4,0,4,LAV0041-13|LAM5281|LAV0012-00-2018|LAM5175,ÁREA EXPLOTACIÓN PENDARE BLOQUE CPO13|PERFORACIÓN EXPLORATORIA CPO-13|LICENCIA AMBIENTAL CAMPO DE PRODUCCIÒN CUMANDAY -  - LICENCIA AMBIENTAL.|AREA DE PERFORACIÓN EXPLORATORIA MAGO NORTE,TECPETROL COLOMBIA SAS|TECPETROL COLOMBIA S.A.S.|ECOPETROL S.A|ECOPETROL S.A.,poligono
b44d00612aadf588fa41464b,2026-09-01T13:15-05:00,2026-09-01T18:15:00Z,2026-09-01,4.67863,-71.107,VIIRS-NOAA-20,NOAA-20,VIIRS,57.8,25,1.5,Nominal,D,0.39,0.37,true,true,Puntos_de_calor_Colombia_2026-09-01.csv,2026-09-02T06:42:01Z,50,Meta,50568,Puerto Gaitán,asignado,cache_geometrico,false,0,,,,asignado,334,3.3.4. Zonas quemadas,3,33,334,,,,SI,Landsat_2024_mediana_28042025,Sentinel_2024_mediana_11042025,false,0,,,,,dentro,0.00,2,0,2,LAM5088|LAM3338,AREA DE PERFORACIÓN EXPLORATORIA BLOQUE CPO-3|PERFORACIÓN EXPLORATORIA ÁREA DE INTERÉS CABIONA,PLUSPETROL COLOMBIA CORPORATION SUCURSAL COLOMBIANA|NEW GRANADA ENERGY CORPORATION SUCURSAL COLOMBIANA,poligono
b4500c15cd2eb4f3fab0e342,2026-09-01T13:15-05:00,2026-09-01T18:15:00Z,2026-09-01,2.83191,-72.38133,VIIRS-NOAA-20,NOAA-20,VIIRS,83.5,27.7,8.2,Nominal,D,0.39,0.36,true,true,Puntos_de_calor_Colombia_2026-09-01.csv,2026-09-02T06:42:01Z,50,Meta,50325,Mapiripán,asignado,cache_geometrico,false,0,,,,asignado,321111,3.2.1.1.1.1.  Herbazal denso de tierra firme no arbolado,3,32,321,3211,32111,321111,SI,Landsat_2024_mediana_28042025,GoogleEarth,false,0,,,,,mas_de_5_km,,0,0,0,,,,
b763201b9a3ecbe4080fd647,2026-09-01T13:15-05:00,2026-09-01T18:15:00Z,2026-09-01,3.87425,-71.82398,VIIRS-NOAA-20,NOAA-20,VIIRS,62.3,25.8,6.4,Nominal,D,0.38,0.36,true,true,Puntos_de_calor_Colombia_2026-09-01.csv,2026-09-02T06:42:01Z,50,Meta,50568,Puerto Gaitán,asignado,cache_geometrico,false,0,,,,asignado,321111,3.2.1.1.1.1.  Herbazal denso de tierra firme no arbolado,3,32,321,3211,32111,321111,SI,Landsat_2024_mediana_28042025,GoogleEarth,false,0,,,,,dentro,0.00,3,0,3,LAM5175|LAM5281|LAV0041-13,AREA DE PERFORACIÓN EXPLORATORIA MAGO NORTE|PERFORACIÓN EXPLORATORIA CPO-13|ÁREA EXPLOTACIÓN PENDARE BLOQUE CPO13,ECOPETROL S.A.|TECPETROL COLOMBIA S.A.S.|TECPETROL COLOMBIA SAS,poligono
b76ab6f8789e78d0a51b958e,2026-09-01T13:15-05:00,2026-09-01T18:15:00Z,2026-09-01,4.55584,-68.62623,VIIRS-NOAA-20,NOAA-20,VIIRS,70.9,20.1,7.4,Nominal,D,0.49,0.4,true,true,Puntos_de_calor_Colombia_2026-09-01.csv,2026-09-02T06:42:01Z,99,Vichada,99773,Cumaribo,asignado,cache_geometrico,false,0,,,,asignado,321111,3.2.1.1.1.1.  Herbazal denso de tierra firme no arbolado,3,32,321,3211,32111,321111,SI,L9_457_20240109,Mosaico Sentinel-2_L2A_False_color 2024-01-27-00_00_2024-01-27-23_59,true,1,BLOQUE 895,,,,mas_de_5_km,,0,0,0,,,,
ba907f13c4eb9e70cf15a9a0,2026-09-01T13:15-05:00,2026-09-01T18:15:00Z,2026-09-01,4.20843,-71.07711,VIIRS-NOAA-20,NOAA-20,VIIRS,78.5,25.6,7,Nominal,D,0.39,0.36,true,true,Puntos_de_calor_Colombia_2026-09-01.csv,2026-09-02T06:42:01Z,99,Vichada,99773,Cumaribo,asignado,cache_geometrico,false,0,,,,asignado,314,3.1.4. Bosque de galería y ripario,3,31,314,,,,SI,Landsat_2024_mediana_28042025,Sentinel_2024_mediana_11042025,false,0,,,,,dentro,0.00,1,0,1,LAV0090-00-2014,ÁREA DE PERFORACIÓN EXPLORATORIA CPO-8 SUR,ECOPETROL S.A.,poligono
bc1bd603307d9f7f30b1254b,2026-09-01T13:15-05:00,2026-09-01T18:15:00Z,2026-09-01,0.69178,-70.23093,VIIRS-NOAA-20,NOAA-20,VIIRS,64,24.9,2.9,Nominal,D,0.39,0.36,true,true,Puntos_de_calor_Colombia_2026-09-01.csv,2026-09-02T06:42:01Z,97,Vaupés,97001,Mitú,asignado,cache_geometrico,false,0,,,,asignado,244,2.4.4. Mosaico de pastos con espacios naturales,2,24,244,,,,SI,L9_559_20240304,Web Maps (Bing/ArcGIS/Google),false,0,,,,,mas_de_5_km,,0,0,0,,,,
bc51390ff47ce6ce4c5a40fd,2026-09-01T13:15-05:00,2026-09-01T18:15:00Z,2026-09-01,4.59748,-70.01164,VIIRS-NOAA-20,NOAA-20,VIIRS,61.6,25,5.5,Nominal,D,0.42,0.38,true,true,Puntos_de_calor_Colombia_2026-09-01.csv,2026-09-02T06:42:01Z,99,Vichada,99773,Cumaribo,asignado,cache_geometrico,false,0,,,,asignado,321111,3.2.1.1.1.1.  Herbazal denso de tierra firme no arbolado,3,32,321,3211,32111,321111,SI,Landsat_2024_mediana_28042025,GoogleEarth,false,0,,,,,mas_de_5_km,,0,0,0,,,,
be2f9562732748bd33733bc5,2026-09-01T13:15-05:00,2026-09-01T18:15:00Z,2026-09-01,3.23634,-71.68832,VIIRS-NOAA-20,NOAA-20,VIIRS,63.8,26.2,2.5,Nominal,D,0.38,0.36,true,true,Puntos_de_calor_Colombia_2026-09-01.csv,2026-09-02T06:42:01Z,50,Meta,50325,Mapiripán,asignado,cache_geometrico,false,0,,,,asignado,231,2.3.1. Pastos limpios,2,23,231,,,,SI,L9_658_20240224,,false,0,,,,,mas_de_5_km,,0,0,0,,,,
bf6dd7bc1267460e75506a2a,2026-09-01T13:15-05:00,2026-09-01T18:15:00Z,2026-09-01,0.975,-75.29002,VIIRS-NOAA-20,NOAA-20,VIIRS,61.4,23.1,2.5,Nominal,D,0.51,0.41,true,true,Puntos_de_calor_Colombia_2026-09-01.csv,2026-09-02T06:42:01Z,18,Caquetá,18460,Milán,asignado,cache_geometrico,false,0,,,,asignado,244,2.4.4. Mosaico de pastos con espacios naturales,2,24,244,,,,SI,L8_859_20240222_20240224,,false,0,,,,,mas_de_5_km,,0,0,0,,,,
c20ed3b9dfbb32dce1c09e29,2026-09-01T13:15-05:00,2026-09-01T18:15:00Z,2026-09-01,3.46788,-71.81641,VIIRS-NOAA-20,NOAA-20,VIIRS,61.1,26.7,2.9,Nominal,D,0.38,0.36,true,true,Puntos_de_calor_Colombia_2026-09-01.csv,2026-09-02T06:42:01Z,50,Meta,50568,Puerto Gaitán,asignado,cache_geometrico,false,0,,,,asignado,321121,3.2.1.1.2.1. Herbazal denso inundable no arbolado,3,32,321,3211,32112,321121,SI,L9_658_20240224,Planet Medres Normalized Analytic 2024-01 Mosaic,false,0,,,,,entre_1_y_5_km,3556.99,1,0,1,LAM5281,PERFORACIÓN EXPLORATORIA CPO-13,TECPETROL COLOMBIA S.A.S.,poligono
c2422c8e70dae0bac980daf4,2026-09-01T13:15-05:00,2026-09-01T18:15:00Z,2026-09-01,0.38161,-76.48787,VIIRS-NOAA-20,NOAA-20,VIIRS,60.2,24.3,2.4,Nominal,D,0.4,0.45,true,true,Puntos_de_calor_Colombia_2026-09-01.csv,2026-09-02T06:42:01Z,86,Putumayo,86568,Puerto Asís,asignado,cache_geometrico,false,0,,,,asignado,243,"2.4.3. Mosaico de cultivos, pastos y espacios naturales",2,24,243,,,,SI,L8_960_20240221,,false,0,,,,,dentro,0.00,4,0,4,LAM4174|LAM1412,"Informe de Cumplimiento Ambiental de los Campos Quinde, Cohembí y Quillacinga|PRUEBAS EXTENSAS DE PRODUCCIÓN EN EL ÁREA SUR - ORIENTE. QUILLASINGA - CURIQUINGA Y PIÑUÑA.|Campos Quinde, Cohembí y Quillacinga|PRUEBAS EXTENSAS DE PRODUCCIÓN EN EL ÁREA SUR – ORIENTE QUILLASINGA – CURIQUINGA Y PIÑUÑA.",CONSORCIO COLOMBIA ENERGY|CONSORCIO COLOMBIA ENERGY S.A.,poligono|punto
c69633559b02fac4f585f1d2,2026-09-01T13:15-05:00,2026-09-01T18:15:00Z,2026-09-01,1.35195,-77.25519,VIIRS-NOAA-20,NOAA-20,VIIRS,37.8,40.4,42.8,Baja,D,0.44,0.46,true,true,Puntos_de_calor_Colombia_2026-09-01.csv,2026-09-02T06:42:01Z,52,Nariño,52240,Chachagüí,asignado,cache_geometrico,false,0,,,,asignado,245,2.4.5. Mosaico de cultivos con espacios naturales,2,24,245,,,,SI,Landsat_2024_mediana_28042025,Basemap,false,0,,,,,entre_1_y_5_km,2830.86,2,0,2,LAM1355|LAM8591-00,CONSTRUCCIÓN DE LA VARIANTE ORIENTAL DE PASTO DEL K0+000 AL K16+530 Y CONSTRUCCIÓN DEL PAR VIAL PASTO – CHACHAGÜI – AEROPUERTO CANO – DEL K0+000 AL K16+940|CONSTRUCCIÓN DE LA VARIANTE ORIENTAL DE PASTO DEL K0+000 al K16+530 y CONSTRUCCIÓN DEL PAR VIAL PASTO - CHACHAGÜI - AEROPUERTO CANO - DEL K0+000 al K16+940,DEVINAR S.A. DESARROLLO VIAL DE NARIÑO S.A.|SOLARTE NACIONAL DE CONSTRUCCIONES S A S,linea
c6a8e2639e6fcd42dd4c4a01,2026-09-01T13:15-05:00,2026-09-01T18:15:00Z,2026-09-01,0.95191,-75.84383,VIIRS-NOAA-20,NOAA-20,VIIRS,61.6,22.3,5.3,Nominal,D,0.54,0.42,true,true,Puntos_de_calor_Colombia_2026-09-01.csv,2026-09-02T06:42:01Z,18,Caquetá,18860,Valparaíso,asignado,cache_geometrico,false,0,,,,asignado,244,2.4.4. Mosaico de pastos con espacios naturales,2,24,244,,,,SI,L8_860_20240129,,false,0,,,,,mas_de_5_km,,0,0,0,,,,
ca5c9c5bb5e63517ba58a2b9,2026-09-01T13:15-05:00,2026-09-01T18:15:00Z,2026-09-01,0.43043,-76.71635,VIIRS-NOAA-20,NOAA-20,VIIRS,67.4,24.6,11.4,Nominal,D,0.42,0.45,true,true,Puntos_de_calor_Colombia_2026-09-01.csv,2026-09-02T06:42:01Z,86,Putumayo,86865,Valle Del Guamuez,asignado,cache_geometrico,false,0,,,,asignado,243,"2.4.3. Mosaico de cultivos, pastos y espacios naturales",2,24,243,,,,SI,L8_960_20240221,,false,0,,,,,entre_1_y_5_km,3609.72,1,0,1,LAV0020-00-2017,ÁREA DE PERFORACIÓN EXPLORATORIA POMORROSO,GRAN TIERRRA ENERGY CORP.,poligono
ca688fd800bd6bfb45f04bfc,2026-09-01T13:15-05:00,2026-09-01T18:15:00Z,2026-09-01,4.91536,-69.89837,VIIRS-NOAA-20,NOAA-20,VIIRS,66.9,24.9,3.2,Nominal,D,0.43,0.38,true,true,Puntos_de_calor_Colombia_2026-09-01.csv,2026-09-02T06:42:01Z,99,Vichada,99773,Cumaribo,asignado,cache_geometrico,false,0,,,,asignado,321111,3.2.1.1.1.1.  Herbazal denso de tierra firme no arbolado,3,32,321,3211,32111,321111,SI,Landsat_2024_mediana_28042025,GoogleEarth,false,0,,,,,mas_de_5_km,,0,0,0,,,,
ca7a80fef36dc19b46c94ded,2026-09-01T13:15-05:00,2026-09-01T18:15:00Z,2026-09-01,3.55744,-71.74256,VIIRS-NOAA-20,NOAA-20,VIIRS,64.3,25,4.8,Nominal,D,0.38,0.36,true,true,Puntos_de_calor_Colombia_2026-09-01.csv,2026-09-02T06:42:01Z,50,Meta,50568,Puerto Gaitán,asignado,cache_geometrico,false,0,,,,asignado,231,2.3.1. Pastos limpios,2,23,231,,,,SI,"Landsat_2024_mediana_28042025, L9_658_20240224","Basemap, Planet Medres Normalized Analytic 2024-01 Mosaic",false,0,,,,,dentro,0.00,3,0,3,LAV0084-13|LAM5281|LAV0059-00-2025,AREA DE PERFORACIÓN EXPLORATOIRA CPO13B|PERFORACIÓN EXPLORATORIA CPO-13|ÁREA DE EXPLOTACIÓN MAUTE BLOQUE CPO13,TECPETROL COLOMBIA S.A.S|TECPETROL COLOMBIA S.A.S.|TECPETROL COLOMBIA SAS,poligono
cad59e517c7d8c484937621d,2026-09-01T13:15-05:00,2026-09-01T18:15:00Z,2026-09-01,6.17447,-69.0724,VIIRS-NOAA-20,NOAA-20,VIIRS,61.1,21.5,3.3,Nominal,D,0.48,0.4,true,true,Puntos_de_calor_Colombia_2026-09-01.csv,2026-09-02T06:42:01Z,99,Vichada,99524,La Primavera,asignado,cache_geometrico,false,0,,,,asignado,321111,3.2.1.1.1.1.  Herbazal denso de tierra firme no arbolado,3,32,321,3211,32111,321111,SI,Landsat_2024_mediana_28042025,GoogleEarth,true,1,TAM-09231,(8000940678) DEPARTAMENTO DEL VICHADA,Sin Información,MATERIALES DE CONSTRUCCIÓN,mas_de_5_km,,0,0,0,,,,
cbf6bc3ec5589ed0b5e406c8,2026-09-01T13:15-05:00,2026-09-01T18:15:00Z,2026-09-01,3.33666,-71.65466,VIIRS-NOAA-20,NOAA-20,VIIRS,58.1,24.3,1.7,Nominal,D,0.38,0.36,true,true,Puntos_de_calor_Colombia_2026-09-01.csv,2026-09-02T06:42:01Z,50,Meta,50325,Mapiripán,asignado,cache_geometrico,false,0,,,,asignado,31111,3.1.1.1.1. Bosque denso alto de tierra firme,3,31,311,3111,31111,,SI,L9_658_20240224,,false,0,,,,,mas_de_5_km,,0,0,0,,,,
cf34781559cf7dd1a400fd9d,2026-09-01T13:15-05:00,2026-09-01T18:15:00Z,2026-09-01,3.33996,-71.65514,VIIRS-NOAA-20,NOAA-20,VIIRS,82.1,28.2,13.2,Nominal,D,0.38,0.36,true,true,Puntos_de_calor_Colombia_2026-09-01.csv,2026-09-02T06:42:01Z,50,Meta,50325,Mapiripán,asignado,cache_geometrico,false,0,,,,asignado,231,2.3.1. Pastos limpios,2,23,231,,,,SI,L9_658_20240224,,false,0,,,,,mas_de_5_km,,0,0,0,,,,
cf415a9d153b10d1e6ca4cf4,2026-09-01T13:15-05:00,2026-09-01T18:15:00Z,2026-09-01,3.33944,-71.65859,VIIRS-NOAA-20,NOAA-20,VIIRS,62.7,25.8,5.2,Nominal,D,0.38,0.36,true,true,Puntos_de_calor_Colombia_2026-09-01.csv,2026-09-02T06:42:01Z,50,Meta,50325,Mapiripán,asignado,cache_geometrico,false,0,,,,asignado,231,2.3.1. Pastos limpios,2,23,231,,,,SI,L9_658_20240224,,false,0,,,,,mas_de_5_km,,0,0,0,,,,
cf4d8cd0db2780057de147be,2026-09-01T13:15-05:00,2026-09-01T18:15:00Z,2026-09-01,4.21177,-71.0776,VIIRS-NOAA-20,NOAA-20,VIIRS,67,24.3,7,Nominal,D,0.39,0.36,true,true,Puntos_de_calor_Colombia_2026-09-01.csv,2026-09-02T06:42:01Z,50,Meta,50568,Puerto Gaitán,asignado,cache_geometrico,false,0,,,,asignado,321111,3.2.1.1.1.1.  Herbazal denso de tierra firme no arbolado,3,32,321,3211,32111,321111,SI,Landsat_2024_mediana_28042025,"GoogleEarth, BingMaps",false,0,,,,,dentro,0.00,1,0,1,LAV0090-00-2014,ÁREA DE PERFORACIÓN EXPLORATORIA CPO-8 SUR,ECOPETROL S.A.,poligono
d1eb608efc86c9b045635825,2026-09-01T13:15-05:00,2026-09-01T18:15:00Z,2026-09-01,3.91529,-71.95784,VIIRS-NOAA-20,NOAA-20,VIIRS,71.7,26.1,3.9,Nominal,D,0.38,0.36,true,true,Puntos_de_calor_Colombia_2026-09-01.csv,2026-09-02T06:42:01Z,50,Meta,50568,Puerto Gaitán,asignado,cache_geometrico,false,0,,,,asignado,244,2.4.4. Mosaico de pastos con espacios naturales,2,24,244,,,,SI,Landsat_2024_mediana_28042025,GoogleEarth,false,0,,,,,dentro,0.00,2,0,2,LAM5281|LAM5475,PERFORACIÓN EXPLORATORIA CPO-13|ÁREA DE PERFORACIÓN EXPLORATORIA BLOQUE CPO-12,TECPETROL COLOMBIA S.A.S.|META  PETROLEUM CORP,poligono
d23215f784445e4ee0182b5b,2026-09-01T13:15-05:00,2026-09-01T18:15:00Z,2026-09-01,0.86786,-76.05052,VIIRS-NOAA-20,NOAA-20,VIIRS,68.3,24.6,14.3,Nominal,D,0.56,0.43,true,true,Puntos_de_calor_Colombia_2026-09-01.csv,2026-09-02T06:42:01Z,86,Putumayo,86571,Puerto Guzmán,asignado,cache_geometrico,false,0,,,,asignado,31111,3.1.1.1.1. Bosque denso alto de tierra firme,3,31,311,3111,31111,,SI,L8_959_20240221,,false,0,,,,,dentro,0.00,1,0,1,LAM0533,BLOQUE RIO PUTUMAYO (FASE PERFORACION EXPLORATORIA ),RAM PETROLEUM LIMITED,poligono
d2654d7c34acce6c5718de3a,2026-09-01T13:15-05:00,2026-09-01T18:15:00Z,2026-09-01,5.0088,-68.5199,VIIRS-NOAA-20,NOAA-20,VIIRS,60.5,22.8,4.6,Nominal,D,0.5,0.41,true,true,Puntos_de_calor_Colombia_2026-09-01.csv,2026-09-02T06:42:01Z,99,Vichada,99773,Cumaribo,asignado,cache_geometrico,false,0,,,,asignado,321121,3.2.1.1.2.1. Herbazal denso inundable no arbolado,3,32,321,3211,32112,321121,SI,Landsat_2024_mediana_28042025,GoogleEarth,true,1,BLOQUE 895,,,,mas_de_5_km,,0,0,0,,,,
d2df9e1377070d8b05d07999,2026-09-01T13:15-05:00,2026-09-01T18:15:00Z,2026-09-01,3.68951,-76.04762,VIIRS-NOAA-20,NOAA-20,VIIRS,59.8,28.2,5.6,Nominal,D,0.52,0.41,true,true,Puntos_de_calor_Colombia_2026-09-01.csv,2026-09-02T06:42:01Z,76,Valle Del Cauca,76248,El Cerrito,asignado,cache_geometrico,true,1,741,Rio  Amaime,Reservas Forestales Protectoras Nacionales,asignado,231,2.3.1. Pastos limpios,2,23,231,,,,SI,Landsat_2024_mediana_28042025,,false,0,,,,,mas_de_5_km,,0,0,0,,,,
d3817199512a25fe00aa57eb,2026-09-01T13:15-05:00,2026-09-01T18:15:00Z,2026-09-01,1.35669,-77.25248,VIIRS-NOAA-20,NOAA-20,VIIRS,67.4,27.6,11.2,Nominal,D,0.44,0.46,true,true,Puntos_de_calor_Colombia_2026-09-01.csv,2026-09-02T06:42:01Z,52,Nariño,52240,Chachagüí,asignado,cache_geometrico,false,0,,,,asignado,245,2.4.5. Mosaico de cultivos con espacios naturales,2,24,245,,,,SI,Landsat_2024_mediana_28042025,Basemap,false,0,,,,,entre_1_y_5_km,3387.67,1,0,1,LAM1355,CONSTRUCCIÓN DE LA VARIANTE ORIENTAL DE PASTO DEL K0+000 AL K16+530 Y CONSTRUCCIÓN DEL PAR VIAL PASTO – CHACHAGÜI – AEROPUERTO CANO – DEL K0+000 AL K16+940,DEVINAR S.A. DESARROLLO VIAL DE NARIÑO S.A.,linea
d4c4a289f958870bfc8a2640,2026-09-01T13:15-05:00,2026-09-01T18:15:00Z,2026-09-01,0.62433,-70.27443,VIIRS-NOAA-20,NOAA-20,VIIRS,58.7,23.7,3.2,Nominal,D,0.39,0.36,true,true,Puntos_de_calor_Colombia_2026-09-01.csv,2026-09-02T06:42:01Z,97,Vaupés,97001,Mitú,asignado,cache_geometrico,false,0,,,,asignado,31111,3.1.1.1.1. Bosque denso alto de tierra firme,3,31,311,3111,31111,,SI,L9_560_20240507,Web Maps (Bing/ArcGIS/Google),false,0,,,,,mas_de_5_km,,0,0,0,,,,
d5cf262c6c727da23d5cfdb7,2026-09-01T13:15-05:00,2026-09-01T18:15:00Z,2026-09-01,1.84851,-74.97921,VIIRS-NOAA-20,NOAA-20,VIIRS,57.5,23.4,6.3,Baja,D,0.48,0.4,true,true,Puntos_de_calor_Colombia_2026-09-01.csv,2026-09-02T06:42:01Z,18,Caquetá,18592,Puerto Rico,asignado,cache_geometrico,false,0,,,,asignado,231,2.3.1. Pastos limpios,2,23,231,,,,SI,"L8_858_20240410, L8_859_20240410",,false,0,,,,,mas_de_5_km,,0,0,0,,,,
d5e18103049d6a0ade4a8838,2026-09-01T13:15-05:00,2026-09-01T18:15:00Z,2026-09-01,4.27016,-70.11325,VIIRS-NOAA-20,NOAA-20,VIIRS,61.6,22.7,2.5,Nominal,D,0.42,0.37,true,true,Puntos_de_calor_Colombia_2026-09-01.csv,2026-09-02T06:42:01Z,99,Vichada,99773,Cumaribo,asignado,cache_geometrico,false,0,,,,asignado,31111,3.1.1.1.1. Bosque denso alto de tierra firme,3,31,311,3111,31111,,SI,"Landsat_2024_mediana_28042025, L9_557_20240225","GoogleEarth, BingMaps, Mosaico Sentinel-2_L2A_False_color 2024-01-24-00_00_2024-01-24-23_59_",false,0,,,,,mas_de_5_km,,0,0,0,,,,
d66be56885d1ca4e7b605b21,2026-09-01T13:15-05:00,2026-09-01T18:15:00Z,2026-09-01,2.54013,-76.59658,VIIRS-NOAA-20,NOAA-20,VIIRS,69,28.2,5,Nominal,D,0.38,0.43,true,true,Puntos_de_calor_Colombia_2026-09-01.csv,2026-09-02T06:42:01Z,19,Cauca,19001,Popayán,asignado,cache_geometrico,false,0,,,,asignado,243,"2.4.3. Mosaico de cultivos, pastos y espacios naturales",2,24,243,,,,SI,Landsat_2024_mediana_28042025,,false,0,,,,,entre_1_y_5_km,2482.64,7,0,7,LAV0072-00-2017|LAV0025-00-2021|LAM1725,"ETAPA EXPERIMENTAL DEL PROYECTO: DESARROLLO TECNOLÓGICO PARA LA OBTENCIÓN DE PRODUCTOS ORGÁNICOS E INNOVADORES DE SEDA NATURAL -  - LICENCIA AMBIENTAL.|CONSTRUCCION DE LA SEGUNDA CALZADA POPAYAN – SANTANDER DE QUILICHAO, UNIDAD FUNCIONAL 1:  POPAYÁN - PIENDAMÓ|COMPENSACIÓN CAPACITIVA DE LA SUBESTACIÓN SAN BERNARDINO A 230 KV",UNIVERSIDAD DEL CAUCA|NUEVO CAUCA S A S|INTERCONEXION ELECTRICA S.A. E.S.P. ISA,poligono|linea
d7580741afe8565e28306d3e,2026-09-01T13:15-05:00,2026-09-01T18:15:00Z,2026-09-01,4.93307,-68.56841,VIIRS-NOAA-20,NOAA-20,VIIRS,72.7,19.3,7.9,Nominal,D,0.5,0.41,true,true,Puntos_de_calor_Colombia_2026-09-01.csv,2026-09-02T06:42:01Z,99,Vichada,99773,Cumaribo,asignado,cache_geometrico,false,0,,,,asignado,314,3.1.4. Bosque de galería y ripario,3,31,314,,,,SI,Landsat_2024_mediana_28042025,GoogleEarth,true,1,BLOQUE 895,,,,mas_de_5_km,,0,0,0,,,,
d906e065a49422486604bead,2026-09-01T13:15-05:00,2026-09-01T18:15:00Z,2026-09-01,3.8179,-71.86121,VIIRS-NOAA-20,NOAA-20,VIIRS,71.4,26.3,10.7,Nominal,D,0.38,0.36,true,true,Puntos_de_calor_Colombia_2026-09-01.csv,2026-09-02T06:42:01Z,50,Meta,50568,Puerto Gaitán,asignado,cache_geometrico,false,0,,,,asignado,321111,3.2.1.1.1.1.  Herbazal denso de tierra firme no arbolado,3,32,321,3211,32111,321111,SI,Landsat_2024_mediana_28042025,Sentinel_2024_mediana_11042025,false,0,,,,,dentro,0.00,4,0,4,LAV0041-13|LAM5281|LAV0012-00-2018|LAM5175,ÁREA EXPLOTACIÓN PENDARE BLOQUE CPO13|PERFORACIÓN EXPLORATORIA CPO-13|LICENCIA AMBIENTAL CAMPO DE PRODUCCIÒN CUMANDAY -  - LICENCIA AMBIENTAL.|AREA DE PERFORACIÓN EXPLORATORIA MAGO NORTE,TECPETROL COLOMBIA SAS|TECPETROL COLOMBIA S.A.S.|ECOPETROL S.A|ECOPETROL S.A.,poligono
d99d65c9319f2270703059d6,2026-09-01T13:15-05:00,2026-09-01T18:15:00Z,2026-09-01,0.97538,-76.00299,VIIRS-NOAA-20,NOAA-20,VIIRS,57.5,23.1,3.4,Nominal,D,0.56,0.43,true,true,Puntos_de_calor_Colombia_2026-09-01.csv,2026-09-02T06:42:01Z,86,Putumayo,86571,Puerto Guzmán,asignado,cache_geometrico,false,0,,,,asignado,244,2.4.4. Mosaico de pastos con espacios naturales,2,24,244,,,,SI,L8_959_20240221,,false,0,,,,,mas_de_5_km,,0,0,0,,,,
d9b62bd2139210f1216a10b8,2026-09-01T13:15-05:00,2026-09-01T18:15:00Z,2026-09-01,0.58403,-75.64858,VIIRS-NOAA-20,NOAA-20,VIIRS,59.1,22.2,3,Nominal,D,0.54,0.42,true,true,Puntos_de_calor_Colombia_2026-09-01.csv,2026-09-02T06:42:01Z,86,Putumayo,86571,Puerto Guzmán,asignado,cache_geometrico,false,0,,,,asignado,31111,3.1.1.1.1. Bosque denso alto de tierra firme,3,31,311,3111,31111,,SI,L8_959_20240221,,false,0,,,,,mas_de_5_km,,0,0,0,,,,
d9e33fc156d61e54686e67c1,2026-09-01T13:15-05:00,2026-09-01T18:15:00Z,2026-09-01,0.67484,-76.28745,VIIRS-NOAA-20,NOAA-20,VIIRS,59.7,25.2,5.2,Nominal,D,0.39,0.44,true,true,Puntos_de_calor_Colombia_2026-09-01.csv,2026-09-02T06:42:01Z,86,Putumayo,86569,Puerto Caicedo,asignado,cache_geometrico,false,0,,,,asignado,323,3.2.3. Vegetación secundaria o en transición,3,32,323,,,,SI,L8_959_20240221,,false,0,,,,,mas_de_5_km,,0,0,0,,,,
dbf6e35430244997b35e2087,2026-09-01T13:15-05:00,2026-09-01T18:15:00Z,2026-09-01,4.06171,-71.44013,VIIRS-NOAA-20,NOAA-20,VIIRS,73.2,24.4,4.5,Nominal,D,0.39,0.36,true,true,Puntos_de_calor_Colombia_2026-09-01.csv,2026-09-02T06:42:01Z,50,Meta,50568,Puerto Gaitán,asignado,cache_geometrico,false,0,,,,asignado,314,3.1.4. Bosque de galería y ripario,3,31,314,,,,SI,Landsat_2024_mediana_28042025,Basemap,false,0,,,,,dentro,0.00,4,0,4,LAV0033-00-2015|LAM5124|LAM5172|LAM3340,"ÁREA DE EXPLOTACIÓN DE HIDROCARBUROS QUIFA NORTE NORTE|ÁREA DE PERFORACIÓN EXPLORATORIA QUIFA NORTE – NORTE|PERFORACIÓN EXPLORATORIA BLOQUE CPO-7B|AREA DE PERFORACION EXPLORATORIA ""QUIFA""",PACIFIC RUBIALES ENERGY|FRONTERA ENERGY COLOMBIA CORP. SUCURSAL COLOMBIA|TECPETROL COLOMBIA S.A.S.|META PETROLEUM CORP,poligono
dc7653dc8052df5ec0f27897,2026-09-01T13:15-05:00,2026-09-01T18:15:00Z,2026-09-01,1.17189,-75.84857,VIIRS-NOAA-20,NOAA-20,VIIRS,59,22.7,6.6,Nominal,D,0.54,0.42,true,true,Puntos_de_calor_Colombia_2026-09-01.csv,2026-09-02T06:42:01Z,18,Caquetá,18029,Albania,asignado,cache_geometrico,false,0,,,,asignado,244,2.4.4. Mosaico de pastos con espacios naturales,2,24,244,,,,SI,L8_859_20240222_20240224,,false,0,,,,,entre_1_y_5_km,4742.63,1,0,1,LAM5333,PERFORACIÓN EXPLORATORIA EN EL ÁREA ANDAQUÍES,GRUPO C&C ENERGIA (BARBADOS) SUCURSAL COLOMBIA,poligono
dd5b0d82035c28d442e78877,2026-09-01T13:15-05:00,2026-09-01T18:15:00Z,2026-09-01,4.67329,-69.7316,VIIRS-NOAA-20,NOAA-20,VIIRS,57.6,26.4,3.9,Nominal,D,0.43,0.38,true,true,Puntos_de_calor_Colombia_2026-09-01.csv,2026-09-02T06:42:01Z,99,Vichada,99773,Cumaribo,asignado,cache_geometrico,false,0,,,,asignado,321111,3.2.1.1.1.1.  Herbazal denso de tierra firme no arbolado,3,32,321,3211,32111,321111,SI,Landsat_2024_mediana_28042025,"GoogleEarth, BingMaps",false,0,,,,,mas_de_5_km,,0,0,0,,,,
ddcb934bee641aa5fb2c58b9,2026-09-01T13:15-05:00,2026-09-01T18:15:00Z,2026-09-01,3.66561,-71.97102,VIIRS-NOAA-20,NOAA-20,VIIRS,67,25.4,6.1,Nominal,D,0.38,0.36,true,true,Puntos_de_calor_Colombia_2026-09-01.csv,2026-09-02T06:42:01Z,50,Meta,50568,Puerto Gaitán,asignado,cache_geometrico,false,0,,,,asignado,314,3.1.4. Bosque de galería y ripario,3,31,314,,,,SI,Landsat_2024_mediana_28042025,GoogleEarth,false,0,,,,,dentro,0.00,4,0,4,LAM5281|LAV0041-13|LAM5475,PERFORACIÓN EXPLORATORIA CPO-13|ÁREA EXPLOTACIÓN PENDARE BLOQUE CPO13|AREA DE EXPLOTACIÓN PENDARE-CPO13|ÁREA DE PERFORACIÓN EXPLORATORIA BLOQUE CPO-12,TECPETROL COLOMBIA S.A.S.|TECPETROL COLOMBIA SAS|TECPRETOL COLOMBIA S.A.S|META  PETROLEUM CORP,poligono
de70af829f80fd4bbe1f4f75,2026-09-01T13:15-05:00,2026-09-01T18:15:00Z,2026-09-01,1.42342,-77.35295,VIIRS-NOAA-20,NOAA-20,VIIRS,73.1,23.2,22.2,Nominal,D,0.45,0.47,true,true,Puntos_de_calor_Colombia_2026-09-01.csv,2026-09-02T06:42:01Z,52,Nariño,52260,El Tambo,asignado,cache_geometrico,false,0,,,,asignado,314,3.1.4. Bosque de galería y ripario,3,31,314,,,,SI,Landsat_2024_mediana_28042025,,true,1,GDK-09A,(9001937491) SOCIEDAD EXPLORACIONES NORTHERN COLOMBIA S.A.S.,,CARBON\ MINERAL DE COBRE\ MINERAL DE ZINC\ ASOCIADOS\ PLATINO\ MINERAL DE MOLIBDENO\ PLATA,mas_de_5_km,,0,0,0,,,,
df9b2420cc39a7dbae53dd77,2026-09-01T13:15-05:00,2026-09-01T18:15:00Z,2026-09-01,1.43301,-77.12178,VIIRS-NOAA-20,NOAA-20,VIIRS,80,33.6,28.1,Nominal,D,0.43,0.46,true,true,Puntos_de_calor_Colombia_2026-09-01.csv,2026-09-02T06:42:01Z,52,Nariño,52110,Buesaco,asignado,cache_geometrico,false,0,,,,asignado,231,2.3.1. Pastos limpios,2,23,231,,,,SI,Landsat_2024_mediana_28042025,,false,0,,,,,mas_de_5_km,,0,0,0,,,,
dfd85d259bb3d130df510544,2026-09-01T13:15-05:00,2026-09-01T18:15:00Z,2026-09-01,4.59402,-70.01113,VIIRS-NOAA-20,NOAA-20,VIIRS,72.7,24.8,5.5,Nominal,D,0.42,0.38,true,true,Puntos_de_calor_Colombia_2026-09-01.csv,2026-09-02T06:42:01Z,99,Vichada,99773,Cumaribo,asignado,cache_geometrico,false,0,,,,asignado,321111,3.2.1.1.1.1.  Herbazal denso de tierra firme no arbolado,3,32,321,3211,32111,321111,SI,Landsat_2024_mediana_28042025,GoogleEarth,false,0,,,,,mas_de_5_km,,0,0,0,,,,
e103b3a3a5f8fe52de83b4fc,2026-09-01T13:15-05:00,2026-09-01T18:15:00Z,2026-09-01,4.02938,-73.18391,VIIRS-NOAA-20,NOAA-20,VIIRS,59.8,24.9,2.7,Nominal,D,0.39,0.36,true,true,Puntos_de_calor_Colombia_2026-09-01.csv,2026-09-02T06:42:01Z,50,Meta,50001,Villavicencio,asignado,cache_geometrico,false,0,,,,asignado,2121,2.1.2.1. Arroz,2,21,212,2121,,,SI,Landsat_2024_mediana_28042025,,true,1,KII-11031,(33990265) DIANA PATRICIA GRANADA OSSA\ (71771884) ORLANDO DE JESUS ZAPATA AGUIRRE,Explotación,ARENAS Y GRAVAS NATURALES Y SILICEAS\ MATERIALES DE CONSTRUCCIÓN\ GRAVILLA (MIG),dentro,0.00,3,0,3,LAM4829|LAV0064-00-2021|LAV0004-13,BLOQUE EXPLORATORIO CPO-4|ÁREA DE DESARROLLO LLANOS 94|AREA DE PERFORAACIÓN EXPLORATORIA CHENCHENA,PAREX RESOURCES COLOMBIA LTD SUCURSAL|ECOPETROL S.A.,poligono
e15ffcc5a0df2e3eb6e8e44b,2026-09-01T13:15-05:00,2026-09-01T18:15:00Z,2026-09-01,4.40158,-75.83685,VIIRS-NOAA-20,NOAA-20,VIIRS,64.7,24.2,8.7,Nominal,D,0.49,0.4,true,true,Puntos_de_calor_Colombia_2026-09-01.csv,2026-09-02T06:42:01Z,63,Quindío,63401,La Tebaida,asignado,cache_geometrico,false,0,,,,asignado,2122,2.1.2.2. Maíz,2,21,212,2122,,,SI,Landsat_2024_mediana_28042025,,true,1,21135,,Sin Información,MATERIALES DE CONSTRUCCION,entre_1_y_5_km,2350.16,2,0,2,LAM5348|LAM0299,"REHABILITACIÓN, RECONSTRUCCIÓN Y OPERACIÓN DE LA RED FERROVIARIA DEL PACÍFICO|GASODUCTO DE OCCIDENTE Y 47 RAMALES DE DISTRIBUCION MARIQUITA Y CALI",FERROCARRIL DEL OESTE S.A.|TRANSPORTADORA DE GAS INTERNACIONAL S.A. E.S.P. - TGI S.A. E.S.P.,linea
e1b63220af3c907d1e5a5a77,2026-09-01T13:15-05:00,2026-09-01T18:15:00Z,2026-09-01,0.85794,-75.39924,VIIRS-NOAA-20,NOAA-20,VIIRS,58.6,22.6,3.3,Nominal,D,0.52,0.41,true,true,Puntos_de_calor_Colombia_2026-09-01.csv,2026-09-02T06:42:01Z,18,Caquetá,18756,Solano,asignado,cache_geometrico,false,0,,,,asignado,31111,3.1.1.1.1. Bosque denso alto de tierra firme,3,31,311,3111,31111,,SI,L8_859_20240222_20240224_GEO,,false,0,,,,,mas_de_5_km,,0,0,0,,,,
e300c4748f0a9a4ef9cc4a3a,2026-09-01T13:15-05:00,2026-09-01T18:15:00Z,2026-09-01,2.67294,-76.7777,VIIRS-NOAA-20,NOAA-20,VIIRS,66.6,24.6,18.8,Nominal,D,0.39,0.44,true,true,Puntos_de_calor_Colombia_2026-09-01.csv,2026-09-02T06:42:01Z,19,Cauca,19130,Cajibío,asignado,cache_geometrico,false,0,,,,asignado,231,2.3.1. Pastos limpios,2,23,231,,,,SI,Landsat_2024_mediana_28042025,,false,0,,,,,mas_de_5_km,,0,0,0,,,,
e42eefb02905b46fdff1e651,2026-09-01T13:15-05:00,2026-09-01T18:15:00Z,2026-09-01,3.05577,-73.48997,VIIRS-NOAA-20,NOAA-20,VIIRS,60.4,25.6,6.3,Baja,D,0.4,0.37,true,true,Puntos_de_calor_Colombia_2026-09-01.csv,2026-09-02T06:42:01Z,50,Meta,50711,Vistahermosa,asignado,cache_geometrico,false,0,,,,asignado,3132,3.1.3.2. Bosque fragmentado con vegetación secundaria,3,31,313,3132,,,SI,Landsat_2024_mediana_28042025,,false,0,,,,,dentro,0.00,1,0,1,LAM4309,AREA DE INTERES DE PERFORACION EXPLORATORIA RIO ARIARI,PETROMINERALES COLOMBIA LTDA,poligono
e80532d808d1d31edbe733c1,2026-09-01T13:15-05:00,2026-09-01T18:15:00Z,2026-09-01,5.82428,-69.04294,VIIRS-NOAA-20,NOAA-20,VIIRS,76.2,25.2,12.7,Nominal,D,0.48,0.4,true,true,Puntos_de_calor_Colombia_2026-09-01.csv,2026-09-02T06:42:01Z,99,Vichada,99524,La Primavera,asignado,cache_geometrico,false,0,,,,asignado,242,2.4.2. Mosaico de pastos y cultivos,2,24,242,,,,SI,Landsat_2024_mediana_28042025,GoogleEarth,false,0,,,,,mas_de_5_km,,0,0,0,,,,
e8f21bd8603233b329203349,2026-09-01T13:15-05:00,2026-09-01T18:15:00Z,2026-09-01,1.02209,-75.75865,VIIRS-NOAA-20,NOAA-20,VIIRS,61.3,23.2,5.7,Nominal,D,0.54,0.42,true,true,Puntos_de_calor_Colombia_2026-09-01.csv,2026-09-02T06:42:01Z,18,Caquetá,18860,Valparaíso,asignado,cache_geometrico,false,0,,,,asignado,323,3.2.3. Vegetación secundaria o en transición,3,32,323,,,,SI,L8_859_20240222_20240224,,false,0,,,,,mas_de_5_km,,0,0,0,,,,
e9b0237c7806eaa814c576b7,2026-09-01T13:15-05:00,2026-09-01T18:15:00Z,2026-09-01,4.78792,-70.11783,VIIRS-NOAA-20,NOAA-20,VIIRS,65.8,25,4.8,Nominal,D,0.42,0.38,true,true,Puntos_de_calor_Colombia_2026-09-01.csv,2026-09-02T06:42:01Z,99,Vichada,99773,Cumaribo,asignado,cache_geometrico,false,0,,,,asignado,321111,3.2.1.1.1.1.  Herbazal denso de tierra firme no arbolado,3,32,321,3211,32111,321111,SI,Landsat_2024_mediana_28042025,GoogleEarth,false,0,,,,,mas_de_5_km,,0,0,0,,,,
eadaae777cc9f45c9798ce70,2026-09-01T13:15-05:00,2026-09-01T18:15:00Z,2026-09-01,2.83575,-72.37838,VIIRS-NOAA-20,NOAA-20,VIIRS,68.3,24.8,5.5,Nominal,D,0.39,0.36,true,true,Puntos_de_calor_Colombia_2026-09-01.csv,2026-09-02T06:42:01Z,50,Meta,50325,Mapiripán,asignado,cache_geometrico,false,0,,,,asignado,321111,3.2.1.1.1.1.  Herbazal denso de tierra firme no arbolado,3,32,321,3211,32111,321111,SI,Landsat_2024_mediana_28042025,GoogleEarth,false,0,,,,,mas_de_5_km,,0,0,0,,,,
ec395eb61bd9e234be4a51fc,2026-09-01T13:15-05:00,2026-09-01T18:15:00Z,2026-09-01,5.13208,-70.57623,VIIRS-NOAA-20,NOAA-20,VIIRS,68.3,26.2,4.6,Nominal,D,0.41,0.37,true,true,Puntos_de_calor_Colombia_2026-09-01.csv,2026-09-02T06:42:01Z,99,Vichada,99624,Santa Rosalía,asignado,cache_geometrico,false,0,,,,asignado,231,2.3.1. Pastos limpios,2,23,231,,,,SI,Landsat_2024_mediana_28042025,GoogleEarth,false,0,,,,,mas_de_5_km,,0,0,0,,,,
ed8d48a0e075ff473928a7e3,2026-09-01T13:15-05:00,2026-09-01T18:15:00Z,2026-09-01,5.13263,-70.57257,VIIRS-NOAA-20,NOAA-20,VIIRS,65.8,26.3,4.6,Nominal,D,0.41,0.37,true,true,Puntos_de_calor_Colombia_2026-09-01.csv,2026-09-02T06:42:01Z,99,Vichada,99624,Santa Rosalía,asignado,cache_geometrico,false,0,,,,asignado,231,2.3.1. Pastos limpios,2,23,231,,,,SI,Landsat_2024_mediana_28042025,GoogleEarth,false,0,,,,,mas_de_5_km,,0,0,0,,,,
eeae3f2b1cdc78ee716dd7b5,2026-09-01T13:15-05:00,2026-09-01T18:15:00Z,2026-09-01,6.54587,-71.66486,VIIRS-NOAA-20,NOAA-20,VIIRS,61.2,19.5,3.8,Nominal,D,0.39,0.36,true,true,Puntos_de_calor_Colombia_2026-09-01.csv,2026-09-02T06:42:01Z,81,Arauca,81794,Tame,asignado,cache_geometrico,false,0,,,,asignado,243,"2.4.3. Mosaico de cultivos, pastos y espacios naturales",2,24,243,,,,SI,Landsat_2024_mediana_28042025,,false,0,,,,,hasta_1_km,707.15,1,0,1,LAM5104,CONSTRUCCIÓN Y OPERACIÓN DEL OLEODUCTO ARAGUANEY-BANADIA,ECOPETROL S.A.,linea
f1eb93841f96246c96e67b5e,2026-09-01T13:15-05:00,2026-09-01T18:15:00Z,2026-09-01,3.34327,-71.65565,VIIRS-NOAA-20,NOAA-20,VIIRS,81.8,26,13.2,Nominal,D,0.38,0.36,true,true,Puntos_de_calor_Colombia_2026-09-01.csv,2026-09-02T06:42:01Z,50,Meta,50325,Mapiripán,asignado,cache_geometrico,false,0,,,,asignado,231,2.3.1. Pastos limpios,2,23,231,,,,SI,L9_658_20240224,,false,0,,,,,mas_de_5_km,,0,0,0,,,,
f29bc4fc3fad14827ce0d805,2026-09-01T13:15-05:00,2026-09-01T18:15:00Z,2026-09-01,5.82492,-69.03862,VIIRS-NOAA-20,NOAA-20,VIIRS,62.9,24.2,4.7,Nominal,D,0.48,0.4,true,true,Puntos_de_calor_Colombia_2026-09-01.csv,2026-09-02T06:42:01Z,99,Vichada,99524,La Primavera,asignado,cache_geometrico,false,0,,,,asignado,314,3.1.4. Bosque de galería y ripario,3,31,314,,,,SI,Landsat_2024_mediana_28042025,GoogleEarth,false,0,,,,,mas_de_5_km,,0,0,0,,,,
f315dacba5122e0e2559e37c,2026-09-01T13:15-05:00,2026-09-01T18:15:00Z,2026-09-01,1.35612,-77.2561,VIIRS-NOAA-20,NOAA-20,VIIRS,62.8,26.6,10.3,Nominal,D,0.44,0.46,true,true,Puntos_de_calor_Colombia_2026-09-01.csv,2026-09-02T06:42:01Z,52,Nariño,52240,Chachagüí,asignado,cache_geometrico,false,0,,,,asignado,245,2.4.5. Mosaico de cultivos con espacios naturales,2,24,245,,,,SI,Landsat_2024_mediana_28042025,Basemap,false,0,,,,,entre_1_y_5_km,3037.14,1,0,1,LAM1355,CONSTRUCCIÓN DE LA VARIANTE ORIENTAL DE PASTO DEL K0+000 AL K16+530 Y CONSTRUCCIÓN DEL PAR VIAL PASTO – CHACHAGÜI – AEROPUERTO CANO – DEL K0+000 AL K16+940,DEVINAR S.A. DESARROLLO VIAL DE NARIÑO S.A.,linea
f3165b5b8d8aa4f73cb0d903,2026-09-01T13:15-05:00,2026-09-01T18:15:00Z,2026-09-01,1.76806,-75.08987,VIIRS-NOAA-20,NOAA-20,VIIRS,60.7,24.4,5.5,Nominal,D,0.48,0.4,true,true,Puntos_de_calor_Colombia_2026-09-01.csv,2026-09-02T06:42:01Z,18,Caquetá,18592,Puerto Rico,asignado,cache_geometrico,false,0,,,,asignado,231,2.3.1. Pastos limpios,2,23,231,,,,SI,L8_859_20240410,,false,0,,,,,hasta_1_km,727.18,1,0,1,LAM5765,PORTOFINO SUR,PETROMONT,poligono
f402411035c221ede16dd1b4,2026-09-01T13:15-05:00,2026-09-01T18:15:00Z,2026-09-01,0.97638,-75.2883,VIIRS-NOAA-20,NOAA-20,VIIRS,59.2,22.8,3.2,Nominal,D,0.51,0.41,true,true,Puntos_de_calor_Colombia_2026-09-01.csv,2026-09-02T06:42:01Z,18,Caquetá,18460,Milán,asignado,cache_geometrico,false,0,,,,asignado,231,2.3.1. Pastos limpios,2,23,231,,,,SI,L8_859_20240222_20240224,,false,0,,,,,mas_de_5_km,,0,0,0,,,,
f527966df8a5535477dc537a,2026-09-01T13:15-05:00,2026-09-01T18:15:00Z,2026-09-01,3.5101,-71.876,VIIRS-NOAA-20,NOAA-20,VIIRS,81.1,29.1,21.5,Nominal,D,0.38,0.36,true,true,Puntos_de_calor_Colombia_2026-09-01.csv,2026-09-02T06:42:01Z,50,Meta,50568,Puerto Gaitán,asignado,cache_geometrico,false,0,,,,asignado,321111,3.2.1.1.1.1.  Herbazal denso de tierra firme no arbolado,3,32,321,3211,32111,321111,SI,"Landsat_2024_mediana_28042025, L9_658_20240224","GoogleEarth, Planet Medres Normalized Analytic 2024-01 Mosaic",false,0,,,,,dentro,0.00,1,0,1,LAM5281,PERFORACIÓN EXPLORATORIA CPO-13,TECPETROL COLOMBIA S.A.S.,poligono
f55acc241366af615b580570,2026-09-01T13:15-05:00,2026-09-01T18:15:00Z,2026-09-01,0.25553,-76.76334,VIIRS-NOAA-20,NOAA-20,VIIRS,60.6,23.3,3.4,Nominal,D,0.42,0.45,true,true,Puntos_de_calor_Colombia_2026-09-01.csv,2026-09-02T06:42:01Z,86,Putumayo,86757,San Miguel,asignado,cache_geometrico,false,0,,,,asignado,323,3.2.3. Vegetación secundaria o en transición,3,32,323,,,,SI,L8_960_20240221,,false,0,,,,,entre_1_y_5_km,4947.95,1,0,1,LAM4990,PERFORACIÓN EXPLORATORIA PARA UN ÁREA DE INTERÉS LOCALIZADA DENTRO DEL BLOQUE COATÍ.,GRUPO C & C ENERGÍA (BARBADOS) SUCURSAL COLOMBIA,poligono
f76c621c1a18d30c68c6fef2,2026-09-01T13:15-05:00,2026-09-01T18:15:00Z,2026-09-01,1.1089,-70.72503,VIIRS-NOAA-20,NOAA-20,VIIRS,61.9,24.1,4.3,Nominal,D,0.39,0.36,true,true,Puntos_de_calor_Colombia_2026-09-01.csv,2026-09-02T06:42:01Z,97,Vaupés,97001,Mitú,asignado,cache_geometrico,false,0,,,,asignado,244,2.4.4. Mosaico de pastos con espacios naturales,2,24,244,,,,SI,L9_559_20240304,Mosaico_Sentinel-2_L2A_False_color_2024-01-27-00_00_2024-01-27-23_59_,true,1,Bloque878,,,,mas_de_5_km,,0,0,0,,,,
f93a066e465e00ecc0769b58,2026-09-01T13:15-05:00,2026-09-01T18:15:00Z,2026-09-01,1.03414,-76.1423,VIIRS-NOAA-20,NOAA-20,VIIRS,59.8,19.8,7.6,Nominal,D,0.57,0.43,true,true,Puntos_de_calor_Colombia_2026-09-01.csv,2026-09-02T06:42:01Z,19,Cauca,19533,Piamonte,asignado,cache_geometrico,false,0,,,,asignado,233,2.3.3. Pastos enmalezados,2,23,233,,,,SI,L8_959_20240831,"(Planet Medres Visual 2024-02 Mosaic, Planet Medres Visual 2024-05 Mosaic)",false,0,,,,,entre_1_y_5_km,4758.60,1,0,1,LAM0199,"PERFORACIÓN DE POZOS EXPLORATORIOS MARY WEST-1 DESARROLLO DE POZOS MARY 6 Y MIRAFLOR 3, BLOQUE SANTANA B.","GRAN TIERRA ENERGY COLOMBIA LTDA por GRAN TIERRA ENERGY COLOMBIA, LLC SUCURSAL",poligono
f9a41c48e128f6739b27d319,2026-09-01T13:15-05:00,2026-09-01T18:15:00Z,2026-09-01,3.48875,-71.81654,VIIRS-NOAA-20,NOAA-20,VIIRS,82,27.8,7,Nominal,D,0.38,0.36,true,true,Puntos_de_calor_Colombia_2026-09-01.csv,2026-09-02T06:42:01Z,50,Meta,50568,Puerto Gaitán,asignado,cache_geometrico,false,0,,,,asignado,321121,3.2.1.1.2.1. Herbazal denso inundable no arbolado,3,32,321,3211,32112,321121,SI,L9_658_20240224,Planet Medres Normalized Analytic 2024-01 Mosaic,false,0,,,,,entre_1_y_5_km,1250.56,1,0,1,LAM5281,PERFORACIÓN EXPLORATORIA CPO-13,TECPETROL COLOMBIA S.A.S.,poligono
faa02e8b33a4be154aca6f16,2026-09-01T13:15-05:00,2026-09-01T18:15:00Z,2026-09-01,5.71761,-69.51182,VIIRS-NOAA-20,NOAA-20,VIIRS,68.5,24.1,6,Nominal,D,0.45,0.39,true,true,Puntos_de_calor_Colombia_2026-09-01.csv,2026-09-02T06:42:01Z,99,Vichada,99524,La Primavera,asignado,cache_geometrico,false,0,,,,asignado,321121,3.2.1.1.2.1. Herbazal denso inundable no arbolado,3,32,321,3211,32112,321121,SI,Landsat_2024_mediana_28042025,GoogleEarth,false,0,,,,,mas_de_5_km,,0,0,0,,,,
fac35d82db0dae9231e9c9cf,2026-09-01T13:15-05:00,2026-09-01T18:15:00Z,2026-09-01,1.90899,-75.0964,VIIRS-NOAA-20,NOAA-20,VIIRS,59.4,26,4.8,Baja,D,0.48,0.4,true,true,Puntos_de_calor_Colombia_2026-09-01.csv,2026-09-02T06:42:01Z,18,Caquetá,18592,Puerto Rico,asignado,cache_geometrico,false,0,,,,asignado,231,2.3.1. Pastos limpios,2,23,231,,,,SI,L8_859_20240410,,false,0,,,,,mas_de_5_km,,0,0,0,,,,
fb102afd5b26571e4f91bd45,2026-09-01T13:15-05:00,2026-09-01T18:15:00Z,2026-09-01,0.85749,-75.40223,VIIRS-NOAA-20,NOAA-20,VIIRS,58.6,22.8,3.5,Nominal,D,0.51,0.41,true,true,Puntos_de_calor_Colombia_2026-09-01.csv,2026-09-02T06:42:01Z,18,Caquetá,18756,Solano,asignado,cache_geometrico,false,0,,,,asignado,323,3.2.3. Vegetación secundaria o en transición,3,32,323,,,,SI,L8_859_20240222_20240224_GEO,,false,0,,,,,mas_de_5_km,,0,0,0,,,,
fb120bdba9054ef09f08034d,2026-09-01T13:15-05:00,2026-09-01T18:15:00Z,2026-09-01,1.02004,-75.76046,VIIRS-NOAA-20,NOAA-20,VIIRS,58.8,22.9,3.4,Nominal,D,0.54,0.42,true,true,Puntos_de_calor_Colombia_2026-09-01.csv,2026-09-02T06:42:01Z,18,Caquetá,18860,Valparaíso,asignado,cache_geometrico,false,0,,,,asignado,323,3.2.3. Vegetación secundaria o en transición,3,32,323,,,,SI,L8_859_20240222_20240224,,false,0,,,,,mas_de_5_km,,0,0,0,,,,
ff357872e424f5e4e8690ac9,2026-09-01T13:15-05:00,2026-09-01T18:15:00Z,2026-09-01,4.4425,-69.53006,VIIRS-NOAA-20,NOAA-20,VIIRS,57,21.7,3.2,Nominal,D,0.44,0.38,true,true,Puntos_de_calor_Colombia_2026-09-01.csv,2026-09-02T06:42:01Z,99,Vichada,99773,Cumaribo,asignado,cache_geometrico,false,0,,,,asignado,321111,3.2.1.1.1.1.  Herbazal denso de tierra firme no arbolado,3,32,321,3211,32111,321111,SI,L9_557_20240225,Mosaico Sentinel-2_L2A_False_color 2024-01-27-00_00_2024-01-27-23_59,false,0,,,,,mas_de_5_km,,0,0,0,,,,
ff6efbaa611110af90aeb2d5,2026-09-01T13:15-05:00,2026-09-01T18:15:00Z,2026-09-01,3.5068,-71.8755,VIIRS-NOAA-20,NOAA-20,VIIRS,61.3,25.5,1.9,Nominal,D,0.38,0.36,true,true,Puntos_de_calor_Colombia_2026-09-01.csv,2026-09-02T06:42:01Z,50,Meta,50568,Puerto Gaitán,asignado,cache_geometrico,false,0,,,,asignado,321111,3.2.1.1.1.1.  Herbazal denso de tierra firme no arbolado,3,32,321,3211,32111,321111,SI,"Landsat_2024_mediana_28042025, L9_658_20240224","GoogleEarth, Planet Medres Normalized Analytic 2024-01 Mosaic",false,0,,,,,dentro,0.00,1,0,1,LAM5281,PERFORACIÓN EXPLORATORIA CPO-13,TECPETROL COLOMBIA S.A.S.,poligono
074a2c793e0dad94d6562496,2026-09-01T13:17-05:00,2026-09-01T18:17:00Z,2026-09-01,11.13739,-72.8406,VIIRS-NOAA-20,NOAA-20,VIIRS,65,28.2,2.3,Nominal,D,0.39,0.36,true,true,Puntos_de_calor_Colombia_2026-09-01.csv,2026-09-02T06:42:01Z,44,La Guajira,44001,Riohacha,asignado,cache_geometrico,false,0,,,,asignado,244,2.4.4. Mosaico de pastos con espacios naturales,2,24,244,,,,SI,Landsat_2024_mediana_28042025,"GoogleEarth, Basemap",false,0,,,,,mas_de_5_km,,0,0,0,,,,
09e62a8d5090dcd1c1572062,2026-09-01T13:17-05:00,2026-09-01T18:17:00Z,2026-09-01,8.26302,-73.87768,VIIRS-NOAA-20,NOAA-20,VIIRS,68.3,21.5,26,Nominal,D,0.39,0.36,true,true,Puntos_de_calor_Colombia_2026-09-01.csv,2026-09-02T06:42:01Z,13,Bolívar,13473,Morales,asignado,cache_geometrico,false,0,,,,asignado,411,4.1.1. Zonas pantanosas,4,41,411,,,,SI,Landsat_2024_mediana_28042025,GoogleEarth,false,0,,,,,mas_de_5_km,,0,0,0,,,,
0bcfc8f314443bf7b9a7df7e,2026-09-01T13:17-05:00,2026-09-01T18:17:00Z,2026-09-01,10.85569,-73.20016,VIIRS-NOAA-20,NOAA-20,VIIRS,61.4,22.2,3.9,Nominal,D,0.39,0.36,true,true,Puntos_de_calor_Colombia_2026-09-01.csv,2026-09-02T06:42:01Z,44,La Guajira,44650,San Juan Del Cesar,asignado,cache_geometrico,false,0,,,,asignado,321111,3.2.1.1.1.1.  Herbazal denso de tierra firme no arbolado,3,32,321,3211,32111,321111,SI,"Landsat9_853_06/12/2024, Landsat8_852_13/01/2024, Landsat_2024_mediana_28042025",Mosaico_Planet_012024_NICFI,false,0,,,,,mas_de_5_km,,0,0,0,,,,
1fbb03f6d203f12ee3d3f90e,2026-09-01T13:17-05:00,2026-09-01T18:17:00Z,2026-09-01,11.05344,-73.1057,VIIRS-NOAA-20,NOAA-20,VIIRS,57.7,25.8,3,Nominal,D,0.39,0.36,true,true,Puntos_de_calor_Colombia_2026-09-01.csv,2026-09-02T06:42:01Z,44,La Guajira,44001,Riohacha,asignado,cache_geometrico,false,0,,,,asignado,244,2.4.4. Mosaico de pastos con espacios naturales,2,24,244,,,,SI,Landsat_2024_mediana_28042025,"GoogleEarth, Basemap",false,0,,,,,mas_de_5_km,,0,0,0,,,,
562977bd49954c7f6286ca57,2026-09-01T13:17-05:00,2026-09-01T18:17:00Z,2026-09-01,7.89257,-72.59112,VIIRS-NOAA-20,NOAA-20,VIIRS,59.6,29,3.2,Nominal,D,0.39,0.36,true,true,Puntos_de_calor_Colombia_2026-09-01.csv,2026-09-02T06:42:01Z,54,Norte De Santander,54673,San Cayetano,asignado,cache_geometrico,false,0,,,,asignado,131,1.3.1. Zonas de extracción minera,1,13,131,,,,SI,Landsat_2024_mediana_28042025,GoogleEarth,false,0,,,,,dentro,0.00,5,0,5,LAM0802|LAM1082|LAM0077|LAM1921,AREA DE PERFORACION EXPLORATORIA LOS TOCHES|OLEODUCTO CAÑO LIMÓN-COVEÑAS|PERFORACIÓN EXPLORATORIA LOS TOCHES (POZOS RAMPUCHE 1 Y SANTI 1)|CENTRAL TERMOELÉCTRICA DE TASAJERO|CONSTRUCCIÓN DEL ANILLO VIAL OCCIDENTAL DE CÚCUTA,COPLEX COLOMBIA LIMITED|CENIT S.A.S|TERMOTASAJERO S.A. E.S.P.|CONCESIONARIA SAN SIMÓN S.A.,poligono|linea|punto
66d64f65fa84dca2cdcd2b2a,2026-09-01T13:17-05:00,2026-09-01T18:17:00Z,2026-09-01,11.20175,-72.4515,VIIRS-NOAA-20,NOAA-20,VIIRS,64.6,27.4,6.3,Nominal,D,0.4,0.37,true,true,Puntos_de_calor_Colombia_2026-09-01.csv,2026-09-02T06:42:01Z,44,La Guajira,44035,Albania,asignado,cache_geometrico,false,0,,,,asignado,231,2.3.1. Pastos limpios,2,23,231,,,,SI,Landsat_2024_mediana_28042025,,false,0,,,,,dentro,0.00,11,0,11,LAV0033-00-2024|LAM8237-00|LAV0020-00-2022|LAM2653|LAM1094,LÍNEA ELÉCTRICA DE CONEXIÓN PARQUES EÓLICOS BETA Y ALPHA A SUBESTACIÓN CUESTECITAS|Línea de transmisión cuestecitas – Majayura a 230 kv|Línea de transmisión Cuestecitas – Majayura a 230 kv|OPERACIÓN Y MANTENIMIENTO DEL GASODUCTO ALBANIA - MAICAO|ÁREA DE PERFORACIÓN EXPLORATORIA SALINAS|PROYECTO MINERO DE EXPLOTACIÓN DE EXPLOTACIÓN DE CARBÓN BLOQUE CENTRAL DEL CERREJÓN ZONA NORTE. MINA EL CERREJÓN (ÁREAS INTEGRADAS).,EOLOS ENERGIA S.A.S. E.S.P.|INTERCONEXION ELECTRICA S.A. E.S.P|INTERCONEXION ELECTRICA S.A. E.S.P.|PROMIGAS S.A. E.S.P.|PETROLÍFERA PETROLEUM COLOMBIA LIMITED|CARBONES DEL CERREJÓN LTD.,poligono|linea
80b7814fdbc3508c3399f3d2,2026-09-01T13:17-05:00,2026-09-01T18:17:00Z,2026-09-01,7.86365,-72.80313,VIIRS-NOAA-20,NOAA-20,VIIRS,58.2,19.5,3.7,Nominal,D,0.38,0.36,true,true,Puntos_de_calor_Colombia_2026-09-01.csv,2026-09-02T06:42:01Z,54,Norte De Santander,54313,Gramalote,asignado,cache_geometrico,false,0,,,,asignado,243,"2.4.3. Mosaico de cultivos, pastos y espacios naturales",2,24,243,,,,SI,Landsat_2024_mediana_28042025,GoogleEarth,false,0,,,,,mas_de_5_km,,0,0,0,,,,
818c168aa2544e189afd0974,2026-09-01T13:17-05:00,2026-09-01T18:17:00Z,2026-09-01,8.26248,-73.88117,VIIRS-NOAA-20,NOAA-20,VIIRS,73.2,23.5,27.2,Nominal,D,0.39,0.36,true,true,Puntos_de_calor_Colombia_2026-09-01.csv,2026-09-02T06:42:01Z,13,Bolívar,13473,Morales,asignado,cache_geometrico,false,0,,,,asignado,32122,3.2.1.2.2. Herbazal abierto rocoso,3,32,321,3212,32122,,SI,Landsat_2024_mediana_28042025,GoogleEarth,false,0,,,,,mas_de_5_km,,0,0,0,,,,
836a37b8877d7c60473a43f8,2026-09-01T13:17-05:00,2026-09-01T18:17:00Z,2026-09-01,8.08195,-72.59679,VIIRS-NOAA-20,NOAA-20,VIIRS,63.1,26.7,4.7,Nominal,D,0.39,0.36,true,true,Puntos_de_calor_Colombia_2026-09-01.csv,2026-09-02T06:42:01Z,54,Norte De Santander,54261,El Zulia,asignado,cache_geometrico,false,0,,,,asignado,131,1.3.1. Zonas de extracción minera,1,13,131,,,,SI,Landsat_2024_mediana_28042025,GoogleEarth,false,0,,,,,mas_de_5_km,,0,0,0,,,,
8c024bea0ad5b7a9348b5bff,2026-09-01T13:17-05:00,2026-09-01T18:17:00Z,2026-09-01,11.12577,-72.82784,VIIRS-NOAA-20,NOAA-20,VIIRS,60.3,26.8,6.5,Nominal,D,0.39,0.36,true,true,Puntos_de_calor_Colombia_2026-09-01.csv,2026-09-02T06:42:01Z,44,La Guajira,44001,Riohacha,asignado,cache_geometrico,true,1,755,Bañaderos  Cuenca Alta del Río Camarones,Distritos Regionales de Manejo Integrado,asignado,314,3.1.4. Bosque de galería y ripario,3,31,314,,,,SI,Landsat_2024_mediana_28042025,,false,0,,,,,mas_de_5_km,,0,0,0,,,,
8f8a1213135b79de76114bd4,2026-09-01T13:17-05:00,2026-09-01T18:17:00Z,2026-09-01,8.10726,-72.60801,VIIRS-NOAA-20,NOAA-20,VIIRS,74.2,20.6,5.5,Nominal,D,0.39,0.36,true,true,Puntos_de_calor_Colombia_2026-09-01.csv,2026-09-02T06:42:01Z,54,Norte De Santander,54261,El Zulia,asignado,cache_geometrico,false,0,,,,asignado,321113,3.2.1.1.1.3.  Herbazal denso de tierra firme con arbustos,3,32,321,3211,32111,321113,SI,Landsat_2024_mediana_28042025,GoogleEarth,false,0,,,,,mas_de_5_km,,0,0,0,,,,
b15d6b5181be004bdaba2521,2026-09-01T13:17-05:00,2026-09-01T18:17:00Z,2026-09-01,11.21897,-73.0892,VIIRS-NOAA-20,NOAA-20,VIIRS,62.5,22.3,2.4,Nominal,D,0.39,0.36,true,true,Puntos_de_calor_Colombia_2026-09-01.csv,2026-09-02T06:42:01Z,44,La Guajira,44001,Riohacha,asignado,cache_geometrico,false,0,,,,asignado,233,2.3.3. Pastos enmalezados,2,23,233,,,,SI,Landsat_2024_mediana_28042025,"GoogleEarth, Basemap",false,0,,,,,mas_de_5_km,,0,0,0,,,,
d6868d77d44017ceed3fc7f9,2026-09-01T13:17-05:00,2026-09-01T18:17:00Z,2026-09-01,11.15922,-72.87651,VIIRS-NOAA-20,NOAA-20,VIIRS,71.3,27.4,4.5,Nominal,D,0.39,0.36,true,true,Puntos_de_calor_Colombia_2026-09-01.csv,2026-09-02T06:42:01Z,44,La Guajira,44001,Riohacha,asignado,cache_geometrico,false,0,,,,asignado,233,2.3.3. Pastos enmalezados,2,23,233,,,,SI,Landsat_2024_mediana_28042025,"GoogleEarth, Basemap",false,0,,,,,entre_1_y_5_km,3188.22,3,0,3,LAV0011-00-2022,Subestación colectora 500kv y líneas de transmisión colectora cuestecitas y cuestecitas la loma 500kv - conexión cuestecitas la loma|Subestación Colectora 500kv y líneas de transmisión Colectora Cuestecitas y Cuestecitas La Loma 500kv - conexión Cuestecitas La Loma,GRUPO ENERGIA BOGOTA S A ESP,poligono|linea
e523a573e7da042f0ab1d86a,2026-09-01T13:17-05:00,2026-09-01T18:17:00Z,2026-09-01,11.19798,-72.70778,VIIRS-NOAA-20,NOAA-20,VIIRS,62.7,29.2,3.8,Nominal,D,0.39,0.36,true,true,Puntos_de_calor_Colombia_2026-09-01.csv,2026-09-02T06:42:01Z,44,La Guajira,44001,Riohacha,asignado,cache_geometrico,false,0,,,,asignado,3231,3.2.3.1. Vegetación secundaria alta,3,32,323,3231,,,SI,Landsat_2024_mediana_28042025,,false,0,,,,,dentro,0.00,4,0,4,LAM3269|LAV0011-00-2022,"AREA DE PERFORACION EXPLORATORIA ""GANIMEDES""|Subestación colectora 500kv y líneas de transmisión colectora cuestecitas y cuestecitas la loma 500kv - conexión cuestecitas la loma|Subestación Colectora 500kv y líneas de transmisión Colectora Cuestecitas y Cuestecitas La Loma 500kv - conexión Cuestecitas La Loma",ECOPETROL S.A.|GRUPO ENERGIA BOGOTA S A ESP,poligono|linea
e92ab9cb2958e57bcce5353f,2026-09-01T13:17-05:00,2026-09-01T18:17:00Z,2026-09-01,7.88964,-72.56583,VIIRS-NOAA-20,NOAA-20,VIIRS,63.9,31.8,4.7,Nominal,D,0.39,0.36,true,true,Puntos_de_calor_Colombia_2026-09-01.csv,2026-09-02T06:42:01Z,54,Norte De Santander,54001,San José De Cúcuta,asignado,cache_geometrico,false,0,,,,asignado,131,1.3.1. Zonas de extracción minera,1,13,131,,,,SI,Landsat_2024_mediana_28042025,GoogleEarth,false,0,,,,,dentro,0.00,6,0,6,LAM0802|LAM1082|LAM1921|LAM0077,"AREA DE PERFORACION EXPLORATORIA LOS TOCHES|OLEODUCTO CAÑO LIMÓN-COVEÑAS|CONSTRUCCIÓN DEL ANILLO VIAL OCCIDENTAL DE CÚCUTA|SOLICITUD DE MOD DE LA LICENCIA AMBIENTAL 1249 DE 2002, CEDIDA MEDIANTE LA RES 0649 DE 2009, DEL PROY DE CONSTRUCCIÓN ANILLO VIAL DE CÚCUTA: INTERSECCIÓN TRAMO 2 EL ZULIA CON EL TRAMO 8 ANILLO VIAL|CONSTRUCCIÓN ANILLO VIAL OCCIDENTAL DE CÚCUTA|CENTRAL TERMOELÉCTRICA DE TASAJERO",COPLEX COLOMBIA LIMITED|CENIT S.A.S|CONCESIONARIA SAN SIMÓN S.A.|CONCESIONARIA SAN SIMÓN S.A|TERMOTASAJERO S.A. E.S.P.,poligono|linea
ea2aee8259a6bac8a565d876,2026-09-01T13:17-05:00,2026-09-01T18:17:00Z,2026-09-01,7.93803,-72.65179,VIIRS-NOAA-20,NOAA-20,VIIRS,63.6,23.9,9.1,Nominal,D,0.38,0.36,true,true,Puntos_de_calor_Colombia_2026-09-01.csv,2026-09-02T06:42:01Z,54,Norte De Santander,54261,El Zulia,asignado,cache_geometrico,false,0,,,,asignado,3221,3.2.2.1. Arbustal denso,3,32,322,3221,,,SI,Landsat_2024_mediana_28042025,GoogleEarth,true,1,OG2-08578,,Exploración,CARBÓN,dentro,0.00,1,0,1,LAM0802,AREA DE PERFORACION EXPLORATORIA LOS TOCHES,COPLEX COLOMBIA LIMITED,poligono
f10e0174277f2069c84fdf86,2026-09-01T13:17-05:00,2026-09-01T18:17:00Z,2026-09-01,11.16745,-72.8669,VIIRS-NOAA-20,NOAA-20,VIIRS,71.1,29.3,9,Nominal,D,0.39,0.36,true,true,Puntos_de_calor_Colombia_2026-09-01.csv,2026-09-02T06:42:01Z,44,La Guajira,44001,Riohacha,asignado,cache_geometrico,false,0,,,,asignado,233,2.3.3. Pastos enmalezados,2,23,233,,,,SI,Landsat_2024_mediana_28042025,"GoogleEarth, Basemap",false,0,,,,,entre_1_y_5_km,3359.15,3,0,3,LAV0011-00-2022,Subestación colectora 500kv y líneas de transmisión colectora cuestecitas y cuestecitas la loma 500kv - conexión cuestecitas la loma|Subestación Colectora 500kv y líneas de transmisión Colectora Cuestecitas y Cuestecitas La Loma 500kv - conexión Cuestecitas La Loma,GRUPO ENERGIA BOGOTA S A ESP,poligono|linea
fdc4a12ee77064e61b3dbd83,2026-09-01T13:17-05:00,2026-09-01T18:17:00Z,2026-09-01,8.10673,-72.61152,VIIRS-NOAA-20,NOAA-20,VIIRS,93.9,22.5,9.5,Alta,D,0.39,0.36,true,true,Puntos_de_calor_Colombia_2026-09-01.csv,2026-09-02T06:42:01Z,54,Norte De Santander,54261,El Zulia,asignado,cache_geometrico,false,0,,,,asignado,3231,3.2.3.1. Vegetación secundaria alta,3,32,323,3231,,,SI,Landsat_2024_mediana_28042025,GoogleEarth,false,0,,,,,mas_de_5_km,,0,0,0,,,,
018a066b09483921ba045964,2026-09-01T14:00-05:00,2026-09-01T19:00:00Z,2026-09-01,0.41041,-76.43401,VIIRS-NOAA-21,NOAA-21,VIIRS,58.6,21,6,Nominal,D,0.58,0.52,true,true,Puntos_de_calor_Colombia_2026-09-01.csv,2026-09-02T06:42:01Z,86,Putumayo,86568,Puerto Asís,asignado,cache_geometrico,false,0,,,,asignado,244,2.4.4. Mosaico de pastos con espacios naturales,2,24,244,,,,SI,L8_960_20240221,,false,0,,,,,mas_de_5_km,,0,0,0,,,,
023fbd2835991440ac42fd3b,2026-09-01T14:00-05:00,2026-09-01T19:00:00Z,2026-09-01,1.18105,-75.07178,VIIRS-NOAA-21,NOAA-21,VIIRS,93.9,21.5,17.2,Alta,D,0.37,0.58,true,true,Puntos_de_calor_Colombia_2026-09-01.csv,2026-09-02T06:42:01Z,18,Caquetá,18410,La Montañita,asignado,cache_geometrico,false,0,,,,asignado,323,3.2.3. Vegetación secundaria o en transición,3,32,323,,,,SI,L8_859_20240410_20240411,Bing Map Aerial,false,0,,,,,mas_de_5_km,,0,0,0,,,,
07b62e11fd62e1e4845fbb27,2026-09-01T14:00-05:00,2026-09-01T19:00:00Z,2026-09-01,2.75283,-72.10847,VIIRS-NOAA-21,NOAA-21,VIIRS,57.3,13.9,9,Nominal,D,0.63,0.72,true,true,Puntos_de_calor_Colombia_2026-09-01.csv,2026-09-02T06:42:01Z,95,Guaviare,95001,San José Del Guaviare,asignado,cache_geometrico,false,0,,,,asignado,321111,3.2.1.1.1.1.  Herbazal denso de tierra firme no arbolado,3,32,321,3211,32111,321111,SI,L9_658_20240224,,false,0,,,,,mas_de_5_km,,0,0,0,,,,
09b2411ab08341e98ea3e050,2026-09-01T14:00-05:00,2026-09-01T19:00:00Z,2026-09-01,1.17677,-75.07031,VIIRS-NOAA-21,NOAA-21,VIIRS,93.9,22.2,15.5,Alta,D,0.37,0.58,true,true,Puntos_de_calor_Colombia_2026-09-01.csv,2026-09-02T06:42:01Z,18,Caquetá,18410,La Montañita,asignado,cache_geometrico,false,0,,,,asignado,233,2.3.3. Pastos enmalezados,2,23,233,,,,SI,L8_859_20240410,,false,0,,,,,mas_de_5_km,,0,0,0,,,,
0e4b9f35d2993305c54bc62b,2026-09-01T14:00-05:00,2026-09-01T19:00:00Z,2026-09-01,0.66802,-76.28783,VIIRS-NOAA-21,NOAA-21,VIIRS,63.7,22,6.7,Nominal,D,0.6,0.53,true,true,Puntos_de_calor_Colombia_2026-09-01.csv,2026-09-02T06:42:01Z,86,Putumayo,86569,Puerto Caicedo,asignado,cache_geometrico,false,0,,,,asignado,233,2.3.3. Pastos enmalezados,2,23,233,,,,SI,L8_959_20240221,,false,0,,,,,mas_de_5_km,,0,0,0,,,,
158dab444f3d93630d18f3b5,2026-09-01T14:00-05:00,2026-09-01T19:00:00Z,2026-09-01,0.95414,-75.84325,VIIRS-NOAA-21,NOAA-21,VIIRS,58.9,20.7,6.5,Nominal,D,0.32,0.55,true,true,Puntos_de_calor_Colombia_2026-09-01.csv,2026-09-02T06:42:01Z,18,Caquetá,18860,Valparaíso,asignado,cache_geometrico,false,0,,,,asignado,311121,3.1.1.1.2.1. Bosque denso alto Inundable heterogéneo,3,31,311,3111,31112,311121,SI,L8_860_20240129,,false,0,,,,,mas_de_5_km,,0,0,0,,,,
209b3a65b378f8b20f36c4f7,2026-09-01T14:00-05:00,2026-09-01T19:00:00Z,2026-09-01,1.35546,-77.2532,VIIRS-NOAA-21,NOAA-21,VIIRS,66.5,27.4,11.3,Nominal,D,0.53,0.5,true,true,Puntos_de_calor_Colombia_2026-09-01.csv,2026-09-02T06:42:01Z,52,Nariño,52240,Chachagüí,asignado,cache_geometrico,false,0,,,,asignado,242,2.4.2. Mosaico de pastos y cultivos,2,24,242,,,,SI,Landsat_2024_mediana_28042025,,false,0,,,,,entre_1_y_5_km,3240.03,1,0,1,LAM1355,CONSTRUCCIÓN DE LA VARIANTE ORIENTAL DE PASTO DEL K0+000 AL K16+530 Y CONSTRUCCIÓN DEL PAR VIAL PASTO – CHACHAGÜI – AEROPUERTO CANO – DEL K0+000 AL K16+940,DEVINAR S.A. DESARROLLO VIAL DE NARIÑO S.A.,linea
2145c899e4dfce2ac6bdef12,2026-09-01T14:00-05:00,2026-09-01T19:00:00Z,2026-09-01,0.7572,-75.7206,VIIRS-NOAA-21,NOAA-21,VIIRS,71.3,21.1,5.1,Nominal,D,0.33,0.55,true,true,Puntos_de_calor_Colombia_2026-09-01.csv,2026-09-02T06:42:01Z,86,Putumayo,86571,Puerto Guzmán,asignado,cache_geometrico,false,0,,,,asignado,3131,3.1.3.1. Bosque fragmentado con pastos y cultivos,3,31,313,3131,,,SI,L8_860_20240129,,false,0,,,,,mas_de_5_km,,0,0,0,,,,
22b495d95f568749bde75d07,2026-09-01T14:00-05:00,2026-09-01T19:00:00Z,2026-09-01,0.86373,-76.03431,VIIRS-NOAA-21,NOAA-21,VIIRS,66.6,24.4,13.5,Nominal,D,0.63,0.54,true,true,Puntos_de_calor_Colombia_2026-09-01.csv,2026-09-02T06:42:01Z,86,Putumayo,86571,Puerto Guzmán,asignado,cache_geometrico,false,0,,,,asignado,244,2.4.4. Mosaico de pastos con espacios naturales,2,24,244,,,,SI,L8_959_20240221,,false,0,,,,,dentro,0.00,1,0,1,LAM0533,BLOQUE RIO PUTUMAYO (FASE PERFORACION EXPLORATORIA ),RAM PETROLEUM LIMITED,poligono
249163d7528b5409dadbe484,2026-09-01T14:00-05:00,2026-09-01T19:00:00Z,2026-09-01,2.7594,-72.10937,VIIRS-NOAA-21,NOAA-21,VIIRS,68.7,15.9,9,Nominal,D,0.63,0.72,true,true,Puntos_de_calor_Colombia_2026-09-01.csv,2026-09-02T06:42:01Z,95,Guaviare,95001,San José Del Guaviare,asignado,cache_geometrico,false,0,,,,asignado,321111,3.2.1.1.1.1.  Herbazal denso de tierra firme no arbolado,3,32,321,3211,32111,321111,SI,L9_658_20240224,,false,0,,,,,mas_de_5_km,,0,0,0,,,,
32d069cd6354bdd43d43271e,2026-09-01T14:00-05:00,2026-09-01T19:00:00Z,2026-09-01,0.25637,-76.76077,VIIRS-NOAA-21,NOAA-21,VIIRS,63.9,19.9,5.7,Nominal,D,0.55,0.51,true,true,Puntos_de_calor_Colombia_2026-09-01.csv,2026-09-02T06:42:01Z,86,Putumayo,86757,San Miguel,asignado,cache_geometrico,false,0,,,,asignado,323,3.2.3. Vegetación secundaria o en transición,3,32,323,,,,SI,L8_960_20240221,,false,0,,,,,mas_de_5_km,,0,0,0,,,,
574b11c410f4658b46610ee0,2026-09-01T14:00-05:00,2026-09-01T19:00:00Z,2026-09-01,1.24063,-75.64464,VIIRS-NOAA-21,NOAA-21,VIIRS,59.1,18.7,2.2,Nominal,D,0.34,0.56,true,true,Puntos_de_calor_Colombia_2026-09-01.csv,2026-09-02T06:42:01Z,18,Caquetá,18479,Morelia,asignado,cache_geometrico,false,0,,,,asignado,233,2.3.3. Pastos enmalezados,2,23,233,,,,SI,L8_859_20240222_20240224,,false,0,,,,,dentro,0.00,1,0,1,LAV0027-00-2017,ÁREA DE PERFORACIÓN EXPLORATORIA NOGAL,EMERALD ENERGY PLC SUCURSAL COLOMBIA,poligono
658c5466f3178935caab57e3,2026-09-01T14:00-05:00,2026-09-01T19:00:00Z,2026-09-01,1.18208,-75.07108,VIIRS-NOAA-21,NOAA-21,VIIRS,73.8,20.7,15.5,Nominal,D,0.37,0.58,true,true,Puntos_de_calor_Colombia_2026-09-01.csv,2026-09-02T06:42:01Z,18,Caquetá,18410,La Montañita,asignado,cache_geometrico,false,0,,,,asignado,323,3.2.3. Vegetación secundaria o en transición,3,32,323,,,,SI,L8_859_20240410_20240411,Bing Map Aerial,false,0,,,,,mas_de_5_km,,0,0,0,,,,
66a65f733045eab463d71577,2026-09-01T14:00-05:00,2026-09-01T19:00:00Z,2026-09-01,2.04054,-73.87802,VIIRS-NOAA-21,NOAA-21,VIIRS,60.9,17.9,10.1,Nominal,D,0.46,0.64,true,true,Puntos_de_calor_Colombia_2026-09-01.csv,2026-09-02T06:42:01Z,50,Meta,50350,La Macarena,asignado,cache_geometrico,false,0,,,,asignado,231,2.3.1. Pastos limpios,2,23,231,,,,SI,L9_759_20240115,,false,0,,,,,mas_de_5_km,,0,0,0,,,,
6d6943e64f1fa275d36296f9,2026-09-01T14:00-05:00,2026-09-01T19:00:00Z,2026-09-01,1.25156,-75.87939,VIIRS-NOAA-21,NOAA-21,VIIRS,81.8,22,13.2,Nominal,D,0.33,0.55,true,true,Puntos_de_calor_Colombia_2026-09-01.csv,2026-09-02T06:42:01Z,18,Caquetá,18029,Albania,asignado,cache_geometrico,false,0,,,,asignado,231,2.3.1. Pastos limpios,2,23,231,,,,SI,L8_859_20240222_20240224,,false,0,,,,,dentro,0.00,1,0,1,LAM5333,PERFORACIÓN EXPLORATORIA EN EL ÁREA ANDAQUÍES,GRUPO C&C ENERGIA (BARBADOS) SUCURSAL COLOMBIA,poligono
762f848ae484ce1cc5c2b3a4,2026-09-01T14:00-05:00,2026-09-01T19:00:00Z,2026-09-01,1.04268,-75.10168,VIIRS-NOAA-21,NOAA-21,VIIRS,74,20.1,6.7,Nominal,D,0.37,0.58,true,true,Puntos_de_calor_Colombia_2026-09-01.csv,2026-09-02T06:42:01Z,18,Caquetá,18410,La Montañita,asignado,cache_geometrico,false,0,,,,asignado,233,2.3.3. Pastos enmalezados,2,23,233,,,,SI,L8_859_20240222_20240224_GEO,,false,0,,,,,mas_de_5_km,,0,0,0,,,,
7edeb8da5df0b38513034f8b,2026-09-01T14:00-05:00,2026-09-01T19:00:00Z,2026-09-01,0.89209,-76.39659,VIIRS-NOAA-21,NOAA-21,VIIRS,60,22.2,6,Nominal,D,0.59,0.53,true,true,Puntos_de_calor_Colombia_2026-09-01.csv,2026-09-02T06:42:01Z,86,Putumayo,86571,Puerto Guzmán,asignado,cache_geometrico,false,0,,,,asignado,244,2.4.4. Mosaico de pastos con espacios naturales,2,24,244,,,,SI,L8_959_20240221,,false,0,,,,,dentro,0.00,2,0,2,LAM0199|LAM4984,"PERFORACIÓN DE POZOS EXPLORATORIOS MARY WEST-1 DESARROLLO DE POZOS MARY 6 Y MIRAFLOR 3, BLOQUE SANTANA B.|ÁREA DE PERFORACIÓN EXPLORATORIA VEGA SUR-BLOQUE AZAR","GRAN TIERRA ENERGY COLOMBIA LTDA por GRAN TIERRA ENERGY COLOMBIA, LLC SUCURSAL|GRAN TIERRA ENERGY COLOMBIA LTD.",poligono
82d6a22a78993dbead178e9f,2026-09-01T14:00-05:00,2026-09-01T19:00:00Z,2026-09-01,0.84709,-76.4357,VIIRS-NOAA-21,NOAA-21,VIIRS,59.1,21.6,4.1,Nominal,D,0.59,0.53,true,true,Puntos_de_calor_Colombia_2026-09-01.csv,2026-09-02T06:42:01Z,86,Putumayo,86569,Puerto Caicedo,asignado,cache_geometrico,false,0,,,,asignado,31111,3.1.1.1.1. Bosque denso alto de tierra firme,3,31,311,3111,31111,,SI,L8_959_20240831,"(Planet Medres Visual 2024-02 Mosaic, Planet Medres Visual 2024-05 Mosaic)",false,0,,,,,entre_1_y_5_km,4564.91,1,0,1,LAM0199,"PERFORACIÓN DE POZOS EXPLORATORIOS MARY WEST-1 DESARROLLO DE POZOS MARY 6 Y MIRAFLOR 3, BLOQUE SANTANA B.","GRAN TIERRA ENERGY COLOMBIA LTDA por GRAN TIERRA ENERGY COLOMBIA, LLC SUCURSAL",poligono
8fb39860c4cc8b76c67e4ea1,2026-09-01T14:00-05:00,2026-09-01T19:00:00Z,2026-09-01,1.3562,-75.16241,VIIRS-NOAA-21,NOAA-21,VIIRS,81.2,20.7,6,Nominal,D,0.37,0.58,true,true,Puntos_de_calor_Colombia_2026-09-01.csv,2026-09-02T06:42:01Z,18,Caquetá,18256,El Paujíl,asignado,cache_geometrico,false,0,,,,asignado,233,2.3.3. Pastos enmalezados,2,23,233,,,,SI,L8_859_20240410,,false,0,,,,,mas_de_5_km,,0,0,0,,,,
914e052babdcbf7679a55030,2026-09-01T14:00-05:00,2026-09-01T19:00:00Z,2026-09-01,1.48222,-74.8601,VIIRS-NOAA-21,NOAA-21,VIIRS,57.4,20.2,3.7,Nominal,D,0.39,0.59,true,true,Puntos_de_calor_Colombia_2026-09-01.csv,2026-09-02T06:42:01Z,18,Caquetá,18592,Puerto Rico,asignado,cache_geometrico,false,0,,,,asignado,231,2.3.1. Pastos limpios,2,23,231,,,,SI,"L8_858_20240410, L8_859_20240410",,false,0,,,,,mas_de_5_km,,0,0,0,,,,
a29a46f7ba26fe401f314a60,2026-09-01T14:00-05:00,2026-09-01T19:00:00Z,2026-09-01,0.66924,-76.28548,VIIRS-NOAA-21,NOAA-21,VIIRS,60.1,22.5,5.1,Nominal,D,0.6,0.53,true,true,Puntos_de_calor_Colombia_2026-09-01.csv,2026-09-02T06:42:01Z,86,Putumayo,86569,Puerto Caicedo,asignado,cache_geometrico,false,0,,,,asignado,233,2.3.3. Pastos enmalezados,2,23,233,,,,SI,L8_959_20240221,,false,0,,,,,mas_de_5_km,,0,0,0,,,,
a78e132874814a23ff880331,2026-09-01T14:00-05:00,2026-09-01T19:00:00Z,2026-09-01,0.61717,-76.59811,VIIRS-NOAA-21,NOAA-21,VIIRS,59.8,20.2,4.6,Nominal,D,0.57,0.52,true,true,Puntos_de_calor_Colombia_2026-09-01.csv,2026-09-02T06:42:01Z,86,Putumayo,86569,Puerto Caicedo,asignado,cache_geometrico,false,0,,,,asignado,244,2.4.4. Mosaico de pastos con espacios naturales,2,24,244,,,,SI,L8_959_20240221,,true,1,504876,,,"ARENAS (DE RIO), GRAVAS (DE RIO)",entre_1_y_5_km,2380.22,6,0,6,LAM7834-00|LAM0199|LAM2469|LAM1376|LAM5025,"ÁREAS OPERATIVAS DE LA GERENCIA SUR EXISTENTES Y EN OPERACIÓN (ORITO, SUR, OCCIDENTE Y NORORIENTE)|Operacion Bloque Santana Guayuyaco|AREAS OPERATIVAS DE LA GERENCIA SUR -HIDROCARBUROS|REHABILITACIÓN DE LA CARRETERA PTE SAN MIGUEL - BUENOS AIRES  Y VILLAGARZÓN - MOCOA.|ÁREA DE INTERÉS EXPLORATORIA ALEA 1848-A",CENIT S.A.S|GRAN TIERRA ENERGY COLOMBIA LTDA|ECOPETROL S.A.|INSTITUTO NACIONAL DE VÍAS - INVIAS|VETRA EXPLORACIÓN Y PRODUCCIÓN COLOMBIA S.A.S. – VETRA EyP S.A.S.,linea|poligono
b6a05c81fce55f066b7a7103,2026-09-01T14:00-05:00,2026-09-01T19:00:00Z,2026-09-01,2.12239,-74.12901,VIIRS-NOAA-21,NOAA-21,VIIRS,64,18.3,8.8,Nominal,D,0.45,0.63,true,true,Puntos_de_calor_Colombia_2026-09-01.csv,2026-09-02T06:42:01Z,50,Meta,50350,La Macarena,asignado,cache_geometrico,false,0,,,,asignado,231,2.3.1. Pastos limpios,2,23,231,,,,SI,L8_859_20240410_20240411,,false,0,,,,,mas_de_5_km,,0,0,0,,,,
c05a5a87b9fbf1c10521eaf3,2026-09-01T14:00-05:00,2026-09-01T19:00:00Z,2026-09-01,1.7683,-74.42329,VIIRS-NOAA-21,NOAA-21,VIIRS,57.7,16.8,2.7,Nominal,D,0.42,0.61,true,true,Puntos_de_calor_Colombia_2026-09-01.csv,2026-09-02T06:42:01Z,18,Caquetá,18753,San Vicente Del Caguán,asignado,cache_geometrico,false,0,,,,asignado,231,2.3.1. Pastos limpios,2,23,231,,,,SI,L8_859_20240410_20240411,,false,0,,,,,mas_de_5_km,,0,0,0,,,,
c55ec6811dafbf5ce8ccdcc4,2026-09-01T14:00-05:00,2026-09-01T19:00:00Z,2026-09-01,0.37916,-77.21352,VIIRS-NOAA-21,NOAA-21,VIIRS,65.1,19.6,4.2,Nominal,D,0.51,0.49,true,true,Puntos_de_calor_Colombia_2026-09-01.csv,2026-09-02T06:42:01Z,52,Nariño,52356,Ipiales,asignado,cache_geometrico,false,0,,,,asignado,244,2.4.4. Mosaico de pastos con espacios naturales,2,24,244,,,,SI,L8_960_20240628,,false,0,,,,,dentro,0.00,1,0,1,LAM2469,PLAN DE MANEJO AMBIENTAL PARA ÁREAS OPERATIVAS DE LA GERENCIA SUR (GSU),ECOPETROL S.A,poligono
c5cb1c5780e5c81e493c4157,2026-09-01T14:00-05:00,2026-09-01T19:00:00Z,2026-09-01,0.41883,-75.1315,VIIRS-NOAA-21,NOAA-21,VIIRS,73.7,18.5,5.5,Nominal,D,0.36,0.57,true,true,Puntos_de_calor_Colombia_2026-09-01.csv,2026-09-02T06:42:01Z,86,Putumayo,86573,Puerto Leguízamo,asignado,cache_geometrico,false,0,,,,asignado,233,2.3.3. Pastos enmalezados,2,23,233,,,,SI,L9_860_20240222,Planet Medres Normalized Analytic 2024-01 Mosaic,false,0,,,,,mas_de_5_km,,0,0,0,,,,
cb3471f618ec732e6dc921d6,2026-09-01T14:00-05:00,2026-09-01T19:00:00Z,2026-09-01,0.86288,-76.03993,VIIRS-NOAA-21,NOAA-21,VIIRS,61,23.1,13.5,Nominal,D,0.63,0.54,true,true,Puntos_de_calor_Colombia_2026-09-01.csv,2026-09-02T06:42:01Z,86,Putumayo,86571,Puerto Guzmán,asignado,cache_geometrico,false,0,,,,asignado,31111,3.1.1.1.1. Bosque denso alto de tierra firme,3,31,311,3111,31111,,SI,L8_959_20240221,,false,0,,,,,dentro,0.00,1,0,1,LAM0533,BLOQUE RIO PUTUMAYO (FASE PERFORACION EXPLORATORIA ),RAM PETROLEUM LIMITED,poligono
d9e557352fea57fcd8175929,2026-09-01T14:00-05:00,2026-09-01T19:00:00Z,2026-09-01,1.17574,-75.07102,VIIRS-NOAA-21,NOAA-21,VIIRS,93.9,20.8,17.2,Alta,D,0.37,0.58,true,true,Puntos_de_calor_Colombia_2026-09-01.csv,2026-09-02T06:42:01Z,18,Caquetá,18410,La Montañita,asignado,cache_geometrico,false,0,,,,asignado,233,2.3.3. Pastos enmalezados,2,23,233,,,,SI,L8_859_20240410,,false,0,,,,,mas_de_5_km,,0,0,0,,,,
dbfd5b6a94a1c2b903098b26,2026-09-01T14:00-05:00,2026-09-01T19:00:00Z,2026-09-01,2.04115,-73.8739,VIIRS-NOAA-21,NOAA-21,VIIRS,93.9,18.9,10.1,Alta,D,0.46,0.64,true,true,Puntos_de_calor_Colombia_2026-09-01.csv,2026-09-02T06:42:01Z,50,Meta,50350,La Macarena,asignado,cache_geometrico,false,0,,,,asignado,231,2.3.1. Pastos limpios,2,23,231,,,,SI,L9_759_20240115,,false,0,,,,,mas_de_5_km,,0,0,0,,,,
df882796a00e9b7633e59842,2026-09-01T14:00-05:00,2026-09-01T19:00:00Z,2026-09-01,0.97917,-76.11676,VIIRS-NOAA-21,NOAA-21,VIIRS,58.1,21,3.9,Nominal,D,0.62,0.54,true,true,Puntos_de_calor_Colombia_2026-09-01.csv,2026-09-02T06:42:01Z,86,Putumayo,86571,Puerto Guzmán,asignado,cache_geometrico,false,0,,,,asignado,244,2.4.4. Mosaico de pastos con espacios naturales,2,24,244,,,,SI,L8_959_20240221,,false,0,,,,,mas_de_5_km,,0,0,0,,,,
e6e2b85ea6403773bea528af,2026-09-01T14:00-05:00,2026-09-01T19:00:00Z,2026-09-01,0.11374,-74.63523,VIIRS-NOAA-21,NOAA-21,VIIRS,59.9,20.4,4.4,Nominal,D,0.38,0.59,true,true,Puntos_de_calor_Colombia_2026-09-01.csv,2026-09-02T06:42:01Z,18,Caquetá,18756,Solano,asignado,cache_geometrico,false,0,,,,asignado,233,2.3.3. Pastos enmalezados,2,23,233,,,,SI,L8_760_20240229_v2,,false,0,,,,,mas_de_5_km,,0,0,0,,,,
f7b9395b56bc3c9146b4e36f,2026-09-01T14:00-05:00,2026-09-01T19:00:00Z,2026-09-01,1.10688,-76.05264,VIIRS-NOAA-21,NOAA-21,VIIRS,65.7,21.2,12.1,Nominal,D,0.63,0.54,true,true,Puntos_de_calor_Colombia_2026-09-01.csv,2026-09-02T06:42:01Z,18,Caquetá,18205,Curillo,asignado,cache_geometrico,false,0,,,,asignado,323,3.2.3. Vegetación secundaria o en transición,3,32,323,,,,SI,L8_959_20240831,,false,0,,,,,mas_de_5_km,,0,0,0,,,,
ffc4e5999bb3fa15a76ab548,2026-09-01T14:00-05:00,2026-09-01T19:00:00Z,2026-09-01,0.88748,-75.34203,VIIRS-NOAA-21,NOAA-21,VIIRS,57.9,20.4,2,Nominal,D,0.35,0.57,true,true,Puntos_de_calor_Colombia_2026-09-01.csv,2026-09-02T06:42:01Z,18,Caquetá,18756,Solano,asignado,cache_geometrico,false,0,,,,asignado,231,2.3.1. Pastos limpios,2,23,231,,,,SI,L8_859_20240222_20240224,,false,0,,,,,mas_de_5_km,,0,0,0,,,,
0fa5fc6fe49780582631c73d,2026-09-01T14:02-05:00,2026-09-01T19:02:00Z,2026-09-01,3.48733,-71.8167,VIIRS-NOAA-21,NOAA-21,VIIRS,58.2,15.8,8.5,Nominal,D,0.68,0.74,true,true,Puntos_de_calor_Colombia_2026-09-01.csv,2026-09-02T06:42:01Z,50,Meta,50568,Puerto Gaitán,asignado,cache_geometrico,false,0,,,,asignado,321121,3.2.1.1.2.1. Herbazal denso inundable no arbolado,3,32,321,3211,32112,321121,SI,L9_658_20240224,Planet Medres Normalized Analytic 2024-01 Mosaic,false,0,,,,,entre_1_y_5_km,1407.49,1,0,1,LAM5281,PERFORACIÓN EXPLORATORIA CPO-13,TECPETROL COLOMBIA S.A.S.,poligono
16a1f6bdf862caf46588923f,2026-09-01T14:02-05:00,2026-09-01T19:02:00Z,2026-09-01,3.68469,-75.3648,VIIRS-NOAA-21,NOAA-21,VIIRS,80.5,12.8,8.7,Nominal,D,0.39,0.59,true,true,Puntos_de_calor_Colombia_2026-09-01.csv,2026-09-02T06:42:01Z,73,Tolima,73168,Chaparral,asignado,cache_geometrico,false,0,,,,asignado,231,2.3.1. Pastos limpios,2,23,231,,,,SI,Landsat_2024_mediana_28042025,,false,0,,,,,dentro,0.00,10,0,10,LAM1366|LAM4878|LAM3457,"Campo río Saldaña, asociación Tolima B. Explotación de hidrocarburos Campo Saldaña y Oliní|REANUDACIÓN DE LABORES DE LA ASOCIACIÓN TOLIMA B. PARA LOS CAMPOS RÍO SALDAÑA Y OLINI.|EXPLOTACIÓN Y DESARROLLO DEL BLOQUE DE ASOCIACIÓN TOLIMA B|REANUDACIÓN DE LABORES DE LA ASOCIACIÓN TOLIMA B. PARA LOS CAMPO RÍO SALDAÑA Y OLINI.|AREA DE PERFORACION EXPLORATORIA EN EL SECTOR ESTE DEL BLOQUE EL QUESO",VETRA EXPLORACIÓN Y PRODUCCIÓN COLOMBIA S.A.S. – VETRA EyP S.A.S.|HOCOL S.A.|REPSOL EXPLORACIÓN COLOMBIA S.A.,poligono|punto
1dacf34277115b8dcd436cb9,2026-09-01T14:02-05:00,2026-09-01T19:02:00Z,2026-09-01,8.26639,-73.87862,VIIRS-NOAA-21,NOAA-21,VIIRS,57.3,15.8,4.6,Nominal,D,0.57,0.69,true,true,Puntos_de_calor_Colombia_2026-09-01.csv,2026-09-02T06:42:01Z,13,Bolívar,13473,Morales,asignado,cache_geometrico,false,0,,,,asignado,411,4.1.1. Zonas pantanosas,4,41,411,,,,SI,Landsat_2024_mediana_28042025,GoogleEarth,false,0,,,,,mas_de_5_km,,0,0,0,,,,
219c666765283af720796601,2026-09-01T14:02-05:00,2026-09-01T19:02:00Z,2026-09-01,3.4831,-71.81853,VIIRS-NOAA-21,NOAA-21,VIIRS,62.5,15,6.5,Nominal,D,0.68,0.74,true,true,Puntos_de_calor_Colombia_2026-09-01.csv,2026-09-02T06:42:01Z,50,Meta,50568,Puerto Gaitán,asignado,cache_geometrico,false,0,,,,asignado,321121,3.2.1.1.2.1. Herbazal denso inundable no arbolado,3,32,321,3211,32112,321121,SI,L9_658_20240224,Planet Medres Normalized Analytic 2024-01 Mosaic,false,0,,,,,entre_1_y_5_km,1874.89,1,0,1,LAM5281,PERFORACIÓN EXPLORATORIA CPO-13,TECPETROL COLOMBIA S.A.S.,poligono
228bc7bf6230a312058e9321,2026-09-01T14:02-05:00,2026-09-01T19:02:00Z,2026-09-01,4.39708,-75.8203,VIIRS-NOAA-21,NOAA-21,VIIRS,73,20.6,17.2,Nominal,D,0.37,0.58,true,true,Puntos_de_calor_Colombia_2026-09-01.csv,2026-09-02T06:42:01Z,76,Valle Del Cauca,76122,Caicedonia,asignado,cache_geometrico,false,0,,,,asignado,314,3.1.4. Bosque de galería y ripario,3,31,314,,,,SI,Landsat_2024_mediana_28042025,,false,0,,,,,entre_1_y_5_km,3304.14,2,0,2,LAM5348|LAM0299,"REHABILITACIÓN, RECONSTRUCCIÓN Y OPERACIÓN DE LA RED FERROVIARIA DEL PACÍFICO|GASODUCTO DE OCCIDENTE Y 47 RAMALES DE DISTRIBUCION MARIQUITA Y CALI",FERROCARRIL DEL OESTE S.A.|TRANSPORTADORA DE GAS INTERNACIONAL S.A. E.S.P. - TGI S.A. E.S.P.,linea
2cae4d7c447276319770c215,2026-09-01T14:02-05:00,2026-09-01T19:02:00Z,2026-09-01,2.90106,-73.63408,VIIRS-NOAA-21,NOAA-21,VIIRS,61.5,17.5,5.3,Nominal,D,0.5,0.66,true,true,Puntos_de_calor_Colombia_2026-09-01.csv,2026-09-02T06:42:01Z,50,Meta,50711,Vistahermosa,asignado,cache_geometrico,false,0,,,,asignado,231,2.3.1. Pastos limpios,2,23,231,,,,SI,L8_758_20240106,,false,0,,,,,mas_de_5_km,,0,0,0,,,,
2e18e783f52d354b58ef2e21,2026-09-01T14:02-05:00,2026-09-01T19:02:00Z,2026-09-01,3.94994,-70.97342,VIIRS-NOAA-21,NOAA-21,VIIRS,57.8,13.1,9.7,Nominal,D,0.79,0.78,true,true,Puntos_de_calor_Colombia_2026-09-01.csv,2026-09-02T06:42:01Z,99,Vichada,99773,Cumaribo,asignado,cache_geometrico,false,0,,,,asignado,321111,3.2.1.1.1.1.  Herbazal denso de tierra firme no arbolado,3,32,321,3211,32111,321111,SI,"Landsat_2024_mediana_28042025, L9_657_20240412, L9_557_20240225","GoogleEarth, BingMaps, Planet Medres Normalized Analytic 2024-01 Mosaic",false,0,,,,,mas_de_5_km,,0,0,0,,,,
32e2a7ee851d95712da92274,2026-09-01T14:02-05:00,2026-09-01T19:02:00Z,2026-09-01,4.39691,-75.81857,VIIRS-NOAA-21,NOAA-21,VIIRS,70.9,24.6,34.7,Nominal,D,0.37,0.58,true,true,Puntos_de_calor_Colombia_2026-09-01.csv,2026-09-02T06:42:01Z,76,Valle Del Cauca,76122,Caicedonia,asignado,cache_geometrico,false,0,,,,asignado,2122,2.1.2.2. Maíz,2,21,212,2122,,,SI,Landsat_2024_mediana_28042025,,false,0,,,,,entre_1_y_5_km,3397.04,2,0,2,LAM5348|LAM0299,"REHABILITACIÓN, RECONSTRUCCIÓN Y OPERACIÓN DE LA RED FERROVIARIA DEL PACÍFICO|GASODUCTO DE OCCIDENTE Y 47 RAMALES DE DISTRIBUCION MARIQUITA Y CALI",FERROCARRIL DEL OESTE S.A.|TRANSPORTADORA DE GAS INTERNACIONAL S.A. E.S.P. - TGI S.A. E.S.P.,linea
473e3d02b901c9ffebf27833,2026-09-01T14:02-05:00,2026-09-01T19:02:00Z,2026-09-01,4.39273,-75.81313,VIIRS-NOAA-21,NOAA-21,VIIRS,73,20.1,11.6,Nominal,D,0.37,0.58,true,true,Puntos_de_calor_Colombia_2026-09-01.csv,2026-09-02T06:42:01Z,76,Valle Del Cauca,76122,Caicedonia,asignado,cache_geometrico,false,0,,,,asignado,314,3.1.4. Bosque de galería y ripario,3,31,314,,,,SI,Landsat_2024_mediana_28042025,,false,0,,,,,entre_1_y_5_km,4084.62,1,0,1,LAM5348,"REHABILITACIÓN, RECONSTRUCCIÓN Y OPERACIÓN DE LA RED FERROVIARIA DEL PACÍFICO",FERROCARRIL DEL OESTE S.A.,linea
57d852bf2388ddb8220a6e83,2026-09-01T14:02-05:00,2026-09-01T19:02:00Z,2026-09-01,9.58789,-75.33342,VIIRS-NOAA-21,NOAA-21,VIIRS,57.8,13.9,4.5,Nominal,D,0.47,0.64,true,true,Puntos_de_calor_Colombia_2026-09-01.csv,2026-09-02T06:42:01Z,70,Sucre,70230,Chalán,asignado,cache_geometrico,true,1,569,Serranía de Coraza y Montes de María,Reservas Forestales Protectoras Nacionales,asignado,231,2.3.1. Pastos limpios,2,23,231,,,,SI,Landsat_2024_mediana_28042025,<Null>,false,0,,,,,mas_de_5_km,,0,0,0,,,,
5c8ae0a9782837d09440538e,2026-09-01T14:02-05:00,2026-09-01T19:02:00Z,2026-09-01,4.39224,-75.81648,VIIRS-NOAA-21,NOAA-21,VIIRS,93.9,23.9,11.6,Alta,D,0.37,0.58,true,true,Puntos_de_calor_Colombia_2026-09-01.csv,2026-09-02T06:42:01Z,76,Valle Del Cauca,76122,Caicedonia,asignado,cache_geometrico,false,0,,,,asignado,2122,2.1.2.2. Maíz,2,21,212,2122,,,SI,Landsat_2024_mediana_28042025,,false,0,,,,,entre_1_y_5_km,3963.38,2,0,2,LAM5348|LAM0299,"REHABILITACIÓN, RECONSTRUCCIÓN Y OPERACIÓN DE LA RED FERROVIARIA DEL PACÍFICO|GASODUCTO DE OCCIDENTE Y 47 RAMALES DE DISTRIBUCION MARIQUITA Y CALI",FERROCARRIL DEL OESTE S.A.|TRANSPORTADORA DE GAS INTERNACIONAL S.A. E.S.P. - TGI S.A. E.S.P.,linea
6a602f42240b06a6d2a87ae7,2026-09-01T14:02-05:00,2026-09-01T19:02:00Z,2026-09-01,4.39737,-75.81524,VIIRS-NOAA-21,NOAA-21,VIIRS,93.9,25.2,34.7,Alta,D,0.37,0.58,true,true,Puntos_de_calor_Colombia_2026-09-01.csv,2026-09-02T06:42:01Z,76,Valle Del Cauca,76122,Caicedonia,asignado,cache_geometrico,false,0,,,,asignado,2122,2.1.2.2. Maíz,2,21,212,2122,,,SI,Landsat_2024_mediana_28042025,,false,0,,,,,entre_1_y_5_km,3522.96,1,0,1,LAM5348,"REHABILITACIÓN, RECONSTRUCCIÓN Y OPERACIÓN DE LA RED FERROVIARIA DEL PACÍFICO",FERROCARRIL DEL OESTE S.A.,linea
7793873802ca9085ec275f13,2026-09-01T14:02-05:00,2026-09-01T19:02:00Z,2026-09-01,3.81709,-71.85105,VIIRS-NOAA-21,NOAA-21,VIIRS,72.9,16.4,13.9,Nominal,D,0.68,0.74,true,true,Puntos_de_calor_Colombia_2026-09-01.csv,2026-09-02T06:42:01Z,50,Meta,50568,Puerto Gaitán,asignado,cache_geometrico,false,0,,,,asignado,321111,3.2.1.1.1.1.  Herbazal denso de tierra firme no arbolado,3,32,321,3211,32111,321111,SI,Landsat_2024_mediana_28042025,Sentinel_2024_mediana_11042025,false,0,,,,,dentro,0.00,4,0,4,LAV0041-13|LAM5281|LAV0012-00-2018|LAM5175,ÁREA EXPLOTACIÓN PENDARE BLOQUE CPO13|PERFORACIÓN EXPLORATORIA CPO-13|LICENCIA AMBIENTAL CAMPO DE PRODUCCIÒN CUMANDAY -  - LICENCIA AMBIENTAL.|AREA DE PERFORACIÓN EXPLORATORIA MAGO NORTE,TECPETROL COLOMBIA SAS|TECPETROL COLOMBIA S.A.S.|ECOPETROL S.A|ECOPETROL S.A.,poligono
820efea7a7a2b94b9dc271a1,2026-09-01T14:02-05:00,2026-09-01T19:02:00Z,2026-09-01,3.05966,-73.48651,VIIRS-NOAA-21,NOAA-21,VIIRS,82.7,16.5,14.3,Baja,D,0.51,0.66,true,true,Puntos_de_calor_Colombia_2026-09-01.csv,2026-09-02T06:42:01Z,50,Meta,50711,Vistahermosa,asignado,cache_geometrico,false,0,,,,asignado,231,2.3.1. Pastos limpios,2,23,231,,,,SI,Landsat_2024_mediana_28042025,,false,0,,,,,dentro,0.00,1,0,1,LAM4309,AREA DE INTERES DE PERFORACION EXPLORATORIA RIO ARIARI,PETROMINERALES COLOMBIA LTDA,poligono
8a9060fc78bf6190b4f22af5,2026-09-01T14:02-05:00,2026-09-01T19:02:00Z,2026-09-01,4.40048,-75.8339,VIIRS-NOAA-21,NOAA-21,VIIRS,69.8,19.2,6.1,Nominal,D,0.37,0.58,true,true,Puntos_de_calor_Colombia_2026-09-01.csv,2026-09-02T06:42:01Z,76,Valle Del Cauca,76122,Caicedonia,asignado,cache_geometrico,false,0,,,,asignado,511,5.1.1. Ríos,5,51,511,,,,SI,Landsat_2024_mediana_28042025,,true,1,21135,,Sin Información,MATERIALES DE CONSTRUCCION,entre_1_y_5_km,2542.73,2,0,2,LAM5348|LAM0299,"REHABILITACIÓN, RECONSTRUCCIÓN Y OPERACIÓN DE LA RED FERROVIARIA DEL PACÍFICO|GASODUCTO DE OCCIDENTE Y 47 RAMALES DE DISTRIBUCION MARIQUITA Y CALI",FERROCARRIL DEL OESTE S.A.|TRANSPORTADORA DE GAS INTERNACIONAL S.A. E.S.P. - TGI S.A. E.S.P.,linea
932428049717830e1321788c,2026-09-01T14:02-05:00,2026-09-01T19:02:00Z,2026-09-01,3.81439,-71.85194,VIIRS-NOAA-21,NOAA-21,VIIRS,63.7,15.9,15.2,Nominal,D,0.68,0.74,true,true,Puntos_de_calor_Colombia_2026-09-01.csv,2026-09-02T06:42:01Z,50,Meta,50568,Puerto Gaitán,asignado,cache_geometrico,false,0,,,,asignado,321111,3.2.1.1.1.1.  Herbazal denso de tierra firme no arbolado,3,32,321,3211,32111,321111,SI,Landsat_2024_mediana_28042025,Sentinel_2024_mediana_11042025,false,0,,,,,dentro,0.00,4,0,4,LAV0041-13|LAM5281|LAV0012-00-2018|LAM5175,ÁREA EXPLOTACIÓN PENDARE BLOQUE CPO13|PERFORACIÓN EXPLORATORIA CPO-13|LICENCIA AMBIENTAL CAMPO DE PRODUCCIÒN CUMANDAY -  - LICENCIA AMBIENTAL.|AREA DE PERFORACIÓN EXPLORATORIA MAGO NORTE,TECPETROL COLOMBIA SAS|TECPETROL COLOMBIA S.A.S.|ECOPETROL S.A|ECOPETROL S.A.,poligono
9995d7b01142ad42a9b77f43,2026-09-01T14:02-05:00,2026-09-01T19:02:00Z,2026-09-01,3.63518,-76.29643,VIIRS-NOAA-21,NOAA-21,VIIRS,93.9,24.4,17,Alta,D,0.33,0.55,true,true,Puntos_de_calor_Colombia_2026-09-01.csv,2026-09-02T06:42:01Z,76,Valle Del Cauca,76248,El Cerrito,asignado,cache_geometrico,false,0,,,,asignado,22121,2.2.1.2.1. Caña de azúcar,2,22,221,2212,22121,,SI,Landsat_2024_mediana_28042025,,false,0,,,,,hasta_1_km,202.08,6,0,6,LAM1659|LAM0299|LAM5348|LAM1165|LAV0047-00-2022,"Rehabilitación, ampliación y construcción de segundas calzadas de la malla vial del Valle del Cauca y Cauca|GASODUCTO DE OCCIDENTE Y 47 RAMALES DE DISTRIBUCION MARIQUITA Y CALI|REHABILITACIÓN, RECONSTRUCCIÓN Y OPERACIÓN DE LA RED FERROVIARIA DEL PACÍFICO.|AMPLIACION DEL BLOQUE EXPLORATORIO FARALLONES PARA LA PERFORACION´DEL POZO PATACORE-1|BLOQUE EXPLORATORIO FARALLONES|UPME 04-2014 REFUERZO SUROCCIDENTAL 500 KV, PROYECTO LA VIRGINIA - ALFÉREZ",Unión Temporal Desarrollo Vial del Valle del Cauca y Cauca|TRANSPORTADORA DE GAS INTERNACIONAL S.A. E.S.P. - TGI S.A. E.S.P.|FERROCARRIL DEL OESTE S.A.|TRINITY GAS COLOMBIA INC|GRUPO ENERGIA BOGOTA S A ESP,linea|poligono
a7161b4c5a54c63e15dddaa6,2026-09-01T14:02-05:00,2026-09-01T19:02:00Z,2026-09-01,2.67315,-76.78093,VIIRS-NOAA-21,NOAA-21,VIIRS,64.2,21.1,5.5,Nominal,D,0.6,0.53,true,true,Puntos_de_calor_Colombia_2026-09-01.csv,2026-09-02T06:42:01Z,19,Cauca,19130,Cajibío,asignado,cache_geometrico,false,0,,,,asignado,231,2.3.1. Pastos limpios,2,23,231,,,,SI,Landsat_2024_mediana_28042025,,false,0,,,,,mas_de_5_km,,0,0,0,,,,
b24d4526c5ecf3d42843ed83,2026-09-01T14:02-05:00,2026-09-01T19:02:00Z,2026-09-01,4.74331,-76.25047,VIIRS-NOAA-21,NOAA-21,VIIRS,56.7,17.1,2.9,Nominal,D,0.35,0.57,true,true,Puntos_de_calor_Colombia_2026-09-01.csv,2026-09-02T06:42:01Z,76,Valle Del Cauca,76246,El Cairo,asignado,cache_geometrico,true,1,1545,Serranía de Los Paraguas,Distritos Regionales de Manejo Integrado,asignado,242,2.4.2. Mosaico de pastos y cultivos,2,24,242,,,,SI,Landsat_2024_mediana_28042025,,false,0,,,,,mas_de_5_km,,0,0,0,,,,
bb7127d8e1a577cd7485ae0c,2026-09-01T14:02-05:00,2026-09-01T19:02:00Z,2026-09-01,3.15058,-76.38814,VIIRS-NOAA-21,NOAA-21,VIIRS,67.5,20.5,3.9,Nominal,D,0.32,0.55,true,true,Puntos_de_calor_Colombia_2026-09-01.csv,2026-09-02T06:42:01Z,19,Cauca,19300,Guachené,asignado,cache_geometrico,false,0,,,,asignado,242,2.4.2. Mosaico de pastos y cultivos,2,24,242,,,,SI,Landsat_2024_mediana_28042025,,false,0,,,,,entre_1_y_5_km,3686.93,2,0,2,LAM1564|LAM1566,SUBESTACIÓN PÁEZ A 230 KV|VARIANTE DE CONEXIÓN ENTRE SUBESTACIÓN PÁEZ A 230 KV Y LÍNEA DE TRANSMISIÓN JUANCHITO - SAN BERNARDINO A 230 KV,INTERCONEXION ELECTRICA S.A. E.S.P. ISA,poligono|linea
cb9f91783c5804f39828a04e,2026-09-01T14:02-05:00,2026-09-01T19:02:00Z,2026-09-01,3.44982,-73.95436,VIIRS-NOAA-21,NOAA-21,VIIRS,70.2,15.7,7.4,Nominal,D,0.48,0.65,true,true,Puntos_de_calor_Colombia_2026-09-01.csv,2026-09-02T06:42:01Z,50,Meta,50683,San Juan De Arama,asignado,cache_geometrico,false,0,,,,asignado,231,2.3.1. Pastos limpios,2,23,231,,,,SI,Landsat_2024_mediana_28042025,GoogleMaps,false,0,,,,,dentro,0.00,5,0,5,LAV0002-13|LAM1022|LAM3257,ÁREA DE PERFORACIÓN EXPLORATORIA CPO -16|DISTRITO DE RIEGO DEL RIO ARIARI.|AREA DE PERFORACION EXPLORATORIA ARAMA|PERFORACIÓN EXPLORATORIA ARAMA CRISTAL.,HOCOL S.A|AGENCIA DE DESARROLLO RURAL - ADR|ECOPETROL S.A.,poligono|punto
cc1cc17abb88bf6abe6e6507,2026-09-01T14:02-05:00,2026-09-01T19:02:00Z,2026-09-01,4.39756,-75.81698,VIIRS-NOAA-21,NOAA-21,VIIRS,80.3,28.8,23.9,Nominal,D,0.37,0.58,true,true,Puntos_de_calor_Colombia_2026-09-01.csv,2026-09-02T06:42:01Z,76,Valle Del Cauca,76122,Caicedonia,asignado,cache_geometrico,false,0,,,,asignado,2122,2.1.2.2. Maíz,2,21,212,2122,,,SI,Landsat_2024_mediana_28042025,,false,0,,,,,entre_1_y_5_km,3410.52,1,0,1,LAM5348,"REHABILITACIÓN, RECONSTRUCCIÓN Y OPERACIÓN DE LA RED FERROVIARIA DEL PACÍFICO",FERROCARRIL DEL OESTE S.A.,linea
d12a45aa66e8b28dedba23c8,2026-09-01T14:02-05:00,2026-09-01T19:02:00Z,2026-09-01,4.39805,-75.81364,VIIRS-NOAA-21,NOAA-21,VIIRS,78.5,19.3,23.9,Nominal,D,0.37,0.58,true,true,Puntos_de_calor_Colombia_2026-09-01.csv,2026-09-02T06:42:01Z,76,Valle Del Cauca,76122,Caicedonia,asignado,cache_geometrico,false,0,,,,asignado,314,3.1.4. Bosque de galería y ripario,3,31,314,,,,SI,Landsat_2024_mediana_28042025,,false,0,,,,,entre_1_y_5_km,3553.11,1,0,1,LAM5348,"REHABILITACIÓN, RECONSTRUCCIÓN Y OPERACIÓN DE LA RED FERROVIARIA DEL PACÍFICO",FERROCARRIL DEL OESTE S.A.,linea
d5bce91ef2d5a5f11708a231,2026-09-01T14:02-05:00,2026-09-01T19:02:00Z,2026-09-01,3.64559,-75.05424,VIIRS-NOAA-21,NOAA-21,VIIRS,93.9,21.1,35.8,Alta,D,0.41,0.6,true,true,Puntos_de_calor_Colombia_2026-09-01.csv,2026-09-02T06:42:01Z,73,Tolima,73483,Natagaima,asignado,cache_geometrico,false,0,,,,asignado,2121,2.1.2.1. Arroz,2,21,212,2121,,,SI,Landsat_2024_mediana_28042025,,false,0,,,,,hasta_1_km,536.09,7,0,7,LAM3803|LAM1312|LAM0170|LAM0069|LAM0022,BLOQUE ANDINO SUR|Construcción variante El Guamo – variante Espinal y variante Natagaima|POLIDUCTO GUALANDAY NATAGAIMA (CRUCE RIO SALDAÑA)|OPERACIÓN Y MANTENIMIENTO DEL GASODUCTO CENTRO ORIENTE|OLEODUCTO DEL VALLE DEL MAGDALENA TENAY VASCONIA COVEÑAS|Construcción de la Variante Natagaima,CARBOPETROL S.A.|AUTOVÍA NEIVA GIRARDOT S.A.S.|ECOPETROL S.A.|TRANSPORTADORA DE GAS INTERNACIONAL TGI SA ESP|HOCOL S.A.|Autovía Neiva Girardot SAS,poligono|linea
d5e77ae7daa11abd6b97b848,2026-09-01T14:02-05:00,2026-09-01T19:02:00Z,2026-09-01,4.39995,-75.83553,VIIRS-NOAA-21,NOAA-21,VIIRS,65,19.1,4,Nominal,D,0.37,0.58,true,true,Puntos_de_calor_Colombia_2026-09-01.csv,2026-09-02T06:42:01Z,76,Valle Del Cauca,76122,Caicedonia,asignado,cache_geometrico,false,0,,,,asignado,243,"2.4.3. Mosaico de cultivos, pastos y espacios naturales",2,24,243,,,,SI,Landsat_2024_mediana_28042025,,false,0,,,,,entre_1_y_5_km,2555.07,2,0,2,LAM5348|LAM0299,"REHABILITACIÓN, RECONSTRUCCIÓN Y OPERACIÓN DE LA RED FERROVIARIA DEL PACÍFICO|GASODUCTO DE OCCIDENTE Y 47 RAMALES DE DISTRIBUCION MARIQUITA Y CALI",FERROCARRIL DEL OESTE S.A.|TRANSPORTADORA DE GAS INTERNACIONAL S.A. E.S.P. - TGI S.A. E.S.P.,linea
dcd2d18be30fafdf65c4d33f,2026-09-01T14:02-05:00,2026-09-01T19:02:00Z,2026-09-01,3.94697,-70.97021,VIIRS-NOAA-21,NOAA-21,VIIRS,58,12.7,13.3,Nominal,D,0.79,0.78,true,true,Puntos_de_calor_Colombia_2026-09-01.csv,2026-09-02T06:42:01Z,99,Vichada,99773,Cumaribo,asignado,cache_geometrico,false,0,,,,asignado,321111,3.2.1.1.1.1.  Herbazal denso de tierra firme no arbolado,3,32,321,3211,32111,321111,SI,"Landsat_2024_mediana_28042025, L9_657_20240412, L9_557_20240225","GoogleEarth, BingMaps, Planet Medres Normalized Analytic 2024-01 Mosaic",false,0,,,,,mas_de_5_km,,0,0,0,,,,
e137ff4f99faf559d94f908b,2026-09-01T14:02-05:00,2026-09-01T19:02:00Z,2026-09-01,3.48982,-71.81966,VIIRS-NOAA-21,NOAA-21,VIIRS,54.8,13.8,6.5,Nominal,D,0.68,0.74,true,true,Puntos_de_calor_Colombia_2026-09-01.csv,2026-09-02T06:42:01Z,50,Meta,50568,Puerto Gaitán,asignado,cache_geometrico,false,0,,,,asignado,321121,3.2.1.1.2.1. Herbazal denso inundable no arbolado,3,32,321,3211,32112,321121,SI,L9_658_20240224,Planet Medres Normalized Analytic 2024-01 Mosaic,false,0,,,,,entre_1_y_5_km,1132.19,1,0,1,LAM5281,PERFORACIÓN EXPLORATORIA CPO-13,TECPETROL COLOMBIA S.A.S.,poligono
e69ab3cdd7afa3e5f5887836,2026-09-01T14:02-05:00,2026-09-01T19:02:00Z,2026-09-01,4.40528,-75.83591,VIIRS-NOAA-21,NOAA-21,VIIRS,93.9,24.2,12.2,Alta,D,0.37,0.58,true,true,Puntos_de_calor_Colombia_2026-09-01.csv,2026-09-02T06:42:01Z,63,Quindío,63401,La Tebaida,asignado,cache_geometrico,false,0,,,,asignado,2122,2.1.2.2. Maíz,2,21,212,2122,,,SI,Landsat_2024_mediana_28042025,,false,0,,,,,entre_1_y_5_km,1971.62,2,0,2,LAM5348|LAM0299,"REHABILITACIÓN, RECONSTRUCCIÓN Y OPERACIÓN DE LA RED FERROVIARIA DEL PACÍFICO|GASODUCTO DE OCCIDENTE Y 47 RAMALES DE DISTRIBUCION MARIQUITA Y CALI",FERROCARRIL DEL OESTE S.A.|TRANSPORTADORA DE GAS INTERNACIONAL S.A. E.S.P. - TGI S.A. E.S.P.,linea
f582ec8aae6301901483e7b1,2026-09-01T14:02-05:00,2026-09-01T19:02:00Z,2026-09-01,3.0657,-73.48742,VIIRS-NOAA-21,NOAA-21,VIIRS,69.1,15.6,14.3,Nominal,D,0.51,0.66,true,true,Puntos_de_calor_Colombia_2026-09-01.csv,2026-09-02T06:42:01Z,50,Meta,50711,Vistahermosa,asignado,cache_geometrico,false,0,,,,asignado,3132,3.1.3.2. Bosque fragmentado con vegetación secundaria,3,31,313,3132,,,SI,Landsat_2024_mediana_28042025,,false,0,,,,,dentro,0.00,1,0,1,LAM4309,AREA DE INTERES DE PERFORACION EXPLORATORIA RIO ARIARI,PETROMINERALES COLOMBIA LTDA,poligono
fe26187c7a510b91f63790bf,2026-09-01T14:02-05:00,2026-09-01T19:02:00Z,2026-09-01,4.40581,-75.83431,VIIRS-NOAA-21,NOAA-21,VIIRS,82.4,23.2,12.4,Nominal,D,0.37,0.58,true,true,Puntos_de_calor_Colombia_2026-09-01.csv,2026-09-02T06:42:01Z,63,Quindío,63401,La Tebaida,asignado,cache_geometrico,false,0,,,,asignado,2122,2.1.2.2. Maíz,2,21,212,2122,,,SI,Landsat_2024_mediana_28042025,,true,1,21135,,Sin Información,MATERIALES DE CONSTRUCCION,entre_1_y_5_km,1962.31,2,0,2,LAM5348|LAM0299,"REHABILITACIÓN, RECONSTRUCCIÓN Y OPERACIÓN DE LA RED FERROVIARIA DEL PACÍFICO|GASODUCTO DE OCCIDENTE Y 47 RAMALES DE DISTRIBUCION MARIQUITA Y CALI",FERROCARRIL DEL OESTE S.A.|TRANSPORTADORA DE GAS INTERNACIONAL S.A. E.S.P. - TGI S.A. E.S.P.,linea
753fd5ca2bff26fbcf203323,2026-09-01T14:38-05:00,2026-09-01T19:38:00Z,2026-09-01,2.25711,-77.01634,VIIRS-Suomi-NPP,Suomi-NPP,VIIRS,69.2,8.9,14.2,Nominal,D,0.74,0.76,true,false,Puntos_de_calor_Colombia_2026-09-01.csv,2026-09-02T06:42:01Z,19,Cauca,19256,El Tambo,asignado,cache_geometrico,false,0,,,,asignado,244,2.4.4. Mosaico de pastos con espacios naturales,2,24,244,,,,SI,Landsat_2024_mediana_28042025,,true,2,BLOQUE 588|Bloque ZRP 588,|,|,ZONAS RESERVADAS CON POTENCIAL - BLOQUE 588|,mas_de_5_km,,0,0,0,,,,
efa714d5561555f35d53a97d,2026-09-01T14:38-05:00,2026-09-01T19:38:00Z,2026-09-01,2.26125,-77.01378,VIIRS-Suomi-NPP,Suomi-NPP,VIIRS,84.2,1,22.7,Baja,D,0.74,0.76,true,false,Puntos_de_calor_Colombia_2026-09-01.csv,2026-09-02T06:42:01Z,19,Cauca,19256,El Tambo,asignado,cache_geometrico,false,0,,,,asignado,244,2.4.4. Mosaico de pastos con espacios naturales,2,24,244,,,,SI,Landsat_2024_mediana_28042025,,true,2,BLOQUE 588|Bloque ZRP 588,|,|,ZONAS RESERVADAS CON POTENCIAL - BLOQUE 588|,mas_de_5_km,,0,0,0,,,,
f097ca37cf14a451950f800e,2026-09-01T14:38-05:00,2026-09-01T19:38:00Z,2026-09-01,2.26059,-77.0183,VIIRS-Suomi-NPP,Suomi-NPP,VIIRS,61.4,9.4,22.7,Nominal,D,0.74,0.76,true,false,Puntos_de_calor_Colombia_2026-09-01.csv,2026-09-02T06:42:01Z,19,Cauca,19256,El Tambo,asignado,cache_geometrico,false,0,,,,asignado,244,2.4.4. Mosaico de pastos con espacios naturales,2,24,244,,,,SI,Landsat_2024_mediana_28042025,,true,2,BLOQUE 588|Bloque ZRP 588,|,|,ZONAS RESERVADAS CON POTENCIAL - BLOQUE 588|,mas_de_5_km,,0,0,0,,,,
26026ed356e0b8db6f9d1c74,2026-09-01T14:47-05:00,2026-09-01T19:47:00Z,2026-09-01,4.99124,-70.46351,MODIS-Aqua,Aqua,MODIS,40.9,20.1,28.7,66 %,D,2.87,1.62,true,true,Puntos_de_calor_Colombia_2026-09-01.csv,2026-09-02T06:42:01Z,99,Vichada,99624,Santa Rosalía,asignado,cache_geometrico,false,0,,,,asignado,314,3.1.4. Bosque de galería y ripario,3,31,314,,,,SI,Landsat_2024_mediana_28042025,GoogleEarth,false,0,,,,,mas_de_5_km,,0,0,0,,,,
4393808e49c7a89910eb2b7e,2026-09-01T14:47-05:00,2026-09-01T19:47:00Z,2026-09-01,5.21812,-70.67176,MODIS-Aqua,Aqua,MODIS,40.5,18,33.9,64 %,D,2.96,1.64,true,true,Puntos_de_calor_Colombia_2026-09-01.csv,2026-09-02T06:42:01Z,99,Vichada,99624,Santa Rosalía,asignado,cache_geometrico,false,0,,,,asignado,321121,3.2.1.1.2.1. Herbazal denso inundable no arbolado,3,32,321,3211,32112,321121,SI,Landsat_2024_mediana_28042025,GoogleEarth,false,0,,,,,dentro,0.00,1,0,1,LAM4977,AREA DE PERFORACION EXPLORATORIA CLARINERO,HOCOL S.A.,poligono
4c6ec424c078eb0b31c9fd16,2026-09-01T14:47-05:00,2026-09-01T19:47:00Z,2026-09-01,4.7827,-68.73685,MODIS-Aqua,Aqua,MODIS,40.6,13.2,25.2,62 %,D,2.09,1.41,true,true,Puntos_de_calor_Colombia_2026-09-01.csv,2026-09-02T06:42:01Z,99,Vichada,99773,Cumaribo,asignado,cache_geometrico,false,0,,,,asignado,321111,3.2.1.1.1.1.  Herbazal denso de tierra firme no arbolado,3,32,321,3211,32111,321111,SI,Landsat_2024_mediana_28042025,GoogleEarth,true,2,BLOQUE 895|SFL-08151,|(8000940678) DEPARTAMENTO DEL VICHADA,|,|MATERIALES DE CONSTRUCCIÓN,mas_de_5_km,,0,0,0,,,,
6d29cb7d09bfa2292df641a0,2026-09-01T14:47-05:00,2026-09-01T19:47:00Z,2026-09-01,5.8142,-69.04914,MODIS-Aqua,Aqua,MODIS,38,15.7,12.3,13 %,D,2.12,1.42,true,true,Puntos_de_calor_Colombia_2026-09-01.csv,2026-09-02T06:42:01Z,99,Vichada,99524,La Primavera,asignado,cache_geometrico,false,0,,,,asignado,314,3.1.4. Bosque de galería y ripario,3,31,314,,,,SI,Landsat_2024_mediana_28042025,GoogleEarth,false,0,,,,,mas_de_5_km,,0,0,0,,,,
a5c1262db88129c69fc693f0,2026-09-01T14:47-05:00,2026-09-01T19:47:00Z,2026-09-01,5.88249,-68.78488,MODIS-Aqua,Aqua,MODIS,43.4,19.2,28.1,39 %,D,2.02,1.38,true,true,Puntos_de_calor_Colombia_2026-09-01.csv,2026-09-02T06:42:01Z,99,Vichada,99001,Puerto Carreño,asignado,cache_geometrico,false,0,,,,asignado,321111,3.2.1.1.1.1.  Herbazal denso de tierra firme no arbolado,3,32,321,3211,32111,321111,SI,Landsat_2024_mediana_28042025,GoogleEarth,false,0,,,,,mas_de_5_km,,0,0,0,,,,
b4f6e268390d4f06f4e2c333,2026-09-01T14:47-05:00,2026-09-01T19:47:00Z,2026-09-01,5.87804,-68.7791,MODIS-Aqua,Aqua,MODIS,44.6,19.5,27.1,34 %,D,2.02,1.38,true,true,Puntos_de_calor_Colombia_2026-09-01.csv,2026-09-02T06:42:01Z,99,Vichada,99001,Puerto Carreño,asignado,cache_geometrico,false,0,,,,asignado,321111,3.2.1.1.1.1.  Herbazal denso de tierra firme no arbolado,3,32,321,3211,32111,321111,SI,Landsat_2024_mediana_28042025,GoogleEarth,false,0,,,,,mas_de_5_km,,0,0,0,,,,
d8a86f426376e561ebdc90e7,2026-09-01T14:47-05:00,2026-09-01T19:47:00Z,2026-09-01,5.88533,-68.76741,MODIS-Aqua,Aqua,MODIS,51.7,19.1,52.8,78 %,D,2.01,1.38,true,true,Puntos_de_calor_Colombia_2026-09-01.csv,2026-09-02T06:42:01Z,99,Vichada,99001,Puerto Carreño,asignado,cache_geometrico,false,0,,,,asignado,321111,3.2.1.1.1.1.  Herbazal denso de tierra firme no arbolado,3,32,321,3211,32111,321111,SI,Landsat_2024_mediana_28042025,GoogleEarth,false,0,,,,,mas_de_5_km,,0,0,0,,,,
e3c9433208d207166c6e98f7,2026-09-01T14:47-05:00,2026-09-01T19:47:00Z,2026-09-01,5.21509,-70.66657,MODIS-Aqua,Aqua,MODIS,40.7,17.8,33.7,65 %,D,2.96,1.64,true,true,Puntos_de_calor_Colombia_2026-09-01.csv,2026-09-02T06:42:01Z,99,Vichada,99624,Santa Rosalía,asignado,cache_geometrico,false,0,,,,asignado,321121,3.2.1.1.2.1. Herbazal denso inundable no arbolado,3,32,321,3211,32112,321121,SI,Landsat_2024_mediana_28042025,GoogleEarth,false,0,,,,,hasta_1_km,11.47,1,0,1,LAM4977,AREA DE PERFORACION EXPLORATORIA CLARINERO,HOCOL S.A.,poligono
1b1d6a9fe190c652ef27f784,2026-09-01T14:49-05:00,2026-09-01T19:49:00Z,2026-09-01,8.17339,-73.0033,MODIS-Aqua,Aqua,MODIS,45.5,10.6,111.7,70 %,D,4.03,1.86,true,true,Puntos_de_calor_Colombia_2026-09-01.csv,2026-09-02T06:42:01Z,54,Norte De Santander,54003,Ábrego,asignado,cache_geometrico,false,0,,,,asignado,31111,3.1.1.1.1. Bosque denso alto de tierra firme,3,31,311,3111,31111,,SI,Landsat_2024_mediana_28042025,Sentinel_2024_mediana_11042025,false,0,,,,,mas_de_5_km,,0,0,0,,,,
9346785a6df3944d82da3196,2026-09-01T14:49-05:00,2026-09-01T19:49:00Z,2026-09-01,8.1786,-72.97446,MODIS-Aqua,Aqua,MODIS,50,9.8,142.9,57 %,D,4,1.86,true,true,Puntos_de_calor_Colombia_2026-09-01.csv,2026-09-02T06:42:01Z,54,Norte De Santander,54109,Bucarasica,asignado,cache_geometrico,false,0,,,,asignado,231,2.3.1. Pastos limpios,2,23,231,,,,SI,Landsat_2024_mediana_28042025,GoogleEarth,false,0,,,,,mas_de_5_km,,0,0,0,,,,
9b355ea86768348a9d54abae,2026-09-01T14:49-05:00,2026-09-01T19:49:00Z,2026-09-01,8.18099,-72.99911,MODIS-Aqua,Aqua,MODIS,53.4,11.4,180.1,75 %,D,4.03,1.86,true,true,Puntos_de_calor_Colombia_2026-09-01.csv,2026-09-02T06:42:01Z,54,Norte De Santander,54003,Ábrego,asignado,cache_geometrico,false,0,,,,asignado,242,2.4.2. Mosaico de pastos y cultivos,2,24,242,,,,SI,Landsat_2024_mediana_28042025,GoogleEarth,false,0,,,,,mas_de_5_km,,0,0,0,,,,
