episode_id,member_count,start_local,end_local,duration_hours,centroid_longitude,centroid_latitude,bbox_diagonal_km,chained,department_count,department_codes,departments,municipality_count,municipality_codes,municipalities,sources,frp_count,frp_mean_mw,frp_max_mw
E20260701-13259827D3,3,2026-07-01T12:37-05:00,2026-07-01T13:24-05:00,0.78,-74.92827,5.87225,0.55,false,1,05,Antioquia,1,05652,San Francisco,VIIRS-NOAA-20|VIIRS-NOAA-21,3,7.17,10.3
E20260701-1F533DBB1E,7,2026-07-01T12:37-05:00,2026-07-01T13:24-05:00,0.78,-73.52137,9.9649,1.22,false,1,20,Cesar,2,20621|20750,La Paz|San Diego,VIIRS-NOAA-20|VIIRS-NOAA-21,7,7.86,9.2
E20260701-42091F6D5D,5,2026-07-01T12:37-05:00,2026-07-01T13:24-05:00,0.78,-68.97871,4.95861,1.12,false,1,99,Vichada,1,99773,Cumaribo,VIIRS-NOAA-20|VIIRS-NOAA-21,5,16.62,31.1
E20260701-4815BE5C27,3,2026-07-01T13:21-05:00,2026-07-01T14:47-05:00,1.43,-70.49792,4.02165,0.55,false,1,99,Vichada,1,99773,Cumaribo,MODIS-Aqua|VIIRS-NOAA-21,3,6.37,10.1
E20260701-56AC552B8E,3,2026-07-01T12:37-05:00,2026-07-01T13:26-05:00,0.82,-73.58597,10.12241,0.69,false,1,20,Cesar,1,20001,Valledupar,VIIRS-NOAA-20|VIIRS-NOAA-21,3,7.8,13.6
E20260701-624A099D7A,3,2026-07-01T12:37-05:00,2026-07-01T13:24-05:00,0.78,-74.03012,8.69969,0.45,false,1,13,Bolívar,1,13667,San Martín De Loba,VIIRS-NOAA-20|VIIRS-NOAA-21,3,3.53,5.7
E20260701-681B2D7705,3,2026-07-01T13:24-05:00,2026-07-01T13:24-05:00,0.0,-76.06109,6.20945,0.57,false,1,05,Antioquia,1,05847,Urrao,VIIRS-NOAA-21,3,14.5,14.5
E20260701-68760DE251,7,2026-07-01T12:34-05:00,2026-07-01T13:24-05:00,0.83,-69.98253,4.45888,0.98,false,1,99,Vichada,1,99773,Cumaribo,VIIRS-NOAA-20|VIIRS-NOAA-21,7,13.5,38.1
E20260701-6E20A21386,5,2026-07-01T12:37-05:00,2026-07-01T13:24-05:00,0.78,-72.77353,8.6217,0.47,false,1,54,Norte De Santander,1,54810,Tibú,VIIRS-NOAA-20|VIIRS-NOAA-21,5,8.7,12.0
E20260701-6EFF3B228A,3,2026-07-01T13:24-05:00,2026-07-01T13:24-05:00,0.0,-69.40222,5.20536,0.45,false,1,99,Vichada,1,99524,La Primavera,VIIRS-NOAA-21,3,21.63,31.3
E20260701-7370E5FD85,3,2026-07-01T12:37-05:00,2026-07-01T13:24-05:00,0.78,-74.98793,8.28423,0.52,false,1,23,Córdoba,1,23068,Ayapel,VIIRS-NOAA-20|VIIRS-NOAA-21,3,3.7,3.8
E20260701-962C22CC71,3,2026-07-01T13:24-05:00,2026-07-01T13:24-05:00,0.0,-70.32683,4.50211,0.89,false,1,99,Vichada,1,99773,Cumaribo,VIIRS-NOAA-21,3,8.4,10.7
E20260701-AECB8E0AFB,6,2026-07-01T12:37-05:00,2026-07-01T13:24-05:00,0.78,-69.01786,4.91437,1.96,false,1,99,Vichada,1,99773,Cumaribo,VIIRS-NOAA-20|VIIRS-NOAA-21,6,9.83,16.9
E20260701-B36D19298A,8,2026-07-01T12:37-05:00,2026-07-01T13:24-05:00,0.78,-74.42552,9.22641,1.29,false,1,13,Bolívar,1,13468,Santa Cruz De Mompox,VIIRS-NOAA-20|VIIRS-NOAA-21,8,9.01,13.9
E20260701-C062940E0C,3,2026-07-01T12:37-05:00,2026-07-01T13:24-05:00,0.78,-73.91011,8.96043,0.46,false,1,13,Bolívar,1,13268,El Peñón,VIIRS-NOAA-20|VIIRS-NOAA-21,3,9.73,18.0
E20260701-C80E8B0DF3,3,2026-07-01T13:24-05:00,2026-07-01T14:17-05:00,0.88,-75.03585,5.98248,0.25,false,1,05,Antioquia,1,05660,San Luis,VIIRS-NOAA-20|VIIRS-NOAA-21,3,9.13,9.4
E20260701-CD5A31B272,3,2026-07-01T13:24-05:00,2026-07-01T13:24-05:00,0.0,-69.04438,4.82373,0.5,false,1,99,Vichada,1,99773,Cumaribo,VIIRS-NOAA-21,3,11.4,17.4
E20260701-D4EFD338A6,4,2026-07-01T12:37-05:00,2026-07-01T13:24-05:00,0.78,-72.7379,8.11015,0.6,false,1,54,Norte De Santander,1,54720,Sardinata,VIIRS-NOAA-20|VIIRS-NOAA-21,4,6.6,7.4
E20260701-F670808AA9,3,2026-07-01T13:24-05:00,2026-07-02T01:59-05:00,12.58,-73.62211,9.17001,1.24,false,1,20,Cesar,1,20228,Curumaní,VIIRS-NOAA-20|VIIRS-NOAA-21,3,5.93,9.5
E20260702-1EB2AB2A63,3,2026-07-01T20:47-05:00,2026-07-02T02:01-05:00,5.23,-72.6997,11.19877,0.18,false,1,44,La Guajira,1,44001,Riohacha,MODIS-Terra|VIIRS-NOAA-20|VIIRS-NOAA-21,3,7.57,18.8
E20260702-349DAAB6DC,4,2026-07-02T01:59-05:00,2026-07-02T14:00-05:00,12.02,-73.47501,9.76062,0.75,false,1,20,Cesar,2,20013|20045,Agustín Codazzi|Becerril,VIIRS-NOAA-20|VIIRS-NOAA-21,4,4.53,6.4
E20260702-40741D5851,3,2026-07-02T01:14-05:00,2026-07-02T02:01-05:00,0.78,-72.66414,11.02949,0.5,false,1,44,La Guajira,1,44078,Barrancas,VIIRS-NOAA-20|VIIRS-NOAA-21,3,3.27,4.2
E20260702-468A56C8B7,3,2026-07-02T01:14-05:00,2026-07-02T01:59-05:00,0.75,-73.39152,10.00043,0.57,false,1,20,Cesar,1,20013,Agustín Codazzi,VIIRS-NOAA-20|VIIRS-NOAA-21,3,2.77,5.3
E20260702-6E5709E9C9,7,2026-07-01T20:47-05:00,2026-07-02T14:00-05:00,17.22,-75.4882,10.31861,1.21,false,1,13,Bolívar,1,13001,Cartagena De Indias,MODIS-Terra|VIIRS-NOAA-20|VIIRS-NOAA-21,7,5.19,8.5
E20260702-A60BAEE536,3,2026-07-02T13:06-05:00,2026-07-02T14:00-05:00,0.9,-74.44206,8.68844,0.41,false,1,13,Bolívar,1,13006,Achí,VIIRS-NOAA-20|VIIRS-NOAA-21,3,5.8,8.6
E20260702-CE6089FA14,3,2026-07-02T13:06-05:00,2026-07-02T14:00-05:00,0.9,-75.36102,10.67601,0.18,false,1,13,Bolívar,1,13001,Cartagena De Indias,VIIRS-NOAA-20|VIIRS-NOAA-21,3,9.87,13.4
E20260703-1FF3602D3E,5,2026-07-03T13:41-05:00,2026-07-03T13:41-05:00,0.0,-74.8115,4.72156,1.38,false,1,25,Cundinamarca,1,25086,Beltrán,VIIRS-NOAA-20,5,8.56,13.6
E20260703-5BBE1A7674,4,2026-07-03T12:45-05:00,2026-07-03T13:41-05:00,0.93,-73.85045,8.40253,0.7,false,1,13,Bolívar,1,13473,Morales,VIIRS-NOAA-20|VIIRS-NOAA-21,4,9.25,15.5
E20260703-6ECAB04F8F,3,2026-07-03T12:45-05:00,2026-07-03T13:41-05:00,0.93,-73.69409,7.89782,0.28,false,1,68,Santander,1,68575,Puerto Wilches,VIIRS-NOAA-20|VIIRS-NOAA-21,3,5.47,6.4
E20260703-98C9520472,3,2026-07-03T12:45-05:00,2026-07-03T13:41-05:00,0.93,-74.09587,9.04828,0.46,false,1,47,Magdalena,1,47245,El Banco,VIIRS-NOAA-20|VIIRS-NOAA-21,3,15.57,27.7
E20260703-AE6B4BF4F9,4,2026-07-03T12:45-05:00,2026-07-03T13:41-05:00,0.93,-75.19693,5.83888,0.49,false,1,05,Antioquia,1,05756,Sonsón,VIIRS-NOAA-20|VIIRS-NOAA-21,4,15.43,21.5
E20260703-EE6DAAE892,4,2026-07-03T13:41-05:00,2026-07-03T13:41-05:00,0.0,-74.14061,5.99544,0.59,false,1,68,Santander,1,68377,La Belleza,VIIRS-NOAA-20,4,29.62,44.9
E20260705-00DD5C8B4C,3,2026-07-05T13:02-05:00,2026-07-05T13:49-05:00,0.78,-75.52361,5.83183,0.53,false,1,05,Antioquia,1,05002,Abejorral,VIIRS-NOAA-20|VIIRS-NOAA-21,3,5.4,7.1
E20260705-4317C33794,3,2026-07-05T13:04-05:00,2026-07-05T13:04-05:00,0.0,-74.28045,9.18161,0.73,false,1,47,Magdalena,1,47318,Guamal,VIIRS-NOAA-20,3,14.6,14.6
E20260705-6072F98339,3,2026-07-05T13:04-05:00,2026-07-05T13:04-05:00,0.0,-73.07359,11.02936,0.63,false,1,44,La Guajira,1,44001,Riohacha,VIIRS-NOAA-20,3,9.6,9.8
E20260705-68C4D99C66,3,2026-07-05T13:02-05:00,2026-07-05T13:49-05:00,0.78,-75.10326,6.18883,0.45,false,1,05,Antioquia,2,05313|05649,Granada|San Carlos,VIIRS-NOAA-20|VIIRS-NOAA-21,3,10.5,14.1
E20260705-78BDAEDA94,3,2026-07-05T13:04-05:00,2026-07-05T13:04-05:00,0.0,-72.59271,7.86944,0.46,false,1,54,Norte De Santander,1,54673,San Cayetano,VIIRS-NOAA-20,3,6.07,9.6
E20260705-C68E538818,4,2026-07-05T13:04-05:00,2026-07-05T13:49-05:00,0.75,-73.95851,9.39236,0.72,false,1,20,Cesar,1,20032,Astrea,VIIRS-NOAA-20|VIIRS-NOAA-21,4,7.67,9.1
E20260705-CCAF7C1E37,13,2026-07-05T13:04-05:00,2026-07-08T13:47-05:00,72.72,-75.48823,10.31898,1.09,false,1,13,Bolívar,1,13001,Cartagena De Indias,MODIS-Aqua|VIIRS-NOAA-20|VIIRS-NOAA-21,13,4.59,13.4
E20260705-D9EE06A97C,3,2026-07-05T13:04-05:00,2026-07-06T13:32-05:00,24.47,-75.06675,9.76817,0.57,false,1,13,Bolívar,1,13244,El Carmen De Bolívar,VIIRS-NOAA-20|VIIRS-NOAA-21,3,8.77,11.2
E20260705-DCBB4F3B3C,9,2026-07-05T13:49-05:00,2026-07-07T15:19-05:00,49.5,-73.84981,8.40254,1.24,false,1,13,Bolívar,1,13473,Morales,MODIS-Aqua|VIIRS-NOAA-20|VIIRS-NOAA-21,9,5.41,7.7
E20260705-F1EC559A9C,4,2026-07-05T02:01-05:00,2026-07-07T02:07-05:00,48.1,-76.48939,3.56384,0.4,false,1,76,Valle Del Cauca,1,76892,Yumbo,VIIRS-NOAA-20|VIIRS-NOAA-21,4,1.38,1.6
E20260706-07DCA6CB34,7,2026-07-06T12:43-05:00,2026-07-06T13:30-05:00,0.78,-74.60658,5.60702,0.86,false,1,25,Cundinamarca,1,25572,Puerto Salgar,VIIRS-NOAA-20|VIIRS-NOAA-21,7,4.41,5.6
E20260706-158995005A,5,2026-07-06T13:30-05:00,2026-07-06T13:30-05:00,0.0,-77.59182,2.03595,1.24,false,1,52,Nariño,1,52696,Santa Bárbara,VIIRS-NOAA-21,5,14.64,19.4
E20260706-206A96E470,3,2026-07-06T12:43-05:00,2026-07-06T13:30-05:00,0.78,-74.98658,5.21342,0.35,false,1,73,Tolima,1,73283,Fresno,VIIRS-NOAA-20|VIIRS-NOAA-21,3,5.33,6.3
E20260706-2CFA3F627E,10,2026-07-06T01:40-05:00,2026-07-08T01:48-05:00,48.13,-72.56614,7.89274,1.31,false,1,54,Norte De Santander,1,54001,San José De Cúcuta,VIIRS-NOAA-20|VIIRS-NOAA-21,10,3.24,4.8
E20260706-3012F6BBD7,3,2026-07-06T12:45-05:00,2026-07-06T13:32-05:00,0.78,-74.57039,9.95794,0.58,false,1,47,Magdalena,1,47798,Tenerife,VIIRS-NOAA-20|VIIRS-NOAA-21,3,6.33,9.8
E20260706-45DAC45868,5,2026-07-06T12:43-05:00,2026-07-07T13:11-05:00,24.47,-76.22008,3.35662,1.28,false,1,76,Valle Del Cauca,1,76275,Florida,VIIRS-NOAA-20|VIIRS-NOAA-21,5,11.22,19.7
E20260706-5078D1E9A8,3,2026-07-06T13:30-05:00,2026-07-07T14:06-05:00,24.6,-76.05599,4.4292,0.51,false,1,76,Valle Del Cauca,1,76895,Zarzal,VIIRS-NOAA-20|VIIRS-NOAA-21,3,4.0,6.4
E20260706-57BFCB84C5,4,2026-07-06T12:43-05:00,2026-07-06T13:30-05:00,0.78,-74.98828,5.71222,0.68,false,1,17,Caldas,1,17662,Samaná,VIIRS-NOAA-20|VIIRS-NOAA-21,4,10.47,20.8
E20260706-5B0A15CB8C,9,2026-07-06T12:45-05:00,2026-07-07T08:59-05:00,20.23,-74.22432,10.14877,1.37,false,1,47,Magdalena,1,47660,Sabanas De San Ángel,MODIS-Terra|VIIRS-NOAA-20|VIIRS-NOAA-21,9,6.96,11.1
E20260706-5C8776057C,3,2026-07-06T12:43-05:00,2026-07-06T13:32-05:00,0.82,-74.84535,9.52077,0.73,false,1,13,Bolívar,1,13212,Córdoba,VIIRS-NOAA-20|VIIRS-NOAA-21,3,8.37,9.1
E20260706-63962850D2,3,2026-07-06T13:30-05:00,2026-07-06T13:30-05:00,0.0,-69.19265,4.67479,0.59,false,1,99,Vichada,1,99773,Cumaribo,VIIRS-NOAA-21,3,9.17,13.6
E20260706-74874074E9,3,2026-07-06T13:30-05:00,2026-07-06T13:30-05:00,0.0,-74.93723,3.937,0.59,false,1,73,Tolima,1,73671,Saldaña,VIIRS-NOAA-21,3,5.8,5.8
E20260706-843F86D4E2,3,2026-07-06T12:43-05:00,2026-07-06T13:30-05:00,0.78,-77.28778,2.19836,0.99,false,1,19,Cauca,1,19050,Argelia,VIIRS-NOAA-20|VIIRS-NOAA-21,3,7.5,11.2
E20260706-85481E6468,9,2026-07-06T12:43-05:00,2026-07-07T14:06-05:00,25.38,-73.67724,9.20436,1.36,false,1,20,Cesar,1,20228,Curumaní,VIIRS-NOAA-20|VIIRS-NOAA-21,9,12.64,29.4
E20260706-96D4FEA24B,5,2026-07-06T12:45-05:00,2026-07-06T13:32-05:00,0.78,-75.05133,10.72302,0.65,false,1,08,Atlántico,1,08549,Piojó,VIIRS-NOAA-20|VIIRS-NOAA-21,5,19.48,34.1
E20260706-98206DFDFF,8,2026-07-06T12:43-05:00,2026-07-06T13:30-05:00,0.78,-68.00769,6.06705,2.03,false,1,99,Vichada,1,99001,Puerto Carreño,VIIRS-NOAA-20|VIIRS-NOAA-21,8,11.17,18.0
E20260706-983ED618D4,3,2026-07-06T13:28-05:00,2026-07-06T14:23-05:00,0.92,-77.0679,1.90933,0.68,false,1,19,Cauca,1,19100,Bolívar,VIIRS-NOAA-20|VIIRS-NOAA-21,3,3.67,4.6
E20260706-9C1892A589,3,2026-07-06T12:45-05:00,2026-07-06T13:32-05:00,0.78,-74.24938,9.98319,0.5,false,1,47,Magdalena,1,47660,Sabanas De San Ángel,VIIRS-NOAA-20|VIIRS-NOAA-21,3,11.33,18.0
E20260706-A28051643D,8,2026-07-06T00:44-05:00,2026-07-06T01:40-05:00,0.93,-73.54551,9.58334,0.97,false,1,20,Cesar,1,20178,Chiriguaná,VIIRS-NOAA-20|VIIRS-NOAA-21,6,4.07,4.8
E20260706-B3903D2282,3,2026-07-06T13:30-05:00,2026-07-06T14:23-05:00,0.88,-76.41755,3.41279,0.5,false,1,76,Valle Del Cauca,1,76130,Candelaria,VIIRS-NOAA-20|VIIRS-NOAA-21,3,6.9,10.4
E20260706-B5ED239850,3,2026-07-06T12:45-05:00,2026-07-06T13:32-05:00,0.78,-74.36139,10.27662,0.38,false,1,47,Magdalena,1,47551,Pivijay,VIIRS-NOAA-20|VIIRS-NOAA-21,3,5.53,6.4
E20260706-B7AE886C06,3,2026-07-06T00:46-05:00,2026-07-06T01:40-05:00,0.9,-72.98974,8.03462,1.0,false,1,54,Norte De Santander,1,54871,Villa Caro,VIIRS-NOAA-20|VIIRS-NOAA-21,1,1.5,1.5
E20260706-BD9EA33C7B,4,2026-07-06T12:43-05:00,2026-07-06T13:32-05:00,0.82,-74.16918,8.93817,0.55,false,1,13,Bolívar,1,13074,Barranco De Loba,VIIRS-NOAA-20|VIIRS-NOAA-21,4,7.47,11.0
E20260706-C09DF6B91A,12,2026-07-06T12:43-05:00,2026-07-06T13:32-05:00,0.82,-74.09959,9.05029,2.02,false,1,47,Magdalena,1,47245,El Banco,VIIRS-NOAA-20|VIIRS-NOAA-21,12,11.05,37.0
E20260706-C5BC15029C,3,2026-07-06T13:32-05:00,2026-07-06T13:32-05:00,0.0,-74.72592,10.90691,0.43,false,1,08,Atlántico,1,08758,Soledad,VIIRS-NOAA-21,3,5.67,6.6
E20260706-C781CFFC4B,5,2026-07-06T13:30-05:00,2026-07-07T13:11-05:00,23.68,-74.88374,3.68008,1.51,false,1,73,Tolima,1,73563,Prado,VIIRS-NOAA-21,5,4.6,7.4
E20260706-C9427EC071,5,2026-07-06T12:43-05:00,2026-07-06T13:30-05:00,0.78,-69.19314,4.65776,0.95,false,1,99,Vichada,1,99773,Cumaribo,VIIRS-NOAA-20|VIIRS-NOAA-21,5,12.9,23.2
E20260706-D7B485FA99,3,2026-07-06T14:23-05:00,2026-07-06T14:23-05:00,0.0,-76.61923,2.36863,0.7,false,1,19,Cauca,1,19760,Sotará Paispamba,VIIRS-NOAA-20,3,10.13,11.7
E20260706-D8E739DFB3,3,2026-07-06T12:43-05:00,2026-07-06T13:32-05:00,0.82,-73.61322,9.21532,0.25,false,1,20,Cesar,1,20228,Curumaní,VIIRS-NOAA-20|VIIRS-NOAA-21,3,6.53,10.1
E20260706-DD6BEE85E7,3,2026-07-06T01:40-05:00,2026-07-06T01:40-05:00,0.0,-73.47441,9.76312,0.78,false,1,20,Cesar,1,20013,Agustín Codazzi,VIIRS-NOAA-20,2,1.4,1.4
E20260706-F6E1EEDF7D,3,2026-07-06T13:30-05:00,2026-07-06T13:30-05:00,0.0,-73.56329,7.06241,0.45,false,1,68,Santander,1,68689,San Vicente De Chucurí,VIIRS-NOAA-21,3,5.23,8.3
E20260706-F71EE2D3F6,5,2026-07-06T12:43-05:00,2026-07-06T13:30-05:00,0.78,-74.72857,5.59995,0.61,false,1,17,Caldas,1,17380,La Dorada,VIIRS-NOAA-20|VIIRS-NOAA-21,5,8.42,20.1
E20260706-F7B39BFEC9,4,2026-07-06T12:43-05:00,2026-07-06T12:45-05:00,0.03,-74.41522,9.86109,0.41,false,1,47,Magdalena,1,47460,Nueva Granada,VIIRS-NOAA-20,4,5.1,5.2
E20260706-F817A376AF,3,2026-07-06T13:32-05:00,2026-07-06T13:32-05:00,0.0,-74.33731,9.76245,0.62,false,1,47,Magdalena,1,47460,Nueva Granada,VIIRS-NOAA-21,3,16.1,18.8
E20260707-0889B9D494,3,2026-07-07T12:26-05:00,2026-07-07T13:11-05:00,0.75,-74.83918,11.0917,0.63,false,1,47,Magdalena,1,47745,Sitionuevo,VIIRS-NOAA-20|VIIRS-NOAA-21,3,7.77,10.8
E20260707-1201868E48,6,2026-07-07T01:20-05:00,2026-07-08T01:48-05:00,24.47,-72.42071,8.04248,1.26,false,1,54,Norte De Santander,1,54001,San José De Cúcuta,VIIRS-NOAA-20|VIIRS-NOAA-21,6,2.17,3.3
E20260707-136775E66F,3,2026-07-07T14:06-05:00,2026-07-07T15:19-05:00,1.22,-74.09071,7.28363,1.17,false,1,13,Bolívar,1,13160,Cantagallo,MODIS-Aqua|VIIRS-NOAA-20,3,14.7,23.8
E20260707-14F7FA079E,4,2026-07-07T01:20-05:00,2026-07-08T01:48-05:00,24.47,-74.75714,10.9372,0.5,false,1,08,Atlántico,1,08758,Soledad,VIIRS-NOAA-20|VIIRS-NOAA-21,3,2.9,3.1
E20260707-18EC36B37E,4,2026-07-06T20:43-05:00,2026-07-07T02:07-05:00,5.4,-75.36082,5.82078,0.56,false,1,05,Antioquia,1,05002,Abejorral,MODIS-Terra|VIIRS-NOAA-20|VIIRS-NOAA-21,4,3.35,6.9
E20260707-296FA41163,3,2026-07-07T01:20-05:00,2026-07-08T01:48-05:00,24.47,-72.60446,8.07645,0.27,false,1,54,Norte De Santander,1,54261,El Zulia,VIIRS-NOAA-20|VIIRS-NOAA-21,3,2.37,3.4
E20260707-5A4C7BBD3A,3,2026-07-07T01:22-05:00,2026-07-08T01:01-05:00,23.65,-73.58894,5.44802,0.44,false,1,15,Boyacá,1,15646,Samacá,VIIRS-NOAA-20,1,1.3,1.3
E20260707-5AB422B151,5,2026-07-07T14:06-05:00,2026-07-07T15:19-05:00,1.22,-73.74516,9.42744,1.67,false,1,20,Cesar,1,20178,Chiriguaná,MODIS-Aqua|VIIRS-NOAA-20,5,18.0,42.3
E20260707-69A41BE6AD,4,2026-07-07T01:22-05:00,2026-07-07T01:22-05:00,0.0,-76.29251,3.30078,0.63,false,1,76,Valle Del Cauca,1,76275,Florida,VIIRS-NOAA-20,4,2.05,2.2
E20260707-6FBFB6ADC1,3,2026-07-07T01:20-05:00,2026-07-08T01:48-05:00,24.47,-72.48905,7.9527,0.36,false,1,54,Norte De Santander,1,54001,San José De Cúcuta,VIIRS-NOAA-20|VIIRS-NOAA-21,3,3.37,3.6
E20260707-77F522D2A9,3,2026-07-07T13:11-05:00,2026-07-07T14:04-05:00,0.88,-76.46549,3.24066,0.3,false,2,19|76,Cauca|Valle Del Cauca,2,19845|76364,Jamundí|Villa Rica,VIIRS-NOAA-20|VIIRS-NOAA-21,3,6.1,8.4
E20260707-8A1B3A442D,8,2026-07-07T13:11-05:00,2026-07-08T12:54-05:00,23.72,-73.53283,9.68245,2.04,false,1,20,Cesar,1,20045,Becerril,MODIS-Aqua|VIIRS-NOAA-21,8,6.91,20.9
E20260707-922F790B1E,6,2026-07-07T14:06-05:00,2026-07-07T15:19-05:00,1.22,-73.49825,7.18374,1.26,false,1,68,Santander,1,68655,Sabana De Torres,MODIS-Aqua|VIIRS-NOAA-20,6,25.97,57.7
E20260707-98997E0B0B,3,2026-07-07T13:11-05:00,2026-07-07T14:06-05:00,0.92,-75.94704,4.33537,0.68,false,1,76,Valle Del Cauca,1,76736,Sevilla,VIIRS-NOAA-20|VIIRS-NOAA-21,3,18.07,40.9
E20260707-9EED4A008E,5,2026-07-07T12:26-05:00,2026-07-07T13:11-05:00,0.75,-73.7884,8.77477,1.06,false,1,20,Cesar,1,20787,Tamalameque,VIIRS-NOAA-20|VIIRS-NOAA-21,4,6.08,7.2
E20260707-A754988DAE,3,2026-07-07T14:06-05:00,2026-07-07T15:19-05:00,1.22,-75.4928,5.86234,0.61,false,1,05,Antioquia,1,05002,Abejorral,MODIS-Aqua|VIIRS-NOAA-20,3,10.23,13.7
E20260707-AC02083115,5,2026-07-07T13:11-05:00,2026-07-07T15:19-05:00,2.13,-73.63855,9.31897,1.16,false,1,20,Cesar,1,20178,Chiriguaná,MODIS-Aqua|VIIRS-NOAA-20|VIIRS-NOAA-21,5,11.62,15.6
E20260707-B7FB3D2194,3,2026-07-07T13:11-05:00,2026-07-08T13:47-05:00,24.6,-74.2825,9.00224,0.79,false,1,13,Bolívar,1,13440,Margarita,MODIS-Aqua|VIIRS-NOAA-20|VIIRS-NOAA-21,3,8.17,11.6
E20260707-BA225B0177,3,2026-07-07T08:59-05:00,2026-07-07T12:26-05:00,3.45,-73.34941,10.40088,1.29,false,1,20,Cesar,1,20001,Valledupar,MODIS-Terra|VIIRS-NOAA-20,3,23.77,42.6
E20260707-BD75A2C299,3,2026-07-07T13:11-05:00,2026-07-07T13:11-05:00,0.0,-76.42029,3.21736,0.51,false,1,19,Cauca,1,19573,Puerto Tejada,VIIRS-NOAA-21,3,5.3,7.8
E20260707-C6E275B06D,3,2026-07-07T13:11-05:00,2026-07-07T14:04-05:00,0.88,-76.52615,3.14201,0.51,false,1,76,Valle Del Cauca,1,76364,Jamundí,VIIRS-NOAA-20|VIIRS-NOAA-21,3,11.5,14.7
E20260707-CE27CA342C,6,2026-07-07T13:11-05:00,2026-07-08T12:54-05:00,23.72,-72.73399,10.96456,0.54,false,1,44,La Guajira,1,44078,Barrancas,VIIRS-NOAA-20|VIIRS-NOAA-21,6,3.37,8.7
E20260707-D692A3D37F,3,2026-07-07T14:06-05:00,2026-07-08T12:54-05:00,22.8,-73.83897,8.97874,0.89,false,1,47,Magdalena,1,47245,El Banco,MODIS-Aqua|VIIRS-NOAA-20|VIIRS-NOAA-21,3,6.77,8.5
E20260707-D9B8906DB9,9,2026-07-07T13:13-05:00,2026-07-07T15:19-05:00,2.1,-74.11295,7.19904,1.32,false,1,13,Bolívar,1,13160,Cantagallo,MODIS-Aqua|VIIRS-NOAA-20|VIIRS-NOAA-21,9,53.3,107.2
E20260707-E3B4AB5C4E,5,2026-07-07T14:06-05:00,2026-07-08T13:47-05:00,23.68,-73.67964,9.6043,1.25,false,1,20,Cesar,1,20250,El Paso,MODIS-Aqua|VIIRS-NOAA-20|VIIRS-NOAA-21,5,10.88,15.4
E20260707-E492226F0D,11,2026-07-07T12:26-05:00,2026-07-07T15:19-05:00,2.88,-73.66019,9.18706,1.11,false,1,20,Cesar,1,20228,Curumaní,MODIS-Aqua|VIIRS-NOAA-20|VIIRS-NOAA-21,11,10.95,20.0
E20260707-F7554A802E,5,2026-07-07T13:11-05:00,2026-07-08T12:54-05:00,23.72,-73.65689,9.28008,1.42,false,1,20,Cesar,2,20178|20228,Chiriguaná|Curumaní,VIIRS-NOAA-20|VIIRS-NOAA-21,5,7.8,9.9
E20260707-FE803DBD32,3,2026-07-07T15:19-05:00,2026-07-08T13:45-05:00,22.43,-73.53959,6.90405,0.25,false,1,68,Santander,1,68689,San Vicente De Chucurí,MODIS-Aqua|VIIRS-NOAA-20|VIIRS-NOAA-21,3,12.53,16.0
E20260707-FFC046738B,5,2026-07-07T14:06-05:00,2026-07-07T15:19-05:00,1.22,-74.14221,7.20568,1.11,false,1,13,Bolívar,1,13160,Cantagallo,MODIS-Aqua|VIIRS-NOAA-20,5,26.64,39.7
E20260708-19F6E0A425,3,2026-07-08T12:54-05:00,2026-07-08T13:47-05:00,0.88,-72.72896,8.82321,0.27,false,1,54,Norte De Santander,1,54810,Tibú,VIIRS-NOAA-20|VIIRS-NOAA-21,3,5.7,7.9
E20260708-206E0D6794,4,2026-07-08T12:52-05:00,2026-07-08T20:24-05:00,7.53,-71.41085,4.1672,1.42,false,1,50,Meta,1,50568,Puerto Gaitán,MODIS-Terra|VIIRS-NOAA-21,4,8.35,10.0
E20260708-2F5DD761C1,5,2026-07-08T13:47-05:00,2026-07-08T13:47-05:00,0.0,-73.89503,9.44682,0.9,false,1,20,Cesar,1,20032,Astrea,VIIRS-NOAA-20,5,12.24,25.5
E20260708-4C2001BCDC,3,2026-07-08T12:54-05:00,2026-07-08T13:47-05:00,0.88,-74.03932,9.82607,0.92,false,1,47,Magdalena,1,47058,Ariguaní,VIIRS-NOAA-20|VIIRS-NOAA-21,3,4.37,6.4
E20260708-548A15EAB0,3,2026-07-08T01:48-05:00,2026-07-08T01:48-05:00,0.0,-73.47507,9.7619,0.87,false,1,20,Cesar,2,20013|20045,Agustín Codazzi|Becerril,VIIRS-NOAA-21,3,4.67,5.7
E20260708-54FA24E907,4,2026-07-08T12:54-05:00,2026-07-08T13:47-05:00,0.88,-75.45857,10.57375,0.81,false,1,13,Bolívar,1,13001,Cartagena De Indias,VIIRS-NOAA-20|VIIRS-NOAA-21,4,11.18,25.2
E20260708-633DB0C0CD,7,2026-07-08T12:52-05:00,2026-07-08T13:45-05:00,0.88,-74.70333,5.49077,1.1,false,1,17,Caldas,1,17380,La Dorada,VIIRS-NOAA-20|VIIRS-NOAA-21,7,4.53,8.3
E20260708-63B91B4837,3,2026-07-08T01:48-05:00,2026-07-08T13:47-05:00,11.98,-72.725,10.97587,0.56,false,1,44,La Guajira,1,44078,Barrancas,VIIRS-NOAA-20|VIIRS-NOAA-21,3,2.7,4.7
E20260708-6F85C13098,3,2026-07-08T12:52-05:00,2026-07-08T13:45-05:00,0.88,-71.88165,4.35882,0.19,false,1,50,Meta,1,50568,Puerto Gaitán,VIIRS-NOAA-20|VIIRS-NOAA-21,3,7.37,8.7
E20260708-731C622051,4,2026-07-08T12:52-05:00,2026-07-08T12:52-05:00,0.0,-69.88629,5.66143,1.17,false,1,99,Vichada,1,99524,La Primavera,VIIRS-NOAA-21,4,21.07,29.3
E20260708-973199A248,4,2026-07-08T12:54-05:00,2026-07-08T13:47-05:00,0.88,-74.1925,10.26347,0.6,false,1,47,Magdalena,2,47030|47660,Algarrobo|Sabanas De San Ángel,VIIRS-NOAA-20|VIIRS-NOAA-21,4,8.85,12.1
E20260708-A0E7427282,3,2026-07-08T13:47-05:00,2026-07-08T13:47-05:00,0.0,-73.71531,9.35773,0.58,false,1,20,Cesar,1,20178,Chiriguaná,VIIRS-NOAA-20,3,7.1,7.3
E20260708-A44535E1C4,5,2026-07-08T12:52-05:00,2026-07-08T13:45-05:00,0.88,-71.33183,4.94564,1.26,false,1,85,Casanare,1,85230,Orocué,VIIRS-NOAA-20|VIIRS-NOAA-21,5,7.72,12.4
E20260708-A7DBF098EC,3,2026-07-08T12:52-05:00,2026-07-08T12:52-05:00,0.0,-71.85393,3.97174,0.52,false,1,50,Meta,1,50568,Puerto Gaitán,VIIRS-NOAA-21,3,7.93,9.0
E20260708-C70FFC740C,3,2026-07-08T12:54-05:00,2026-07-08T13:47-05:00,0.88,-74.26553,9.95808,0.64,false,1,47,Magdalena,1,47660,Sabanas De San Ángel,VIIRS-NOAA-20|VIIRS-NOAA-21,3,3.9,5.8
E20260710-0669D0F2F1,3,2026-07-10T01:10-05:00,2026-07-11T01:46-05:00,24.6,-72.41968,8.03346,0.21,false,1,54,Norte De Santander,1,54001,San José De Cúcuta,VIIRS-NOAA-20|VIIRS-NOAA-21,1,3.0,3.0
E20260710-10A19FDCCD,6,2026-07-10T13:09-05:00,2026-07-10T13:53-05:00,0.73,-70.54716,5.0235,1.26,false,1,99,Vichada,1,99624,Santa Rosalía,VIIRS-NOAA-20|VIIRS-NOAA-21,6,10.12,14.3
E20260710-1396B56177,5,2026-07-10T13:53-05:00,2026-07-10T13:53-05:00,0.0,-71.88107,3.8368,0.93,false,1,50,Meta,1,50568,Puerto Gaitán,VIIRS-NOAA-21,5,23.18,27.5
E20260710-24793118D1,4,2026-07-10T13:11-05:00,2026-07-10T15:34-05:00,2.38,-75.45132,5.82256,0.88,false,1,05,Antioquia,1,05002,Abejorral,MODIS-Aqua|VIIRS-NOAA-20|VIIRS-NOAA-21,4,9.4,11.2
E20260710-302F600B8B,3,2026-07-10T13:09-05:00,2026-07-10T13:53-05:00,0.73,-74.78948,3.67456,0.71,false,1,73,Tolima,1,73563,Prado,VIIRS-NOAA-20|VIIRS-NOAA-21,3,13.17,19.4
E20260710-34DD75DDFE,3,2026-07-10T12:13-05:00,2026-07-10T13:09-05:00,0.93,-68.26419,4.91736,0.94,false,1,99,Vichada,1,99773,Cumaribo,VIIRS-NOAA-20|VIIRS-NOAA-21,3,4.13,4.8
E20260710-4EFB7BE161,8,2026-07-10T13:09-05:00,2026-07-10T13:09-05:00,0.0,-77.53902,1.60639,1.9,false,1,52,Nariño,2,52233|52418,Cumbitara|Los Andes,VIIRS-NOAA-20,8,12.86,15.4
E20260710-56C382938B,3,2026-07-10T13:09-05:00,2026-07-10T13:09-05:00,0.0,-77.52642,1.2486,0.54,false,1,52,Nariño,1,52036,Ancuya,VIIRS-NOAA-20,3,38.53,57.8
E20260710-5B2846950E,3,2026-07-10T13:56-05:00,2026-07-10T15:34-05:00,1.63,-74.89848,5.02177,0.44,false,1,73,Tolima,1,73055,Armero,MODIS-Aqua|VIIRS-NOAA-21,3,9.83,14.5
E20260710-5EB3C4132B,4,2026-07-10T15:34-05:00,2026-07-11T13:36-05:00,22.03,-75.45461,3.46672,1.33,false,1,73,Tolima,1,73067,Ataco,MODIS-Aqua|VIIRS-NOAA-21,4,5.0,7.6
E20260710-7CD329955E,4,2026-07-10T13:56-05:00,2026-07-12T01:25-05:00,35.48,-73.47466,9.76098,0.39,false,1,20,Cesar,1,20013,Agustín Codazzi,VIIRS-NOAA-20|VIIRS-NOAA-21,4,4.65,7.4
E20260710-83EA70A579,4,2026-07-10T13:09-05:00,2026-07-10T13:53-05:00,0.73,-70.18478,4.69959,0.79,false,1,99,Vichada,1,99773,Cumaribo,VIIRS-NOAA-20|VIIRS-NOAA-21,4,8.4,12.5
E20260710-95D5E62F0B,3,2026-07-10T13:53-05:00,2026-07-10T13:53-05:00,0.0,-72.61039,3.65466,0.9,false,1,50,Meta,1,50689,San Martín,VIIRS-NOAA-21,3,27.53,31.6
E20260710-BE7502B4B0,8,2026-07-10T13:09-05:00,2026-07-10T13:09-05:00,0.0,-69.11496,5.33556,1.47,false,1,99,Vichada,1,99524,La Primavera,VIIRS-NOAA-20,8,11.86,20.2
E20260710-C19FC973BC,13,2026-07-10T13:09-05:00,2026-07-10T13:53-05:00,0.73,-70.62623,4.86585,2.27,false,1,99,Vichada,1,99624,Santa Rosalía,VIIRS-NOAA-20|VIIRS-NOAA-21,13,13.86,24.9
E20260710-D22EC31FC3,4,2026-07-10T13:56-05:00,2026-07-10T13:56-05:00,0.0,-74.83158,4.75232,0.72,false,1,73,Tolima,1,73030,Ambalema,VIIRS-NOAA-21,4,3.9,3.9
E20260710-D86A1BCB4F,5,2026-07-10T13:11-05:00,2026-07-10T13:11-05:00,0.0,-73.94914,9.18197,0.62,false,1,47,Magdalena,1,47245,El Banco,VIIRS-NOAA-20,5,10.62,24.4
E20260710-D98713EA54,3,2026-07-10T13:11-05:00,2026-07-10T13:56-05:00,0.75,-74.97139,5.80156,0.88,false,1,05,Antioquia,1,05652,San Francisco,VIIRS-NOAA-20|VIIRS-NOAA-21,3,4.77,8.3
E20260710-EE2F06E34A,7,2026-07-10T13:11-05:00,2026-07-10T15:34-05:00,2.38,-74.73456,5.79198,0.72,false,1,05,Antioquia,1,05756,Sonsón,MODIS-Aqua|VIIRS-NOAA-20|VIIRS-NOAA-21,7,20.21,44.3
E20260711-04B68A02A3,3,2026-07-11T12:49-05:00,2026-07-11T12:49-05:00,0.0,-69.71386,4.97553,0.84,false,1,99,Vichada,1,99524,La Primavera,VIIRS-NOAA-20,3,14.83,19.8
E20260711-35090430C5,3,2026-07-11T12:49-05:00,2026-07-11T12:49-05:00,0.0,-74.45031,7.30682,0.7,false,1,05,Antioquia,1,05736,Segovia,VIIRS-NOAA-20,3,9.0,9.6
E20260711-3980E8FA64,5,2026-07-11T12:52-05:00,2026-07-11T12:52-05:00,0.0,-73.54736,10.65475,1.19,false,1,20,Cesar,1,20570,Pueblo Bello,VIIRS-NOAA-20,5,28.98,33.2
E20260711-3A21FD4269,5,2026-07-11T00:53-05:00,2026-07-11T01:46-05:00,0.88,-72.48653,4.03546,0.91,false,1,50,Meta,1,50573,Puerto López,VIIRS-NOAA-20|VIIRS-NOAA-21,5,1.26,1.5
E20260711-4475D1C984,4,2026-07-11T01:46-05:00,2026-07-11T01:46-05:00,0.0,-72.56725,7.89471,1.3,false,1,54,Norte De Santander,1,54001,San José De Cúcuta,VIIRS-NOAA-20,4,1.07,1.3
E20260711-4525EF1ADF,3,2026-07-11T12:52-05:00,2026-07-11T13:38-05:00,0.77,-73.15757,10.98059,0.49,false,1,44,La Guajira,1,44001,Riohacha,VIIRS-NOAA-20|VIIRS-NOAA-21,3,10.2,16.1
E20260711-89BD6BEFC5,3,2026-07-11T12:52-05:00,2026-07-11T13:38-05:00,0.77,-74.03946,9.82052,0.64,false,1,47,Magdalena,1,47058,Ariguaní,VIIRS-NOAA-20|VIIRS-NOAA-21,3,8.47,16.0
E20260711-9553A37640,11,2026-07-11T12:49-05:00,2026-07-11T13:36-05:00,0.78,-68.13904,5.15361,2.38,false,1,99,Vichada,1,99773,Cumaribo,VIIRS-NOAA-20|VIIRS-NOAA-21,11,20.71,30.4
E20260711-A3E9D2DF61,3,2026-07-11T12:52-05:00,2026-07-11T13:38-05:00,0.77,-73.34088,10.035,0.7,false,1,20,Cesar,1,20013,Agustín Codazzi,VIIRS-NOAA-20|VIIRS-NOAA-21,3,5.7,6.9
E20260711-AF92720E9E,3,2026-07-11T12:49-05:00,2026-07-11T12:49-05:00,0.0,-69.63892,4.62446,0.7,false,1,99,Vichada,1,99773,Cumaribo,VIIRS-NOAA-20,3,3.83,5.2
E20260711-B38B8E9143,3,2026-07-11T12:49-05:00,2026-07-11T13:36-05:00,0.78,-74.08393,6.79287,0.6,false,1,68,Santander,1,68573,Puerto Parra,VIIRS-NOAA-20|VIIRS-NOAA-21,3,9.93,14.4
E20260711-F327ED7C7D,4,2026-07-11T12:52-05:00,2026-07-11T12:52-05:00,0.0,-73.00159,10.03625,0.58,false,1,20,Cesar,1,20013,Agustín Codazzi,VIIRS-NOAA-20,4,7.4,9.2
E20260711-F427B108D4,13,2026-07-11T00:53-05:00,2026-07-11T01:46-05:00,0.88,-71.77383,6.40332,2.28,false,1,81,Arauca,1,81794,Tame,VIIRS-NOAA-20|VIIRS-NOAA-21,12,2.91,5.3
E20260712-9C632EBDFA,4,2026-07-12T13:17-05:00,2026-07-12T13:17-05:00,0.0,-71.34333,4.96636,0.66,false,1,85,Casanare,1,85230,Orocué,VIIRS-NOAA-21,4,4.3,5.4
E20260713-0054834BAD,3,2026-07-13T13:00-05:00,2026-07-14T12:41-05:00,23.68,-74.89854,9.76181,0.32,false,1,13,Bolívar,1,13894,Zambrano,VIIRS-NOAA-21,3,3.87,5.0
E20260713-01C12D83A2,3,2026-07-13T03:30-05:00,2026-07-14T00:53-05:00,21.38,-77.5395,1.62924,0.73,false,1,52,Nariño,1,52233,Cumbitara,MODIS-Aqua|VIIRS-NOAA-20,3,8.8,12.5
E20260713-0E66E81CA3,3,2026-07-13T13:51-05:00,2026-07-13T13:51-05:00,0.0,-76.92912,2.16694,0.72,false,1,19,Cauca,1,19532,Patía,VIIRS-NOAA-20,3,7.53,11.9
E20260713-13052C471F,4,2026-07-13T13:53-05:00,2026-07-13T13:53-05:00,0.0,-74.10437,7.21966,0.95,false,1,13,Bolívar,1,13160,Cantagallo,VIIRS-NOAA-20,4,21.15,22.1
E20260713-167A2F6F65,3,2026-07-13T12:58-05:00,2026-07-13T13:51-05:00,0.88,-73.14046,3.39688,1.0,false,1,50,Meta,1,50689,San Martín,VIIRS-NOAA-20|VIIRS-NOAA-21,3,5.87,6.7
E20260713-1CBFE83572,3,2026-07-13T12:58-05:00,2026-07-13T13:51-05:00,0.88,-72.72783,3.19795,0.2,false,1,50,Meta,1,50325,Mapiripán,VIIRS-NOAA-20|VIIRS-NOAA-21,3,8.3,10.7
E20260713-21C972AEB2,8,2026-07-13T13:00-05:00,2026-07-13T13:53-05:00,0.88,-74.40372,8.93187,1.92,false,1,13,Bolívar,1,13549,Pinillos,VIIRS-NOAA-20|VIIRS-NOAA-21,8,20.2,39.0
E20260713-393B1E1101,5,2026-07-13T12:58-05:00,2026-07-13T13:51-05:00,0.88,-70.86126,4.29979,1.28,false,1,99,Vichada,1,99773,Cumaribo,VIIRS-NOAA-20|VIIRS-NOAA-21,5,9.64,11.3
E20260713-3AC320FB02,3,2026-07-13T13:53-05:00,2026-07-13T13:53-05:00,0.0,-74.40595,8.99522,0.68,false,1,13,Bolívar,1,13549,Pinillos,VIIRS-NOAA-20,3,15.5,17.3
E20260713-3E5928DD25,5,2026-07-13T13:00-05:00,2026-07-13T13:53-05:00,0.88,-74.19738,10.03283,0.56,false,1,47,Magdalena,1,47660,Sabanas De San Ángel,VIIRS-NOAA-20|VIIRS-NOAA-21,5,20.48,62.2
E20260713-5674E12739,4,2026-07-13T13:00-05:00,2026-07-13T13:53-05:00,0.88,-73.81773,9.32792,0.37,false,1,20,Cesar,1,20175,Chimichagua,VIIRS-NOAA-20|VIIRS-NOAA-21,4,7.03,9.4
E20260713-5DD63C0401,3,2026-07-13T13:53-05:00,2026-07-13T13:53-05:00,0.0,-74.71567,6.30546,0.6,false,1,05,Antioquia,1,05142,Caracolí,VIIRS-NOAA-20,3,13.87,20.4
E20260713-5F00AB856A,3,2026-07-13T13:51-05:00,2026-07-13T13:51-05:00,0.0,-71.96997,2.95095,0.58,false,1,50,Meta,1,50325,Mapiripán,VIIRS-NOAA-20,3,3.47,4.8
E20260713-6E25AD7F57,14,2026-07-13T13:53-05:00,2026-07-18T01:59-05:00,108.1,-73.50772,9.73867,1.47,false,1,20,Cesar,2,20013|20045,Agustín Codazzi|Becerril,VIIRS-NOAA-20|VIIRS-NOAA-21,14,5.05,12.8
E20260713-700E636959,20,2026-07-13T13:53-05:00,2026-07-20T01:22-05:00,155.48,-73.47435,9.76135,1.28,true,1,20,Cesar,2,20013|20045,Agustín Codazzi|Becerril,VIIRS-NOAA-20|VIIRS-NOAA-21,19,3.83,9.0
E20260713-78BABCF823,7,2026-07-13T12:58-05:00,2026-07-13T13:51-05:00,0.88,-72.89363,3.44612,1.37,false,1,50,Meta,1,50689,San Martín,VIIRS-NOAA-20|VIIRS-NOAA-21,7,7.14,11.4
E20260713-84AB603FF1,7,2026-07-13T13:51-05:00,2026-07-14T13:34-05:00,23.72,-74.86808,3.72022,1.22,false,1,73,Tolima,1,73563,Prado,MODIS-Aqua|VIIRS-NOAA-20|VIIRS-NOAA-21,7,8.67,15.7
E20260713-8982BEB058,4,2026-07-13T12:58-05:00,2026-07-13T12:58-05:00,0.0,-72.35813,3.79455,0.64,false,1,50,Meta,1,50573,Puerto López,VIIRS-NOAA-21,4,13.3,23.3
E20260713-93B13E3A51,3,2026-07-13T13:53-05:00,2026-07-13T13:53-05:00,0.0,-73.68654,9.6708,0.41,false,1,20,Cesar,1,20250,El Paso,VIIRS-NOAA-20,3,2.8,3.5
E20260713-A1C7D20CCF,3,2026-07-13T13:53-05:00,2026-07-13T13:53-05:00,0.0,-72.93141,8.28309,0.53,false,1,54,Norte De Santander,1,54720,Sardinata,VIIRS-NOAA-20,3,3.97,4.3
E20260713-B23C5CF3D4,4,2026-07-13T12:58-05:00,2026-07-13T13:51-05:00,0.88,-69.65496,5.01299,1.26,false,1,99,Vichada,1,99524,La Primavera,VIIRS-NOAA-20|VIIRS-NOAA-21,4,4.83,6.6
E20260713-BC3CB04AEA,3,2026-07-13T03:30-05:00,2026-07-14T01:37-05:00,22.12,-77.53585,1.61542,0.89,false,1,52,Nariño,1,52233,Cumbitara,MODIS-Aqua|VIIRS-NOAA-21,3,4.8,11.9
E20260713-BC4E0D9B1A,3,2026-07-13T12:58-05:00,2026-07-13T13:51-05:00,0.88,-72.63125,3.65179,0.52,false,1,50,Meta,1,50689,San Martín,VIIRS-NOAA-20|VIIRS-NOAA-21,3,4.63,4.8
E20260713-C0099CF71B,4,2026-07-13T12:58-05:00,2026-07-13T13:51-05:00,0.88,-70.2899,5.80084,1.0,false,1,85,Casanare,1,85250,Paz De Ariporo,VIIRS-NOAA-20|VIIRS-NOAA-21,4,5.9,10.9
E20260713-CE0AF7AF93,3,2026-07-13T12:58-05:00,2026-07-13T12:58-05:00,0.0,-70.31219,5.10699,0.8,false,1,99,Vichada,1,99524,La Primavera,VIIRS-NOAA-21,3,3.47,3.5
E20260713-D40B05EB2C,4,2026-07-13T12:58-05:00,2026-07-13T12:58-05:00,0.0,-69.86747,4.851,0.62,false,1,99,Vichada,1,99773,Cumaribo,VIIRS-NOAA-21,4,22.3,22.3
E20260713-E49B6600E9,4,2026-07-13T12:58-05:00,2026-07-13T13:53-05:00,0.92,-75.40847,5.83081,0.69,false,1,05,Antioquia,1,05002,Abejorral,VIIRS-NOAA-20|VIIRS-NOAA-21,4,6.2,7.1
E20260713-EECE482C13,4,2026-07-13T12:58-05:00,2026-07-13T13:51-05:00,0.88,-75.42796,3.49124,0.79,false,1,73,Tolima,1,73067,Ataco,VIIRS-NOAA-20|VIIRS-NOAA-21,4,8.15,9.6
E20260713-EF9457253E,7,2026-07-13T13:00-05:00,2026-07-14T13:36-05:00,24.6,-74.10163,9.04134,1.74,false,1,47,Magdalena,1,47245,El Banco,VIIRS-NOAA-20|VIIRS-NOAA-21,7,6.69,11.0
E20260713-F819CE708C,4,2026-07-13T13:51-05:00,2026-07-13T13:51-05:00,0.0,-74.07443,5.76856,0.68,false,1,15,Boyacá,1,15531,Pauna,VIIRS-NOAA-20,4,6.5,7.7
E20260714-011488BDF9,66,2026-07-14T12:41-05:00,2026-07-18T13:06-05:00,96.42,-73.74785,9.3477,4.4,false,1,20,Cesar,1,20175,Chimichagua,MODIS-Aqua|VIIRS-NOAA-20|VIIRS-NOAA-21,64,16.68,134.1
E20260714-0CD7CB61C2,4,2026-07-14T12:43-05:00,2026-07-14T13:36-05:00,0.88,-74.46811,10.38917,0.6,false,1,47,Magdalena,1,47551,Pivijay,VIIRS-NOAA-20|VIIRS-NOAA-21,4,7.03,10.5
E20260714-1208C3D524,4,2026-07-14T12:41-05:00,2026-07-14T13:36-05:00,0.92,-74.33613,9.24077,0.76,false,1,47,Magdalena,1,47692,San Sebastián De Buenavista,VIIRS-NOAA-20|VIIRS-NOAA-21,4,5.35,6.3
E20260714-122C558FD4,3,2026-07-14T13:34-05:00,2026-07-14T21:02-05:00,7.47,-74.84834,6.59785,0.99,false,1,05,Antioquia,1,05890,Yolombó,MODIS-Terra|VIIRS-NOAA-20,3,17.23,42.2
E20260714-1762FDADD6,4,2026-07-14T13:34-05:00,2026-07-14T13:34-05:00,0.0,-71.62623,3.99105,0.49,false,1,50,Meta,1,50568,Puerto Gaitán,VIIRS-NOAA-20,4,7.4,7.9
E20260714-1833A8730B,3,2026-07-14T12:43-05:00,2026-07-14T13:36-05:00,0.88,-74.49843,10.31256,0.6,false,1,47,Magdalena,1,47551,Pivijay,VIIRS-NOAA-20|VIIRS-NOAA-21,3,19.0,20.9
E20260714-1F0DB442F5,3,2026-07-14T12:41-05:00,2026-07-14T13:34-05:00,0.88,-74.48787,5.87411,0.48,false,1,15,Boyacá,1,15572,Puerto Boyacá,VIIRS-NOAA-20|VIIRS-NOAA-21,3,6.63,8.0
E20260714-1F30D41FBD,10,2026-07-14T12:41-05:00,2026-07-15T13:15-05:00,24.57,-73.97483,8.96715,2.25,false,1,13,Bolívar,2,13268|13667,El Peñón|San Martín De Loba,VIIRS-NOAA-20|VIIRS-NOAA-21,10,10.24,21.7
E20260714-26BA4BD631,3,2026-07-14T12:41-05:00,2026-07-14T12:41-05:00,0.0,-74.97278,6.4817,0.41,false,1,05,Antioquia,1,05670,San Roque,VIIRS-NOAA-21,3,12.97,18.7
E20260714-382C65A248,7,2026-07-14T12:41-05:00,2026-07-14T13:34-05:00,0.88,-73.91245,8.74763,0.73,false,1,13,Bolívar,1,13268,El Peñón,VIIRS-NOAA-20|VIIRS-NOAA-21,7,3.97,7.1
E20260714-3EFAC15D02,4,2026-07-14T12:41-05:00,2026-07-14T13:36-05:00,0.92,-74.79355,9.63898,0.94,false,1,13,Bolívar,1,13212,Córdoba,VIIRS-NOAA-20|VIIRS-NOAA-21,4,6.1,7.3
E20260714-475FFE559F,3,2026-07-14T12:41-05:00,2026-07-14T13:34-05:00,0.88,-68.67565,6.01264,0.48,false,1,99,Vichada,1,99001,Puerto Carreño,VIIRS-NOAA-20|VIIRS-NOAA-21,3,13.2,18.1
E20260714-49D11E39E0,4,2026-07-14T12:41-05:00,2026-07-14T13:36-05:00,0.92,-74.42247,8.85737,0.62,false,1,13,Bolívar,1,13549,Pinillos,VIIRS-NOAA-20|VIIRS-NOAA-21,4,2.52,2.8
E20260714-500875C8AF,3,2026-07-14T12:41-05:00,2026-07-14T13:34-05:00,0.88,-74.86076,7.85016,0.43,false,1,05,Antioquia,1,05495,Nechí,VIIRS-NOAA-20|VIIRS-NOAA-21,3,4.7,5.1
E20260714-590F60B006,9,2026-07-14T12:41-05:00,2026-07-14T13:36-05:00,0.92,-74.30357,8.95905,2.27,false,1,13,Bolívar,1,13549,Pinillos,VIIRS-NOAA-20|VIIRS-NOAA-21,9,14.5,21.7
E20260714-59CAB204A1,9,2026-07-14T14:19-05:00,2026-07-15T03:07-05:00,12.8,-77.15178,2.18347,1.59,false,1,19,Cauca,2,19075|19532,Balboa|Patía,MODIS-Aqua|MODIS-Terra|VIIRS-NOAA-20|VIIRS-NOAA-21,8,16.0,55.8
E20260714-5AC2CFE0AE,5,2026-07-14T12:41-05:00,2026-07-15T14:02-05:00,25.35,-74.73125,9.64034,1.24,false,1,47,Magdalena,1,47555,Plato,VIIRS-NOAA-20|VIIRS-NOAA-21,4,13.4,25.8
E20260714-5E83CF5844,13,2026-07-14T08:38-05:00,2026-07-17T01:31-05:00,64.88,-72.73248,10.96437,0.99,false,1,44,La Guajira,1,44078,Barrancas,MODIS-Terra|VIIRS-NOAA-20|VIIRS-NOAA-21,13,5.63,9.9
E20260714-6012A231BF,4,2026-07-14T00:50-05:00,2026-07-14T01:33-05:00,0.72,-73.91478,9.8924,0.45,false,1,20,Cesar,1,20060,Bosconia,VIIRS-NOAA-20|VIIRS-NOAA-21,4,1.95,2.3
E20260714-65703FB77B,3,2026-07-14T12:41-05:00,2026-07-14T13:36-05:00,0.92,-74.32862,9.4346,0.53,false,1,47,Magdalena,1,47707,Santa Ana,VIIRS-NOAA-20|VIIRS-NOAA-21,3,6.33,6.4
E20260714-6948435BA3,11,2026-07-14T13:36-05:00,2026-07-16T12:58-05:00,47.37,-74.75906,9.66832,2.23,false,1,47,Magdalena,1,47555,Plato,MODIS-Aqua|VIIRS-NOAA-20|VIIRS-NOAA-21,11,10.46,17.3
E20260714-6B4A1CA013,5,2026-07-14T13:34-05:00,2026-07-14T14:19-05:00,0.75,-76.96458,1.93979,0.74,false,1,19,Cauca,1,19100,Bolívar,VIIRS-NOAA-20|VIIRS-NOAA-21,5,7.54,10.6
E20260714-6CC6B85491,5,2026-07-14T12:41-05:00,2026-07-14T13:36-05:00,0.92,-74.64142,9.36333,0.71,false,1,13,Bolívar,1,13780,Talaigua Nuevo,VIIRS-NOAA-20|VIIRS-NOAA-21,5,9.16,10.1
E20260714-6CFBE15799,5,2026-07-14T12:41-05:00,2026-07-14T13:34-05:00,0.88,-75.28118,6.63523,0.79,false,1,05,Antioquia,1,05686,Santa Rosa De Osos,VIIRS-NOAA-20|VIIRS-NOAA-21,5,10.04,14.7
E20260714-7264A31399,7,2026-07-14T12:41-05:00,2026-07-14T13:34-05:00,0.88,-73.99911,7.96522,0.88,false,1,13,Bolívar,1,13688,Santa Rosa Del Sur,VIIRS-NOAA-20|VIIRS-NOAA-21,7,11.87,27.2
E20260714-78B96CCCF2,3,2026-07-14T12:41-05:00,2026-07-14T13:34-05:00,0.88,-70.11869,5.95407,0.77,false,1,85,Casanare,1,85250,Paz De Ariporo,VIIRS-NOAA-20|VIIRS-NOAA-21,3,5.1,5.5
E20260714-7F0486E00A,3,2026-07-14T00:50-05:00,2026-07-14T12:41-05:00,11.85,-74.0666,7.99553,0.28,false,1,13,Bolívar,1,13688,Santa Rosa Del Sur,VIIRS-NOAA-20|VIIRS-NOAA-21,2,4.4,7.2
E20260714-82DD2D4059,5,2026-07-14T13:36-05:00,2026-07-15T01:16-05:00,11.67,-73.1873,11.30997,1.44,false,1,44,La Guajira,1,44001,Riohacha,VIIRS-NOAA-20|VIIRS-NOAA-21,3,7.87,9.0
E20260714-8BF6AEB3EE,4,2026-07-14T12:41-05:00,2026-07-14T13:36-05:00,0.92,-73.86783,8.86362,0.38,false,1,13,Bolívar,1,13268,El Peñón,VIIRS-NOAA-20|VIIRS-NOAA-21,4,2.98,4.2
E20260714-8D7269A670,3,2026-07-14T13:34-05:00,2026-07-14T13:34-05:00,0.0,-68.22064,4.79567,0.72,false,1,99,Vichada,1,99773,Cumaribo,VIIRS-NOAA-20,3,13.33,13.6
E20260714-8F2C8F174A,3,2026-07-14T13:34-05:00,2026-07-14T13:34-05:00,0.0,-74.45377,8.66901,0.48,false,1,13,Bolívar,1,13006,Achí,VIIRS-NOAA-20,3,8.33,11.4
E20260714-931E41105E,5,2026-07-14T12:43-05:00,2026-07-14T13:36-05:00,0.88,-73.07218,10.59783,0.68,false,1,44,La Guajira,1,44874,Villanueva,VIIRS-NOAA-20|VIIRS-NOAA-21,5,10.14,13.9
E20260714-9372A08341,4,2026-07-14T13:34-05:00,2026-07-14T14:19-05:00,0.75,-76.60794,3.26712,0.87,false,1,76,Valle Del Cauca,1,76364,Jamundí,VIIRS-NOAA-20|VIIRS-NOAA-21,4,8.6,10.1
E20260714-9C7EF41B6C,3,2026-07-14T12:41-05:00,2026-07-14T13:36-05:00,0.92,-74.03962,10.24157,0.46,false,1,47,Magdalena,1,47030,Algarrobo,VIIRS-NOAA-20|VIIRS-NOAA-21,3,4.57,5.3
E20260714-9D25567830,6,2026-07-14T12:41-05:00,2026-07-14T13:34-05:00,0.88,-72.29377,3.97337,1.34,false,1,50,Meta,1,50573,Puerto López,VIIRS-NOAA-20|VIIRS-NOAA-21,6,16.85,66.7
E20260714-B64C3FC059,3,2026-07-14T01:35-05:00,2026-07-14T01:35-05:00,0.0,-72.42165,8.04361,0.58,false,1,54,Norte De Santander,1,54001,San José De Cúcuta,VIIRS-NOAA-21,0,,
E20260714-BB1E41BA13,4,2026-07-14T12:43-05:00,2026-07-14T13:36-05:00,0.88,-74.69409,10.77341,0.67,false,1,47,Magdalena,1,47745,Sitionuevo,VIIRS-NOAA-20|VIIRS-NOAA-21,4,5.02,8.7
E20260714-C3C90F71F2,3,2026-07-14T14:19-05:00,2026-07-14T14:19-05:00,0.0,-76.26645,2.975,0.62,false,1,19,Cauca,1,19821,Toribío,VIIRS-NOAA-21,3,22.07,33.4
E20260714-C711345D66,3,2026-07-14T12:43-05:00,2026-07-14T13:36-05:00,0.88,-74.77253,10.78161,0.55,false,1,08,Atlántico,1,08634,Sabanagrande,VIIRS-NOAA-20|VIIRS-NOAA-21,3,3.57,4.2
E20260714-CA3EFA960A,3,2026-07-14T12:43-05:00,2026-07-14T13:36-05:00,0.88,-72.70905,11.19287,0.47,false,1,44,La Guajira,1,44001,Riohacha,VIIRS-NOAA-20|VIIRS-NOAA-21,3,12.2,14.4
E20260714-D85953F9F8,3,2026-07-14T13:36-05:00,2026-07-14T13:36-05:00,0.0,-73.37565,10.87004,0.47,false,1,44,La Guajira,1,44650,San Juan Del Cesar,VIIRS-NOAA-20,3,9.63,14.1
E20260714-DBFA106127,7,2026-07-14T12:41-05:00,2026-07-14T13:34-05:00,0.88,-74.69831,5.67678,1.59,false,1,17,Caldas,1,17380,La Dorada,VIIRS-NOAA-20|VIIRS-NOAA-21,6,6.0,7.9
E20260714-DD09CC0DB5,3,2026-07-14T12:41-05:00,2026-07-14T13:36-05:00,0.92,-73.18759,10.13955,0.23,false,1,20,Cesar,1,20750,San Diego,VIIRS-NOAA-20|VIIRS-NOAA-21,3,11.3,17.5
E20260714-DE4DAA9F40,3,2026-07-14T12:41-05:00,2026-07-14T12:41-05:00,0.0,-73.34177,10.03555,0.69,false,1,20,Cesar,1,20013,Agustín Codazzi,VIIRS-NOAA-21,3,10.87,15.0
E20260714-E3E78B9858,7,2026-07-14T12:41-05:00,2026-07-14T13:36-05:00,0.92,-73.89645,9.93258,0.74,false,1,20,Cesar,1,20060,Bosconia,VIIRS-NOAA-20|VIIRS-NOAA-21,7,16.93,37.7
E20260714-F75E55FF1C,7,2026-07-14T12:41-05:00,2026-07-14T13:34-05:00,0.88,-74.47913,8.64391,0.82,false,1,13,Bolívar,1,13006,Achí,VIIRS-NOAA-20|VIIRS-NOAA-21,7,11.19,17.1
E20260714-FB64F33F52,5,2026-07-14T14:19-05:00,2026-07-15T01:18-05:00,10.98,-77.30953,1.59349,1.41,false,1,52,Nariño,1,52786,Taminango,MODIS-Terra|VIIRS-NOAA-21,5,9.66,12.6
E20260715-0026040A76,4,2026-07-15T12:20-05:00,2026-07-15T13:15-05:00,0.92,-69.59081,5.63243,1.13,false,1,99,Vichada,1,99524,La Primavera,VIIRS-NOAA-20|VIIRS-NOAA-21,4,11.78,13.8
E20260715-003A68957B,4,2026-07-15T14:02-05:00,2026-07-16T12:58-05:00,22.93,-75.23518,9.60288,1.53,false,1,70,Sucre,1,70508,Ovejas,VIIRS-NOAA-20|VIIRS-NOAA-21,4,28.05,47.7
E20260715-0186986C27,4,2026-07-15T13:15-05:00,2026-07-15T14:02-05:00,0.78,-74.78095,9.37867,0.73,false,1,13,Bolívar,1,13430,Magangué,VIIRS-NOAA-20|VIIRS-NOAA-21,4,7.85,12.6
E20260715-019CFC0960,10,2026-07-15T13:13-05:00,2026-07-16T12:56-05:00,23.72,-77.532,1.62371,1.58,false,1,52,Nariño,1,52233,Cumbitara,VIIRS-NOAA-20|VIIRS-NOAA-21,10,6.81,11.6
E20260715-05D540E127,3,2026-07-15T14:02-05:00,2026-07-15T14:02-05:00,0.0,-73.80049,9.42788,0.79,false,1,20,Cesar,1,20175,Chimichagua,VIIRS-NOAA-21,3,10.67,18.8
E20260715-1ADE9C49F0,5,2026-07-15T13:15-05:00,2026-07-16T12:58-05:00,23.72,-73.66332,9.28063,0.62,false,1,20,Cesar,1,20178,Chiriguaná,VIIRS-NOAA-20|VIIRS-NOAA-21,5,8.38,9.9
E20260715-29C85D9A1D,3,2026-07-15T01:16-05:00,2026-07-16T00:57-05:00,23.68,-73.18698,7.56408,0.61,false,1,68,Santander,1,68255,El Playón,VIIRS-NOAA-21,3,2.23,3.1
E20260715-2D30F90CAA,6,2026-07-15T12:22-05:00,2026-07-16T13:43-05:00,25.35,-73.12861,11.2098,0.88,false,1,44,La Guajira,1,44001,Riohacha,VIIRS-NOAA-20|VIIRS-NOAA-21,6,8.98,15.3
E20260715-303150497E,4,2026-07-15T13:15-05:00,2026-07-17T13:26-05:00,48.18,-73.51073,9.82044,0.69,false,1,20,Cesar,1,20013,Agustín Codazzi,VIIRS-NOAA-20|VIIRS-NOAA-21,4,4.7,6.2
E20260715-334F48E0CA,4,2026-07-15T13:15-05:00,2026-07-15T13:15-05:00,0.0,-75.06168,7.0367,1.28,false,1,05,Antioquia,1,05040,Anorí,VIIRS-NOAA-20,4,6.35,12.0
E20260715-3B6CC88C02,3,2026-07-15T12:20-05:00,2026-07-15T13:15-05:00,0.92,-68.55611,6.11413,0.61,false,1,99,Vichada,1,99001,Puerto Carreño,VIIRS-NOAA-20|VIIRS-NOAA-21,3,3.3,3.6
E20260715-413AD22030,5,2026-07-15T14:02-05:00,2026-07-15T15:29-05:00,1.45,-72.99278,11.19455,1.2,false,1,44,La Guajira,1,44001,Riohacha,MODIS-Aqua|VIIRS-NOAA-21,5,25.68,28.8
E20260715-42D209CBE8,3,2026-07-15T13:15-05:00,2026-07-15T15:29-05:00,2.23,-74.19523,8.90433,0.35,false,1,13,Bolívar,1,13074,Barranco De Loba,MODIS-Aqua|VIIRS-NOAA-20|VIIRS-NOAA-21,3,14.93,25.9
E20260715-4E035906DF,7,2026-07-15T13:13-05:00,2026-07-15T15:29-05:00,2.27,-76.6261,3.24205,1.54,false,1,76,Valle Del Cauca,1,76364,Jamundí,MODIS-Aqua|VIIRS-NOAA-20|VIIRS-NOAA-21,7,13.0,20.0
E20260715-516A959C91,3,2026-07-15T12:22-05:00,2026-07-15T12:22-05:00,0.0,-73.26152,10.04229,0.89,false,1,20,Cesar,1,20013,Agustín Codazzi,VIIRS-NOAA-21,3,11.03,14.5
E20260715-5705E28844,5,2026-07-15T13:13-05:00,2026-07-15T15:29-05:00,2.27,-76.21017,3.41172,0.72,false,1,76,Valle Del Cauca,1,76563,Pradera,MODIS-Aqua|VIIRS-NOAA-20|VIIRS-NOAA-21,5,6.54,11.3
E20260715-5FCB5BE932,8,2026-07-15T14:02-05:00,2026-07-17T12:37-05:00,46.58,-73.67588,9.1952,1.48,false,1,20,Cesar,1,20228,Curumaní,VIIRS-NOAA-20|VIIRS-NOAA-21,8,5.04,9.0
E20260715-670BAB7808,6,2026-07-15T14:02-05:00,2026-07-16T13:43-05:00,23.68,-75.26301,10.23916,0.56,false,1,13,Bolívar,1,13433,Mahates,VIIRS-NOAA-20|VIIRS-NOAA-21,6,6.33,10.3
E20260715-6725D240AD,6,2026-07-15T13:15-05:00,2026-07-16T13:43-05:00,24.47,-74.2316,10.17175,1.3,false,1,47,Magdalena,1,47660,Sabanas De San Ángel,VIIRS-NOAA-20|VIIRS-NOAA-21,6,10.82,25.2
E20260715-6A8D542B5C,3,2026-07-15T14:02-05:00,2026-07-15T14:02-05:00,0.0,-74.34797,9.96843,0.79,false,1,47,Magdalena,1,47660,Sabanas De San Ángel,VIIRS-NOAA-21,3,9.57,11.5
E20260715-6D623551D1,4,2026-07-15T13:15-05:00,2026-07-16T13:43-05:00,24.47,-74.82075,9.67067,0.94,false,1,13,Bolívar,1,13894,Zambrano,VIIRS-NOAA-20|VIIRS-NOAA-21,4,4.08,6.0
E20260715-6EC7BBFD5D,5,2026-07-15T13:13-05:00,2026-07-15T13:13-05:00,0.0,-76.22629,3.40552,0.99,false,1,76,Valle Del Cauca,1,76563,Pradera,VIIRS-NOAA-20,5,5.2,7.0
E20260715-729711ECE8,5,2026-07-15T12:20-05:00,2026-07-15T13:15-05:00,0.92,-70.07165,5.82801,1.0,false,1,85,Casanare,1,85250,Paz De Ariporo,VIIRS-NOAA-20|VIIRS-NOAA-21,5,8.94,11.0
E20260715-7BA093C1DF,12,2026-07-15T12:22-05:00,2026-07-16T12:58-05:00,24.6,-74.232,10.93266,1.07,false,1,47,Magdalena,1,47189,Ciénaga,VIIRS-NOAA-20|VIIRS-NOAA-21,12,9.71,15.2
E20260715-8054864A74,3,2026-07-15T13:15-05:00,2026-07-16T12:58-05:00,23.72,-74.36578,9.95183,0.69,false,1,47,Magdalena,1,47660,Sabanas De San Ángel,VIIRS-NOAA-20,3,2.47,2.7
E20260715-80ADE35917,4,2026-07-15T13:13-05:00,2026-07-15T14:02-05:00,0.82,-72.32549,3.96396,0.67,false,1,50,Meta,1,50573,Puerto López,VIIRS-NOAA-20|VIIRS-NOAA-21,4,8.55,14.9
E20260715-8259E7916D,4,2026-07-15T13:15-05:00,2026-07-15T15:29-05:00,2.23,-76.04977,3.6916,1.26,false,1,76,Valle Del Cauca,1,76248,El Cerrito,MODIS-Aqua|VIIRS-NOAA-20|VIIRS-NOAA-21,4,11.1,24.4
E20260715-84028EEA5B,8,2026-07-15T13:15-05:00,2026-07-15T14:02-05:00,0.78,-74.55232,10.00276,0.97,false,1,47,Magdalena,2,47170|47555,Chivolo|Plato,VIIRS-NOAA-20|VIIRS-NOAA-21,8,5.29,8.5
E20260715-841FEBF461,20,2026-07-15T15:29-05:00,2026-07-17T15:06-05:00,47.62,-73.94966,8.83374,2.08,false,1,13,Bolívar,2,13268|13667,El Peñón|San Martín De Loba,MODIS-Aqua|MODIS-Terra|VIIRS-NOAA-20|VIIRS-NOAA-21,20,10.96,29.4
E20260715-84B10E3B7E,7,2026-07-15T12:22-05:00,2026-07-15T15:29-05:00,3.12,-72.51149,11.22524,1.22,false,1,44,La Guajira,1,44035,Albania,MODIS-Aqua|VIIRS-NOAA-20|VIIRS-NOAA-21,7,17.59,33.7
E20260715-8DFC565727,6,2026-07-15T02:09-05:00,2026-07-18T01:59-05:00,71.83,-72.72595,10.97677,0.64,false,1,44,La Guajira,1,44078,Barrancas,VIIRS-NOAA-20|VIIRS-NOAA-21,5,3.92,7.3
E20260715-8EE54C415C,5,2026-07-15T12:20-05:00,2026-07-15T13:15-05:00,0.92,-68.34035,6.06336,1.24,false,1,99,Vichada,1,99001,Puerto Carreño,VIIRS-NOAA-20|VIIRS-NOAA-21,5,7.18,10.3
E20260715-9854E8D0D1,9,2026-07-15T12:22-05:00,2026-07-15T15:29-05:00,3.12,-73.58846,9.63301,1.79,false,1,20,Cesar,1,20250,El Paso,MODIS-Aqua|VIIRS-NOAA-20|VIIRS-NOAA-21,9,13.84,61.9
E20260715-990456C940,4,2026-07-15T12:22-05:00,2026-07-15T13:15-05:00,0.88,-73.04461,9.78432,1.05,false,1,20,Cesar,1,20045,Becerril,VIIRS-NOAA-20|VIIRS-NOAA-21,4,15.25,24.0
E20260715-99C11802CF,4,2026-07-15T12:22-05:00,2026-07-15T13:15-05:00,0.88,-73.07099,11.084,0.69,false,1,44,La Guajira,1,44001,Riohacha,VIIRS-NOAA-20|VIIRS-NOAA-21,4,28.9,36.4
E20260715-9B2AC82F68,3,2026-07-15T13:15-05:00,2026-07-15T13:15-05:00,0.0,-74.6244,7.59972,0.6,false,1,05,Antioquia,1,05250,El Bagre,VIIRS-NOAA-20,3,11.37,26.7
E20260715-A39979401C,3,2026-07-15T13:15-05:00,2026-07-15T13:15-05:00,0.0,-69.67307,6.18659,0.64,false,1,81,Arauca,1,81220,Cravo Norte,VIIRS-NOAA-20,3,10.03,16.4
E20260715-A472B91935,42,2026-07-15T14:02-05:00,2026-07-18T14:00-05:00,71.97,-73.63272,9.31406,5.33,true,1,20,Cesar,1,20178,Chiriguaná,MODIS-Aqua|VIIRS-NOAA-20|VIIRS-NOAA-21,42,18.87,44.8
E20260715-A9C81E76B8,7,2026-07-15T13:15-05:00,2026-07-15T14:02-05:00,0.78,-74.84015,9.22435,0.99,false,1,13,Bolívar,1,13430,Magangué,VIIRS-NOAA-20|VIIRS-NOAA-21,7,7.47,12.3
E20260715-AA65135543,9,2026-07-15T01:16-05:00,2026-07-18T01:14-05:00,71.97,-75.48747,10.31964,0.74,false,1,13,Bolívar,1,13001,Cartagena De Indias,VIIRS-NOAA-20|VIIRS-NOAA-21,9,3.03,5.7
E20260715-ABB6D0E18E,3,2026-07-15T15:29-05:00,2026-07-16T12:58-05:00,21.48,-74.81079,9.92435,1.02,false,1,47,Magdalena,1,47798,Tenerife,MODIS-Aqua|VIIRS-NOAA-20,3,14.73,22.4
E20260715-B671F14983,3,2026-07-15T01:18-05:00,2026-07-15T02:12-05:00,0.9,-75.40925,5.83393,0.47,false,1,05,Antioquia,1,05002,Abejorral,VIIRS-NOAA-20|VIIRS-NOAA-21,2,7.8,7.8
E20260715-B835009450,20,2026-07-15T12:22-05:00,2026-07-16T13:43-05:00,25.35,-73.91405,8.85436,1.9,false,1,13,Bolívar,1,13268,El Peñón,MODIS-Aqua|VIIRS-NOAA-20|VIIRS-NOAA-21,20,24.63,53.6
E20260715-BB1BD0B0FF,15,2026-07-15T13:13-05:00,2026-07-15T15:27-05:00,2.23,-77.1722,1.34498,2.15,false,1,52,Nariño,1,52110,Buesaco,MODIS-Aqua|VIIRS-NOAA-20|VIIRS-NOAA-21,15,19.95,52.6
E20260715-C4E0286A42,5,2026-07-15T15:29-05:00,2026-07-16T13:43-05:00,22.23,-73.72373,9.46024,0.65,false,1,20,Cesar,1,20178,Chiriguaná,MODIS-Aqua|VIIRS-NOAA-20|VIIRS-NOAA-21,5,10.84,17.0
E20260715-C5DBEE66BD,4,2026-07-15T13:15-05:00,2026-07-16T13:43-05:00,24.47,-74.37119,10.15562,0.55,false,1,47,Magdalena,1,47660,Sabanas De San Ángel,VIIRS-NOAA-20|VIIRS-NOAA-21,4,8.55,12.5
E20260715-C9D28CC5B5,3,2026-07-15T13:15-05:00,2026-07-16T13:43-05:00,24.47,-73.68604,9.36926,0.63,false,1,20,Cesar,1,20178,Chiriguaná,VIIRS-NOAA-20|VIIRS-NOAA-21,3,16.37,41.9
E20260715-CEF4093182,3,2026-07-15T14:02-05:00,2026-07-15T14:02-05:00,0.0,-76.28287,3.41372,0.56,false,1,76,Valle Del Cauca,1,76563,Pradera,VIIRS-NOAA-21,3,4.83,7.3
E20260715-D2F21446D3,7,2026-07-15T13:15-05:00,2026-07-17T13:24-05:00,48.15,-73.88764,8.88495,1.37,false,1,13,Bolívar,1,13268,El Peñón,VIIRS-NOAA-20|VIIRS-NOAA-21,7,4.96,6.5
E20260715-D67F11DDE6,5,2026-07-15T13:13-05:00,2026-07-15T15:29-05:00,2.27,-72.216,3.70138,1.63,false,1,50,Meta,1,50568,Puerto Gaitán,MODIS-Aqua|VIIRS-NOAA-20|VIIRS-NOAA-21,5,8.86,17.4
E20260715-D98BAF669F,12,2026-07-15T13:15-05:00,2026-07-16T13:43-05:00,24.47,-73.08408,7.91431,2.39,false,1,54,Norte De Santander,1,54003,Ábrego,VIIRS-NOAA-20|VIIRS-NOAA-21,12,14.23,29.4
E20260715-DD8C9C4038,3,2026-07-15T09:16-05:00,2026-07-15T12:22-05:00,3.1,-74.53375,10.45728,0.84,false,1,47,Magdalena,1,47551,Pivijay,MODIS-Terra|VIIRS-NOAA-21,3,14.23,17.8
E20260715-DEF9F79CD0,5,2026-07-15T13:13-05:00,2026-07-15T15:27-05:00,2.23,-72.34764,3.17638,1.56,false,1,50,Meta,1,50325,Mapiripán,MODIS-Aqua|VIIRS-NOAA-20,5,9.24,15.4
E20260715-E3F31FED92,4,2026-07-15T13:15-05:00,2026-07-15T14:02-05:00,0.78,-72.87049,8.79301,0.76,false,1,54,Norte De Santander,1,54810,Tibú,VIIRS-NOAA-20|VIIRS-NOAA-21,4,22.98,54.5
E20260715-E8F29C3FC5,3,2026-07-15T13:13-05:00,2026-07-15T13:13-05:00,0.0,-76.79789,2.575,0.71,false,1,19,Cauca,1,19256,El Tambo,VIIRS-NOAA-20,3,19.03,21.4
E20260715-E9A089E334,4,2026-07-15T09:16-05:00,2026-07-15T14:02-05:00,4.77,-73.49231,10.07215,0.91,false,1,20,Cesar,1,20001,Valledupar,MODIS-Terra|VIIRS-NOAA-20|VIIRS-NOAA-21,4,22.42,33.3
E20260715-ED7F95FDE0,4,2026-07-15T14:02-05:00,2026-07-17T13:24-05:00,47.37,-72.64177,8.55128,0.7,false,1,54,Norte De Santander,1,54810,Tibú,VIIRS-NOAA-20|VIIRS-NOAA-21,4,8.4,13.4
E20260715-F11F4A80AB,4,2026-07-15T13:15-05:00,2026-07-15T14:02-05:00,0.78,-73.86338,8.85402,1.2,false,1,13,Bolívar,1,13268,El Peñón,VIIRS-NOAA-20|VIIRS-NOAA-21,4,9.6,14.3
E20260715-F759CBEEB0,15,2026-07-15T01:16-05:00,2026-07-16T13:43-05:00,36.45,-73.86543,8.81039,2.31,false,1,13,Bolívar,1,13268,El Peñón,VIIRS-NOAA-20|VIIRS-NOAA-21,15,13.19,28.8
E20260715-F7F24DD062,4,2026-07-15T12:22-05:00,2026-07-15T12:22-05:00,0.0,-72.96033,8.15478,1.04,false,1,54,Norte De Santander,1,54109,Bucarasica,VIIRS-NOAA-21,4,23.05,36.1
E20260715-F8048FC4FF,4,2026-07-15T13:15-05:00,2026-07-16T12:58-05:00,23.72,-74.39745,9.46884,0.81,false,1,47,Magdalena,1,47707,Santa Ana,MODIS-Aqua|VIIRS-NOAA-20|VIIRS-NOAA-21,4,17.12,32.8
E20260716-0294BBFF78,6,2026-07-16T12:58-05:00,2026-07-17T13:26-05:00,24.47,-74.3592,10.22317,1.41,false,1,47,Magdalena,1,47551,Pivijay,VIIRS-NOAA-20|VIIRS-NOAA-21,6,14.57,44.1
E20260716-05218882CE,3,2026-07-16T00:59-05:00,2026-07-16T00:59-05:00,0.0,-72.66825,3.44107,0.62,false,1,50,Meta,1,50689,San Martín,VIIRS-NOAA-21,3,1.4,1.6
E20260716-08B7AA30EB,4,2026-07-16T12:58-05:00,2026-07-16T12:58-05:00,0.0,-73.67992,9.45685,1.25,false,1,20,Cesar,1,20178,Chiriguaná,VIIRS-NOAA-20,4,3.92,4.5
E20260716-095C315E8E,3,2026-07-16T13:41-05:00,2026-07-16T13:41-05:00,0.0,-71.08214,3.94131,0.92,false,1,50,Meta,1,50568,Puerto Gaitán,VIIRS-NOAA-21,3,5.1,6.2
E20260716-0A4B0DFBA1,3,2026-07-16T12:58-05:00,2026-07-16T13:43-05:00,0.75,-72.97779,10.66009,0.19,false,1,44,La Guajira,1,44110,El Molino,VIIRS-NOAA-20|VIIRS-NOAA-21,3,3.9,4.8
E20260716-111504C0CE,5,2026-07-16T01:52-05:00,2026-07-16T13:43-05:00,11.85,-73.84314,8.79274,1.11,false,1,13,Bolívar,1,13580,Regidor,VIIRS-NOAA-20|VIIRS-NOAA-21,3,4.77,6.1
E20260716-13061C24FA,4,2026-07-16T12:56-05:00,2026-07-16T13:41-05:00,0.75,-70.59503,4.36182,0.71,false,1,99,Vichada,1,99773,Cumaribo,VIIRS-NOAA-20|VIIRS-NOAA-21,4,5.2,6.8
E20260716-149C4C21C8,3,2026-07-16T12:58-05:00,2026-07-16T13:43-05:00,0.75,-73.32204,9.45498,0.65,false,1,20,Cesar,2,20178|20400,Chiriguaná|La Jagua De Ibirico,VIIRS-NOAA-20|VIIRS-NOAA-21,3,11.3,13.4
E20260716-162CE93B95,4,2026-07-16T12:58-05:00,2026-07-16T13:43-05:00,0.75,-75.44292,9.35685,0.6,false,1,70,Sucre,1,70001,Sincelejo,VIIRS-NOAA-20|VIIRS-NOAA-21,4,7.2,8.7
E20260716-167EF3A664,13,2026-07-16T13:43-05:00,2026-07-16T13:43-05:00,0.0,-72.29274,2.68582,2.04,false,1,95,Guaviare,1,95001,San José Del Guaviare,VIIRS-NOAA-21,13,17.44,32.6
E20260716-171EA62857,9,2026-07-16T12:56-05:00,2026-07-16T13:41-05:00,0.75,-72.05285,3.98717,1.35,false,1,50,Meta,1,50568,Puerto Gaitán,VIIRS-NOAA-20|VIIRS-NOAA-21,9,9.01,12.7
E20260716-2306B10DC9,4,2026-07-16T12:58-05:00,2026-07-16T13:43-05:00,0.75,-74.25669,9.35364,0.69,false,1,47,Magdalena,1,47703,San Zenón,VIIRS-NOAA-20|VIIRS-NOAA-21,4,3.0,3.9
E20260716-26C479ADA0,5,2026-07-16T12:58-05:00,2026-07-17T15:06-05:00,26.13,-74.7944,9.63404,1.37,false,1,13,Bolívar,1,13212,Córdoba,MODIS-Aqua|VIIRS-NOAA-20|VIIRS-NOAA-21,5,9.78,20.9
E20260716-29A5DFF0A2,4,2026-07-16T12:56-05:00,2026-07-16T13:41-05:00,0.75,-70.07701,4.41209,0.63,false,1,99,Vichada,1,99773,Cumaribo,VIIRS-NOAA-20|VIIRS-NOAA-21,4,5.97,6.8
E20260716-2C60E552F5,5,2026-07-16T12:58-05:00,2026-07-16T13:43-05:00,0.75,-74.70085,9.21306,0.79,false,1,13,Bolívar,1,13188,Cicuco,VIIRS-NOAA-20|VIIRS-NOAA-21,5,6.08,7.1
E20260716-2E1914DA45,3,2026-07-16T12:58-05:00,2026-07-16T13:43-05:00,0.75,-74.22822,10.20208,0.47,false,1,47,Magdalena,1,47660,Sabanas De San Ángel,VIIRS-NOAA-20|VIIRS-NOAA-21,3,7.53,9.2
E20260716-2F6491D05F,3,2026-07-16T12:56-05:00,2026-07-16T13:41-05:00,0.75,-69.54532,5.59137,0.62,false,1,99,Vichada,1,99524,La Primavera,VIIRS-NOAA-20|VIIRS-NOAA-21,3,11.67,12.4
E20260716-3767E38A94,4,2026-07-16T12:56-05:00,2026-07-16T13:41-05:00,0.75,-76.90204,2.37737,0.54,false,1,19,Cauca,1,19256,El Tambo,VIIRS-NOAA-20|VIIRS-NOAA-21,4,6.3,6.8
E20260716-38377E8D74,27,2026-07-16T00:57-05:00,2026-07-18T13:06-05:00,60.15,-73.63068,9.35484,2.5,false,1,20,Cesar,1,20178,Chiriguaná,VIIRS-NOAA-20|VIIRS-NOAA-21,27,8.56,17.7
E20260716-386C90DBC6,3,2026-07-16T00:57-05:00,2026-07-16T01:52-05:00,0.92,-73.38608,8.67367,0.75,false,1,54,Norte De Santander,1,54245,El Carmen,VIIRS-NOAA-20|VIIRS-NOAA-21,3,1.43,1.8
E20260716-3A388E7B16,7,2026-07-16T12:58-05:00,2026-07-17T13:26-05:00,24.47,-74.74466,9.60932,1.41,false,1,47,Magdalena,1,47555,Plato,VIIRS-NOAA-20|VIIRS-NOAA-21,7,8.03,11.2
E20260716-3B861F5894,3,2026-07-16T12:58-05:00,2026-07-16T13:43-05:00,0.75,-74.05779,8.68094,0.94,false,1,13,Bolívar,1,13667,San Martín De Loba,VIIRS-NOAA-20|VIIRS-NOAA-21,3,8.0,10.7
E20260716-3BAF8A264D,3,2026-07-16T12:58-05:00,2026-07-16T13:43-05:00,0.75,-73.52052,9.61075,0.37,false,1,20,Cesar,1,20250,El Paso,VIIRS-NOAA-20|VIIRS-NOAA-21,3,13.13,18.4
E20260716-3BD6DD5FAD,16,2026-07-16T12:58-05:00,2026-07-17T13:24-05:00,24.43,-74.6045,7.09816,1.58,false,1,05,Antioquia,1,05604,Remedios,VIIRS-NOAA-20|VIIRS-NOAA-21,16,38.67,153.9
E20260716-4442A0FD13,3,2026-07-16T13:41-05:00,2026-07-16T13:41-05:00,0.0,-71.03207,4.47677,0.59,false,1,99,Vichada,1,99773,Cumaribo,VIIRS-NOAA-21,3,6.8,9.8
E20260716-471CD85383,6,2026-07-16T01:52-05:00,2026-07-18T01:59-05:00,48.12,-72.53185,11.15097,1.21,false,1,44,La Guajira,1,44035,Albania,VIIRS-NOAA-20|VIIRS-NOAA-21,6,3.53,4.5
E20260716-48799E6ACC,4,2026-07-16T13:43-05:00,2026-07-16T13:43-05:00,0.0,-72.19019,2.70473,0.76,false,1,95,Guaviare,1,95001,San José Del Guaviare,VIIRS-NOAA-21,4,7.97,8.6
E20260716-4D99762684,6,2026-07-16T00:57-05:00,2026-07-17T01:33-05:00,24.6,-72.56712,7.89315,1.16,false,1,54,Norte De Santander,2,54001|54673,San Cayetano|San José De Cúcuta,VIIRS-NOAA-20|VIIRS-NOAA-21,6,1.75,3.3
E20260716-4FBE9BB2B9,3,2026-07-16T12:56-05:00,2026-07-16T13:41-05:00,0.75,-74.75768,5.69258,0.46,false,1,17,Caldas,1,17495,Norcasia,VIIRS-NOAA-20|VIIRS-NOAA-21,3,8.1,11.2
E20260716-4FE9467898,7,2026-07-16T12:56-05:00,2026-07-16T13:41-05:00,0.75,-72.15912,4.1305,1.1,false,1,50,Meta,1,50568,Puerto Gaitán,VIIRS-NOAA-20|VIIRS-NOAA-21,7,10.36,18.2
E20260716-52133536E6,5,2026-07-16T13:43-05:00,2026-07-17T13:24-05:00,23.68,-74.39294,8.93194,1.56,false,1,13,Bolívar,1,13549,Pinillos,VIIRS-NOAA-20|VIIRS-NOAA-21,5,7.72,11.7
E20260716-572ADEEC3B,5,2026-07-16T12:58-05:00,2026-07-17T13:26-05:00,24.47,-73.89503,9.93171,1.3,false,1,20,Cesar,1,20060,Bosconia,MODIS-Terra|VIIRS-NOAA-20|VIIRS-NOAA-21,5,6.3,10.6
E20260716-588365BB7D,4,2026-07-16T13:43-05:00,2026-07-17T13:24-05:00,23.68,-74.55403,8.97477,0.42,false,1,13,Bolívar,1,13430,Magangué,VIIRS-NOAA-20|VIIRS-NOAA-21,4,13.03,19.6
E20260716-591DC9C428,3,2026-07-16T12:58-05:00,2026-07-16T12:58-05:00,0.0,-75.33937,7.40617,0.71,false,1,05,Antioquia,1,05790,Tarazá,VIIRS-NOAA-20,3,7.2,12.0
E20260716-59C3D71BB2,10,2026-07-16T00:57-05:00,2026-07-16T12:56-05:00,11.98,-70.00545,4.5186,2.94,false,1,99,Vichada,1,99773,Cumaribo,VIIRS-NOAA-20|VIIRS-NOAA-21,10,5.37,14.1
E20260716-59FD5BC9A7,3,2026-07-16T12:58-05:00,2026-07-16T13:43-05:00,0.75,-74.27423,8.9372,0.51,false,1,13,Bolívar,1,13549,Pinillos,VIIRS-NOAA-20|VIIRS-NOAA-21,3,4.5,5.6
E20260716-5B4706B5A1,3,2026-07-16T13:43-05:00,2026-07-17T13:24-05:00,23.68,-74.54737,8.87461,0.43,false,1,13,Bolívar,1,13430,Magangué,MODIS-Terra|VIIRS-NOAA-21,3,5.47,6.5
E20260716-5B496CEA41,7,2026-07-16T12:58-05:00,2026-07-17T13:24-05:00,24.43,-73.69562,9.25888,0.63,false,1,20,Cesar,1,20175,Chimichagua,VIIRS-NOAA-20|VIIRS-NOAA-21,7,4.09,6.8
E20260716-61C797DC80,3,2026-07-16T12:56-05:00,2026-07-16T12:56-05:00,0.0,-69.09249,4.76823,0.6,false,1,99,Vichada,1,99773,Cumaribo,VIIRS-NOAA-20,3,4.3,4.3
E20260716-634DA41361,4,2026-07-16T01:54-05:00,2026-07-16T13:41-05:00,11.78,-74.69479,4.11847,1.21,false,1,73,Tolima,1,73148,Carmen De Apicalá,VIIRS-NOAA-20|VIIRS-NOAA-21,4,12.38,16.8
E20260716-6649F46145,5,2026-07-16T12:58-05:00,2026-07-17T13:24-05:00,24.43,-73.64235,9.27429,1.04,false,1,20,Cesar,1,20228,Curumaní,VIIRS-NOAA-20|VIIRS-NOAA-21,5,7.58,12.0
E20260716-6DC4B244CC,4,2026-07-16T12:58-05:00,2026-07-16T13:43-05:00,0.75,-74.09966,10.00046,0.45,false,1,47,Magdalena,1,47660,Sabanas De San Ángel,VIIRS-NOAA-20|VIIRS-NOAA-21,4,7.1,8.8
E20260716-6DCE28145C,3,2026-07-16T00:57-05:00,2026-07-16T01:52-05:00,0.92,-73.07331,6.90938,0.7,false,1,68,Santander,1,68547,Piedecuesta,VIIRS-NOAA-20|VIIRS-NOAA-21,1,3.5,3.5
E20260716-6FA8087122,6,2026-07-16T12:58-05:00,2026-07-17T13:26-05:00,24.47,-75.03701,9.81054,1.34,false,1,13,Bolívar,1,13654,San Jacinto,VIIRS-NOAA-20|VIIRS-NOAA-21,6,5.65,9.1
E20260716-74BA259259,21,2026-07-16T12:58-05:00,2026-07-17T13:24-05:00,24.43,-73.55621,9.36034,3.11,false,1,20,Cesar,1,20178,Chiriguaná,MODIS-Terra|VIIRS-NOAA-20|VIIRS-NOAA-21,21,8.63,56.8
E20260716-76DFADB5F9,6,2026-07-16T12:56-05:00,2026-07-16T13:43-05:00,0.78,-74.86266,6.39639,0.67,false,1,05,Antioquia,1,05670,San Roque,VIIRS-NOAA-20|VIIRS-NOAA-21,6,21.45,28.3
E20260716-77DA2D5B35,4,2026-07-16T12:58-05:00,2026-07-16T13:43-05:00,0.75,-74.0969,9.05251,1.09,false,1,47,Magdalena,1,47245,El Banco,VIIRS-NOAA-20|VIIRS-NOAA-21,4,8.43,10.1
E20260716-7A046FC3EF,4,2026-07-16T12:58-05:00,2026-07-17T12:39-05:00,23.68,-74.72409,9.61302,0.47,false,1,47,Magdalena,1,47555,Plato,VIIRS-NOAA-20|VIIRS-NOAA-21,4,8.4,15.7
E20260716-7E34CA701E,3,2026-07-16T12:56-05:00,2026-07-16T13:41-05:00,0.75,-75.41574,5.84761,0.67,false,1,05,Antioquia,1,05002,Abejorral,VIIRS-NOAA-20|VIIRS-NOAA-21,3,16.67,24.4
E20260716-804E423C80,3,2026-07-16T12:58-05:00,2026-07-16T13:43-05:00,0.75,-74.89755,9.47255,0.5,false,1,13,Bolívar,1,13212,Córdoba,VIIRS-NOAA-20|VIIRS-NOAA-21,3,3.23,4.6
E20260716-80FA4CEE93,3,2026-07-16T13:43-05:00,2026-07-16T13:43-05:00,0.0,-73.84083,6.78172,0.54,false,1,68,Santander,1,68745,Simacota,VIIRS-NOAA-21,3,18.1,22.5
E20260716-89A7130151,3,2026-07-16T12:56-05:00,2026-07-16T13:41-05:00,0.75,-70.44428,4.45266,0.3,false,1,99,Vichada,1,99773,Cumaribo,VIIRS-NOAA-20|VIIRS-NOAA-21,3,5.8,7.5
E20260716-8B7F001AA6,5,2026-07-16T12:58-05:00,2026-07-17T13:24-05:00,24.43,-75.84557,6.57137,0.59,false,1,05,Antioquia,1,05042,Santa Fé De Antioquia,VIIRS-NOAA-20|VIIRS-NOAA-21,5,4.76,6.2
E20260716-905D03EAE5,5,2026-07-16T12:58-05:00,2026-07-16T13:43-05:00,0.75,-74.69513,9.3595,0.73,false,1,13,Bolívar,1,13780,Talaigua Nuevo,VIIRS-NOAA-20|VIIRS-NOAA-21,5,6.12,8.9
E20260716-911C1D9B30,3,2026-07-16T12:58-05:00,2026-07-16T13:43-05:00,0.75,-75.35131,6.80787,0.85,false,1,05,Antioquia,1,05038,Angostura,VIIRS-NOAA-20|VIIRS-NOAA-21,3,7.93,9.9
E20260716-96313FB6AE,4,2026-07-16T12:58-05:00,2026-07-16T13:43-05:00,0.75,-73.08916,11.2836,0.42,false,1,44,La Guajira,1,44001,Riohacha,VIIRS-NOAA-20|VIIRS-NOAA-21,4,6.38,8.1
E20260716-98C49CDC1C,3,2026-07-16T00:57-05:00,2026-07-16T01:52-05:00,0.92,-73.48409,9.60539,0.74,false,1,20,Cesar,1,20250,El Paso,VIIRS-NOAA-20|VIIRS-NOAA-21,2,15.4,18.4
E20260716-9F72A8D0B4,3,2026-07-16T13:43-05:00,2026-07-17T13:24-05:00,23.68,-75.06925,6.5761,0.57,false,1,05,Antioquia,1,05190,Cisneros,VIIRS-NOAA-20|VIIRS-NOAA-21,3,4.53,5.2
E20260716-A16938F0C0,4,2026-07-16T00:57-05:00,2026-07-16T01:52-05:00,0.92,-72.8785,5.77495,0.94,false,1,15,Boyacá,2,15215|15491,Corrales|Nobsa,VIIRS-NOAA-20|VIIRS-NOAA-21,4,2.73,4.5
E20260716-A2C0E8B173,24,2026-07-16T01:54-05:00,2026-07-17T14:19-05:00,36.42,-77.29202,1.46798,3.89,false,1,52,Nariño,2,52240|52260,Chachagüí|El Tambo,VIIRS-NOAA-20|VIIRS-NOAA-21,24,9.64,19.6
E20260716-A359522B2F,4,2026-07-16T13:43-05:00,2026-07-17T15:06-05:00,25.38,-73.75729,9.55369,0.69,false,1,20,Cesar,1,20250,El Paso,MODIS-Aqua|VIIRS-NOAA-20|VIIRS-NOAA-21,4,5.92,12.5
E20260716-A7E4BF6C39,3,2026-07-16T12:58-05:00,2026-07-16T13:43-05:00,0.75,-73.99277,7.87822,0.63,false,1,13,Bolívar,1,13744,Simití,VIIRS-NOAA-20|VIIRS-NOAA-21,3,8.23,10.6
E20260716-A878A3B780,3,2026-07-16T12:58-05:00,2026-07-16T13:43-05:00,0.75,-74.15256,10.55491,0.54,false,1,47,Magdalena,1,47053,Aracataca,VIIRS-NOAA-20|VIIRS-NOAA-21,3,7.3,9.9
E20260716-AB1B6644EF,3,2026-07-16T12:58-05:00,2026-07-16T12:58-05:00,0.0,-73.98108,9.36384,0.46,false,1,20,Cesar,1,20175,Chimichagua,VIIRS-NOAA-20,3,3.0,4.2
E20260716-ABD87240DA,8,2026-07-16T13:43-05:00,2026-07-18T01:59-05:00,36.27,-72.66311,11.03008,1.13,false,1,44,La Guajira,1,44078,Barrancas,VIIRS-NOAA-20|VIIRS-NOAA-21,8,4.14,5.2
E20260716-AE4BE3D1A7,7,2026-07-16T01:52-05:00,2026-07-16T03:43-05:00,1.85,-75.37006,5.7569,1.31,false,1,05,Antioquia,2,05002|05756,Abejorral|Sonsón,MODIS-Aqua|VIIRS-NOAA-20,7,29.64,55.9
E20260716-AEDB2416C6,8,2026-07-16T12:58-05:00,2026-07-16T13:43-05:00,0.75,-73.73953,8.89489,1.08,false,1,20,Cesar,1,20787,Tamalameque,VIIRS-NOAA-20|VIIRS-NOAA-21,8,17.75,23.2
E20260716-AFBC3AB65A,10,2026-07-16T12:58-05:00,2026-07-18T01:59-05:00,37.02,-73.49153,9.83801,1.69,false,1,20,Cesar,1,20013,Agustín Codazzi,VIIRS-NOAA-20|VIIRS-NOAA-21,10,8.67,23.7
E20260716-B0DBABB28E,7,2026-07-16T12:56-05:00,2026-07-17T15:06-05:00,26.17,-69.10081,4.90851,0.99,false,1,99,Vichada,1,99773,Cumaribo,MODIS-Aqua|VIIRS-NOAA-20|VIIRS-NOAA-21,7,5.54,9.0
E20260716-B2B00E27FF,4,2026-07-16T12:58-05:00,2026-07-16T13:43-05:00,0.75,-75.06647,9.94735,0.48,false,1,13,Bolívar,1,13657,San Juan Nepomuceno,VIIRS-NOAA-20|VIIRS-NOAA-21,4,2.33,3.8
E20260716-B2F4AB06E2,3,2026-07-16T12:02-05:00,2026-07-16T13:41-05:00,1.65,-68.32661,4.93922,0.67,false,1,99,Vichada,1,99773,Cumaribo,VIIRS-NOAA-21,3,10.97,12.9
E20260716-B5CAA5D380,3,2026-07-16T12:56-05:00,2026-07-16T13:41-05:00,0.75,-76.40932,3.22329,1.04,false,1,19,Cauca,1,19573,Puerto Tejada,VIIRS-NOAA-20|VIIRS-NOAA-21,3,3.83,5.0
E20260716-B6F3B4B7A3,3,2026-07-16T12:58-05:00,2026-07-16T13:43-05:00,0.75,-73.88201,8.78306,0.46,false,1,13,Bolívar,1,13268,El Peñón,VIIRS-NOAA-20|VIIRS-NOAA-21,3,7.53,13.8
E20260716-B81FD968D1,3,2026-07-16T12:56-05:00,2026-07-16T13:43-05:00,0.78,-74.76315,6.45755,0.51,false,1,05,Antioquia,1,05425,Maceo,VIIRS-NOAA-20|VIIRS-NOAA-21,3,11.43,20.9
E20260716-BBCEFD5DB5,5,2026-07-16T12:58-05:00,2026-07-16T13:43-05:00,0.75,-74.65317,9.28877,0.81,false,1,13,Bolívar,2,13188|13780,Cicuco|Talaigua Nuevo,VIIRS-NOAA-20|VIIRS-NOAA-21,5,14.08,23.7
E20260716-BCCCFA6145,5,2026-07-16T12:58-05:00,2026-07-16T13:43-05:00,0.75,-74.80884,7.29304,0.77,false,1,05,Antioquia,1,05895,Zaragoza,VIIRS-NOAA-20|VIIRS-NOAA-21,5,19.56,29.9
E20260716-C22EB5B1FE,5,2026-07-16T12:58-05:00,2026-07-17T13:24-05:00,24.43,-75.09177,9.26079,0.8,false,1,70,Sucre,1,70742,San Luis De Sincé,VIIRS-NOAA-20|VIIRS-NOAA-21,5,3.14,5.6
E20260716-C44BE499DA,3,2026-07-16T01:52-05:00,2026-07-16T12:58-05:00,11.1,-72.94594,8.13103,0.98,false,1,54,Norte De Santander,1,54109,Bucarasica,VIIRS-NOAA-20,3,3.87,5.3
E20260716-C4CB4602BD,4,2026-07-16T12:58-05:00,2026-07-16T13:43-05:00,0.75,-74.78476,11.03565,0.7,false,1,47,Magdalena,1,47745,Sitionuevo,VIIRS-NOAA-20|VIIRS-NOAA-21,4,31.83,66.4
E20260716-C644E57F5E,3,2026-07-16T12:58-05:00,2026-07-16T13:43-05:00,0.75,-74.61142,9.98493,0.51,false,1,47,Magdalena,1,47798,Tenerife,VIIRS-NOAA-20|VIIRS-NOAA-21,3,7.23,13.7
E20260716-D207E2958E,4,2026-07-16T12:58-05:00,2026-07-16T13:43-05:00,0.75,-74.65695,7.19376,0.59,false,1,05,Antioquia,1,05736,Segovia,VIIRS-NOAA-20|VIIRS-NOAA-21,4,5.7,9.0
E20260716-DF5BBF35D3,3,2026-07-16T12:58-05:00,2026-07-17T13:24-05:00,24.43,-73.71261,9.40354,0.42,false,1,20,Cesar,1,20178,Chiriguaná,VIIRS-NOAA-20|VIIRS-NOAA-21,3,7.3,9.8
E20260716-EDEB3D2F20,3,2026-07-16T13:43-05:00,2026-07-16T13:43-05:00,0.0,-73.12019,11.22585,0.69,false,1,44,La Guajira,1,44001,Riohacha,VIIRS-NOAA-21,3,6.67,8.6
E20260716-F56BD7CB0D,5,2026-07-16T13:43-05:00,2026-07-17T15:06-05:00,25.38,-73.80112,9.53788,1.06,false,1,20,Cesar,1,20032,Astrea,MODIS-Aqua|VIIRS-NOAA-20|VIIRS-NOAA-21,5,12.7,22.8
E20260717-001BE885AE,3,2026-07-17T13:24-05:00,2026-07-18T01:59-05:00,12.58,-73.51558,8.84787,1.1,false,1,20,Cesar,1,20517,Pailitas,MODIS-Aqua|VIIRS-NOAA-21,3,13.73,37.0
E20260717-0170D71692,7,2026-07-17T12:37-05:00,2026-07-17T13:24-05:00,0.78,-72.79235,8.78379,0.91,false,1,54,Norte De Santander,1,54810,Tibú,VIIRS-NOAA-20|VIIRS-NOAA-21,7,45.07,63.3
E20260717-023FCA75C5,5,2026-07-17T12:37-05:00,2026-07-17T13:24-05:00,0.78,-72.83751,8.60594,0.48,false,1,54,Norte De Santander,1,54810,Tibú,VIIRS-NOAA-20|VIIRS-NOAA-21,5,19.46,33.0
E20260717-045BC51B89,4,2026-07-17T00:40-05:00,2026-07-17T00:40-05:00,0.0,-68.95575,5.24392,0.51,false,1,99,Vichada,1,99773,Cumaribo,VIIRS-NOAA-21,4,1.65,1.8
E20260717-06540F376F,3,2026-07-17T13:24-05:00,2026-07-17T14:17-05:00,0.88,-74.88559,6.01836,0.36,false,1,05,Antioquia,1,05660,San Luis,VIIRS-NOAA-20|VIIRS-NOAA-21,3,5.33,6.0
E20260717-06BC541211,3,2026-07-17T12:37-05:00,2026-07-17T13:24-05:00,0.78,-73.95585,8.98497,0.56,false,1,13,Bolívar,1,13268,El Peñón,VIIRS-NOAA-20|VIIRS-NOAA-21,3,13.17,16.4
E20260717-16A5D7335F,7,2026-07-17T15:06-05:00,2026-07-18T13:06-05:00,22.0,-73.87916,8.81583,2.49,false,1,13,Bolívar,1,13268,El Peñón,MODIS-Aqua|VIIRS-NOAA-20|VIIRS-NOAA-21,7,22.47,50.2
E20260717-176ECDC60F,4,2026-07-17T12:39-05:00,2026-07-18T01:14-05:00,12.58,-72.57311,11.13499,0.84,false,1,44,La Guajira,1,44035,Albania,VIIRS-NOAA-20,4,4.25,5.2
E20260717-23285CFE6E,3,2026-07-17T12:37-05:00,2026-07-17T13:24-05:00,0.78,-74.0881,8.40282,0.44,false,1,13,Bolívar,2,13042|13600,Arenal|Río Viejo,VIIRS-NOAA-20|VIIRS-NOAA-21,3,21.93,25.4
E20260717-247CA53E7D,3,2026-07-17T13:24-05:00,2026-07-17T13:24-05:00,0.0,-70.58329,4.23456,0.75,false,1,99,Vichada,1,99773,Cumaribo,VIIRS-NOAA-21,3,11.07,18.6
E20260717-2619F5165F,6,2026-07-17T12:37-05:00,2026-07-17T15:06-05:00,2.48,-73.51286,9.38401,0.99,false,1,20,Cesar,1,20178,Chiriguaná,MODIS-Aqua|VIIRS-NOAA-20|VIIRS-NOAA-21,6,6.2,11.7
E20260717-275DF08B37,3,2026-07-17T12:37-05:00,2026-07-17T13:24-05:00,0.78,-74.00439,8.94633,0.74,false,1,13,Bolívar,1,13667,San Martín De Loba,VIIRS-NOAA-20|VIIRS-NOAA-21,3,4.57,5.0
E20260717-28EFE7B0BD,3,2026-07-17T12:37-05:00,2026-07-17T13:24-05:00,0.78,-73.53651,9.3598,0.72,false,1,20,Cesar,1,20178,Chiriguaná,VIIRS-NOAA-20|VIIRS-NOAA-21,3,6.47,8.9
E20260717-2B373239D2,3,2026-07-17T14:17-05:00,2026-07-17T15:06-05:00,0.82,-75.48779,5.81146,1.22,false,1,05,Antioquia,1,05002,Abejorral,MODIS-Aqua|VIIRS-NOAA-20,3,13.8,22.6
E20260717-2DEB911532,4,2026-07-17T12:39-05:00,2026-07-17T15:06-05:00,2.45,-73.59463,9.74338,0.65,false,1,20,Cesar,2,20013|20045,Agustín Codazzi|Becerril,MODIS-Aqua|VIIRS-NOAA-20|VIIRS-NOAA-21,4,7.27,12.7
E20260717-33EDABEE74,3,2026-07-17T13:24-05:00,2026-07-17T13:24-05:00,0.0,-74.48532,8.8596,0.59,false,1,13,Bolívar,1,13430,Magangué,VIIRS-NOAA-21,3,2.6,2.8
E20260717-34727A751A,9,2026-07-17T01:33-05:00,2026-07-18T13:06-05:00,35.55,-73.49298,9.11031,1.43,false,1,20,Cesar,1,20175,Chimichagua,MODIS-Aqua|VIIRS-NOAA-20|VIIRS-NOAA-21,9,10.2,20.2
E20260717-393E18C4EF,5,2026-07-17T12:37-05:00,2026-07-17T12:37-05:00,0.0,-72.9407,8.25735,1.37,false,1,54,Norte De Santander,1,54720,Sardinata,VIIRS-NOAA-20,5,8.44,13.6
E20260717-3A588589F5,9,2026-07-17T12:39-05:00,2026-07-18T01:59-05:00,13.33,-73.51495,10.9055,1.05,false,1,44,La Guajira,1,44090,Dibulla,VIIRS-NOAA-20|VIIRS-NOAA-21,9,4.57,7.8
E20260717-40F0021749,9,2026-07-17T12:37-05:00,2026-07-17T15:06-05:00,2.48,-70.88602,4.99432,1.64,false,1,99,Vichada,1,99624,Santa Rosalía,MODIS-Aqua|VIIRS-NOAA-20|VIIRS-NOAA-21,9,9.49,11.8
E20260717-4203E7D76C,4,2026-07-17T12:39-05:00,2026-07-17T13:26-05:00,0.78,-75.13013,9.73449,0.85,false,1,13,Bolívar,1,13244,El Carmen De Bolívar,VIIRS-NOAA-20|VIIRS-NOAA-21,4,6.78,17.0
E20260717-48472F77ED,4,2026-07-17T12:39-05:00,2026-07-17T13:26-05:00,0.78,-74.73419,10.08405,0.54,false,1,47,Magdalena,1,47960,Zapayán,VIIRS-NOAA-20|VIIRS-NOAA-21,4,5.28,7.5
E20260717-4A526A1920,5,2026-07-17T12:37-05:00,2026-07-17T13:24-05:00,0.78,-74.16304,8.89725,0.43,false,1,13,Bolívar,1,13074,Barranco De Loba,VIIRS-NOAA-20|VIIRS-NOAA-21,5,4.86,9.9
E20260717-5051B1A188,3,2026-07-17T13:24-05:00,2026-07-17T13:24-05:00,0.0,-74.58765,5.76694,0.57,false,1,15,Boyacá,1,15572,Puerto Boyacá,VIIRS-NOAA-21,3,3.9,3.9
E20260717-55F086CE64,3,2026-07-17T12:39-05:00,2026-07-17T13:26-05:00,0.78,-75.00381,10.0611,0.59,false,1,13,Bolívar,1,13248,El Guamo,VIIRS-NOAA-20|VIIRS-NOAA-21,3,8.57,11.9
E20260717-560DB5E1FC,8,2026-07-17T08:57-05:00,2026-07-17T13:24-05:00,4.45,-73.3784,8.48676,0.9,false,1,54,Norte De Santander,1,54206,Convención,MODIS-Terra|VIIRS-NOAA-20|VIIRS-NOAA-21,8,9.26,14.3
E20260717-5A8A06DA2F,4,2026-07-17T12:37-05:00,2026-07-17T13:24-05:00,0.78,-73.39174,8.50301,0.39,false,1,54,Norte De Santander,1,54206,Convención,VIIRS-NOAA-20|VIIRS-NOAA-21,4,6.1,9.2
E20260717-5C0E513386,3,2026-07-17T13:24-05:00,2026-07-18T14:00-05:00,24.6,-74.13133,9.03942,0.59,false,1,47,Magdalena,1,47245,El Banco,VIIRS-NOAA-20|VIIRS-NOAA-21,2,11.7,20.8
E20260717-5E08F9908C,3,2026-07-17T12:39-05:00,2026-07-17T13:26-05:00,0.78,-75.06054,9.98714,1.14,false,1,13,Bolívar,1,13657,San Juan Nepomuceno,VIIRS-NOAA-20|VIIRS-NOAA-21,3,3.57,4.1
E20260717-5F1949A7CC,4,2026-07-17T12:39-05:00,2026-07-17T13:26-05:00,0.78,-75.32544,10.37447,0.79,false,1,13,Bolívar,1,13836,Turbaco,VIIRS-NOAA-20|VIIRS-NOAA-21,4,15.45,28.8
E20260717-60B0D90426,3,2026-07-17T13:24-05:00,2026-07-18T14:00-05:00,24.6,-74.50378,8.8557,0.5,false,1,13,Bolívar,1,13430,Magangué,VIIRS-NOAA-20|VIIRS-NOAA-21,3,7.47,10.8
E20260717-63F01C3913,5,2026-07-17T13:24-05:00,2026-07-17T15:06-05:00,1.7,-69.95862,5.73821,1.38,false,1,99,Vichada,1,99524,La Primavera,MODIS-Aqua|VIIRS-NOAA-21,5,7.7,9.3
E20260717-64B84D6D26,6,2026-07-17T12:37-05:00,2026-07-17T13:24-05:00,0.78,-73.85901,8.82824,0.59,false,1,13,Bolívar,1,13268,El Peñón,VIIRS-NOAA-20|VIIRS-NOAA-21,6,12.85,25.4
E20260717-652DD77D39,4,2026-07-17T13:21-05:00,2026-07-17T13:21-05:00,0.0,-77.16974,1.88556,1.0,false,1,19,Cauca,1,19450,Mercaderes,VIIRS-NOAA-21,4,5.97,6.7
E20260717-6D769B2AB9,3,2026-07-17T12:37-05:00,2026-07-17T13:24-05:00,0.78,-68.18546,4.95615,1.05,false,1,99,Vichada,1,99773,Cumaribo,VIIRS-NOAA-20|VIIRS-NOAA-21,3,6.0,8.7
E20260717-6E5FBD6585,3,2026-07-17T12:37-05:00,2026-07-17T13:24-05:00,0.78,-74.63556,7.77022,0.82,false,1,05,Antioquia,1,05250,El Bagre,VIIRS-NOAA-20|VIIRS-NOAA-21,3,10.9,21.9
E20260717-7556C73C07,3,2026-07-17T13:24-05:00,2026-07-17T13:24-05:00,0.0,-74.3967,8.38814,0.59,false,1,13,Bolívar,1,13810,Tiquisio,VIIRS-NOAA-21,3,15.53,20.8
E20260717-76B73EB6F9,4,2026-07-17T12:37-05:00,2026-07-17T15:06-05:00,2.48,-73.57246,9.4042,0.83,false,1,20,Cesar,1,20178,Chiriguaná,MODIS-Aqua|VIIRS-NOAA-20|VIIRS-NOAA-21,4,7.45,15.4
E20260717-7CBE2F1838,3,2026-07-17T12:37-05:00,2026-07-17T13:24-05:00,0.78,-74.20434,8.50006,0.51,false,1,13,Bolívar,1,13810,Tiquisio,VIIRS-NOAA-20|VIIRS-NOAA-21,3,9.43,11.2
E20260717-800AD8F286,6,2026-07-17T12:37-05:00,2026-07-17T13:24-05:00,0.78,-74.55836,7.01351,0.74,false,1,05,Antioquia,1,05604,Remedios,VIIRS-NOAA-20|VIIRS-NOAA-21,6,35.72,63.2
E20260717-865E466597,3,2026-07-17T12:39-05:00,2026-07-17T13:26-05:00,0.78,-74.48916,10.28105,0.55,false,1,47,Magdalena,1,47551,Pivijay,VIIRS-NOAA-20|VIIRS-NOAA-21,3,4.57,5.5
E20260717-86FD085F7B,3,2026-07-17T12:37-05:00,2026-07-17T13:24-05:00,0.78,-70.53275,4.09688,0.82,false,1,99,Vichada,1,99773,Cumaribo,VIIRS-NOAA-20|VIIRS-NOAA-21,3,15.57,16.7
E20260717-9002AC27FE,3,2026-07-17T12:37-05:00,2026-07-17T13:24-05:00,0.78,-74.20382,6.38811,0.43,false,1,68,Santander,1,68190,Cimitarra,VIIRS-NOAA-20|VIIRS-NOAA-21,3,7.23,7.3
E20260717-90757C91D5,6,2026-07-17T13:24-05:00,2026-07-17T13:24-05:00,0.0,-69.5909,5.19453,1.7,false,1,99,Vichada,1,99524,La Primavera,VIIRS-NOAA-21,6,9.4,11.9
E20260717-91CD239A45,9,2026-07-17T12:37-05:00,2026-07-18T14:00-05:00,25.38,-74.72358,7.63215,1.41,false,1,05,Antioquia,1,05250,El Bagre,MODIS-Aqua|VIIRS-NOAA-20|VIIRS-NOAA-21,9,24.0,59.9
E20260717-98221F5D17,3,2026-07-17T12:37-05:00,2026-07-17T13:24-05:00,0.78,-73.36489,9.34933,0.78,false,1,20,Cesar,1,20228,Curumaní,VIIRS-NOAA-20|VIIRS-NOAA-21,3,4.3,4.6
E20260717-9973D6E0F6,3,2026-07-17T01:33-05:00,2026-07-17T13:24-05:00,11.85,-73.83391,8.65213,0.39,false,1,13,Bolívar,1,13580,Regidor,VIIRS-NOAA-20|VIIRS-NOAA-21,2,5.75,8.1
E20260717-99B31FEE82,4,2026-07-17T13:21-05:00,2026-07-17T13:21-05:00,0.0,-77.04421,1.93325,0.53,false,1,19,Cauca,1,19100,Bolívar,VIIRS-NOAA-21,4,4.85,4.9
E20260717-A55F152F90,3,2026-07-17T13:26-05:00,2026-07-17T13:26-05:00,0.0,-74.80664,9.64776,1.28,false,1,13,Bolívar,1,13212,Córdoba,VIIRS-NOAA-21,3,4.67,6.2
E20260717-AB2A71A5B3,3,2026-07-17T13:24-05:00,2026-07-17T15:06-05:00,1.7,-73.78186,9.37233,1.37,false,1,20,Cesar,1,20175,Chimichagua,MODIS-Aqua|VIIRS-NOAA-21,3,30.63,46.6
E20260717-B004CAD9A6,3,2026-07-17T13:24-05:00,2026-07-18T01:59-05:00,12.58,-72.48821,7.95191,0.31,false,1,54,Norte De Santander,1,54001,San José De Cúcuta,VIIRS-NOAA-20|VIIRS-NOAA-21,2,3.7,4.6
E20260717-B282552140,4,2026-07-17T13:24-05:00,2026-07-17T14:17-05:00,0.88,-74.79582,6.21701,0.86,false,1,05,Antioquia,1,05649,San Carlos,VIIRS-NOAA-20|VIIRS-NOAA-21,4,6.72,9.3
E20260717-B416CE5C60,4,2026-07-17T12:37-05:00,2026-07-17T13:24-05:00,0.78,-75.35367,7.10419,1.41,false,1,05,Antioquia,1,05887,Yarumal,VIIRS-NOAA-20|VIIRS-NOAA-21,4,5.42,9.5
E20260717-B55BF18B13,3,2026-07-17T01:33-05:00,2026-07-17T13:26-05:00,11.88,-75.1006,10.45662,0.77,false,1,08,Atlántico,1,08606,Repelón,VIIRS-NOAA-20|VIIRS-NOAA-21,2,3.0,3.4
E20260717-C4D68BAF00,5,2026-07-17T00:38-05:00,2026-07-17T13:24-05:00,12.77,-73.85721,9.23563,0.5,false,1,20,Cesar,1,20175,Chimichagua,VIIRS-NOAA-20|VIIRS-NOAA-21,5,4.92,6.8
E20260717-C4E80B4696,3,2026-07-17T12:37-05:00,2026-07-17T13:24-05:00,0.78,-73.9481,8.87184,0.47,false,1,13,Bolívar,1,13268,El Peñón,VIIRS-NOAA-20|VIIRS-NOAA-21,3,17.4,19.7
E20260717-C67D443699,4,2026-07-17T12:37-05:00,2026-07-17T13:24-05:00,0.78,-74.26074,6.93399,0.58,false,1,05,Antioquia,1,05893,Yondó,VIIRS-NOAA-20|VIIRS-NOAA-21,4,5.42,7.9
E20260717-C939A10884,3,2026-07-17T12:37-05:00,2026-07-17T13:24-05:00,0.78,-74.09877,9.49408,0.64,false,1,20,Cesar,1,20032,Astrea,VIIRS-NOAA-20|VIIRS-NOAA-21,3,8.33,13.8
E20260717-CE58667418,3,2026-07-17T13:24-05:00,2026-07-18T13:06-05:00,23.7,-74.32536,8.82826,0.95,false,1,13,Bolívar,1,13549,Pinillos,VIIRS-NOAA-21,3,3.5,4.1
E20260717-D7F9292DC4,3,2026-07-17T01:33-05:00,2026-07-17T08:57-05:00,7.4,-73.59962,9.34845,1.32,false,1,20,Cesar,1,20178,Chiriguaná,MODIS-Terra|VIIRS-NOAA-20,3,6.2,8.9
E20260717-D8E1171442,3,2026-07-17T08:57-05:00,2026-07-17T13:24-05:00,4.45,-72.47991,8.02805,0.86,false,1,54,Norte De Santander,1,54001,San José De Cúcuta,MODIS-Terra|VIIRS-NOAA-20|VIIRS-NOAA-21,3,12.47,16.0
E20260717-D8E89BB19C,3,2026-07-17T13:24-05:00,2026-07-17T13:24-05:00,0.0,-75.73044,7.21889,0.57,false,1,05,Antioquia,1,05361,Ituango,VIIRS-NOAA-21,3,12.77,16.5
E20260717-DB0D97F46B,3,2026-07-17T15:06-05:00,2026-07-18T01:59-05:00,10.88,-73.82958,8.58313,0.93,false,1,13,Bolívar,1,13600,Río Viejo,MODIS-Aqua|VIIRS-NOAA-20|VIIRS-NOAA-21,3,3.97,7.4
E20260717-DF6DB4156E,5,2026-07-17T12:37-05:00,2026-07-17T13:24-05:00,0.78,-74.11495,6.85939,0.71,false,1,05,Antioquia,1,05893,Yondó,VIIRS-NOAA-20|VIIRS-NOAA-21,5,18.88,28.7
E20260717-E09F6F5BE7,3,2026-07-17T08:57-05:00,2026-07-17T08:57-05:00,0.0,-73.55813,8.44848,1.34,false,1,20,Cesar,1,20011,Aguachica,MODIS-Terra,3,22.1,29.1
E20260717-E207917F0B,12,2026-07-16T20:41-05:00,2026-07-17T13:24-05:00,16.72,-72.68197,6.38483,1.22,false,1,15,Boyacá,2,15753|15810,Soatá|Tipacoque,MODIS-Terra|VIIRS-NOAA-20|VIIRS-NOAA-21,12,8.08,13.8
E20260717-E4AD639F68,3,2026-07-17T12:39-05:00,2026-07-17T13:26-05:00,0.78,-74.96825,10.20754,0.49,false,1,13,Bolívar,2,13062|13140,Arroyohondo|Calamar,VIIRS-NOAA-20|VIIRS-NOAA-21,3,11.97,17.5
E20260717-E94E4121CE,3,2026-07-17T12:39-05:00,2026-07-17T12:39-05:00,0.0,-74.77722,9.86586,0.55,false,1,47,Magdalena,1,47798,Tenerife,VIIRS-NOAA-20,3,3.4,3.7
E20260717-EA230684B0,7,2026-07-17T08:57-05:00,2026-07-18T01:16-05:00,16.32,-73.90598,6.05899,1.27,false,1,68,Santander,1,68250,El Peñón,MODIS-Terra|VIIRS-NOAA-20|VIIRS-NOAA-21,4,7.47,11.2
E20260717-F2A69FB230,3,2026-07-17T13:24-05:00,2026-07-17T15:06-05:00,1.7,-68.11649,4.79589,0.69,false,1,99,Vichada,1,99773,Cumaribo,MODIS-Aqua|VIIRS-NOAA-21,3,8.43,12.0
E20260717-F35063D6B0,3,2026-07-17T00:40-05:00,2026-07-17T00:40-05:00,0.0,-70.62882,5.2391,0.88,false,1,99,Vichada,1,99624,Santa Rosalía,VIIRS-NOAA-21,3,2.4,2.4
E20260718-01515EE92D,3,2026-07-18T13:06-05:00,2026-07-18T14:00-05:00,0.9,-74.76994,9.37346,0.81,false,1,13,Bolívar,1,13430,Magangué,VIIRS-NOAA-20|VIIRS-NOAA-21,3,9.7,11.4
E20260718-186EA11A30,5,2026-07-18T13:04-05:00,2026-07-18T13:04-05:00,0.0,-69.09548,5.997,1.1,false,1,99,Vichada,1,99524,La Primavera,VIIRS-NOAA-21,5,19.4,25.0
E20260718-4641CE27E3,5,2026-07-18T01:14-05:00,2026-07-18T01:59-05:00,0.75,-72.59989,8.07993,1.51,false,1,54,Norte De Santander,1,54261,El Zulia,VIIRS-NOAA-20|VIIRS-NOAA-21,4,1.32,2.1
E20260718-5D13412317,9,2026-07-18T14:00-05:00,2026-07-18T14:00-05:00,0.0,-74.7425,9.60782,1.58,false,1,47,Magdalena,1,47555,Plato,VIIRS-NOAA-20,9,10.86,15.6
E20260718-7AB3BADD12,4,2026-07-18T13:06-05:00,2026-07-18T14:02-05:00,0.93,-75.26308,10.69634,0.62,false,1,13,Bolívar,1,13673,Santa Catalina,VIIRS-NOAA-20|VIIRS-NOAA-21,4,10.62,12.3
E20260718-8918A546B2,3,2026-07-18T13:06-05:00,2026-07-18T14:00-05:00,0.9,-74.83727,9.52595,0.62,false,1,13,Bolívar,1,13212,Córdoba,VIIRS-NOAA-20|VIIRS-NOAA-21,3,6.17,11.2
E20260718-9DC72FA108,7,2026-07-18T13:06-05:00,2026-07-18T14:00-05:00,0.9,-73.96852,8.96752,1.58,false,1,13,Bolívar,1,13268,El Peñón,VIIRS-NOAA-20|VIIRS-NOAA-21,7,8.11,17.0
E20260718-B36BCBAF59,3,2026-07-18T01:14-05:00,2026-07-18T01:59-05:00,0.75,-73.4489,9.21909,0.6,false,1,20,Cesar,1,20228,Curumaní,VIIRS-NOAA-20|VIIRS-NOAA-21,2,1.4,1.4
E20260718-C9BCB63060,10,2026-07-18T01:14-05:00,2026-07-18T13:06-05:00,11.87,-73.53348,9.69029,0.99,false,1,20,Cesar,1,20045,Becerril,VIIRS-NOAA-20|VIIRS-NOAA-21,10,5.78,11.0
E20260718-D4C4C19D3E,4,2026-07-18T14:00-05:00,2026-07-18T14:00-05:00,0.0,-73.15989,6.96265,0.82,false,1,68,Santander,1,68307,Girón,VIIRS-NOAA-20,4,26.18,39.0
E20260718-E4334CD1CF,3,2026-07-18T14:00-05:00,2026-07-18T14:00-05:00,0.0,-74.03827,9.69764,0.5,false,1,47,Magdalena,1,47707,Santa Ana,VIIRS-NOAA-20,3,5.2,5.5
E20260718-F13A75C07E,4,2026-07-18T13:04-05:00,2026-07-18T13:04-05:00,0.0,-68.95363,6.11652,1.16,false,1,99,Vichada,1,99524,La Primavera,VIIRS-NOAA-21,4,5.75,8.3
E20260718-F33272916A,4,2026-07-18T14:00-05:00,2026-07-18T14:00-05:00,0.0,-74.72576,6.14121,0.92,false,1,05,Antioquia,1,05585,Puerto Nare,VIIRS-NOAA-20,4,22.35,24.0
E20260719-32829C04FB,4,2026-07-19T13:43-05:00,2026-07-19T13:43-05:00,0.0,-74.13054,7.66461,0.69,false,1,13,Bolívar,1,13744,Simití,VIIRS-NOAA-20,4,13.7,13.7
E20260719-7422B94FA1,10,2026-07-19T00:57-05:00,2026-07-19T01:44-05:00,0.78,-76.41406,3.90805,1.7,false,1,76,Valle Del Cauca,1,76890,Yotoco,VIIRS-NOAA-20|VIIRS-NOAA-21,8,4.29,10.0
E20260720-0C4BA9BCB2,3,2026-07-20T12:26-05:00,2026-07-20T15:21-05:00,2.92,-70.23179,4.89482,0.85,false,1,99,Vichada,1,99624,Santa Rosalía,MODIS-Aqua|VIIRS-NOAA-21,3,6.83,7.3
E20260720-75D0A8095F,4,2026-07-20T13:19-05:00,2026-07-20T14:06-05:00,0.78,-74.05706,1.60255,0.58,false,1,18,Caquetá,1,18753,San Vicente Del Caguán,VIIRS-NOAA-20|VIIRS-NOAA-21,4,7.38,8.8
E20260720-921FDF1C99,3,2026-07-20T13:21-05:00,2026-07-20T15:21-05:00,2.0,-72.4702,3.13175,1.73,false,1,50,Meta,1,50325,Mapiripán,MODIS-Aqua|VIIRS-NOAA-20,3,9.6,14.3
E20260720-AA51573DF8,3,2026-07-20T15:21-05:00,2026-07-20T15:21-05:00,0.0,-69.86754,4.65079,1.29,false,1,99,Vichada,1,99773,Cumaribo,MODIS-Aqua,3,20.23,26.8
E20260720-C2A2F21A73,3,2026-07-20T12:26-05:00,2026-07-20T13:21-05:00,0.92,-70.65824,3.95497,0.69,false,1,99,Vichada,1,99773,Cumaribo,VIIRS-NOAA-20|VIIRS-NOAA-21,3,3.77,5.1
E20260720-D6F038C0B4,3,2026-07-20T13:21-05:00,2026-07-20T13:21-05:00,0.0,-71.29351,3.74918,0.39,false,1,50,Meta,1,50568,Puerto Gaitán,VIIRS-NOAA-20,3,4.47,6.2
E20260720-E8FCA42E49,3,2026-07-20T12:28-05:00,2026-07-20T13:24-05:00,0.93,-73.0848,11.24099,0.61,false,1,44,La Guajira,1,44001,Riohacha,VIIRS-NOAA-20|VIIRS-NOAA-21,3,5.9,8.1
E20260720-FA4C48ACE8,3,2026-07-20T12:28-05:00,2026-07-20T13:24-05:00,0.93,-72.81624,11.17683,0.41,false,1,44,La Guajira,1,44001,Riohacha,VIIRS-NOAA-20|VIIRS-NOAA-21,3,7.57,8.6
E20260720-FAD704D06F,4,2026-07-20T13:21-05:00,2026-07-20T13:21-05:00,0.0,-71.04555,3.96795,1.17,false,1,99,Vichada,1,99773,Cumaribo,VIIRS-NOAA-20,4,6.97,7.7
E20260721-062E64C16F,3,2026-07-21T13:02-05:00,2026-07-21T13:47-05:00,0.75,-71.50253,3.73655,1.48,false,1,50,Meta,1,50568,Puerto Gaitán,VIIRS-NOAA-20|VIIRS-NOAA-21,3,6.03,9.8
E20260721-1CC3FB8877,3,2026-07-21T12:07-05:00,2026-07-21T13:04-05:00,0.95,-68.72866,6.10642,0.78,false,1,99,Vichada,1,99001,Puerto Carreño,VIIRS-NOAA-20|VIIRS-NOAA-21,3,5.6,6.5
E20260721-39F0B9EB6F,8,2026-07-21T13:02-05:00,2026-07-21T13:47-05:00,0.75,-72.99655,3.48748,1.58,false,1,50,Meta,1,50689,San Martín,VIIRS-NOAA-20|VIIRS-NOAA-21,8,4.97,8.9
E20260721-47A23BDF78,5,2026-07-21T13:02-05:00,2026-07-21T13:02-05:00,0.0,-72.68095,3.53282,0.79,false,1,50,Meta,1,50689,San Martín,VIIRS-NOAA-20,5,13.44,16.4
E20260721-510B19ABB2,7,2026-07-21T13:04-05:00,2026-07-22T01:40-05:00,12.6,-72.57343,11.13451,0.58,false,1,44,La Guajira,1,44035,Albania,VIIRS-NOAA-20|VIIRS-NOAA-21,7,3.09,4.4
E20260721-52549991C3,24,2026-07-21T13:47-05:00,2026-07-22T13:30-05:00,23.72,-75.04957,4.3246,2.89,false,1,73,Tolima,1,73001,Ibagué,MODIS-Terra|VIIRS-NOAA-20|VIIRS-NOAA-21,24,12.65,33.3
E20260721-56128635FF,4,2026-07-21T13:02-05:00,2026-07-21T13:02-05:00,0.0,-76.97285,1.55152,1.4,false,1,52,Nariño,1,52378,La Cruz,VIIRS-NOAA-20,4,12.42,22.7
E20260721-5618BE935B,6,2026-07-21T13:04-05:00,2026-07-21T13:49-05:00,0.75,-73.22055,11.18249,1.26,false,1,44,La Guajira,1,44090,Dibulla,VIIRS-NOAA-20|VIIRS-NOAA-21,6,77.32,334.1
E20260721-64B04C18BB,3,2026-07-21T13:02-05:00,2026-07-21T13:47-05:00,0.75,-75.22533,3.73931,0.49,false,1,73,Tolima,1,73217,Coyaima,VIIRS-NOAA-20|VIIRS-NOAA-21,3,5.5,8.1
E20260721-6C3B9AD9B7,12,2026-07-21T12:07-05:00,2026-07-21T14:21-05:00,2.23,-68.54374,6.08494,2.18,false,1,99,Vichada,1,99001,Puerto Carreño,MODIS-Aqua|VIIRS-NOAA-20|VIIRS-NOAA-21,12,23.47,81.2
E20260721-6D3D71DC6D,6,2026-07-21T12:07-05:00,2026-07-21T13:02-05:00,0.92,-67.61854,6.23243,0.81,false,1,99,Vichada,1,99001,Puerto Carreño,VIIRS-NOAA-20|VIIRS-NOAA-21,6,10.27,22.3
E20260721-7110D92EDC,19,2026-07-21T13:04-05:00,2026-07-22T13:32-05:00,24.47,-73.01314,10.98074,2.72,false,1,44,La Guajira,2,44098|44650,Distracción|San Juan Del Cesar,VIIRS-NOAA-20|VIIRS-NOAA-21,18,15.68,32.1
E20260721-8AAF53955F,3,2026-07-21T13:02-05:00,2026-07-21T13:47-05:00,0.75,-71.4876,3.72312,0.06,false,1,50,Meta,1,50568,Puerto Gaitán,VIIRS-NOAA-20|VIIRS-NOAA-21,3,6.93,10.6
E20260721-9BBE50C254,4,2026-07-21T13:49-05:00,2026-07-22T01:40-05:00,11.85,-73.47427,9.76061,0.69,false,1,20,Cesar,2,20013|20045,Agustín Codazzi|Becerril,VIIRS-NOAA-20|VIIRS-NOAA-21,4,3.8,4.8
E20260721-A06ACADFE1,3,2026-07-21T13:04-05:00,2026-07-21T13:49-05:00,0.75,-73.1181,11.21366,0.58,false,1,44,La Guajira,1,44001,Riohacha,VIIRS-NOAA-20|VIIRS-NOAA-21,3,7.47,9.9
E20260721-A6DE14DDE6,4,2026-07-21T13:04-05:00,2026-07-22T01:40-05:00,12.6,-73.73116,10.04106,0.5,false,1,20,Cesar,1,20001,Valledupar,VIIRS-NOAA-20|VIIRS-NOAA-21,3,4.33,5.3
E20260721-BFC01D510A,9,2026-07-21T02:01-05:00,2026-07-21T13:02-05:00,11.02,-77.48563,0.93439,1.13,false,1,52,Nariño,1,52210,Contadero,VIIRS-NOAA-20,8,12.1,16.1
E20260721-C1F816D44E,4,2026-07-21T13:02-05:00,2026-07-21T13:47-05:00,0.75,-71.97828,3.28895,0.76,false,1,50,Meta,1,50325,Mapiripán,VIIRS-NOAA-20|VIIRS-NOAA-21,4,5.2,5.3
E20260721-CC23F231DF,17,2026-07-21T13:02-05:00,2026-07-21T13:47-05:00,0.75,-72.87109,3.46084,1.93,false,1,50,Meta,1,50689,San Martín,VIIRS-NOAA-20|VIIRS-NOAA-21,17,11.92,19.5
E20260721-D6F906ABC3,3,2026-07-21T13:49-05:00,2026-07-22T12:43-05:00,22.9,-74.5499,5.67778,0.42,false,1,25,Cundinamarca,1,25572,Puerto Salgar,VIIRS-NOAA-20|VIIRS-NOAA-21,3,3.87,4.7
E20260721-DE12FA2827,4,2026-07-20T20:02-05:00,2026-07-20T20:02-05:00,0.0,-69.0189,4.88805,2.48,false,1,99,Vichada,1,99773,Cumaribo,MODIS-Terra,4,30.57,51.9
E20260721-E80C7261F3,9,2026-07-21T13:02-05:00,2026-07-21T13:47-05:00,0.75,-76.4357,3.26538,0.86,false,1,19,Cauca,1,19573,Puerto Tejada,VIIRS-NOAA-20|VIIRS-NOAA-21,9,17.37,30.4
E20260721-EC881C8CDC,5,2026-07-21T13:02-05:00,2026-07-21T13:47-05:00,0.75,-76.9395,2.31444,0.49,false,1,19,Cauca,1,19256,El Tambo,VIIRS-NOAA-20|VIIRS-NOAA-21,5,4.04,7.2
E20260721-F0ED757BB8,4,2026-07-21T13:02-05:00,2026-07-21T13:47-05:00,0.75,-72.30913,3.34446,1.2,false,1,50,Meta,1,50325,Mapiripán,VIIRS-NOAA-20|VIIRS-NOAA-21,4,5.17,5.8
E20260722-1F320849C7,5,2026-07-22T12:45-05:00,2026-07-22T13:32-05:00,0.78,-72.94485,11.18816,1.56,false,1,44,La Guajira,1,44001,Riohacha,VIIRS-NOAA-20|VIIRS-NOAA-21,5,9.16,11.0
E20260722-2074266A3E,4,2026-07-22T12:45-05:00,2026-07-22T13:32-05:00,0.78,-72.4352,11.15509,0.81,false,1,44,La Guajira,2,44035|44430,Albania|Maicao,VIIRS-NOAA-20|VIIRS-NOAA-21,4,61.05,79.0
E20260722-343B89BDB9,3,2026-07-22T08:55-05:00,2026-07-22T13:32-05:00,4.62,-73.11585,10.57143,0.39,false,1,20,Cesar,1,20001,Valledupar,MODIS-Terra|VIIRS-NOAA-21,3,12.63,18.9
E20260722-36EFCD53FF,4,2026-07-22T00:44-05:00,2026-07-22T02:26-05:00,1.7,-75.48817,10.31922,0.86,false,1,13,Bolívar,1,13001,Cartagena De Indias,VIIRS-NOAA-20|VIIRS-NOAA-21,4,2.27,2.9
E20260722-3CE9038CD6,3,2026-07-22T12:43-05:00,2026-07-22T12:43-05:00,0.0,-74.98847,3.49311,0.8,false,1,73,Tolima,1,73024,Alpujarra,VIIRS-NOAA-20,3,7.83,9.1
E20260722-4D14F8EAE7,4,2026-07-22T13:32-05:00,2026-07-22T13:32-05:00,0.0,-73.81844,8.76732,1.31,false,1,13,Bolívar,1,13580,Regidor,VIIRS-NOAA-21,4,6.08,8.3
E20260722-69BFF9D32F,3,2026-07-22T12:45-05:00,2026-07-22T13:32-05:00,0.78,-74.35342,9.22202,0.36,false,1,13,Bolívar,1,13650,San Fernando,VIIRS-NOAA-20|VIIRS-NOAA-21,3,5.73,6.0
E20260722-74B231B727,3,2026-07-22T12:43-05:00,2026-07-22T13:30-05:00,0.78,-75.311,3.34894,0.45,false,1,41,Huila,1,41016,Aipe,VIIRS-NOAA-20|VIIRS-NOAA-21,3,8.17,14.7
E20260722-893D61C505,4,2026-07-22T01:40-05:00,2026-07-22T01:40-05:00,0.0,-72.60044,8.08033,1.51,false,1,54,Norte De Santander,1,54261,El Zulia,VIIRS-NOAA-20,4,1.73,2.0
E20260722-92A78C4914,3,2026-07-22T00:46-05:00,2026-07-22T12:43-05:00,11.95,-72.87773,5.77563,0.66,false,1,15,Boyacá,1,15491,Nobsa,VIIRS-NOAA-20|VIIRS-NOAA-21,3,2.83,5.2
E20260722-92BA3732A4,3,2026-07-22T12:45-05:00,2026-07-22T13:32-05:00,0.78,-72.87443,11.25214,0.27,false,1,44,La Guajira,1,44001,Riohacha,VIIRS-NOAA-20|VIIRS-NOAA-21,3,4.8,7.4
E20260722-9E2EC0AC4D,4,2026-07-22T01:42-05:00,2026-07-22T02:29-05:00,0.78,-77.15833,2.16315,0.81,false,1,19,Cauca,1,19075,Balboa,VIIRS-NOAA-20|VIIRS-NOAA-21,4,2.17,3.8
E20260722-A12AC1B450,4,2026-07-22T12:43-05:00,2026-07-22T12:43-05:00,0.0,-71.31194,4.05408,0.78,false,1,50,Meta,1,50568,Puerto Gaitán,VIIRS-NOAA-20,4,5.78,7.7
E20260722-B263FCB845,3,2026-07-22T12:43-05:00,2026-07-22T13:30-05:00,0.78,-74.76678,4.67907,0.43,false,1,25,Cundinamarca,1,25086,Beltrán,VIIRS-NOAA-20|VIIRS-NOAA-21,3,5.53,7.2
E20260722-C9D26BF970,3,2026-07-22T13:32-05:00,2026-07-22T13:32-05:00,0.0,-73.62705,8.85494,0.7,false,1,20,Cesar,1,20550,Pelaya,VIIRS-NOAA-21,3,28.7,56.7
E20260722-E43D6A0BB4,4,2026-07-22T12:45-05:00,2026-07-22T13:32-05:00,0.78,-73.53769,9.12337,0.78,false,1,20,Cesar,1,20228,Curumaní,VIIRS-NOAA-20|VIIRS-NOAA-21,4,4.9,6.4
E20260722-F4DC2DB01C,7,2026-07-21T20:39-05:00,2026-07-22T13:30-05:00,16.85,-74.98133,4.17889,1.52,false,1,73,Tolima,2,73268|73319,Espinal|Guamo,MODIS-Terra|VIIRS-NOAA-20|VIIRS-NOAA-21,7,10.11,20.9
E20260724-0542E409C3,5,2026-07-24T12:52-05:00,2026-07-24T13:45-05:00,0.88,-70.16011,4.49954,1.71,false,1,99,Vichada,1,99773,Cumaribo,VIIRS-NOAA-20|VIIRS-NOAA-21,5,4.66,7.1
E20260724-06BA9FA28C,7,2026-07-24T13:47-05:00,2026-07-25T13:30-05:00,23.72,-73.10168,11.24168,0.85,false,1,44,La Guajira,1,44001,Riohacha,VIIRS-NOAA-20,7,6.33,6.5
E20260724-099FD21E56,3,2026-07-24T12:54-05:00,2026-07-24T13:47-05:00,0.88,-73.61435,10.15954,0.64,false,1,20,Cesar,1,20001,Valledupar,VIIRS-NOAA-20|VIIRS-NOAA-21,3,9.67,15.4
E20260724-150EEEB7EC,3,2026-07-24T13:45-05:00,2026-07-25T13:28-05:00,23.72,-74.76838,4.67573,0.44,false,1,25,Cundinamarca,1,25086,Beltrán,VIIRS-NOAA-20,3,7.17,9.8
E20260724-19D754B698,22,2026-07-24T12:52-05:00,2026-07-24T13:45-05:00,0.88,-69.62088,5.5867,2.59,false,1,99,Vichada,1,99524,La Primavera,VIIRS-NOAA-20|VIIRS-NOAA-21,22,29.28,51.2
E20260724-25ED2BABB4,27,2026-07-24T12:52-05:00,2026-07-25T15:14-05:00,26.37,-75.43573,3.20671,2.29,false,1,41,Huila,1,41001,Neiva,MODIS-Aqua|MODIS-Terra|VIIRS-NOAA-20|VIIRS-NOAA-21,27,9.85,67.9
E20260724-2FF092C313,3,2026-07-24T12:54-05:00,2026-07-24T13:47-05:00,0.88,-73.81623,8.75935,0.42,false,1,13,Bolívar,1,13580,Regidor,VIIRS-NOAA-20|VIIRS-NOAA-21,3,8.53,12.1
E20260724-30D2F6180C,3,2026-07-24T01:48-05:00,2026-07-25T01:31-05:00,23.72,-72.41948,8.04332,0.44,false,1,54,Norte De Santander,1,54001,San José De Cúcuta,VIIRS-NOAA-21,3,1.2,1.4
E20260724-3E7A9CD829,6,2026-07-24T12:52-05:00,2026-07-24T13:45-05:00,0.88,-72.85465,3.1307,1.31,false,1,50,Meta,1,50325,Mapiripán,VIIRS-NOAA-20|VIIRS-NOAA-21,6,11.88,19.3
E20260724-4521A49CBE,7,2026-07-24T13:45-05:00,2026-07-24T13:45-05:00,0.0,-69.2865,5.62075,1.02,false,1,99,Vichada,1,99524,La Primavera,VIIRS-NOAA-20,7,9.27,11.6
E20260724-459433CB83,8,2026-07-24T12:54-05:00,2026-07-25T15:17-05:00,26.38,-74.09802,9.04826,1.25,false,1,47,Magdalena,1,47245,El Banco,MODIS-Aqua|VIIRS-NOAA-20|VIIRS-NOAA-21,8,8.76,15.4
E20260724-472FFAD97D,10,2026-07-24T12:52-05:00,2026-07-24T14:38-05:00,1.77,-70.63365,4.8777,2.09,false,1,99,Vichada,1,99624,Santa Rosalía,MODIS-Aqua|VIIRS-NOAA-20|VIIRS-NOAA-21,10,30.11,154.6
E20260724-55E2A9BD70,3,2026-07-24T12:52-05:00,2026-07-24T13:45-05:00,0.88,-69.97165,5.38665,0.68,false,1,99,Vichada,1,99524,La Primavera,VIIRS-NOAA-20|VIIRS-NOAA-21,3,7.4,12.9
E20260724-88802AA113,3,2026-07-24T12:52-05:00,2026-07-24T13:45-05:00,0.88,-72.6737,3.45736,0.9,false,1,50,Meta,1,50689,San Martín,VIIRS-NOAA-20|VIIRS-NOAA-21,3,7.8,9.9
E20260724-990B641B08,3,2026-07-24T12:54-05:00,2026-07-25T12:34-05:00,23.67,-75.2851,9.57594,0.81,false,1,70,Sucre,2,70230|70508,Chalán|Ovejas,VIIRS-NOAA-21,3,6.37,9.7
E20260724-9E9D8367AF,8,2026-07-24T12:52-05:00,2026-07-24T14:38-05:00,1.77,-70.90166,5.67592,2.12,false,1,85,Casanare,1,85250,Paz De Ariporo,MODIS-Aqua|VIIRS-NOAA-20|VIIRS-NOAA-21,8,10.59,31.0
E20260724-B4F9DF3C55,5,2026-07-24T12:54-05:00,2026-07-24T20:58-05:00,8.07,-73.46106,8.61987,0.93,false,1,54,Norte De Santander,1,54245,El Carmen,MODIS-Terra|VIIRS-NOAA-20|VIIRS-NOAA-21,5,34.44,101.4
E20260724-B93D424DEB,25,2026-07-24T12:52-05:00,2026-07-25T01:29-05:00,12.62,-76.07603,3.65677,2.82,false,1,76,Valle Del Cauca,1,76248,El Cerrito,MODIS-Terra|VIIRS-NOAA-20|VIIRS-NOAA-21,24,14.85,56.6
E20260724-BB8B7F44EF,9,2026-07-24T12:52-05:00,2026-07-24T13:45-05:00,0.88,-70.14502,5.18678,1.87,false,1,99,Vichada,1,99524,La Primavera,VIIRS-NOAA-20|VIIRS-NOAA-21,9,7.92,12.3
E20260724-C2D9F49C1B,6,2026-07-24T13:47-05:00,2026-07-25T13:30-05:00,23.72,-73.47514,9.76126,0.78,false,1,20,Cesar,2,20013|20045,Agustín Codazzi|Becerril,VIIRS-NOAA-20|VIIRS-NOAA-21,6,4.12,8.4
E20260724-D0B122A644,3,2026-07-24T12:52-05:00,2026-07-24T13:45-05:00,0.88,-75.54215,3.44714,0.31,false,1,73,Tolima,1,73067,Ataco,VIIRS-NOAA-20|VIIRS-NOAA-21,3,4.6,6.5
E20260724-D7777BFBF2,3,2026-07-24T12:52-05:00,2026-07-24T13:45-05:00,0.88,-73.08368,3.38152,0.49,false,1,50,Meta,1,50689,San Martín,VIIRS-NOAA-20|VIIRS-NOAA-21,3,12.7,17.2
E20260724-DB1C89830D,3,2026-07-24T13:45-05:00,2026-07-24T13:45-05:00,0.0,-69.67183,5.97242,0.87,false,1,99,Vichada,1,99524,La Primavera,VIIRS-NOAA-20,3,12.57,16.1
E20260725-01869B6089,3,2026-07-25T12:34-05:00,2026-07-25T13:30-05:00,0.93,-74.80174,9.64178,1.23,false,1,13,Bolívar,1,13212,Córdoba,VIIRS-NOAA-20|VIIRS-NOAA-21,3,8.0,16.4
E20260725-03CCFD8AE0,3,2026-07-25T01:29-05:00,2026-07-25T13:30-05:00,12.02,-72.72636,10.97461,0.55,false,1,44,La Guajira,1,44078,Barrancas,VIIRS-NOAA-20|VIIRS-NOAA-21,3,6.23,10.2
E20260725-05AC8594F8,3,2026-07-25T12:34-05:00,2026-07-25T12:34-05:00,0.0,-70.28562,5.13228,0.85,false,1,99,Vichada,1,99524,La Primavera,VIIRS-NOAA-21,3,10.97,14.9
E20260725-0986EF24B8,4,2026-07-25T13:28-05:00,2026-07-25T14:15-05:00,0.78,-75.19991,8.29079,0.81,false,1,23,Córdoba,1,23068,Ayapel,VIIRS-NOAA-20|VIIRS-NOAA-21,4,3.6,6.6
E20260725-1B97F8D5B5,3,2026-07-25T00:44-05:00,2026-07-25T13:30-05:00,12.77,-74.62986,9.87978,0.45,false,1,47,Magdalena,1,47555,Plato,VIIRS-NOAA-20|VIIRS-NOAA-21,2,2.25,3.3
E20260725-23261534A2,6,2026-07-25T12:34-05:00,2026-07-25T13:30-05:00,0.93,-72.88969,10.68157,0.87,false,1,44,La Guajira,1,44110,El Molino,VIIRS-NOAA-20|VIIRS-NOAA-21,6,13.73,29.2
E20260725-2C224A2D56,4,2026-07-25T01:29-05:00,2026-07-25T01:29-05:00,0.0,-73.26072,9.55265,0.89,false,1,20,Cesar,1,20400,La Jagua De Ibirico,VIIRS-NOAA-21,4,2.58,3.3
E20260725-2C4CC579E9,3,2026-07-25T12:37-05:00,2026-07-25T13:30-05:00,0.88,-72.85048,11.15179,0.38,false,1,44,La Guajira,1,44001,Riohacha,VIIRS-NOAA-20|VIIRS-NOAA-21,3,11.6,16.6
E20260725-2C8851229B,5,2026-07-25T12:34-05:00,2026-07-25T12:34-05:00,0.0,-70.52327,4.29699,1.39,false,1,99,Vichada,1,99773,Cumaribo,VIIRS-NOAA-21,5,10.74,15.3
E20260725-2EEB8A51D3,3,2026-07-25T13:30-05:00,2026-07-25T13:30-05:00,0.0,-75.24089,9.58866,0.57,false,1,70,Sucre,1,70508,Ovejas,VIIRS-NOAA-20,3,11.77,11.8
E20260725-43F93505ED,4,2026-07-25T12:32-05:00,2026-07-25T13:28-05:00,0.93,-72.26481,3.21338,0.97,false,1,50,Meta,1,50325,Mapiripán,VIIRS-NOAA-20|VIIRS-NOAA-21,4,13.57,17.5
E20260725-4BBFA0F2F4,3,2026-07-25T12:34-05:00,2026-07-25T13:30-05:00,0.93,-75.18031,9.56345,0.69,false,1,70,Sucre,1,70508,Ovejas,VIIRS-NOAA-20|VIIRS-NOAA-21,3,7.9,10.9
E20260725-4F9124958D,4,2026-07-25T12:34-05:00,2026-07-25T13:28-05:00,0.9,-67.88975,5.13017,0.62,false,1,99,Vichada,1,99773,Cumaribo,VIIRS-NOAA-20|VIIRS-NOAA-21,4,7.7,10.6
E20260725-5069323764,6,2026-07-25T12:34-05:00,2026-07-25T13:30-05:00,0.93,-73.2244,9.70534,0.7,false,1,20,Cesar,1,20045,Becerril,VIIRS-NOAA-20|VIIRS-NOAA-21,6,9.38,22.2
E20260725-5098F9D3A1,3,2026-07-25T12:34-05:00,2026-07-25T13:28-05:00,0.9,-70.96839,4.72973,0.47,false,1,99,Vichada,1,99773,Cumaribo,VIIRS-NOAA-20|VIIRS-NOAA-21,3,6.77,10.9
E20260725-509CCD9F51,5,2026-07-25T12:37-05:00,2026-07-25T13:30-05:00,0.88,-72.81279,11.23377,0.56,false,1,44,La Guajira,1,44001,Riohacha,VIIRS-NOAA-20|VIIRS-NOAA-21,5,22.4,46.5
E20260725-50E14519AD,3,2026-07-25T13:30-05:00,2026-07-25T13:30-05:00,0.0,-74.31854,8.90355,0.6,false,1,13,Bolívar,1,13549,Pinillos,VIIRS-NOAA-20,3,5.27,5.3
E20260725-572A4C096F,5,2026-07-25T01:29-05:00,2026-07-26T02:05-05:00,24.6,-76.47804,3.4023,0.6,false,1,76,Valle Del Cauca,1,76001,Santiago De Cali,VIIRS-NOAA-20|VIIRS-NOAA-21,3,1.33,1.6
E20260725-582E74AB19,3,2026-07-25T12:34-05:00,2026-07-25T13:30-05:00,0.93,-73.73204,9.77404,0.59,false,1,20,Cesar,1,20250,El Paso,VIIRS-NOAA-20|VIIRS-NOAA-21,3,5.6,7.0
E20260725-59BD76A3CC,3,2026-07-25T13:30-05:00,2026-07-25T15:17-05:00,1.78,-74.89829,10.9768,1.19,false,1,08,Atlántico,2,08001|08573,Barranquilla|Puerto Colombia,MODIS-Aqua|VIIRS-NOAA-20,3,7.0,12.8
E20260725-5C9A6A5642,8,2026-07-25T12:34-05:00,2026-07-25T13:28-05:00,0.9,-70.05536,5.14932,1.24,false,1,99,Vichada,1,99524,La Primavera,VIIRS-NOAA-20|VIIRS-NOAA-21,8,8.21,13.1
E20260725-5D58D6895F,4,2026-07-25T12:37-05:00,2026-07-25T13:30-05:00,0.88,-73.0666,11.22914,0.59,false,1,44,La Guajira,1,44001,Riohacha,VIIRS-NOAA-20|VIIRS-NOAA-21,4,4.1,6.1
E20260725-5F9563BBD5,3,2026-07-25T12:32-05:00,2026-07-25T12:32-05:00,0.0,-72.63959,3.14642,1.37,false,1,50,Meta,1,50325,Mapiripán,VIIRS-NOAA-21,3,5.67,7.2
E20260725-66694E05EC,3,2026-07-25T12:34-05:00,2026-07-25T13:30-05:00,0.93,-72.97477,10.75934,0.42,false,1,44,La Guajira,1,44650,San Juan Del Cesar,VIIRS-NOAA-20|VIIRS-NOAA-21,3,2.8,3.6
E20260725-7484F2DABB,3,2026-07-25T13:28-05:00,2026-07-25T14:15-05:00,0.78,-77.19754,1.61758,0.58,false,1,52,Nariño,1,52687,San Lorenzo,VIIRS-NOAA-20|VIIRS-NOAA-21,3,8.0,13.4
E20260725-748FE089A8,3,2026-07-25T13:28-05:00,2026-07-25T13:28-05:00,0.0,-69.71217,5.70231,0.7,false,1,99,Vichada,1,99524,La Primavera,VIIRS-NOAA-20,3,5.2,6.5
E20260725-76982B41AB,9,2026-07-25T12:37-05:00,2026-07-25T13:30-05:00,0.88,-73.01425,11.20009,1.35,false,1,44,La Guajira,1,44001,Riohacha,VIIRS-NOAA-20|VIIRS-NOAA-21,9,18.78,28.6
E20260725-7A4823DBA7,4,2026-07-25T01:31-05:00,2026-07-25T01:31-05:00,0.0,-72.5978,8.08073,1.19,false,1,54,Norte De Santander,1,54261,El Zulia,VIIRS-NOAA-21,3,1.2,1.3
E20260725-7C77F887DE,3,2026-07-25T13:30-05:00,2026-07-25T13:30-05:00,0.0,-74.23126,10.4803,0.97,false,1,47,Magdalena,1,47551,Pivijay,VIIRS-NOAA-20,3,3.4,3.6
E20260725-81DEF8F448,4,2026-07-25T01:29-05:00,2026-07-26T02:03-05:00,24.57,-75.48652,10.31971,0.61,false,1,13,Bolívar,1,13001,Cartagena De Indias,VIIRS-NOAA-20|VIIRS-NOAA-21,3,1.67,2.4
E20260725-89CF12D5A2,3,2026-07-25T12:34-05:00,2026-07-25T13:30-05:00,0.93,-73.76257,9.35921,0.34,false,1,20,Cesar,1,20175,Chimichagua,VIIRS-NOAA-20|VIIRS-NOAA-21,3,7.7,11.4
E20260725-8D54E32DBB,3,2026-07-25T12:34-05:00,2026-07-25T13:28-05:00,0.9,-75.93134,4.77444,0.54,false,1,76,Valle Del Cauca,1,76147,Cartago,VIIRS-NOAA-20|VIIRS-NOAA-21,3,19.13,24.5
E20260725-941F87BCAD,3,2026-07-25T12:34-05:00,2026-07-25T15:17-05:00,2.72,-73.52809,9.35107,0.66,false,1,20,Cesar,1,20178,Chiriguaná,MODIS-Aqua|VIIRS-NOAA-20|VIIRS-NOAA-21,3,8.77,11.9
E20260725-981A749F31,6,2026-07-24T20:58-05:00,2026-07-25T15:14-05:00,18.27,-75.39518,3.6507,1.63,false,1,73,Tolima,1,73168,Chaparral,MODIS-Aqua|MODIS-Terra|VIIRS-NOAA-21,6,9.65,18.0
E20260725-BB08D7F094,4,2026-07-25T13:28-05:00,2026-07-25T15:14-05:00,1.77,-71.92372,3.36855,1.02,false,1,50,Meta,1,50325,Mapiripán,MODIS-Aqua|VIIRS-NOAA-20,4,7.67,10.7
E20260725-BD2842D7E0,4,2026-07-25T01:29-05:00,2026-07-25T02:24-05:00,0.92,-73.50834,9.74056,1.14,false,1,20,Cesar,2,20013|20045,Agustín Codazzi|Becerril,VIIRS-NOAA-20|VIIRS-NOAA-21,4,2.45,3.4
E20260725-C7911581CD,3,2026-07-25T13:28-05:00,2026-07-25T14:15-05:00,0.78,-75.2934,4.2293,0.57,false,1,73,Tolima,1,73624,Rovira,VIIRS-NOAA-20|VIIRS-NOAA-21,3,11.63,16.9
E20260725-CE0A850945,6,2026-07-25T01:31-05:00,2026-07-25T01:31-05:00,0.0,-72.56718,7.89283,1.49,false,1,54,Norte De Santander,2,54001|54673,San Cayetano|San José De Cúcuta,VIIRS-NOAA-21,4,1.1,1.1
E20260725-CE478C9C29,4,2026-07-25T13:28-05:00,2026-07-25T13:28-05:00,0.0,-68.7303,5.67143,0.78,false,1,99,Vichada,1,99001,Puerto Carreño,VIIRS-NOAA-20,4,13.95,23.7
E20260725-D0A3C1C8BC,4,2026-07-25T12:34-05:00,2026-07-25T13:30-05:00,0.93,-74.13305,9.25901,0.77,false,1,47,Magdalena,1,47318,Guamal,VIIRS-NOAA-20|VIIRS-NOAA-21,4,4.47,5.4
E20260725-D2C325717D,3,2026-07-25T13:30-05:00,2026-07-25T15:17-05:00,1.78,-73.00342,11.17595,0.55,false,1,44,La Guajira,1,44001,Riohacha,MODIS-Aqua|VIIRS-NOAA-20,3,7.77,8.6
E20260725-D853A0B55E,6,2026-07-25T12:37-05:00,2026-07-25T13:30-05:00,0.88,-73.07164,11.20337,0.65,false,1,44,La Guajira,1,44001,Riohacha,VIIRS-NOAA-20|VIIRS-NOAA-21,6,12.17,18.5
E20260725-DCF333E9B6,8,2026-07-25T12:34-05:00,2026-07-25T15:17-05:00,2.72,-74.52142,9.57505,0.96,false,1,47,Magdalena,1,47555,Plato,MODIS-Aqua|VIIRS-NOAA-20|VIIRS-NOAA-21,8,11.56,19.2
E20260725-DFAFA648B3,3,2026-07-25T13:30-05:00,2026-07-25T15:17-05:00,1.78,-74.36415,9.96038,0.88,false,1,47,Magdalena,1,47660,Sabanas De San Ángel,MODIS-Aqua|VIIRS-NOAA-20,3,8.67,10.8
E20260725-F19A3A4ADE,4,2026-07-25T12:34-05:00,2026-07-25T13:30-05:00,0.93,-74.46035,9.21736,0.77,false,1,13,Bolívar,1,13468,Santa Cruz De Mompox,VIIRS-NOAA-20|VIIRS-NOAA-21,4,6.2,7.4
E20260725-F677147988,12,2026-07-24T20:58-05:00,2026-07-26T02:07-05:00,29.15,-76.51571,2.42727,2.18,false,1,19,Cauca,1,19001,Popayán,MODIS-Terra|VIIRS-NOAA-20|VIIRS-NOAA-21,11,3.98,8.3
E20260725-FF367B580D,3,2026-07-25T12:34-05:00,2026-07-25T13:28-05:00,0.9,-70.75736,3.99638,0.74,false,1,99,Vichada,1,99773,Cumaribo,VIIRS-NOAA-20|VIIRS-NOAA-21,3,3.8,5.0
E20260726-4D5C7DCD34,4,2026-07-26T13:53-05:00,2026-07-26T13:53-05:00,0.0,-75.32977,3.54919,0.67,false,1,73,Tolima,1,73067,Ataco,VIIRS-NOAA-21,4,13.15,16.8
E20260726-6034730F13,3,2026-07-26T13:11-05:00,2026-07-26T13:11-05:00,0.0,-68.47217,4.62577,0.61,false,1,99,Vichada,1,99773,Cumaribo,VIIRS-NOAA-20,3,5.87,6.8
E20260726-694835474F,4,2026-07-26T13:11-05:00,2026-07-26T13:56-05:00,0.75,-75.35275,10.67625,0.76,false,1,13,Bolívar,1,13001,Cartagena De Indias,VIIRS-NOAA-20|VIIRS-NOAA-21,4,5.05,6.4
E20260727-0BD68D1538,4,2026-07-27T12:52-05:00,2026-07-28T13:17-05:00,24.42,-73.77857,7.89803,0.63,false,1,68,Santander,1,68575,Puerto Wilches,VIIRS-NOAA-20|VIIRS-NOAA-21,4,4.12,5.7
E20260727-23CAA55232,9,2026-07-27T08:55-05:00,2026-07-27T13:36-05:00,4.68,-68.69587,4.73518,1.27,false,1,99,Vichada,1,99773,Cumaribo,MODIS-Terra|VIIRS-NOAA-20|VIIRS-NOAA-21,9,22.31,41.0
E20260727-276C361A07,3,2026-07-27T14:53-05:00,2026-07-27T14:53-05:00,0.0,-69.3242,5.45227,1.32,false,1,99,Vichada,1,99524,La Primavera,MODIS-Aqua,3,25.47,32.8
E20260727-3FD2857CC4,4,2026-07-27T12:52-05:00,2026-07-27T14:55-05:00,2.05,-72.71428,8.45302,1.1,false,1,54,Norte De Santander,1,54810,Tibú,MODIS-Aqua|VIIRS-NOAA-20|VIIRS-NOAA-21,4,14.47,21.6
E20260727-4C1F9F2EA6,4,2026-07-27T13:36-05:00,2026-07-27T13:36-05:00,0.0,-72.11265,3.90432,0.82,false,1,50,Meta,1,50568,Puerto Gaitán,VIIRS-NOAA-21,4,16.43,26.1
E20260727-7177C0DA92,7,2026-07-27T12:49-05:00,2026-07-27T14:53-05:00,2.07,-69.32716,5.4676,1.47,false,1,99,Vichada,1,99524,La Primavera,MODIS-Aqua|VIIRS-NOAA-20,7,13.34,20.3
E20260727-9BC3076B9E,6,2026-07-27T12:49-05:00,2026-07-28T13:17-05:00,24.47,-71.49653,4.78519,0.74,false,1,85,Casanare,1,85230,Orocué,VIIRS-NOAA-20|VIIRS-NOAA-21,6,7.57,15.3
E20260727-A3AB10D81D,3,2026-07-27T12:49-05:00,2026-07-27T13:36-05:00,0.78,-69.92304,6.48221,0.18,false,1,81,Arauca,1,81220,Cravo Norte,VIIRS-NOAA-20|VIIRS-NOAA-21,3,9.6,14.2
E20260727-C1435FE3F8,4,2026-07-27T13:38-05:00,2026-07-28T12:34-05:00,22.93,-73.05056,10.41031,1.25,false,2,20|44,Cesar|La Guajira,2,20443|44420,La Jagua Del Pilar|Manaure Balcón Del Cesar,VIIRS-NOAA-20|VIIRS-NOAA-21,4,9.3,12.9
E20260727-D0FF3B8B9F,8,2026-07-27T00:55-05:00,2026-07-27T08:57-05:00,8.03,-77.12848,1.68378,1.04,false,1,19,Cauca,2,19290|19450,Florencia|Mercaderes,MODIS-Terra|VIIRS-NOAA-20|VIIRS-NOAA-21,8,3.9,9.6
E20260727-EAC2FB4393,3,2026-07-27T14:53-05:00,2026-07-28T15:32-05:00,24.65,-72.33019,4.18659,1.27,false,1,50,Meta,1,50573,Puerto López,MODIS-Aqua|VIIRS-NOAA-21,3,16.5,38.7
E20260727-EDEA556506,5,2026-07-27T12:49-05:00,2026-07-28T12:32-05:00,23.72,-70.77304,4.24401,1.31,false,1,99,Vichada,1,99773,Cumaribo,VIIRS-NOAA-20,5,5.42,6.4
E20260727-EF3D9314D9,3,2026-07-27T12:49-05:00,2026-07-27T12:49-05:00,0.0,-75.67445,3.38192,0.43,false,1,73,Tolima,1,73067,Ataco,VIIRS-NOAA-20,3,11.67,18.8
E20260727-F30B8AD5E6,3,2026-07-27T13:38-05:00,2026-07-27T13:38-05:00,0.0,-72.79823,11.2679,0.53,false,1,44,La Guajira,1,44001,Riohacha,VIIRS-NOAA-21,3,22.63,32.1
E20260728-076B1DF430,3,2026-07-28T13:15-05:00,2026-07-28T15:32-05:00,2.28,-75.86286,2.58876,1.66,false,1,19,Cauca,1,19517,Páez,MODIS-Aqua|VIIRS-NOAA-21,3,9.2,12.0
E20260728-0AC5063DBD,3,2026-07-28T14:10-05:00,2026-07-28T15:32-05:00,1.37,-74.96525,5.03822,0.77,false,1,73,Tolima,1,73270,Falan,MODIS-Aqua|VIIRS-NOAA-20,3,6.97,10.7
E20260728-0F4ECAE2D2,7,2026-07-28T12:32-05:00,2026-07-29T13:53-05:00,25.35,-74.81386,6.3905,1.42,false,1,05,Antioquia,1,05670,San Roque,MODIS-Aqua|VIIRS-NOAA-20,7,22.24,55.2
E20260728-1E04A813B0,3,2026-07-28T13:17-05:00,2026-07-28T15:32-05:00,2.25,-73.48447,9.19161,1.06,false,1,20,Cesar,1,20228,Curumaní,MODIS-Aqua|VIIRS-NOAA-20|VIIRS-NOAA-21,3,10.63,13.3
E20260728-25EAC62010,3,2026-07-28T13:15-05:00,2026-07-28T13:15-05:00,0.0,-70.28906,4.26449,0.66,false,1,99,Vichada,1,99773,Cumaribo,VIIRS-NOAA-21,3,4.5,5.5
E20260728-2646C80135,4,2026-07-28T12:32-05:00,2026-07-28T13:17-05:00,0.75,-69.73342,4.92183,0.54,false,1,99,Vichada,1,99524,La Primavera,VIIRS-NOAA-20|VIIRS-NOAA-21,4,4.6,4.7
E20260728-2AF30AE176,3,2026-07-28T15:34-05:00,2026-07-29T13:53-05:00,22.32,-73.73486,10.03874,1.2,false,1,20,Cesar,1,20001,Valledupar,MODIS-Aqua|VIIRS-NOAA-20,3,13.4,19.7
E20260728-41FE6F27AF,3,2026-07-28T12:32-05:00,2026-07-28T13:15-05:00,0.72,-71.06907,4.18772,0.4,false,1,99,Vichada,1,99773,Cumaribo,VIIRS-NOAA-20|VIIRS-NOAA-21,3,7.67,9.0
E20260728-4458F6A4EE,3,2026-07-28T13:15-05:00,2026-07-28T15:32-05:00,2.28,-77.1884,2.02954,0.71,false,1,19,Cauca,1,19075,Balboa,MODIS-Aqua|VIIRS-NOAA-21,3,21.3,23.5
E20260728-5204550A1E,7,2026-07-28T01:27-05:00,2026-07-29T01:10-05:00,23.72,-72.87778,5.77468,1.4,false,1,15,Boyacá,3,15215|15491|15820,Corrales|Nobsa|Tópaga,VIIRS-NOAA-20|VIIRS-NOAA-21,4,2.42,2.9
E20260728-5614386563,3,2026-07-28T01:27-05:00,2026-07-29T01:08-05:00,23.68,-72.48891,7.95285,0.35,false,1,54,Norte De Santander,1,54001,San José De Cúcuta,VIIRS-NOAA-20|VIIRS-NOAA-21,3,4.03,6.7
E20260728-580A62E3A0,3,2026-07-28T01:27-05:00,2026-07-29T01:10-05:00,23.72,-73.71285,5.32448,0.37,false,1,25,Cundinamarca,1,25407,Lenguazaque,VIIRS-NOAA-20,2,1.55,1.9
E20260728-58CF4944A7,3,2026-07-28T12:32-05:00,2026-07-28T15:32-05:00,3.0,-71.6308,3.94531,1.1,false,1,50,Meta,1,50568,Puerto Gaitán,MODIS-Aqua|VIIRS-NOAA-20,3,9.63,12.9
E20260728-5F83732388,3,2026-07-28T14:10-05:00,2026-07-28T15:32-05:00,1.37,-75.16076,4.01169,1.02,false,1,73,Tolima,1,73678,San Luis,MODIS-Aqua|VIIRS-NOAA-20,3,7.33,8.9
E20260728-6039FC51ED,5,2026-07-28T12:32-05:00,2026-07-28T14:13-05:00,1.68,-73.69424,8.32185,0.93,false,1,20,Cesar,1,20295,Gamarra,VIIRS-NOAA-20|VIIRS-NOAA-21,5,9.16,14.1
E20260728-637CD0DB43,6,2026-07-28T01:27-05:00,2026-07-29T01:57-05:00,24.5,-73.55903,5.46316,1.34,false,1,15,Boyacá,1,15646,Samacá,VIIRS-NOAA-20|VIIRS-NOAA-21,4,1.48,1.9
E20260728-694C14DA5F,3,2026-07-28T12:34-05:00,2026-07-28T13:19-05:00,0.75,-73.13004,10.87557,0.63,false,1,44,La Guajira,1,44650,San Juan Del Cesar,VIIRS-NOAA-20|VIIRS-NOAA-21,3,6.3,9.3
E20260728-6AA6D65FA5,6,2026-07-28T13:17-05:00,2026-07-28T15:32-05:00,2.25,-73.72357,6.87975,1.17,false,1,68,Santander,1,68689,San Vicente De Chucurí,MODIS-Aqua|VIIRS-NOAA-20|VIIRS-NOAA-21,6,23.53,36.4
E20260728-715DD30B13,7,2026-07-28T13:17-05:00,2026-07-28T13:17-05:00,0.0,-69.85688,5.91485,1.7,false,1,99,Vichada,1,99524,La Primavera,VIIRS-NOAA-21,7,12.87,20.0
E20260728-72DEEA86CD,7,2026-07-28T12:34-05:00,2026-07-29T01:54-05:00,13.33,-72.64059,11.27604,1.5,false,1,44,La Guajira,1,44001,Riohacha,MODIS-Aqua|VIIRS-NOAA-20|VIIRS-NOAA-21,7,8.26,19.9
E20260728-8C80860729,6,2026-07-28T12:32-05:00,2026-07-28T13:17-05:00,0.75,-69.03952,5.93435,1.03,false,1,99,Vichada,1,99524,La Primavera,VIIRS-NOAA-20|VIIRS-NOAA-21,6,19.23,45.0
E20260728-90EFD36E41,4,2026-07-28T13:15-05:00,2026-07-28T15:32-05:00,2.28,-75.37893,3.6024,0.62,false,1,73,Tolima,2,73067|73168,Ataco|Chaparral,MODIS-Aqua|VIIRS-NOAA-20|VIIRS-NOAA-21,4,6.0,9.4
E20260728-94379FFF8B,3,2026-07-28T13:17-05:00,2026-07-29T01:08-05:00,11.85,-73.57487,9.0422,0.55,false,1,20,Cesar,1,20517,Pailitas,VIIRS-NOAA-20|VIIRS-NOAA-21,3,6.27,12.6
E20260728-984872E1B6,6,2026-07-28T12:32-05:00,2026-07-29T01:54-05:00,13.37,-73.3743,8.542,1.02,false,1,54,Norte De Santander,1,54206,Convención,MODIS-Aqua|VIIRS-NOAA-20|VIIRS-NOAA-21,5,6.26,8.6
E20260728-9B6D1E4E21,4,2026-07-28T01:27-05:00,2026-07-29T01:08-05:00,23.68,-73.50445,9.7414,1.37,false,1,20,Cesar,2,20013|20045,Agustín Codazzi|Becerril,VIIRS-NOAA-20,4,2.92,3.5
E20260728-ABDD4A5F4B,4,2026-07-28T13:15-05:00,2026-07-28T15:32-05:00,2.28,-76.84567,2.12648,1.13,false,1,19,Cauca,1,19397,La Vega,MODIS-Aqua|VIIRS-NOAA-20|VIIRS-NOAA-21,4,7.38,9.3
E20260728-B634A33887,5,2026-07-28T12:34-05:00,2026-07-28T13:19-05:00,0.75,-72.73912,11.22675,0.72,false,1,44,La Guajira,1,44001,Riohacha,VIIRS-NOAA-20|VIIRS-NOAA-21,5,4.3,7.3
E20260728-B71B5B6AFB,4,2026-07-28T12:34-05:00,2026-07-28T13:19-05:00,0.75,-73.05012,10.94498,0.6,false,1,44,La Guajira,1,44650,San Juan Del Cesar,VIIRS-NOAA-20|VIIRS-NOAA-21,4,22.43,35.5
E20260728-BBDBFCA833,3,2026-07-28T12:34-05:00,2026-07-28T13:19-05:00,0.75,-72.71011,11.195,0.46,false,1,44,La Guajira,1,44001,Riohacha,VIIRS-NOAA-20|VIIRS-NOAA-21,3,9.03,12.8
E20260728-BF5528AED4,4,2026-07-28T12:32-05:00,2026-07-28T12:32-05:00,0.0,-71.74513,6.34239,0.76,false,1,81,Arauca,1,81794,Tame,VIIRS-NOAA-20,4,9.93,12.4
E20260728-C3609CC546,3,2026-07-28T13:17-05:00,2026-07-28T14:10-05:00,0.88,-74.87969,4.91618,0.43,false,1,73,Tolima,1,73055,Armero,VIIRS-NOAA-20|VIIRS-NOAA-21,3,3.73,4.3
E20260728-C42C98A78D,3,2026-07-28T12:32-05:00,2026-07-28T15:32-05:00,3.0,-73.74389,8.34057,0.61,false,1,20,Cesar,1,20295,Gamarra,MODIS-Aqua|VIIRS-NOAA-20,3,7.57,8.3
E20260728-C6449C960C,5,2026-07-28T12:34-05:00,2026-07-28T13:19-05:00,0.75,-73.0836,11.24772,1.05,false,1,44,La Guajira,1,44001,Riohacha,VIIRS-NOAA-20|VIIRS-NOAA-21,5,53.82,228.8
E20260728-C94E5C806A,3,2026-07-28T01:27-05:00,2026-07-28T12:34-05:00,11.12,-73.34464,9.98026,0.62,false,1,20,Cesar,1,20013,Agustín Codazzi,VIIRS-NOAA-20,3,1.8,3.2
E20260728-CC54B51C4B,3,2026-07-28T12:32-05:00,2026-07-28T13:17-05:00,0.75,-71.3243,4.95149,0.55,false,1,85,Casanare,1,85230,Orocué,VIIRS-NOAA-20|VIIRS-NOAA-21,3,3.87,4.5
E20260728-CDDF8783ED,9,2026-07-28T02:12-05:00,2026-07-30T01:33-05:00,47.35,-72.72564,10.97621,1.04,false,1,44,La Guajira,1,44078,Barrancas,VIIRS-NOAA-20|VIIRS-NOAA-21,9,4.51,8.9
E20260728-D33FCED1F8,3,2026-07-28T12:32-05:00,2026-07-28T12:32-05:00,0.0,-68.41189,4.86905,0.61,false,1,99,Vichada,1,99773,Cumaribo,VIIRS-NOAA-20,3,8.07,13.7
E20260728-DED0A89639,4,2026-07-28T13:15-05:00,2026-07-28T15:32-05:00,2.28,-74.78041,3.52365,0.74,false,1,73,Tolima,1,73236,Dolores,MODIS-Aqua|VIIRS-NOAA-20|VIIRS-NOAA-21,4,7.4,9.5
E20260728-E00191C0AC,3,2026-07-28T14:10-05:00,2026-07-28T14:10-05:00,0.0,-74.07162,5.77199,0.57,false,1,15,Boyacá,1,15531,Pauna,VIIRS-NOAA-20,3,7.67,11.2
E20260728-E74E5B1599,4,2026-07-28T12:34-05:00,2026-07-28T13:17-05:00,0.72,-73.34454,10.03379,0.67,false,1,20,Cesar,1,20013,Agustín Codazzi,VIIRS-NOAA-20|VIIRS-NOAA-21,4,13.03,26.3
E20260728-E8731E2B63,4,2026-07-28T13:15-05:00,2026-07-28T13:15-05:00,0.0,-75.44539,3.60869,0.64,false,1,73,Tolima,1,73168,Chaparral,VIIRS-NOAA-21,4,9.57,13.5
E20260728-ED90E0BABB,7,2026-07-28T15:32-05:00,2026-07-30T13:36-05:00,46.07,-74.60919,7.08226,1.52,false,1,05,Antioquia,1,05604,Remedios,MODIS-Aqua|VIIRS-NOAA-20|VIIRS-NOAA-21,7,14.06,24.9
E20260728-FBE09F40C7,3,2026-07-28T14:10-05:00,2026-07-28T14:10-05:00,0.0,-74.40976,6.03966,0.69,false,1,15,Boyacá,1,15572,Puerto Boyacá,VIIRS-NOAA-20,3,12.5,13.6
E20260729-11AB5E4F0D,3,2026-07-29T13:56-05:00,2026-07-29T13:56-05:00,0.0,-72.84075,10.62686,0.41,false,1,44,La Guajira,1,44110,El Molino,VIIRS-NOAA-20,3,11.3,17.1
E20260729-1BF0670FB2,3,2026-07-29T13:53-05:00,2026-07-29T13:53-05:00,0.0,-75.10071,8.26162,0.83,false,1,23,Córdoba,1,23068,Ayapel,VIIRS-NOAA-20,3,62.33,65.2
E20260729-1C4568901C,6,2026-07-29T13:56-05:00,2026-07-30T15:12-05:00,25.27,-73.11556,11.22719,1.05,false,1,44,La Guajira,1,44001,Riohacha,MODIS-Aqua|VIIRS-NOAA-20,6,7.6,8.8
E20260729-325F762522,9,2026-07-29T01:54-05:00,2026-08-02T01:33-05:00,95.65,-75.48715,10.3193,1.11,false,1,13,Bolívar,1,13001,Cartagena De Indias,VIIRS-NOAA-20|VIIRS-NOAA-21,7,2.37,3.6
E20260729-3478BC7B4E,4,2026-07-29T13:53-05:00,2026-07-29T13:53-05:00,0.0,-73.9839,8.97279,0.63,false,1,13,Bolívar,2,13268|13667,El Peñón|San Martín De Loba,VIIRS-NOAA-20,4,10.4,10.6
E20260729-438F74BE28,5,2026-07-29T13:53-05:00,2026-07-30T13:36-05:00,23.72,-74.05072,9.71579,0.54,false,1,47,Magdalena,1,47707,Santa Ana,VIIRS-NOAA-20,5,6.68,8.7
E20260729-45F32C4307,3,2026-07-29T13:53-05:00,2026-07-29T13:53-05:00,0.0,-72.982,8.4408,0.51,false,1,54,Norte De Santander,1,54670,San Calixto,VIIRS-NOAA-20,3,173.13,236.6
E20260729-4A88A18DFC,6,2026-07-29T13:53-05:00,2026-07-29T13:53-05:00,0.0,-73.4646,9.6226,1.09,false,1,20,Cesar,2,20250|20400,El Paso|La Jagua De Ibirico,VIIRS-NOAA-20,6,9.33,10.2
E20260729-4CD774A476,3,2026-07-29T08:33-05:00,2026-07-29T13:53-05:00,5.33,-73.33001,10.12628,0.41,false,1,20,Cesar,1,20750,San Diego,MODIS-Terra|VIIRS-NOAA-20,3,3.83,7.3
E20260729-52AA3ED4F9,4,2026-07-29T13:53-05:00,2026-07-30T13:36-05:00,23.72,-75.36899,9.58964,1.4,false,1,70,Sucre,1,70204,Colosó,VIIRS-NOAA-20|VIIRS-NOAA-21,4,7.08,7.9
E20260729-562783D8AE,4,2026-07-29T13:51-05:00,2026-07-29T13:51-05:00,0.0,-68.96064,4.56245,1.0,false,1,99,Vichada,1,99773,Cumaribo,VIIRS-NOAA-20,4,8.0,9.3
E20260729-56DA7CBDFF,4,2026-07-29T13:53-05:00,2026-07-29T13:53-05:00,0.0,-72.78513,8.28722,0.56,false,1,54,Norte De Santander,1,54720,Sardinata,VIIRS-NOAA-20,4,15.03,15.5
E20260729-63130A78EF,9,2026-07-29T13:53-05:00,2026-07-30T13:36-05:00,23.72,-73.82397,8.82584,1.19,false,1,13,Bolívar,2,13268|13580,El Peñón|Regidor,VIIRS-NOAA-20|VIIRS-NOAA-21,9,9.88,19.7
E20260729-6C27BF8736,4,2026-07-29T13:53-05:00,2026-07-29T13:53-05:00,0.0,-74.4171,7.42061,0.81,false,2,05|13,Antioquia|Bolívar,2,05736|13688,Santa Rosa Del Sur|Segovia,VIIRS-NOAA-20,4,10.95,16.8
E20260729-83AAB306B7,3,2026-07-29T13:51-05:00,2026-07-29T13:51-05:00,0.0,-71.48971,3.2108,0.52,false,1,50,Meta,1,50325,Mapiripán,VIIRS-NOAA-20,3,8.93,13.2
E20260729-885DD81C7E,4,2026-07-29T13:56-05:00,2026-07-29T13:56-05:00,0.0,-72.89282,11.14392,0.71,false,1,44,La Guajira,1,44001,Riohacha,VIIRS-NOAA-20,4,10.62,12.4
E20260729-99849B6481,12,2026-07-29T01:54-05:00,2026-08-02T01:33-05:00,95.65,-73.47456,9.7622,0.96,false,1,20,Cesar,2,20013|20045,Agustín Codazzi|Becerril,VIIRS-NOAA-20|VIIRS-NOAA-21,10,3.95,7.7
E20260729-9DF4910636,3,2026-07-29T01:54-05:00,2026-07-29T13:53-05:00,11.98,-73.50843,9.73779,0.54,false,1,20,Cesar,1,20045,Becerril,VIIRS-NOAA-20|VIIRS-NOAA-21,3,3.83,4.8
E20260729-A0A86D24F4,4,2026-07-29T13:56-05:00,2026-07-29T13:56-05:00,0.0,-73.16125,11.22031,0.59,false,1,44,La Guajira,2,44001|44090,Dibulla|Riohacha,VIIRS-NOAA-20,4,15.45,15.5
E20260729-B08AEBD2FC,7,2026-07-29T13:56-05:00,2026-07-31T14:04-05:00,48.13,-72.99643,11.07504,2.33,false,1,44,La Guajira,1,44001,Riohacha,VIIRS-NOAA-20|VIIRS-NOAA-21,7,8.84,11.7
E20260729-B13D277097,4,2026-07-29T13:53-05:00,2026-07-29T13:53-05:00,0.0,-72.76293,8.22545,0.8,false,1,54,Norte De Santander,1,54720,Sardinata,VIIRS-NOAA-20,4,15.7,20.1
E20260729-BCD0D1D8F2,4,2026-07-29T13:53-05:00,2026-07-29T13:53-05:00,0.0,-73.51911,8.29099,0.66,false,1,20,Cesar,2,20011|20614,Aguachica|Río De Oro,VIIRS-NOAA-20,4,10.18,13.4
E20260729-C3C2930016,4,2026-07-29T13:53-05:00,2026-07-29T13:53-05:00,0.0,-73.36132,9.5597,1.16,false,1,20,Cesar,1,20400,La Jagua De Ibirico,VIIRS-NOAA-20,4,5.53,7.0
E20260729-CBF9030825,6,2026-07-29T13:53-05:00,2026-07-30T15:10-05:00,25.28,-74.09832,9.0481,0.74,false,1,47,Magdalena,1,47245,El Banco,MODIS-Aqua|VIIRS-NOAA-20|VIIRS-NOAA-21,6,6.03,11.1
E20260729-D8E0C57900,3,2026-07-29T13:53-05:00,2026-07-29T13:53-05:00,0.0,-73.43924,8.79982,0.65,false,1,20,Cesar,1,20383,La Gloria,VIIRS-NOAA-20,3,5.93,6.7
E20260729-E5BAD14B26,3,2026-07-29T13:53-05:00,2026-07-30T12:41-05:00,22.8,-73.83235,8.96767,1.3,false,1,20,Cesar,1,20787,Tamalameque,VIIRS-NOAA-20|VIIRS-NOAA-21,3,3.23,3.7
E20260729-EDB8403AA3,14,2026-07-29T13:53-05:00,2026-07-30T13:36-05:00,23.72,-73.76893,7.9226,2.2,false,1,68,Santander,1,68575,Puerto Wilches,VIIRS-NOAA-20|VIIRS-NOAA-21,14,12.05,37.2
E20260729-F518695FF5,3,2026-07-29T13:51-05:00,2026-07-29T13:51-05:00,0.0,-74.24603,1.30479,0.51,false,1,18,Caquetá,1,18753,San Vicente Del Caguán,VIIRS-NOAA-20,3,7.53,10.0
E20260730-107FEA9C8E,5,2026-07-30T12:43-05:00,2026-07-30T13:36-05:00,0.88,-72.87574,11.29624,0.53,false,1,44,La Guajira,1,44001,Riohacha,VIIRS-NOAA-20|VIIRS-NOAA-21,5,9.44,11.7
E20260730-14EC19A087,5,2026-07-30T00:53-05:00,2026-07-30T01:37-05:00,0.73,-77.08675,1.83586,0.72,false,1,19,Cauca,1,19450,Mercaderes,VIIRS-NOAA-20|VIIRS-NOAA-21,5,3.32,5.0
E20260730-1683F1FCD7,3,2026-07-30T13:36-05:00,2026-07-30T13:36-05:00,0.0,-75.25659,9.67326,0.65,false,1,13,Bolívar,1,13244,El Carmen De Bolívar,VIIRS-NOAA-20,3,7.27,8.0
E20260730-1DD4E9DC10,4,2026-07-30T12:41-05:00,2026-07-30T13:36-05:00,0.92,-74.4069,8.93421,1.33,false,1,13,Bolívar,1,13549,Pinillos,VIIRS-NOAA-20|VIIRS-NOAA-21,4,7.47,10.0
E20260730-1EC778F1E1,3,2026-07-30T12:43-05:00,2026-07-30T12:43-05:00,0.0,-75.20936,9.87513,0.55,false,1,13,Bolívar,1,13654,San Jacinto,VIIRS-NOAA-21,3,9.4,13.0
E20260730-2353F34C9E,4,2026-07-30T12:41-05:00,2026-07-30T13:34-05:00,0.88,-74.85494,6.72367,0.56,false,1,05,Antioquia,1,05885,Yalí,VIIRS-NOAA-20|VIIRS-NOAA-21,4,15.62,17.9
E20260730-2B0E9D28D4,4,2026-07-30T13:36-05:00,2026-07-30T15:10-05:00,1.57,-73.51086,8.77187,1.4,false,1,20,Cesar,1,20383,La Gloria,MODIS-Aqua|VIIRS-NOAA-20,4,8.25,12.8
E20260730-43CB9B8BBC,3,2026-07-30T12:41-05:00,2026-07-30T13:36-05:00,0.92,-74.5497,9.08577,0.41,false,1,13,Bolívar,1,13468,Santa Cruz De Mompox,VIIRS-NOAA-20|VIIRS-NOAA-21,3,11.53,13.0
E20260730-498FCE3469,3,2026-07-30T13:36-05:00,2026-07-31T01:16-05:00,11.67,-73.5247,9.34606,1.28,false,1,20,Cesar,1,20178,Chiriguaná,MODIS-Aqua|VIIRS-NOAA-20|VIIRS-NOAA-21,3,6.73,13.4
E20260730-4A4C197E0C,16,2026-07-30T01:33-05:00,2026-08-04T00:55-05:00,119.37,-72.57594,11.13426,1.91,false,1,44,La Guajira,1,44035,Albania,VIIRS-NOAA-20|VIIRS-NOAA-21,15,3.26,5.0
E20260730-5A847FF077,6,2026-07-30T13:34-05:00,2026-07-31T13:15-05:00,23.68,-75.195,3.58507,2.0,false,1,73,Tolima,1,73483,Natagaima,MODIS-Aqua|VIIRS-NOAA-20|VIIRS-NOAA-21,6,7.35,21.1
E20260730-6088CFAA17,3,2026-07-30T15:12-05:00,2026-07-31T14:02-05:00,22.83,-75.04969,9.83545,1.36,false,1,13,Bolívar,1,13654,San Jacinto,MODIS-Aqua|VIIRS-NOAA-21,3,21.63,27.9
E20260730-6B5F94A149,4,2026-07-30T12:41-05:00,2026-07-30T12:41-05:00,0.0,-74.7672,6.1945,0.62,false,1,05,Antioquia,1,05585,Puerto Nare,VIIRS-NOAA-21,4,20.95,21.2
E20260730-6B7C8CED45,3,2026-07-30T13:36-05:00,2026-07-30T13:36-05:00,0.0,-74.70146,10.8752,0.83,false,1,47,Magdalena,1,47745,Sitionuevo,VIIRS-NOAA-20,3,5.33,6.3
E20260730-6FC9D354D1,5,2026-07-30T01:37-05:00,2026-07-30T02:31-05:00,0.9,-77.49802,0.9961,0.93,false,1,52,Nariño,1,52352,Iles,VIIRS-NOAA-20|VIIRS-NOAA-21,5,4.14,8.7
E20260730-7643BB216C,3,2026-07-30T13:36-05:00,2026-07-30T13:36-05:00,0.0,-73.77635,7.89221,0.64,false,1,68,Santander,1,68575,Puerto Wilches,VIIRS-NOAA-20,3,5.0,6.4
E20260730-7997EFDDB0,3,2026-07-30T12:41-05:00,2026-07-31T01:16-05:00,12.58,-73.76827,8.89934,0.64,false,1,20,Cesar,1,20787,Tamalameque,VIIRS-NOAA-21,3,2.6,3.6
E20260730-7C3C03B992,3,2026-07-30T01:35-05:00,2026-07-30T13:36-05:00,12.02,-73.5464,9.02552,0.59,false,1,20,Cesar,1,20175,Chimichagua,VIIRS-NOAA-20|VIIRS-NOAA-21,3,13.97,18.9
E20260730-7D3E19701F,3,2026-07-30T12:41-05:00,2026-07-30T13:34-05:00,0.88,-75.17949,3.62862,1.06,false,1,73,Tolima,2,73217|73483,Coyaima|Natagaima,VIIRS-NOAA-20|VIIRS-NOAA-21,3,5.33,6.0
E20260730-81F961F1EE,4,2026-07-30T12:43-05:00,2026-07-30T13:36-05:00,0.88,-73.10216,10.56764,0.63,false,1,20,Cesar,1,20001,Valledupar,VIIRS-NOAA-20|VIIRS-NOAA-21,4,5.23,6.4
E20260730-8BAE40BFD4,5,2026-07-30T12:41-05:00,2026-07-31T12:22-05:00,23.68,-73.41681,9.58986,1.36,false,1,20,Cesar,1,20400,La Jagua De Ibirico,VIIRS-NOAA-20|VIIRS-NOAA-21,5,16.22,20.4
E20260730-8F86F08718,3,2026-07-30T12:43-05:00,2026-07-30T12:43-05:00,0.0,-75.24144,9.8806,0.46,false,1,13,Bolívar,1,13654,San Jacinto,VIIRS-NOAA-21,3,6.37,6.5
E20260730-92534FAE45,6,2026-07-30T12:41-05:00,2026-07-30T15:10-05:00,2.48,-73.19083,8.20397,1.44,false,1,54,Norte De Santander,1,54003,Ábrego,MODIS-Aqua|VIIRS-NOAA-20|VIIRS-NOAA-21,6,39.48,81.5
E20260730-A1FDCF5749,3,2026-07-30T12:41-05:00,2026-07-30T13:36-05:00,0.92,-73.80858,8.96396,0.54,false,1,20,Cesar,1,20787,Tamalameque,VIIRS-NOAA-20|VIIRS-NOAA-21,3,2.8,3.0
E20260730-A72379B072,4,2026-07-30T13:34-05:00,2026-07-31T20:37-05:00,31.05,-74.63954,5.35741,1.46,false,1,25,Cundinamarca,1,25320,Guaduas,MODIS-Terra|VIIRS-NOAA-20,4,6.88,11.1
E20260730-AC1C036A9C,3,2026-07-30T00:53-05:00,2026-07-30T01:35-05:00,0.7,-70.99459,4.2851,0.51,false,1,99,Vichada,1,99773,Cumaribo,VIIRS-NOAA-20|VIIRS-NOAA-21,2,3.15,5.0
E20260730-BCBD2CE397,3,2026-07-30T12:43-05:00,2026-07-30T13:36-05:00,0.88,-73.87453,10.32409,0.32,false,1,20,Cesar,1,20238,El Copey,VIIRS-NOAA-20|VIIRS-NOAA-21,3,24.0,30.4
E20260730-BEE6305EB5,4,2026-07-30T12:41-05:00,2026-07-30T15:10-05:00,2.48,-72.6351,8.57524,0.48,false,1,54,Norte De Santander,1,54810,Tibú,MODIS-Aqua|VIIRS-NOAA-20|VIIRS-NOAA-21,4,9.88,13.3
E20260730-C9641ADD5B,3,2026-07-30T12:41-05:00,2026-07-30T13:36-05:00,0.92,-74.10805,9.39266,0.43,false,1,47,Magdalena,1,47692,San Sebastián De Buenavista,VIIRS-NOAA-20|VIIRS-NOAA-21,3,10.63,12.3
E20260730-C9B4AF61B1,3,2026-07-30T12:41-05:00,2026-07-30T12:41-05:00,0.0,-72.55901,2.98464,0.72,false,1,50,Meta,1,50325,Mapiripán,VIIRS-NOAA-21,3,51.83,56.7
E20260730-C9F5F531AC,3,2026-07-30T12:41-05:00,2026-07-30T12:41-05:00,0.0,-69.56853,6.23746,0.64,false,1,81,Arauca,1,81220,Cravo Norte,VIIRS-NOAA-21,3,7.77,10.5
E20260730-CA061762E0,4,2026-07-30T13:34-05:00,2026-07-30T13:34-05:00,0.0,-75.75069,6.54483,0.61,false,1,05,Antioquia,1,05761,Sopetrán,VIIRS-NOAA-20,4,23.2,39.5
E20260730-CA8297F6F9,7,2026-07-30T12:41-05:00,2026-07-30T13:36-05:00,0.92,-73.90236,7.91357,2.15,false,1,13,Bolívar,1,13744,Simití,VIIRS-NOAA-20|VIIRS-NOAA-21,7,13.07,20.0
E20260730-DACEC19656,3,2026-07-30T12:41-05:00,2026-07-30T13:36-05:00,0.92,-72.69389,8.30151,0.54,false,1,54,Norte De Santander,1,54810,Tibú,VIIRS-NOAA-20|VIIRS-NOAA-21,3,6.13,7.6
E20260730-EA3094F305,5,2026-07-30T12:43-05:00,2026-07-30T13:36-05:00,0.88,-72.91355,11.32623,0.98,false,1,44,La Guajira,1,44001,Riohacha,VIIRS-NOAA-20|VIIRS-NOAA-21,5,15.8,23.2
E20260730-F0CDAB5632,4,2026-07-30T13:36-05:00,2026-07-30T13:36-05:00,0.0,-75.35854,9.72048,0.41,false,1,13,Bolívar,1,13244,El Carmen De Bolívar,VIIRS-NOAA-20,4,14.3,15.3
E20260730-F503B5AA7A,3,2026-07-30T13:36-05:00,2026-07-30T15:12-05:00,1.6,-75.01055,9.97067,0.84,false,1,13,Bolívar,1,13248,El Guamo,MODIS-Aqua|VIIRS-NOAA-20,3,16.9,30.1
E20260730-FB882811B9,3,2026-07-30T12:41-05:00,2026-07-30T13:36-05:00,0.92,-73.67856,8.2213,0.32,false,1,20,Cesar,1,20011,Aguachica,VIIRS-NOAA-20|VIIRS-NOAA-21,3,5.1,8.3
E20260731-1C74B09A15,5,2026-07-31T12:22-05:00,2026-07-31T13:17-05:00,0.92,-72.55085,11.0267,0.65,false,1,44,La Guajira,1,44078,Barrancas,VIIRS-NOAA-20|VIIRS-NOAA-21,5,34.7,61.5
E20260731-2765E928C8,6,2026-07-31T13:17-05:00,2026-08-02T01:33-05:00,36.27,-72.67992,11.08033,0.42,false,1,44,La Guajira,1,44078,Barrancas,VIIRS-NOAA-20|VIIRS-NOAA-21,6,4.33,6.7
E20260731-2889EE9C24,6,2026-07-31T02:09-05:00,2026-08-02T02:18-05:00,48.15,-72.72518,10.97848,0.59,false,1,44,La Guajira,1,44078,Barrancas,VIIRS-NOAA-20|VIIRS-NOAA-21,6,3.75,6.6
E20260731-2C40D76293,3,2026-07-31T13:17-05:00,2026-08-01T12:58-05:00,23.68,-73.00461,11.13279,0.81,false,1,44,La Guajira,1,44001,Riohacha,VIIRS-NOAA-20,3,3.5,3.7
E20260731-2D3796F650,3,2026-07-31T01:16-05:00,2026-07-31T02:12-05:00,0.93,-73.63363,9.17005,0.55,false,1,20,Cesar,1,20228,Curumaní,VIIRS-NOAA-20|VIIRS-NOAA-21,3,4.23,4.9
E20260731-436EB5C005,3,2026-07-31T13:15-05:00,2026-07-31T14:02-05:00,0.78,-72.20255,4.30781,0.82,false,1,50,Meta,1,50573,Puerto López,VIIRS-NOAA-20|VIIRS-NOAA-21,3,7.7,11.7
E20260731-4C0DDB2465,3,2026-07-31T13:15-05:00,2026-07-31T13:15-05:00,0.0,-72.56839,8.51903,0.58,false,1,54,Norte De Santander,1,54810,Tibú,VIIRS-NOAA-20,3,10.1,15.7
E20260731-6915C7E4FB,3,2026-07-31T14:02-05:00,2026-08-01T13:43-05:00,23.68,-73.75657,8.38146,0.58,false,1,13,Bolívar,1,13473,Morales,VIIRS-NOAA-20|VIIRS-NOAA-21,3,6.53,8.7
E20260731-72AB05EEED,7,2026-07-31T13:17-05:00,2026-08-02T13:26-05:00,48.15,-73.03521,11.09977,1.03,false,1,44,La Guajira,1,44001,Riohacha,MODIS-Aqua|VIIRS-NOAA-20|VIIRS-NOAA-21,7,15.4,28.4
E20260731-74BF1F0E7F,5,2026-07-31T13:17-05:00,2026-07-31T14:02-05:00,0.75,-73.78688,10.02366,0.74,false,1,20,Cesar,2,20001|20060,Bosconia|Valledupar,VIIRS-NOAA-20|VIIRS-NOAA-21,5,14.38,23.7
E20260731-8D549ED34D,5,2026-07-31T14:02-05:00,2026-07-31T15:46-05:00,1.73,-75.16585,5.83513,1.58,false,1,05,Antioquia,1,05756,Sonsón,MODIS-Aqua|VIIRS-NOAA-21,5,18.6,25.1
E20260731-9A606708FC,5,2026-07-31T01:16-05:00,2026-08-01T01:52-05:00,24.6,-72.66258,11.02946,0.77,false,1,44,La Guajira,1,44078,Barrancas,VIIRS-NOAA-20|VIIRS-NOAA-21,5,3.56,6.1
E20260731-AF2BB1944A,3,2026-07-31T01:16-05:00,2026-07-31T02:12-05:00,0.93,-73.83332,8.81204,0.43,false,1,13,Bolívar,1,13580,Regidor,VIIRS-NOAA-20|VIIRS-NOAA-21,3,1.7,1.9
E20260731-C03B7DD906,3,2026-07-31T12:22-05:00,2026-07-31T13:17-05:00,0.92,-73.4852,10.33277,0.39,false,1,20,Cesar,1,20001,Valledupar,VIIRS-NOAA-20|VIIRS-NOAA-21,3,45.27,120.8
E20260731-E023E678BF,3,2026-07-31T13:15-05:00,2026-07-31T13:15-05:00,0.0,-74.76836,4.7634,0.63,false,1,25,Cundinamarca,1,25086,Beltrán,VIIRS-NOAA-20,3,10.67,13.2
E20260731-F89CECC19A,3,2026-07-31T14:02-05:00,2026-07-31T14:02-05:00,0.0,-75.00311,9.96869,0.62,false,1,13,Bolívar,1,13657,San Juan Nepomuceno,VIIRS-NOAA-21,3,41.93,52.3
E20260731-FE799EDCED,3,2026-07-31T13:15-05:00,2026-07-31T14:02-05:00,0.78,-72.06399,3.35853,0.33,false,1,50,Meta,1,50568,Puerto Gaitán,VIIRS-NOAA-20|VIIRS-NOAA-21,3,10.6,14.1
E20260731-FF3A40C6F1,7,2026-07-31T12:22-05:00,2026-07-31T14:02-05:00,1.67,-73.74232,10.15514,1.4,false,1,20,Cesar,1,20001,Valledupar,VIIRS-NOAA-20|VIIRS-NOAA-21,7,8.74,12.1
E20260801-0355DC2B61,3,2026-08-01T12:58-05:00,2026-08-01T12:58-05:00,0.0,-72.87855,8.37323,0.52,false,1,54,Norte De Santander,1,54720,Sardinata,VIIRS-NOAA-20,3,11.17,17.0
E20260801-03D8664E45,3,2026-08-01T13:43-05:00,2026-08-01T14:49-05:00,1.1,-72.47047,7.79095,0.84,false,1,54,Norte De Santander,1,54874,Villa Del Rosario,MODIS-Aqua|VIIRS-NOAA-21,3,21.6,33.0
E20260801-05BF76CBAC,7,2026-08-01T13:43-05:00,2026-08-03T01:59-05:00,36.27,-73.31244,8.24485,1.83,false,1,54,Norte De Santander,1,54498,Ocaña,MODIS-Aqua|VIIRS-NOAA-20|VIIRS-NOAA-21,6,37.55,172.7
E20260801-07DBF192D0,3,2026-08-01T12:58-05:00,2026-08-01T13:43-05:00,0.75,-74.82281,7.80039,0.58,false,1,05,Antioquia,1,05495,Nechí,VIIRS-NOAA-20|VIIRS-NOAA-21,3,8.67,15.8
E20260801-094BB7A388,3,2026-08-01T13:41-05:00,2026-08-01T13:41-05:00,0.0,-71.31598,4.95529,0.72,false,1,85,Casanare,1,85230,Orocué,VIIRS-NOAA-21,3,5.7,5.7
E20260801-0BE83863E1,3,2026-08-01T12:58-05:00,2026-08-01T13:43-05:00,0.75,-75.0062,10.05554,0.45,false,1,13,Bolívar,1,13248,El Guamo,VIIRS-NOAA-20|VIIRS-NOAA-21,3,7.83,9.2
E20260801-0C854A2AF6,3,2026-08-01T12:56-05:00,2026-08-01T13:41-05:00,0.75,-71.65873,3.82661,1.08,false,1,50,Meta,1,50568,Puerto Gaitán,VIIRS-NOAA-20|VIIRS-NOAA-21,3,6.47,6.9
E20260801-0E5B7CFA00,10,2026-08-01T12:58-05:00,2026-08-02T13:26-05:00,24.47,-74.49971,9.56487,0.98,false,1,47,Magdalena,1,47707,Santa Ana,VIIRS-NOAA-20|VIIRS-NOAA-21,10,6.06,10.3
E20260801-1093B947F8,5,2026-08-01T12:58-05:00,2026-08-02T13:26-05:00,24.47,-72.27898,11.19659,1.07,false,1,44,La Guajira,1,44430,Maicao,VIIRS-NOAA-20|VIIRS-NOAA-21,5,25.82,82.9
E20260801-1B6AA608FE,4,2026-08-01T12:58-05:00,2026-08-01T13:43-05:00,0.75,-74.68625,9.82662,0.75,false,1,47,Magdalena,1,47555,Plato,VIIRS-NOAA-20|VIIRS-NOAA-21,4,10.92,12.2
E20260801-1D90F07BF9,3,2026-08-01T13:43-05:00,2026-08-01T13:43-05:00,0.0,-73.13169,9.8929,0.61,false,1,20,Cesar,1,20013,Agustín Codazzi,VIIRS-NOAA-21,3,7.73,7.8
E20260801-1F77325142,4,2026-08-01T12:58-05:00,2026-08-01T13:43-05:00,0.75,-72.94029,11.26047,0.63,false,1,44,La Guajira,1,44001,Riohacha,VIIRS-NOAA-20|VIIRS-NOAA-21,4,7.7,8.3
E20260801-2124F7F5C5,4,2026-08-01T12:58-05:00,2026-08-01T12:58-05:00,0.0,-72.90659,7.82934,0.68,false,1,54,Norte De Santander,1,54660,Salazar,VIIRS-NOAA-20,4,7.15,7.8
E20260801-2223969C6A,3,2026-08-01T12:58-05:00,2026-08-01T13:43-05:00,0.75,-74.01359,6.94094,0.52,false,1,05,Antioquia,1,05893,Yondó,VIIRS-NOAA-20|VIIRS-NOAA-21,3,12.43,24.5
E20260801-25D34C9720,4,2026-08-01T12:58-05:00,2026-08-02T15:27-05:00,26.48,-73.02011,11.16285,0.59,false,1,44,La Guajira,1,44001,Riohacha,MODIS-Aqua|VIIRS-NOAA-20|VIIRS-NOAA-21,4,44.58,150.9
E20260801-27E5348A64,5,2026-08-01T12:56-05:00,2026-08-01T12:56-05:00,0.0,-69.50082,4.9918,1.21,false,1,99,Vichada,1,99524,La Primavera,VIIRS-NOAA-20,5,3.3,3.5
E20260801-2A203ECF83,3,2026-08-01T12:58-05:00,2026-08-01T12:58-05:00,0.0,-73.89716,10.13524,0.68,false,1,20,Cesar,1,20238,El Copey,VIIRS-NOAA-20,3,7.83,14.4
E20260801-32638E279F,3,2026-08-01T12:58-05:00,2026-08-01T13:43-05:00,0.75,-73.10573,11.27559,0.73,false,1,44,La Guajira,1,44001,Riohacha,VIIRS-NOAA-20|VIIRS-NOAA-21,3,4.77,7.9
E20260801-356061A9CC,4,2026-08-01T12:56-05:00,2026-08-01T14:47-05:00,1.85,-69.93968,5.51968,1.05,false,1,99,Vichada,1,99524,La Primavera,MODIS-Aqua|VIIRS-NOAA-20|VIIRS-NOAA-21,4,15.53,19.3
E20260801-35EF30C21E,4,2026-08-01T12:58-05:00,2026-08-01T13:43-05:00,0.75,-74.58864,6.63347,0.53,false,1,05,Antioquia,1,05425,Maceo,VIIRS-NOAA-20|VIIRS-NOAA-21,4,10.72,12.3
E20260801-3F9201F875,3,2026-08-01T13:43-05:00,2026-08-01T13:43-05:00,0.0,-74.64395,7.52175,0.53,false,1,05,Antioquia,1,05250,El Bagre,VIIRS-NOAA-21,3,10.07,10.8
E20260801-3FDAEB7AF0,4,2026-08-01T12:56-05:00,2026-08-01T13:41-05:00,0.75,-71.24474,4.08287,0.67,false,1,50,Meta,1,50568,Puerto Gaitán,VIIRS-NOAA-20|VIIRS-NOAA-21,4,7.1,10.9
E20260801-40E3F878E5,7,2026-08-01T12:56-05:00,2026-08-01T13:41-05:00,0.75,-72.65891,2.98612,0.74,false,1,50,Meta,1,50325,Mapiripán,VIIRS-NOAA-20|VIIRS-NOAA-21,7,9.13,10.7
E20260801-431107F5C3,3,2026-08-01T12:58-05:00,2026-08-01T13:43-05:00,0.75,-73.72011,9.58039,0.45,false,1,20,Cesar,1,20250,El Paso,VIIRS-NOAA-20|VIIRS-NOAA-21,3,4.37,6.9
E20260801-4733D7B1E7,4,2026-08-01T12:58-05:00,2026-08-01T13:43-05:00,0.75,-73.01352,11.17645,0.41,false,1,44,La Guajira,1,44001,Riohacha,VIIRS-NOAA-20|VIIRS-NOAA-21,4,10.18,17.1
E20260801-4FFD0DD590,3,2026-08-01T13:43-05:00,2026-08-01T14:49-05:00,1.1,-72.92794,11.20457,0.57,false,1,44,La Guajira,1,44001,Riohacha,MODIS-Aqua|VIIRS-NOAA-21,3,25.6,49.0
E20260801-5289F56609,17,2026-08-01T01:52-05:00,2026-08-01T13:43-05:00,11.85,-73.48004,9.59745,2.6,false,1,20,Cesar,1,20250,El Paso,MODIS-Terra|VIIRS-NOAA-20|VIIRS-NOAA-21,17,11.65,32.8
E20260801-557772A609,8,2026-08-01T13:41-05:00,2026-08-02T13:24-05:00,23.72,-70.24368,4.7553,1.47,false,1,99,Vichada,1,99773,Cumaribo,MODIS-Aqua|VIIRS-NOAA-20|VIIRS-NOAA-21,8,15.35,40.7
E20260801-58543422D5,4,2026-07-31T20:37-05:00,2026-08-01T00:57-05:00,4.33,-75.60216,5.45495,1.01,false,1,17,Caldas,2,17442|17777,Marmato|Supía,MODIS-Terra|VIIRS-NOAA-21,4,5.25,13.8
E20260801-5C406846B4,5,2026-08-01T12:58-05:00,2026-08-01T13:41-05:00,0.72,-74.91132,5.86681,0.79,false,1,05,Antioquia,1,05652,San Francisco,VIIRS-NOAA-20|VIIRS-NOAA-21,5,17.34,38.3
E20260801-5D3C2C0E7B,3,2026-08-01T12:58-05:00,2026-08-01T13:43-05:00,0.75,-73.01641,11.2034,0.82,false,1,44,La Guajira,1,44001,Riohacha,VIIRS-NOAA-20|VIIRS-NOAA-21,3,4.53,5.4
E20260801-6394A76518,8,2026-08-01T12:56-05:00,2026-08-01T13:41-05:00,0.75,-69.7652,5.48496,1.24,false,1,99,Vichada,1,99524,La Primavera,VIIRS-NOAA-20|VIIRS-NOAA-21,8,12.12,15.9
E20260801-660FC261F4,4,2026-08-01T13:43-05:00,2026-08-01T14:49-05:00,1.1,-72.71664,11.33051,1.22,false,1,44,La Guajira,1,44001,Riohacha,MODIS-Aqua|VIIRS-NOAA-21,4,25.8,51.1
E20260801-6B6794C0F0,6,2026-08-01T12:56-05:00,2026-08-02T13:24-05:00,24.47,-75.0842,4.16646,1.14,false,1,73,Tolima,1,73678,San Luis,VIIRS-NOAA-20|VIIRS-NOAA-21,6,10.62,39.6
E20260801-712A6E860E,7,2026-08-01T13:41-05:00,2026-08-01T13:41-05:00,0.0,-68.63743,5.01472,1.1,false,1,99,Vichada,1,99773,Cumaribo,VIIRS-NOAA-21,7,13.26,16.7
E20260801-740A04B786,3,2026-08-01T12:58-05:00,2026-08-01T13:43-05:00,0.75,-72.6749,11.4346,0.41,false,1,44,La Guajira,1,44001,Riohacha,VIIRS-NOAA-20|VIIRS-NOAA-21,3,4.37,7.2
E20260801-78F33AA01F,4,2026-08-01T12:58-05:00,2026-08-01T13:43-05:00,0.75,-73.65828,9.15571,0.55,false,1,20,Cesar,1,20228,Curumaní,VIIRS-NOAA-20|VIIRS-NOAA-21,4,7.97,9.0
E20260801-792C462D10,14,2026-08-01T12:58-05:00,2026-08-01T13:43-05:00,0.75,-71.79121,6.41501,2.11,false,1,81,Arauca,1,81794,Tame,VIIRS-NOAA-20|VIIRS-NOAA-21,14,6.26,13.6
E20260801-7B4918FEA8,4,2026-08-01T14:47-05:00,2026-08-02T13:21-05:00,22.57,-72.32237,2.83987,0.84,false,1,50,Meta,1,50325,Mapiripán,MODIS-Aqua|VIIRS-NOAA-21,4,12.5,29.4
E20260801-813D59C7FB,3,2026-08-01T12:58-05:00,2026-08-01T13:43-05:00,0.75,-72.99031,11.20433,0.84,false,1,44,La Guajira,1,44001,Riohacha,VIIRS-NOAA-20|VIIRS-NOAA-21,3,6.1,8.3
E20260801-9597537A50,3,2026-08-01T12:58-05:00,2026-08-01T12:58-05:00,0.0,-73.19277,8.20119,0.6,false,1,54,Norte De Santander,1,54003,Ábrego,VIIRS-NOAA-20,3,18.93,35.4
E20260801-99E7DD0176,6,2026-08-01T12:58-05:00,2026-08-01T13:43-05:00,0.75,-73.09471,11.23681,2.06,false,1,44,La Guajira,1,44001,Riohacha,VIIRS-NOAA-20|VIIRS-NOAA-21,6,7.1,16.2
E20260801-9C535CBD33,3,2026-08-01T13:41-05:00,2026-08-01T13:41-05:00,0.0,-75.16018,4.06946,0.77,false,1,73,Tolima,1,73678,San Luis,VIIRS-NOAA-21,3,15.33,20.0
E20260801-9C9F7CBA20,3,2026-08-01T12:56-05:00,2026-08-01T12:56-05:00,0.0,-70.89228,4.38883,0.68,false,1,99,Vichada,1,99773,Cumaribo,VIIRS-NOAA-20,3,6.67,8.2
E20260801-9D73C43712,3,2026-08-01T13:43-05:00,2026-08-01T13:43-05:00,0.0,-72.88907,11.19575,0.42,false,1,44,La Guajira,1,44001,Riohacha,VIIRS-NOAA-21,3,14.77,21.9
E20260801-AF426D1CF9,5,2026-07-31T20:37-05:00,2026-08-01T08:55-05:00,12.3,-74.39182,5.30524,1.51,false,1,25,Cundinamarca,1,25394,La Palma,MODIS-Terra|VIIRS-NOAA-21,5,5.94,12.9
E20260801-B10EA3E4B8,5,2026-08-01T12:56-05:00,2026-08-02T12:37-05:00,23.68,-70.67397,5.55565,1.22,false,1,85,Casanare,1,85250,Paz De Ariporo,VIIRS-NOAA-20|VIIRS-NOAA-21,5,12.14,18.8
E20260801-B1AF6966F2,14,2026-08-01T12:56-05:00,2026-08-01T13:41-05:00,0.75,-69.75216,5.52355,1.74,false,1,99,Vichada,1,99524,La Primavera,VIIRS-NOAA-20|VIIRS-NOAA-21,14,22.79,29.8
E20260801-B2A8DB82A8,9,2026-08-01T12:58-05:00,2026-08-03T13:06-05:00,48.13,-73.52719,9.67593,1.04,false,1,20,Cesar,1,20045,Becerril,MODIS-Aqua|VIIRS-NOAA-20|VIIRS-NOAA-21,9,9.37,17.2
E20260801-B48AF24C9D,3,2026-08-01T00:59-05:00,2026-08-01T00:59-05:00,0.0,-76.94399,2.40525,0.63,false,1,19,Cauca,1,19256,El Tambo,VIIRS-NOAA-21,3,3.43,3.5
E20260801-BC3F18D66E,8,2026-08-01T13:41-05:00,2026-08-01T14:47-05:00,1.1,-72.78721,3.36613,1.36,false,1,50,Meta,1,50689,San Martín,MODIS-Aqua|VIIRS-NOAA-21,8,19.41,45.6
E20260801-C8DC8E688E,3,2026-08-01T12:58-05:00,2026-08-01T13:43-05:00,0.75,-73.82903,8.80861,0.28,false,1,13,Bolívar,1,13580,Regidor,VIIRS-NOAA-20|VIIRS-NOAA-21,3,6.23,8.5
E20260801-CB4BE11950,3,2026-08-01T12:58-05:00,2026-08-01T13:43-05:00,0.75,-73.96317,8.97024,0.79,false,1,13,Bolívar,1,13268,El Peñón,VIIRS-NOAA-20|VIIRS-NOAA-21,3,12.4,24.5
E20260801-CFFC81B91C,5,2026-08-01T12:58-05:00,2026-08-02T13:24-05:00,24.43,-72.79787,8.28086,0.37,false,1,54,Norte De Santander,1,54720,Sardinata,VIIRS-NOAA-20|VIIRS-NOAA-21,5,6.28,8.3
E20260801-D0B3E1666E,4,2026-08-01T12:58-05:00,2026-08-01T13:43-05:00,0.75,-73.67124,9.2447,0.68,false,1,20,Cesar,1,20228,Curumaní,VIIRS-NOAA-20|VIIRS-NOAA-21,4,6.9,9.7
E20260801-D2962255AD,5,2026-08-01T12:58-05:00,2026-08-02T13:26-05:00,24.47,-75.0227,9.80523,1.02,false,1,13,Bolívar,1,13654,San Jacinto,VIIRS-NOAA-20|VIIRS-NOAA-21,5,20.22,40.3
E20260801-D4F6218CB6,5,2026-08-01T13:43-05:00,2026-08-02T13:24-05:00,23.68,-74.62557,7.42279,0.54,false,1,05,Antioquia,1,05250,El Bagre,VIIRS-NOAA-20|VIIRS-NOAA-21,5,7.18,10.9
E20260801-D6C029E1CC,3,2026-08-01T12:58-05:00,2026-08-01T13:43-05:00,0.75,-72.80338,11.36475,0.35,false,1,44,La Guajira,1,44001,Riohacha,VIIRS-NOAA-20|VIIRS-NOAA-21,3,2.4,2.8
E20260801-D708096ADF,3,2026-08-01T01:54-05:00,2026-08-02T01:35-05:00,23.68,-75.10008,4.30791,0.46,false,1,73,Tolima,1,73001,Ibagué,VIIRS-NOAA-20,1,1.1,1.1
E20260801-D8D3BDE0C3,6,2026-08-01T12:58-05:00,2026-08-03T01:16-05:00,36.3,-72.59794,7.89931,1.29,false,1,54,Norte De Santander,1,54673,San Cayetano,MODIS-Aqua|VIIRS-NOAA-20,6,3.12,6.0
E20260801-DD219D9B28,4,2026-08-01T12:58-05:00,2026-08-01T13:43-05:00,0.75,-72.6305,8.14959,0.67,false,1,54,Norte De Santander,1,54261,El Zulia,VIIRS-NOAA-20|VIIRS-NOAA-21,4,18.12,39.1
E20260801-E05E4C2110,4,2026-08-01T12:58-05:00,2026-08-02T12:39-05:00,23.68,-73.0423,9.96125,0.79,false,1,20,Cesar,1,20013,Agustín Codazzi,VIIRS-NOAA-20,4,18.47,25.3
E20260801-E222AFE43D,11,2026-08-01T12:58-05:00,2026-08-02T15:27-05:00,26.48,-73.84965,8.80937,1.5,false,1,13,Bolívar,2,13268|13580,El Peñón|Regidor,MODIS-Aqua|VIIRS-NOAA-20|VIIRS-NOAA-21,11,16.82,37.9
E20260801-ECD20652B9,3,2026-08-01T12:58-05:00,2026-08-01T13:43-05:00,0.75,-74.7977,9.32666,0.16,false,1,13,Bolívar,1,13430,Magangué,VIIRS-NOAA-20|VIIRS-NOAA-21,3,8.33,10.7
E20260801-F467AF9054,8,2026-08-01T13:43-05:00,2026-08-02T13:26-05:00,23.72,-72.67069,11.27521,1.56,false,1,44,La Guajira,1,44001,Riohacha,VIIRS-NOAA-20|VIIRS-NOAA-21,8,12.28,17.5
E20260801-F793B71796,13,2026-08-01T13:41-05:00,2026-08-01T13:41-05:00,0.0,-68.65341,5.01017,1.99,false,1,99,Vichada,1,99773,Cumaribo,VIIRS-NOAA-21,13,26.3,43.1
E20260801-FA2264D977,5,2026-08-01T12:58-05:00,2026-08-01T13:43-05:00,0.75,-74.51835,9.57832,0.66,false,1,47,Magdalena,1,47555,Plato,VIIRS-NOAA-20|VIIRS-NOAA-21,5,10.32,12.4
E20260801-FB61EB5363,10,2026-08-01T12:58-05:00,2026-08-02T12:39-05:00,23.68,-72.93164,8.11076,1.33,false,1,54,Norte De Santander,1,54109,Bucarasica,VIIRS-NOAA-20|VIIRS-NOAA-21,9,8.29,18.9
E20260801-FBF60BD7BC,8,2026-08-01T12:56-05:00,2026-08-01T13:41-05:00,0.75,-69.68595,5.61209,1.53,false,1,99,Vichada,1,99524,La Primavera,VIIRS-NOAA-20|VIIRS-NOAA-21,8,7.26,11.3
E20260802-00B8897D6D,5,2026-08-02T13:26-05:00,2026-08-03T14:02-05:00,24.6,-74.78714,9.35337,0.53,false,1,13,Bolívar,1,13430,Magangué,VIIRS-NOAA-20|VIIRS-NOAA-21,5,16.46,41.1
E20260802-0522A25425,5,2026-08-02T12:39-05:00,2026-08-02T13:26-05:00,0.78,-73.74441,10.26291,1.29,false,1,20,Cesar,1,20001,Valledupar,VIIRS-NOAA-20|VIIRS-NOAA-21,5,9.08,14.6
E20260802-06B6DAC1BE,4,2026-08-02T12:37-05:00,2026-08-02T13:24-05:00,0.78,-70.27255,4.88363,0.77,false,1,99,Vichada,1,99624,Santa Rosalía,VIIRS-NOAA-20|VIIRS-NOAA-21,4,5.2,7.9
E20260802-10640EAFF2,7,2026-08-02T13:21-05:00,2026-08-02T15:23-05:00,2.03,-77.69126,1.29248,1.79,false,1,52,Nariño,1,52699,Santacruz,MODIS-Aqua|VIIRS-NOAA-21,7,10.76,25.2
E20260802-1165EEAC58,5,2026-08-02T12:37-05:00,2026-08-02T13:24-05:00,0.78,-74.92551,4.90637,0.73,false,1,73,Tolima,1,73408,Lérida,VIIRS-NOAA-20|VIIRS-NOAA-21,5,10.58,13.0
E20260802-13366AE3D7,3,2026-08-02T01:35-05:00,2026-08-02T02:22-05:00,0.78,-76.8111,2.70267,0.43,false,1,19,Cauca,1,19130,Cajibío,VIIRS-NOAA-20|VIIRS-NOAA-21,1,2.0,2.0
E20260802-142950DB29,4,2026-08-02T12:39-05:00,2026-08-02T15:27-05:00,2.8,-73.4096,9.45642,1.69,false,1,20,Cesar,1,20178,Chiriguaná,MODIS-Aqua|VIIRS-NOAA-20|VIIRS-NOAA-21,4,20.57,52.9
E20260802-1815D00D0C,3,2026-08-02T15:25-05:00,2026-08-02T15:25-05:00,0.0,-72.79916,3.15965,1.47,false,1,50,Meta,1,50325,Mapiripán,MODIS-Aqua,3,12.23,23.5
E20260802-1D7F4326D6,3,2026-08-02T13:24-05:00,2026-08-02T13:24-05:00,0.0,-76.34365,3.23824,0.59,false,1,19,Cauca,2,19455|19513,Miranda|Padilla,VIIRS-NOAA-21,3,18.77,34.7
E20260802-21EA293710,3,2026-08-02T13:26-05:00,2026-08-02T15:27-05:00,2.02,-72.64225,11.27671,1.13,false,1,44,La Guajira,1,44001,Riohacha,MODIS-Aqua|VIIRS-NOAA-21,3,11.93,15.4
E20260802-2FAC82BE68,5,2026-08-02T13:24-05:00,2026-08-02T15:25-05:00,2.02,-75.10022,4.29408,1.26,false,1,73,Tolima,1,73678,San Luis,MODIS-Aqua|VIIRS-NOAA-21,5,35.04,115.0
E20260802-3C8FE67E3E,8,2026-08-02T12:37-05:00,2026-08-02T15:25-05:00,2.8,-75.41395,4.06577,1.79,false,1,73,Tolima,1,73675,San Antonio,MODIS-Aqua|VIIRS-NOAA-20,8,16.99,31.0
E20260802-4264360E22,9,2026-08-01T21:17-05:00,2026-08-02T01:35-05:00,4.3,-76.39413,3.43764,1.91,false,1,76,Valle Del Cauca,1,76130,Candelaria,MODIS-Terra|VIIRS-NOAA-20,7,21.53,71.5
E20260802-4516108051,5,2026-08-02T13:24-05:00,2026-08-02T20:17-05:00,6.88,-68.61466,4.91924,2.11,false,1,99,Vichada,1,99773,Cumaribo,MODIS-Terra|VIIRS-NOAA-21,5,12.4,28.5
E20260802-4A021D1BEB,6,2026-08-02T12:37-05:00,2026-08-02T13:24-05:00,0.78,-75.61609,5.52614,0.91,false,1,17,Caldas,1,17442,Marmato,VIIRS-NOAA-20|VIIRS-NOAA-21,6,15.18,20.6
E20260802-4E5A2E6AF5,4,2026-08-02T12:37-05:00,2026-08-02T15:25-05:00,2.8,-71.13653,4.23515,1.02,false,1,50,Meta,1,50568,Puerto Gaitán,MODIS-Aqua|VIIRS-NOAA-20,4,7.35,11.0
E20260802-5B0E88B005,4,2026-08-02T01:33-05:00,2026-08-03T01:16-05:00,23.72,-72.59892,8.0814,1.22,false,1,54,Norte De Santander,1,54261,El Zulia,VIIRS-NOAA-20,4,2.23,2.5
E20260802-647BB581C4,5,2026-08-02T13:24-05:00,2026-08-02T15:25-05:00,2.02,-76.49059,2.71628,1.25,false,1,19,Cauca,2,19137|19743,Caldono|Silvia,MODIS-Aqua|VIIRS-NOAA-20|VIIRS-NOAA-21,5,20.48,27.9
E20260802-6649FCF76E,5,2026-08-02T01:35-05:00,2026-08-02T02:22-05:00,0.78,-77.5326,1.5095,1.07,false,1,52,Nariño,1,52418,Los Andes,VIIRS-NOAA-20|VIIRS-NOAA-21,5,2.36,4.0
E20260802-67655F352D,4,2026-08-02T13:24-05:00,2026-08-02T13:24-05:00,0.0,-69.44866,4.9085,1.07,false,1,99,Vichada,1,99773,Cumaribo,VIIRS-NOAA-21,4,26.72,30.9
E20260802-70462C50B7,4,2026-08-02T13:24-05:00,2026-08-02T13:24-05:00,0.0,-74.36166,7.09313,0.62,false,1,13,Bolívar,1,13670,San Pablo,VIIRS-NOAA-21,4,14.6,32.6
E20260802-7DD4614440,13,2026-08-02T12:37-05:00,2026-08-02T15:25-05:00,2.8,-72.02146,3.24072,2.99,false,1,50,Meta,1,50325,Mapiripán,MODIS-Aqua|VIIRS-NOAA-20|VIIRS-NOAA-21,13,10.18,34.9
E20260802-7E1DDEDA23,5,2026-08-02T13:24-05:00,2026-08-02T13:24-05:00,0.0,-71.27436,4.92171,1.81,false,1,85,Casanare,1,85230,Orocué,VIIRS-NOAA-21,5,6.06,7.1
E20260802-820FA21BF1,5,2026-08-02T12:37-05:00,2026-08-02T12:37-05:00,0.0,-74.8779,4.91242,1.02,false,1,73,Tolima,1,73055,Armero,VIIRS-NOAA-20,5,6.4,12.2
E20260802-87EAD948BE,3,2026-08-02T01:33-05:00,2026-08-03T01:59-05:00,24.43,-72.42009,8.03284,0.44,false,1,54,Norte De Santander,1,54001,San José De Cúcuta,VIIRS-NOAA-20|VIIRS-NOAA-21,3,2.8,4.5
E20260802-8B4EAFE73C,4,2026-08-02T00:40-05:00,2026-08-02T13:24-05:00,12.73,-72.8767,8.30936,0.67,false,1,54,Norte De Santander,1,54720,Sardinata,VIIRS-NOAA-20|VIIRS-NOAA-21,4,3.05,5.6
E20260802-8B68FE72E8,5,2026-08-02T12:37-05:00,2026-08-02T12:37-05:00,0.0,-71.9921,2.74833,1.06,false,1,95,Guaviare,1,95001,San José Del Guaviare,VIIRS-NOAA-20,5,6.64,9.6
E20260802-8DD8C688B2,32,2026-08-02T12:37-05:00,2026-08-02T15:25-05:00,2.8,-74.62176,4.25895,3.61,false,1,25,Cundinamarca,1,25488,Nilo,MODIS-Aqua|VIIRS-NOAA-20|VIIRS-NOAA-21,32,19.83,62.9
E20260802-8FB352BB61,5,2026-08-02T01:35-05:00,2026-08-02T15:25-05:00,13.83,-76.57097,3.14396,0.95,false,1,76,Valle Del Cauca,1,76364,Jamundí,MODIS-Aqua|VIIRS-NOAA-20|VIIRS-NOAA-21,4,9.17,24.9
E20260802-905D755F61,3,2026-08-02T01:35-05:00,2026-08-02T01:35-05:00,0.0,-75.07843,4.14264,0.57,false,1,73,Tolima,2,73319|73678,Guamo|San Luis,VIIRS-NOAA-20,3,2.9,2.9
E20260802-969AF6C109,5,2026-08-02T12:37-05:00,2026-08-02T13:24-05:00,0.78,-70.23271,4.74898,1.27,false,1,99,Vichada,1,99773,Cumaribo,VIIRS-NOAA-20|VIIRS-NOAA-21,5,6.98,16.0
E20260802-971C286F26,3,2026-08-02T14:17-05:00,2026-08-02T15:25-05:00,1.13,-76.53652,2.52444,1.16,false,1,19,Cauca,1,19824,Totoró,MODIS-Aqua|VIIRS-NOAA-20,3,9.3,14.5
E20260802-9807F322A1,7,2026-08-02T13:26-05:00,2026-08-02T13:26-05:00,0.0,-73.64986,10.27909,1.01,false,1,20,Cesar,1,20001,Valledupar,VIIRS-NOAA-21,7,12.96,19.8
E20260802-A120DA51FE,3,2026-08-02T12:37-05:00,2026-08-02T12:37-05:00,0.0,-69.81913,5.94706,0.78,false,1,99,Vichada,1,99524,La Primavera,VIIRS-NOAA-20,3,29.3,42.0
E20260802-A35A0C7CA5,5,2026-08-02T13:24-05:00,2026-08-02T13:24-05:00,0.0,-71.11741,4.03051,1.33,false,1,50,Meta,1,50568,Puerto Gaitán,VIIRS-NOAA-21,5,8.78,12.4
E20260802-A3F26529F6,3,2026-08-02T12:37-05:00,2026-08-02T13:24-05:00,0.78,-74.57732,4.50723,0.85,false,1,25,Cundinamarca,1,25599,Apulo,VIIRS-NOAA-20|VIIRS-NOAA-21,3,8.83,9.3
E20260802-A7C606B54F,10,2026-08-02T01:35-05:00,2026-08-02T13:24-05:00,11.82,-75.11417,4.34991,1.2,false,1,73,Tolima,1,73001,Ibagué,VIIRS-NOAA-20|VIIRS-NOAA-21,10,19.77,47.6
E20260802-A7C7A93838,7,2026-08-02T12:37-05:00,2026-08-02T15:25-05:00,2.8,-72.42138,3.83378,1.96,false,1,50,Meta,1,50573,Puerto López,MODIS-Aqua|VIIRS-NOAA-20,7,12.81,16.4
E20260802-A95922BF3D,5,2026-08-02T12:37-05:00,2026-08-02T15:25-05:00,2.8,-74.97759,5.03204,0.59,false,1,73,Tolima,1,73270,Falan,MODIS-Aqua|VIIRS-NOAA-20|VIIRS-NOAA-21,5,8.56,15.6
E20260802-A9FC458E42,3,2026-08-02T12:37-05:00,2026-08-02T12:37-05:00,0.0,-69.98943,4.42505,1.13,false,1,99,Vichada,1,99773,Cumaribo,VIIRS-NOAA-20,3,9.07,12.8
E20260802-ABC041B5E5,3,2026-08-02T12:37-05:00,2026-08-02T12:37-05:00,0.0,-74.54315,7.13476,0.52,false,1,05,Antioquia,1,05604,Remedios,VIIRS-NOAA-20,3,11.93,14.9
E20260802-B03C6239F3,3,2026-08-02T13:24-05:00,2026-08-02T13:24-05:00,0.0,-70.45258,4.01905,0.56,false,1,99,Vichada,1,99773,Cumaribo,VIIRS-NOAA-21,3,8.77,12.1
E20260802-B5E572A403,4,2026-08-02T13:24-05:00,2026-08-02T15:27-05:00,2.05,-73.96475,8.59632,0.62,false,1,13,Bolívar,1,13600,Río Viejo,MODIS-Aqua|VIIRS-NOAA-21,4,16.57,16.8
E20260802-BC6072AFA0,5,2026-08-02T12:37-05:00,2026-08-02T15:25-05:00,2.8,-75.23739,4.28671,1.39,false,1,73,Tolima,1,73624,Rovira,MODIS-Aqua|VIIRS-NOAA-20,5,10.36,16.5
E20260802-C0897E12F1,3,2026-08-02T01:33-05:00,2026-08-02T01:33-05:00,0.0,-72.56912,7.89333,0.91,false,1,54,Norte De Santander,2,54001|54673,San Cayetano|San José De Cúcuta,VIIRS-NOAA-20,2,1.0,1.0
E20260802-C5D708DB0D,3,2026-08-02T13:24-05:00,2026-08-02T14:17-05:00,0.88,-76.52167,2.51732,0.55,false,1,19,Cauca,1,19824,Totoró,VIIRS-NOAA-20|VIIRS-NOAA-21,3,4.07,5.7
E20260802-C8762690D5,4,2026-08-02T14:17-05:00,2026-08-02T14:17-05:00,0.0,-77.03542,1.88474,0.39,false,1,19,Cauca,1,19100,Bolívar,VIIRS-NOAA-20,4,9.6,10.4
E20260802-CBDFB7723C,4,2026-08-02T01:35-05:00,2026-08-02T13:24-05:00,11.82,-75.08729,4.13132,0.53,false,1,73,Tolima,1,73678,San Luis,VIIRS-NOAA-20|VIIRS-NOAA-21,4,2.25,3.4
E20260802-CE246BABB7,7,2026-08-02T12:39-05:00,2026-08-02T15:27-05:00,2.8,-72.87647,11.17205,1.06,false,1,44,La Guajira,1,44001,Riohacha,MODIS-Aqua|VIIRS-NOAA-20|VIIRS-NOAA-21,7,19.57,36.2
E20260802-D1CD9B5B8A,4,2026-08-02T13:24-05:00,2026-08-02T15:25-05:00,2.02,-75.42794,5.91979,0.76,false,1,05,Antioquia,1,05376,La Ceja,MODIS-Aqua|VIIRS-NOAA-20|VIIRS-NOAA-21,4,24.77,52.2
E20260802-D5ECD7874F,7,2026-08-02T12:39-05:00,2026-08-02T13:24-05:00,0.75,-73.76629,8.04803,1.14,false,1,68,Santander,1,68575,Puerto Wilches,VIIRS-NOAA-20|VIIRS-NOAA-21,7,11.66,18.4
E20260802-D92B41F3FD,3,2026-08-02T15:25-05:00,2026-08-02T20:17-05:00,4.87,-72.21686,3.14579,1.1,false,1,50,Meta,1,50325,Mapiripán,MODIS-Aqua|MODIS-Terra,3,9.37,11.4
E20260802-DA0EFFCC44,7,2026-08-02T01:33-05:00,2026-08-03T01:16-05:00,23.72,-72.98447,7.28025,1.06,false,1,68,Santander,1,68169,Charta,VIIRS-NOAA-20|VIIRS-NOAA-21,5,28.24,52.9
E20260802-EA8A02B41F,3,2026-08-02T12:37-05:00,2026-08-02T13:24-05:00,0.78,-70.74489,4.12576,0.25,false,1,99,Vichada,1,99773,Cumaribo,VIIRS-NOAA-20|VIIRS-NOAA-21,3,3.93,5.0
E20260802-F0AAD1B866,3,2026-08-02T12:39-05:00,2026-08-02T13:26-05:00,0.78,-75.17279,9.67393,0.45,false,1,13,Bolívar,1,13244,El Carmen De Bolívar,VIIRS-NOAA-20|VIIRS-NOAA-21,3,22.23,30.1
E20260802-F3BE9059C4,3,2026-08-02T12:37-05:00,2026-08-02T13:21-05:00,0.73,-72.10424,2.93621,0.84,false,1,50,Meta,1,50325,Mapiripán,VIIRS-NOAA-20|VIIRS-NOAA-21,3,3.93,4.8
E20260802-F675F78722,5,2026-08-02T00:40-05:00,2026-08-02T01:33-05:00,0.88,-72.87375,8.32279,0.97,false,1,54,Norte De Santander,1,54720,Sardinata,VIIRS-NOAA-20|VIIRS-NOAA-21,5,6.36,7.0
E20260802-F77BD50C5A,5,2026-08-02T12:37-05:00,2026-08-02T13:24-05:00,0.78,-70.7302,5.48724,1.33,false,1,85,Casanare,1,85250,Paz De Ariporo,VIIRS-NOAA-20|VIIRS-NOAA-21,5,5.96,6.9
E20260802-FE45EF6225,12,2026-08-02T15:25-05:00,2026-08-03T14:00-05:00,22.58,-72.4174,3.81188,3.23,false,1,50,Meta,1,50573,Puerto López,MODIS-Aqua|VIIRS-NOAA-20|VIIRS-NOAA-21,6,18.37,75.4
E20260803-3F510D9E30,3,2026-08-03T13:04-05:00,2026-08-03T13:04-05:00,0.0,-71.05478,5.01716,0.57,false,1,85,Casanare,1,85325,San Luis De Palenque,VIIRS-NOAA-21,3,9.1,9.1
E20260803-6A801CA563,4,2026-08-03T12:20-05:00,2026-08-03T14:00-05:00,1.67,-72.55195,8.43334,0.66,false,1,54,Norte De Santander,1,54810,Tibú,VIIRS-NOAA-20,4,17.07,30.7
E20260803-77018EB3A0,4,2026-08-03T01:59-05:00,2026-08-03T14:02-05:00,12.05,-73.4754,9.76146,0.81,false,1,20,Cesar,2,20013|20045,Agustín Codazzi|Becerril,VIIRS-NOAA-20|VIIRS-NOAA-21,4,1.98,4.8
E20260803-7B91C40E4B,3,2026-08-03T14:00-05:00,2026-08-03T14:00-05:00,0.0,-71.91699,3.54996,0.85,false,1,50,Meta,1,50568,Puerto Gaitán,VIIRS-NOAA-20,3,6.3,7.1
E20260803-7CA02DEE67,4,2026-08-03T13:04-05:00,2026-08-03T13:04-05:00,0.0,-71.03835,5.04976,0.88,false,1,85,Casanare,1,85325,San Luis De Palenque,VIIRS-NOAA-21,4,8.25,10.7
E20260803-95C4965E17,12,2026-08-03T00:23-05:00,2026-08-03T02:01-05:00,1.63,-71.88659,3.72825,1.27,false,1,50,Meta,1,50568,Puerto Gaitán,VIIRS-NOAA-20|VIIRS-NOAA-21,12,3.49,5.1
E20260803-9E2DB57CD2,3,2026-08-03T13:04-05:00,2026-08-03T14:00-05:00,0.93,-72.23487,3.44547,0.51,false,1,50,Meta,1,50568,Puerto Gaitán,VIIRS-NOAA-20|VIIRS-NOAA-21,3,4.93,5.4
E20260803-A13A88BA0F,60,2026-08-03T01:16-05:00,2026-08-03T14:00-05:00,12.73,-72.26707,3.48773,5.25,true,1,50,Meta,1,50568,Puerto Gaitán,MODIS-Aqua|MODIS-Terra|VIIRS-NOAA-20|VIIRS-NOAA-21,60,12.59,40.1
E20260803-B0285D1895,3,2026-08-03T13:04-05:00,2026-08-03T13:04-05:00,0.0,-72.8876,3.63115,0.46,false,1,50,Meta,1,50689,San Martín,VIIRS-NOAA-21,3,5.27,6.1
E20260803-E4FF75CB80,7,2026-08-03T13:04-05:00,2026-08-03T13:04-05:00,0.0,-71.15209,4.48006,1.38,false,1,50,Meta,1,50568,Puerto Gaitán,VIIRS-NOAA-21,7,11.23,16.0
E20260803-EBFFF540F1,21,2026-08-03T00:23-05:00,2026-08-03T08:33-05:00,8.17,-72.15563,3.64224,2.67,false,1,50,Meta,1,50568,Puerto Gaitán,MODIS-Terra|VIIRS-NOAA-20|VIIRS-NOAA-21,19,8.09,14.5
E20260804-06D755484A,5,2026-08-04T12:45-05:00,2026-08-04T12:45-05:00,0.0,-74.79852,6.38035,0.71,false,1,05,Antioquia,1,05142,Caracolí,VIIRS-NOAA-21,5,8.38,12.4
E20260804-06E3BEC881,3,2026-08-04T13:41-05:00,2026-08-04T15:04-05:00,1.38,-69.7902,4.62582,0.81,false,1,99,Vichada,1,99773,Cumaribo,MODIS-Aqua|VIIRS-NOAA-20,3,5.33,9.2
E20260804-09CF6FDC94,5,2026-08-04T12:47-05:00,2026-08-04T12:47-05:00,0.0,-75.23197,9.55732,0.7,false,1,70,Sucre,1,70508,Ovejas,VIIRS-NOAA-21,5,11.76,14.8
E20260804-0F60AD825F,3,2026-08-04T13:41-05:00,2026-08-04T13:41-05:00,0.0,-75.21501,3.65423,0.65,false,1,73,Tolima,1,73217,Coyaima,VIIRS-NOAA-20,3,7.77,13.1
E20260804-284879415F,3,2026-08-04T12:45-05:00,2026-08-04T12:45-05:00,0.0,-75.91937,4.78685,0.56,false,1,66,Risaralda,1,66001,Pereira,VIIRS-NOAA-21,3,41.93,65.0
E20260804-3F72B56F2D,4,2026-08-04T13:41-05:00,2026-08-04T13:41-05:00,0.0,-69.77561,4.48748,0.98,false,1,99,Vichada,1,99773,Cumaribo,VIIRS-NOAA-20,4,4.8,5.6
E20260804-4436EE0856,3,2026-08-04T12:45-05:00,2026-08-04T13:41-05:00,0.93,-71.3464,4.86512,0.91,false,1,85,Casanare,1,85230,Orocué,VIIRS-NOAA-20|VIIRS-NOAA-21,3,11.83,14.0
E20260804-480FB98508,4,2026-08-04T12:47-05:00,2026-08-04T13:41-05:00,0.9,-75.31276,10.55113,0.78,false,1,13,Bolívar,1,13222,Clemencia,VIIRS-NOAA-20|VIIRS-NOAA-21,4,6.2,8.3
E20260804-4C63DE8618,4,2026-08-04T12:47-05:00,2026-08-04T13:41-05:00,0.9,-75.25996,10.70107,0.8,false,1,13,Bolívar,1,13673,Santa Catalina,VIIRS-NOAA-20|VIIRS-NOAA-21,4,10.85,18.5
E20260804-5006556470,3,2026-08-04T12:45-05:00,2026-08-04T12:45-05:00,0.0,-70.27155,5.05732,0.86,false,1,99,Vichada,1,99524,La Primavera,VIIRS-NOAA-21,3,21.57,21.7
E20260804-6B196EDC2D,3,2026-08-04T13:41-05:00,2026-08-04T15:04-05:00,1.38,-69.55894,4.69197,1.08,false,1,99,Vichada,1,99773,Cumaribo,MODIS-Aqua|VIIRS-NOAA-20,3,5.87,7.6
E20260804-6D2C3C2201,3,2026-08-04T00:55-05:00,2026-08-04T01:42-05:00,0.78,-73.22161,10.45289,0.37,false,1,20,Cesar,1,20001,Valledupar,VIIRS-NOAA-20|VIIRS-NOAA-21,3,4.77,5.5
E20260804-7F605320C3,4,2026-08-04T12:45-05:00,2026-08-04T13:41-05:00,0.93,-72.21795,4.51841,0.96,false,1,85,Casanare,1,85139,Maní,VIIRS-NOAA-20|VIIRS-NOAA-21,4,7.97,17.2
E20260804-A50308A011,3,2026-08-04T13:41-05:00,2026-08-04T15:04-05:00,1.38,-70.71812,5.75223,1.07,false,1,85,Casanare,1,85250,Paz De Ariporo,MODIS-Aqua|VIIRS-NOAA-20,3,16.93,31.0
E20260804-A62A99C90A,3,2026-08-04T12:47-05:00,2026-08-04T12:47-05:00,0.0,-74.73267,10.9657,0.61,false,1,47,Magdalena,1,47745,Sitionuevo,VIIRS-NOAA-21,3,15.13,22.4
E20260804-AED5945F70,10,2026-08-04T12:45-05:00,2026-08-04T13:41-05:00,0.93,-75.10665,4.28661,1.1,false,1,73,Tolima,1,73678,San Luis,VIIRS-NOAA-20|VIIRS-NOAA-21,10,9.66,21.4
E20260804-CF81FA2D9B,3,2026-08-04T01:42-05:00,2026-08-04T13:41-05:00,11.98,-72.72466,10.97568,0.49,false,1,44,La Guajira,1,44078,Barrancas,VIIRS-NOAA-20|VIIRS-NOAA-21,3,5.47,6.2
E20260804-D35393D4FF,4,2026-08-04T00:57-05:00,2026-08-04T01:44-05:00,0.78,-71.5962,3.72493,0.74,false,1,50,Meta,1,50568,Puerto Gaitán,VIIRS-NOAA-20|VIIRS-NOAA-21,4,2.65,4.4
E20260804-E4A35877E5,7,2026-08-04T12:45-05:00,2026-08-04T13:41-05:00,0.93,-71.25643,4.92374,1.36,false,1,85,Casanare,1,85230,Orocué,VIIRS-NOAA-20|VIIRS-NOAA-21,7,10.41,17.6
E20260804-E5EF4A0D5D,3,2026-08-04T12:45-05:00,2026-08-04T12:45-05:00,0.0,-73.0422,4.63314,0.61,false,1,50,Meta,1,50110,Barranca De Upía,VIIRS-NOAA-21,3,12.0,14.7
E20260804-E7774BD585,28,2026-08-04T12:45-05:00,2026-08-04T13:41-05:00,0.93,-69.31634,5.05814,4.51,false,1,99,Vichada,1,99773,Cumaribo,VIIRS-NOAA-20|VIIRS-NOAA-21,28,21.29,57.4
E20260804-E79C181BEB,3,2026-08-04T12:45-05:00,2026-08-04T12:45-05:00,0.0,-75.14253,3.85479,0.41,false,1,73,Tolima,1,73217,Coyaima,VIIRS-NOAA-21,3,41.13,45.6
E20260804-E81BFD1C56,3,2026-08-04T00:57-05:00,2026-08-04T01:44-05:00,0.78,-71.74327,3.74502,0.5,false,1,50,Meta,1,50568,Puerto Gaitán,VIIRS-NOAA-20|VIIRS-NOAA-21,3,1.43,1.8
E20260804-E8ADE5796F,7,2026-08-04T12:45-05:00,2026-08-04T13:41-05:00,0.93,-70.22078,5.04786,1.5,false,1,99,Vichada,1,99524,La Primavera,VIIRS-NOAA-20|VIIRS-NOAA-21,7,7.57,10.5
E20260804-EB01166D83,3,2026-08-04T12:47-05:00,2026-08-04T13:41-05:00,0.9,-73.29871,9.74013,0.39,false,1,20,Cesar,1,20045,Becerril,VIIRS-NOAA-20|VIIRS-NOAA-21,3,20.9,32.2
E20260804-F7B6387ABC,3,2026-08-04T12:45-05:00,2026-08-04T13:41-05:00,0.93,-75.07303,4.28455,0.77,false,1,73,Tolima,2,73001|73678,Ibagué|San Luis,VIIRS-NOAA-20|VIIRS-NOAA-21,3,2.1,2.3
E20260805-8ABFFFD38D,3,2026-08-05T13:21-05:00,2026-08-05T14:08-05:00,0.78,-74.18056,6.9498,0.41,false,1,05,Antioquia,1,05893,Yondó,VIIRS-NOAA-20|VIIRS-NOAA-21,3,11.6,13.7
E20260805-B606945598,4,2026-08-05T13:21-05:00,2026-08-05T13:21-05:00,0.0,-71.36679,5.00144,1.28,false,1,85,Casanare,1,85230,Orocué,VIIRS-NOAA-20,4,3.67,4.1
E20260805-D352EDBB2E,3,2026-08-05T13:24-05:00,2026-08-05T13:24-05:00,0.0,-73.70339,9.46961,0.58,false,1,20,Cesar,1,20178,Chiriguaná,VIIRS-NOAA-20,3,33.1,33.1
E20260805-FB7B0A1EA9,4,2026-08-05T13:21-05:00,2026-08-05T13:21-05:00,0.0,-73.76748,7.883,0.63,false,1,68,Santander,1,68575,Puerto Wilches,VIIRS-NOAA-20,4,5.1,5.5
E20260806-04A1E4752B,3,2026-08-06T13:47-05:00,2026-08-06T13:47-05:00,0.0,-70.44695,5.25545,0.53,false,1,99,Vichada,1,99524,La Primavera,VIIRS-NOAA-21,3,9.53,15.0
E20260806-2C88B5470D,3,2026-08-06T12:07-05:00,2026-08-06T13:04-05:00,0.95,-68.13715,5.00851,0.49,false,1,99,Vichada,1,99773,Cumaribo,VIIRS-NOAA-20|VIIRS-NOAA-21,3,5.57,7.4
E20260806-3E53D20934,5,2026-08-05T20:37-05:00,2026-08-06T01:59-05:00,5.37,-73.83517,9.68586,1.07,false,1,47,Magdalena,1,47707,Santa Ana,MODIS-Terra|VIIRS-NOAA-20|VIIRS-NOAA-21,5,9.98,20.4
E20260806-4C6B579643,4,2026-08-06T13:47-05:00,2026-08-06T13:47-05:00,0.0,-71.10267,5.04732,0.81,false,1,85,Casanare,1,85325,San Luis De Palenque,VIIRS-NOAA-21,4,5.6,7.6
E20260806-6A3D437902,3,2026-08-06T13:04-05:00,2026-08-06T13:04-05:00,0.0,-68.41969,5.85816,0.58,false,1,99,Vichada,1,99001,Puerto Carreño,VIIRS-NOAA-20,3,7.6,7.9
E20260806-D97E132FE5,3,2026-08-06T01:59-05:00,2026-08-06T01:59-05:00,0.0,-73.38647,9.35196,1.16,false,1,20,Cesar,1,20228,Curumaní,VIIRS-NOAA-20,2,1.3,1.5
E20260806-F19BF21C18,3,2026-08-05T20:37-05:00,2026-08-06T01:59-05:00,5.37,-73.38177,9.32818,1.06,false,1,20,Cesar,1,20228,Curumaní,MODIS-Terra|VIIRS-NOAA-20,3,6.3,16.9
E20260807-00FAB02FC4,3,2026-08-07T13:32-05:00,2026-08-08T13:11-05:00,23.65,-75.16947,9.86058,0.42,false,1,13,Bolívar,1,13654,San Jacinto,VIIRS-NOAA-21,3,17.2,31.2
E20260807-095D84DAA6,3,2026-08-07T13:32-05:00,2026-08-07T13:32-05:00,0.0,-72.84953,11.31097,0.47,false,1,44,La Guajira,1,44001,Riohacha,VIIRS-NOAA-21,3,9.53,12.1
E20260807-0CE61D03BE,3,2026-08-07T12:45-05:00,2026-08-07T13:32-05:00,0.78,-73.07498,11.19681,0.3,false,1,44,La Guajira,1,44001,Riohacha,VIIRS-NOAA-20|VIIRS-NOAA-21,3,19.3,23.5
E20260807-0D203D0FA6,4,2026-08-07T13:32-05:00,2026-08-07T13:32-05:00,0.0,-73.65522,9.79895,0.68,false,1,20,Cesar,1,20250,El Paso,VIIRS-NOAA-21,4,13.55,14.4
E20260807-0EDF0B72FE,4,2026-08-07T12:45-05:00,2026-08-07T13:32-05:00,0.78,-72.78155,11.30216,0.67,false,1,44,La Guajira,1,44001,Riohacha,VIIRS-NOAA-20|VIIRS-NOAA-21,4,11.0,12.5
E20260807-0EF15FE9A4,3,2026-08-07T13:32-05:00,2026-08-08T13:11-05:00,23.65,-73.11275,10.40597,0.22,false,1,20,Cesar,1,20443,Manaure Balcón Del Cesar,VIIRS-NOAA-21,3,4.93,5.7
E20260807-154D571062,3,2026-08-07T15:19-05:00,2026-08-07T15:19-05:00,0.0,-74.93157,7.48436,1.28,false,1,05,Antioquia,1,05895,Zaragoza,MODIS-Aqua,3,8.3,12.2
E20260807-171AAB3564,6,2026-08-07T12:45-05:00,2026-08-07T13:32-05:00,0.78,-72.73699,8.23512,1.15,false,1,54,Norte De Santander,1,54720,Sardinata,VIIRS-NOAA-20|VIIRS-NOAA-21,6,66.53,134.2
E20260807-1A61E1C95B,4,2026-08-07T13:32-05:00,2026-08-07T15:19-05:00,1.78,-74.39005,8.93489,1.2,false,1,13,Bolívar,1,13549,Pinillos,MODIS-Aqua|VIIRS-NOAA-21,4,10.95,18.6
E20260807-1C38D417D4,5,2026-08-07T12:45-05:00,2026-08-07T13:32-05:00,0.78,-72.77859,10.81082,0.73,false,1,44,La Guajira,1,44279,Fonseca,VIIRS-NOAA-20|VIIRS-NOAA-21,5,11.38,17.4
E20260807-24B8717F2F,4,2026-08-07T00:48-05:00,2026-08-07T01:42-05:00,0.9,-77.22599,1.98259,0.5,false,1,52,Nariño,1,52405,Leiva,VIIRS-NOAA-20|VIIRS-NOAA-21,4,5.28,8.9
E20260807-28C5C3B1E1,4,2026-08-07T01:40-05:00,2026-08-08T02:07-05:00,24.45,-72.48862,7.95113,0.54,false,1,54,Norte De Santander,1,54001,San José De Cúcuta,VIIRS-NOAA-20|VIIRS-NOAA-21,4,2.27,3.9
E20260807-2E6FA8A3F4,4,2026-08-07T00:46-05:00,2026-08-08T01:22-05:00,24.6,-72.59377,7.89532,0.58,false,1,54,Norte De Santander,1,54673,San Cayetano,VIIRS-NOAA-20|VIIRS-NOAA-21,4,1.23,1.7
E20260807-349BAA3979,4,2026-08-07T12:45-05:00,2026-08-08T13:13-05:00,24.47,-73.06124,11.22833,1.12,false,1,44,La Guajira,1,44001,Riohacha,VIIRS-NOAA-20|VIIRS-NOAA-21,4,9.72,15.6
E20260807-3BFFB53F17,3,2026-08-07T15:19-05:00,2026-08-08T14:08-05:00,22.82,-72.86701,11.17326,0.86,false,1,44,La Guajira,1,44001,Riohacha,MODIS-Aqua|VIIRS-NOAA-20,3,5.73,8.3
E20260807-434C948F22,6,2026-08-07T00:46-05:00,2026-08-08T01:22-05:00,24.6,-72.59922,8.08094,1.23,false,1,54,Norte De Santander,1,54261,El Zulia,VIIRS-NOAA-20|VIIRS-NOAA-21,6,1.88,3.1
E20260807-467644376C,11,2026-08-07T12:45-05:00,2026-08-08T14:08-05:00,25.38,-73.77576,8.8254,2.53,false,1,20,Cesar,1,20787,Tamalameque,MODIS-Aqua|VIIRS-NOAA-20|VIIRS-NOAA-21,10,17.02,57.8
E20260807-5304A9F742,30,2026-08-07T15:19-05:00,2026-08-08T13:11-05:00,21.87,-72.94598,10.39318,3.61,false,1,20,Cesar,1,20443,Manaure Balcón Del Cesar,MODIS-Aqua|MODIS-Terra|VIIRS-NOAA-20|VIIRS-NOAA-21,30,18.6,168.8
E20260807-59605013C7,3,2026-08-07T12:43-05:00,2026-08-07T13:30-05:00,0.78,-76.0026,4.66146,0.53,false,1,76,Valle Del Cauca,1,76497,Obando,VIIRS-NOAA-20|VIIRS-NOAA-21,3,8.07,11.2
E20260807-5AE1CE9BA2,6,2026-08-07T12:45-05:00,2026-08-07T15:19-05:00,2.57,-75.49017,6.33272,1.44,false,1,05,Antioquia,1,05212,Copacabana,MODIS-Aqua|VIIRS-NOAA-20|VIIRS-NOAA-21,6,9.9,13.0
E20260807-6191160EB6,6,2026-08-07T15:19-05:00,2026-08-08T14:08-05:00,22.82,-73.64239,9.28592,0.97,false,1,20,Cesar,2,20178|20228,Chiriguaná|Curumaní,MODIS-Aqua|VIIRS-NOAA-20,6,11.73,23.3
E20260807-64889EFC2D,27,2026-08-07T15:19-05:00,2026-08-08T13:11-05:00,21.87,-73.53619,8.59463,2.93,false,2,20|54,Cesar|Norte De Santander,2,20383|54245,El Carmen|La Gloria,MODIS-Aqua|VIIRS-NOAA-20|VIIRS-NOAA-21,27,4.91,17.2
E20260807-723F112B06,3,2026-08-07T12:45-05:00,2026-08-07T15:19-05:00,2.57,-73.81826,8.75832,1.21,false,1,13,Bolívar,1,13580,Regidor,MODIS-Aqua|VIIRS-NOAA-20,3,7.43,11.2
E20260807-789F9BC38D,8,2026-08-07T12:45-05:00,2026-08-08T14:08-05:00,25.38,-73.08096,11.1831,0.92,false,1,44,La Guajira,1,44001,Riohacha,VIIRS-NOAA-20|VIIRS-NOAA-21,8,6.49,12.3
E20260807-794D6FBB91,3,2026-08-07T00:46-05:00,2026-08-08T01:22-05:00,24.6,-72.41888,8.03289,0.36,false,1,54,Norte De Santander,1,54001,San José De Cúcuta,VIIRS-NOAA-20|VIIRS-NOAA-21,2,1.05,1.1
E20260807-796DFC544F,3,2026-08-07T14:23-05:00,2026-08-07T14:23-05:00,0.0,-76.7058,2.446,0.65,false,1,19,Cauca,1,19807,Timbío,VIIRS-NOAA-20,3,8.13,8.9
E20260807-820476CE97,14,2026-08-07T01:40-05:00,2026-08-08T13:11-05:00,35.52,-73.38682,9.30517,3.42,false,1,20,Cesar,1,20228,Curumaní,MODIS-Terra|VIIRS-NOAA-20|VIIRS-NOAA-21,14,7.4,14.5
E20260807-8717E119A9,3,2026-08-07T12:45-05:00,2026-08-07T13:32-05:00,0.78,-72.98248,11.26129,0.47,false,1,44,La Guajira,1,44001,Riohacha,VIIRS-NOAA-20|VIIRS-NOAA-21,3,11.4,15.3
E20260807-8AEEFA8B5A,3,2026-08-07T01:40-05:00,2026-08-08T02:05-05:00,24.42,-72.6625,11.0304,0.14,false,1,44,La Guajira,1,44078,Barrancas,VIIRS-NOAA-20|VIIRS-NOAA-21,3,3.8,5.0
E20260807-8F2923E88C,3,2026-08-07T12:45-05:00,2026-08-07T13:32-05:00,0.78,-72.7959,11.24665,0.28,false,1,44,La Guajira,1,44001,Riohacha,VIIRS-NOAA-20|VIIRS-NOAA-21,3,9.1,14.5
E20260807-908FB0DDF9,3,2026-08-07T14:23-05:00,2026-08-07T14:23-05:00,0.0,-76.69308,2.43436,0.66,false,1,19,Cauca,1,19807,Timbío,VIIRS-NOAA-20,3,8.0,10.1
E20260807-971F4AC809,3,2026-08-07T12:45-05:00,2026-08-07T13:32-05:00,0.78,-72.58814,11.23867,0.49,false,1,44,La Guajira,1,44035,Albania,VIIRS-NOAA-20|VIIRS-NOAA-21,3,7.2,8.5
E20260807-99C6C7525F,3,2026-08-07T12:45-05:00,2026-08-07T13:30-05:00,0.75,-75.81224,6.59513,0.53,false,1,05,Antioquia,1,05042,Santa Fé De Antioquia,VIIRS-NOAA-20|VIIRS-NOAA-21,3,15.6,31.5
E20260807-9A30E54790,6,2026-08-07T13:32-05:00,2026-08-08T14:08-05:00,24.6,-73.61888,9.37093,0.49,false,1,20,Cesar,1,20178,Chiriguaná,MODIS-Terra|VIIRS-NOAA-20|VIIRS-NOAA-21,6,9.53,19.5
E20260807-9B2C2BD479,3,2026-08-07T12:45-05:00,2026-08-07T12:45-05:00,0.0,-73.76026,10.20092,0.55,false,1,20,Cesar,1,20001,Valledupar,VIIRS-NOAA-20,3,30.93,38.4
E20260807-9EF0BB2882,3,2026-08-07T12:45-05:00,2026-08-07T13:30-05:00,0.75,-72.58742,7.99642,0.46,false,1,54,Norte De Santander,1,54001,San José De Cúcuta,VIIRS-NOAA-20|VIIRS-NOAA-21,3,4.03,6.7
E20260807-9F5208A9D4,19,2026-08-07T12:45-05:00,2026-08-09T13:49-05:00,49.07,-73.02233,11.14421,2.78,false,1,44,La Guajira,1,44001,Riohacha,MODIS-Aqua|VIIRS-NOAA-20|VIIRS-NOAA-21,19,6.86,13.7
E20260807-B0DB7813FD,10,2026-08-07T12:45-05:00,2026-08-07T15:19-05:00,2.57,-74.10336,9.48509,0.84,false,1,20,Cesar,1,20032,Astrea,MODIS-Aqua|VIIRS-NOAA-20|VIIRS-NOAA-21,10,9.38,18.4
E20260807-BA8EA027D0,3,2026-08-07T00:46-05:00,2026-08-07T00:46-05:00,0.0,-73.29628,8.72498,0.48,false,1,54,Norte De Santander,1,54206,Convención,VIIRS-NOAA-21,2,1.55,2.1
E20260807-C26A4B7B75,3,2026-08-07T12:45-05:00,2026-08-07T13:32-05:00,0.78,-74.20759,8.92148,0.11,false,1,13,Bolívar,1,13074,Barranco De Loba,VIIRS-NOAA-20|VIIRS-NOAA-21,3,9.5,17.8
E20260807-CA64D3D973,3,2026-08-07T12:45-05:00,2026-08-07T13:32-05:00,0.78,-72.89542,11.17499,0.74,false,1,44,La Guajira,1,44001,Riohacha,VIIRS-NOAA-20|VIIRS-NOAA-21,3,10.1,14.1
E20260807-CCF6F9BEF7,5,2026-08-07T00:46-05:00,2026-08-07T01:40-05:00,0.9,-72.5695,7.89284,1.49,false,1,54,Norte De Santander,2,54001|54673,San Cayetano|San José De Cúcuta,VIIRS-NOAA-20|VIIRS-NOAA-21,3,1.0,1.0
E20260807-CD581B95DC,3,2026-08-07T13:30-05:00,2026-08-07T15:19-05:00,1.82,-74.99802,5.20787,0.71,false,1,73,Tolima,1,73283,Fresno,MODIS-Aqua|VIIRS-NOAA-21,3,10.53,19.8
E20260807-D1FD61CC08,35,2026-08-07T13:32-05:00,2026-08-09T12:54-05:00,47.37,-73.38125,9.35781,3.21,false,1,20,Cesar,1,20228,Curumaní,VIIRS-NOAA-20|VIIRS-NOAA-21,35,10.06,33.5
E20260807-D61A8284C4,6,2026-08-07T13:32-05:00,2026-08-08T13:11-05:00,23.65,-74.60054,8.84041,1.12,false,1,70,Sucre,1,70771,Sucre,MODIS-Aqua|VIIRS-NOAA-21,6,15.18,27.1
E20260807-D7FA62952D,17,2026-08-07T13:32-05:00,2026-08-13T02:14-05:00,132.7,-75.48748,10.31885,1.3,true,1,13,Bolívar,2,13001|13838,Cartagena De Indias|Turbana,VIIRS-NOAA-20|VIIRS-NOAA-21,12,3.17,8.8
E20260807-DD3C1F2A94,14,2026-08-07T01:40-05:00,2026-08-12T01:46-05:00,120.1,-72.72597,10.97587,1.26,true,1,44,La Guajira,1,44078,Barrancas,VIIRS-NOAA-20|VIIRS-NOAA-21,14,5.06,12.3
E20260807-E7F061BBDF,5,2026-08-07T12:45-05:00,2026-08-07T13:32-05:00,0.78,-73.76729,10.21051,0.79,false,1,20,Cesar,1,20001,Valledupar,VIIRS-NOAA-20|VIIRS-NOAA-21,5,8.72,14.9
E20260807-EC291BC28F,4,2026-08-07T13:32-05:00,2026-08-08T14:08-05:00,24.6,-73.9497,9.00375,1.24,false,1,47,Magdalena,1,47245,El Banco,VIIRS-NOAA-20|VIIRS-NOAA-21,4,6.78,8.3
E20260807-ECAE4D305E,5,2026-08-07T12:45-05:00,2026-08-07T13:32-05:00,0.78,-73.89396,8.88209,0.71,false,1,13,Bolívar,1,13268,El Peñón,VIIRS-NOAA-20|VIIRS-NOAA-21,5,6.08,12.7
E20260807-F40312C9B5,4,2026-08-07T12:43-05:00,2026-08-07T15:19-05:00,2.6,-74.93817,4.08283,0.84,false,1,73,Tolima,1,73319,Guamo,MODIS-Aqua|VIIRS-NOAA-20|VIIRS-NOAA-21,4,9.4,14.8
E20260807-F433A58F6E,3,2026-08-07T12:45-05:00,2026-08-07T13:32-05:00,0.78,-73.94763,8.6374,0.33,false,1,13,Bolívar,1,13600,Río Viejo,VIIRS-NOAA-20|VIIRS-NOAA-21,3,24.97,34.6
E20260807-F7407A3CD1,5,2026-08-07T12:43-05:00,2026-08-07T13:30-05:00,0.78,-76.50113,3.39485,0.73,false,1,76,Valle Del Cauca,1,76001,Santiago De Cali,VIIRS-NOAA-20|VIIRS-NOAA-21,5,6.94,10.2
E20260808-029D81DC54,9,2026-08-08T12:28-05:00,2026-08-08T14:08-05:00,1.67,-73.34605,9.5807,1.3,false,1,20,Cesar,1,20400,La Jagua De Ibirico,VIIRS-NOAA-20|VIIRS-NOAA-21,9,15.42,68.1
E20260808-07E714B6B3,14,2026-08-08T01:22-05:00,2026-08-09T15:00-05:00,37.63,-73.36889,9.33291,2.1,false,1,20,Cesar,1,20228,Curumaní,MODIS-Aqua|MODIS-Terra|VIIRS-NOAA-20|VIIRS-NOAA-21,14,9.06,31.5
E20260808-1425B53947,12,2026-08-08T01:22-05:00,2026-08-09T01:48-05:00,24.43,-74.12187,8.19681,1.8,false,1,13,Bolívar,1,13473,Morales,VIIRS-NOAA-20|VIIRS-NOAA-21,6,7.97,12.5
E20260808-15BB6C23D1,3,2026-08-08T02:05-05:00,2026-08-08T13:11-05:00,11.1,-73.47051,10.48263,0.55,false,1,20,Cesar,1,20001,Valledupar,VIIRS-NOAA-20|VIIRS-NOAA-21,3,6.17,12.5
E20260808-1AD724B67B,7,2026-08-08T13:11-05:00,2026-08-10T13:30-05:00,48.32,-74.16245,8.89159,1.49,false,1,13,Bolívar,1,13074,Barranco De Loba,VIIRS-NOAA-20|VIIRS-NOAA-21,7,10.37,33.9
E20260808-1C5A1B7894,5,2026-08-08T12:26-05:00,2026-08-08T13:11-05:00,0.75,-73.51596,8.65559,0.68,false,1,54,Norte De Santander,1,54245,El Carmen,VIIRS-NOAA-20|VIIRS-NOAA-21,5,30.7,37.4
E20260808-20E73DF204,5,2026-08-08T12:28-05:00,2026-08-08T13:11-05:00,0.72,-72.3139,11.22504,1.17,false,1,44,La Guajira,1,44430,Maicao,VIIRS-NOAA-20|VIIRS-NOAA-21,5,25.88,38.2
E20260808-24A7846AF1,4,2026-08-08T12:28-05:00,2026-08-08T13:11-05:00,0.72,-73.05147,10.94242,0.74,false,1,44,La Guajira,1,44650,San Juan Del Cesar,VIIRS-NOAA-20|VIIRS-NOAA-21,4,7.72,10.1
E20260808-2841C4D69E,4,2026-08-08T13:11-05:00,2026-08-08T14:08-05:00,0.95,-73.18689,9.99381,0.68,false,1,20,Cesar,1,20013,Agustín Codazzi,VIIRS-NOAA-20|VIIRS-NOAA-21,4,6.8,7.6
E20260808-2D1F076C93,14,2026-08-08T12:28-05:00,2026-08-08T14:08-05:00,1.67,-73.72766,9.52218,1.79,false,1,20,Cesar,2,20178|20250,Chiriguaná|El Paso,VIIRS-NOAA-20|VIIRS-NOAA-21,14,22.86,52.8
E20260808-2EB2DDA271,4,2026-08-08T12:28-05:00,2026-08-08T14:08-05:00,1.67,-73.33704,10.19901,0.67,false,1,20,Cesar,2,20001|20750,San Diego|Valledupar,VIIRS-NOAA-20,4,10.1,14.2
E20260808-2F0F8AF57E,4,2026-08-08T14:06-05:00,2026-08-08T15:57-05:00,1.85,-77.19346,1.35842,0.73,false,1,52,Nariño,1,52110,Buesaco,MODIS-Aqua|VIIRS-NOAA-20,4,17.93,20.8
E20260808-319E26F3E8,7,2026-08-08T13:11-05:00,2026-08-08T14:08-05:00,0.95,-74.78615,9.35837,1.15,false,1,13,Bolívar,1,13430,Magangué,VIIRS-NOAA-20|VIIRS-NOAA-21,7,7.79,12.4
E20260808-39346BDFAC,21,2026-08-08T14:08-05:00,2026-08-14T01:54-05:00,131.77,-74.54014,8.85803,3.22,true,1,13,Bolívar,1,13430,Magangué,MODIS-Aqua|VIIRS-NOAA-20|VIIRS-NOAA-21,20,10.86,32.9
E20260808-470F429AED,6,2026-08-08T13:11-05:00,2026-08-08T14:08-05:00,0.95,-73.67484,9.19814,0.85,false,1,20,Cesar,1,20228,Curumaní,VIIRS-NOAA-20|VIIRS-NOAA-21,6,68.47,169.8
E20260808-56542627FE,5,2026-08-08T12:28-05:00,2026-08-08T13:11-05:00,0.72,-73.55198,10.31208,1.31,false,1,20,Cesar,1,20001,Valledupar,VIIRS-NOAA-20|VIIRS-NOAA-21,5,26.0,39.9
E20260808-5C4D242B8A,3,2026-08-08T14:06-05:00,2026-08-08T14:06-05:00,0.0,-76.20875,4.58156,0.6,false,1,76,Valle Del Cauca,1,76863,Versalles,VIIRS-NOAA-20,3,3.3,4.1
E20260808-61AA3C87C2,9,2026-08-08T12:28-05:00,2026-08-08T14:08-05:00,1.67,-73.19946,11.18962,1.37,false,1,44,La Guajira,1,44090,Dibulla,VIIRS-NOAA-20|VIIRS-NOAA-21,9,20.56,46.9
E20260808-66A8D578AB,14,2026-08-08T12:28-05:00,2026-08-09T01:48-05:00,13.33,-73.44172,9.58276,2.45,false,1,20,Cesar,1,20400,La Jagua De Ibirico,VIIRS-NOAA-20|VIIRS-NOAA-21,14,8.29,14.5
E20260808-69ACF12927,10,2026-08-08T13:11-05:00,2026-08-09T01:48-05:00,12.62,-73.60154,10.3314,1.33,false,1,20,Cesar,2,20001|20570,Pueblo Bello|Valledupar,MODIS-Terra|VIIRS-NOAA-20|VIIRS-NOAA-21,10,4.32,16.1
E20260808-6DF904F320,3,2026-08-08T14:08-05:00,2026-08-08T14:08-05:00,0.0,-74.23719,9.1389,0.75,false,1,13,Bolívar,1,13440,Margarita,VIIRS-NOAA-20,3,6.17,7.7
E20260808-710B6ACED7,3,2026-08-08T12:28-05:00,2026-08-08T14:08-05:00,1.67,-73.2829,10.45843,0.28,false,1,20,Cesar,1,20001,Valledupar,VIIRS-NOAA-20,3,5.8,7.1
E20260808-763C2D9E6E,3,2026-08-08T08:31-05:00,2026-08-08T13:11-05:00,4.67,-73.37704,9.29775,0.64,false,1,20,Cesar,1,20228,Curumaní,MODIS-Terra|VIIRS-NOAA-21,3,5.37,9.7
E20260808-79803B8409,5,2026-08-08T12:28-05:00,2026-08-08T13:11-05:00,0.72,-73.20576,9.80722,0.91,false,1,20,Cesar,1,20045,Becerril,VIIRS-NOAA-20|VIIRS-NOAA-21,5,7.96,15.1
E20260808-7E995F0C52,4,2026-08-08T14:08-05:00,2026-08-09T01:48-05:00,11.67,-73.50737,9.74004,1.25,false,1,20,Cesar,2,20013|20045,Agustín Codazzi|Becerril,VIIRS-NOAA-20|VIIRS-NOAA-21,4,3.17,5.5
E20260808-8394CF614C,8,2026-08-08T13:13-05:00,2026-08-10T13:28-05:00,48.25,-72.87818,5.77411,1.09,false,1,15,Boyacá,1,15491,Nobsa,VIIRS-NOAA-20|VIIRS-NOAA-21,8,4.69,9.2
E20260808-868C9582AE,4,2026-08-08T12:28-05:00,2026-08-08T13:11-05:00,0.72,-73.21282,10.99909,0.85,false,1,44,La Guajira,1,44001,Riohacha,VIIRS-NOAA-20|VIIRS-NOAA-21,4,5.88,7.7
E20260808-91D20B6273,3,2026-08-08T13:11-05:00,2026-08-08T14:08-05:00,0.95,-74.09256,8.72829,0.4,false,1,13,Bolívar,1,13074,Barranco De Loba,VIIRS-NOAA-20|VIIRS-NOAA-21,3,26.73,53.8
E20260808-92BAC53608,3,2026-08-08T14:08-05:00,2026-08-09T01:48-05:00,11.67,-73.64937,9.20057,0.26,false,1,20,Cesar,1,20228,Curumaní,VIIRS-NOAA-20|VIIRS-NOAA-21,3,4.17,5.8
E20260808-94DFED2BB1,12,2026-08-07T20:17-05:00,2026-08-08T14:08-05:00,17.85,-73.41032,9.517,1.63,false,1,20,Cesar,1,20400,La Jagua De Ibirico,MODIS-Terra|VIIRS-NOAA-20|VIIRS-NOAA-21,12,20.67,167.1
E20260808-96565A9D99,3,2026-08-08T12:28-05:00,2026-08-08T13:11-05:00,0.72,-74.51427,9.58126,0.35,false,1,47,Magdalena,1,47555,Plato,VIIRS-NOAA-20|VIIRS-NOAA-21,3,10.3,17.6
E20260808-9D687E64D7,3,2026-08-08T14:08-05:00,2026-08-08T14:08-05:00,0.0,-74.67493,9.05702,0.53,false,1,13,Bolívar,1,13430,Magangué,VIIRS-NOAA-20,3,9.63,13.1
E20260808-9DB487F4AE,3,2026-08-08T13:13-05:00,2026-08-09T12:54-05:00,23.68,-73.2422,11.21478,0.36,false,1,44,La Guajira,1,44090,Dibulla,VIIRS-NOAA-21,3,5.87,7.5
E20260808-9F5E8EF061,16,2026-08-08T12:28-05:00,2026-08-08T14:08-05:00,1.67,-73.5439,9.34274,1.86,false,1,20,Cesar,1,20178,Chiriguaná,VIIRS-NOAA-20|VIIRS-NOAA-21,16,14.03,23.1
E20260808-A34CB66C15,4,2026-08-08T13:11-05:00,2026-08-09T13:49-05:00,24.63,-72.42439,11.15405,1.01,false,1,44,La Guajira,1,44430,Maicao,VIIRS-NOAA-20|VIIRS-NOAA-21,4,17.98,33.0
E20260808-ADD3309C9B,7,2026-08-08T13:11-05:00,2026-08-08T20:54-05:00,7.72,-73.25062,8.29531,1.14,false,1,54,Norte De Santander,2,54398|54498,La Playa|Ocaña,MODIS-Terra|VIIRS-NOAA-21,7,15.49,50.2
E20260808-AE8C47D8AD,3,2026-08-08T14:08-05:00,2026-08-09T13:47-05:00,23.65,-74.51199,8.81849,0.76,false,1,13,Bolívar,1,13006,Achí,VIIRS-NOAA-20,3,5.5,7.1
E20260808-B13C6EA38A,3,2026-08-08T13:13-05:00,2026-08-08T13:13-05:00,0.0,-68.60873,6.09144,0.46,false,1,99,Vichada,1,99001,Puerto Carreño,VIIRS-NOAA-21,3,6.17,8.1
E20260808-B45CAB77D8,3,2026-08-08T13:13-05:00,2026-08-08T14:06-05:00,0.88,-74.7376,6.33696,0.54,false,1,05,Antioquia,1,05142,Caracolí,VIIRS-NOAA-20|VIIRS-NOAA-21,3,8.97,17.1
E20260808-B99A694A62,4,2026-08-08T14:06-05:00,2026-08-08T14:06-05:00,0.0,-74.75229,7.05851,1.19,false,1,05,Antioquia,1,05604,Remedios,VIIRS-NOAA-20,4,76.0,81.3
E20260808-BF42A301B3,3,2026-08-08T14:08-05:00,2026-08-08T14:08-05:00,0.0,-73.23955,9.75749,0.81,false,1,20,Cesar,1,20045,Becerril,VIIRS-NOAA-20,3,15.77,18.1
E20260808-BFDF46DF33,3,2026-08-08T13:11-05:00,2026-08-08T14:08-05:00,0.95,-73.17741,7.44439,0.52,false,1,68,Santander,1,68255,El Playón,VIIRS-NOAA-20|VIIRS-NOAA-21,3,8.87,9.8
E20260808-C1AD7D9EDA,6,2026-08-08T12:28-05:00,2026-08-08T14:08-05:00,1.67,-73.37985,9.48886,1.19,false,1,20,Cesar,1,20400,La Jagua De Ibirico,VIIRS-NOAA-20|VIIRS-NOAA-21,6,17.72,29.5
E20260808-C45F4B0A69,7,2026-08-08T12:26-05:00,2026-08-08T13:13-05:00,0.78,-68.92095,6.19618,1.13,false,0,,,0,,,VIIRS-NOAA-20|VIIRS-NOAA-21,7,10.04,13.9
E20260808-D1DC35C00F,3,2026-08-08T14:08-05:00,2026-08-08T14:08-05:00,0.0,-72.90405,11.15615,0.78,false,1,44,La Guajira,1,44001,Riohacha,VIIRS-NOAA-20,3,53.17,77.9
E20260808-DABF5FED12,3,2026-08-08T14:08-05:00,2026-08-08T14:08-05:00,0.0,-74.51133,7.37042,0.7,false,1,05,Antioquia,1,05736,Segovia,VIIRS-NOAA-20,3,14.33,21.2
E20260808-E181272F58,4,2026-08-08T14:08-05:00,2026-08-08T14:08-05:00,0.0,-75.31176,10.35321,0.83,false,1,13,Bolívar,1,13836,Turbaco,VIIRS-NOAA-20,4,10.5,15.3
E20260808-E3F9E90400,4,2026-08-08T13:13-05:00,2026-08-08T14:06-05:00,0.88,-74.85064,4.92677,0.63,false,1,73,Tolima,1,73055,Armero,VIIRS-NOAA-20|VIIRS-NOAA-21,4,7.38,9.5
E20260808-EB2B673240,6,2026-08-08T12:28-05:00,2026-08-08T14:08-05:00,1.67,-73.65324,9.40295,0.98,false,1,20,Cesar,1,20178,Chiriguaná,VIIRS-NOAA-20|VIIRS-NOAA-21,6,7.07,11.7
E20260808-ED64BEEA5E,4,2026-08-08T12:28-05:00,2026-08-08T13:11-05:00,0.72,-73.19079,11.00968,1.13,false,1,44,La Guajira,1,44001,Riohacha,VIIRS-NOAA-20|VIIRS-NOAA-21,4,8.9,17.2
E20260808-EECD4CB5D4,5,2026-08-08T14:08-05:00,2026-08-09T13:47-05:00,23.65,-73.47422,9.76011,1.11,false,1,20,Cesar,2,20013|20045,Agustín Codazzi|Becerril,VIIRS-NOAA-20|VIIRS-NOAA-21,5,6.6,13.1
E20260809-063FD10F92,3,2026-08-09T12:54-05:00,2026-08-09T13:49-05:00,0.92,-73.05197,11.02316,0.54,false,1,44,La Guajira,1,44001,Riohacha,VIIRS-NOAA-20|VIIRS-NOAA-21,3,11.67,15.2
E20260809-0B5606A97B,5,2026-08-09T13:47-05:00,2026-08-10T12:34-05:00,22.78,-73.17915,10.11587,0.74,false,1,20,Cesar,1,20750,San Diego,VIIRS-NOAA-20|VIIRS-NOAA-21,5,7.36,10.6
E20260809-143F9C1A0D,4,2026-08-09T12:52-05:00,2026-08-09T12:52-05:00,0.0,-74.66648,7.49777,0.76,false,1,05,Antioquia,1,05250,El Bagre,VIIRS-NOAA-21,4,13.45,13.5
E20260809-176F7C95C4,3,2026-08-09T12:54-05:00,2026-08-10T12:37-05:00,23.72,-73.13419,10.98783,0.62,false,1,44,La Guajira,1,44001,Riohacha,VIIRS-NOAA-21,3,6.87,13.1
E20260809-1D9F2D9C83,4,2026-08-09T12:54-05:00,2026-08-09T13:47-05:00,0.88,-73.44155,8.58923,0.72,false,1,54,Norte De Santander,1,54245,El Carmen,VIIRS-NOAA-20|VIIRS-NOAA-21,4,7.3,9.4
E20260809-1EA9B4AB4C,4,2026-08-09T12:52-05:00,2026-08-09T13:47-05:00,0.92,-74.8438,6.05392,0.72,false,1,05,Antioquia,1,05660,San Luis,VIIRS-NOAA-20|VIIRS-NOAA-21,4,13.3,19.4
E20260809-2026A119D6,3,2026-08-09T13:49-05:00,2026-08-09T13:49-05:00,0.0,-73.07509,10.98187,0.67,false,1,44,La Guajira,1,44650,San Juan Del Cesar,VIIRS-NOAA-20,3,8.47,12.5
E20260809-2361195FBC,5,2026-08-09T12:52-05:00,2026-08-09T13:47-05:00,0.92,-74.52897,7.0823,0.99,false,1,05,Antioquia,1,05604,Remedios,VIIRS-NOAA-20|VIIRS-NOAA-21,5,40.4,55.5
E20260809-288F48D474,5,2026-08-09T12:54-05:00,2026-08-09T13:47-05:00,0.88,-74.11337,9.25066,0.76,false,1,47,Magdalena,1,47318,Guamal,VIIRS-NOAA-20|VIIRS-NOAA-21,5,8.2,14.9
E20260809-470AE446DF,5,2026-08-09T12:52-05:00,2026-08-09T12:52-05:00,0.0,-71.84414,3.395,0.77,false,1,50,Meta,1,50325,Mapiripán,VIIRS-NOAA-21,5,15.76,21.9
E20260809-4F7D825935,5,2026-08-09T01:01-05:00,2026-08-09T01:48-05:00,0.78,-73.44938,9.61396,1.04,false,1,20,Cesar,1,20250,El Paso,VIIRS-NOAA-20|VIIRS-NOAA-21,5,3.52,4.5
E20260809-5211F8D1EE,3,2026-08-08T20:56-05:00,2026-08-09T01:48-05:00,4.87,-73.47162,9.6032,0.52,false,1,20,Cesar,1,20250,El Paso,MODIS-Terra|VIIRS-NOAA-20|VIIRS-NOAA-21,3,15.87,41.8
E20260809-5546D3F75F,3,2026-08-09T13:45-05:00,2026-08-09T13:45-05:00,0.0,-71.37844,3.50205,0.92,false,1,50,Meta,1,50568,Puerto Gaitán,VIIRS-NOAA-20,3,4.33,4.8
E20260809-6720F5142D,3,2026-08-09T13:47-05:00,2026-08-09T13:47-05:00,0.0,-69.53438,5.04297,0.56,false,1,99,Vichada,1,99524,La Primavera,VIIRS-NOAA-20,3,6.1,7.3
E20260809-689D56BAD1,5,2026-08-09T12:54-05:00,2026-08-09T13:49-05:00,0.92,-74.73346,10.95426,0.8,false,1,47,Magdalena,1,47745,Sitionuevo,VIIRS-NOAA-20|VIIRS-NOAA-21,5,8.74,12.5
E20260809-6B51862B62,5,2026-08-09T12:54-05:00,2026-08-09T12:54-05:00,0.0,-73.6308,9.39423,1.0,false,1,20,Cesar,1,20178,Chiriguaná,VIIRS-NOAA-21,5,15.68,21.1
E20260809-6D097A7B56,7,2026-08-09T12:52-05:00,2026-08-10T12:34-05:00,23.7,-69.11845,4.76755,2.27,false,1,99,Vichada,1,99773,Cumaribo,MODIS-Aqua|MODIS-Terra|VIIRS-NOAA-20|VIIRS-NOAA-21,7,17.03,73.3
E20260809-704FD71CE7,3,2026-08-09T13:47-05:00,2026-08-10T13:30-05:00,23.72,-73.3134,9.35344,0.77,false,1,20,Cesar,1,20178,Chiriguaná,VIIRS-NOAA-20,3,13.3,15.2
E20260809-793EB0DF74,3,2026-08-09T12:54-05:00,2026-08-09T13:49-05:00,0.92,-75.40183,10.28657,0.73,false,1,13,Bolívar,1,13836,Turbaco,VIIRS-NOAA-20|VIIRS-NOAA-21,3,20.53,48.6
E20260809-7DBBBB6404,3,2026-08-09T13:47-05:00,2026-08-09T13:47-05:00,0.0,-69.60535,4.8266,0.51,false,1,99,Vichada,1,99773,Cumaribo,VIIRS-NOAA-20,3,5.2,8.4
E20260809-98ED6DB1DB,3,2026-08-09T12:52-05:00,2026-08-09T13:45-05:00,0.88,-70.43762,4.39958,0.78,false,1,99,Vichada,1,99773,Cumaribo,VIIRS-NOAA-20|VIIRS-NOAA-21,3,4.13,5.4
E20260809-A0364C7A8A,3,2026-08-09T12:54-05:00,2026-08-09T13:49-05:00,0.92,-74.65029,10.67287,0.37,false,1,47,Magdalena,1,47605,Remolino,VIIRS-NOAA-20|VIIRS-NOAA-21,3,3.13,4.8
E20260809-A107DB613F,232,2026-08-09T01:48-05:00,2026-08-12T15:14-05:00,85.43,-73.42293,9.38118,11.28,true,1,20,Cesar,2,20178|20228,Chiriguaná|Curumaní,MODIS-Aqua|MODIS-Terra|VIIRS-NOAA-20|VIIRS-NOAA-21,232,15.47,347.1
E20260809-A6ECE588FB,7,2026-08-09T12:54-05:00,2026-08-10T12:37-05:00,23.72,-73.03238,10.81894,0.83,false,1,44,La Guajira,1,44650,San Juan Del Cesar,VIIRS-NOAA-20|VIIRS-NOAA-21,7,11.19,13.9
E20260809-B2E86CD90A,17,2026-08-09T12:52-05:00,2026-08-11T01:12-05:00,36.33,-73.5275,5.53135,1.6,false,1,15,Boyacá,2,15638|15646,Samacá|Sáchica,MODIS-Aqua|VIIRS-NOAA-20|VIIRS-NOAA-21,14,12.73,40.7
E20260809-B35489622F,5,2026-08-09T12:52-05:00,2026-08-09T12:52-05:00,0.0,-70.82489,4.3351,1.75,false,1,99,Vichada,1,99773,Cumaribo,VIIRS-NOAA-21,5,11.92,20.9
E20260809-B6B3C46D28,4,2026-08-09T12:52-05:00,2026-08-09T12:52-05:00,0.0,-71.41132,3.57378,0.8,false,1,50,Meta,1,50568,Puerto Gaitán,VIIRS-NOAA-21,4,10.65,10.9
E20260809-B8F64D2CE7,23,2026-08-08T20:56-05:00,2026-08-09T12:54-05:00,15.97,-73.49,9.59005,3.93,false,1,20,Cesar,2,20250|20400,El Paso|La Jagua De Ibirico,MODIS-Aqua|MODIS-Terra|VIIRS-NOAA-20|VIIRS-NOAA-21,23,33.43,246.5
E20260809-BD1DEA0DDC,4,2026-08-09T12:52-05:00,2026-08-09T13:45-05:00,0.88,-72.97951,3.26449,1.19,false,1,50,Meta,1,50689,San Martín,VIIRS-NOAA-20|VIIRS-NOAA-21,4,5.17,6.5
E20260809-C147B41010,5,2026-08-09T12:52-05:00,2026-08-09T13:45-05:00,0.88,-72.94085,3.64434,1.21,false,1,50,Meta,1,50689,San Martín,VIIRS-NOAA-20|VIIRS-NOAA-21,5,23.6,41.3
E20260809-C25C1E2DA3,4,2026-08-09T12:52-05:00,2026-08-09T12:52-05:00,0.0,-70.02778,5.97336,0.96,false,1,85,Casanare,1,85250,Paz De Ariporo,VIIRS-NOAA-21,4,10.0,11.2
E20260809-C2EF60A33D,8,2026-08-09T12:52-05:00,2026-08-10T00:44-05:00,11.87,-71.19201,4.94145,3.43,false,1,85,Casanare,1,85230,Orocué,VIIRS-NOAA-20|VIIRS-NOAA-21,8,9.75,21.4
E20260809-C359879566,3,2026-08-09T13:47-05:00,2026-08-09T13:47-05:00,0.0,-72.55811,4.75568,0.85,false,1,85,Casanare,1,85139,Maní,VIIRS-NOAA-20,3,6.9,6.9
E20260809-DC1344E42B,3,2026-08-09T12:52-05:00,2026-08-09T12:52-05:00,0.0,-72.98658,3.65021,0.48,false,1,50,Meta,1,50573,Puerto López,VIIRS-NOAA-21,3,7.33,9.0
E20260809-E1BB200229,5,2026-08-09T12:52-05:00,2026-08-09T12:52-05:00,0.0,-70.27041,4.87411,1.04,false,1,99,Vichada,1,99624,Santa Rosalía,VIIRS-NOAA-21,5,8.76,9.6
E20260809-EE9D5088B3,5,2026-08-09T12:54-05:00,2026-08-09T13:49-05:00,0.92,-73.27802,10.84543,1.1,false,1,20,Cesar,1,20001,Valledupar,VIIRS-NOAA-20|VIIRS-NOAA-21,5,5.28,8.0
E20260809-F7EE4197AB,4,2026-08-09T12:52-05:00,2026-08-09T12:52-05:00,0.0,-71.6983,4.27828,0.68,false,1,50,Meta,1,50568,Puerto Gaitán,VIIRS-NOAA-21,4,14.78,21.6
E20260809-FC1902009C,4,2026-08-09T12:54-05:00,2026-08-09T13:47-05:00,0.88,-73.58485,9.82118,0.64,false,1,20,Cesar,1,20621,La Paz,VIIRS-NOAA-20|VIIRS-NOAA-21,4,8.55,14.4
E20260810-004C9FDE8F,4,2026-08-10T12:34-05:00,2026-08-10T13:28-05:00,0.9,-70.58292,3.83602,0.95,false,1,99,Vichada,1,99773,Cumaribo,VIIRS-NOAA-20|VIIRS-NOAA-21,4,3.4,4.0
E20260810-00D3C790A1,4,2026-08-10T14:15-05:00,2026-08-10T15:34-05:00,1.32,-76.77661,2.24399,1.28,false,1,19,Cauca,1,19622,Rosas,MODIS-Aqua|VIIRS-NOAA-21,4,20.62,36.5
E20260810-02FC5D812E,4,2026-08-10T12:37-05:00,2026-08-10T13:30-05:00,0.88,-72.93454,11.26699,0.62,false,1,44,La Guajira,1,44001,Riohacha,VIIRS-NOAA-20|VIIRS-NOAA-21,4,7.88,11.7
E20260810-032CB9BEF1,5,2026-08-10T01:29-05:00,2026-08-11T01:10-05:00,23.68,-72.57481,11.13506,1.14,false,1,44,La Guajira,1,44035,Albania,VIIRS-NOAA-21,5,3.72,7.7
E20260810-0401C750CF,3,2026-08-10T13:30-05:00,2026-08-10T15:34-05:00,2.07,-74.76412,7.04952,0.97,false,1,05,Antioquia,1,05604,Remedios,MODIS-Aqua|VIIRS-NOAA-20|VIIRS-NOAA-21,3,10.07,22.9
E20260810-083051DBC3,4,2026-08-10T12:34-05:00,2026-08-10T13:28-05:00,0.9,-70.70879,4.92151,0.8,false,1,99,Vichada,1,99624,Santa Rosalía,VIIRS-NOAA-20|VIIRS-NOAA-21,4,14.82,25.6
E20260810-091CB8A2AD,4,2026-08-10T01:29-05:00,2026-08-11T01:12-05:00,23.72,-74.81979,4.59747,1.19,false,1,73,Tolima,1,73547,Piedras,VIIRS-NOAA-20|VIIRS-NOAA-21,4,6.3,9.7
E20260810-0985AA6240,3,2026-08-10T13:30-05:00,2026-08-10T20:34-05:00,7.07,-73.3083,8.61487,0.42,false,1,54,Norte De Santander,1,54206,Convención,MODIS-Aqua|MODIS-Terra|VIIRS-NOAA-20,3,11.9,19.4
E20260810-0AA014E6F4,27,2026-08-10T12:34-05:00,2026-08-10T15:34-05:00,3.0,-75.07967,4.23846,3.49,false,1,73,Tolima,1,73678,San Luis,MODIS-Aqua|VIIRS-NOAA-20|VIIRS-NOAA-21,27,117.47,514.1
E20260810-0E8090CFE0,3,2026-08-10T12:34-05:00,2026-08-10T13:30-05:00,0.93,-75.03262,10.22008,0.61,false,1,13,Bolívar,1,13062,Arroyohondo,VIIRS-NOAA-20|VIIRS-NOAA-21,3,11.27,13.2
E20260810-1044897661,3,2026-08-10T00:44-05:00,2026-08-10T01:31-05:00,0.78,-72.57035,7.89121,1.12,false,1,54,Norte De Santander,2,54001|54673,San Cayetano|San José De Cúcuta,VIIRS-NOAA-20|VIIRS-NOAA-21,3,1.83,2.0
E20260810-14DB9BB39D,10,2026-08-10T13:30-05:00,2026-08-10T13:30-05:00,0.0,-73.63961,9.60018,1.92,false,1,20,Cesar,1,20250,El Paso,VIIRS-NOAA-20,10,2.76,3.7
E20260810-1A745196A1,5,2026-08-10T13:28-05:00,2026-08-10T13:28-05:00,0.0,-69.60041,5.4266,0.73,false,1,99,Vichada,1,99524,La Primavera,VIIRS-NOAA-20,5,10.3,12.3
E20260810-1F7FE4429A,3,2026-08-10T12:34-05:00,2026-08-10T13:30-05:00,0.93,-73.06763,10.34171,0.21,false,1,20,Cesar,1,20621,La Paz,VIIRS-NOAA-20|VIIRS-NOAA-21,3,2.07,2.3
E20260810-20754E0D9C,3,2026-08-10T14:15-05:00,2026-08-10T15:34-05:00,1.32,-76.19239,3.42569,0.83,false,1,76,Valle Del Cauca,1,76563,Pradera,MODIS-Aqua|VIIRS-NOAA-21,3,10.97,13.0
E20260810-207E26800F,5,2026-08-10T15:36-05:00,2026-08-11T13:56-05:00,22.33,-73.26461,9.54404,1.02,false,1,20,Cesar,1,20400,La Jagua De Ibirico,MODIS-Aqua|MODIS-Terra|VIIRS-NOAA-21,5,38.74,164.7
E20260810-2107C0C927,3,2026-08-10T13:28-05:00,2026-08-10T13:28-05:00,0.0,-71.29102,5.06464,0.72,false,1,85,Casanare,1,85230,Orocué,VIIRS-NOAA-20,3,10.6,10.6
E20260810-230C9228C2,4,2026-08-10T13:28-05:00,2026-08-10T15:34-05:00,2.1,-76.8624,2.8513,1.52,false,1,19,Cauca,1,19473,Morales,MODIS-Aqua|VIIRS-NOAA-20,4,11.03,22.4
E20260810-257A2FF44E,57,2026-08-10T12:34-05:00,2026-08-12T00:55-05:00,36.35,-75.46212,3.49267,4.42,false,1,73,Tolima,2,73067|73168,Ataco|Chaparral,MODIS-Aqua|VIIRS-NOAA-20|VIIRS-NOAA-21,56,19.83,118.5
E20260810-2671E429E4,3,2026-08-10T12:34-05:00,2026-08-10T12:34-05:00,0.0,-73.33401,9.6414,0.61,false,1,20,Cesar,1,20045,Becerril,VIIRS-NOAA-21,3,3.23,5.7
E20260810-272349DF80,3,2026-08-10T13:28-05:00,2026-08-10T13:28-05:00,0.0,-71.44665,4.07683,0.47,false,1,50,Meta,1,50568,Puerto Gaitán,VIIRS-NOAA-20,3,5.6,7.0
E20260810-2950C1CAC9,10,2026-08-10T13:30-05:00,2026-08-10T13:30-05:00,0.0,-74.22751,10.48418,2.77,false,1,47,Magdalena,1,47551,Pivijay,VIIRS-NOAA-20,10,4.94,16.6
E20260810-299FA3C4B3,3,2026-08-10T13:30-05:00,2026-08-10T13:30-05:00,0.0,-73.17273,7.72507,0.43,false,1,54,Norte De Santander,1,54128,Cáchira,VIIRS-NOAA-20,3,5.47,8.6
E20260810-2B98FA1491,12,2026-08-10T13:28-05:00,2026-08-10T20:34-05:00,7.1,-74.87624,4.89327,1.98,false,1,73,Tolima,2,73055|73408,Armero|Lérida,MODIS-Aqua|MODIS-Terra|VIIRS-NOAA-20|VIIRS-NOAA-21,12,27.42,87.5
E20260810-2E761409D1,20,2026-08-10T12:34-05:00,2026-08-10T13:28-05:00,0.9,-72.53836,3.54127,3.52,false,1,50,Meta,1,50689,San Martín,VIIRS-NOAA-20|VIIRS-NOAA-21,20,13.31,18.7
E20260810-2EEE1206EF,3,2026-08-10T13:30-05:00,2026-08-10T13:30-05:00,0.0,-74.52142,8.82758,0.61,false,1,13,Bolívar,2,13006|13430,Achí|Magangué,VIIRS-NOAA-20,3,6.1,8.8
E20260810-33D8965438,3,2026-08-10T13:28-05:00,2026-08-10T14:15-05:00,0.78,-74.90582,6.04342,0.68,false,1,05,Antioquia,1,05660,San Luis,VIIRS-NOAA-20|VIIRS-NOAA-21,3,5.0,7.1
E20260810-340C35D7D8,3,2026-08-10T13:28-05:00,2026-08-10T14:15-05:00,0.78,-76.7864,2.62782,0.52,false,1,19,Cauca,1,19130,Cajibío,VIIRS-NOAA-20|VIIRS-NOAA-21,3,18.4,41.0
E20260810-3450DEEE4B,6,2026-08-10T14:15-05:00,2026-08-10T15:34-05:00,1.32,-75.40181,5.73981,1.58,false,1,05,Antioquia,1,05756,Sonsón,MODIS-Aqua|VIIRS-NOAA-21,6,23.42,40.6
E20260810-355E30DFCE,5,2026-08-10T13:28-05:00,2026-08-10T14:15-05:00,0.78,-77.65357,1.21095,0.89,false,1,52,Nariño,1,52838,Túquerres,VIIRS-NOAA-20|VIIRS-NOAA-21,5,24.38,32.9
E20260810-361A0BF98F,5,2026-08-10T12:34-05:00,2026-08-10T14:15-05:00,1.68,-75.59798,4.60559,0.73,false,1,63,Quindío,1,63690,Salento,VIIRS-NOAA-20|VIIRS-NOAA-21,5,14.3,31.8
E20260810-373A1779BB,4,2026-08-10T12:34-05:00,2026-08-10T13:28-05:00,0.9,-75.12143,3.81747,0.92,false,1,73,Tolima,1,73217,Coyaima,VIIRS-NOAA-20|VIIRS-NOAA-21,4,13.85,23.9
E20260810-376943EA8D,7,2026-08-10T12:34-05:00,2026-08-10T15:34-05:00,3.0,-75.20168,4.20251,0.78,false,1,73,Tolima,1,73854,Valle De San Juan,MODIS-Aqua|VIIRS-NOAA-20|VIIRS-NOAA-21,7,5.91,7.5
E20260810-385DF7120E,3,2026-08-10T13:28-05:00,2026-08-10T15:34-05:00,2.1,-76.40447,3.22913,0.73,false,1,19,Cauca,1,19573,Puerto Tejada,MODIS-Aqua|VIIRS-NOAA-20|VIIRS-NOAA-21,3,25.67,52.0
E20260810-386E8882A5,3,2026-08-10T13:30-05:00,2026-08-10T14:15-05:00,0.75,-76.21765,6.87509,0.42,false,1,05,Antioquia,1,05842,Uramita,VIIRS-NOAA-20|VIIRS-NOAA-21,3,17.7,28.4
E20260810-394BF93F33,35,2026-08-10T01:29-05:00,2026-08-12T13:36-05:00,60.12,-75.25406,4.12459,5.0,false,1,73,Tolima,2,73504|73624,Ortega|Rovira,MODIS-Aqua|MODIS-Terra|VIIRS-NOAA-20|VIIRS-NOAA-21,34,25.86,172.2
E20260810-3980689CC2,4,2026-08-10T13:28-05:00,2026-08-10T14:15-05:00,0.78,-74.79875,6.25805,0.41,false,1,05,Antioquia,1,05649,San Carlos,VIIRS-NOAA-20|VIIRS-NOAA-21,4,6.53,7.2
E20260810-3994202D0E,5,2026-08-10T15:34-05:00,2026-08-11T01:12-05:00,9.63,-75.60446,2.71981,1.13,false,1,41,Huila,1,41801,Teruel,MODIS-Aqua|VIIRS-NOAA-21,5,6.78,20.2
E20260810-3F75EC807E,14,2026-08-10T13:30-05:00,2026-08-12T12:52-05:00,47.37,-73.63606,9.39267,2.08,false,1,20,Cesar,1,20178,Chiriguaná,MODIS-Aqua|VIIRS-NOAA-20|VIIRS-NOAA-21,14,30.34,103.1
E20260810-408524F62F,28,2026-08-10T12:34-05:00,2026-08-10T20:34-05:00,8.0,-75.3037,3.81596,3.02,false,1,73,Tolima,1,73504,Ortega,MODIS-Aqua|MODIS-Terra|VIIRS-NOAA-20|VIIRS-NOAA-21,28,26.11,112.9
E20260810-40FA8C7023,3,2026-08-10T13:30-05:00,2026-08-10T13:30-05:00,0.0,-73.76268,7.86113,0.62,false,1,68,Santander,1,68575,Puerto Wilches,VIIRS-NOAA-20,3,4.2,4.2
E20260810-41A4DF004E,6,2026-08-10T15:34-05:00,2026-08-11T13:11-05:00,21.62,-75.20464,3.88056,2.24,false,1,73,Tolima,1,73504,Ortega,MODIS-Aqua|MODIS-Terra|VIIRS-NOAA-20,6,9.68,14.0
E20260810-435AFB2E16,3,2026-08-10T12:37-05:00,2026-08-10T13:30-05:00,0.88,-74.71486,10.80669,0.39,false,1,47,Magdalena,1,47745,Sitionuevo,VIIRS-NOAA-20|VIIRS-NOAA-21,3,5.67,7.3
E20260810-43D92D8908,3,2026-08-10T13:28-05:00,2026-08-10T15:34-05:00,2.1,-74.74901,5.36989,1.06,false,1,17,Caldas,1,17380,La Dorada,MODIS-Aqua|VIIRS-NOAA-20,3,11.9,18.8
E20260810-46A7746F5D,22,2026-08-10T13:28-05:00,2026-08-11T13:56-05:00,24.47,-74.81904,5.19586,4.02,false,1,73,Tolima,1,73349,Honda,MODIS-Aqua|MODIS-Terra|VIIRS-NOAA-20|VIIRS-NOAA-21,22,7.36,30.8
E20260810-47186A9B49,3,2026-08-10T13:28-05:00,2026-08-10T13:28-05:00,0.0,-69.47594,5.30847,0.71,false,1,99,Vichada,1,99524,La Primavera,VIIRS-NOAA-20,3,6.8,10.2
E20260810-47FABB6247,3,2026-08-10T12:37-05:00,2026-08-10T13:30-05:00,0.88,-75.2184,10.70617,0.48,false,1,08,Atlántico,1,08549,Piojó,VIIRS-NOAA-20|VIIRS-NOAA-21,3,5.27,5.7
E20260810-499170C78C,3,2026-08-10T13:28-05:00,2026-08-11T13:53-05:00,24.42,-76.31542,3.14639,0.34,false,1,19,Cauca,1,19212,Corinto,VIIRS-NOAA-20|VIIRS-NOAA-21,3,6.83,11.7
E20260810-4AC2341446,3,2026-08-10T12:34-05:00,2026-08-10T13:28-05:00,0.9,-75.7423,3.5419,0.61,false,1,73,Tolima,1,73616,Rioblanco,VIIRS-NOAA-20|VIIRS-NOAA-21,3,18.1,25.0
E20260810-4D035CD68D,4,2026-08-10T12:34-05:00,2026-08-10T13:30-05:00,0.93,-73.36788,9.35279,0.98,false,1,20,Cesar,1,20228,Curumaní,VIIRS-NOAA-20|VIIRS-NOAA-21,4,6.77,10.7
E20260810-4E57BA93AF,28,2026-08-10T13:28-05:00,2026-08-12T00:53-05:00,35.42,-75.87259,6.60757,2.68,false,1,05,Antioquia,1,05042,Santa Fé De Antioquia,MODIS-Aqua|MODIS-Terra|VIIRS-NOAA-20|VIIRS-NOAA-21,28,12.66,46.7
E20260810-4E57BE5849,3,2026-08-10T12:37-05:00,2026-08-10T13:30-05:00,0.88,-75.23179,10.48854,0.25,false,1,08,Atlántico,1,08606,Repelón,VIIRS-NOAA-20|VIIRS-NOAA-21,3,6.57,12.3
E20260810-523884E5C7,12,2026-08-10T14:15-05:00,2026-08-11T13:11-05:00,22.93,-76.90832,2.46926,1.67,false,1,19,Cauca,1,19256,El Tambo,MODIS-Aqua|VIIRS-NOAA-20|VIIRS-NOAA-21,12,38.04,153.4
E20260810-5262908277,3,2026-08-10T12:34-05:00,2026-08-10T13:30-05:00,0.93,-75.04687,9.78767,0.49,false,1,13,Bolívar,1,13654,San Jacinto,VIIRS-NOAA-20|VIIRS-NOAA-21,3,19.4,27.0
E20260810-53A147AFC0,3,2026-08-10T12:34-05:00,2026-08-10T13:28-05:00,0.9,-75.96244,6.32193,0.44,false,1,05,Antioquia,1,05044,Anzá,VIIRS-NOAA-20|VIIRS-NOAA-21,3,7.07,10.8
E20260810-554613B74E,3,2026-08-10T12:34-05:00,2026-08-10T12:34-05:00,0.0,-72.12934,3.45916,0.8,false,1,50,Meta,1,50568,Puerto Gaitán,VIIRS-NOAA-21,3,13.7,13.7
E20260810-57AE9B2A05,3,2026-08-10T12:37-05:00,2026-08-10T13:30-05:00,0.88,-72.80928,11.5612,0.43,false,1,44,La Guajira,1,44560,Manaure,VIIRS-NOAA-20|VIIRS-NOAA-21,3,9.37,19.5
E20260810-57E0D0B49D,18,2026-08-10T12:37-05:00,2026-08-12T12:52-05:00,48.25,-72.92725,11.17349,4.15,false,1,44,La Guajira,1,44001,Riohacha,MODIS-Aqua|VIIRS-NOAA-20|VIIRS-NOAA-21,18,53.72,243.2
E20260810-5BD772360F,5,2026-08-10T15:36-05:00,2026-08-12T12:52-05:00,45.27,-73.52244,9.37547,1.67,false,1,20,Cesar,1,20178,Chiriguaná,MODIS-Aqua|VIIRS-NOAA-20|VIIRS-NOAA-21,5,7.36,11.2
E20260810-5E7328AA5C,8,2026-08-10T13:28-05:00,2026-08-10T14:15-05:00,0.78,-76.94591,2.02796,1.17,false,1,19,Cauca,1,19785,Sucre,VIIRS-NOAA-20|VIIRS-NOAA-21,8,15.5,20.1
E20260810-602FB2C7D5,3,2026-08-10T14:15-05:00,2026-08-10T14:15-05:00,0.0,-76.87444,1.84084,0.59,false,1,19,Cauca,1,19100,Bolívar,VIIRS-NOAA-21,3,27.1,30.5
E20260810-61FE1E0BF5,3,2026-08-10T13:30-05:00,2026-08-10T15:36-05:00,2.1,-73.50234,9.38098,1.01,false,1,20,Cesar,1,20178,Chiriguaná,MODIS-Aqua|VIIRS-NOAA-20,3,19.87,31.8
E20260810-63991AACFA,4,2026-08-10T12:37-05:00,2026-08-10T13:30-05:00,0.88,-72.47498,11.13602,0.69,false,1,44,La Guajira,1,44430,Maicao,VIIRS-NOAA-20|VIIRS-NOAA-21,4,17.6,31.6
E20260810-63F82C09FC,5,2026-08-10T14:15-05:00,2026-08-10T15:34-05:00,1.32,-74.65573,4.16385,0.99,false,1,73,Tolima,1,73449,Melgar,MODIS-Aqua|VIIRS-NOAA-21,5,15.2,24.1
E20260810-6572FC973C,5,2026-08-10T13:28-05:00,2026-08-10T15:34-05:00,2.1,-75.37441,3.82208,0.65,false,1,73,Tolima,1,73168,Chaparral,MODIS-Aqua|VIIRS-NOAA-20|VIIRS-NOAA-21,5,8.36,16.4
E20260810-66A8DA559D,3,2026-08-10T14:15-05:00,2026-08-10T14:15-05:00,0.0,-76.76762,3.12549,0.63,false,1,19,Cauca,1,19110,Buenos Aires,VIIRS-NOAA-21,3,12.33,18.6
E20260810-6944270B24,3,2026-08-10T13:28-05:00,2026-08-10T14:15-05:00,0.78,-75.05247,6.04154,0.19,false,1,05,Antioquia,1,05660,San Luis,VIIRS-NOAA-20|VIIRS-NOAA-21,3,6.77,8.8
E20260810-6DF78ED9FF,3,2026-08-10T14:15-05:00,2026-08-10T14:15-05:00,0.0,-75.3978,6.38138,0.94,false,1,05,Antioquia,1,05079,Barbosa,VIIRS-NOAA-21,3,16.93,20.2
E20260810-6E2BB92347,3,2026-08-10T12:34-05:00,2026-08-10T13:28-05:00,0.9,-70.26383,5.44512,0.81,false,1,99,Vichada,1,99524,La Primavera,VIIRS-NOAA-20|VIIRS-NOAA-21,3,5.67,9.0
E20260810-72D6E608EC,4,2026-08-10T13:28-05:00,2026-08-10T15:34-05:00,2.1,-77.68986,1.30266,0.72,false,1,52,Nariño,1,52699,Santacruz,MODIS-Aqua|VIIRS-NOAA-20|VIIRS-NOAA-21,4,9.8,13.9
E20260810-74545A8D70,3,2026-08-10T00:46-05:00,2026-08-10T01:31-05:00,0.75,-76.75465,2.83055,0.68,false,1,19,Cauca,1,19780,Suárez,VIIRS-NOAA-20|VIIRS-NOAA-21,2,7.85,9.0
E20260810-797B117AD7,5,2026-08-10T01:29-05:00,2026-08-10T15:34-05:00,14.08,-75.00223,4.60276,1.1,false,1,73,Tolima,1,73026,Alvarado,MODIS-Aqua|VIIRS-NOAA-20|VIIRS-NOAA-21,4,15.73,27.6
E20260810-79820EE5F1,6,2026-08-10T00:44-05:00,2026-08-10T12:34-05:00,11.83,-69.16682,4.90983,1.98,false,1,99,Vichada,1,99773,Cumaribo,VIIRS-NOAA-20|VIIRS-NOAA-21,6,11.73,31.6
E20260810-79B3EA6612,8,2026-08-10T13:28-05:00,2026-08-10T15:34-05:00,2.1,-76.96983,1.80662,1.21,false,1,19,Cauca,1,19100,Bolívar,MODIS-Aqua|VIIRS-NOAA-20|VIIRS-NOAA-21,8,22.41,43.8
E20260810-7D090AFFAE,4,2026-08-10T14:15-05:00,2026-08-11T01:12-05:00,10.95,-75.97751,4.05517,0.86,false,1,76,Valle Del Cauca,1,76834,Tuluá,MODIS-Aqua|VIIRS-NOAA-21,3,7.8,14.9
E20260810-7E4D3EB734,4,2026-08-10T13:28-05:00,2026-08-10T15:34-05:00,2.1,-70.33026,4.35145,1.3,false,1,99,Vichada,1,99773,Cumaribo,MODIS-Aqua|VIIRS-NOAA-20,4,9.1,18.6
E20260810-7E963F2C61,8,2026-08-10T01:31-05:00,2026-08-12T01:46-05:00,48.25,-72.5993,8.08032,1.4,false,1,54,Norte De Santander,1,54261,El Zulia,VIIRS-NOAA-20|VIIRS-NOAA-21,7,3.33,6.8
E20260810-7FF252D6F9,3,2026-08-10T13:30-05:00,2026-08-10T13:30-05:00,0.0,-73.83255,8.96803,0.63,false,1,20,Cesar,1,20787,Tamalameque,VIIRS-NOAA-20,3,3.53,6.2
E20260810-8235C2B45E,8,2026-08-10T13:28-05:00,2026-08-10T14:15-05:00,0.78,-77.50954,1.50352,1.43,false,1,52,Nariño,1,52418,Los Andes,VIIRS-NOAA-20|VIIRS-NOAA-21,8,9.3,13.2
E20260810-8405308BBA,6,2026-08-10T13:28-05:00,2026-08-10T13:28-05:00,0.0,-69.88662,5.03732,1.4,false,1,99,Vichada,1,99524,La Primavera,VIIRS-NOAA-20,6,16.73,26.2
E20260810-84CB8E4251,4,2026-08-10T13:30-05:00,2026-08-11T13:11-05:00,23.68,-73.98992,8.9067,0.48,false,1,13,Bolívar,1,13667,San Martín De Loba,VIIRS-NOAA-20,4,5.25,6.8
E20260810-883EF373C6,4,2026-08-10T14:15-05:00,2026-08-11T13:11-05:00,22.93,-76.16219,4.12728,1.13,false,1,76,Valle Del Cauca,1,76036,Andalucía,MODIS-Aqua|VIIRS-NOAA-20|VIIRS-NOAA-21,4,22.43,33.9
E20260810-89B943F009,6,2026-08-10T01:29-05:00,2026-08-11T01:12-05:00,23.72,-75.47442,3.40285,1.63,false,1,73,Tolima,1,73067,Ataco,MODIS-Aqua|VIIRS-NOAA-20|VIIRS-NOAA-21,4,14.9,35.3
E20260810-8A1893D848,18,2026-08-10T13:28-05:00,2026-08-11T13:53-05:00,24.42,-77.62542,1.29022,2.03,false,1,52,Nariño,1,52699,Santacruz,MODIS-Aqua|MODIS-Terra|VIIRS-NOAA-20|VIIRS-NOAA-21,18,15.07,35.7
E20260810-8ACB0813CF,4,2026-08-10T12:34-05:00,2026-08-10T13:28-05:00,0.9,-68.59146,4.94367,0.71,false,1,99,Vichada,1,99773,Cumaribo,VIIRS-NOAA-20|VIIRS-NOAA-21,4,5.95,8.9
E20260810-8D0B870C67,4,2026-08-10T14:15-05:00,2026-08-10T15:34-05:00,1.32,-76.2987,2.9232,0.89,false,1,19,Cauca,1,19821,Toribío,MODIS-Aqua|VIIRS-NOAA-21,4,15.35,17.8
E20260810-8D7D016599,3,2026-08-10T12:37-05:00,2026-08-10T13:30-05:00,0.88,-73.107,11.24915,0.59,false,1,44,La Guajira,1,44001,Riohacha,VIIRS-NOAA-20|VIIRS-NOAA-21,3,5.77,10.7
E20260810-919DA722B8,8,2026-08-10T12:34-05:00,2026-08-10T15:34-05:00,3.0,-68.90596,5.70713,2.24,false,1,99,Vichada,1,99524,La Primavera,MODIS-Aqua|VIIRS-NOAA-20|VIIRS-NOAA-21,8,11.39,20.8
E20260810-925182D620,6,2026-08-10T13:30-05:00,2026-08-11T13:56-05:00,24.43,-75.06995,8.27216,0.99,false,1,23,Córdoba,1,23068,Ayapel,VIIRS-NOAA-20|VIIRS-NOAA-21,6,19.77,62.3
E20260810-9274434FA6,8,2026-08-10T12:34-05:00,2026-08-11T01:12-05:00,12.63,-74.49319,4.2646,1.49,false,1,25,Cundinamarca,1,25290,Fusagasugá,MODIS-Aqua|VIIRS-NOAA-20|VIIRS-NOAA-21,8,28.75,105.0
E20260810-94072C35EC,6,2026-08-10T13:28-05:00,2026-08-11T01:12-05:00,11.73,-77.56543,1.07226,1.42,false,1,52,Nariño,2,52506|52838,Ospina|Túquerres,MODIS-Aqua|VIIRS-NOAA-20|VIIRS-NOAA-21,6,2.7,4.9
E20260810-946CE4142D,4,2026-08-10T12:34-05:00,2026-08-10T13:28-05:00,0.9,-69.42768,5.85935,1.08,false,1,99,Vichada,1,99524,La Primavera,VIIRS-NOAA-20|VIIRS-NOAA-21,4,9.53,15.3
E20260810-959329BC4B,24,2026-08-10T14:15-05:00,2026-08-12T01:48-05:00,35.55,-76.96233,2.17088,3.57,false,1,19,Cauca,1,19532,Patía,MODIS-Aqua|MODIS-Terra|VIIRS-NOAA-20|VIIRS-NOAA-21,24,10.39,56.4
E20260810-999ED8254F,44,2026-08-10T14:15-05:00,2026-08-12T13:36-05:00,47.35,-75.07598,4.1203,6.51,true,1,73,Tolima,2,73319|73678,Guamo|San Luis,MODIS-Aqua|MODIS-Terra|VIIRS-NOAA-20|VIIRS-NOAA-21,44,39.62,415.6
E20260810-9A1E75FEB8,5,2026-08-10T13:28-05:00,2026-08-11T13:53-05:00,24.42,-76.14967,3.5261,0.96,false,1,76,Valle Del Cauca,1,76520,Palmira,MODIS-Aqua|VIIRS-NOAA-20|VIIRS-NOAA-21,5,6.14,11.1
E20260810-9A39629C91,6,2026-08-10T12:34-05:00,2026-08-10T13:28-05:00,0.9,-69.12565,5.39869,0.96,false,1,99,Vichada,1,99524,La Primavera,VIIRS-NOAA-20|VIIRS-NOAA-21,6,13.17,18.9
E20260810-9A8402D759,3,2026-08-10T13:28-05:00,2026-08-10T15:34-05:00,2.1,-74.87251,6.10936,0.62,false,1,05,Antioquia,1,05649,San Carlos,MODIS-Aqua|VIIRS-NOAA-20|VIIRS-NOAA-21,3,21.37,31.7
E20260810-9A8531C64C,5,2026-08-10T12:34-05:00,2026-08-10T13:30-05:00,0.93,-73.36767,8.65882,0.61,false,1,54,Norte De Santander,1,54245,El Carmen,VIIRS-NOAA-20|VIIRS-NOAA-21,5,8.4,11.4
E20260810-A2E2899619,18,2026-08-10T13:28-05:00,2026-08-13T01:29-05:00,60.02,-75.0108,4.56253,4.62,false,1,73,Tolima,1,73026,Alvarado,MODIS-Aqua|MODIS-Terra|VIIRS-NOAA-20|VIIRS-NOAA-21,18,13.87,47.4
E20260810-A4FB966522,4,2026-08-10T12:34-05:00,2026-08-10T12:34-05:00,0.0,-73.10632,9.91376,0.71,false,1,20,Cesar,1,20013,Agustín Codazzi,VIIRS-NOAA-21,4,6.62,9.8
E20260810-A63C6D2C33,3,2026-08-10T14:15-05:00,2026-08-10T14:15-05:00,0.0,-74.69104,5.09662,0.64,false,1,25,Cundinamarca,1,25320,Guaduas,VIIRS-NOAA-21,3,13.53,19.8
E20260810-A63EA49921,5,2026-08-10T13:28-05:00,2026-08-10T15:34-05:00,2.1,-76.8511,2.80419,0.63,false,1,19,Cauca,1,19473,Morales,MODIS-Aqua|VIIRS-NOAA-20|VIIRS-NOAA-21,5,9.04,11.1
E20260810-A6A94F9909,13,2026-08-10T15:34-05:00,2026-08-12T12:49-05:00,45.25,-74.91532,4.38111,2.81,false,1,73,Tolima,2,73200|73547,Coello|Piedras,MODIS-Aqua|MODIS-Terra|VIIRS-NOAA-20|VIIRS-NOAA-21,13,14.52,69.4
E20260810-A6CF3889BF,3,2026-08-10T13:28-05:00,2026-08-10T15:34-05:00,2.1,-75.72561,3.41012,1.89,false,1,73,Tolima,1,73616,Rioblanco,MODIS-Aqua|VIIRS-NOAA-20|VIIRS-NOAA-21,3,8.6,10.8
E20260810-A6D4462C24,5,2026-08-10T15:36-05:00,2026-08-11T13:56-05:00,22.33,-73.71817,9.49412,1.08,false,1,20,Cesar,1,20178,Chiriguaná,MODIS-Aqua|VIIRS-NOAA-20|VIIRS-NOAA-21,5,12.26,23.2
E20260810-A74F6FE43B,8,2026-08-10T01:29-05:00,2026-08-10T13:30-05:00,12.02,-73.13816,9.90069,1.62,false,1,20,Cesar,1,20013,Agustín Codazzi,VIIRS-NOAA-20|VIIRS-NOAA-21,6,2.9,3.6
E20260810-A7DB531DF9,21,2026-08-10T13:28-05:00,2026-08-12T00:53-05:00,35.42,-75.94716,3.86917,2.75,false,1,76,Valle Del Cauca,1,76111,Guadalajara De Buga,MODIS-Aqua|MODIS-Terra|VIIRS-NOAA-20|VIIRS-NOAA-21,21,17.06,36.6
E20260810-A85F79D44F,3,2026-08-10T13:28-05:00,2026-08-10T13:28-05:00,0.0,-70.14665,5.85401,0.67,false,1,85,Casanare,1,85250,Paz De Ariporo,VIIRS-NOAA-20,3,6.77,7.0
E20260810-A90938B49C,4,2026-08-10T13:28-05:00,2026-08-10T14:15-05:00,0.78,-75.12488,4.92726,0.84,false,1,73,Tolima,1,73870,Villahermosa,VIIRS-NOAA-20|VIIRS-NOAA-21,4,14.82,23.9
E20260810-ADD8242B66,4,2026-08-10T13:28-05:00,2026-08-10T15:34-05:00,2.1,-77.57395,1.6438,0.85,false,1,52,Nariño,1,52233,Cumbitara,MODIS-Aqua|VIIRS-NOAA-20|VIIRS-NOAA-21,4,9.65,15.2
E20260810-AEA18C4D74,3,2026-08-10T12:37-05:00,2026-08-10T13:30-05:00,0.88,-72.83556,10.95427,0.6,false,1,44,La Guajira,1,44078,Barrancas,VIIRS-NOAA-20|VIIRS-NOAA-21,3,7.7,9.2
E20260810-B1534213B2,10,2026-08-10T12:34-05:00,2026-08-10T15:34-05:00,3.0,-74.80375,6.3844,1.02,false,1,05,Antioquia,1,05142,Caracolí,MODIS-Aqua|VIIRS-NOAA-20|VIIRS-NOAA-21,10,29.69,61.8
E20260810-B32B939BE5,4,2026-08-10T12:34-05:00,2026-08-10T13:30-05:00,0.93,-73.95653,10.38828,0.59,false,1,47,Magdalena,1,47288,Fundación,VIIRS-NOAA-20|VIIRS-NOAA-21,4,7.3,12.0
E20260810-B3C5559288,3,2026-08-10T13:28-05:00,2026-08-10T15:34-05:00,2.1,-76.17618,3.16341,0.71,false,1,19,Cauca,1,19212,Corinto,MODIS-Aqua|VIIRS-NOAA-20|VIIRS-NOAA-21,3,8.87,10.1
E20260810-B50C7A32CC,3,2026-08-10T13:28-05:00,2026-08-10T13:28-05:00,0.0,-74.99315,5.79284,1.13,false,1,05,Antioquia,1,05652,San Francisco,VIIRS-NOAA-20,3,19.8,33.2
E20260810-B67948C47D,4,2026-08-10T13:28-05:00,2026-08-10T14:15-05:00,0.78,-74.9359,5.72638,0.43,false,1,17,Caldas,1,17662,Samaná,VIIRS-NOAA-20|VIIRS-NOAA-21,4,9.92,17.2
E20260810-B9A9B9376C,6,2026-08-10T12:34-05:00,2026-08-10T15:34-05:00,3.0,-69.65771,5.95012,1.12,false,1,99,Vichada,1,99524,La Primavera,MODIS-Aqua|VIIRS-NOAA-20|VIIRS-NOAA-21,6,35.53,178.2
E20260810-BADBAEAC5E,3,2026-08-10T01:31-05:00,2026-08-12T00:53-05:00,47.37,-72.41952,8.03394,0.4,false,1,54,Norte De Santander,1,54001,San José De Cúcuta,VIIRS-NOAA-21,3,4.03,7.5
E20260810-BC4FFBEB3C,5,2026-08-10T12:34-05:00,2026-08-10T12:34-05:00,0.0,-68.60664,4.77716,1.37,false,1,99,Vichada,1,99773,Cumaribo,VIIRS-NOAA-21,5,15.58,20.2
E20260810-BD2F76B80D,5,2026-08-10T12:34-05:00,2026-08-10T15:36-05:00,3.03,-73.7696,9.64036,1.17,false,1,20,Cesar,1,20250,El Paso,MODIS-Aqua|VIIRS-NOAA-20|VIIRS-NOAA-21,5,10.14,15.0
E20260810-BE776E6264,3,2026-08-10T12:34-05:00,2026-08-10T13:30-05:00,0.93,-73.99988,9.66872,0.48,false,1,47,Magdalena,1,47545,Pijiño Del Carmen,VIIRS-NOAA-20|VIIRS-NOAA-21,3,7.43,10.4
E20260810-BE8420E95E,6,2026-08-10T13:28-05:00,2026-08-11T13:53-05:00,24.42,-76.40704,2.53107,0.69,false,1,19,Cauca,1,19824,Totoró,VIIRS-NOAA-20|VIIRS-NOAA-21,6,9.23,12.7
E20260810-BFA7996308,3,2026-08-10T01:31-05:00,2026-08-11T01:10-05:00,23.65,-72.47856,7.99163,0.3,false,1,54,Norte De Santander,1,54001,San José De Cúcuta,VIIRS-NOAA-21,3,1.83,2.0
E20260810-C11B1B5A85,8,2026-08-10T12:34-05:00,2026-08-12T13:38-05:00,49.07,-74.39378,10.27848,0.79,false,1,47,Magdalena,1,47551,Pivijay,VIIRS-NOAA-20|VIIRS-NOAA-21,8,8.12,16.3
E20260810-C49B812ACB,3,2026-08-10T14:15-05:00,2026-08-10T15:34-05:00,1.32,-75.18409,3.71848,1.14,false,1,73,Tolima,1,73217,Coyaima,MODIS-Aqua|VIIRS-NOAA-21,3,18.9,21.2
E20260810-C5C8D391FC,7,2026-08-10T00:46-05:00,2026-08-10T01:29-05:00,0.72,-72.33131,4.06451,1.1,false,1,50,Meta,1,50573,Puerto López,VIIRS-NOAA-20|VIIRS-NOAA-21,7,2.49,3.3
E20260810-C7DC39C9BF,4,2026-08-10T13:28-05:00,2026-08-11T01:12-05:00,11.73,-77.10406,1.49868,0.55,false,1,52,Nariño,2,52051|52694,Arboleda|San Pedro De Cartago,VIIRS-NOAA-20|VIIRS-NOAA-21,4,15.25,41.5
E20260810-C89B2E6B04,9,2026-08-10T12:34-05:00,2026-08-10T15:36-05:00,3.03,-73.43584,8.65214,1.44,false,1,54,Norte De Santander,1,54245,El Carmen,MODIS-Aqua|VIIRS-NOAA-20|VIIRS-NOAA-21,9,32.11,67.0
E20260810-C9EB08C7D9,5,2026-08-10T12:34-05:00,2026-08-11T13:56-05:00,25.37,-74.55424,5.94987,0.78,false,1,15,Boyacá,1,15572,Puerto Boyacá,VIIRS-NOAA-20|VIIRS-NOAA-21,5,8.86,21.2
E20260810-CC02B765DA,3,2026-08-10T12:34-05:00,2026-08-10T13:30-05:00,0.93,-73.80344,9.39817,0.43,false,1,20,Cesar,1,20175,Chimichagua,VIIRS-NOAA-20|VIIRS-NOAA-21,3,3.63,5.5
E20260810-CD32B7D60C,5,2026-08-10T13:28-05:00,2026-08-11T01:12-05:00,11.73,-75.40211,5.43302,0.88,false,1,17,Caldas,1,17653,Salamina,VIIRS-NOAA-20|VIIRS-NOAA-21,5,6.1,12.9
E20260810-CDD29A6A40,3,2026-08-10T12:34-05:00,2026-08-10T13:28-05:00,0.9,-74.4714,5.47054,0.51,false,1,25,Cundinamarca,1,25148,Caparrapí,VIIRS-NOAA-20|VIIRS-NOAA-21,3,10.63,15.1
E20260810-CDFA4A1281,6,2026-08-10T13:28-05:00,2026-08-10T15:34-05:00,2.1,-76.54909,3.05368,1.22,false,1,19,Cauca,1,19698,Santander De Quilichao,MODIS-Aqua|VIIRS-NOAA-20|VIIRS-NOAA-21,6,11.87,17.0
E20260810-D04A27EB40,3,2026-08-10T01:31-05:00,2026-08-11T01:10-05:00,23.65,-72.59386,7.89527,0.6,false,1,54,Norte De Santander,1,54673,San Cayetano,VIIRS-NOAA-21,3,2.5,4.2
E20260810-D14CB55B83,6,2026-08-10T13:28-05:00,2026-08-10T15:34-05:00,2.1,-76.46653,2.59565,1.11,false,1,19,Cauca,1,19824,Totoró,MODIS-Aqua|VIIRS-NOAA-20|VIIRS-NOAA-21,6,15.73,23.2
E20260810-D19D029A9B,4,2026-08-10T12:34-05:00,2026-08-10T13:30-05:00,0.93,-73.36977,8.7308,0.73,false,1,54,Norte De Santander,1,54245,El Carmen,VIIRS-NOAA-20|VIIRS-NOAA-21,4,6.75,11.7
E20260810-D254CA7C05,104,2026-08-10T15:34-05:00,2026-08-12T01:50-05:00,34.27,-77.53995,1.44507,6.41,true,1,52,Nariño,3,52385|52411|52418,La Llanada|Linares|Los Andes,MODIS-Aqua|MODIS-Terra|VIIRS-NOAA-20|VIIRS-NOAA-21,104,24.63,315.4
E20260810-D337314963,6,2026-08-10T13:28-05:00,2026-08-10T14:15-05:00,0.78,-78.01591,0.90764,1.34,false,1,52,Nariño,1,52227,Cumbal,VIIRS-NOAA-20|VIIRS-NOAA-21,6,25.43,62.6
E20260810-D4EC8EBE6A,3,2026-08-10T13:28-05:00,2026-08-10T15:34-05:00,2.1,-75.06775,5.09271,0.98,false,1,73,Tolima,1,73152,Casabianca,MODIS-Aqua|VIIRS-NOAA-20,3,5.6,7.7
E20260810-D8A0661B19,3,2026-08-10T13:28-05:00,2026-08-11T13:11-05:00,23.72,-75.3031,3.99898,0.92,false,1,73,Tolima,1,73504,Ortega,MODIS-Terra|VIIRS-NOAA-20,3,8.53,16.5
E20260810-D9F5430E1F,6,2026-08-10T12:34-05:00,2026-08-10T13:30-05:00,0.93,-74.54461,7.31268,0.97,false,1,05,Antioquia,1,05736,Segovia,VIIRS-NOAA-20|VIIRS-NOAA-21,6,10.73,22.0
E20260810-DC5417F6F0,15,2026-08-10T01:31-05:00,2026-08-11T13:53-05:00,36.37,-76.57749,2.60132,2.79,false,1,19,Cauca,1,19130,Cajibío,MODIS-Aqua|VIIRS-NOAA-20|VIIRS-NOAA-21,15,6.95,41.8
E20260810-DC55C29DAA,3,2026-08-10T13:30-05:00,2026-08-10T13:30-05:00,0.0,-73.31426,10.45276,0.67,false,1,20,Cesar,1,20001,Valledupar,VIIRS-NOAA-20,3,7.5,7.5
E20260810-DF91E8D06C,3,2026-08-10T12:34-05:00,2026-08-10T13:30-05:00,0.93,-72.38514,8.25607,0.37,false,0,,,0,,,VIIRS-NOAA-20|VIIRS-NOAA-21,3,4.03,4.7
E20260810-E0BB904D18,4,2026-08-10T12:34-05:00,2026-08-10T15:36-05:00,3.03,-74.09542,8.72506,0.98,false,1,13,Bolívar,1,13074,Barranco De Loba,MODIS-Aqua|VIIRS-NOAA-20|VIIRS-NOAA-21,4,6.2,8.9
E20260810-E1DC59CF91,4,2026-08-10T14:15-05:00,2026-08-10T15:34-05:00,1.32,-77.40117,1.49887,1.48,false,1,52,Nariño,1,52254,El Peñol,MODIS-Aqua|VIIRS-NOAA-21,4,10.5,19.0
E20260810-E454FE37FB,3,2026-08-10T12:34-05:00,2026-08-10T13:28-05:00,0.9,-69.47841,5.33048,1.19,false,1,99,Vichada,1,99524,La Primavera,VIIRS-NOAA-20|VIIRS-NOAA-21,3,4.57,5.2
E20260810-E4E5D1034C,8,2026-08-10T12:34-05:00,2026-08-10T13:28-05:00,0.9,-70.94116,4.49263,1.87,false,1,99,Vichada,1,99773,Cumaribo,VIIRS-NOAA-20|VIIRS-NOAA-21,8,9.85,17.5
E20260810-E7077595AB,3,2026-08-10T14:15-05:00,2026-08-10T15:34-05:00,1.32,-76.82109,2.10822,1.24,false,1,19,Cauca,1,19397,La Vega,MODIS-Aqua|VIIRS-NOAA-21,3,11.47,13.5
E20260810-E727A0AAE4,3,2026-08-10T12:34-05:00,2026-08-10T13:28-05:00,0.9,-68.57227,4.78877,0.7,false,1,99,Vichada,1,99773,Cumaribo,VIIRS-NOAA-20|VIIRS-NOAA-21,3,3.93,4.1
E20260810-E9BCD4F32B,3,2026-08-10T13:28-05:00,2026-08-10T15:34-05:00,2.1,-76.49345,2.79432,0.6,false,1,19,Cauca,1,19137,Caldono,MODIS-Aqua|VIIRS-NOAA-20,3,9.7,10.0
E20260810-ED6ECFE529,4,2026-08-10T13:28-05:00,2026-08-10T15:34-05:00,2.1,-70.24,5.48916,0.69,false,1,99,Vichada,1,99524,La Primavera,MODIS-Aqua|VIIRS-NOAA-20,4,5.83,12.1
E20260810-EE3FBE138D,4,2026-08-10T12:34-05:00,2026-08-10T13:30-05:00,0.93,-74.24224,10.33822,0.6,false,1,47,Magdalena,1,47551,Pivijay,VIIRS-NOAA-20|VIIRS-NOAA-21,4,8.18,13.9
E20260810-EE7D5C35B1,6,2026-08-10T12:34-05:00,2026-08-10T15:34-05:00,3.0,-74.46803,5.38715,1.3,false,1,25,Cundinamarca,1,25148,Caparrapí,MODIS-Aqua|VIIRS-NOAA-20|VIIRS-NOAA-21,6,28.85,33.9
E20260810-EF37C3F685,22,2026-08-10T13:30-05:00,2026-08-12T13:38-05:00,48.13,-73.08499,11.1782,3.02,false,1,44,La Guajira,1,44001,Riohacha,MODIS-Aqua|MODIS-Terra|VIIRS-NOAA-20|VIIRS-NOAA-21,22,24.55,138.6
E20260810-F0D267E348,6,2026-08-10T13:30-05:00,2026-08-10T13:30-05:00,0.0,-73.53505,9.59582,1.31,false,1,20,Cesar,1,20178,Chiriguaná,VIIRS-NOAA-20,6,5.67,11.6
E20260810-F10FEB5A56,3,2026-08-10T13:28-05:00,2026-08-10T14:15-05:00,0.78,-74.86545,4.06147,0.42,false,1,73,Tolima,1,73319,Guamo,VIIRS-NOAA-20|VIIRS-NOAA-21,3,11.7,13.2
E20260810-F131EAACD5,8,2026-08-10T12:34-05:00,2026-08-10T15:34-05:00,3.0,-73.06287,5.69677,1.41,false,1,15,Boyacá,1,15516,Paipa,MODIS-Aqua|VIIRS-NOAA-20|VIIRS-NOAA-21,8,44.38,67.5
E20260810-F33941669D,186,2026-08-10T13:28-05:00,2026-08-15T20:34-05:00,127.1,-75.21871,4.01021,16.26,true,1,73,Tolima,2,73504|73678,Ortega|San Luis,MODIS-Aqua|MODIS-Terra|VIIRS-NOAA-20|VIIRS-NOAA-21,186,38.36,1028.8
E20260810-F42365C51B,7,2026-08-10T13:28-05:00,2026-08-10T15:34-05:00,2.1,-77.40243,1.65923,1.52,false,1,52,Nariño,1,52540,Policarpa,MODIS-Aqua|VIIRS-NOAA-20|VIIRS-NOAA-21,7,18.91,40.6
E20260810-F5228B6E6E,23,2026-08-10T12:34-05:00,2026-08-11T13:56-05:00,25.37,-75.27803,3.86454,2.88,false,1,73,Tolima,1,73504,Ortega,MODIS-Aqua|MODIS-Terra|VIIRS-NOAA-20|VIIRS-NOAA-21,23,20.23,49.2
E20260810-F76BCC26AC,3,2026-08-10T13:28-05:00,2026-08-10T14:15-05:00,0.78,-76.36875,2.91154,0.51,false,1,19,Cauca,1,19137,Caldono,VIIRS-NOAA-20|VIIRS-NOAA-21,3,8.97,9.9
E20260810-F7D86DCE19,5,2026-08-10T13:30-05:00,2026-08-10T13:30-05:00,0.0,-73.72151,9.78789,0.99,false,1,20,Cesar,1,20250,El Paso,VIIRS-NOAA-20,5,5.32,7.2
E20260810-F88587C5EF,3,2026-08-10T12:37-05:00,2026-08-10T13:30-05:00,0.88,-72.876,11.2536,0.69,false,1,44,La Guajira,1,44001,Riohacha,VIIRS-NOAA-20|VIIRS-NOAA-21,3,4.07,5.2
E20260810-F9B831C908,30,2026-08-10T15:36-05:00,2026-08-12T15:14-05:00,47.63,-73.41326,9.29014,4.23,false,1,20,Cesar,1,20228,Curumaní,MODIS-Aqua|MODIS-Terra|VIIRS-NOAA-20|VIIRS-NOAA-21,30,11.93,32.3
E20260810-FCCC1B6047,11,2026-08-10T15:34-05:00,2026-08-11T02:07-05:00,10.55,-75.52409,3.19138,1.73,false,1,41,Huila,1,41001,Neiva,MODIS-Aqua|VIIRS-NOAA-20|VIIRS-NOAA-21,11,6.99,27.4
E20260811-011E6C1991,4,2026-08-11T13:11-05:00,2026-08-11T13:56-05:00,0.75,-75.03801,9.62567,0.49,false,1,13,Bolívar,1,13244,El Carmen De Bolívar,VIIRS-NOAA-20|VIIRS-NOAA-21,4,9.12,15.0
E20260811-011E7927BE,9,2026-08-11T13:09-05:00,2026-08-11T13:53-05:00,0.73,-77.53395,1.26949,1.3,false,1,52,Nariño,1,52036,Ancuya,VIIRS-NOAA-20|VIIRS-NOAA-21,9,15.61,19.7
E20260811-02645C77A8,5,2026-08-11T01:12-05:00,2026-08-11T13:53-05:00,12.68,-76.24226,2.93912,0.75,false,1,19,Cauca,1,19821,Toribío,VIIRS-NOAA-20|VIIRS-NOAA-21,5,9.3,21.1
E20260811-03040CD9C1,4,2026-08-11T12:13-05:00,2026-08-11T12:13-05:00,0.0,-70.45298,5.89231,0.93,false,1,85,Casanare,1,85250,Paz De Ariporo,VIIRS-NOAA-21,4,14.7,14.9
E20260811-0795CE6A80,4,2026-08-11T13:13-05:00,2026-08-11T13:56-05:00,0.72,-75.09352,10.46573,0.72,false,1,08,Atlántico,1,08606,Repelón,VIIRS-NOAA-20|VIIRS-NOAA-21,4,6.2,7.6
E20260811-094D3B4C47,5,2026-08-11T13:56-05:00,2026-08-12T13:38-05:00,23.7,-73.85454,8.82989,0.82,false,1,13,Bolívar,1,13268,El Peñón,VIIRS-NOAA-20|VIIRS-NOAA-21,5,3.62,5.6
E20260811-0A2A20F22C,45,2026-08-10T20:37-05:00,2026-08-12T15:14-05:00,42.62,-73.43303,9.56575,3.96,false,1,20,Cesar,1,20400,La Jagua De Ibirico,MODIS-Aqua|MODIS-Terra|VIIRS-NOAA-20|VIIRS-NOAA-21,44,11.23,84.8
E20260811-0B8DB0EC41,4,2026-08-11T13:56-05:00,2026-08-11T13:56-05:00,0.0,-73.94323,6.96512,0.44,false,1,05,Antioquia,1,05893,Yondó,VIIRS-NOAA-21,4,18.65,18.9
E20260811-0C107D4508,4,2026-08-11T13:11-05:00,2026-08-12T13:38-05:00,24.45,-74.69481,6.93609,0.64,false,1,05,Antioquia,1,05604,Remedios,VIIRS-NOAA-20|VIIRS-NOAA-21,4,3.85,6.3
E20260811-118C4A71C1,3,2026-08-11T13:13-05:00,2026-08-11T13:56-05:00,0.72,-74.62589,10.80728,0.44,false,1,47,Magdalena,1,47745,Sitionuevo,VIIRS-NOAA-20|VIIRS-NOAA-21,3,5.17,5.4
E20260811-19BA4FBCF2,3,2026-08-11T12:13-05:00,2026-08-11T12:13-05:00,0.0,-69.12693,5.87343,0.9,false,1,99,Vichada,1,99524,La Primavera,VIIRS-NOAA-21,3,8.3,8.3
E20260811-1C55ECDFB8,3,2026-08-11T13:11-05:00,2026-08-12T13:38-05:00,24.45,-73.89127,9.20493,0.5,false,1,20,Cesar,1,20175,Chimichagua,VIIRS-NOAA-20|VIIRS-NOAA-21,3,7.27,10.0
E20260811-204CFA014B,3,2026-08-11T13:11-05:00,2026-08-11T13:56-05:00,0.75,-74.30405,8.95953,0.23,false,1,13,Bolívar,1,13549,Pinillos,VIIRS-NOAA-20|VIIRS-NOAA-21,3,6.77,8.4
E20260811-20708F05E5,8,2026-08-11T12:13-05:00,2026-08-11T13:56-05:00,1.72,-69.97808,6.35898,2.38,false,1,81,Arauca,1,81220,Cravo Norte,VIIRS-NOAA-20|VIIRS-NOAA-21,8,10.46,22.9
E20260811-215608BBEB,6,2026-08-11T12:13-05:00,2026-08-11T13:11-05:00,0.97,-68.63987,4.56325,0.97,false,1,99,Vichada,1,99773,Cumaribo,VIIRS-NOAA-20|VIIRS-NOAA-21,6,8.5,11.4
E20260811-2169C302E3,13,2026-08-11T13:09-05:00,2026-08-12T00:53-05:00,11.73,-77.49556,1.39219,2.35,false,1,52,Nariño,1,52411,Linares,MODIS-Aqua|MODIS-Terra|VIIRS-NOAA-20|VIIRS-NOAA-21,13,13.53,33.2
E20260811-22CA2B8E5C,3,2026-08-11T13:11-05:00,2026-08-11T13:56-05:00,0.75,-74.74911,5.62555,0.52,false,1,17,Caldas,1,17380,La Dorada,VIIRS-NOAA-20|VIIRS-NOAA-21,3,7.67,9.4
E20260811-2DFC9EA5F1,4,2026-08-11T13:56-05:00,2026-08-11T13:56-05:00,0.0,-74.59368,6.77151,0.71,false,1,05,Antioquia,1,05885,Yalí,VIIRS-NOAA-21,4,26.18,36.1
E20260811-2F886D0634,4,2026-08-11T13:56-05:00,2026-08-12T01:46-05:00,11.83,-73.33892,9.38378,0.84,false,1,20,Cesar,1,20178,Chiriguaná,VIIRS-NOAA-20|VIIRS-NOAA-21,4,13.95,23.0
E20260811-304F0BA684,14,2026-08-10T20:37-05:00,2026-08-11T13:56-05:00,17.32,-73.48874,9.27467,1.65,false,1,20,Cesar,1,20228,Curumaní,MODIS-Terra|VIIRS-NOAA-20|VIIRS-NOAA-21,13,8.35,20.1
E20260811-3555F7E86C,10,2026-08-11T12:13-05:00,2026-08-11T14:34-05:00,2.35,-68.61901,4.57064,3.2,false,1,99,Vichada,1,99773,Cumaribo,MODIS-Aqua|VIIRS-NOAA-20|VIIRS-NOAA-21,10,14.17,44.1
E20260811-379F9C7F54,9,2026-08-11T13:11-05:00,2026-08-11T13:56-05:00,0.75,-74.91161,6.40884,0.89,false,1,05,Antioquia,1,05670,San Roque,VIIRS-NOAA-20|VIIRS-NOAA-21,9,57.89,86.6
E20260811-3E9B2E3340,30,2026-08-11T13:11-05:00,2026-08-14T13:53-05:00,72.7,-75.13674,4.13797,4.32,false,1,73,Tolima,2,73678|73854,San Luis|Valle De San Juan,MODIS-Aqua|MODIS-Terra|VIIRS-NOAA-20|VIIRS-NOAA-21,30,9.74,64.0
E20260811-3FA78E5D69,4,2026-08-11T13:11-05:00,2026-08-11T13:53-05:00,0.7,-76.39302,3.11275,1.21,false,1,19,Cauca,1,19300,Guachené,VIIRS-NOAA-20|VIIRS-NOAA-21,4,5.6,7.6
E20260811-43D9BD950F,13,2026-08-10T20:37-05:00,2026-08-11T13:56-05:00,17.32,-73.28944,9.47687,1.4,false,1,20,Cesar,1,20400,La Jagua De Ibirico,MODIS-Terra|VIIRS-NOAA-20|VIIRS-NOAA-21,13,7.0,17.6
E20260811-44CAC15063,5,2026-08-11T13:56-05:00,2026-08-11T13:56-05:00,0.0,-74.99076,4.0204,1.09,false,1,73,Tolima,1,73319,Guamo,VIIRS-NOAA-21,5,5.98,10.2
E20260811-47EEA537E1,3,2026-08-11T13:11-05:00,2026-08-11T13:11-05:00,0.0,-76.31109,3.21713,0.71,false,1,19,Cauca,1,19513,Padilla,VIIRS-NOAA-20,3,3.57,4.3
E20260811-4A3816EFCA,24,2026-08-11T13:11-05:00,2026-08-12T01:48-05:00,12.62,-75.73835,4.27424,3.77,false,1,63,Quindío,2,63302|63548,Génova|Pijao,MODIS-Terra|VIIRS-NOAA-20|VIIRS-NOAA-21,24,14.06,27.0
E20260811-4D801DF407,3,2026-08-11T13:11-05:00,2026-08-11T13:11-05:00,0.0,-68.66605,4.5545,0.77,false,1,99,Vichada,1,99773,Cumaribo,VIIRS-NOAA-20,3,4.17,4.5
E20260811-509AE609A5,40,2026-08-11T01:10-05:00,2026-08-12T01:46-05:00,24.6,-73.53461,9.69515,2.96,false,1,20,Cesar,1,20045,Becerril,MODIS-Aqua|MODIS-Terra|VIIRS-NOAA-20|VIIRS-NOAA-21,40,7.68,24.6
E20260811-522E6EFB88,4,2026-08-11T13:56-05:00,2026-08-12T12:52-05:00,22.93,-74.44672,10.0012,1.58,false,1,47,Magdalena,1,47555,Plato,VIIRS-NOAA-20|VIIRS-NOAA-21,4,3.83,5.0
E20260811-554BFBBEBA,16,2026-08-11T13:11-05:00,2026-08-13T13:17-05:00,48.1,-74.916,4.9151,2.96,false,1,73,Tolima,1,73408,Lérida,VIIRS-NOAA-20|VIIRS-NOAA-21,16,20.32,94.6
E20260811-5A17AA0A30,3,2026-08-11T13:11-05:00,2026-08-11T13:11-05:00,0.0,-69.54642,5.1826,0.85,false,1,99,Vichada,1,99524,La Primavera,VIIRS-NOAA-20,3,3.93,4.6
E20260811-5B72DB943D,3,2026-08-11T13:56-05:00,2026-08-11T13:56-05:00,0.0,-75.24778,9.57886,0.38,false,1,70,Sucre,1,70508,Ovejas,VIIRS-NOAA-21,3,20.03,22.0
E20260811-5DC1155109,3,2026-08-11T13:13-05:00,2026-08-11T13:56-05:00,0.72,-73.98216,10.28847,0.59,false,1,47,Magdalena,1,47288,Fundación,VIIRS-NOAA-20|VIIRS-NOAA-21,3,6.6,8.4
E20260811-6044761E86,5,2026-08-11T13:56-05:00,2026-08-12T13:36-05:00,23.67,-74.05724,6.73635,1.83,false,1,68,Santander,1,68573,Puerto Parra,VIIRS-NOAA-20|VIIRS-NOAA-21,5,4.78,6.4
E20260811-61D5C2BB5E,9,2026-08-11T13:11-05:00,2026-08-12T13:38-05:00,24.45,-73.45738,9.89621,1.19,false,1,20,Cesar,1,20013,Agustín Codazzi,VIIRS-NOAA-20|VIIRS-NOAA-21,9,23.0,49.9
E20260811-61EC9C9DEB,6,2026-08-11T01:10-05:00,2026-08-13T01:27-05:00,48.28,-73.50717,9.74076,1.38,false,1,20,Cesar,2,20013|20045,Agustín Codazzi|Becerril,VIIRS-NOAA-20|VIIRS-NOAA-21,6,2.18,2.9
E20260811-63255CFF3C,3,2026-08-11T01:12-05:00,2026-08-11T02:07-05:00,0.92,-76.59592,2.58008,0.51,false,1,19,Cauca,1,19130,Cajibío,VIIRS-NOAA-20|VIIRS-NOAA-21,3,1.83,2.5
E20260811-634073621E,3,2026-08-11T13:11-05:00,2026-08-12T01:48-05:00,12.62,-76.84233,2.72915,0.95,false,1,19,Cauca,1,19130,Cajibío,VIIRS-NOAA-20|VIIRS-NOAA-21,3,9.03,15.3
E20260811-69364F230F,3,2026-08-11T13:11-05:00,2026-08-11T13:56-05:00,0.75,-74.82329,5.01315,0.47,false,1,73,Tolima,1,73055,Armero,VIIRS-NOAA-20|VIIRS-NOAA-21,3,8.33,11.3
E20260811-699FB900C3,3,2026-08-10T20:34-05:00,2026-08-10T20:34-05:00,0.0,-76.21182,4.08421,1.27,false,1,76,Valle Del Cauca,1,76834,Tuluá,MODIS-Terra,3,9.6,13.8
E20260811-69F66DAE4C,3,2026-08-11T13:11-05:00,2026-08-11T13:56-05:00,0.75,-75.23247,4.28587,0.58,false,1,73,Tolima,1,73624,Rovira,VIIRS-NOAA-20|VIIRS-NOAA-21,3,19.9,35.6
E20260811-6A3DE90666,3,2026-08-11T13:56-05:00,2026-08-12T13:38-05:00,23.7,-75.15105,9.58729,0.31,false,1,70,Sucre,1,70508,Ovejas,VIIRS-NOAA-20|VIIRS-NOAA-21,3,5.43,7.8
E20260811-6C7D015B8C,3,2026-08-11T13:09-05:00,2026-08-11T13:53-05:00,0.73,-74.21447,1.89317,1.14,false,1,18,Caquetá,1,18753,San Vicente Del Caguán,VIIRS-NOAA-20|VIIRS-NOAA-21,3,7.87,12.9
E20260811-6D67ACD720,66,2026-08-11T13:11-05:00,2026-08-13T01:27-05:00,36.27,-73.2867,8.28977,5.29,true,1,54,Norte De Santander,1,54498,Ocaña,MODIS-Aqua|MODIS-Terra|VIIRS-NOAA-20|VIIRS-NOAA-21,60,34.79,456.4
E20260811-6DAF8B9BF3,6,2026-08-11T13:11-05:00,2026-08-12T13:36-05:00,24.42,-74.97709,5.72393,1.51,false,1,05,Antioquia,1,05055,Argelia,VIIRS-NOAA-20|VIIRS-NOAA-21,6,24.52,54.8
E20260811-6E13BE55A1,4,2026-08-11T13:11-05:00,2026-08-11T13:11-05:00,0.0,-76.90203,1.83712,0.71,false,1,19,Cauca,1,19100,Bolívar,VIIRS-NOAA-20,4,11.22,14.6
E20260811-6E3A6EEF2C,3,2026-08-11T13:56-05:00,2026-08-11T13:56-05:00,0.0,-74.73289,5.78789,0.4,false,1,05,Antioquia,1,05756,Sonsón,VIIRS-NOAA-21,3,4.57,6.5
E20260811-6F5FBFA07C,4,2026-08-11T13:11-05:00,2026-08-11T13:56-05:00,0.75,-74.95781,8.22916,0.29,false,1,23,Córdoba,1,23068,Ayapel,VIIRS-NOAA-20|VIIRS-NOAA-21,4,8.53,12.0
E20260811-6FBC206B79,4,2026-08-11T13:11-05:00,2026-08-11T13:56-05:00,0.75,-73.5818,6.90996,0.52,false,1,68,Santander,1,68689,San Vicente De Chucurí,VIIRS-NOAA-20|VIIRS-NOAA-21,4,11.05,12.5
E20260811-6FE2E542FE,3,2026-08-11T13:11-05:00,2026-08-11T13:56-05:00,0.75,-75.40535,7.16937,0.36,false,1,05,Antioquia,1,05854,Valdivia,VIIRS-NOAA-20|VIIRS-NOAA-21,3,4.17,4.5
E20260811-74E3412718,5,2026-08-10T20:34-05:00,2026-08-11T02:07-05:00,5.55,-77.19988,2.06245,1.07,false,1,19,Cauca,1,19075,Balboa,MODIS-Terra|VIIRS-NOAA-20|VIIRS-NOAA-21,5,7.48,12.1
E20260811-77AC72D08E,7,2026-08-11T01:12-05:00,2026-08-11T02:07-05:00,0.92,-75.54997,3.06933,0.82,false,1,41,Huila,1,41524,Palermo,VIIRS-NOAA-20|VIIRS-NOAA-21,7,16.63,26.3
E20260811-7801C095F0,3,2026-08-10T20:34-05:00,2026-08-11T13:56-05:00,17.37,-75.12465,4.83719,1.02,false,1,73,Tolima,1,73461,Murillo,MODIS-Terra|VIIRS-NOAA-20|VIIRS-NOAA-21,3,19.4,30.6
E20260811-79017644C7,3,2026-08-11T13:56-05:00,2026-08-11T13:56-05:00,0.0,-73.63873,9.30052,0.85,false,1,20,Cesar,1,20178,Chiriguaná,VIIRS-NOAA-21,3,10.0,10.6
E20260811-7BE93538DF,3,2026-08-11T13:11-05:00,2026-08-11T13:53-05:00,0.7,-72.71498,3.42379,0.64,false,1,50,Meta,1,50689,San Martín,VIIRS-NOAA-20|VIIRS-NOAA-21,3,7.67,7.9
E20260811-7BEE7C4194,3,2026-08-11T13:56-05:00,2026-08-11T13:56-05:00,0.0,-75.10541,9.70912,0.45,false,1,13,Bolívar,1,13244,El Carmen De Bolívar,VIIRS-NOAA-21,3,7.9,10.2
E20260811-7D2EDC98BD,5,2026-08-11T12:13-05:00,2026-08-11T13:11-05:00,0.97,-69.82778,5.20976,1.72,false,1,99,Vichada,1,99524,La Primavera,VIIRS-NOAA-20|VIIRS-NOAA-21,5,6.16,8.2
E20260811-7E8DC738FE,4,2026-08-11T13:11-05:00,2026-08-12T13:38-05:00,24.45,-73.80955,8.95354,0.53,false,1,20,Cesar,1,20787,Tamalameque,VIIRS-NOAA-20|VIIRS-NOAA-21,4,10.03,16.2
E20260811-7FF6EF8263,6,2026-08-11T13:11-05:00,2026-08-11T13:56-05:00,0.75,-73.3281,8.75411,1.45,false,1,54,Norte De Santander,1,54245,El Carmen,VIIRS-NOAA-20|VIIRS-NOAA-21,6,13.78,35.2
E20260811-812F883BDD,3,2026-08-11T13:56-05:00,2026-08-11T13:56-05:00,0.0,-73.89592,8.98627,0.5,false,1,47,Magdalena,1,47245,El Banco,VIIRS-NOAA-21,3,9.33,14.0
E20260811-81D9605906,6,2026-08-11T13:11-05:00,2026-08-12T15:14-05:00,26.05,-73.7171,9.57768,0.66,false,1,20,Cesar,1,20250,El Paso,MODIS-Aqua|VIIRS-NOAA-20|VIIRS-NOAA-21,6,9.35,18.1
E20260811-8213A36465,3,2026-08-11T13:11-05:00,2026-08-11T13:56-05:00,0.75,-74.70677,5.05717,0.46,false,1,25,Cundinamarca,1,25320,Guaduas,VIIRS-NOAA-20|VIIRS-NOAA-21,3,3.7,3.9
E20260811-88C1388079,8,2026-08-11T13:11-05:00,2026-08-11T13:53-05:00,0.7,-76.76525,2.84054,1.13,false,1,19,Cauca,1,19780,Suárez,VIIRS-NOAA-20|VIIRS-NOAA-21,8,47.76,74.3
E20260811-895E5DE90B,19,2026-08-11T13:11-05:00,2026-08-11T13:53-05:00,0.7,-76.96491,2.1222,2.16,false,1,19,Cauca,1,19532,Patía,VIIRS-NOAA-20|VIIRS-NOAA-21,19,42.29,64.8
E20260811-8C770E9371,7,2026-08-11T13:56-05:00,2026-08-12T13:36-05:00,23.67,-74.86476,4.98041,1.95,false,1,73,Tolima,1,73055,Armero,VIIRS-NOAA-20|VIIRS-NOAA-21,7,6.16,9.5
E20260811-937B92F11A,5,2026-08-11T01:12-05:00,2026-08-11T02:05-05:00,0.88,-74.73071,5.03698,0.73,false,2,25|73,Cundinamarca|Tolima,2,25320|73055,Armero|Guaduas,VIIRS-NOAA-20|VIIRS-NOAA-21,1,4.6,4.6
E20260811-94A97BA0CF,46,2026-08-11T13:11-05:00,2026-08-13T13:17-05:00,48.1,-75.49494,5.85299,3.86,false,1,05,Antioquia,1,05002,Abejorral,MODIS-Terra|VIIRS-NOAA-20|VIIRS-NOAA-21,44,11.57,48.5
E20260811-979E345305,3,2026-08-11T13:11-05:00,2026-08-11T13:53-05:00,0.7,-69.86526,4.41315,0.38,false,1,99,Vichada,1,99773,Cumaribo,VIIRS-NOAA-20|VIIRS-NOAA-21,3,7.03,9.8
E20260811-99CE4F2252,3,2026-08-11T13:13-05:00,2026-08-11T13:56-05:00,0.72,-73.78435,10.20047,0.41,false,1,20,Cesar,1,20001,Valledupar,VIIRS-NOAA-20|VIIRS-NOAA-21,3,13.3,29.2
E20260811-9E60383F6C,3,2026-08-11T13:56-05:00,2026-08-12T13:38-05:00,23.7,-73.29131,9.49698,0.38,false,1,20,Cesar,1,20400,La Jagua De Ibirico,VIIRS-NOAA-21,3,3.33,4.1
E20260811-A20E7BFADB,3,2026-08-11T13:11-05:00,2026-08-11T13:11-05:00,0.0,-69.39859,4.61179,0.75,false,1,99,Vichada,1,99773,Cumaribo,VIIRS-NOAA-20,3,5.53,5.7
E20260811-A31E979197,3,2026-08-11T13:11-05:00,2026-08-11T13:56-05:00,0.75,-73.52454,9.54008,0.68,false,1,20,Cesar,2,20178|20400,Chiriguaná|La Jagua De Ibirico,VIIRS-NOAA-20|VIIRS-NOAA-21,3,7.27,8.0
E20260811-A762A1B29B,3,2026-08-11T13:11-05:00,2026-08-12T13:36-05:00,24.42,-74.9957,5.51247,1.2,false,1,17,Caldas,1,17662,Samaná,VIIRS-NOAA-20|VIIRS-NOAA-21,3,17.3,34.2
E20260811-AA4FBA0EAB,3,2026-08-11T13:11-05:00,2026-08-11T13:11-05:00,0.0,-68.65567,4.54437,0.61,false,1,99,Vichada,1,99773,Cumaribo,VIIRS-NOAA-20,3,7.3,13.7
E20260811-B040FCE983,6,2026-08-11T13:11-05:00,2026-08-11T13:56-05:00,0.75,-74.85612,4.939,1.31,false,1,73,Tolima,1,73055,Armero,VIIRS-NOAA-20|VIIRS-NOAA-21,6,9.75,22.3
E20260811-B171723524,3,2026-08-11T13:11-05:00,2026-08-11T13:56-05:00,0.75,-75.02124,4.0167,0.59,false,1,73,Tolima,1,73319,Guamo,VIIRS-NOAA-20|VIIRS-NOAA-21,3,8.13,10.4
E20260811-B1C48003A6,5,2026-08-10T20:34-05:00,2026-08-11T02:05-05:00,5.52,-73.05421,7.59319,1.05,false,1,68,Santander,2,68255|68780,El Playón|Suratá,MODIS-Terra|VIIRS-NOAA-20|VIIRS-NOAA-21,5,6.14,14.9
E20260811-B3F4915840,3,2026-08-11T01:12-05:00,2026-08-11T02:07-05:00,0.92,-76.93972,2.28407,0.48,false,1,19,Cauca,1,19256,El Tambo,VIIRS-NOAA-20|VIIRS-NOAA-21,2,3.45,4.4
E20260811-B77A613C3E,3,2026-08-11T13:11-05:00,2026-08-12T12:52-05:00,23.68,-73.90449,8.93891,1.14,false,1,13,Bolívar,1,13268,El Peñón,VIIRS-NOAA-20,3,5.33,5.6
E20260811-B784FF0F53,3,2026-08-11T12:13-05:00,2026-08-11T13:11-05:00,0.97,-69.75004,5.49336,0.53,false,1,99,Vichada,1,99524,La Primavera,VIIRS-NOAA-20|VIIRS-NOAA-21,3,5.73,7.6
E20260811-BD0D215D16,3,2026-08-11T13:13-05:00,2026-08-12T13:38-05:00,24.42,-75.00085,10.0609,0.6,false,1,13,Bolívar,1,13248,El Guamo,VIIRS-NOAA-20|VIIRS-NOAA-21,3,5.87,7.1
E20260811-BD79070553,19,2026-08-10T20:34-05:00,2026-08-13T15:49-05:00,67.25,-77.57057,1.48611,2.12,false,1,52,Nariño,2,52385|52418,La Llanada|Los Andes,MODIS-Aqua|MODIS-Terra|VIIRS-NOAA-20|VIIRS-NOAA-21,19,12.35,99.2
E20260811-C0E23B710D,3,2026-08-11T13:56-05:00,2026-08-11T13:56-05:00,0.0,-74.06964,7.16203,0.41,false,1,13,Bolívar,1,13160,Cantagallo,VIIRS-NOAA-21,3,12.0,17.4
E20260811-C6E2E59BE5,3,2026-08-11T13:53-05:00,2026-08-12T01:48-05:00,11.92,-76.60818,2.39601,0.49,false,1,19,Cauca,1,19760,Sotará Paispamba,VIIRS-NOAA-20|VIIRS-NOAA-21,3,7.57,15.1
E20260811-CA64903FAB,3,2026-08-10T20:34-05:00,2026-08-11T13:11-05:00,16.62,-76.22444,3.38017,1.02,false,1,76,Valle Del Cauca,1,76563,Pradera,MODIS-Terra|VIIRS-NOAA-20,3,7.93,9.7
E20260811-CB989A5A7D,3,2026-08-11T13:56-05:00,2026-08-12T13:38-05:00,23.7,-73.52394,9.65976,0.51,false,1,20,Cesar,1,20250,El Paso,VIIRS-NOAA-21,3,7.53,9.6
E20260811-CBFA47C704,3,2026-08-11T13:56-05:00,2026-08-11T13:56-05:00,0.0,-74.38739,8.82712,0.74,false,1,13,Bolívar,1,13549,Pinillos,VIIRS-NOAA-21,3,16.47,22.8
E20260811-CE561C4ED0,4,2026-08-11T13:56-05:00,2026-08-11T13:56-05:00,0.0,-74.65355,5.58446,0.53,false,1,17,Caldas,1,17380,La Dorada,VIIRS-NOAA-21,4,21.32,26.1
E20260811-CE561EDDFD,4,2026-08-11T13:11-05:00,2026-08-11T13:56-05:00,0.75,-74.70942,7.11538,0.63,false,1,05,Antioquia,1,05736,Segovia,VIIRS-NOAA-20|VIIRS-NOAA-21,4,14.12,20.8
E20260811-CFD3E101A2,3,2026-08-11T12:13-05:00,2026-08-11T13:11-05:00,0.97,-67.96081,5.9437,0.63,false,1,99,Vichada,1,99001,Puerto Carreño,VIIRS-NOAA-20|VIIRS-NOAA-21,3,7.0,12.2
E20260811-D1281CE850,5,2026-08-11T13:11-05:00,2026-08-11T13:56-05:00,0.75,-74.79249,9.63944,0.57,false,1,13,Bolívar,1,13212,Córdoba,VIIRS-NOAA-20|VIIRS-NOAA-21,5,9.1,10.7
E20260811-D2006010F9,19,2026-08-11T13:11-05:00,2026-08-13T00:31-05:00,35.33,-72.70462,8.19523,4.23,false,1,54,Norte De Santander,1,54720,Sardinata,MODIS-Aqua|VIIRS-NOAA-20|VIIRS-NOAA-21,19,9.46,28.6
E20260811-D7B532C489,3,2026-08-11T13:56-05:00,2026-08-12T13:38-05:00,23.7,-73.70942,10.26154,0.71,false,1,20,Cesar,1,20001,Valledupar,VIIRS-NOAA-21,3,10.97,15.0
E20260811-E3427BDDCC,10,2026-08-11T02:05-05:00,2026-08-13T01:27-05:00,47.37,-73.47485,9.76294,0.89,false,1,20,Cesar,2,20013|20045,Agustín Codazzi|Becerril,VIIRS-NOAA-20|VIIRS-NOAA-21,9,3.97,10.6
E20260811-E858A24E7A,4,2026-08-10T20:37-05:00,2026-08-11T02:05-05:00,5.47,-73.56489,9.65163,1.09,false,1,20,Cesar,1,20250,El Paso,MODIS-Terra|VIIRS-NOAA-20|VIIRS-NOAA-21,4,5.52,9.1
E20260811-E997A65364,4,2026-08-11T13:11-05:00,2026-08-11T13:53-05:00,0.7,-76.4052,3.13687,0.94,false,1,19,Cauca,2,19142|19300,Caloto|Guachené,VIIRS-NOAA-20|VIIRS-NOAA-21,4,5.5,7.5
E20260811-EF08BC7B71,3,2026-08-11T13:56-05:00,2026-08-11T13:56-05:00,0.0,-74.58394,4.51974,0.44,false,1,25,Cundinamarca,1,25599,Apulo,VIIRS-NOAA-21,3,6.8,9.1
E20260811-F2BC18E843,4,2026-08-11T13:11-05:00,2026-08-11T13:56-05:00,0.75,-75.97735,4.34595,0.61,false,1,76,Valle Del Cauca,1,76895,Zarzal,VIIRS-NOAA-20|VIIRS-NOAA-21,4,9.78,15.6
E20260811-F6AEAA9FFE,3,2026-08-11T13:53-05:00,2026-08-11T13:53-05:00,0.0,-77.0414,1.89163,0.48,false,1,19,Cauca,1,19100,Bolívar,VIIRS-NOAA-21,3,16.57,28.3
E20260811-F954EB6A1C,13,2026-08-11T13:56-05:00,2026-08-13T13:17-05:00,47.35,-73.79798,8.47799,1.43,false,1,13,Bolívar,1,13600,Río Viejo,VIIRS-NOAA-20|VIIRS-NOAA-21,13,9.43,13.8
E20260811-FDB67F5E19,15,2026-08-11T13:11-05:00,2026-08-12T13:36-05:00,24.42,-75.20576,4.10038,3.31,false,1,73,Tolima,2,73504|73854,Ortega|Valle De San Juan,VIIRS-NOAA-20|VIIRS-NOAA-21,15,13.44,25.5
E20260811-FECC341689,3,2026-08-11T13:11-05:00,2026-08-11T13:11-05:00,0.0,-71.39706,4.01756,0.89,false,1,50,Meta,1,50568,Puerto Gaitán,VIIRS-NOAA-20,3,2.67,2.8
E20260812-0165FD9763,3,2026-08-12T12:52-05:00,2026-08-12T12:52-05:00,0.0,-73.27422,10.12368,0.72,false,1,20,Cesar,1,20750,San Diego,VIIRS-NOAA-20,3,4.93,6.0
E20260812-080ED2F612,6,2026-08-12T01:46-05:00,2026-08-12T13:38-05:00,11.87,-72.41567,8.0827,0.86,false,1,54,Norte De Santander,1,54001,San José De Cúcuta,VIIRS-NOAA-20|VIIRS-NOAA-21,6,11.12,23.2
E20260812-0B30190763,6,2026-08-12T12:52-05:00,2026-08-12T15:14-05:00,2.37,-74.14341,10.66599,1.06,false,1,47,Magdalena,2,47189|47980,Ciénaga|Zona Bananera,MODIS-Aqua|VIIRS-NOAA-20|VIIRS-NOAA-21,6,14.95,26.3
E20260812-0E201B37D8,4,2026-08-12T13:38-05:00,2026-08-13T13:19-05:00,23.68,-72.79576,11.15365,0.82,false,1,44,La Guajira,1,44001,Riohacha,VIIRS-NOAA-21,4,23.02,35.8
E20260812-12BB247C24,4,2026-08-12T12:52-05:00,2026-08-12T13:38-05:00,0.77,-74.65037,10.74073,0.63,false,1,47,Magdalena,1,47745,Sitionuevo,VIIRS-NOAA-20|VIIRS-NOAA-21,4,12.62,33.0
E20260812-14F8491F58,7,2026-08-12T12:52-05:00,2026-08-12T13:38-05:00,0.77,-73.45722,10.07879,0.9,false,1,20,Cesar,2,20001|20750,San Diego|Valledupar,VIIRS-NOAA-20|VIIRS-NOAA-21,7,19.66,23.8
E20260812-170669D4E1,6,2026-08-12T12:52-05:00,2026-08-13T13:17-05:00,24.42,-73.66428,9.34506,1.62,false,1,20,Cesar,1,20178,Chiriguaná,VIIRS-NOAA-20|VIIRS-NOAA-21,6,6.47,10.9
E20260812-18E3FF8118,6,2026-08-12T12:52-05:00,2026-08-13T13:17-05:00,24.42,-73.76697,7.87028,1.21,false,1,68,Santander,1,68575,Puerto Wilches,MODIS-Aqua|VIIRS-NOAA-20|VIIRS-NOAA-21,6,6.37,10.5
E20260812-1976B52BF2,3,2026-08-12T00:53-05:00,2026-08-12T13:38-05:00,12.75,-73.37996,8.50318,0.49,false,1,54,Norte De Santander,1,54206,Convención,VIIRS-NOAA-20|VIIRS-NOAA-21,2,2.55,3.6
E20260812-19912D8BE7,3,2026-08-12T12:52-05:00,2026-08-12T13:38-05:00,0.77,-74.57358,6.98268,0.61,false,1,05,Antioquia,1,05604,Remedios,VIIRS-NOAA-20|VIIRS-NOAA-21,3,7.07,8.8
E20260812-1AF0E0D2E4,3,2026-08-12T00:53-05:00,2026-08-12T15:14-05:00,14.35,-72.57539,8.03165,1.27,false,1,54,Norte De Santander,1,54001,San José De Cúcuta,MODIS-Aqua|VIIRS-NOAA-21,3,9.1,12.9
E20260812-1BCCDEDF76,4,2026-08-12T12:52-05:00,2026-08-13T12:34-05:00,23.7,-74.514,10.31208,1.15,false,1,47,Magdalena,1,47551,Pivijay,VIIRS-NOAA-20|VIIRS-NOAA-21,3,9.23,21.5
E20260812-1BD71C2750,3,2026-08-12T12:52-05:00,2026-08-12T13:38-05:00,0.77,-74.9495,10.20551,0.43,false,1,13,Bolívar,1,13140,Calamar,VIIRS-NOAA-20|VIIRS-NOAA-21,3,6.93,8.2
E20260812-1F6655E693,7,2026-08-12T13:38-05:00,2026-08-13T13:19-05:00,23.68,-72.38697,11.18837,1.65,false,1,44,La Guajira,1,44430,Maicao,MODIS-Aqua|VIIRS-NOAA-21,7,18.56,47.6
E20260812-22388E598B,3,2026-08-12T12:52-05:00,2026-08-12T13:38-05:00,0.77,-74.0721,8.846,0.59,false,1,13,Bolívar,2,13074|13667,Barranco De Loba|San Martín De Loba,VIIRS-NOAA-20|VIIRS-NOAA-21,3,32.87,88.4
E20260812-233F7B8004,4,2026-08-12T12:52-05:00,2026-08-12T13:38-05:00,0.77,-73.78059,8.83512,0.62,false,1,20,Cesar,1,20787,Tamalameque,VIIRS-NOAA-20|VIIRS-NOAA-21,4,12.62,18.5
E20260812-30007D5BF9,6,2026-08-12T12:52-05:00,2026-08-12T15:14-05:00,2.37,-72.75518,11.33953,0.8,false,1,44,La Guajira,1,44001,Riohacha,MODIS-Aqua|VIIRS-NOAA-20|VIIRS-NOAA-21,6,9.4,12.9
E20260812-34643D8778,9,2026-08-12T13:38-05:00,2026-08-13T13:19-05:00,23.68,-72.79832,11.17504,0.97,false,1,44,La Guajira,1,44001,Riohacha,VIIRS-NOAA-20|VIIRS-NOAA-21,9,6.52,21.7
E20260812-363BEBE373,10,2026-08-12T00:53-05:00,2026-08-12T15:14-05:00,14.35,-74.70214,6.80248,1.42,false,1,05,Antioquia,1,05858,Vegachí,MODIS-Aqua|VIIRS-NOAA-20|VIIRS-NOAA-21,9,5.92,9.2
E20260812-397FA6E9C7,3,2026-08-12T13:38-05:00,2026-08-13T13:19-05:00,23.68,-74.35614,10.314,0.92,false,1,47,Magdalena,1,47551,Pivijay,VIIRS-NOAA-21,3,3.27,3.4
E20260812-39ADA6F08F,22,2026-08-11T21:13-05:00,2026-08-12T15:12-05:00,17.98,-75.03514,4.13709,3.31,false,1,73,Tolima,1,73319,Guamo,MODIS-Aqua|MODIS-Terra|VIIRS-NOAA-20|VIIRS-NOAA-21,22,12.07,81.7
E20260812-3A1A485666,12,2026-08-12T12:52-05:00,2026-08-13T12:34-05:00,23.7,-74.03783,10.27682,1.36,false,1,47,Magdalena,1,47030,Algarrobo,VIIRS-NOAA-20|VIIRS-NOAA-21,12,14.12,21.6
E20260812-3D5FACF8E8,5,2026-08-12T15:14-05:00,2026-08-13T13:19-05:00,22.08,-72.97915,11.35812,1.23,false,1,44,La Guajira,1,44001,Riohacha,MODIS-Aqua|VIIRS-NOAA-20|VIIRS-NOAA-21,5,7.0,18.4
E20260812-41DEEE6948,5,2026-08-12T12:52-05:00,2026-08-13T13:17-05:00,24.42,-75.41194,5.83287,0.63,false,1,05,Antioquia,1,05002,Abejorral,VIIRS-NOAA-20|VIIRS-NOAA-21,5,5.2,6.5
E20260812-49B7E1C59C,4,2026-08-12T12:52-05:00,2026-08-12T13:38-05:00,0.77,-72.26287,11.20614,0.73,false,1,44,La Guajira,1,44430,Maicao,VIIRS-NOAA-20|VIIRS-NOAA-21,4,42.88,141.4
E20260812-4BF382CC77,4,2026-08-12T12:52-05:00,2026-08-12T13:38-05:00,0.77,-75.29219,10.59119,0.47,false,1,13,Bolívar,1,13673,Santa Catalina,VIIRS-NOAA-20|VIIRS-NOAA-21,4,7.42,8.4
E20260812-515721F0AE,3,2026-08-12T12:52-05:00,2026-08-12T15:14-05:00,2.37,-73.43962,9.02789,0.98,false,1,20,Cesar,1,20175,Chimichagua,MODIS-Aqua|VIIRS-NOAA-20|VIIRS-NOAA-21,3,11.8,16.8
E20260812-517F1C1E7E,5,2026-08-12T01:48-05:00,2026-08-13T02:16-05:00,24.47,-76.91495,1.92185,0.92,false,1,19,Cauca,1,19022,Almaguer,VIIRS-NOAA-20|VIIRS-NOAA-21,5,4.78,10.8
E20260812-520A15A4CC,3,2026-08-12T12:52-05:00,2026-08-12T13:38-05:00,0.77,-73.90976,8.97369,0.49,false,1,13,Bolívar,1,13268,El Peñón,VIIRS-NOAA-20|VIIRS-NOAA-21,3,7.7,11.8
E20260812-578C025CC4,3,2026-08-12T12:52-05:00,2026-08-12T13:38-05:00,0.77,-73.91687,8.64675,0.66,false,1,13,Bolívar,1,13600,Río Viejo,VIIRS-NOAA-20|VIIRS-NOAA-21,3,8.87,13.7
E20260812-5A45A66E4E,9,2026-08-12T12:52-05:00,2026-08-13T01:27-05:00,12.58,-73.40259,10.4924,1.65,false,1,20,Cesar,1,20001,Valledupar,MODIS-Aqua|VIIRS-NOAA-20|VIIRS-NOAA-21,7,9.31,22.2
E20260812-5A481DE259,15,2026-08-12T12:52-05:00,2026-08-12T13:38-05:00,0.77,-73.48622,9.843,1.81,false,1,20,Cesar,1,20013,Agustín Codazzi,VIIRS-NOAA-20|VIIRS-NOAA-21,15,51.85,224.4
E20260812-67BC1EB56A,4,2026-08-12T12:52-05:00,2026-08-12T13:38-05:00,0.77,-75.11856,9.78602,1.33,false,1,13,Bolívar,1,13654,San Jacinto,VIIRS-NOAA-20|VIIRS-NOAA-21,4,8.9,10.6
E20260812-6A1ADB429F,3,2026-08-12T12:52-05:00,2026-08-12T12:52-05:00,0.0,-73.66208,9.26187,0.54,false,1,20,Cesar,1,20228,Curumaní,VIIRS-NOAA-20,3,8.1,11.1
E20260812-6B515BA513,5,2026-08-12T00:53-05:00,2026-08-12T01:48-05:00,0.92,-75.67922,6.3308,1.17,false,1,05,Antioquia,1,05001,Medellín,VIIRS-NOAA-20|VIIRS-NOAA-21,3,1.87,2.5
E20260812-6DE35E39BE,5,2026-08-12T12:52-05:00,2026-08-14T13:00-05:00,48.13,-72.5747,11.13532,0.65,false,1,44,La Guajira,1,44035,Albania,VIIRS-NOAA-20|VIIRS-NOAA-21,4,4.8,8.5
E20260812-71B9E53984,3,2026-08-12T13:36-05:00,2026-08-12T13:36-05:00,0.0,-74.77819,6.60151,0.71,false,1,05,Antioquia,2,05425|05890,Maceo|Yolombó,VIIRS-NOAA-21,3,10.2,10.6
E20260812-799F535E34,4,2026-08-12T12:52-05:00,2026-08-12T13:38-05:00,0.77,-72.55459,11.28944,0.52,false,1,44,La Guajira,1,44035,Albania,VIIRS-NOAA-20|VIIRS-NOAA-21,4,3.2,4.1
E20260812-816AFAEC09,5,2026-08-12T13:38-05:00,2026-08-12T15:14-05:00,1.6,-73.03114,11.22841,1.09,false,1,44,La Guajira,1,44001,Riohacha,MODIS-Aqua|VIIRS-NOAA-21,5,23.76,42.6
E20260812-83338969FC,7,2026-08-12T12:52-05:00,2026-08-13T13:19-05:00,24.45,-72.67318,11.27954,1.39,false,1,44,La Guajira,1,44001,Riohacha,MODIS-Aqua|VIIRS-NOAA-20|VIIRS-NOAA-21,7,6.57,11.1
E20260812-843389B01B,5,2026-08-12T00:53-05:00,2026-08-13T01:27-05:00,24.57,-72.56853,7.89432,1.18,false,1,54,Norte De Santander,2,54001|54673,San Cayetano|San José De Cúcuta,VIIRS-NOAA-20|VIIRS-NOAA-21,4,2.5,4.7
E20260812-8854E22B49,3,2026-08-12T12:52-05:00,2026-08-12T13:36-05:00,0.73,-75.08931,6.62836,0.49,false,1,05,Antioquia,1,05890,Yolombó,VIIRS-NOAA-20|VIIRS-NOAA-21,3,3.87,4.9
E20260812-88FF49B137,3,2026-08-12T13:36-05:00,2026-08-12T15:14-05:00,1.63,-74.97973,5.75029,0.69,false,1,05,Antioquia,1,05756,Sonsón,MODIS-Aqua|VIIRS-NOAA-21,3,21.1,34.7
E20260812-8D416E7B76,7,2026-08-12T15:14-05:00,2026-08-13T13:17-05:00,22.05,-72.6585,7.82971,1.47,false,1,54,Norte De Santander,1,54239,Durania,MODIS-Aqua|VIIRS-NOAA-21,7,6.1,13.5
E20260812-8D9B1A150A,3,2026-08-12T13:36-05:00,2026-08-13T13:17-05:00,23.68,-74.33806,6.43324,1.47,false,1,68,Santander,1,68190,Cimitarra,MODIS-Aqua|VIIRS-NOAA-21,3,6.73,9.9
E20260812-918A4DDBEE,3,2026-08-12T12:52-05:00,2026-08-12T13:38-05:00,0.77,-72.99283,11.10521,0.44,false,1,44,La Guajira,1,44001,Riohacha,VIIRS-NOAA-20|VIIRS-NOAA-21,3,9.27,16.5
E20260812-92274AEC23,6,2026-08-12T00:55-05:00,2026-08-12T01:48-05:00,0.88,-76.74241,2.94781,0.83,false,1,19,Cauca,1,19780,Suárez,VIIRS-NOAA-20|VIIRS-NOAA-21,6,2.35,5.8
E20260812-9654FDFDDD,4,2026-08-12T12:52-05:00,2026-08-13T13:17-05:00,24.42,-74.73712,9.61107,0.96,false,1,47,Magdalena,1,47555,Plato,VIIRS-NOAA-20|VIIRS-NOAA-21,4,4.42,5.2
E20260812-98E31D3EC9,4,2026-08-12T01:46-05:00,2026-08-13T02:12-05:00,24.43,-72.66209,11.0308,0.86,false,1,44,La Guajira,1,44078,Barrancas,VIIRS-NOAA-20|VIIRS-NOAA-21,3,4.53,5.9
E20260812-9B01247BBE,10,2026-08-12T12:52-05:00,2026-08-13T13:19-05:00,24.45,-73.06,11.13751,2.24,false,1,44,La Guajira,1,44001,Riohacha,MODIS-Aqua|VIIRS-NOAA-20|VIIRS-NOAA-21,10,15.64,35.2
E20260812-9B6FE5B285,3,2026-08-12T12:52-05:00,2026-08-12T15:14-05:00,2.37,-74.694,10.85943,0.94,false,1,47,Magdalena,1,47745,Sitionuevo,MODIS-Aqua|VIIRS-NOAA-20|VIIRS-NOAA-21,3,20.9,40.1
E20260812-A60265672A,3,2026-08-12T15:14-05:00,2026-08-13T12:34-05:00,21.33,-72.6292,11.37956,0.56,false,1,44,La Guajira,1,44001,Riohacha,MODIS-Aqua|VIIRS-NOAA-20,3,4.93,8.3
E20260812-A62363F578,3,2026-08-12T00:55-05:00,2026-08-12T01:48-05:00,0.88,-76.82273,2.60178,0.27,false,1,19,Cauca,1,19256,El Tambo,VIIRS-NOAA-20|VIIRS-NOAA-21,3,1.7,1.9
E20260812-AA6F8253D5,6,2026-08-12T12:52-05:00,2026-08-12T15:14-05:00,2.37,-72.78321,8.74741,1.4,false,1,54,Norte De Santander,1,54810,Tibú,MODIS-Aqua|VIIRS-NOAA-20|VIIRS-NOAA-21,6,71.03,183.3
E20260812-ACA95B3E5A,5,2026-08-12T12:52-05:00,2026-08-12T13:38-05:00,0.77,-72.84309,11.25213,0.61,false,1,44,La Guajira,1,44001,Riohacha,VIIRS-NOAA-20|VIIRS-NOAA-21,5,8.08,11.3
E20260812-AD9ED5ABF7,3,2026-08-12T12:52-05:00,2026-08-12T13:38-05:00,0.77,-74.23436,10.22221,0.42,false,1,47,Magdalena,1,47660,Sabanas De San Ángel,VIIRS-NOAA-20|VIIRS-NOAA-21,3,5.6,7.2
E20260812-B13A0DA5E9,5,2026-08-12T12:52-05:00,2026-08-12T13:38-05:00,0.77,-73.7171,7.02313,0.76,false,1,68,Santander,1,68081,Barrancabermeja,VIIRS-NOAA-20|VIIRS-NOAA-21,5,8.08,9.8
E20260812-B657E468AB,3,2026-08-12T12:52-05:00,2026-08-12T13:38-05:00,0.77,-75.17127,9.86182,0.39,false,1,13,Bolívar,1,13654,San Jacinto,VIIRS-NOAA-20|VIIRS-NOAA-21,3,5.27,7.2
E20260812-B9FA9EC7BD,5,2026-08-12T00:53-05:00,2026-08-13T13:17-05:00,36.4,-73.65049,9.19734,0.64,false,1,20,Cesar,1,20228,Curumaní,VIIRS-NOAA-20|VIIRS-NOAA-21,5,3.58,5.7
E20260812-BACB20A3B5,3,2026-08-12T12:52-05:00,2026-08-12T13:38-05:00,0.77,-74.8021,9.93131,0.53,false,1,47,Magdalena,1,47798,Tenerife,VIIRS-NOAA-20|VIIRS-NOAA-21,3,10.83,12.6
E20260812-BBA2ADCCD1,3,2026-08-12T12:52-05:00,2026-08-12T13:38-05:00,0.77,-74.00941,7.31594,0.3,false,1,13,Bolívar,1,13160,Cantagallo,VIIRS-NOAA-20|VIIRS-NOAA-21,3,6.37,11.1
E20260812-BE5A25EA8E,5,2026-08-12T12:49-05:00,2026-08-12T13:36-05:00,0.78,-75.05665,4.14654,0.83,false,1,73,Tolima,1,73319,Guamo,VIIRS-NOAA-20|VIIRS-NOAA-21,5,8.74,15.6
E20260812-CD17B90E40,4,2026-08-12T15:12-05:00,2026-08-12T15:12-05:00,0.0,-73.06414,3.46371,2.03,false,1,50,Meta,1,50689,San Martín,MODIS-Aqua,4,19.2,28.2
E20260812-CDE1ACD4D0,3,2026-08-12T12:52-05:00,2026-08-12T15:14-05:00,2.37,-72.27788,11.2002,0.85,false,1,44,La Guajira,1,44430,Maicao,MODIS-Aqua|VIIRS-NOAA-20|VIIRS-NOAA-21,3,23.3,49.2
E20260812-D1345288C7,3,2026-08-12T12:52-05:00,2026-08-12T12:52-05:00,0.0,-73.25537,9.01083,0.53,false,1,54,Norte De Santander,1,54245,El Carmen,VIIRS-NOAA-20,3,24.13,27.0
E20260812-D140BC701F,3,2026-08-12T12:52-05:00,2026-08-12T13:38-05:00,0.77,-74.6113,9.15854,0.62,false,1,13,Bolívar,1,13468,Santa Cruz De Mompox,VIIRS-NOAA-20|VIIRS-NOAA-21,3,6.27,12.9
E20260812-D3BF2320FF,4,2026-08-12T12:52-05:00,2026-08-12T13:38-05:00,0.77,-72.68388,8.20824,0.81,false,1,54,Norte De Santander,1,54720,Sardinata,VIIRS-NOAA-20|VIIRS-NOAA-21,4,10.72,16.3
E20260812-D4775480EC,5,2026-08-12T12:49-05:00,2026-08-12T13:36-05:00,0.78,-74.99812,4.59543,0.75,false,1,73,Tolima,1,73026,Alvarado,VIIRS-NOAA-20|VIIRS-NOAA-21,5,6.92,10.5
E20260812-D805B5028D,3,2026-08-12T13:38-05:00,2026-08-12T13:38-05:00,0.0,-72.70726,8.25188,0.51,false,1,54,Norte De Santander,1,54720,Sardinata,VIIRS-NOAA-21,3,7.77,10.3
E20260812-DA77A702DD,4,2026-08-12T12:49-05:00,2026-08-12T13:36-05:00,0.78,-72.91822,3.37796,0.92,false,1,50,Meta,1,50689,San Martín,VIIRS-NOAA-20|VIIRS-NOAA-21,4,5.83,8.6
E20260812-DF7F6F9132,3,2026-08-12T13:38-05:00,2026-08-13T13:17-05:00,23.65,-74.4453,6.94805,0.66,false,1,05,Antioquia,1,05604,Remedios,VIIRS-NOAA-21,3,13.57,28.3
E20260812-E6DF26F769,5,2026-08-12T12:52-05:00,2026-08-13T13:17-05:00,24.42,-75.14595,6.97683,0.64,false,1,05,Antioquia,1,05040,Anorí,MODIS-Aqua|VIIRS-NOAA-20|VIIRS-NOAA-21,5,10.74,25.9
E20260812-F2FE44F404,6,2026-08-12T12:52-05:00,2026-08-13T13:19-05:00,24.45,-74.21792,10.1922,0.77,false,1,47,Magdalena,1,47660,Sabanas De San Ángel,VIIRS-NOAA-20|VIIRS-NOAA-21,6,7.27,9.2
E20260812-F3AAEC6B57,3,2026-08-12T12:52-05:00,2026-08-12T13:36-05:00,0.73,-74.3693,5.62142,0.56,false,1,25,Cundinamarca,1,25885,Yacopí,VIIRS-NOAA-20|VIIRS-NOAA-21,3,6.1,8.0
E20260812-F57805A180,3,2026-08-12T12:52-05:00,2026-08-12T12:52-05:00,0.0,-74.42394,9.40734,0.83,false,1,47,Magdalena,1,47707,Santa Ana,VIIRS-NOAA-20,3,4.63,5.3
E20260813-01312744D4,6,2026-08-13T12:32-05:00,2026-08-13T12:32-05:00,0.0,-70.81182,4.38377,1.09,false,1,99,Vichada,1,99773,Cumaribo,VIIRS-NOAA-20,6,6.62,8.1
E20260813-02E4B5EBE3,8,2026-08-13T12:32-05:00,2026-08-13T13:17-05:00,0.75,-74.77022,6.90559,1.27,false,1,05,Antioquia,1,05604,Remedios,VIIRS-NOAA-20|VIIRS-NOAA-21,8,26.32,42.4
E20260813-0C0D50D086,7,2026-08-13T01:29-05:00,2026-08-13T02:16-05:00,0.78,-77.14957,1.63539,1.12,false,1,52,Nariño,1,52399,La Unión,VIIRS-NOAA-20|VIIRS-NOAA-21,7,3.76,5.3
E20260813-0FA860B6AE,5,2026-08-13T12:34-05:00,2026-08-13T13:19-05:00,0.75,-72.75567,11.12953,0.94,false,1,44,La Guajira,1,44378,Hatonuevo,VIIRS-NOAA-20|VIIRS-NOAA-21,5,22.36,37.5
E20260813-1741C6748B,3,2026-08-13T02:12-05:00,2026-08-13T12:34-05:00,10.37,-72.72853,10.97261,0.62,false,1,44,La Guajira,1,44078,Barrancas,VIIRS-NOAA-20|VIIRS-NOAA-21,3,3.47,4.3
E20260813-1CCEFB9D7C,12,2026-08-13T08:29-05:00,2026-08-13T13:17-05:00,4.8,-73.02945,9.88097,2.82,false,1,20,Cesar,1,20045,Becerril,MODIS-Terra|VIIRS-NOAA-21,12,49.21,156.7
E20260813-303D0F0404,17,2026-08-13T12:32-05:00,2026-08-13T15:49-05:00,3.28,-74.95452,4.63649,2.08,false,1,73,Tolima,1,73026,Alvarado,MODIS-Aqua|VIIRS-NOAA-20|VIIRS-NOAA-21,17,25.56,65.0
E20260813-40053F5C03,3,2026-08-13T12:34-05:00,2026-08-13T13:19-05:00,0.75,-73.27374,10.68491,0.64,false,1,20,Cesar,1,20001,Valledupar,VIIRS-NOAA-20|VIIRS-NOAA-21,3,3.4,3.8
E20260813-41AAF1E921,13,2026-08-13T12:34-05:00,2026-08-14T13:53-05:00,25.32,-73.2177,8.20628,2.04,false,1,54,Norte De Santander,1,54398,La Playa,VIIRS-NOAA-20|VIIRS-NOAA-21,13,19.77,108.8
E20260813-430EDBB80B,7,2026-08-13T12:34-05:00,2026-08-13T13:19-05:00,0.75,-72.74322,11.14245,1.06,false,1,44,La Guajira,1,44378,Hatonuevo,VIIRS-NOAA-20|VIIRS-NOAA-21,7,49.09,154.8
E20260813-4351693696,5,2026-08-13T13:17-05:00,2026-08-13T14:13-05:00,0.93,-74.87978,6.88839,1.02,false,1,05,Antioquia,1,05031,Amalfi,VIIRS-NOAA-20|VIIRS-NOAA-21,5,8.5,10.4
E20260813-65FC99743D,3,2026-08-13T01:29-05:00,2026-08-13T15:49-05:00,14.33,-77.6929,1.29466,0.88,false,1,52,Nariño,1,52699,Santacruz,MODIS-Aqua|VIIRS-NOAA-20,3,4.73,6.9
E20260813-7956FA7A8B,3,2026-08-13T13:19-05:00,2026-08-13T13:19-05:00,0.0,-72.95174,11.07057,1.14,false,1,44,La Guajira,1,44001,Riohacha,VIIRS-NOAA-21,3,26.3,33.9
E20260813-9CBA316551,3,2026-08-13T01:27-05:00,2026-08-13T13:17-05:00,11.83,-72.8738,5.77286,0.45,false,1,15,Boyacá,2,15215|15491,Corrales|Nobsa,VIIRS-NOAA-20|VIIRS-NOAA-21,1,4.0,4.0
E20260813-9FAFCB7F7A,3,2026-08-13T01:29-05:00,2026-08-13T13:15-05:00,11.77,-77.27534,1.4481,0.91,false,1,52,Nariño,1,52240,Chachagüí,VIIRS-NOAA-20|VIIRS-NOAA-21,2,4.45,7.4
E20260813-A324A2C813,3,2026-08-13T14:10-05:00,2026-08-13T14:10-05:00,0.0,-76.52641,3.09193,0.78,false,1,19,Cauca,1,19698,Santander De Quilichao,VIIRS-NOAA-20,3,37.4,41.9
E20260813-A76668F22C,5,2026-08-13T01:29-05:00,2026-08-13T02:16-05:00,0.78,-76.95552,1.62624,0.88,false,1,52,Nariño,2,52378|52693,La Cruz|San Pablo,VIIRS-NOAA-20|VIIRS-NOAA-21,5,1.62,1.9
E20260813-B4BA8F9C6E,3,2026-08-13T12:32-05:00,2026-08-13T13:17-05:00,0.75,-72.76471,7.87759,0.55,false,1,54,Norte De Santander,1,54313,Gramalote,VIIRS-NOAA-20|VIIRS-NOAA-21,3,8.63,17.9
E20260813-B84354AF43,14,2026-08-13T14:10-05:00,2026-08-15T13:34-05:00,47.4,-75.24302,4.09554,2.13,false,1,73,Tolima,1,73504,Ortega,MODIS-Terra|VIIRS-NOAA-20|VIIRS-NOAA-21,14,15.79,68.6
E20260813-C42A1AB4F4,3,2026-08-13T01:29-05:00,2026-08-13T01:29-05:00,0.0,-75.94525,3.86063,0.83,false,1,76,Valle Del Cauca,1,76111,Guadalajara De Buga,VIIRS-NOAA-20,3,3.0,3.6
E20260813-D1EE62E8E0,3,2026-08-13T12:34-05:00,2026-08-13T13:19-05:00,0.75,-74.19506,10.33538,0.43,false,1,47,Magdalena,1,47660,Sabanas De San Ángel,VIIRS-NOAA-20|VIIRS-NOAA-21,3,25.47,35.9
E20260813-D223D02E46,4,2026-08-13T08:31-05:00,2026-08-13T14:13-05:00,5.7,-75.4134,5.84626,0.89,false,1,05,Antioquia,1,05002,Abejorral,MODIS-Terra|VIIRS-NOAA-20|VIIRS-NOAA-21,4,12.9,21.8
E20260813-DC892EB057,11,2026-08-13T12:32-05:00,2026-08-14T13:53-05:00,25.35,-74.98013,5.91163,1.64,false,1,05,Antioquia,2,05652|05660,San Francisco|San Luis,VIIRS-NOAA-20|VIIRS-NOAA-21,11,56.32,157.0
E20260813-E08450CE28,9,2026-08-13T13:17-05:00,2026-08-13T15:49-05:00,2.53,-74.94076,4.77519,1.96,false,1,73,Tolima,1,73861,Venadillo,MODIS-Aqua|VIIRS-NOAA-20|VIIRS-NOAA-21,9,17.68,75.1
E20260813-E53720B059,12,2026-08-13T12:34-05:00,2026-08-13T13:19-05:00,0.75,-73.05429,11.1093,1.62,false,1,44,La Guajira,1,44001,Riohacha,VIIRS-NOAA-20|VIIRS-NOAA-21,12,68.88,143.8
E20260813-E897266A77,3,2026-08-13T12:34-05:00,2026-08-13T13:17-05:00,0.72,-73.99295,8.90774,0.59,false,1,13,Bolívar,1,13667,San Martín De Loba,VIIRS-NOAA-20|VIIRS-NOAA-21,3,7.17,7.2
E20260813-E8A87BE213,3,2026-08-13T12:32-05:00,2026-08-13T13:17-05:00,0.75,-74.63132,7.01343,0.45,false,1,05,Antioquia,1,05604,Remedios,VIIRS-NOAA-20|VIIRS-NOAA-21,3,4.6,6.7
E20260813-ECA0FAE934,3,2026-08-13T13:15-05:00,2026-08-13T15:49-05:00,2.57,-76.76693,3.13362,1.1,false,1,19,Cauca,1,19110,Buenos Aires,MODIS-Aqua|VIIRS-NOAA-21,3,7.33,8.0
E20260813-ED0565844E,7,2026-08-13T12:32-05:00,2026-08-13T15:49-05:00,3.28,-74.74478,5.26259,1.34,false,1,73,Tolima,1,73349,Honda,MODIS-Aqua|VIIRS-NOAA-20|VIIRS-NOAA-21,7,10.47,43.5
E20260813-F9606E0100,36,2026-08-13T12:32-05:00,2026-08-13T14:10-05:00,1.63,-72.73626,3.3459,4.39,false,1,50,Meta,1,50689,San Martín,VIIRS-NOAA-20|VIIRS-NOAA-21,36,15.96,50.0
E20260813-FCE983235E,4,2026-08-13T14:10-05:00,2026-08-13T14:10-05:00,0.0,-75.04991,4.29769,0.87,false,1,73,Tolima,1,73001,Ibagué,VIIRS-NOAA-20,4,8.43,10.0
E20260814-075F00F619,3,2026-08-14T01:10-05:00,2026-08-14T01:57-05:00,0.78,-76.4933,2.52937,0.58,false,1,19,Cauca,1,19824,Totoró,VIIRS-NOAA-20|VIIRS-NOAA-21,3,2.9,5.2
E20260814-1AB920A548,8,2026-08-14T01:54-05:00,2026-08-15T12:41-05:00,34.78,-74.57577,8.90512,1.41,false,1,13,Bolívar,1,13430,Magangué,VIIRS-NOAA-20|VIIRS-NOAA-21,5,8.92,14.2
E20260814-2F53B72434,4,2026-08-14T13:00-05:00,2026-08-14T13:53-05:00,0.88,-76.04791,6.28763,1.23,false,1,05,Antioquia,1,05847,Urrao,VIIRS-NOAA-20|VIIRS-NOAA-21,4,18.82,28.6
E20260814-3603871C6D,9,2026-08-14T13:56-05:00,2026-08-16T13:17-05:00,47.35,-73.05605,11.12268,1.71,false,1,44,La Guajira,1,44001,Riohacha,VIIRS-NOAA-20|VIIRS-NOAA-21,9,6.37,11.6
E20260814-3618F1438A,8,2026-08-14T13:56-05:00,2026-08-15T15:29-05:00,25.55,-73.26043,11.18465,1.75,false,1,44,La Guajira,1,44090,Dibulla,MODIS-Aqua|VIIRS-NOAA-20|VIIRS-NOAA-21,8,12.12,49.3
E20260814-42433A40D9,12,2026-08-14T14:51-05:00,2026-08-16T01:16-05:00,34.42,-73.06737,11.10357,2.93,false,1,44,La Guajira,1,44001,Riohacha,MODIS-Aqua|VIIRS-NOAA-20|VIIRS-NOAA-21,12,25.72,90.0
E20260814-4390FA4C03,3,2026-08-14T13:56-05:00,2026-08-15T13:36-05:00,23.67,-73.68077,9.25849,0.95,false,1,20,Cesar,2,20178|20228,Chiriguaná|Curumaní,VIIRS-NOAA-20,3,5.83,6.9
E20260814-50BCF3F07E,4,2026-08-14T13:53-05:00,2026-08-15T13:34-05:00,23.68,-74.85556,4.94921,1.16,false,1,73,Tolima,1,73055,Armero,VIIRS-NOAA-20|VIIRS-NOAA-21,4,3.77,6.0
E20260814-5531A9717E,3,2026-08-14T13:00-05:00,2026-08-15T13:36-05:00,24.6,-73.23188,6.99608,0.41,false,1,68,Santander,1,68307,Girón,VIIRS-NOAA-20|VIIRS-NOAA-21,3,7.13,10.6
E20260814-6222FAD67F,3,2026-08-14T13:53-05:00,2026-08-14T13:53-05:00,0.0,-72.80729,6.49304,0.62,false,1,68,Santander,1,68502,Onzaga,VIIRS-NOAA-20,3,6.03,8.7
E20260814-63A292E3F6,3,2026-08-14T13:53-05:00,2026-08-14T13:53-05:00,0.0,-69.50089,4.94392,1.01,false,1,99,Vichada,1,99773,Cumaribo,VIIRS-NOAA-20,3,8.6,8.6
E20260814-63C507E491,3,2026-08-14T13:00-05:00,2026-08-14T13:00-05:00,0.0,-73.81699,8.97274,0.7,false,1,20,Cesar,1,20787,Tamalameque,VIIRS-NOAA-21,3,2.7,3.1
E20260814-6E1B08AC4D,30,2026-08-14T01:10-05:00,2026-08-15T13:34-05:00,36.4,-75.29402,3.86632,3.4,false,1,73,Tolima,1,73504,Ortega,VIIRS-NOAA-20|VIIRS-NOAA-21,30,5.63,14.0
E20260814-7A512CA3F2,3,2026-08-14T13:53-05:00,2026-08-14T13:53-05:00,0.0,-73.41657,7.71765,0.73,false,1,20,Cesar,1,20710,San Alberto,VIIRS-NOAA-20,3,7.3,10.7
E20260814-7D5F2E0A16,7,2026-08-14T13:56-05:00,2026-08-15T15:29-05:00,25.55,-74.66587,8.80944,0.89,false,1,70,Sucre,1,70771,Sucre,MODIS-Aqua|VIIRS-NOAA-20,7,8.29,13.1
E20260814-7D6AF6B781,3,2026-08-14T13:00-05:00,2026-08-14T13:00-05:00,0.0,-74.18227,8.54518,0.58,false,1,13,Bolívar,1,13810,Tiquisio,VIIRS-NOAA-21,3,8.5,10.9
E20260814-8BC63EF0A7,3,2026-08-14T13:56-05:00,2026-08-15T13:36-05:00,23.67,-73.15698,11.19599,1.05,false,1,44,La Guajira,1,44001,Riohacha,VIIRS-NOAA-20|VIIRS-NOAA-21,3,6.3,8.5
E20260814-8D7B4DB6C1,4,2026-08-14T13:00-05:00,2026-08-14T13:00-05:00,0.0,-73.93624,8.67576,0.75,false,1,13,Bolívar,1,13580,Regidor,VIIRS-NOAA-21,4,13.75,19.2
E20260814-8F2275CB7B,4,2026-08-13T20:54-05:00,2026-08-14T13:53-05:00,16.98,-75.22697,4.08338,1.38,false,1,73,Tolima,1,73504,Ortega,MODIS-Terra|VIIRS-NOAA-20|VIIRS-NOAA-21,4,9.95,17.9
E20260814-919DDEB284,3,2026-08-14T13:00-05:00,2026-08-14T13:00-05:00,0.0,-73.41718,10.4516,0.97,false,1,20,Cesar,1,20001,Valledupar,VIIRS-NOAA-21,3,14.67,16.2
E20260814-9C5CD9FE58,3,2026-08-14T12:58-05:00,2026-08-14T12:58-05:00,0.0,-75.1569,4.43887,0.71,false,1,73,Tolima,1,73001,Ibagué,VIIRS-NOAA-21,3,4.63,4.8
E20260814-AB7007E31F,18,2026-08-14T12:58-05:00,2026-08-14T13:53-05:00,0.92,-69.79171,5.62401,2.28,false,1,99,Vichada,1,99524,La Primavera,VIIRS-NOAA-20|VIIRS-NOAA-21,18,8.39,19.3
E20260814-AE8F7CE623,3,2026-08-14T13:53-05:00,2026-08-15T13:36-05:00,23.72,-73.81618,7.81788,0.4,false,1,68,Santander,1,68575,Puerto Wilches,VIIRS-NOAA-20|VIIRS-NOAA-21,3,12.5,26.0
E20260814-C0CDFFB49E,4,2026-08-14T12:58-05:00,2026-08-14T14:49-05:00,1.85,-69.54328,5.2281,1.46,false,1,99,Vichada,1,99524,La Primavera,MODIS-Aqua|VIIRS-NOAA-21,4,10.7,21.6
E20260814-C690A9D993,3,2026-08-14T13:53-05:00,2026-08-14T13:53-05:00,0.0,-70.00334,6.51751,1.0,false,1,81,Arauca,1,81220,Cravo Norte,VIIRS-NOAA-20,3,7.8,8.8
E20260814-C9F7F1C5B3,3,2026-08-14T01:10-05:00,2026-08-14T01:10-05:00,0.0,-75.62236,3.32355,0.96,false,1,73,Tolima,1,73067,Ataco,VIIRS-NOAA-20,3,1.4,1.5
E20260814-CFFC2EBE8F,4,2026-08-14T13:00-05:00,2026-08-14T13:56-05:00,0.93,-73.8076,8.95461,0.7,false,1,20,Cesar,1,20787,Tamalameque,VIIRS-NOAA-20|VIIRS-NOAA-21,4,6.3,6.9
E20260814-D4C55C7FA8,7,2026-08-14T01:54-05:00,2026-08-15T15:29-05:00,37.58,-74.54463,8.86471,1.69,false,1,13,Bolívar,1,13430,Magangué,MODIS-Aqua|VIIRS-NOAA-20|VIIRS-NOAA-21,7,8.27,23.2
E20260814-E93515E4F8,6,2026-08-14T12:58-05:00,2026-08-14T13:53-05:00,0.92,-68.49777,4.93667,1.37,false,1,99,Vichada,1,99773,Cumaribo,VIIRS-NOAA-20|VIIRS-NOAA-21,6,4.18,6.1
E20260814-F1E516CDF1,6,2026-08-14T13:00-05:00,2026-08-14T14:51-05:00,1.85,-74.34313,7.01831,1.02,false,1,13,Bolívar,1,13670,San Pablo,MODIS-Aqua|VIIRS-NOAA-20|VIIRS-NOAA-21,6,82.32,156.3
E20260814-F7F93EA892,5,2026-08-14T13:00-05:00,2026-08-14T14:51-05:00,1.85,-74.04107,7.03222,0.72,false,1,05,Antioquia,1,05893,Yondó,MODIS-Aqua|VIIRS-NOAA-20|VIIRS-NOAA-21,5,24.22,67.3
E20260814-F9EEFF4DFE,3,2026-08-14T13:00-05:00,2026-08-14T13:53-05:00,0.88,-73.87175,7.78918,0.4,false,1,13,Bolívar,1,13744,Simití,VIIRS-NOAA-20|VIIRS-NOAA-21,3,5.87,9.6
E20260815-048DDE20B7,4,2026-08-15T12:43-05:00,2026-08-15T13:36-05:00,0.88,-73.51454,9.67696,0.77,false,1,20,Cesar,1,20045,Becerril,VIIRS-NOAA-20|VIIRS-NOAA-21,4,23.23,41.1
E20260815-0491651FB5,5,2026-08-15T12:41-05:00,2026-08-15T13:36-05:00,0.92,-74.19789,8.63736,0.58,false,1,13,Bolívar,1,13810,Tiquisio,VIIRS-NOAA-20|VIIRS-NOAA-21,5,4.68,6.8
E20260815-0E2A220DEB,5,2026-08-15T13:36-05:00,2026-08-15T15:29-05:00,1.88,-74.32192,5.62372,1.1,false,1,25,Cundinamarca,1,25885,Yacopí,MODIS-Aqua|VIIRS-NOAA-20,5,15.28,18.2
E20260815-144808B301,4,2026-08-15T12:43-05:00,2026-08-15T13:36-05:00,0.88,-73.06497,11.23391,1.28,false,1,44,La Guajira,1,44001,Riohacha,VIIRS-NOAA-20|VIIRS-NOAA-21,4,6.47,11.6
E20260815-15BC446415,5,2026-08-15T12:41-05:00,2026-08-15T20:34-05:00,7.88,-75.07177,4.29005,0.8,false,1,73,Tolima,1,73001,Ibagué,MODIS-Terra|VIIRS-NOAA-21,5,6.12,10.3
E20260815-167E9C35AB,4,2026-08-15T13:34-05:00,2026-08-15T13:34-05:00,0.0,-68.37861,4.90024,0.76,false,1,99,Vichada,1,99773,Cumaribo,VIIRS-NOAA-20,4,4.7,7.0
E20260815-1FE7C16553,3,2026-08-15T12:41-05:00,2026-08-15T12:41-05:00,0.0,-68.84277,4.63401,0.76,false,1,99,Vichada,1,99773,Cumaribo,VIIRS-NOAA-21,3,56.7,56.7
E20260815-26A4CB2DC5,3,2026-08-15T01:35-05:00,2026-08-15T15:29-05:00,13.9,-73.70689,5.33673,0.73,false,1,25,Cundinamarca,1,25317,Guachetá,MODIS-Aqua|VIIRS-NOAA-21,3,3.5,5.1
E20260815-32099EBF76,6,2026-08-15T00:53-05:00,2026-08-16T01:18-05:00,24.42,-73.55685,5.46584,0.71,false,1,15,Boyacá,1,15646,Samacá,VIIRS-NOAA-20|VIIRS-NOAA-21,5,1.38,1.7
E20260815-4B0D7BA922,5,2026-08-15T01:37-05:00,2026-08-15T01:37-05:00,0.0,-76.4405,3.29862,0.92,false,1,19,Cauca,1,19573,Puerto Tejada,VIIRS-NOAA-21,5,2.06,2.5
E20260815-4F1E60AE8C,3,2026-08-15T12:43-05:00,2026-08-15T13:36-05:00,0.88,-72.85297,11.14288,0.71,false,1,44,La Guajira,1,44001,Riohacha,VIIRS-NOAA-20|VIIRS-NOAA-21,3,13.53,18.6
E20260815-5E364089D2,3,2026-08-15T13:34-05:00,2026-08-15T15:29-05:00,1.92,-74.26839,4.53214,0.98,false,1,25,Cundinamarca,1,25740,Sibaté,MODIS-Aqua|VIIRS-NOAA-20,3,11.83,13.8
E20260815-65B48A1A30,3,2026-08-15T12:41-05:00,2026-08-15T13:36-05:00,0.92,-74.4892,8.74263,0.83,false,1,13,Bolívar,1,13006,Achí,VIIRS-NOAA-20|VIIRS-NOAA-21,3,3.43,4.2
E20260815-6E77D45987,3,2026-08-15T00:53-05:00,2026-08-15T01:37-05:00,0.73,-76.8061,2.63284,0.44,false,1,19,Cauca,1,19130,Cajibío,VIIRS-NOAA-20|VIIRS-NOAA-21,1,2.7,2.7
E20260815-706DB1B58C,4,2026-08-15T12:41-05:00,2026-08-15T13:36-05:00,0.92,-74.47756,8.66803,0.83,false,1,13,Bolívar,1,13006,Achí,VIIRS-NOAA-20|VIIRS-NOAA-21,4,14.8,28.4
E20260815-70D229442F,3,2026-08-15T01:35-05:00,2026-08-16T01:16-05:00,23.68,-72.60166,8.07934,0.99,false,1,54,Norte De Santander,1,54261,El Zulia,VIIRS-NOAA-21,3,1.43,1.7
E20260815-71186F37EE,9,2026-08-15T12:43-05:00,2026-08-16T13:17-05:00,24.57,-72.88089,11.30599,1.21,false,1,44,La Guajira,1,44001,Riohacha,MODIS-Aqua|VIIRS-NOAA-20|VIIRS-NOAA-21,9,50.29,153.4
E20260815-721DE912AC,4,2026-08-15T13:36-05:00,2026-08-15T15:29-05:00,1.88,-73.09542,11.17666,1.53,false,1,44,La Guajira,1,44001,Riohacha,MODIS-Aqua|VIIRS-NOAA-20,4,8.2,14.9
E20260815-78903DA4BF,5,2026-08-15T13:36-05:00,2026-08-16T01:18-05:00,11.7,-72.88039,5.77593,0.93,false,1,15,Boyacá,1,15491,Nobsa,VIIRS-NOAA-20|VIIRS-NOAA-21,5,3.94,5.8
E20260815-7D736D4BC8,8,2026-08-15T00:50-05:00,2026-08-16T01:16-05:00,24.43,-72.56841,7.89245,1.7,false,1,54,Norte De Santander,2,54001|54673,San Cayetano|San José De Cúcuta,VIIRS-NOAA-20|VIIRS-NOAA-21,4,1.67,2.3
E20260815-85415C319A,4,2026-08-15T00:50-05:00,2026-08-16T01:16-05:00,24.43,-75.48991,10.32072,0.59,false,1,13,Bolívar,1,13001,Cartagena De Indias,VIIRS-NOAA-20|VIIRS-NOAA-21,3,2.03,2.4
E20260815-86916E8B0B,5,2026-08-15T12:41-05:00,2026-08-15T20:34-05:00,7.88,-73.8523,7.85062,0.58,false,1,13,Bolívar,1,13744,Simití,MODIS-Terra|VIIRS-NOAA-20|VIIRS-NOAA-21,5,10.7,15.2
E20260815-878268C868,7,2026-08-15T13:34-05:00,2026-08-15T20:34-05:00,7.0,-75.30482,3.7214,1.81,false,1,73,Tolima,1,73168,Chaparral,MODIS-Terra|VIIRS-NOAA-20,7,9.9,19.9
E20260815-A6A552F428,6,2026-08-15T13:36-05:00,2026-08-16T02:12-05:00,12.6,-72.7274,10.97697,0.89,false,1,44,La Guajira,1,44078,Barrancas,VIIRS-NOAA-20|VIIRS-NOAA-21,6,3.63,8.2
E20260815-B513A2FBA4,4,2026-08-15T13:34-05:00,2026-08-15T13:34-05:00,0.0,-68.84171,4.64661,0.65,false,1,99,Vichada,1,99773,Cumaribo,VIIRS-NOAA-20,4,18.05,21.8
E20260815-D12D5587C9,5,2026-08-15T00:50-05:00,2026-08-15T01:35-05:00,0.75,-72.93883,8.11319,0.82,false,1,54,Norte De Santander,1,54109,Bucarasica,VIIRS-NOAA-20|VIIRS-NOAA-21,5,2.2,6.6
E20260815-DCD9E0A574,3,2026-08-15T13:36-05:00,2026-08-15T13:36-05:00,0.0,-73.5019,8.75688,0.68,false,1,20,Cesar,1,20383,La Gloria,VIIRS-NOAA-20,3,7.1,7.1
E20260815-DFBA74ADF3,3,2026-08-15T00:50-05:00,2026-08-15T01:35-05:00,0.75,-72.42077,8.03328,0.44,false,1,54,Norte De Santander,1,54001,San José De Cúcuta,VIIRS-NOAA-20|VIIRS-NOAA-21,1,1.4,1.4
E20260815-EBB0EFBC1A,4,2026-08-15T12:41-05:00,2026-08-15T12:41-05:00,0.0,-73.28366,9.54491,1.03,false,1,20,Cesar,1,20400,La Jagua De Ibirico,VIIRS-NOAA-21,4,18.3,24.1
E20260815-ECE345D51B,4,2026-08-15T01:35-05:00,2026-08-16T01:16-05:00,23.68,-72.59392,7.89412,0.59,false,1,54,Norte De Santander,1,54673,San Cayetano,VIIRS-NOAA-21,0,,
E20260815-ED4B2AC74A,4,2026-08-15T15:29-05:00,2026-08-16T13:17-05:00,21.8,-72.79008,11.1702,1.51,false,1,44,La Guajira,1,44001,Riohacha,MODIS-Aqua|VIIRS-NOAA-20|VIIRS-NOAA-21,4,6.4,15.6
E20260815-FAE7E85C3B,5,2026-08-15T00:50-05:00,2026-08-16T02:12-05:00,25.37,-72.48969,7.95233,0.5,false,1,54,Norte De Santander,1,54001,San José De Cúcuta,VIIRS-NOAA-20|VIIRS-NOAA-21,4,2.05,3.1
E20260816-098B4194CC,3,2026-08-16T13:17-05:00,2026-08-16T13:17-05:00,0.0,-72.85972,11.16495,0.58,false,1,44,La Guajira,1,44001,Riohacha,VIIRS-NOAA-20,3,2.5,2.5
E20260816-3FD08D27A3,4,2026-08-16T13:17-05:00,2026-08-16T13:17-05:00,0.0,-72.97052,11.16567,0.91,false,1,44,La Guajira,1,44001,Riohacha,VIIRS-NOAA-20,4,10.75,30.7
E20260816-632F486BDF,3,2026-08-16T01:16-05:00,2026-08-16T02:12-05:00,0.93,-73.47549,9.76307,0.48,false,1,20,Cesar,1,20013,Agustín Codazzi,VIIRS-NOAA-20|VIIRS-NOAA-21,3,2.63,4.0
E20260818-00B2CA5110,4,2026-08-18T12:39-05:00,2026-08-18T13:26-05:00,0.78,-72.76911,11.28603,0.56,false,1,44,La Guajira,1,44001,Riohacha,VIIRS-NOAA-20|VIIRS-NOAA-21,4,9.18,11.1
E20260818-39B8BF2A7B,5,2026-08-18T13:24-05:00,2026-08-19T13:04-05:00,23.67,-76.03485,3.81459,0.81,false,1,76,Valle Del Cauca,1,76111,Guadalajara De Buga,VIIRS-NOAA-21,5,10.64,22.1
E20260818-71CC196B80,3,2026-08-18T13:24-05:00,2026-08-18T15:44-05:00,2.33,-75.41266,3.49703,0.95,false,1,73,Tolima,1,73067,Ataco,MODIS-Aqua|VIIRS-NOAA-21,3,14.5,18.5
E20260818-74E6889127,8,2026-08-18T13:26-05:00,2026-08-21T01:22-05:00,59.93,-72.66097,11.02969,0.65,false,1,44,La Guajira,1,44078,Barrancas,VIIRS-NOAA-20|VIIRS-NOAA-21,8,4.59,9.3
E20260818-7582AB4917,3,2026-08-18T12:39-05:00,2026-08-18T13:26-05:00,0.78,-73.06132,11.23414,0.39,false,1,44,La Guajira,1,44001,Riohacha,VIIRS-NOAA-20|VIIRS-NOAA-21,3,3.13,4.3
E20260818-7B9FC01017,7,2026-08-18T12:39-05:00,2026-08-18T13:26-05:00,0.78,-73.23292,10.66626,0.6,false,1,20,Cesar,1,20001,Valledupar,VIIRS-NOAA-20|VIIRS-NOAA-21,7,5.61,12.4
E20260818-9A52929DF1,13,2026-08-18T12:39-05:00,2026-08-21T02:18-05:00,61.65,-72.72677,10.97509,1.64,false,1,44,La Guajira,1,44078,Barrancas,VIIRS-NOAA-20|VIIRS-NOAA-21,13,4.57,12.1
E20260818-B525DDAC4E,6,2026-08-18T13:24-05:00,2026-08-19T13:04-05:00,23.67,-72.57293,3.12832,2.32,false,1,50,Meta,1,50325,Mapiripán,VIIRS-NOAA-21,6,10.82,22.9
E20260818-B5A024FFCC,3,2026-08-18T12:39-05:00,2026-08-18T13:26-05:00,0.78,-72.55009,11.30286,0.56,false,1,44,La Guajira,1,44035,Albania,VIIRS-NOAA-20|VIIRS-NOAA-21,3,2.9,3.8
E20260818-F845400784,3,2026-08-18T13:26-05:00,2026-08-18T13:26-05:00,0.0,-73.31696,10.45476,0.95,false,1,20,Cesar,1,20001,Valledupar,VIIRS-NOAA-21,3,8.8,9.0
E20260819-0E510E646B,4,2026-08-19T13:04-05:00,2026-08-19T14:00-05:00,0.93,-72.88974,3.42641,1.14,false,1,50,Meta,1,50689,San Martín,VIIRS-NOAA-20|VIIRS-NOAA-21,4,15.8,22.7
E20260819-16A0CA5435,3,2026-08-19T14:02-05:00,2026-08-19T14:02-05:00,0.0,-72.27446,11.20152,0.76,false,1,44,La Guajira,1,44430,Maicao,VIIRS-NOAA-20,3,9.47,12.6
E20260819-191D84CBC9,7,2026-08-19T01:14-05:00,2026-08-20T12:47-05:00,35.55,-73.06733,11.12149,1.55,false,1,44,La Guajira,1,44001,Riohacha,VIIRS-NOAA-20|VIIRS-NOAA-21,7,6.03,18.6
E20260819-1951F19866,3,2026-08-18T20:52-05:00,2026-08-19T01:16-05:00,4.4,-75.46379,3.46447,0.61,false,1,73,Tolima,1,73067,Ataco,MODIS-Terra|VIIRS-NOAA-20,3,2.5,4.8
E20260819-227A289205,3,2026-08-19T01:14-05:00,2026-08-19T13:06-05:00,11.87,-72.57582,11.13547,0.43,false,1,44,La Guajira,1,44035,Albania,VIIRS-NOAA-20|VIIRS-NOAA-21,3,4.77,9.1
E20260819-2BD87D33CE,3,2026-08-19T02:01-05:00,2026-08-20T01:44-05:00,23.72,-75.32031,4.89209,0.29,false,2,17|73,Caldas|Tolima,2,17873|73870,Villahermosa|Villamaría,VIIRS-NOAA-21,3,1.7,2.1
E20260819-2CD3EBA63E,3,2026-08-19T12:20-05:00,2026-08-19T13:04-05:00,0.73,-69.39034,4.76265,1.19,false,1,99,Vichada,1,99773,Cumaribo,VIIRS-NOAA-20|VIIRS-NOAA-21,3,6.93,8.8
E20260819-3375131230,4,2026-08-19T12:20-05:00,2026-08-19T13:04-05:00,0.73,-70.56544,5.12594,1.61,false,1,99,Vichada,1,99624,Santa Rosalía,VIIRS-NOAA-20|VIIRS-NOAA-21,4,9.53,12.5
E20260819-389A1549CF,5,2026-08-19T13:04-05:00,2026-08-20T13:43-05:00,24.65,-74.86815,4.73943,0.58,false,1,73,Tolima,1,73030,Ambalema,VIIRS-NOAA-20|VIIRS-NOAA-21,5,7.46,11.9
E20260819-3C05D5A0A5,3,2026-08-19T13:04-05:00,2026-08-19T13:04-05:00,0.0,-69.48705,6.08095,0.59,false,1,81,Arauca,1,81220,Cravo Norte,VIIRS-NOAA-21,3,4.57,4.8
E20260819-418FA1F706,3,2026-08-19T13:04-05:00,2026-08-19T14:00-05:00,0.93,-72.61034,5.21278,0.45,false,1,85,Casanare,1,85010,Aguazul,VIIRS-NOAA-20|VIIRS-NOAA-21,3,5.7,8.7
E20260819-4F45EB9E67,3,2026-08-19T13:04-05:00,2026-08-19T14:00-05:00,0.93,-74.15076,1.38323,0.53,false,1,18,Caquetá,1,18753,San Vicente Del Caguán,VIIRS-NOAA-20|VIIRS-NOAA-21,3,8.7,15.8
E20260819-5738EF3B69,4,2026-08-19T13:06-05:00,2026-08-20T13:41-05:00,24.58,-75.17207,9.86223,0.55,false,1,13,Bolívar,1,13654,San Jacinto,VIIRS-NOAA-20|VIIRS-NOAA-21,4,9.55,13.2
E20260819-6134E8DC86,4,2026-08-19T12:20-05:00,2026-08-19T12:20-05:00,0.0,-68.88554,5.99648,1.24,false,1,99,Vichada,1,99524,La Primavera,VIIRS-NOAA-20,4,6.8,9.0
E20260819-6B95F2DA9E,4,2026-08-19T13:04-05:00,2026-08-19T14:00-05:00,0.93,-72.41466,3.171,1.06,false,1,50,Meta,1,50325,Mapiripán,VIIRS-NOAA-20|VIIRS-NOAA-21,4,22.07,50.1
E20260819-6D48E9383D,3,2026-08-19T13:04-05:00,2026-08-19T14:00-05:00,0.93,-70.93453,5.53076,0.8,false,1,85,Casanare,1,85250,Paz De Ariporo,VIIRS-NOAA-20|VIIRS-NOAA-21,3,6.67,7.7
E20260819-6F6ADE940F,3,2026-08-19T13:06-05:00,2026-08-20T12:47-05:00,23.68,-74.15378,10.09307,0.18,false,1,47,Magdalena,1,47660,Sabanas De San Ángel,VIIRS-NOAA-21,3,3.9,4.8
E20260819-7E29D90432,6,2026-08-19T12:20-05:00,2026-08-19T12:20-05:00,0.0,-68.80452,5.71305,2.3,false,1,99,Vichada,1,99001,Puerto Carreño,VIIRS-NOAA-20,6,5.13,5.4
E20260819-80EE55A918,4,2026-08-19T14:02-05:00,2026-08-19T14:47-05:00,0.75,-72.3805,11.26133,1.05,false,1,44,La Guajira,1,44430,Maicao,MODIS-Aqua|VIIRS-NOAA-20,4,43.12,89.6
E20260819-8244C7F035,4,2026-08-19T13:04-05:00,2026-08-19T14:00-05:00,0.93,-74.72984,5.08489,0.94,false,1,73,Tolima,1,73349,Honda,VIIRS-NOAA-20|VIIRS-NOAA-21,4,8.57,12.9
E20260819-84E7596BB6,3,2026-08-19T13:04-05:00,2026-08-19T14:00-05:00,0.93,-72.97431,4.61599,0.21,false,1,85,Casanare,1,85440,Villanueva,VIIRS-NOAA-20|VIIRS-NOAA-21,3,8.77,19.6
E20260819-88A6E556DB,6,2026-08-19T14:00-05:00,2026-08-19T14:00-05:00,0.0,-74.53731,5.58565,0.97,false,1,25,Cundinamarca,2,25572|25885,Puerto Salgar|Yacopí,VIIRS-NOAA-20,6,27.63,64.1
E20260819-8DB3A89BAC,8,2026-08-19T13:06-05:00,2026-08-21T02:18-05:00,37.2,-75.48827,10.31953,0.65,false,1,13,Bolívar,1,13001,Cartagena De Indias,MODIS-Terra|VIIRS-NOAA-20|VIIRS-NOAA-21,8,4.96,13.5
E20260819-9306D0C931,5,2026-08-19T12:20-05:00,2026-08-19T13:04-05:00,0.73,-71.23551,4.98263,0.88,false,1,85,Casanare,1,85230,Orocué,VIIRS-NOAA-20|VIIRS-NOAA-21,5,8.2,13.4
E20260819-936374A796,7,2026-08-19T01:59-05:00,2026-08-21T01:22-05:00,47.38,-73.50713,9.74056,1.21,false,1,20,Cesar,2,20013|20045,Agustín Codazzi|Becerril,VIIRS-NOAA-20|VIIRS-NOAA-21,7,3.16,4.9
E20260819-9C416A8179,8,2026-08-19T14:02-05:00,2026-08-19T14:47-05:00,0.75,-72.26097,11.28636,2.36,false,1,44,La Guajira,1,44430,Maicao,MODIS-Aqua|VIIRS-NOAA-20,8,38.96,73.6
E20260819-A1A9A3A8F3,3,2026-08-19T01:16-05:00,2026-08-19T13:06-05:00,11.83,-75.07663,10.48524,0.52,false,1,08,Atlántico,1,08606,Repelón,VIIRS-NOAA-20|VIIRS-NOAA-21,3,4.3,6.2
E20260819-A276F21D9E,4,2026-08-19T13:04-05:00,2026-08-19T14:00-05:00,0.93,-72.12227,3.41908,1.86,false,1,50,Meta,1,50568,Puerto Gaitán,VIIRS-NOAA-20|VIIRS-NOAA-21,4,23.05,53.0
E20260819-ABF58C78A0,3,2026-08-19T14:02-05:00,2026-08-20T13:41-05:00,23.65,-75.13245,9.63974,0.86,false,1,13,Bolívar,1,13244,El Carmen De Bolívar,VIIRS-NOAA-20,3,4.53,5.2
E20260819-AD56930369,6,2026-08-19T13:04-05:00,2026-08-19T14:00-05:00,0.93,-74.65712,5.42417,0.89,false,1,25,Cundinamarca,1,25320,Guaduas,VIIRS-NOAA-20|VIIRS-NOAA-21,6,9.15,11.9
E20260819-ADF0DE0411,3,2026-08-19T12:20-05:00,2026-08-19T13:06-05:00,0.77,-71.56832,6.27156,0.83,false,1,81,Arauca,1,81794,Tame,VIIRS-NOAA-20|VIIRS-NOAA-21,3,4.4,6.4
E20260819-AF83860155,15,2026-08-19T01:59-05:00,2026-08-21T13:24-05:00,59.42,-73.47598,9.76185,1.3,false,1,20,Cesar,1,20013,Agustín Codazzi,MODIS-Terra|VIIRS-NOAA-20|VIIRS-NOAA-21,15,4.31,8.5
E20260819-AFEA381E3E,3,2026-08-19T13:04-05:00,2026-08-19T14:00-05:00,0.93,-71.17634,4.04735,0.8,false,1,50,Meta,1,50568,Puerto Gaitán,VIIRS-NOAA-20|VIIRS-NOAA-21,3,8.5,10.8
E20260819-B17E7F5AFD,4,2026-08-19T13:04-05:00,2026-08-19T14:00-05:00,0.93,-75.34607,3.57241,0.64,false,1,73,Tolima,1,73067,Ataco,VIIRS-NOAA-20|VIIRS-NOAA-21,4,6.05,11.0
E20260819-B2DB1DA974,6,2026-08-19T12:20-05:00,2026-08-19T12:20-05:00,0.0,-69.83529,6.01753,1.3,false,1,99,Vichada,1,99524,La Primavera,VIIRS-NOAA-20,6,12.02,21.4
E20260819-B7DE08E8DB,10,2026-08-19T01:16-05:00,2026-08-19T13:06-05:00,11.83,-72.71602,7.71108,0.89,false,1,54,Norte De Santander,1,54239,Durania,VIIRS-NOAA-20|VIIRS-NOAA-21,10,7.8,14.6
E20260819-C548B23490,11,2026-08-19T14:02-05:00,2026-08-21T13:24-05:00,47.37,-73.43399,10.11965,1.49,false,1,20,Cesar,1,20001,Valledupar,MODIS-Terra|VIIRS-NOAA-20|VIIRS-NOAA-21,10,5.36,8.0
E20260819-C95823945C,3,2026-08-19T14:00-05:00,2026-08-19T14:00-05:00,0.0,-72.16296,2.72012,0.67,false,1,95,Guaviare,1,95001,San José Del Guaviare,VIIRS-NOAA-20,3,5.9,8.5
E20260819-CD8B432015,8,2026-08-19T13:04-05:00,2026-08-20T12:45-05:00,23.68,-74.9245,4.21495,1.2,false,1,73,Tolima,1,73268,Espinal,VIIRS-NOAA-21,8,11.2,14.9
E20260819-CEDF652C99,3,2026-08-19T13:04-05:00,2026-08-19T13:04-05:00,0.0,-74.74094,4.23528,1.04,false,1,73,Tolima,1,73449,Melgar,VIIRS-NOAA-21,3,29.23,67.2
E20260819-D5A8765C74,3,2026-08-19T13:04-05:00,2026-08-19T14:00-05:00,0.93,-73.20163,4.14918,0.78,false,1,50,Meta,1,50606,Restrepo,VIIRS-NOAA-20|VIIRS-NOAA-21,3,7.9,9.4
E20260819-DA07732CCF,4,2026-08-19T13:04-05:00,2026-08-19T14:00-05:00,0.93,-73.86015,3.45823,0.85,false,1,50,Meta,1,50313,Granada,VIIRS-NOAA-20|VIIRS-NOAA-21,4,8.55,11.4
E20260819-E34FE91963,3,2026-08-19T13:06-05:00,2026-08-19T14:00-05:00,0.9,-74.14046,5.62186,0.7,false,1,15,Boyacá,1,15681,San Pablo De Borbur,VIIRS-NOAA-20|VIIRS-NOAA-21,3,7.67,10.0
E20260819-E87DB01BFC,8,2026-08-19T13:04-05:00,2026-08-20T20:32-05:00,31.47,-74.84496,4.95059,1.59,false,1,73,Tolima,1,73055,Armero,MODIS-Terra|VIIRS-NOAA-20|VIIRS-NOAA-21,8,5.61,10.0
E20260819-EBB4A3B5A0,3,2026-08-19T13:04-05:00,2026-08-19T13:04-05:00,0.0,-71.57635,4.10727,0.91,false,1,50,Meta,1,50568,Puerto Gaitán,VIIRS-NOAA-21,3,4.87,6.2
E20260819-EEB0F43C40,3,2026-08-19T13:06-05:00,2026-08-20T12:47-05:00,23.68,-74.68246,10.85026,1.0,false,1,47,Magdalena,1,47745,Sitionuevo,VIIRS-NOAA-21,3,9.63,16.9
E20260819-F38D1E36A4,3,2026-08-19T13:04-05:00,2026-08-19T14:00-05:00,0.93,-73.19263,3.53284,0.51,false,1,50,Meta,1,50689,San Martín,VIIRS-NOAA-20|VIIRS-NOAA-21,3,4.5,4.9
E20260819-FC3521D80E,3,2026-08-19T13:06-05:00,2026-08-19T14:02-05:00,0.93,-75.11213,9.79803,0.54,false,1,13,Bolívar,1,13654,San Jacinto,VIIRS-NOAA-20|VIIRS-NOAA-21,3,8.2,19.1
E20260820-0308BB6385,8,2026-08-20T12:47-05:00,2026-08-21T13:24-05:00,24.62,-75.22573,10.68313,1.57,false,1,08,Atlántico,1,08421,Luruaco,MODIS-Aqua|VIIRS-NOAA-20|VIIRS-NOAA-21,8,24.35,56.1
E20260820-0EE0016C8D,4,2026-08-20T13:41-05:00,2026-08-21T13:24-05:00,23.72,-73.55103,9.07082,1.05,false,1,20,Cesar,1,20175,Chimichagua,MODIS-Aqua|VIIRS-NOAA-20,4,11.95,26.5
E20260820-0F8500D344,5,2026-08-20T00:55-05:00,2026-08-20T01:42-05:00,0.78,-73.27656,9.46274,0.65,false,1,20,Cesar,1,20400,La Jagua De Ibirico,VIIRS-NOAA-20|VIIRS-NOAA-21,3,4.5,6.2
E20260820-13F18A1471,9,2026-08-20T13:43-05:00,2026-08-20T15:21-05:00,1.63,-75.2419,3.7618,2.78,false,1,73,Tolima,2,73217|73504,Coyaima|Ortega,MODIS-Aqua|VIIRS-NOAA-20,9,58.23,95.1
E20260820-17027FBE47,3,2026-08-20T13:41-05:00,2026-08-20T15:21-05:00,1.67,-72.78775,3.35789,1.03,false,1,50,Meta,1,50689,San Martín,MODIS-Aqua|VIIRS-NOAA-20,3,13.1,28.4
E20260820-1AF1A6A20C,4,2026-08-20T13:43-05:00,2026-08-20T15:23-05:00,1.67,-74.65438,10.99408,1.74,false,1,47,Magdalena,1,47745,Sitionuevo,MODIS-Aqua|VIIRS-NOAA-20,4,5.2,8.5
E20260820-1D5B4F3B29,4,2026-08-20T12:45-05:00,2026-08-20T15:21-05:00,2.6,-76.08631,4.46,1.53,false,1,76,Valle Del Cauca,1,76622,Roldanillo,MODIS-Aqua|VIIRS-NOAA-20|VIIRS-NOAA-21,4,14.55,30.7
E20260820-1FE7760196,3,2026-08-20T12:45-05:00,2026-08-20T13:41-05:00,0.93,-74.73998,6.43475,0.61,false,1,05,Antioquia,1,05425,Maceo,VIIRS-NOAA-20|VIIRS-NOAA-21,3,11.27,14.4
E20260820-21B47FF6FB,5,2026-08-20T12:45-05:00,2026-08-20T13:43-05:00,0.97,-74.85501,5.75245,0.74,false,1,05,Antioquia,1,05756,Sonsón,VIIRS-NOAA-20|VIIRS-NOAA-21,5,73.3,300.7
E20260820-26BA959CAD,4,2026-08-20T12:47-05:00,2026-08-20T12:47-05:00,0.0,-73.70544,10.28121,0.59,false,1,20,Cesar,1,20001,Valledupar,VIIRS-NOAA-21,4,11.97,20.2
E20260820-27AA4331DA,3,2026-08-20T13:41-05:00,2026-08-20T15:21-05:00,1.67,-73.95012,6.50159,0.98,false,1,68,Santander,1,68190,Cimitarra,MODIS-Aqua|VIIRS-NOAA-20,3,31.27,75.3
E20260820-2B6E95D028,3,2026-08-20T12:45-05:00,2026-08-20T13:43-05:00,0.97,-74.35414,5.52008,0.57,false,1,25,Cundinamarca,1,25885,Yacopí,VIIRS-NOAA-20|VIIRS-NOAA-21,3,7.47,7.9
E20260820-2CB9964FCB,12,2026-08-20T12:45-05:00,2026-08-21T13:21-05:00,24.6,-75.31248,3.72784,2.25,false,1,73,Tolima,1,73168,Chaparral,VIIRS-NOAA-20|VIIRS-NOAA-21,12,11.43,21.7
E20260820-32286E6CCD,3,2026-08-20T12:45-05:00,2026-08-20T12:45-05:00,0.0,-75.00108,3.88768,0.6,false,1,73,Tolima,2,73585|73671,Purificación|Saldaña,VIIRS-NOAA-21,3,4.9,8.3
E20260820-32D7B38BA3,3,2026-08-20T01:42-05:00,2026-08-20T15:23-05:00,13.68,-73.64572,9.13164,0.52,false,1,20,Cesar,1,20228,Curumaní,MODIS-Aqua|VIIRS-NOAA-21,3,4.67,7.4
E20260820-357513F14A,16,2026-08-20T12:45-05:00,2026-08-21T01:22-05:00,12.62,-74.7918,4.13057,3.54,false,1,73,Tolima,2,73148|73770,Carmen De Apicalá|Suárez,VIIRS-NOAA-20|VIIRS-NOAA-21,16,4.86,14.0
E20260820-35FB8655C6,5,2026-08-20T12:47-05:00,2026-08-20T12:47-05:00,0.0,-75.32226,9.55264,0.67,false,1,70,Sucre,1,70230,Chalán,VIIRS-NOAA-21,5,10.4,15.2
E20260820-415041F1D1,3,2026-08-20T12:45-05:00,2026-08-21T01:22-05:00,12.62,-74.9033,4.12435,1.15,false,1,73,Tolima,1,73268,Espinal,VIIRS-NOAA-21,3,7.13,8.5
E20260820-429B030F41,4,2026-08-20T15:21-05:00,2026-08-20T15:21-05:00,0.0,-76.83987,2.74137,2.24,false,1,19,Cauca,2,19130|19473,Cajibío|Morales,MODIS-Aqua,4,107.55,155.8
E20260820-43E5743547,4,2026-08-20T13:43-05:00,2026-08-21T13:24-05:00,23.68,-72.79001,11.15542,1.53,false,1,44,La Guajira,1,44001,Riohacha,MODIS-Aqua|VIIRS-NOAA-20,4,15.03,37.2
E20260820-4420882319,4,2026-08-20T12:45-05:00,2026-08-20T12:45-05:00,0.0,-76.10517,4.48405,0.86,false,1,76,Valle Del Cauca,1,76622,Roldanillo,VIIRS-NOAA-21,4,4.9,4.9
E20260820-44C0C5B747,4,2026-08-20T00:55-05:00,2026-08-21T01:22-05:00,24.45,-73.11571,10.55893,0.56,false,1,20,Cesar,1,20001,Valledupar,VIIRS-NOAA-20|VIIRS-NOAA-21,4,2.27,3.5
E20260820-48072936E7,4,2026-08-20T13:43-05:00,2026-08-20T13:43-05:00,0.0,-72.23445,11.23589,0.9,false,1,44,La Guajira,1,44430,Maicao,VIIRS-NOAA-20,4,45.5,45.5
E20260820-49F694997D,8,2026-08-20T12:45-05:00,2026-08-21T01:25-05:00,12.67,-74.48468,7.0054,1.57,false,1,05,Antioquia,1,05604,Remedios,MODIS-Aqua|MODIS-Terra|VIIRS-NOAA-20|VIIRS-NOAA-21,8,20.1,61.7
E20260820-4F2B2B9A46,4,2026-08-20T13:41-05:00,2026-08-20T15:21-05:00,1.67,-76.78773,2.27665,0.7,false,1,19,Cauca,1,19622,Rosas,MODIS-Aqua|VIIRS-NOAA-20,4,13.68,19.3
E20260820-53359FE259,75,2026-08-20T12:45-05:00,2026-08-21T13:21-05:00,24.6,-75.01976,4.24067,6.51,true,1,73,Tolima,4,73200|73268|73319|73678,Coello|Espinal|Guamo|San Luis,MODIS-Aqua|MODIS-Terra|VIIRS-NOAA-20|VIIRS-NOAA-21,75,50.71,389.0
E20260820-557B8E4079,10,2026-08-20T12:45-05:00,2026-08-20T13:43-05:00,0.97,-74.71023,5.10174,1.62,false,1,25,Cundinamarca,1,25320,Guaduas,VIIRS-NOAA-20|VIIRS-NOAA-21,10,24.77,63.5
E20260820-564806AD58,3,2026-08-20T13:43-05:00,2026-08-20T13:43-05:00,0.0,-70.09802,5.9522,0.37,false,1,85,Casanare,1,85250,Paz De Ariporo,VIIRS-NOAA-20,3,4.17,6.3
E20260820-59B64323FA,4,2026-08-20T12:45-05:00,2026-08-21T01:22-05:00,12.62,-74.85984,4.16461,1.09,false,1,73,Tolima,1,73268,Espinal,VIIRS-NOAA-20|VIIRS-NOAA-21,4,5.38,12.6
E20260820-59CEBF6006,3,2026-08-20T13:41-05:00,2026-08-20T13:41-05:00,0.0,-72.6958,8.32606,0.76,false,1,54,Norte De Santander,1,54810,Tibú,VIIRS-NOAA-20,3,13.77,14.1
E20260820-635F006FFA,5,2026-08-20T13:43-05:00,2026-08-20T20:32-05:00,6.82,-72.18448,4.31756,2.0,false,1,50,Meta,1,50573,Puerto López,MODIS-Aqua|MODIS-Terra|VIIRS-NOAA-20,5,14.0,28.3
E20260820-64A4794DB3,3,2026-08-20T13:43-05:00,2026-08-20T13:43-05:00,0.0,-74.22786,10.33415,0.47,false,1,47,Magdalena,2,47551|47660,Pivijay|Sabanas De San Ángel,VIIRS-NOAA-20,3,4.67,7.2
E20260820-696C3AF836,3,2026-08-20T12:45-05:00,2026-08-20T13:43-05:00,0.97,-74.87218,5.18744,0.64,false,1,73,Tolima,1,73443,San Sebastián De Mariquita,VIIRS-NOAA-20|VIIRS-NOAA-21,3,4.5,5.3
E20260820-6C54DE531D,18,2026-08-20T00:57-05:00,2026-08-21T01:22-05:00,24.42,-74.79278,4.07544,2.56,false,1,73,Tolima,2,73148|73770,Carmen De Apicalá|Suárez,VIIRS-NOAA-20|VIIRS-NOAA-21,18,4.92,10.6
E20260820-7F0CAFE1E3,3,2026-08-20T12:45-05:00,2026-08-20T13:41-05:00,0.93,-76.70189,3.22327,0.78,false,1,76,Valle Del Cauca,1,76364,Jamundí,VIIRS-NOAA-20|VIIRS-NOAA-21,3,7.63,10.2
E20260820-81202400D5,4,2026-08-20T13:41-05:00,2026-08-20T13:41-05:00,0.0,-74.87695,9.92413,1.21,false,1,13,Bolívar,1,13657,San Juan Nepomuceno,VIIRS-NOAA-20,4,9.05,15.6
E20260820-8224BD3E57,4,2026-08-20T13:43-05:00,2026-08-20T20:32-05:00,6.82,-74.94002,4.76757,0.76,false,1,73,Tolima,1,73861,Venadillo,MODIS-Aqua|MODIS-Terra|VIIRS-NOAA-20,4,14.55,18.6
E20260820-85245CA577,3,2026-08-20T12:47-05:00,2026-08-20T13:43-05:00,0.93,-74.97224,10.62402,0.56,false,1,08,Atlántico,1,08638,Sabanalarga,VIIRS-NOAA-20|VIIRS-NOAA-21,3,8.0,12.6
E20260820-85C3C592F3,8,2026-08-20T15:23-05:00,2026-08-21T12:28-05:00,21.08,-73.22758,11.19684,1.49,false,1,44,La Guajira,1,44090,Dibulla,MODIS-Aqua|VIIRS-NOAA-20|VIIRS-NOAA-21,8,33.66,205.7
E20260820-8C1E929AE1,5,2026-08-20T12:45-05:00,2026-08-20T13:41-05:00,0.93,-74.35059,6.92353,0.85,false,1,05,Antioquia,2,05604|05893,Remedios|Yondó,VIIRS-NOAA-20|VIIRS-NOAA-21,5,15.62,29.7
E20260820-8CEB2AB397,9,2026-08-20T13:43-05:00,2026-08-20T15:21-05:00,1.63,-76.03217,3.80456,1.53,false,1,76,Valle Del Cauca,1,76111,Guadalajara De Buga,MODIS-Aqua|VIIRS-NOAA-20,9,15.41,36.4
E20260820-92DC0CF2CB,3,2026-08-20T13:41-05:00,2026-08-20T15:21-05:00,1.67,-71.60139,3.70184,0.93,false,1,50,Meta,1,50568,Puerto Gaitán,MODIS-Aqua|VIIRS-NOAA-20,3,10.77,14.9
E20260820-94E0007D6D,3,2026-08-20T13:43-05:00,2026-08-20T13:43-05:00,0.0,-73.31695,4.0234,0.95,false,1,50,Meta,1,50001,Villavicencio,VIIRS-NOAA-20,3,5.93,6.6
E20260820-99DC3AAC56,3,2026-08-20T12:45-05:00,2026-08-20T15:23-05:00,2.63,-73.32865,8.62083,0.69,false,1,54,Norte De Santander,1,54206,Convención,MODIS-Aqua|VIIRS-NOAA-20|VIIRS-NOAA-21,3,7.33,12.1
E20260820-A06AFB99D1,3,2026-08-20T13:41-05:00,2026-08-20T13:41-05:00,0.0,-75.14576,6.67023,0.7,false,1,05,Antioquia,1,05310,Gómez Plata,VIIRS-NOAA-20,3,52.8,52.8
E20260820-A23BCACF7E,4,2026-08-20T01:44-05:00,2026-08-20T13:43-05:00,11.98,-75.08459,4.2937,1.18,false,1,73,Tolima,2,73001|73678,Ibagué|San Luis,VIIRS-NOAA-20|VIIRS-NOAA-21,4,3.05,4.2
E20260820-A2B08D501A,4,2026-08-20T12:47-05:00,2026-08-21T12:28-05:00,23.68,-75.30863,9.57844,1.68,false,1,70,Sucre,1,70230,Chalán,VIIRS-NOAA-20|VIIRS-NOAA-21,4,6.7,10.7
E20260820-A34AC9B2DC,3,2026-08-20T15:23-05:00,2026-08-21T13:24-05:00,22.02,-73.07911,11.18563,0.51,false,1,44,La Guajira,1,44001,Riohacha,MODIS-Aqua|VIIRS-NOAA-20,3,6.37,10.5
E20260820-AA28B57E17,4,2026-08-20T12:45-05:00,2026-08-20T13:41-05:00,0.93,-74.8417,6.22462,1.14,false,1,05,Antioquia,1,05649,San Carlos,VIIRS-NOAA-20|VIIRS-NOAA-21,4,8.03,12.0
E20260820-B66A8E2057,7,2026-08-20T13:43-05:00,2026-08-21T13:24-05:00,23.68,-72.82103,11.26728,0.96,false,1,44,La Guajira,1,44001,Riohacha,MODIS-Aqua|VIIRS-NOAA-20|VIIRS-NOAA-21,7,6.74,20.2
E20260820-B8DFC42E41,3,2026-08-20T12:45-05:00,2026-08-20T13:41-05:00,0.93,-74.67243,6.31412,0.16,false,1,05,Antioquia,1,05142,Caracolí,VIIRS-NOAA-20|VIIRS-NOAA-21,3,39.97,86.7
E20260820-BDB09C615B,5,2026-08-20T12:45-05:00,2026-08-20T15:21-05:00,2.6,-76.4244,2.79582,1.3,false,1,19,Cauca,1,19137,Caldono,MODIS-Aqua|VIIRS-NOAA-20|VIIRS-NOAA-21,5,36.54,81.1
E20260820-CC259A7D25,36,2026-08-20T00:57-05:00,2026-08-20T15:21-05:00,14.4,-75.27294,3.73025,2.54,false,1,73,Tolima,1,73217,Coyaima,MODIS-Aqua|VIIRS-NOAA-20|VIIRS-NOAA-21,36,12.47,34.2
E20260820-D35FDF92F0,5,2026-08-20T13:43-05:00,2026-08-20T20:32-05:00,6.82,-74.9327,4.77942,0.7,false,1,73,Tolima,1,73861,Venadillo,MODIS-Aqua|MODIS-Terra|VIIRS-NOAA-20,5,22.1,55.1
E20260820-D51063FE65,4,2026-08-20T13:43-05:00,2026-08-20T15:21-05:00,1.63,-76.45671,3.62062,1.2,false,1,76,Valle Del Cauca,2,76520|76892,Palmira|Yumbo,MODIS-Aqua|VIIRS-NOAA-20,4,26.8,60.9
E20260820-D906B3562F,4,2026-08-20T12:47-05:00,2026-08-21T13:24-05:00,24.62,-73.88323,8.70085,1.06,false,1,13,Bolívar,1,13580,Regidor,VIIRS-NOAA-20|VIIRS-NOAA-21,4,7.53,21.8
E20260820-DD599F8944,4,2026-08-20T12:47-05:00,2026-08-21T13:24-05:00,24.62,-73.783,9.84364,0.64,false,1,20,Cesar,1,20060,Bosconia,VIIRS-NOAA-20|VIIRS-NOAA-21,4,9.2,10.3
E20260820-DF7FEB9828,4,2026-08-20T12:47-05:00,2026-08-21T00:38-05:00,11.85,-72.94044,11.13719,1.11,false,1,44,La Guajira,1,44001,Riohacha,MODIS-Aqua|VIIRS-NOAA-20|VIIRS-NOAA-21,4,5.95,9.9
E20260820-F346A9C2C4,4,2026-08-20T12:47-05:00,2026-08-21T13:24-05:00,24.62,-72.83647,11.27524,0.64,false,1,44,La Guajira,1,44001,Riohacha,VIIRS-NOAA-20|VIIRS-NOAA-21,4,3.47,6.1
E20260820-F3D924B1C3,4,2026-08-20T13:43-05:00,2026-08-20T15:21-05:00,1.63,-75.19405,3.98183,1.32,false,1,73,Tolima,1,73504,Ortega,MODIS-Aqua|VIIRS-NOAA-20,4,23.4,58.5
E20260820-F63A3FA83B,3,2026-08-20T13:43-05:00,2026-08-21T01:22-05:00,11.65,-74.73984,4.23247,0.74,false,1,73,Tolima,1,73449,Melgar,VIIRS-NOAA-20|VIIRS-NOAA-21,3,3.93,5.2
E20260820-F7D135AC06,42,2026-08-20T00:57-05:00,2026-08-21T14:08-05:00,37.18,-74.77715,4.19793,8.37,true,1,73,Tolima,2,73148|73770,Carmen De Apicalá|Suárez,MODIS-Aqua|MODIS-Terra|VIIRS-NOAA-20|VIIRS-NOAA-21,41,8.65,58.8
E20260821-011B83A76B,4,2026-08-21T02:18-05:00,2026-08-21T12:28-05:00,10.17,-74.59338,9.84414,0.75,false,1,47,Magdalena,1,47555,Plato,MODIS-Terra|VIIRS-NOAA-20|VIIRS-NOAA-21,4,6.75,10.9
E20260821-12457BFEC7,3,2026-08-21T13:24-05:00,2026-08-21T13:24-05:00,0.0,-73.00557,11.16706,0.61,false,1,44,La Guajira,1,44001,Riohacha,VIIRS-NOAA-20,3,2.6,4.8
E20260821-12DF457CFD,3,2026-08-21T12:28-05:00,2026-08-21T13:24-05:00,0.93,-74.87526,9.20622,0.59,false,1,13,Bolívar,1,13430,Magangué,VIIRS-NOAA-20|VIIRS-NOAA-21,3,8.1,9.9
E20260821-13A11E05E5,4,2026-08-21T13:21-05:00,2026-08-21T13:21-05:00,0.0,-77.14294,1.43615,0.71,false,1,52,Nariño,1,52110,Buesaco,VIIRS-NOAA-20,4,13.05,21.9
E20260821-3CFEEB580D,7,2026-08-21T12:28-05:00,2026-08-21T13:24-05:00,0.93,-72.95428,11.32446,1.02,false,1,44,La Guajira,1,44001,Riohacha,VIIRS-NOAA-20|VIIRS-NOAA-21,7,35.64,75.4
E20260821-432EC5A895,9,2026-08-21T12:28-05:00,2026-08-21T13:24-05:00,0.93,-73.07441,11.12026,2.2,false,1,44,La Guajira,1,44001,Riohacha,VIIRS-NOAA-20|VIIRS-NOAA-21,9,31.56,42.0
E20260821-47F31019B7,5,2026-08-21T14:08-05:00,2026-08-21T14:08-05:00,0.0,-73.56359,9.13237,1.29,false,1,20,Cesar,1,20228,Curumaní,VIIRS-NOAA-21,5,81.7,123.4
E20260821-4C84F5602D,3,2026-08-21T01:25-05:00,2026-08-21T01:25-05:00,0.0,-77.2947,1.43199,0.74,false,1,52,Nariño,1,52240,Chachagüí,VIIRS-NOAA-21,3,2.03,2.5
E20260821-4CA5188895,4,2026-08-21T14:08-05:00,2026-08-21T14:08-05:00,0.0,-73.96493,8.85211,1.07,false,1,13,Bolívar,1,13667,San Martín De Loba,VIIRS-NOAA-21,4,17.1,18.9
E20260821-664288F647,3,2026-08-20T20:32-05:00,2026-08-21T01:25-05:00,4.88,-76.97676,2.20652,1.28,false,1,19,Cauca,1,19532,Patía,MODIS-Terra|VIIRS-NOAA-21,3,4.93,11.9
E20260821-68DCF14E69,6,2026-08-21T13:24-05:00,2026-08-21T13:24-05:00,0.0,-74.20479,10.33709,1.29,false,1,47,Magdalena,1,47660,Sabanas De San Ángel,VIIRS-NOAA-20,6,60.15,241.1
E20260821-6E781FF13D,3,2026-08-21T13:24-05:00,2026-08-21T14:10-05:00,0.77,-74.70098,10.84441,0.47,false,1,47,Magdalena,1,47745,Sitionuevo,VIIRS-NOAA-20|VIIRS-NOAA-21,3,3.6,6.8
E20260821-748C0723C5,5,2026-08-21T01:25-05:00,2026-08-21T03:39-05:00,2.23,-76.94989,2.32681,0.94,false,1,19,Cauca,1,19256,El Tambo,MODIS-Aqua|VIIRS-NOAA-21,5,4.76,16.9
E20260821-88A8D9978D,3,2026-08-21T13:24-05:00,2026-08-21T13:24-05:00,0.0,-73.02738,11.09781,0.61,false,1,44,La Guajira,1,44001,Riohacha,VIIRS-NOAA-20,3,8.67,13.9
E20260821-89564A58EB,5,2026-08-21T13:21-05:00,2026-08-23T01:42-05:00,36.35,-76.48938,3.56596,1.23,false,1,76,Valle Del Cauca,1,76892,Yumbo,VIIRS-NOAA-20|VIIRS-NOAA-21,5,4.26,9.8
E20260821-8C63A4AD33,3,2026-08-21T13:24-05:00,2026-08-21T13:24-05:00,0.0,-73.75872,8.02935,0.57,false,1,68,Santander,1,68575,Puerto Wilches,VIIRS-NOAA-20,3,2.0,2.0
E20260821-8F9E86F146,9,2026-08-21T12:28-05:00,2026-08-21T13:24-05:00,0.93,-73.06143,11.09316,1.22,false,1,44,La Guajira,1,44001,Riohacha,VIIRS-NOAA-20|VIIRS-NOAA-21,9,19.17,48.4
E20260821-97B792BB9C,3,2026-08-21T01:22-05:00,2026-08-21T01:22-05:00,0.0,-73.92438,10.33717,0.6,false,1,20,Cesar,1,20238,El Copey,VIIRS-NOAA-21,3,3.6,3.8
E20260821-984DE56169,3,2026-08-21T12:26-05:00,2026-08-21T13:21-05:00,0.92,-72.05078,2.72482,0.48,false,1,95,Guaviare,1,95001,San José Del Guaviare,VIIRS-NOAA-20|VIIRS-NOAA-21,3,3.93,5.8
E20260821-9BBA299957,3,2026-08-21T13:21-05:00,2026-08-21T13:21-05:00,0.0,-76.39479,3.16315,0.8,false,1,19,Cauca,1,19300,Guachené,VIIRS-NOAA-20,3,6.77,6.9
E20260821-B7F4B2AC9E,5,2026-08-21T13:24-05:00,2026-08-21T13:24-05:00,0.0,-72.82315,11.16152,1.01,false,1,44,La Guajira,1,44001,Riohacha,VIIRS-NOAA-20,5,10.66,13.9
E20260821-D97F16BF53,3,2026-08-21T12:28-05:00,2026-08-21T13:24-05:00,0.93,-72.85099,8.23391,0.42,false,1,54,Norte De Santander,1,54720,Sardinata,VIIRS-NOAA-20|VIIRS-NOAA-21,3,6.7,8.0
E20260821-DA542AC7B1,3,2026-08-21T14:08-05:00,2026-08-21T14:08-05:00,0.0,-76.37069,3.23355,0.42,false,1,19,Cauca,2,19513|19573,Padilla|Puerto Tejada,VIIRS-NOAA-21,3,5.17,8.3
E20260821-DEDF3727E8,3,2026-08-21T01:25-05:00,2026-08-21T01:25-05:00,0.0,-72.56858,7.89048,0.9,false,1,54,Norte De Santander,2,54001|54673,San Cayetano|San José De Cúcuta,VIIRS-NOAA-21,3,4.87,5.2
E20260821-E5848A8F7B,3,2026-08-21T03:39-05:00,2026-08-21T08:48-05:00,5.15,-75.51691,5.38869,1.0,false,1,17,Caldas,1,17653,Salamina,MODIS-Aqua|MODIS-Terra,3,9.2,13.8
E20260821-F6AA90655C,3,2026-08-21T12:28-05:00,2026-08-21T13:24-05:00,0.93,-73.33078,9.97662,0.36,false,1,20,Cesar,1,20013,Agustín Codazzi,VIIRS-NOAA-20|VIIRS-NOAA-21,3,6.77,8.3
E20260821-F8D3E2788E,4,2026-08-21T13:24-05:00,2026-08-21T14:10-05:00,0.77,-74.75442,9.68558,1.19,false,1,47,Magdalena,1,47555,Plato,VIIRS-NOAA-20|VIIRS-NOAA-21,4,31.4,57.5
E20260822-02FD03FEAC,3,2026-08-22T15:02-05:00,2026-08-23T12:45-05:00,21.72,-72.99813,11.15083,0.69,false,1,44,La Guajira,1,44001,Riohacha,MODIS-Aqua|VIIRS-NOAA-20,3,9.07,15.0
E20260822-0347D1498C,6,2026-08-22T13:04-05:00,2026-08-22T13:04-05:00,0.0,-71.00625,4.16906,1.21,false,1,99,Vichada,1,99773,Cumaribo,VIIRS-NOAA-20,6,4.85,7.8
E20260822-06EF57BC8C,3,2026-08-22T12:07-05:00,2026-08-22T15:00-05:00,2.88,-68.73035,4.71357,1.36,false,1,99,Vichada,1,99773,Cumaribo,MODIS-Aqua|VIIRS-NOAA-20|VIIRS-NOAA-21,3,9.73,20.0
E20260822-1DD60AF5B6,4,2026-08-22T13:04-05:00,2026-08-22T13:04-05:00,0.0,-74.97353,4.00086,0.76,false,1,73,Tolima,1,73319,Guamo,VIIRS-NOAA-20,4,3.95,4.4
E20260822-27E75E48B8,4,2026-08-22T13:47-05:00,2026-08-22T13:47-05:00,0.0,-72.21385,4.1166,1.04,false,1,50,Meta,1,50573,Puerto López,VIIRS-NOAA-21,4,12.6,18.8
E20260822-2E300DEDAC,3,2026-08-22T13:47-05:00,2026-08-22T13:47-05:00,0.0,-71.94389,3.3581,0.62,false,1,50,Meta,1,50325,Mapiripán,VIIRS-NOAA-21,3,4.87,6.8
E20260822-359864402B,3,2026-08-22T13:04-05:00,2026-08-22T13:49-05:00,0.75,-69.7109,5.72115,0.9,false,1,99,Vichada,1,99524,La Primavera,VIIRS-NOAA-20|VIIRS-NOAA-21,3,9.93,13.7
E20260822-42DD313B83,3,2026-08-22T13:04-05:00,2026-08-22T15:00-05:00,1.93,-69.59488,5.80881,1.23,false,1,99,Vichada,1,99524,La Primavera,MODIS-Aqua|VIIRS-NOAA-20,3,7.7,8.0
E20260822-467EFD38F1,7,2026-08-22T13:04-05:00,2026-08-22T13:49-05:00,0.75,-69.19134,5.57779,1.95,false,1,99,Vichada,1,99524,La Primavera,VIIRS-NOAA-20|VIIRS-NOAA-21,7,12.41,20.6
E20260822-4BE7C3D722,4,2026-08-22T01:05-05:00,2026-08-22T01:05-05:00,0.0,-76.9034,2.36428,0.68,false,1,19,Cauca,1,19256,El Tambo,VIIRS-NOAA-21,4,2.95,3.4
E20260822-707A7D0411,15,2026-08-22T13:49-05:00,2026-08-22T15:00-05:00,1.18,-74.7016,5.54617,2.2,false,1,17,Caldas,1,17380,La Dorada,MODIS-Aqua|VIIRS-NOAA-21,15,41.86,127.7
E20260822-77F1D464AA,9,2026-08-22T13:04-05:00,2026-08-22T13:49-05:00,0.75,-69.24243,5.80129,1.66,false,1,99,Vichada,1,99524,La Primavera,VIIRS-NOAA-20|VIIRS-NOAA-21,9,16.89,42.2
E20260822-95EC6B8E1F,3,2026-08-21T21:09-05:00,2026-08-22T02:01-05:00,4.87,-77.61753,1.34317,1.27,false,1,52,Nariño,1,52678,Samaniego,MODIS-Terra|VIIRS-NOAA-20|VIIRS-NOAA-21,2,11.55,19.5
E20260822-9CC86C0EC3,4,2026-08-22T13:04-05:00,2026-08-22T13:47-05:00,0.72,-68.42806,4.97217,1.26,false,1,99,Vichada,1,99773,Cumaribo,VIIRS-NOAA-20|VIIRS-NOAA-21,4,3.85,6.2
E20260822-A15E065243,6,2026-08-22T13:04-05:00,2026-08-22T13:49-05:00,0.75,-69.35425,5.82461,1.4,false,1,99,Vichada,1,99524,La Primavera,VIIRS-NOAA-20|VIIRS-NOAA-21,6,18.75,34.0
E20260822-A7D37372AC,4,2026-08-22T13:47-05:00,2026-08-23T03:18-05:00,13.52,-75.04819,4.2121,1.46,false,1,73,Tolima,2,73319|73678,Guamo|San Luis,MODIS-Aqua|VIIRS-NOAA-21,4,9.43,19.3
E20260822-BEA2EC812A,4,2026-08-22T13:04-05:00,2026-08-22T15:00-05:00,1.93,-69.12446,5.3009,1.09,false,1,99,Vichada,1,99524,La Primavera,MODIS-Aqua|VIIRS-NOAA-20,4,10.2,22.9
E20260822-DF5DA50C68,3,2026-08-22T13:04-05:00,2026-08-22T13:04-05:00,0.0,-69.14471,5.27596,0.57,false,1,99,Vichada,1,99524,La Primavera,VIIRS-NOAA-20,3,16.77,21.4
E20260822-E7E9B3F567,4,2026-08-22T12:07-05:00,2026-08-22T13:04-05:00,0.95,-67.83649,5.88478,0.59,false,1,99,Vichada,1,99001,Puerto Carreño,VIIRS-NOAA-20|VIIRS-NOAA-21,4,5.6,9.2
E20260823-0EA2788958,21,2026-08-23T01:40-05:00,2026-08-28T01:46-05:00,120.1,-72.72613,10.97452,1.67,true,1,44,La Guajira,1,44078,Barrancas,VIIRS-NOAA-20|VIIRS-NOAA-21,21,4.62,12.9
E20260823-0EE4C6DD97,3,2026-08-23T12:45-05:00,2026-08-23T13:32-05:00,0.78,-74.73586,9.67507,0.32,false,1,47,Magdalena,1,47555,Plato,VIIRS-NOAA-20|VIIRS-NOAA-21,3,9.53,10.5
E20260823-1223392AB7,8,2026-08-23T13:32-05:00,2026-08-26T01:29-05:00,59.95,-73.47423,9.76156,0.7,false,1,20,Cesar,2,20013|20045,Agustín Codazzi|Becerril,VIIRS-NOAA-20|VIIRS-NOAA-21,8,4.21,8.4
E20260823-22C9D9D416,4,2026-08-23T12:45-05:00,2026-08-23T13:32-05:00,0.78,-73.07856,11.11285,0.64,false,1,44,La Guajira,1,44001,Riohacha,VIIRS-NOAA-20|VIIRS-NOAA-21,4,9.05,18.5
E20260823-2E69D2F7DA,3,2026-08-23T12:45-05:00,2026-08-23T13:32-05:00,0.78,-74.77899,9.64267,0.45,false,1,47,Magdalena,1,47555,Plato,VIIRS-NOAA-20|VIIRS-NOAA-21,3,3.2,5.0
E20260823-3D5D0A90A9,9,2026-08-23T13:32-05:00,2026-08-23T13:32-05:00,0.0,-74.8076,10.56118,2.0,false,1,08,Atlántico,1,08560,Ponedera,VIIRS-NOAA-21,9,6.66,12.4
E20260823-43BEE4BA94,3,2026-08-23T12:45-05:00,2026-08-23T13:32-05:00,0.78,-74.49754,8.9733,0.46,false,1,13,Bolívar,1,13549,Pinillos,VIIRS-NOAA-20|VIIRS-NOAA-21,3,4.23,6.8
E20260823-44F4A9C2D6,3,2026-08-23T13:30-05:00,2026-08-23T13:30-05:00,0.0,-70.48555,4.42838,0.58,false,1,99,Vichada,1,99773,Cumaribo,VIIRS-NOAA-21,3,4.2,6.2
E20260823-46436CBFAB,4,2026-08-23T12:45-05:00,2026-08-23T13:32-05:00,0.78,-73.0054,11.12135,0.83,false,1,44,La Guajira,1,44001,Riohacha,VIIRS-NOAA-20|VIIRS-NOAA-21,4,14.9,16.0
E20260823-4A95F40D3F,10,2026-08-23T15:36-05:00,2026-08-25T01:50-05:00,34.23,-74.97903,4.27745,3.5,false,1,73,Tolima,1,73200,Coello,MODIS-Aqua|VIIRS-NOAA-21,10,24.41,44.8
E20260823-590B11B425,14,2026-08-23T14:23-05:00,2026-08-24T01:25-05:00,11.03,-77.1658,1.42326,2.57,false,1,52,Nariño,1,52110,Buesaco,MODIS-Aqua|MODIS-Terra|VIIRS-NOAA-20,14,7.69,19.2
E20260823-7E8ECE155F,3,2026-08-23T13:32-05:00,2026-08-23T13:32-05:00,0.0,-75.55604,7.92401,0.57,false,1,23,Córdoba,1,23466,Montelíbano,VIIRS-NOAA-21,3,5.53,7.7
E20260823-833CA273EA,4,2026-08-23T01:42-05:00,2026-08-23T15:36-05:00,13.9,-74.96587,4.23959,1.17,false,1,73,Tolima,1,73200,Coello,MODIS-Aqua|VIIRS-NOAA-20,4,7.7,17.4
E20260823-949FD70612,15,2026-08-23T00:46-05:00,2026-08-26T12:34-05:00,83.8,-73.52201,9.72132,1.08,false,1,20,Cesar,1,20045,Becerril,VIIRS-NOAA-20|VIIRS-NOAA-21,15,5.62,15.7
E20260823-A38CD3524C,4,2026-08-23T00:46-05:00,2026-08-23T01:42-05:00,0.93,-73.70763,5.33905,0.63,false,1,25,Cundinamarca,1,25317,Guachetá,VIIRS-NOAA-20|VIIRS-NOAA-21,4,1.57,2.5
E20260823-B1D90AFF79,4,2026-08-23T12:45-05:00,2026-08-23T13:32-05:00,0.78,-72.75525,10.81341,0.55,false,1,44,La Guajira,1,44279,Fonseca,VIIRS-NOAA-20|VIIRS-NOAA-21,4,11.4,19.8
E20260823-B6C7BA9FA9,16,2026-08-23T13:30-05:00,2026-08-23T15:36-05:00,2.1,-74.88318,4.75528,2.45,false,1,73,Tolima,1,73861,Venadillo,MODIS-Aqua|VIIRS-NOAA-21,16,17.76,36.5
E20260823-B80B087A0A,18,2026-08-23T12:45-05:00,2026-08-23T13:32-05:00,0.78,-73.04848,11.09851,1.58,false,1,44,La Guajira,1,44001,Riohacha,VIIRS-NOAA-20|VIIRS-NOAA-21,18,20.14,28.4
E20260823-C4DFB143A7,3,2026-08-23T12:45-05:00,2026-08-23T13:32-05:00,0.78,-74.6168,9.69841,0.39,false,1,47,Magdalena,1,47555,Plato,VIIRS-NOAA-20|VIIRS-NOAA-21,3,7.77,18.1
E20260823-C7D94704E2,3,2026-08-23T01:42-05:00,2026-08-23T01:42-05:00,0.0,-77.13115,1.70305,0.58,false,1,19,Cauca,1,19450,Mercaderes,VIIRS-NOAA-20,2,2.25,3.2
E20260823-D223862DBB,5,2026-08-22T20:13-05:00,2026-08-23T00:46-05:00,4.55,-73.57,10.02988,1.61,false,1,20,Cesar,1,20001,Valledupar,MODIS-Terra|VIIRS-NOAA-21,5,4.96,11.3
E20260823-D47344F347,3,2026-08-23T12:45-05:00,2026-08-23T13:32-05:00,0.78,-74.14249,10.1449,0.49,false,1,47,Magdalena,1,47660,Sabanas De San Ángel,VIIRS-NOAA-20|VIIRS-NOAA-21,3,11.33,13.3
E20260823-D7049406F8,3,2026-08-23T12:45-05:00,2026-08-23T12:45-05:00,0.0,-73.02956,11.09836,0.54,false,1,44,La Guajira,1,44001,Riohacha,VIIRS-NOAA-20,3,9.97,12.9
E20260823-E2A1DA18E0,3,2026-08-23T13:30-05:00,2026-08-23T13:30-05:00,0.0,-75.05815,3.94113,0.59,false,1,73,Tolima,1,73678,San Luis,VIIRS-NOAA-21,3,10.07,11.5
E20260823-EB70E612D5,3,2026-08-23T13:32-05:00,2026-08-23T13:32-05:00,0.0,-74.99214,9.85181,0.41,false,1,13,Bolívar,1,13654,San Jacinto,VIIRS-NOAA-21,3,9.63,13.1
E20260823-F95C611C83,4,2026-08-23T15:36-05:00,2026-08-23T15:36-05:00,0.0,-74.92025,4.23123,1.59,false,1,73,Tolima,2,73200|73268,Coello|Espinal,MODIS-Aqua,4,25.43,42.6
E20260824-02D99F6935,3,2026-08-24T12:26-05:00,2026-08-24T13:13-05:00,0.78,-70.60369,5.22152,0.62,false,1,99,Vichada,1,99624,Santa Rosalía,VIIRS-NOAA-20|VIIRS-NOAA-21,3,8.73,12.6
E20260824-08D91C23B9,3,2026-08-24T13:11-05:00,2026-08-24T14:06-05:00,0.92,-76.5758,2.60132,0.38,false,1,19,Cauca,1,19130,Cajibío,VIIRS-NOAA-20|VIIRS-NOAA-21,3,6.67,11.5
E20260824-0EA3B7F469,4,2026-08-24T12:26-05:00,2026-08-24T13:13-05:00,0.78,-68.95315,6.13286,0.95,false,1,99,Vichada,1,99524,La Primavera,VIIRS-NOAA-20|VIIRS-NOAA-21,4,7.92,8.2
E20260824-1C1C070B51,4,2026-08-24T14:08-05:00,2026-08-24T14:08-05:00,0.0,-72.89361,11.16137,1.22,false,1,44,La Guajira,1,44001,Riohacha,VIIRS-NOAA-20,4,11.55,12.0
E20260824-27B3793B2E,4,2026-08-24T13:11-05:00,2026-08-24T14:06-05:00,0.92,-77.10855,1.96609,1.21,false,1,19,Cauca,1,19532,Patía,VIIRS-NOAA-20|VIIRS-NOAA-21,4,15.8,29.6
E20260824-49AE997BAB,3,2026-08-24T14:06-05:00,2026-08-25T12:52-05:00,22.77,-74.94958,4.7078,0.63,false,1,73,Tolima,1,73861,Venadillo,VIIRS-NOAA-20|VIIRS-NOAA-21,3,17.83,21.0
E20260824-5118E35B95,3,2026-08-24T12:28-05:00,2026-08-24T13:13-05:00,0.75,-72.35616,11.18806,0.37,false,1,44,La Guajira,1,44430,Maicao,VIIRS-NOAA-20|VIIRS-NOAA-21,3,4.67,4.9
E20260824-573EB10337,3,2026-08-24T12:28-05:00,2026-08-24T13:11-05:00,0.72,-73.33521,8.66225,0.51,false,1,54,Norte De Santander,1,54245,El Carmen,VIIRS-NOAA-20|VIIRS-NOAA-21,3,22.27,26.6
E20260824-66164C9C1F,13,2026-08-24T12:26-05:00,2026-08-24T13:13-05:00,0.78,-69.8418,5.72888,1.79,false,1,99,Vichada,1,99524,La Primavera,VIIRS-NOAA-20|VIIRS-NOAA-21,13,17.06,36.6
E20260824-6C4EE042B2,4,2026-08-24T13:11-05:00,2026-08-25T01:48-05:00,12.62,-72.59667,8.08424,0.34,false,1,54,Norte De Santander,1,54261,El Zulia,VIIRS-NOAA-20|VIIRS-NOAA-21,4,2.52,3.4
E20260824-6CEA6E1AFE,4,2026-08-24T13:11-05:00,2026-08-25T01:48-05:00,12.62,-72.59229,7.89421,0.42,false,1,54,Norte De Santander,1,54673,San Cayetano,VIIRS-NOAA-20|VIIRS-NOAA-21,3,2.53,4.8
E20260824-6D8AA5B138,3,2026-08-24T14:08-05:00,2026-08-24T14:08-05:00,0.0,-75.04334,6.89546,0.38,false,1,05,Antioquia,1,05031,Amalfi,VIIRS-NOAA-20,3,3.8,5.2
E20260824-700B3F1B26,6,2026-08-24T12:28-05:00,2026-08-24T13:13-05:00,0.75,-72.23246,11.2373,0.65,false,1,44,La Guajira,1,44430,Maicao,VIIRS-NOAA-20|VIIRS-NOAA-21,6,89.8,251.3
E20260824-752698ACD3,6,2026-08-24T13:11-05:00,2026-08-24T14:06-05:00,0.92,-77.50649,1.2302,1.64,false,1,52,Nariño,1,52036,Ancuya,VIIRS-NOAA-20|VIIRS-NOAA-21,6,33.8,102.7
E20260824-7E5D4D75A3,4,2026-08-24T12:26-05:00,2026-08-24T13:11-05:00,0.75,-71.37387,3.96969,0.68,false,1,50,Meta,1,50568,Puerto Gaitán,VIIRS-NOAA-20|VIIRS-NOAA-21,4,5.08,5.5
E20260824-7FBC382326,3,2026-08-24T12:28-05:00,2026-08-24T13:13-05:00,0.75,-72.27637,11.23815,0.69,false,1,44,La Guajira,1,44430,Maicao,VIIRS-NOAA-20|VIIRS-NOAA-21,3,8.37,10.0
E20260824-93B0EA3C14,4,2026-08-24T13:13-05:00,2026-08-24T14:38-05:00,1.42,-69.78866,5.71358,1.78,false,1,99,Vichada,1,99524,La Primavera,MODIS-Aqua|VIIRS-NOAA-21,4,36.4,73.0
E20260824-96B3F53454,4,2026-08-24T12:26-05:00,2026-08-24T13:13-05:00,0.78,-68.73656,6.09748,1.1,false,1,99,Vichada,1,99001,Puerto Carreño,VIIRS-NOAA-20|VIIRS-NOAA-21,4,4.5,5.4
E20260824-A9CA284594,3,2026-08-24T13:11-05:00,2026-08-24T13:11-05:00,0.0,-72.9258,3.75237,0.57,false,1,50,Meta,1,50573,Puerto López,VIIRS-NOAA-21,3,9.57,12.0
E20260824-AE60DAFC2C,3,2026-08-24T13:13-05:00,2026-08-24T14:38-05:00,1.42,-72.2519,11.22296,1.02,false,1,44,La Guajira,1,44430,Maicao,MODIS-Aqua|VIIRS-NOAA-21,3,60.77,95.9
E20260824-B0EDCB8D2C,3,2026-08-24T13:11-05:00,2026-08-25T13:49-05:00,24.63,-72.66144,11.02938,0.37,false,1,44,La Guajira,1,44078,Barrancas,VIIRS-NOAA-20|VIIRS-NOAA-21,3,4.13,5.6
E20260824-B1FF6B25D1,7,2026-08-24T13:11-05:00,2026-08-25T01:48-05:00,12.62,-72.5679,7.89317,1.2,false,1,54,Norte De Santander,2,54001|54673,San Cayetano|San José De Cúcuta,VIIRS-NOAA-20|VIIRS-NOAA-21,6,1.78,2.5
E20260824-E2B8E1F968,7,2026-08-24T14:06-05:00,2026-08-26T01:31-05:00,35.42,-77.38167,1.47184,1.27,false,1,52,Nariño,1,52260,El Tambo,VIIRS-NOAA-20|VIIRS-NOAA-21,7,22.14,45.6
E20260824-EDAAF3922C,9,2026-08-24T12:26-05:00,2026-08-24T13:13-05:00,0.78,-68.81309,5.9305,1.36,false,1,99,Vichada,2,99001|99524,La Primavera|Puerto Carreño,VIIRS-NOAA-20|VIIRS-NOAA-21,9,9.51,27.2
E20260824-F5F693AEEF,4,2026-08-24T13:11-05:00,2026-08-24T14:06-05:00,0.92,-76.58682,2.57646,1.15,false,1,19,Cauca,1,19130,Cajibío,VIIRS-NOAA-20|VIIRS-NOAA-21,4,4.6,9.8
E20260825-011856B285,3,2026-08-25T01:03-05:00,2026-08-25T01:50-05:00,0.78,-73.95379,5.47876,0.4,false,1,15,Boyacá,1,15109,Buenavista,VIIRS-NOAA-20|VIIRS-NOAA-21,3,2.87,3.5
E20260825-03CC68A158,7,2026-08-25T12:54-05:00,2026-08-25T13:49-05:00,0.92,-74.13391,9.25816,1.32,false,1,47,Magdalena,1,47318,Guamal,VIIRS-NOAA-20|VIIRS-NOAA-21,7,6.23,7.9
E20260825-0D85086AB4,19,2026-08-25T01:03-05:00,2026-08-25T01:50-05:00,0.78,-74.63656,4.26647,2.81,false,1,25,Cundinamarca,1,25488,Nilo,VIIRS-NOAA-20|VIIRS-NOAA-21,19,38.28,149.1
E20260825-1BC0EC4317,5,2026-08-25T12:52-05:00,2026-08-25T15:17-05:00,2.42,-74.42577,6.99979,0.88,false,1,05,Antioquia,1,05604,Remedios,MODIS-Aqua|VIIRS-NOAA-20|VIIRS-NOAA-21,5,16.76,33.2
E20260825-2885765AF2,5,2026-08-25T01:01-05:00,2026-08-26T01:29-05:00,24.47,-73.50634,9.74066,1.31,false,1,20,Cesar,2,20013|20045,Agustín Codazzi|Becerril,VIIRS-NOAA-20|VIIRS-NOAA-21,5,2.42,3.2
E20260825-29AA2D17E6,3,2026-08-25T12:52-05:00,2026-08-25T12:52-05:00,0.0,-68.36404,6.04424,1.11,false,1,99,Vichada,1,99001,Puerto Carreño,VIIRS-NOAA-21,3,4.97,8.2
E20260825-2BAF2186A4,3,2026-08-25T01:03-05:00,2026-08-25T01:03-05:00,0.0,-74.88393,4.74587,0.53,false,1,73,Tolima,1,73861,Venadillo,VIIRS-NOAA-20,3,1.87,2.2
E20260825-316AD76718,5,2026-08-25T12:52-05:00,2026-08-25T13:47-05:00,0.92,-74.47164,6.82038,0.82,false,1,05,Antioquia,1,05604,Remedios,VIIRS-NOAA-20|VIIRS-NOAA-21,5,50.78,134.0
E20260825-377D3899C9,5,2026-08-25T13:47-05:00,2026-08-25T13:47-05:00,0.0,-74.84988,7.44263,0.7,false,1,05,Antioquia,1,05895,Zaragoza,VIIRS-NOAA-20,5,6.88,8.9
E20260825-48E9D67BAC,7,2026-08-25T01:01-05:00,2026-08-25T01:48-05:00,0.78,-73.1274,10.84308,1.29,false,1,44,La Guajira,1,44650,San Juan Del Cesar,VIIRS-NOAA-20|VIIRS-NOAA-21,6,3.7,4.4
E20260825-50343B1690,4,2026-08-25T12:52-05:00,2026-08-26T13:30-05:00,24.63,-74.47283,6.86221,0.49,false,1,05,Antioquia,1,05604,Remedios,VIIRS-NOAA-20|VIIRS-NOAA-21,4,11.78,17.1
E20260825-504ED8BFE1,3,2026-08-25T13:47-05:00,2026-08-25T15:17-05:00,1.5,-74.36938,7.02498,0.8,false,1,05,Antioquia,1,05604,Remedios,MODIS-Aqua|VIIRS-NOAA-20,3,14.53,23.6
E20260825-557C4437BF,6,2026-08-25T01:05-05:00,2026-08-25T01:05-05:00,0.0,-77.24483,2.04691,1.8,false,1,19,Cauca,1,19075,Balboa,VIIRS-NOAA-20,4,1.35,1.6
E20260825-56EBB617FE,4,2026-08-25T01:50-05:00,2026-08-25T01:50-05:00,0.0,-72.88102,5.77529,0.83,false,1,15,Boyacá,1,15491,Nobsa,VIIRS-NOAA-21,4,4.0,6.9
E20260825-585B035FD1,7,2026-08-25T12:52-05:00,2026-08-25T13:45-05:00,0.88,-76.96672,1.81861,1.24,false,1,19,Cauca,1,19100,Bolívar,VIIRS-NOAA-20|VIIRS-NOAA-21,7,18.04,39.8
E20260825-58903CC006,4,2026-08-25T12:52-05:00,2026-08-25T12:52-05:00,0.0,-73.94879,6.78712,0.71,false,1,68,Santander,2,68573|68745,Puerto Parra|Simacota,VIIRS-NOAA-21,4,6.2,10.6
E20260825-58D1BA1A2F,3,2026-08-25T12:52-05:00,2026-08-25T12:52-05:00,0.0,-75.45602,3.47,0.65,false,1,73,Tolima,1,73067,Ataco,VIIRS-NOAA-21,3,20.5,31.1
E20260825-5B316BF2DD,3,2026-08-25T01:03-05:00,2026-08-25T15:17-05:00,14.23,-71.75316,6.29382,1.33,false,1,81,Arauca,1,81794,Tame,MODIS-Aqua|VIIRS-NOAA-20,3,10.07,21.7
E20260825-617F6F3431,6,2026-08-25T12:52-05:00,2026-08-25T15:14-05:00,2.37,-75.24276,3.73865,1.37,false,1,73,Tolima,1,73217,Coyaima,MODIS-Aqua|VIIRS-NOAA-21,6,29.07,46.9
E20260825-6252F8C520,3,2026-08-25T13:49-05:00,2026-08-25T15:17-05:00,1.47,-72.90627,11.06362,0.38,false,1,44,La Guajira,1,44001,Riohacha,MODIS-Aqua|VIIRS-NOAA-20,3,5.23,5.7
E20260825-67BBBA2F72,25,2026-08-25T01:03-05:00,2026-08-28T12:52-05:00,83.82,-74.9298,4.93758,3.88,false,1,73,Tolima,1,73408,Lérida,VIIRS-NOAA-20|VIIRS-NOAA-21,23,8.16,33.7
E20260825-6E98BCA7CE,6,2026-08-25T12:54-05:00,2026-08-25T15:17-05:00,2.38,-73.58553,9.06322,1.24,false,1,20,Cesar,2,20175|20517,Chimichagua|Pailitas,MODIS-Aqua|VIIRS-NOAA-20|VIIRS-NOAA-21,6,17.9,31.7
E20260825-72015B53BE,3,2026-08-25T12:54-05:00,2026-08-25T12:54-05:00,0.0,-73.95988,8.96729,0.53,false,1,13,Bolívar,1,13268,El Peñón,VIIRS-NOAA-21,3,5.43,8.0
E20260825-74659F0560,3,2026-08-25T12:54-05:00,2026-08-25T13:49-05:00,0.92,-73.85919,9.19169,0.34,false,1,20,Cesar,1,20175,Chimichagua,VIIRS-NOAA-20|VIIRS-NOAA-21,3,6.47,7.5
E20260825-8E729D432F,3,2026-08-25T13:47-05:00,2026-08-25T13:47-05:00,0.0,-74.17185,6.95587,0.75,false,1,05,Antioquia,1,05893,Yondó,VIIRS-NOAA-20,3,56.67,136.0
E20260825-9139AE4827,4,2026-08-25T13:47-05:00,2026-08-25T13:47-05:00,0.0,-74.62432,7.05361,0.75,false,1,05,Antioquia,1,05604,Remedios,VIIRS-NOAA-20,4,8.7,9.1
E20260825-95F99C7876,3,2026-08-25T01:50-05:00,2026-08-25T01:50-05:00,0.0,-74.79747,4.02055,0.91,false,1,73,Tolima,1,73770,Suárez,VIIRS-NOAA-21,2,1.65,1.9
E20260825-960C4A79E2,5,2026-08-25T13:47-05:00,2026-08-25T15:14-05:00,1.45,-68.73802,4.54725,1.25,false,1,99,Vichada,1,99773,Cumaribo,MODIS-Aqua|VIIRS-NOAA-20,5,8.2,12.3
E20260825-970FFF6FD9,4,2026-08-25T13:49-05:00,2026-08-25T15:17-05:00,1.47,-73.8158,8.75859,1.46,false,1,13,Bolívar,1,13580,Regidor,MODIS-Aqua|VIIRS-NOAA-20,4,12.32,18.3
E20260825-9A259A6C72,10,2026-08-25T01:01-05:00,2026-08-28T01:46-05:00,72.75,-75.48844,10.31969,1.22,false,1,13,Bolívar,1,13001,Cartagena De Indias,VIIRS-NOAA-20|VIIRS-NOAA-21,10,2.44,4.5
E20260825-9DD468683B,4,2026-08-25T12:54-05:00,2026-08-26T13:30-05:00,24.6,-73.41603,9.58937,0.83,false,1,20,Cesar,1,20400,La Jagua De Ibirico,VIIRS-NOAA-20|VIIRS-NOAA-21,4,5.22,6.8
E20260825-BABC29898A,3,2026-08-25T12:52-05:00,2026-08-25T12:52-05:00,0.0,-74.86032,4.05393,0.84,false,1,73,Tolima,1,73319,Guamo,VIIRS-NOAA-21,3,12.63,17.7
E20260825-C5843DBE2D,4,2026-08-25T13:47-05:00,2026-08-25T15:17-05:00,1.5,-73.77756,7.81883,1.1,false,1,68,Santander,1,68575,Puerto Wilches,MODIS-Aqua|VIIRS-NOAA-20,4,5.03,6.5
E20260825-C6D8F297F3,5,2026-08-25T12:52-05:00,2026-08-25T13:47-05:00,0.92,-76.55619,2.55588,0.72,false,1,19,Cauca,1,19824,Totoró,VIIRS-NOAA-20|VIIRS-NOAA-21,5,20.94,23.4
E20260825-C794C9A0B1,5,2026-08-25T13:47-05:00,2026-08-25T15:17-05:00,1.5,-72.64026,8.27892,1.23,false,1,54,Norte De Santander,1,54720,Sardinata,MODIS-Aqua|VIIRS-NOAA-20,5,44.02,115.8
E20260825-CBEC2847AC,3,2026-08-25T12:54-05:00,2026-08-26T13:30-05:00,24.6,-74.42097,9.40229,0.66,false,1,47,Magdalena,1,47707,Santa Ana,VIIRS-NOAA-20|VIIRS-NOAA-21,3,6.7,11.5
E20260825-CFC26BDE18,7,2026-08-25T01:03-05:00,2026-08-25T13:47-05:00,12.73,-76.55452,2.28325,0.79,false,1,19,Cauca,1,19760,Sotará Paispamba,VIIRS-NOAA-20|VIIRS-NOAA-21,7,27.14,106.7
E20260825-D312608C46,3,2026-08-25T12:52-05:00,2026-08-25T13:47-05:00,0.92,-74.45561,7.0332,0.33,false,1,05,Antioquia,1,05604,Remedios,VIIRS-NOAA-20|VIIRS-NOAA-21,3,4.07,4.4
E20260825-D68B465E55,3,2026-08-25T01:03-05:00,2026-08-25T01:48-05:00,0.75,-72.6033,8.07671,0.38,false,1,54,Norte De Santander,1,54261,El Zulia,VIIRS-NOAA-20|VIIRS-NOAA-21,3,2.1,2.4
E20260825-D72F9CDD70,4,2026-08-25T12:54-05:00,2026-08-25T15:17-05:00,2.38,-72.95277,11.1547,1.19,false,1,44,La Guajira,1,44001,Riohacha,MODIS-Aqua|VIIRS-NOAA-20|VIIRS-NOAA-21,4,10.8,27.0
E20260825-DCE62BABF3,3,2026-08-25T12:07-05:00,2026-08-25T12:52-05:00,0.75,-68.60714,4.99027,0.53,false,1,99,Vichada,1,99773,Cumaribo,VIIRS-NOAA-20|VIIRS-NOAA-21,3,14.5,23.9
E20260825-DE17D7F529,3,2026-08-25T12:54-05:00,2026-08-25T13:49-05:00,0.92,-75.48165,10.24652,0.58,false,1,13,Bolívar,1,13838,Turbana,VIIRS-NOAA-20|VIIRS-NOAA-21,3,6.77,7.0
E20260825-DF3998C17B,7,2026-08-25T12:52-05:00,2026-08-25T12:52-05:00,0.0,-70.17295,5.87661,1.0,false,1,85,Casanare,1,85250,Paz De Ariporo,VIIRS-NOAA-21,7,22.31,27.0
E20260825-E370D91452,6,2026-08-25T12:52-05:00,2026-08-25T13:47-05:00,0.92,-74.44249,6.83422,1.62,false,1,05,Antioquia,1,05604,Remedios,VIIRS-NOAA-20|VIIRS-NOAA-21,6,10.78,16.5
E20260825-E7C03C6E31,3,2026-08-25T12:54-05:00,2026-08-25T13:49-05:00,0.92,-72.71627,11.26815,0.21,false,1,44,La Guajira,1,44001,Riohacha,VIIRS-NOAA-20|VIIRS-NOAA-21,3,2.03,2.7
E20260825-E9F41F4BD9,7,2026-08-25T12:54-05:00,2026-08-25T15:17-05:00,2.38,-73.35905,9.30749,1.4,false,1,20,Cesar,1,20228,Curumaní,MODIS-Aqua|VIIRS-NOAA-20|VIIRS-NOAA-21,7,19.86,65.1
E20260825-ED1CA358D5,4,2026-08-25T01:03-05:00,2026-08-25T01:50-05:00,0.78,-75.30015,4.12977,0.58,false,1,73,Tolima,1,73624,Rovira,VIIRS-NOAA-20|VIIRS-NOAA-21,4,5.05,7.1
E20260825-ED6304F531,5,2026-08-25T13:47-05:00,2026-08-26T13:28-05:00,23.68,-77.25763,2.00917,0.9,false,1,19,Cauca,1,19075,Balboa,VIIRS-NOAA-20,5,8.94,10.7
E20260825-EF182D6332,3,2026-08-25T01:03-05:00,2026-08-25T15:14-05:00,14.18,-75.26622,3.69662,0.56,false,1,73,Tolima,1,73217,Coyaima,MODIS-Aqua|VIIRS-NOAA-20|VIIRS-NOAA-21,3,10.0,21.9
E20260825-FB8AE5A92F,18,2026-08-25T01:03-05:00,2026-08-25T12:52-05:00,11.82,-75.05067,4.19016,3.13,false,1,73,Tolima,2,73319|73678,Guamo|San Luis,VIIRS-NOAA-20|VIIRS-NOAA-21,18,5.03,13.1
E20260826-16FFC3FA02,12,2026-08-26T13:30-05:00,2026-08-26T13:30-05:00,0.0,-73.63818,9.60086,2.79,false,1,20,Cesar,1,20250,El Paso,VIIRS-NOAA-20,12,5.02,7.5
E20260826-2E30982721,25,2026-08-26T13:28-05:00,2026-08-29T03:48-05:00,62.33,-75.11358,4.33675,2.3,false,1,73,Tolima,1,73001,Ibagué,MODIS-Aqua|VIIRS-NOAA-20|VIIRS-NOAA-21,23,6.77,18.8
E20260826-2F215E2E92,13,2026-08-26T13:28-05:00,2026-08-26T14:15-05:00,0.78,-74.88865,4.74994,2.5,false,1,73,Tolima,1,73861,Venadillo,VIIRS-NOAA-20|VIIRS-NOAA-21,13,36.6,158.6
E20260826-53171361B2,3,2026-08-26T13:28-05:00,2026-08-26T13:28-05:00,0.0,-72.699,3.612,0.62,false,1,50,Meta,1,50689,San Martín,VIIRS-NOAA-20,3,2.83,3.3
E20260826-53D393471B,14,2026-08-26T12:34-05:00,2026-08-26T13:28-05:00,0.9,-72.88764,3.41076,2.15,false,1,50,Meta,1,50689,San Martín,VIIRS-NOAA-20|VIIRS-NOAA-21,14,10.08,19.9
E20260826-77B8B37FB7,6,2026-08-26T13:30-05:00,2026-08-26T13:30-05:00,0.0,-73.53666,9.59829,1.51,false,1,20,Cesar,1,20178,Chiriguaná,VIIRS-NOAA-20,6,4.3,8.7
E20260826-86F5A81BF2,20,2026-08-26T03:33-05:00,2026-08-29T03:48-05:00,72.25,-75.06666,4.16432,3.45,false,1,73,Tolima,2,73319|73678,Guamo|San Luis,MODIS-Aqua|VIIRS-NOAA-20|VIIRS-NOAA-21,17,4.79,8.3
E20260826-9FF9BB88DF,5,2026-08-26T12:37-05:00,2026-08-27T13:11-05:00,24.57,-73.15021,11.09915,1.08,false,1,44,La Guajira,1,44001,Riohacha,VIIRS-NOAA-20|VIIRS-NOAA-21,5,13.36,20.6
E20260826-AD692732BF,4,2026-08-26T12:34-05:00,2026-08-26T13:28-05:00,0.9,-72.80136,3.74991,0.5,false,1,50,Meta,1,50573,Puerto López,VIIRS-NOAA-20|VIIRS-NOAA-21,4,4.12,4.9
E20260826-BCAFD9D0D6,3,2026-08-26T13:28-05:00,2026-08-26T13:28-05:00,0.0,-72.02112,4.21754,0.97,false,1,50,Meta,1,50568,Puerto Gaitán,VIIRS-NOAA-20,3,5.23,6.7
E20260826-D1E89FD735,18,2026-08-26T13:28-05:00,2026-08-27T02:07-05:00,12.65,-74.5918,4.26696,4.54,false,2,25|73,Cundinamarca|Tolima,2,25488|73449,Melgar|Nilo,MODIS-Aqua|VIIRS-NOAA-20|VIIRS-NOAA-21,18,12.12,39.8
E20260826-F5F624060D,4,2026-08-26T12:34-05:00,2026-08-26T12:34-05:00,0.0,-75.80061,7.20743,0.39,false,1,05,Antioquia,1,05361,Ituango,VIIRS-NOAA-21,4,22.88,29.7
E20260827-06D88719CC,3,2026-08-27T01:12-05:00,2026-08-27T01:12-05:00,0.0,-72.87556,5.77226,0.85,false,1,15,Boyacá,2,15215|15491,Corrales|Nobsa,VIIRS-NOAA-21,3,1.2,1.4
E20260827-11B9810DCA,4,2026-08-27T13:11-05:00,2026-08-27T13:11-05:00,0.0,-68.62212,4.93914,1.26,false,1,99,Vichada,1,99773,Cumaribo,VIIRS-NOAA-20,4,15.33,22.6
E20260827-125CC696DB,4,2026-08-27T13:11-05:00,2026-08-27T13:11-05:00,0.0,-69.61808,4.56579,1.64,false,1,99,Vichada,1,99773,Cumaribo,VIIRS-NOAA-20,4,4.2,5.5
E20260827-15F22A735A,3,2026-08-27T13:11-05:00,2026-08-27T13:11-05:00,0.0,-76.45068,2.69905,0.58,false,1,19,Cauca,1,19743,Silvia,VIIRS-NOAA-20,3,7.9,12.1
E20260827-165E24448A,7,2026-08-27T13:11-05:00,2026-08-28T08:27-05:00,19.27,-70.8087,4.27159,1.9,false,1,99,Vichada,1,99773,Cumaribo,MODIS-Terra|VIIRS-NOAA-20|VIIRS-NOAA-21,7,7.94,21.1
E20260827-16A2C1F9B5,4,2026-08-27T13:11-05:00,2026-08-29T01:27-05:00,36.27,-72.59635,8.08284,0.43,false,1,54,Norte De Santander,1,54261,El Zulia,VIIRS-NOAA-20|VIIRS-NOAA-21,3,3.2,4.6
E20260827-3C6349C8BD,5,2026-08-27T13:13-05:00,2026-08-27T13:13-05:00,0.0,-73.96602,8.96201,0.86,false,1,13,Bolívar,1,13268,El Peñón,VIIRS-NOAA-20,5,6.96,11.7
E20260827-56A24033CD,4,2026-08-27T01:12-05:00,2026-08-27T02:07-05:00,0.92,-76.78469,2.95958,0.72,false,1,19,Cauca,1,19780,Suárez,VIIRS-NOAA-20|VIIRS-NOAA-21,4,3.33,4.3
E20260827-58F1AA0C91,6,2026-08-27T13:11-05:00,2026-08-30T01:10-05:00,59.98,-72.48954,7.95324,0.6,false,1,54,Norte De Santander,1,54001,San José De Cúcuta,VIIRS-NOAA-20|VIIRS-NOAA-21,3,3.03,6.2
E20260827-5D5824F8B8,4,2026-08-27T00:25-05:00,2026-08-27T01:12-05:00,0.78,-70.19752,4.37207,0.69,false,1,99,Vichada,1,99773,Cumaribo,VIIRS-NOAA-20|VIIRS-NOAA-21,4,1.2,1.4
E20260827-6471C7B27F,3,2026-08-27T13:13-05:00,2026-08-28T12:52-05:00,23.65,-72.7353,10.8812,0.28,false,1,44,La Guajira,1,44078,Barrancas,VIIRS-NOAA-20,3,11.1,22.2
E20260827-8797C86691,4,2026-08-27T13:11-05:00,2026-08-27T13:11-05:00,0.0,-75.45581,10.57171,0.67,false,1,13,Bolívar,1,13001,Cartagena De Indias,VIIRS-NOAA-20,4,8.75,11.1
E20260827-99366FBFBA,4,2026-08-27T13:11-05:00,2026-08-27T13:11-05:00,0.0,-69.02428,4.78946,1.12,false,1,99,Vichada,1,99773,Cumaribo,VIIRS-NOAA-20,4,4.8,5.5
E20260827-9E84B2AA56,5,2026-08-27T13:11-05:00,2026-08-27T14:53-05:00,1.7,-68.52353,5.59152,1.17,false,1,99,Vichada,1,99001,Puerto Carreño,MODIS-Aqua|VIIRS-NOAA-20,5,7.28,10.3
E20260827-9F4FBA343F,4,2026-08-27T13:11-05:00,2026-08-27T14:53-05:00,1.7,-69.09698,5.49374,0.86,false,1,99,Vichada,1,99524,La Primavera,MODIS-Aqua|VIIRS-NOAA-20,4,4.97,7.5
E20260827-9F6ECD1435,3,2026-08-27T13:11-05:00,2026-08-27T13:11-05:00,0.0,-72.39773,3.85422,0.89,false,1,50,Meta,1,50573,Puerto López,VIIRS-NOAA-20,3,4.27,4.8
E20260827-A60A5F648B,4,2026-08-27T13:13-05:00,2026-08-27T13:13-05:00,0.0,-73.80056,8.89771,0.95,false,1,20,Cesar,1,20787,Tamalameque,VIIRS-NOAA-20,4,3.38,3.6
E20260827-A883AC4BC3,15,2026-08-26T21:09-05:00,2026-08-27T02:07-05:00,4.97,-77.06182,2.18215,2.32,false,1,19,Cauca,1,19532,Patía,MODIS-Terra|VIIRS-NOAA-20|VIIRS-NOAA-21,15,4.19,18.2
E20260827-AD22B97255,5,2026-08-27T13:13-05:00,2026-08-28T01:48-05:00,12.58,-73.60364,8.8286,1.2,false,1,20,Cesar,1,20550,Pelaya,VIIRS-NOAA-20|VIIRS-NOAA-21,3,4.6,5.2
E20260827-AE2C5A049A,8,2026-08-27T12:13-05:00,2026-08-27T13:11-05:00,0.97,-68.04485,4.97002,2.75,false,1,99,Vichada,1,99773,Cumaribo,VIIRS-NOAA-20|VIIRS-NOAA-21,8,7.74,10.7
E20260827-B135805191,5,2026-08-27T13:11-05:00,2026-08-27T14:53-05:00,1.7,-68.64183,4.93212,1.4,false,1,99,Vichada,1,99773,Cumaribo,MODIS-Aqua|VIIRS-NOAA-20,5,5.9,11.3
E20260827-C6B1E80102,4,2026-08-27T13:11-05:00,2026-08-27T13:11-05:00,0.0,-74.90092,4.65059,1.03,false,1,73,Tolima,1,73861,Venadillo,VIIRS-NOAA-20,4,11.32,13.6
E20260827-C86229FEF8,3,2026-08-27T01:12-05:00,2026-08-27T02:07-05:00,0.92,-76.49009,3.56297,0.39,false,1,76,Valle Del Cauca,1,76892,Yumbo,VIIRS-NOAA-20|VIIRS-NOAA-21,3,1.37,1.5
E20260827-D0D1643C62,3,2026-08-27T13:11-05:00,2026-08-27T13:11-05:00,0.0,-70.42171,4.58362,0.88,false,1,99,Vichada,1,99773,Cumaribo,VIIRS-NOAA-20,3,7.67,10.0
E20260827-D4390BF178,3,2026-08-27T13:11-05:00,2026-08-27T13:11-05:00,0.0,-72.70928,3.90779,0.88,false,1,50,Meta,1,50573,Puerto López,VIIRS-NOAA-20,3,3.77,4.0
E20260827-E66E841B96,4,2026-08-27T14:53-05:00,2026-08-28T08:27-05:00,17.57,-69.21965,5.84657,1.04,false,1,99,Vichada,1,99524,La Primavera,MODIS-Aqua|MODIS-Terra|VIIRS-NOAA-21,4,6.25,12.2
E20260827-EED954B8F6,5,2026-08-27T14:55-05:00,2026-08-28T01:46-05:00,10.85,-74.21747,10.13412,1.76,false,1,47,Magdalena,1,47660,Sabanas De San Ángel,MODIS-Aqua|VIIRS-NOAA-20|VIIRS-NOAA-21,5,26.4,78.8
E20260827-FB81DF8764,3,2026-08-27T13:11-05:00,2026-08-27T13:11-05:00,0.0,-68.0602,5.00771,1.27,false,1,99,Vichada,1,99773,Cumaribo,VIIRS-NOAA-20,3,6.73,8.4
E20260828-0FF9F95FAE,3,2026-08-28T12:52-05:00,2026-08-28T12:52-05:00,0.0,-75.06034,10.14422,0.58,false,1,13,Bolívar,1,13140,Calamar,VIIRS-NOAA-20,3,7.5,9.5
E20260828-133FB1B998,7,2026-08-28T12:52-05:00,2026-08-28T12:52-05:00,0.0,-74.69841,5.55134,1.33,false,1,17,Caldas,1,17380,La Dorada,VIIRS-NOAA-20,7,4.11,6.8
E20260828-26FE31F8F4,5,2026-08-28T12:52-05:00,2026-08-28T12:52-05:00,0.0,-70.76676,5.37407,1.47,false,1,85,Casanare,1,85430,Trinidad,VIIRS-NOAA-20,5,10.32,17.4
E20260828-3A2D43E98B,3,2026-08-28T00:53-05:00,2026-08-28T12:52-05:00,11.98,-73.52235,9.72134,0.53,false,1,20,Cesar,1,20045,Becerril,VIIRS-NOAA-20|VIIRS-NOAA-21,3,5.57,11.4
E20260828-3DA12C4A5C,4,2026-08-28T00:53-05:00,2026-08-28T01:48-05:00,0.92,-73.55806,5.4678,1.18,false,1,15,Boyacá,1,15646,Samacá,VIIRS-NOAA-20|VIIRS-NOAA-21,3,1.87,2.6
E20260828-43D36F46AC,3,2026-08-28T12:49-05:00,2026-08-28T15:32-05:00,2.72,-73.09485,3.51839,1.15,false,1,50,Meta,1,50689,San Martín,MODIS-Aqua|VIIRS-NOAA-20,3,6.1,7.6
E20260828-55019C2172,3,2026-08-28T00:53-05:00,2026-08-28T12:52-05:00,11.98,-72.96737,11.00744,0.66,false,1,44,La Guajira,1,44098,Distracción,VIIRS-NOAA-20|VIIRS-NOAA-21,3,4.47,5.7
E20260828-6A30AABA51,5,2026-08-28T12:52-05:00,2026-08-28T12:52-05:00,0.0,-73.17715,11.01738,0.7,false,1,44,La Guajira,1,44001,Riohacha,VIIRS-NOAA-20,5,4.56,9.7
E20260828-7D0ED39892,6,2026-08-28T00:53-05:00,2026-08-29T01:29-05:00,24.6,-74.78907,4.0579,1.44,false,1,73,Tolima,1,73148,Carmen De Apicalá,MODIS-Aqua|VIIRS-NOAA-20|VIIRS-NOAA-21,6,15.8,44.2
E20260828-8EAACE0BD3,7,2026-08-28T00:53-05:00,2026-08-29T01:27-05:00,24.57,-72.59356,7.89398,1.02,false,1,54,Norte De Santander,1,54673,San Cayetano,VIIRS-NOAA-20|VIIRS-NOAA-21,1,1.8,1.8
E20260828-99A77382FE,5,2026-08-28T00:53-05:00,2026-08-30T01:10-05:00,48.28,-72.4205,8.03337,0.37,false,1,54,Norte De Santander,1,54001,San José De Cúcuta,VIIRS-NOAA-20|VIIRS-NOAA-21,4,1.48,1.8
E20260828-AAF1DF7E75,6,2026-08-28T12:52-05:00,2026-08-28T12:52-05:00,0.0,-70.0998,5.92458,1.36,false,1,85,Casanare,1,85250,Paz De Ariporo,VIIRS-NOAA-20,6,18.82,39.5
E20260828-B8CC73928F,4,2026-08-28T12:52-05:00,2026-08-28T12:52-05:00,0.0,-69.57706,5.70935,1.61,false,1,99,Vichada,1,99524,La Primavera,VIIRS-NOAA-20,4,8.18,9.9
E20260828-C7EB87E023,12,2026-08-28T00:53-05:00,2026-08-29T01:27-05:00,24.57,-72.56892,7.89253,1.47,false,1,54,Norte De Santander,2,54001|54673,San Cayetano|San José De Cúcuta,VIIRS-NOAA-20|VIIRS-NOAA-21,9,1.12,1.5
E20260828-CED3CF7399,7,2026-08-28T12:52-05:00,2026-08-28T12:52-05:00,0.0,-70.42445,5.07443,1.47,false,1,99,Vichada,1,99524,La Primavera,VIIRS-NOAA-20,7,16.1,26.7
E20260828-DBFCFEB82E,27,2026-08-27T20:09-05:00,2026-08-29T02:14-05:00,30.08,-74.80078,3.97954,5.31,true,1,73,Tolima,2,73226|73770,Cunday|Suárez,MODIS-Aqua|MODIS-Terra|VIIRS-NOAA-20|VIIRS-NOAA-21,25,7.82,27.9
E20260828-EDF9631BB9,3,2026-08-28T12:52-05:00,2026-08-28T12:52-05:00,0.0,-73.33071,10.12621,0.51,false,1,20,Cesar,1,20750,San Diego,VIIRS-NOAA-20,3,37.67,59.4
E20260828-F20D624EF7,5,2026-08-28T00:53-05:00,2026-08-28T01:46-05:00,0.88,-73.50436,9.74246,1.5,false,1,20,Cesar,2,20013|20045,Agustín Codazzi|Becerril,VIIRS-NOAA-20|VIIRS-NOAA-21,5,2.26,2.8
E20260829-0D51816417,15,2026-08-29T00:33-05:00,2026-08-29T02:14-05:00,1.68,-74.8056,3.94973,2.49,false,1,73,Tolima,2,73226|73770,Cunday|Suárez,VIIRS-NOAA-20|VIIRS-NOAA-21,15,6.16,11.3
E20260829-257BBDFFFC,3,2026-08-29T12:34-05:00,2026-08-29T12:34-05:00,0.0,-73.0866,10.48866,0.48,false,1,44,La Guajira,1,44420,La Jagua Del Pilar,VIIRS-NOAA-20,3,4.2,6.6
E20260829-485E6AF9D0,5,2026-08-29T12:32-05:00,2026-08-29T13:17-05:00,0.75,-67.92709,5.70354,1.21,false,1,99,Vichada,1,99001,Puerto Carreño,VIIRS-NOAA-20|VIIRS-NOAA-21,5,8.64,9.5
E20260829-5AA49B2C5E,3,2026-08-29T13:19-05:00,2026-08-29T13:19-05:00,0.0,-73.78736,9.88136,0.58,false,1,20,Cesar,1,20060,Bosconia,VIIRS-NOAA-21,3,5.8,7.4
E20260829-7716C2F6F1,3,2026-08-29T12:32-05:00,2026-08-29T12:32-05:00,0.0,-69.54801,5.57699,0.68,false,1,99,Vichada,1,99524,La Primavera,VIIRS-NOAA-20,3,11.47,12.4
E20260829-86CD79580B,42,2026-08-29T01:27-05:00,2026-08-29T12:32-05:00,11.08,-69.22971,5.88778,6.5,true,1,99,Vichada,1,99524,La Primavera,MODIS-Aqua|VIIRS-NOAA-20,42,47.47,181.1
E20260829-D56C32B7A4,8,2026-08-29T12:32-05:00,2026-08-29T12:32-05:00,0.0,-69.09025,5.73545,2.47,false,1,99,Vichada,1,99524,La Primavera,VIIRS-NOAA-20,8,16.3,22.5
E20260829-EAE97EFE52,4,2026-08-29T00:33-05:00,2026-08-29T01:27-05:00,0.9,-67.79435,6.12981,0.6,false,1,99,Vichada,1,99001,Puerto Carreño,VIIRS-NOAA-20|VIIRS-NOAA-21,4,2.75,6.3
E20260829-F09D549F52,3,2026-08-29T13:17-05:00,2026-08-29T14:10-05:00,0.88,-76.29195,3.55971,0.44,false,1,76,Valle Del Cauca,1,76520,Palmira,VIIRS-NOAA-20|VIIRS-NOAA-21,3,11.3,15.6
E20260829-FC7C3CD755,4,2026-08-29T12:32-05:00,2026-08-29T12:32-05:00,0.0,-70.31464,5.66734,0.79,false,1,85,Casanare,1,85250,Paz De Ariporo,VIIRS-NOAA-20,4,7.7,7.7
E20260830-01EB5D97D7,4,2026-08-30T12:58-05:00,2026-08-30T12:58-05:00,0.0,-68.60763,4.79222,0.61,false,1,99,Vichada,1,99773,Cumaribo,VIIRS-NOAA-21,4,7.0,10.9
E20260830-07C929ECB6,3,2026-08-30T13:56-05:00,2026-08-30T13:56-05:00,0.0,-74.41473,8.69432,0.33,false,1,13,Bolívar,1,13006,Achí,VIIRS-NOAA-20,3,4.17,4.5
E20260830-0E2DA912AA,4,2026-08-30T13:00-05:00,2026-08-30T13:56-05:00,0.93,-73.26534,10.74534,0.75,false,1,44,La Guajira,1,44650,San Juan Del Cesar,VIIRS-NOAA-20|VIIRS-NOAA-21,4,10.2,12.3
E20260830-1E5EF53BD4,4,2026-08-30T13:00-05:00,2026-08-30T13:56-05:00,0.93,-73.12823,11.10396,0.66,false,1,44,La Guajira,1,44001,Riohacha,VIIRS-NOAA-20|VIIRS-NOAA-21,4,5.17,7.3
E20260830-29D755C606,3,2026-08-30T12:58-05:00,2026-08-30T13:53-05:00,0.92,-74.54937,5.9086,0.5,false,1,15,Boyacá,1,15572,Puerto Boyacá,VIIRS-NOAA-20|VIIRS-NOAA-21,3,8.23,10.3
E20260830-4168C7440B,3,2026-08-30T13:00-05:00,2026-08-30T13:56-05:00,0.93,-73.82173,8.02749,0.62,false,1,68,Santander,1,68575,Puerto Wilches,VIIRS-NOAA-20|VIIRS-NOAA-21,3,29.53,80.4
E20260830-4F8564F3AC,8,2026-08-30T12:58-05:00,2026-08-30T15:08-05:00,2.17,-74.54735,5.67635,1.27,false,1,25,Cundinamarca,1,25572,Puerto Salgar,MODIS-Aqua|VIIRS-NOAA-20|VIIRS-NOAA-21,8,25.64,94.4
E20260830-5FB6C9ED6F,3,2026-08-30T00:14-05:00,2026-08-30T01:10-05:00,0.93,-69.11598,5.47336,0.78,false,1,99,Vichada,1,99524,La Primavera,VIIRS-NOAA-20|VIIRS-NOAA-21,3,4.43,5.6
E20260830-93241F13E7,16,2026-08-30T13:56-05:00,2026-08-31T13:36-05:00,23.67,-72.59586,8.12872,3.14,false,1,54,Norte De Santander,1,54261,El Zulia,MODIS-Terra|VIIRS-NOAA-20,16,7.58,24.6
E20260830-AF2CAF4B0A,3,2026-08-30T13:56-05:00,2026-08-30T15:12-05:00,1.27,-72.95148,11.11495,0.6,false,1,44,La Guajira,1,44001,Riohacha,MODIS-Aqua|VIIRS-NOAA-20,3,9.23,16.8
E20260830-C0563AF3EE,3,2026-08-30T13:56-05:00,2026-08-30T13:56-05:00,0.0,-73.36372,9.31851,0.71,false,1,20,Cesar,1,20228,Curumaní,VIIRS-NOAA-20,3,9.33,12.4
E20260830-E4A617C713,4,2026-08-30T01:54-05:00,2026-08-31T01:33-05:00,23.65,-72.72494,10.97679,0.79,false,1,44,La Guajira,1,44078,Barrancas,VIIRS-NOAA-20|VIIRS-NOAA-21,4,3.62,7.3
E20260831-07DDC640A7,3,2026-08-31T12:41-05:00,2026-08-31T13:36-05:00,0.92,-69.79731,6.22129,0.87,false,1,81,Arauca,1,81220,Cravo Norte,VIIRS-NOAA-20|VIIRS-NOAA-21,3,12.13,20.4
E20260831-0FDA9E4785,6,2026-08-31T15:46-05:00,2026-09-01T14:00-05:00,22.23,-77.25362,1.35355,1.04,false,1,52,Nariño,1,52240,Chachagüí,MODIS-Aqua|VIIRS-NOAA-20|VIIRS-NOAA-21,6,23.07,42.8
E20260831-1DE2DC49FC,9,2026-08-31T12:41-05:00,2026-08-31T13:36-05:00,0.92,-71.30894,5.01584,1.08,false,1,85,Casanare,1,85230,Orocué,VIIRS-NOAA-20|VIIRS-NOAA-21,9,8.26,13.2
E20260831-2495DD9A96,6,2026-08-31T14:19-05:00,2026-08-31T15:46-05:00,1.45,-76.95885,1.74781,1.35,false,1,19,Cauca,1,19100,Bolívar,MODIS-Aqua|VIIRS-NOAA-21,6,40.13,78.7
E20260831-2C3440A9B9,4,2026-08-31T01:33-05:00,2026-08-31T01:33-05:00,0.0,-72.66125,11.03024,0.7,false,1,44,La Guajira,1,44078,Barrancas,VIIRS-NOAA-21,4,1.25,1.6
E20260831-381C5C77F0,3,2026-08-31T13:34-05:00,2026-08-31T13:34-05:00,0.0,-75.28116,1.52371,0.58,false,1,18,Caquetá,1,18256,El Paujíl,VIIRS-NOAA-20,3,4.03,4.5
E20260831-592B0B0431,6,2026-08-31T12:41-05:00,2026-08-31T13:36-05:00,0.92,-69.25713,5.83982,1.11,false,1,99,Vichada,1,99524,La Primavera,VIIRS-NOAA-20|VIIRS-NOAA-21,6,13.63,16.7
E20260831-603BD1B78A,10,2026-08-31T12:41-05:00,2026-08-31T13:36-05:00,0.92,-69.77695,6.08243,1.48,false,1,81,Arauca,1,81220,Cravo Norte,VIIRS-NOAA-20|VIIRS-NOAA-21,10,11.36,15.8
E20260831-63A03F3EE8,6,2026-08-31T12:41-05:00,2026-08-31T12:41-05:00,0.0,-69.00813,4.63501,2.33,false,1,99,Vichada,1,99773,Cumaribo,VIIRS-NOAA-21,6,9.58,11.4
E20260831-67453BFD74,3,2026-08-31T01:35-05:00,2026-09-01T01:16-05:00,23.68,-72.48942,7.95145,0.31,false,1,54,Norte De Santander,1,54001,San José De Cúcuta,VIIRS-NOAA-21,2,1.3,1.4
E20260831-7466408E85,6,2026-08-31T12:41-05:00,2026-08-31T13:36-05:00,0.92,-69.83696,5.82799,1.4,false,1,99,Vichada,1,99524,La Primavera,VIIRS-NOAA-20|VIIRS-NOAA-21,6,7.45,11.8
E20260831-77CC25B868,3,2026-08-31T13:36-05:00,2026-08-31T13:36-05:00,0.0,-69.39562,5.15482,1.33,false,1,99,Vichada,1,99773,Cumaribo,VIIRS-NOAA-20,3,7.07,7.7
E20260831-7C0CB0AB1D,3,2026-08-31T13:36-05:00,2026-08-31T13:36-05:00,0.0,-74.69817,5.18165,0.62,false,1,25,Cundinamarca,1,25320,Guaduas,VIIRS-NOAA-20,3,3.8,5.0
E20260831-80492A2FEA,3,2026-08-31T12:39-05:00,2026-08-31T13:34-05:00,0.92,-76.01672,0.89759,0.54,false,1,86,Putumayo,1,86571,Puerto Guzmán,VIIRS-NOAA-20|VIIRS-NOAA-21,3,12.17,18.6
E20260831-89BA4835F2,3,2026-08-31T12:41-05:00,2026-08-31T13:36-05:00,0.92,-69.86749,5.72868,0.9,false,1,99,Vichada,1,99524,La Primavera,VIIRS-NOAA-20|VIIRS-NOAA-21,3,4.63,6.5
E20260831-8ABF0065C2,5,2026-08-31T12:41-05:00,2026-08-31T12:41-05:00,0.0,-69.1633,4.92829,0.91,false,1,99,Vichada,1,99773,Cumaribo,VIIRS-NOAA-21,5,3.66,4.9
E20260831-97577AE7EA,3,2026-08-31T12:41-05:00,2026-08-31T13:36-05:00,0.92,-74.53522,6.01448,0.44,false,1,15,Boyacá,1,15572,Puerto Boyacá,VIIRS-NOAA-20|VIIRS-NOAA-21,3,7.47,9.8
E20260831-A0105C3813,3,2026-08-31T13:36-05:00,2026-08-31T13:36-05:00,0.0,-74.91127,5.71502,0.61,false,1,17,Caldas,1,17662,Samaná,VIIRS-NOAA-20,3,4.63,6.9
E20260831-A92628798D,3,2026-08-31T13:36-05:00,2026-09-01T13:15-05:00,23.65,-69.07473,6.17904,0.96,false,1,99,Vichada,1,99524,La Primavera,VIIRS-NOAA-20,3,3.1,3.3
E20260831-B325A22F02,3,2026-08-31T13:36-05:00,2026-08-31T13:36-05:00,0.0,-68.67734,5.04728,0.67,false,1,99,Vichada,1,99773,Cumaribo,VIIRS-NOAA-20,3,11.97,15.3
E20260831-C3B691C35A,3,2026-08-31T13:34-05:00,2026-08-31T13:34-05:00,0.0,-75.52698,3.50493,0.75,false,1,73,Tolima,1,73168,Chaparral,VIIRS-NOAA-20,3,14.93,20.4
E20260831-D5225B0FD7,5,2026-08-31T13:34-05:00,2026-08-31T13:34-05:00,0.0,-75.40753,3.54041,0.81,false,1,73,Tolima,1,73067,Ataco,VIIRS-NOAA-20,5,10.32,13.2
E20260831-E8C457CC1F,3,2026-08-31T13:36-05:00,2026-08-31T13:36-05:00,0.0,-69.99927,5.49626,1.05,false,1,99,Vichada,1,99524,La Primavera,VIIRS-NOAA-20,3,7.1,7.6
E20260831-EFA1BE915B,3,2026-08-31T14:19-05:00,2026-08-31T15:46-05:00,1.45,-77.10009,2.13009,0.78,false,1,19,Cauca,1,19532,Patía,MODIS-Aqua|VIIRS-NOAA-21,3,25.2,53.6
E20260831-F147CD75AA,10,2026-08-31T13:36-05:00,2026-08-31T13:36-05:00,0.0,-74.72405,5.38681,1.88,false,1,17,Caldas,1,17380,La Dorada,VIIRS-NOAA-20,10,4.37,7.4
E20260901-132DABFF43,6,2026-09-01T12:20-05:00,2026-09-01T13:15-05:00,0.92,-70.57329,5.13227,0.91,false,1,99,Vichada,1,99624,Santa Rosalía,VIIRS-NOAA-20|VIIRS-NOAA-21,6,5.1,6.5
E20260901-18CB0777B8,4,2026-09-01T13:15-05:00,2026-09-01T14:02-05:00,0.78,-73.48769,3.06021,1.16,false,1,50,Meta,1,50711,Vistahermosa,VIIRS-NOAA-20|VIIRS-NOAA-21,4,9.85,14.3
E20260901-1F8FCCFF0B,3,2026-09-01T13:15-05:00,2026-09-01T14:00-05:00,0.75,-76.28692,0.6707,0.8,false,1,86,Putumayo,1,86569,Puerto Caicedo,VIIRS-NOAA-20|VIIRS-NOAA-21,3,5.67,6.7
E20260901-30ECB60A58,3,2026-09-01T13:15-05:00,2026-09-01T13:15-05:00,0.0,-69.51437,5.71602,0.65,false,1,99,Vichada,1,99524,La Primavera,VIIRS-NOAA-20,3,12.57,27.9
E20260901-40CC5325DD,4,2026-09-01T12:20-05:00,2026-09-01T14:00-05:00,1.67,-72.10721,2.75496,0.94,false,1,95,Guaviare,1,95001,San José Del Guaviare,VIIRS-NOAA-21,4,9.95,12.0
E20260901-502F610878,5,2026-09-01T13:15-05:00,2026-09-01T13:15-05:00,0.0,-72.38054,2.83135,1.11,false,1,50,Meta,1,50325,Mapiripán,VIIRS-NOAA-20,5,7.2,8.2
E20260901-5AEA71432A,5,2026-09-01T13:15-05:00,2026-09-01T14:02-05:00,0.78,-71.81749,3.48689,0.84,false,1,50,Meta,1,50568,Puerto Gaitán,VIIRS-NOAA-20|VIIRS-NOAA-21,5,7.1,8.5
E20260901-7EBEBA39D4,7,2026-09-01T14:02-05:00,2026-09-01T14:02-05:00,0.0,-75.81633,4.39599,1.02,false,1,76,Valle Del Cauca,1,76122,Caicedonia,VIIRS-NOAA-21,7,22.51,34.7
E20260901-9EF60C7C13,5,2026-09-01T12:22-05:00,2026-09-01T14:02-05:00,1.67,-73.87935,8.26468,0.81,false,1,13,Bolívar,1,13473,Morales,VIIRS-NOAA-20|VIIRS-NOAA-21,5,18.2,27.2
E20260901-9F0151580A,5,2026-09-01T13:15-05:00,2026-09-01T13:15-05:00,0.0,-71.96952,3.66625,1.62,false,1,50,Meta,1,50568,Puerto Gaitán,VIIRS-NOAA-20,5,5.3,6.9
E20260901-A008D6639A,4,2026-09-01T13:15-05:00,2026-09-01T14:02-05:00,0.78,-71.85623,3.816,1.19,false,1,50,Meta,1,50568,Puerto Gaitán,VIIRS-NOAA-20|VIIRS-NOAA-21,4,11.03,15.2
E20260901-A195B8B13B,5,2026-09-01T13:15-05:00,2026-09-01T14:00-05:00,0.75,-76.0379,0.85983,1.03,false,1,86,Putumayo,1,86571,Puerto Guzmán,VIIRS-NOAA-20|VIIRS-NOAA-21,5,13.96,19.6
E20260901-A884DF7288,5,2026-09-01T13:15-05:00,2026-09-01T13:15-05:00,0.0,-71.65515,3.33996,1.06,false,1,50,Meta,1,50325,Mapiripán,VIIRS-NOAA-20,5,9.3,13.2
E20260901-BC81400311,3,2026-09-01T01:16-05:00,2026-09-01T13:17-05:00,12.02,-72.59264,7.89378,0.6,false,1,54,Norte De Santander,1,54673,San Cayetano,VIIRS-NOAA-20|VIIRS-NOAA-21,1,3.2,3.2
E20260901-BD6DD3439C,5,2026-09-01T13:15-05:00,2026-09-01T14:02-05:00,0.78,-75.8353,4.40262,0.73,false,2,63|76,Quindío|Valle Del Cauca,2,63401|76122,Caicedonia|La Tebaida,VIIRS-NOAA-20|VIIRS-NOAA-21,5,8.68,12.4
E20260901-C262CC218C,3,2026-09-01T13:15-05:00,2026-09-01T13:15-05:00,0.0,-68.62733,4.55316,0.69,false,1,99,Vichada,1,99773,Cumaribo,VIIRS-NOAA-20,3,6.47,7.4
E20260901-C632BD2A25,3,2026-09-01T13:15-05:00,2026-09-01T13:15-05:00,0.0,-71.8248,3.87187,0.57,false,1,50,Meta,1,50568,Puerto Gaitán,VIIRS-NOAA-20,3,7.3,9.1
E20260901-D13FC8E432,3,2026-09-01T13:15-05:00,2026-09-01T14:02-05:00,0.78,-76.77981,2.67285,0.37,false,1,19,Cauca,1,19130,Cajibío,VIIRS-NOAA-20|VIIRS-NOAA-21,3,14.37,18.8
E20260901-DB80139B5A,3,2026-09-01T12:22-05:00,2026-09-01T13:15-05:00,0.88,-70.66122,5.23062,0.78,false,1,99,Vichada,1,99624,Santa Rosalía,VIIRS-NOAA-20|VIIRS-NOAA-21,3,10.63,13.4
E20260901-EB832F8FCD,4,2026-09-01T14:00-05:00,2026-09-01T14:00-05:00,0.0,-75.07105,1.17891,0.72,false,1,18,Caquetá,1,18410,La Montañita,VIIRS-NOAA-21,4,16.35,17.2
E20260901-FBF4163C0F,4,2026-09-01T13:15-05:00,2026-09-01T13:15-05:00,0.0,-70.00974,4.59776,0.93,false,1,99,Vichada,1,99773,Cumaribo,VIIRS-NOAA-20,4,6.25,9.6
E20260901-FD8DECA6F2,3,2026-09-01T13:15-05:00,2026-09-01T13:15-05:00,0.0,-71.876,3.5101,0.74,false,1,50,Meta,1,50568,Puerto Gaitán,VIIRS-NOAA-20,3,14.97,21.5
E20260902-090F6B3254,3,2026-09-02T13:41-05:00,2026-09-02T13:41-05:00,0.0,-76.42205,3.13975,0.63,false,1,19,Cauca,1,19142,Caloto,VIIRS-NOAA-21,3,10.9,12.8
E20260902-0D5E13C186,7,2026-09-02T12:58-05:00,2026-09-02T13:41-05:00,0.72,-71.52596,3.64413,1.04,false,1,50,Meta,1,50568,Puerto Gaitán,VIIRS-NOAA-20|VIIRS-NOAA-21,7,7.34,10.1
E20260902-18DDDFEBCC,6,2026-09-02T01:52-05:00,2026-09-03T13:26-05:00,35.57,-72.72708,10.97554,0.91,false,1,44,La Guajira,1,44078,Barrancas,VIIRS-NOAA-20|VIIRS-NOAA-21,6,3.53,10.3
E20260902-203F85684E,5,2026-09-02T13:00-05:00,2026-09-02T15:27-05:00,2.45,-74.75178,10.8303,0.97,false,1,08,Atlántico,1,08634,Sabanagrande,MODIS-Aqua|VIIRS-NOAA-20|VIIRS-NOAA-21,5,8.76,12.4
E20260902-262A2315BC,4,2026-09-02T12:58-05:00,2026-09-02T13:41-05:00,0.72,-71.60645,3.49701,0.87,false,1,50,Meta,1,50568,Puerto Gaitán,VIIRS-NOAA-20|VIIRS-NOAA-21,4,6.6,11.2
E20260902-38B455E093,3,2026-09-02T12:58-05:00,2026-09-02T13:43-05:00,0.75,-72.75419,8.74384,0.35,false,1,54,Norte De Santander,1,54810,Tibú,VIIRS-NOAA-20|VIIRS-NOAA-21,3,4.17,6.3
E20260902-4BD385E686,3,2026-09-02T13:00-05:00,2026-09-02T15:27-05:00,2.45,-74.86078,10.79713,0.28,false,1,08,Atlántico,1,08558,Polonuevo,MODIS-Aqua|VIIRS-NOAA-20,3,8.13,19.8
E20260902-572AC14ADC,3,2026-09-02T13:41-05:00,2026-09-02T13:41-05:00,0.0,-74.82458,4.24071,0.41,false,1,73,Tolima,1,73275,Flandes,VIIRS-NOAA-21,3,9.1,9.8
E20260902-7113B4C67B,3,2026-09-02T12:58-05:00,2026-09-02T13:41-05:00,0.72,-76.49211,2.46145,0.59,false,1,19,Cauca,1,19001,Popayán,VIIRS-NOAA-20|VIIRS-NOAA-21,3,10.7,12.1
E20260902-7F53F569B3,4,2026-09-02T12:58-05:00,2026-09-02T13:43-05:00,0.75,-73.93081,8.59124,0.58,false,1,13,Bolívar,1,13600,Río Viejo,VIIRS-NOAA-20|VIIRS-NOAA-21,4,6.17,8.3
E20260902-96E662D103,3,2026-09-02T13:41-05:00,2026-09-02T13:41-05:00,0.0,-71.41379,3.52579,1.18,false,1,50,Meta,1,50568,Puerto Gaitán,VIIRS-NOAA-21,3,4.57,7.1
E20260902-9D10FB1B9E,3,2026-09-02T13:00-05:00,2026-09-02T15:27-05:00,2.45,-74.23524,10.93049,0.66,false,1,47,Magdalena,1,47189,Ciénaga,MODIS-Aqua|VIIRS-NOAA-20|VIIRS-NOAA-21,3,5.63,8.9
E20260902-BCFF7E595C,5,2026-09-02T12:58-05:00,2026-09-02T12:58-05:00,0.0,-72.15482,2.95215,1.52,false,1,50,Meta,1,50325,Mapiripán,VIIRS-NOAA-20,5,7.9,11.1
E20260902-BE77582326,8,2026-09-02T01:57-05:00,2026-09-02T08:27-05:00,6.5,-71.87823,3.43639,1.97,false,1,50,Meta,1,50568,Puerto Gaitán,MODIS-Terra|VIIRS-NOAA-20,8,6.05,28.8
E20260902-D2EEBF5FBC,3,2026-09-02T13:00-05:00,2026-09-02T13:43-05:00,0.72,-75.05121,9.82939,0.28,false,1,13,Bolívar,1,13654,San Jacinto,VIIRS-NOAA-20|VIIRS-NOAA-21,3,12.47,26.3
E20260902-D97E293064,4,2026-09-02T12:56-05:00,2026-09-02T12:56-05:00,0.0,-72.96194,2.1114,0.71,false,1,95,Guaviare,1,95015,Calamar,VIIRS-NOAA-20,4,8.1,13.9
E20260902-E40198B6D5,3,2026-09-02T13:43-05:00,2026-09-02T15:27-05:00,1.73,-72.96709,8.18467,0.82,false,1,54,Norte De Santander,1,54003,Ábrego,MODIS-Aqua|VIIRS-NOAA-21,3,8.67,8.9
E20260902-E8CD804FA6,3,2026-09-02T13:41-05:00,2026-09-02T15:23-05:00,1.7,-73.24242,2.76343,0.71,false,1,50,Meta,1,50590,Puerto Rico,MODIS-Aqua|VIIRS-NOAA-21,3,6.57,8.7
E20260902-F04F1A35D8,3,2026-09-02T13:43-05:00,2026-09-02T15:27-05:00,1.73,-74.61802,9.69705,0.7,false,1,47,Magdalena,1,47555,Plato,MODIS-Aqua|VIIRS-NOAA-21,3,5.67,7.2
E20260902-F69ADF365C,3,2026-09-02T13:43-05:00,2026-09-02T13:43-05:00,0.0,-73.94607,6.96233,0.57,false,1,05,Antioquia,1,05893,Yondó,VIIRS-NOAA-21,3,9.67,11.9
E20260902-FC1C479585,6,2026-09-02T12:58-05:00,2026-09-02T13:41-05:00,0.72,-72.35338,4.05952,0.81,false,1,50,Meta,1,50573,Puerto López,VIIRS-NOAA-20|VIIRS-NOAA-21,6,4.0,5.4
E20260903-09C6C0E5B8,7,2026-09-03T02:20-05:00,2026-09-05T01:42-05:00,47.37,-73.47423,9.76125,0.76,false,1,20,Cesar,2,20013|20045,Agustín Codazzi|Becerril,VIIRS-NOAA-20|VIIRS-NOAA-21,7,4.03,4.5
E20260903-0E3A687020,3,2026-09-03T00:40-05:00,2026-09-03T01:35-05:00,0.92,-72.45463,5.44333,0.47,false,1,85,Casanare,1,85001,Yopal,VIIRS-NOAA-20|VIIRS-NOAA-21,0,,
E20260903-11DE945C9D,11,2026-09-03T16:01-05:00,2026-09-05T01:44-05:00,33.72,-77.22365,2.34349,1.41,false,1,19,Cauca,1,19050,Argelia,MODIS-Aqua|VIIRS-NOAA-20|VIIRS-NOAA-21,11,12.78,47.3
E20260903-45CD468E72,3,2026-09-03T13:26-05:00,2026-09-04T01:16-05:00,11.83,-73.42983,9.25112,0.86,false,1,20,Cesar,1,20228,Curumaní,VIIRS-NOAA-20|VIIRS-NOAA-21,3,3.37,7.7
E20260903-5A85A15964,3,2026-09-03T12:39-05:00,2026-09-03T13:24-05:00,0.75,-72.55323,8.20404,0.16,false,1,54,Norte De Santander,1,54261,El Zulia,VIIRS-NOAA-20|VIIRS-NOAA-21,3,4.77,8.9
E20260903-5F9FC38766,3,2026-09-03T13:26-05:00,2026-09-03T13:26-05:00,0.0,-73.96738,8.9732,1.15,false,1,13,Bolívar,1,13268,El Peñón,VIIRS-NOAA-21,3,8.83,9.1
E20260903-6355738A2B,3,2026-09-03T00:40-05:00,2026-09-03T00:40-05:00,0.0,-72.87879,5.77468,0.87,false,1,15,Boyacá,1,15491,Nobsa,VIIRS-NOAA-21,3,2.47,3.0
E20260903-82223AF525,7,2026-09-03T12:37-05:00,2026-09-03T13:24-05:00,0.78,-70.46607,4.93644,1.3,false,1,99,Vichada,1,99624,Santa Rosalía,VIIRS-NOAA-20|VIIRS-NOAA-21,7,8.16,10.8
E20260903-8C750BC365,7,2026-09-03T12:39-05:00,2026-09-04T14:00-05:00,25.35,-74.54649,5.67768,1.35,false,1,25,Cundinamarca,1,25572,Puerto Salgar,VIIRS-NOAA-20|VIIRS-NOAA-21,7,8.76,13.5
E20260903-8E26557BC4,3,2026-09-03T01:35-05:00,2026-09-04T01:18-05:00,23.72,-77.14234,2.36482,0.39,false,1,19,Cauca,2,19050|19256,Argelia|El Tambo,VIIRS-NOAA-20,2,6.7,6.7
E20260903-923809EDB1,4,2026-09-03T12:37-05:00,2026-09-03T13:24-05:00,0.78,-71.49685,3.66556,1.22,false,1,50,Meta,1,50568,Puerto Gaitán,VIIRS-NOAA-20|VIIRS-NOAA-21,4,5.95,8.1
E20260903-9C552B4C88,5,2026-09-03T13:24-05:00,2026-09-03T13:24-05:00,0.0,-70.51702,5.02731,1.42,false,1,99,Vichada,1,99624,Santa Rosalía,VIIRS-NOAA-21,5,6.84,11.9
E20260903-A25D35969B,4,2026-09-03T12:37-05:00,2026-09-03T13:24-05:00,0.78,-71.67417,4.17543,0.53,false,1,50,Meta,1,50568,Puerto Gaitán,VIIRS-NOAA-20|VIIRS-NOAA-21,4,4.58,6.2
E20260903-C0C7A98658,8,2026-09-03T12:37-05:00,2026-09-04T01:16-05:00,12.65,-69.30783,5.46354,1.88,false,1,99,Vichada,1,99524,La Primavera,VIIRS-NOAA-20|VIIRS-NOAA-21,8,8.6,23.1
E20260903-C6BDEEDF62,3,2026-09-03T12:39-05:00,2026-09-03T13:26-05:00,0.78,-74.3963,8.79135,0.47,false,1,13,Bolívar,1,13549,Pinillos,VIIRS-NOAA-20|VIIRS-NOAA-21,3,5.57,6.7
E20260903-DA702ED619,6,2026-09-03T12:39-05:00,2026-09-03T13:24-05:00,0.75,-72.43353,8.2149,0.67,false,1,54,Norte De Santander,1,54001,San José De Cúcuta,VIIRS-NOAA-20|VIIRS-NOAA-21,6,11.42,13.4
E20260903-F6C72044ED,3,2026-09-03T13:24-05:00,2026-09-03T13:24-05:00,0.0,-72.58699,8.04909,0.42,false,1,54,Norte De Santander,1,54001,San José De Cúcuta,VIIRS-NOAA-21,3,4.77,5.5
E20260904-0AF5E458BB,4,2026-09-04T12:22-05:00,2026-09-04T13:06-05:00,0.73,-72.46249,8.19648,0.77,false,1,54,Norte De Santander,1,54001,San José De Cúcuta,VIIRS-NOAA-20|VIIRS-NOAA-21,4,12.53,18.5
E20260904-146FD34489,5,2026-09-04T14:02-05:00,2026-09-04T15:04-05:00,1.03,-73.99361,10.37615,0.91,false,1,47,Magdalena,1,47288,Fundación,MODIS-Aqua|VIIRS-NOAA-20,5,13.0,17.2
E20260904-22B1BA00E8,3,2026-09-04T13:04-05:00,2026-09-04T13:04-05:00,0.0,-76.65084,3.77691,0.65,false,1,76,Valle Del Cauca,1,76233,Dagua,VIIRS-NOAA-21,3,28.53,36.3
E20260904-25ADF14D2B,10,2026-09-04T14:00-05:00,2026-09-04T14:00-05:00,0.0,-76.80559,2.03365,1.41,false,1,19,Cauca,1,19397,La Vega,VIIRS-NOAA-20,10,20.73,48.1
E20260904-2A3EE389DB,5,2026-09-04T01:16-05:00,2026-09-04T13:06-05:00,11.83,-74.67813,10.89446,0.54,false,1,47,Magdalena,1,47745,Sitionuevo,VIIRS-NOAA-20|VIIRS-NOAA-21,5,3.36,5.5
E20260904-4220DC6800,4,2026-09-04T13:04-05:00,2026-09-04T14:00-05:00,0.93,-76.47401,3.24435,0.88,false,2,19|76,Cauca|Valle Del Cauca,2,19845|76364,Jamundí|Villa Rica,VIIRS-NOAA-20|VIIRS-NOAA-21,4,11.25,14.7
E20260904-4925B00733,3,2026-09-04T13:04-05:00,2026-09-04T13:04-05:00,0.0,-68.69048,5.02057,0.61,false,1,99,Vichada,1,99773,Cumaribo,VIIRS-NOAA-21,3,8.17,15.7
E20260904-58863DFC05,6,2026-09-04T12:22-05:00,2026-09-04T14:02-05:00,1.67,-72.24363,11.33266,0.95,false,1,44,La Guajira,1,44430,Maicao,VIIRS-NOAA-20,6,7.9,11.0
E20260904-7497741EA8,3,2026-09-04T13:04-05:00,2026-09-04T13:04-05:00,0.0,-69.40902,5.34648,1.1,false,1,99,Vichada,1,99524,La Primavera,VIIRS-NOAA-21,3,5.43,10.1
E20260904-8EAF8502FB,3,2026-09-04T01:16-05:00,2026-09-04T02:01-05:00,0.75,-72.87859,5.77361,0.76,false,1,15,Boyacá,1,15491,Nobsa,VIIRS-NOAA-20|VIIRS-NOAA-21,3,1.57,1.9
E20260904-92A8D65B37,5,2026-09-04T13:06-05:00,2026-09-04T13:06-05:00,0.0,-74.66452,10.88621,0.7,false,1,47,Magdalena,1,47745,Sitionuevo,VIIRS-NOAA-21,5,7.34,8.6
E20260904-A466B242B2,8,2026-09-04T01:18-05:00,2026-09-04T13:04-05:00,11.77,-76.78559,2.2836,1.23,false,1,19,Cauca,1,19622,Rosas,VIIRS-NOAA-20|VIIRS-NOAA-21,6,3.98,7.8
E20260904-AE88BD766D,3,2026-09-04T13:06-05:00,2026-09-05T01:42-05:00,12.6,-75.48848,10.32012,0.66,false,1,13,Bolívar,1,13001,Cartagena De Indias,VIIRS-NOAA-20|VIIRS-NOAA-21,3,2.23,4.2
E20260904-B060C6A89C,3,2026-09-04T14:02-05:00,2026-09-04T14:02-05:00,0.0,-72.73904,11.13239,0.75,false,1,44,La Guajira,1,44378,Hatonuevo,VIIRS-NOAA-20,3,12.73,14.4
E20260904-C5896B3C0C,3,2026-09-04T14:00-05:00,2026-09-04T14:00-05:00,0.0,-74.13655,1.25772,0.5,false,1,18,Caquetá,1,18753,San Vicente Del Caguán,VIIRS-NOAA-20,3,7.33,8.5
E20260904-D0FD8D6879,4,2026-09-04T14:02-05:00,2026-09-04T14:02-05:00,0.0,-73.53107,8.82095,0.79,false,1,20,Cesar,1,20550,Pelaya,VIIRS-NOAA-20,4,12.65,18.4
E20260904-DB95F5C582,5,2026-09-04T13:04-05:00,2026-09-04T13:04-05:00,0.0,-76.76375,2.31951,1.53,false,1,19,Cauca,1,19256,El Tambo,VIIRS-NOAA-21,5,24.44,33.6
E20260904-E4DFF8EA1C,9,2026-09-04T14:00-05:00,2026-09-05T01:44-05:00,11.73,-77.62709,1.4386,1.33,false,1,52,Nariño,1,52678,Samaniego,VIIRS-NOAA-20|VIIRS-NOAA-21,7,4.77,12.3
E20260904-EF15649FE7,3,2026-09-04T13:04-05:00,2026-09-04T13:04-05:00,0.0,-76.86135,2.29917,1.02,false,1,19,Cauca,1,19256,El Tambo,VIIRS-NOAA-21,3,12.33,15.3
E20260904-F5852BAC04,4,2026-09-04T14:00-05:00,2026-09-04T14:00-05:00,0.0,-76.00578,1.07145,0.7,false,1,18,Caquetá,1,18205,Curillo,VIIRS-NOAA-20,4,12.62,14.8
E20260905-7A0B65D6B2,4,2026-09-05T00:55-05:00,2026-09-05T01:42-05:00,0.78,-73.52255,9.72235,0.45,false,1,20,Cesar,1,20045,Becerril,VIIRS-NOAA-20|VIIRS-NOAA-21,4,2.4,4.0
E20260905-895AC404A8,6,2026-09-04T20:26-05:00,2026-09-05T01:44-05:00,5.3,-76.70219,3.01396,1.49,false,1,19,Cauca,1,19780,Suárez,MODIS-Terra|VIIRS-NOAA-20|VIIRS-NOAA-21,4,8.97,25.7
E20260905-9C07A9AADD,4,2026-09-05T00:55-05:00,2026-09-05T01:42-05:00,0.78,-72.72685,10.97373,1.43,false,1,44,La Guajira,1,44078,Barrancas,VIIRS-NOAA-20|VIIRS-NOAA-21,4,5.15,5.9
