run_id,previous_episode_id,current_episode_id,change_type,overlap_hotspots,previous_size,current_size
20260903T042746Z,,E20260701-68760DE251,created,0,0,7
20260903T042746Z,,E20260701-6E20A21386,created,0,0,5
20260903T042746Z,,E20260701-C062940E0C,created,0,0,3
20260903T042746Z,,E20260701-42091F6D5D,created,0,0,5
20260903T042746Z,,E20260701-624A099D7A,created,0,0,3
20260903T042746Z,,E20260701-13259827D3,created,0,0,3
20260903T042746Z,,E20260701-AECB8E0AFB,created,0,0,6
20260903T042746Z,,E20260701-B36D19298A,created,0,0,8
20260903T042746Z,,E20260701-1F533DBB1E,created,0,0,7
20260903T042746Z,,E20260701-D4EFD338A6,created,0,0,4
20260903T042746Z,,E20260701-56AC552B8E,created,0,0,3
20260903T042746Z,,E20260701-7370E5FD85,created,0,0,3
20260903T042746Z,,E20260701-4815BE5C27,created,0,0,3
20260903T042746Z,,E20260701-CD5A31B272,created,0,0,3
20260903T042746Z,,E20260701-681B2D7705,created,0,0,3
20260903T042746Z,,E20260701-6EFF3B228A,created,0,0,3
20260903T042746Z,,E20260701-F670808AA9,created,0,0,3
20260903T042746Z,,E20260701-C80E8B0DF3,created,0,0,3
20260903T042746Z,,E20260701-962C22CC71,created,0,0,3
20260903T042746Z,,E20260702-6E5709E9C9,created,0,0,7
20260903T042746Z,,E20260702-1EB2AB2A63,created,0,0,3
20260903T042746Z,,E20260702-468A56C8B7,created,0,0,3
20260903T042746Z,,E20260702-40741D5851,created,0,0,3
20260903T042746Z,,E20260702-349DAAB6DC,created,0,0,4
20260903T042746Z,,E20260702-CE6089FA14,created,0,0,3
20260903T042746Z,,E20260702-A60BAEE536,created,0,0,3
20260903T042746Z,,E20260703-AE6B4BF4F9,created,0,0,4
20260903T042746Z,,E20260703-6ECAB04F8F,created,0,0,3
20260903T042746Z,,E20260703-98C9520472,created,0,0,3
20260903T042746Z,,E20260703-5BBE1A7674,created,0,0,4
20260903T042746Z,,E20260703-1FF3602D3E,created,0,0,5
20260903T042746Z,,E20260703-EE6DAAE892,created,0,0,4
20260903T042746Z,,E20260705-F1EC559A9C,created,0,0,4
20260903T042746Z,,E20260705-68C4D99C66,created,0,0,3
20260903T042746Z,,E20260705-00DD5C8B4C,created,0,0,3
20260903T042746Z,,E20260705-4317C33794,created,0,0,3
20260903T042746Z,,E20260705-C68E538818,created,0,0,4
20260903T042746Z,,E20260705-6072F98339,created,0,0,3
20260903T042746Z,,E20260705-D9EE06A97C,created,0,0,3
20260903T042746Z,,E20260705-78BDAEDA94,created,0,0,3
20260903T042746Z,,E20260705-CCAF7C1E37,created,0,0,13
20260903T042746Z,,E20260705-DCBB4F3B3C,created,0,0,9
20260903T042746Z,,E20260706-A28051643D,created,0,0,8
20260903T042746Z,,E20260706-B7AE886C06,created,0,0,3
20260903T042746Z,,E20260706-DD6BEE85E7,created,0,0,3
20260903T042746Z,,E20260706-2CFA3F627E,created,0,0,10
20260903T042746Z,,E20260706-F71EE2D3F6,created,0,0,5
20260903T042746Z,,E20260706-C09DF6B91A,created,0,0,12
20260903T042746Z,,E20260706-F7B39BFEC9,created,0,0,4
20260903T042746Z,,E20260706-843F86D4E2,created,0,0,3
20260903T042746Z,,E20260706-57BFCB84C5,created,0,0,4
20260903T042746Z,,E20260706-07DCA6CB34,created,0,0,7
20260903T042746Z,,E20260706-BD9EA33C7B,created,0,0,4
20260903T042746Z,,E20260706-C9427EC071,created,0,0,5
20260903T042746Z,,E20260706-98206DFDFF,created,0,0,8
20260903T042746Z,,E20260706-5C8776057C,created,0,0,3
20260903T042746Z,,E20260706-45DAC45868,created,0,0,5
20260903T042746Z,,E20260706-206A96E470,created,0,0,3
20260903T042746Z,,E20260706-85481E6468,created,0,0,9
20260903T042746Z,,E20260706-D8E739DFB3,created,0,0,3
20260903T042746Z,,E20260706-B5ED239850,created,0,0,3
20260903T042746Z,,E20260706-5B0A15CB8C,created,0,0,9
20260903T042746Z,,E20260706-3012F6BBD7,created,0,0,3
20260903T042746Z,,E20260706-96D4FEA24B,created,0,0,5
20260903T042746Z,,E20260706-9C1892A589,created,0,0,3
20260903T042746Z,,E20260706-983ED618D4,created,0,0,3
20260903T042746Z,,E20260706-F6E1EEDF7D,created,0,0,3
20260903T042746Z,,E20260706-74874074E9,created,0,0,3
20260903T042746Z,,E20260706-158995005A,created,0,0,5
20260903T042746Z,,E20260706-63962850D2,created,0,0,3
20260903T042746Z,,E20260706-C781CFFC4B,created,0,0,5
20260903T042746Z,,E20260706-5078D1E9A8,created,0,0,3
20260903T042746Z,,E20260706-B3903D2282,created,0,0,3
20260903T042746Z,,E20260706-C5BC15029C,created,0,0,3
20260903T042746Z,,E20260706-F817A376AF,created,0,0,3
20260903T042746Z,,E20260706-D7B485FA99,created,0,0,3
20260903T042746Z,,E20260707-18EC36B37E,created,0,0,4
20260903T042746Z,,E20260707-296FA41163,created,0,0,3
20260903T042746Z,,E20260707-14F7FA079E,created,0,0,4
20260903T042746Z,,E20260707-1201868E48,created,0,0,6
20260903T042746Z,,E20260707-6FBFB6ADC1,created,0,0,3
20260903T042746Z,,E20260707-69A41BE6AD,created,0,0,4
20260903T042746Z,,E20260707-5A4C7BBD3A,created,0,0,3
20260903T042746Z,,E20260707-BA225B0177,created,0,0,3
20260903T042746Z,,E20260707-0889B9D494,created,0,0,3
20260903T042746Z,,E20260707-9EED4A008E,created,0,0,5
20260903T042746Z,,E20260707-E492226F0D,created,0,0,11
20260903T042746Z,,E20260707-77F522D2A9,created,0,0,3
20260903T042746Z,,E20260707-8A1B3A442D,created,0,0,8
20260903T042746Z,,E20260707-C6E275B06D,created,0,0,3
20260903T042746Z,,E20260707-F7554A802E,created,0,0,5
20260903T042746Z,,E20260707-BD75A2C299,created,0,0,3
20260903T042746Z,,E20260707-B7FB3D2194,created,0,0,3
20260903T042746Z,,E20260707-98997E0B0B,created,0,0,3
20260903T042746Z,,E20260707-CE27CA342C,created,0,0,6
20260903T042746Z,,E20260707-AC02083115,created,0,0,5
20260903T042746Z,,E20260707-D9B8906DB9,created,0,0,9
20260903T042746Z,,E20260707-922F790B1E,created,0,0,6
20260903T042746Z,,E20260707-A754988DAE,created,0,0,3
20260903T042746Z,,E20260707-FFC046738B,created,0,0,5
20260903T042746Z,,E20260707-5AB422B151,created,0,0,5
20260903T042746Z,,E20260707-D692A3D37F,created,0,0,3
20260903T042746Z,,E20260707-E3B4AB5C4E,created,0,0,5
20260903T042746Z,,E20260707-136775E66F,created,0,0,3
20260903T042746Z,,E20260707-FE803DBD32,created,0,0,3
20260903T042746Z,,E20260708-548A15EAB0,created,0,0,3
20260903T042746Z,,E20260708-63B91B4837,created,0,0,3
20260903T042746Z,,E20260708-731C622051,created,0,0,4
20260903T042746Z,,E20260708-A7DBF098EC,created,0,0,3
20260903T042746Z,,E20260708-206E0D6794,created,0,0,4
20260903T042746Z,,E20260708-A44535E1C4,created,0,0,5
20260903T042746Z,,E20260708-633DB0C0CD,created,0,0,7
20260903T042746Z,,E20260708-6F85C13098,created,0,0,3
20260903T042746Z,,E20260708-4C2001BCDC,created,0,0,3
20260903T042746Z,,E20260708-54FA24E907,created,0,0,4
20260903T042746Z,,E20260708-C70FFC740C,created,0,0,3
20260903T042746Z,,E20260708-19F6E0A425,created,0,0,3
20260903T042746Z,,E20260708-973199A248,created,0,0,4
20260903T042746Z,,E20260708-A0E7427282,created,0,0,3
20260903T042746Z,,E20260708-2F5DD761C1,created,0,0,5
20260903T042746Z,,E20260710-0669D0F2F1,created,0,0,3
20260903T042746Z,,E20260710-34DD75DDFE,created,0,0,3
20260903T042746Z,,E20260710-4EFB7BE161,created,0,0,8
20260903T042746Z,,E20260710-BE7502B4B0,created,0,0,8
20260903T042746Z,,E20260710-83EA70A579,created,0,0,4
20260903T042746Z,,E20260710-C19FC973BC,created,0,0,13
20260903T042746Z,,E20260710-10A19FDCCD,created,0,0,6
20260903T042746Z,,E20260710-56C382938B,created,0,0,3
20260903T042746Z,,E20260710-302F600B8B,created,0,0,3
20260903T042746Z,,E20260710-D86A1BCB4F,created,0,0,5
20260903T042746Z,,E20260710-24793118D1,created,0,0,4
20260903T042746Z,,E20260710-EE2F06E34A,created,0,0,7
20260903T042746Z,,E20260710-D98713EA54,created,0,0,3
20260903T042746Z,,E20260710-95D5E62F0B,created,0,0,3
20260903T042746Z,,E20260710-1396B56177,created,0,0,5
20260903T042746Z,,E20260710-7CD329955E,created,0,0,4
20260903T042746Z,,E20260710-D22EC31FC3,created,0,0,4
20260903T042746Z,,E20260710-5B2846950E,created,0,0,3
20260903T042746Z,,E20260710-5EB3C4132B,created,0,0,4
20260903T042746Z,,E20260711-F427B108D4,created,0,0,13
20260903T042746Z,,E20260711-3A21FD4269,created,0,0,5
20260903T042746Z,,E20260711-4475D1C984,created,0,0,4
20260903T042746Z,,E20260711-B38B8E9143,created,0,0,3
20260903T042746Z,,E20260711-04B68A02A3,created,0,0,3
20260903T042746Z,,E20260711-AF92720E9E,created,0,0,3
20260903T042746Z,,E20260711-9553A37640,created,0,0,11
20260903T042746Z,,E20260711-35090430C5,created,0,0,3
20260903T042746Z,,E20260711-3980E8FA64,created,0,0,5
20260903T042746Z,,E20260711-A3E9D2DF61,created,0,0,3
20260903T042746Z,,E20260711-89BD6BEFC5,created,0,0,3
20260903T042746Z,,E20260711-F327ED7C7D,created,0,0,4
20260903T042746Z,,E20260711-4525EF1ADF,created,0,0,3
20260903T042746Z,,E20260712-9C632EBDFA,created,0,0,4
20260903T042746Z,,E20260713-01C12D83A2,created,0,0,3
20260903T042746Z,,E20260713-BC3CB04AEA,created,0,0,3
20260903T042746Z,,E20260713-8982BEB058,created,0,0,4
20260903T042746Z,,E20260713-1CBFE83572,created,0,0,3
20260903T042746Z,,E20260713-B23C5CF3D4,created,0,0,4
20260903T042746Z,,E20260713-E49B6600E9,created,0,0,4
20260903T042746Z,,E20260713-393B1E1101,created,0,0,5
20260903T042746Z,,E20260713-D40B05EB2C,created,0,0,4
20260903T042746Z,,E20260713-78BABCF823,created,0,0,7
20260903T042746Z,,E20260713-C0099CF71B,created,0,0,4
20260903T042746Z,,E20260713-167A2F6F65,created,0,0,3
20260903T042746Z,,E20260713-CE0AF7AF93,created,0,0,3
20260903T042746Z,,E20260713-EECE482C13,created,0,0,4
20260903T042746Z,,E20260713-BC4E0D9B1A,created,0,0,3
20260903T042746Z,,E20260713-3E5928DD25,created,0,0,5
20260903T042746Z,,E20260713-EF9457253E,created,0,0,7
20260903T042746Z,,E20260713-21C972AEB2,created,0,0,8
20260903T042746Z,,E20260713-0054834BAD,created,0,0,3
20260903T042746Z,,E20260713-5674E12739,created,0,0,4
20260903T042746Z,,E20260713-F819CE708C,created,0,0,4
20260903T042746Z,,E20260713-5F00AB856A,created,0,0,3
20260903T042746Z,,E20260713-84AB603FF1,created,0,0,7
20260903T042746Z,,E20260713-0E66E81CA3,created,0,0,3
20260903T042746Z,,E20260713-A1C7D20CCF,created,0,0,3
20260903T042746Z,,E20260713-700E636959,created,0,0,20
20260903T042746Z,,E20260713-3AC320FB02,created,0,0,3
20260903T042746Z,,E20260713-13052C471F,created,0,0,4
20260903T042746Z,,E20260713-93B13E3A51,created,0,0,3
20260903T042746Z,,E20260713-5DD63C0401,created,0,0,3
20260903T042746Z,,E20260713-6E25AD7F57,created,0,0,14
20260903T042746Z,,E20260714-6012A231BF,created,0,0,4
20260903T042746Z,,E20260714-7F0486E00A,created,0,0,3
20260903T042746Z,,E20260714-B64C3FC059,created,0,0,3
20260903T042746Z,,E20260714-5E83CF5844,created,0,0,13
20260903T042746Z,,E20260714-1F30D41FBD,created,0,0,10
20260903T042746Z,,E20260714-5AC2CFE0AE,created,0,0,5
20260903T042746Z,,E20260714-6CC6B85491,created,0,0,5
20260903T042746Z,,E20260714-F75E55FF1C,created,0,0,7
20260903T042746Z,,E20260714-590F60B006,created,0,0,9
20260903T042746Z,,E20260714-382C65A248,created,0,0,7
20260903T042746Z,,E20260714-8BF6AEB3EE,created,0,0,4
20260903T042746Z,,E20260714-78B96CCCF2,created,0,0,3
20260903T042746Z,,E20260714-49D11E39E0,created,0,0,4
20260903T042746Z,,E20260714-E3E78B9858,created,0,0,7
20260903T042746Z,,E20260714-475FFE559F,created,0,0,3
20260903T042746Z,,E20260714-DBFA106127,created,0,0,7
20260903T042746Z,,E20260714-3EFAC15D02,created,0,0,4
20260903T042746Z,,E20260714-500875C8AF,created,0,0,3
20260903T042746Z,,E20260714-011488BDF9,created,0,0,66
20260903T042746Z,,E20260714-1208C3D524,created,0,0,4
20260903T042746Z,,E20260714-26BA4BD631,created,0,0,3
20260903T042746Z,,E20260714-7264A31399,created,0,0,7
20260903T042746Z,,E20260714-6CFBE15799,created,0,0,5
20260903T042746Z,,E20260714-DD09CC0DB5,created,0,0,3
20260903T042746Z,,E20260714-9D25567830,created,0,0,6
20260903T042746Z,,E20260714-65703FB77B,created,0,0,3
20260903T042746Z,,E20260714-9C7EF41B6C,created,0,0,3
20260903T042746Z,,E20260714-DE4DAA9F40,created,0,0,3
20260903T042746Z,,E20260714-1F0DB442F5,created,0,0,3
20260903T042746Z,,E20260714-C711345D66,created,0,0,3
20260903T042746Z,,E20260714-CA3EFA960A,created,0,0,3
20260903T042746Z,,E20260714-BB1E41BA13,created,0,0,4
20260903T042746Z,,E20260714-1833A8730B,created,0,0,3
20260903T042746Z,,E20260714-931E41105E,created,0,0,5
20260903T042746Z,,E20260714-0CD7CB61C2,created,0,0,4
20260903T042746Z,,E20260714-8F2C8F174A,created,0,0,3
20260903T042746Z,,E20260714-9372A08341,created,0,0,4
20260903T042746Z,,E20260714-8D7269A670,created,0,0,3
20260903T042746Z,,E20260714-1762FDADD6,created,0,0,4
20260903T042746Z,,E20260714-122C558FD4,created,0,0,3
20260903T042746Z,,E20260714-6B4A1CA013,created,0,0,5
20260903T042746Z,,E20260714-D85953F9F8,created,0,0,3
20260903T042746Z,,E20260714-82DD2D4059,created,0,0,5
20260903T042746Z,,E20260714-6948435BA3,created,0,0,11
20260903T042746Z,,E20260714-FB64F33F52,created,0,0,5
20260903T042746Z,,E20260714-C3C90F71F2,created,0,0,3
20260903T042746Z,,E20260714-59CAB204A1,created,0,0,9
20260903T042746Z,,E20260715-F759CBEEB0,created,0,0,15
20260903T042746Z,,E20260715-29C85D9A1D,created,0,0,3
20260903T042746Z,,E20260715-AA65135543,created,0,0,9
20260903T042746Z,,E20260715-B671F14983,created,0,0,3
20260903T042746Z,,E20260715-8DFC565727,created,0,0,6
20260903T042746Z,,E20260715-DD8C9C4038,created,0,0,3
20260903T042746Z,,E20260715-E9A089E334,created,0,0,4
20260903T042746Z,,E20260715-0026040A76,created,0,0,4
20260903T042746Z,,E20260715-729711ECE8,created,0,0,5
20260903T042746Z,,E20260715-8EE54C415C,created,0,0,5
20260903T042746Z,,E20260715-3B6CC88C02,created,0,0,3
20260903T042746Z,,E20260715-F7F24DD062,created,0,0,4
20260903T042746Z,,E20260715-516A959C91,created,0,0,3
20260903T042746Z,,E20260715-2D30F90CAA,created,0,0,6
20260903T042746Z,,E20260715-990456C940,created,0,0,4
20260903T042746Z,,E20260715-99C11802CF,created,0,0,4
20260903T042746Z,,E20260715-7BA093C1DF,created,0,0,12
20260903T042746Z,,E20260715-84B10E3B7E,created,0,0,7
20260903T042746Z,,E20260715-B835009450,created,0,0,20
20260903T042746Z,,E20260715-9854E8D0D1,created,0,0,9
20260903T042746Z,,E20260715-5705E28844,created,0,0,5
20260903T042746Z,,E20260715-6EC7BBFD5D,created,0,0,5
20260903T042746Z,,E20260715-BB1BD0B0FF,created,0,0,15
20260903T042746Z,,E20260715-DEF9F79CD0,created,0,0,5
20260903T042746Z,,E20260715-80ADE35917,created,0,0,4
20260903T042746Z,,E20260715-4E035906DF,created,0,0,7
20260903T042746Z,,E20260715-E8F29C3FC5,created,0,0,3
20260903T042746Z,,E20260715-D67F11DDE6,created,0,0,5
20260903T042746Z,,E20260715-019CFC0960,created,0,0,10
20260903T042746Z,,E20260715-334F48E0CA,created,0,0,4
20260903T042746Z,,E20260715-84028EEA5B,created,0,0,8
20260903T042746Z,,E20260715-F8048FC4FF,created,0,0,4
20260903T042746Z,,E20260715-D98BAF669F,created,0,0,12
20260903T042746Z,,E20260715-A39979401C,created,0,0,3
20260903T042746Z,,E20260715-1ADE9C49F0,created,0,0,5
20260903T042746Z,,E20260715-42D209CBE8,created,0,0,3
20260903T042746Z,,E20260715-A9C81E76B8,created,0,0,7
20260903T042746Z,,E20260715-0186986C27,created,0,0,4
20260903T042746Z,,E20260715-D2F21446D3,created,0,0,7
20260903T042746Z,,E20260715-6D623551D1,created,0,0,4
20260903T042746Z,,E20260715-9B2AC82F68,created,0,0,3
20260903T042746Z,,E20260715-6725D240AD,created,0,0,6
20260903T042746Z,,E20260715-C5DBEE66BD,created,0,0,4
20260903T042746Z,,E20260715-E3F31FED92,created,0,0,4
20260903T042746Z,,E20260715-8259E7916D,created,0,0,4
20260903T042746Z,,E20260715-8054864A74,created,0,0,3
20260903T042746Z,,E20260715-F11F4A80AB,created,0,0,4
20260903T042746Z,,E20260715-303150497E,created,0,0,4
20260903T042746Z,,E20260715-C9D28CC5B5,created,0,0,3
20260903T042746Z,,E20260715-05D540E127,created,0,0,3
20260903T042746Z,,E20260715-A472B91935,created,0,0,42
20260903T042746Z,,E20260715-003A68957B,created,0,0,4
20260903T042746Z,,E20260715-CEF4093182,created,0,0,3
20260903T042746Z,,E20260715-670BAB7808,created,0,0,6
20260903T042746Z,,E20260715-ED7F95FDE0,created,0,0,4
20260903T042746Z,,E20260715-6A8D542B5C,created,0,0,3
20260903T042746Z,,E20260715-413AD22030,created,0,0,5
20260903T042746Z,,E20260715-5FCB5BE932,created,0,0,8
20260903T042746Z,,E20260715-841FEBF461,created,0,0,20
20260903T042746Z,,E20260715-ABB6D0E18E,created,0,0,3
20260903T042746Z,,E20260715-C4E0286A42,created,0,0,5
20260903T042746Z,,E20260716-59C3D71BB2,created,0,0,10
20260903T042746Z,,E20260716-4D99762684,created,0,0,6
20260903T042746Z,,E20260716-38377E8D74,created,0,0,27
20260903T042746Z,,E20260716-A16938F0C0,created,0,0,4
20260903T042746Z,,E20260716-98C49CDC1C,created,0,0,3
20260903T042746Z,,E20260716-6DCE28145C,created,0,0,3
20260903T042746Z,,E20260716-386C90DBC6,created,0,0,3
20260903T042746Z,,E20260716-05218882CE,created,0,0,3
20260903T042746Z,,E20260716-111504C0CE,created,0,0,5
20260903T042746Z,,E20260716-AE4BE3D1A7,created,0,0,7
20260903T042746Z,,E20260716-C44BE499DA,created,0,0,3
20260903T042746Z,,E20260716-471CD85383,created,0,0,6
20260903T042746Z,,E20260716-A2C0E8B173,created,0,0,24
20260903T042746Z,,E20260716-634DA41361,created,0,0,4
20260903T042746Z,,E20260716-B2F4AB06E2,created,0,0,3
20260903T042746Z,,E20260716-4FE9467898,created,0,0,7
20260903T042746Z,,E20260716-61C797DC80,created,0,0,3
20260903T042746Z,,E20260716-2F6491D05F,created,0,0,3
20260903T042746Z,,E20260716-76DFADB5F9,created,0,0,6
20260903T042746Z,,E20260716-171EA62857,created,0,0,9
20260903T042746Z,,E20260716-89A7130151,created,0,0,3
20260903T042746Z,,E20260716-B5CAA5D380,created,0,0,3
20260903T042746Z,,E20260716-13061C24FA,created,0,0,4
20260903T042746Z,,E20260716-29A5DFF0A2,created,0,0,4
20260903T042746Z,,E20260716-3767E38A94,created,0,0,4
20260903T042746Z,,E20260716-B0DBABB28E,created,0,0,7
20260903T042746Z,,E20260716-7E34CA701E,created,0,0,3
20260903T042746Z,,E20260716-B81FD968D1,created,0,0,3
20260903T042746Z,,E20260716-4FBE9BB2B9,created,0,0,3
20260903T042746Z,,E20260716-3A388E7B16,created,0,0,7
20260903T042746Z,,E20260716-59FD5BC9A7,created,0,0,3
20260903T042746Z,,E20260716-3B861F5894,created,0,0,3
20260903T042746Z,,E20260716-905D03EAE5,created,0,0,5
20260903T042746Z,,E20260716-2C60E552F5,created,0,0,5
20260903T042746Z,,E20260716-AEDB2416C6,created,0,0,8
20260903T042746Z,,E20260716-74BA259259,created,0,0,21
20260903T042746Z,,E20260716-BBCEFD5DB5,created,0,0,5
20260903T042746Z,,E20260716-3BAF8A264D,created,0,0,3
20260903T042746Z,,E20260716-26C479ADA0,created,0,0,5
20260903T042746Z,,E20260716-149C4C21C8,created,0,0,3
20260903T042746Z,,E20260716-2E1914DA45,created,0,0,3
20260903T042746Z,,E20260716-3BD6DD5FAD,created,0,0,16
20260903T042746Z,,E20260716-C22EB5B1FE,created,0,0,5
20260903T042746Z,,E20260716-AB1B6644EF,created,0,0,3
20260903T042746Z,,E20260716-BCCCFA6145,created,0,0,5
20260903T042746Z,,E20260716-8B7F001AA6,created,0,0,5
20260903T042746Z,,E20260716-08B7AA30EB,created,0,0,4
20260903T042746Z,,E20260716-D207E2958E,created,0,0,4
20260903T042746Z,,E20260716-B6F3B4B7A3,created,0,0,3
20260903T042746Z,,E20260716-591DC9C428,created,0,0,3
20260903T042746Z,,E20260716-B2B00E27FF,created,0,0,4
20260903T042746Z,,E20260716-C4CB4602BD,created,0,0,4
20260903T042746Z,,E20260716-C644E57F5E,created,0,0,3
20260903T042746Z,,E20260716-7A046FC3EF,created,0,0,4
20260903T042746Z,,E20260716-6DC4B244CC,created,0,0,4
20260903T042746Z,,E20260716-6FA8087122,created,0,0,6
20260903T042746Z,,E20260716-A7E4BF6C39,created,0,0,3
20260903T042746Z,,E20260716-77DA2D5B35,created,0,0,4
20260903T042746Z,,E20260716-0A4B0DFBA1,created,0,0,3
20260903T042746Z,,E20260716-2306B10DC9,created,0,0,4
20260903T042746Z,,E20260716-804E423C80,created,0,0,3
20260903T042746Z,,E20260716-0294BBFF78,created,0,0,6
20260903T042746Z,,E20260716-911C1D9B30,created,0,0,3
20260903T042746Z,,E20260716-6649F46145,created,0,0,5
20260903T042746Z,,E20260716-162CE93B95,created,0,0,4
20260903T042746Z,,E20260716-DF5BBF35D3,created,0,0,3
20260903T042746Z,,E20260716-5B496CEA41,created,0,0,7
20260903T042746Z,,E20260716-572ADEEC3B,created,0,0,5
20260903T042746Z,,E20260716-A878A3B780,created,0,0,3
20260903T042746Z,,E20260716-96313FB6AE,created,0,0,4
20260903T042746Z,,E20260716-AFBC3AB65A,created,0,0,10
20260903T042746Z,,E20260716-095C315E8E,created,0,0,3
20260903T042746Z,,E20260716-4442A0FD13,created,0,0,3
20260903T042746Z,,E20260716-167EF3A664,created,0,0,13
20260903T042746Z,,E20260716-48799E6ACC,created,0,0,4
20260903T042746Z,,E20260716-52133536E6,created,0,0,5
20260903T042746Z,,E20260716-A359522B2F,created,0,0,4
20260903T042746Z,,E20260716-EDEB3D2F20,created,0,0,3
20260903T042746Z,,E20260716-80FA4CEE93,created,0,0,3
20260903T042746Z,,E20260716-F56BD7CB0D,created,0,0,5
20260903T042746Z,,E20260716-ABD87240DA,created,0,0,8
20260903T042746Z,,E20260716-588365BB7D,created,0,0,4
20260903T042746Z,,E20260716-9F72A8D0B4,created,0,0,3
20260903T042746Z,,E20260716-5B4706B5A1,created,0,0,3
20260903T042746Z,,E20260717-E207917F0B,created,0,0,12
20260903T042746Z,,E20260717-C4D68BAF00,created,0,0,5
20260903T042746Z,,E20260717-045BC51B89,created,0,0,4
20260903T042746Z,,E20260717-F35063D6B0,created,0,0,3
20260903T042746Z,,E20260717-34727A751A,created,0,0,9
20260903T042746Z,,E20260717-B55BF18B13,created,0,0,3
20260903T042746Z,,E20260717-9973D6E0F6,created,0,0,3
20260903T042746Z,,E20260717-D7F9292DC4,created,0,0,3
20260903T042746Z,,E20260717-E09F6F5BE7,created,0,0,3
20260903T042746Z,,E20260717-D8E1171442,created,0,0,3
20260903T042746Z,,E20260717-EA230684B0,created,0,0,7
20260903T042746Z,,E20260717-560DB5E1FC,created,0,0,8
20260903T042746Z,,E20260717-C67D443699,created,0,0,4
20260903T042746Z,,E20260717-C939A10884,created,0,0,3
20260903T042746Z,,E20260717-DF6DB4156E,created,0,0,5
20260903T042746Z,,E20260717-800AD8F286,created,0,0,6
20260903T042746Z,,E20260717-5A8A06DA2F,created,0,0,4
20260903T042746Z,,E20260717-4A526A1920,created,0,0,5
20260903T042746Z,,E20260717-86FD085F7B,created,0,0,3
20260903T042746Z,,E20260717-91CD239A45,created,0,0,9
20260903T042746Z,,E20260717-7CBE2F1838,created,0,0,3
20260903T042746Z,,E20260717-393E18C4EF,created,0,0,5
20260903T042746Z,,E20260717-23285CFE6E,created,0,0,3
20260903T042746Z,,E20260717-275DF08B37,created,0,0,3
20260903T042746Z,,E20260717-C4E80B4696,created,0,0,3
20260903T042746Z,,E20260717-98221F5D17,created,0,0,3
20260903T042746Z,,E20260717-B416CE5C60,created,0,0,4
20260903T042746Z,,E20260717-023FCA75C5,created,0,0,5
20260903T042746Z,,E20260717-2619F5165F,created,0,0,6
20260903T042746Z,,E20260717-9002AC27FE,created,0,0,3
20260903T042746Z,,E20260717-06BC541211,created,0,0,3
20260903T042746Z,,E20260717-40F0021749,created,0,0,9
20260903T042746Z,,E20260717-6E5FBD6585,created,0,0,3
20260903T042746Z,,E20260717-28EFE7B0BD,created,0,0,3
20260903T042746Z,,E20260717-0170D71692,created,0,0,7
20260903T042746Z,,E20260717-76B73EB6F9,created,0,0,4
20260903T042746Z,,E20260717-64B84D6D26,created,0,0,6
20260903T042746Z,,E20260717-6D769B2AB9,created,0,0,3
20260903T042746Z,,E20260717-865E466597,created,0,0,3
20260903T042746Z,,E20260717-176ECDC60F,created,0,0,4
20260903T042746Z,,E20260717-3A588589F5,created,0,0,9
20260903T042746Z,,E20260717-2DEB911532,created,0,0,4
20260903T042746Z,,E20260717-E94E4121CE,created,0,0,3
20260903T042746Z,,E20260717-E4AD639F68,created,0,0,3
20260903T042746Z,,E20260717-48472F77ED,created,0,0,4
20260903T042746Z,,E20260717-55F086CE64,created,0,0,3
20260903T042746Z,,E20260717-5E08F9908C,created,0,0,3
20260903T042746Z,,E20260717-5F1949A7CC,created,0,0,4
20260903T042746Z,,E20260717-4203E7D76C,created,0,0,4
20260903T042746Z,,E20260717-652DD77D39,created,0,0,4
20260903T042746Z,,E20260717-99B31FEE82,created,0,0,4
20260903T042746Z,,E20260717-63F01C3913,created,0,0,5
20260903T042746Z,,E20260717-7556C73C07,created,0,0,3
20260903T042746Z,,E20260717-33EDABEE74,created,0,0,3
20260903T042746Z,,E20260717-06540F376F,created,0,0,3
20260903T042746Z,,E20260717-90757C91D5,created,0,0,6
20260903T042746Z,,E20260717-247CA53E7D,created,0,0,3
20260903T042746Z,,E20260717-5051B1A188,created,0,0,3
20260903T042746Z,,E20260717-D8E89BB19C,created,0,0,3
20260903T042746Z,,E20260717-F2A69FB230,created,0,0,3
20260903T042746Z,,E20260717-CE58667418,created,0,0,3
20260903T042746Z,,E20260717-B004CAD9A6,created,0,0,3
20260903T042746Z,,E20260717-60B0D90426,created,0,0,3
20260903T042746Z,,E20260717-5C0E513386,created,0,0,3
20260903T042746Z,,E20260717-001BE885AE,created,0,0,3
20260903T042746Z,,E20260717-AB2A71A5B3,created,0,0,3
20260903T042746Z,,E20260717-B282552140,created,0,0,4
20260903T042746Z,,E20260717-A55F152F90,created,0,0,3
20260903T042746Z,,E20260717-2B373239D2,created,0,0,3
20260903T042746Z,,E20260717-16A5D7335F,created,0,0,7
20260903T042746Z,,E20260717-DB0D97F46B,created,0,0,3
20260903T042746Z,,E20260718-4641CE27E3,created,0,0,5
20260903T042746Z,,E20260718-C9BCB63060,created,0,0,10
20260903T042746Z,,E20260718-B36BCBAF59,created,0,0,3
20260903T042746Z,,E20260718-186EA11A30,created,0,0,5
20260903T042746Z,,E20260718-F13A75C07E,created,0,0,4
20260903T042746Z,,E20260718-8918A546B2,created,0,0,3
20260903T042746Z,,E20260718-9DC72FA108,created,0,0,7
20260903T042746Z,,E20260718-7AB3BADD12,created,0,0,4
20260903T042746Z,,E20260718-01515EE92D,created,0,0,3
20260903T042746Z,,E20260718-5D13412317,created,0,0,9
20260903T042746Z,,E20260718-D4C4C19D3E,created,0,0,4
20260903T042746Z,,E20260718-F33272916A,created,0,0,4
20260903T042746Z,,E20260718-E4334CD1CF,created,0,0,3
20260903T042746Z,,E20260719-7422B94FA1,created,0,0,10
20260903T042746Z,,E20260719-32829C04FB,created,0,0,4
20260903T042746Z,,E20260720-0C4BA9BCB2,created,0,0,3
20260903T042746Z,,E20260720-C2A2F21A73,created,0,0,3
20260903T042746Z,,E20260720-E8FCA42E49,created,0,0,3
20260903T042746Z,,E20260720-FA4C48ACE8,created,0,0,3
20260903T042746Z,,E20260720-75D0A8095F,created,0,0,4
20260903T042746Z,,E20260720-FAD704D06F,created,0,0,4
20260903T042746Z,,E20260720-921FDF1C99,created,0,0,3
20260903T042746Z,,E20260720-D6F038C0B4,created,0,0,3
20260903T042746Z,,E20260720-AA51573DF8,created,0,0,3
20260903T042746Z,,E20260721-DE12FA2827,created,0,0,4
20260903T042746Z,,E20260721-BFC01D510A,created,0,0,9
20260903T042746Z,,E20260721-6C3B9AD9B7,created,0,0,12
20260903T042746Z,,E20260721-6D3D71DC6D,created,0,0,6
20260903T042746Z,,E20260721-1CC3FB8877,created,0,0,3
20260903T042746Z,,E20260721-39F0B9EB6F,created,0,0,8
20260903T042746Z,,E20260721-CC23F231DF,created,0,0,17
20260903T042746Z,,E20260721-47A23BDF78,created,0,0,5
20260903T042746Z,,E20260721-E80C7261F3,created,0,0,9
20260903T042746Z,,E20260721-56128635FF,created,0,0,4
20260903T042746Z,,E20260721-F0ED757BB8,created,0,0,4
20260903T042746Z,,E20260721-C1F816D44E,created,0,0,4
20260903T042746Z,,E20260721-EC881C8CDC,created,0,0,5
20260903T042746Z,,E20260721-8AAF53955F,created,0,0,3
20260903T042746Z,,E20260721-64B04C18BB,created,0,0,3
20260903T042746Z,,E20260721-062E64C16F,created,0,0,3
20260903T042746Z,,E20260721-7110D92EDC,created,0,0,19
20260903T042746Z,,E20260721-A6DE14DDE6,created,0,0,4
20260903T042746Z,,E20260721-510B19ABB2,created,0,0,7
20260903T042746Z,,E20260721-5618BE935B,created,0,0,6
20260903T042746Z,,E20260721-A06ACADFE1,created,0,0,3
20260903T042746Z,,E20260721-52549991C3,created,0,0,24
20260903T042746Z,,E20260721-9BBE50C254,created,0,0,4
20260903T042746Z,,E20260721-D6F906ABC3,created,0,0,3
20260903T042746Z,,E20260722-F4DC2DB01C,created,0,0,7
20260903T042746Z,,E20260722-36EFCD53FF,created,0,0,4
20260903T042746Z,,E20260722-92A78C4914,created,0,0,3
20260903T042746Z,,E20260722-893D61C505,created,0,0,4
20260903T042746Z,,E20260722-9E2EC0AC4D,created,0,0,4
20260903T042746Z,,E20260722-343B89BDB9,created,0,0,3
20260903T042746Z,,E20260722-74B231B727,created,0,0,3
20260903T042746Z,,E20260722-A12AC1B450,created,0,0,4
20260903T042746Z,,E20260722-B263FCB845,created,0,0,3
20260903T042746Z,,E20260722-3CE9038CD6,created,0,0,3
20260903T042746Z,,E20260722-E43D6A0BB4,created,0,0,4
20260903T042746Z,,E20260722-1F320849C7,created,0,0,5
20260903T042746Z,,E20260722-92BA3732A4,created,0,0,3
20260903T042746Z,,E20260722-69BFF9D32F,created,0,0,3
20260903T042746Z,,E20260722-2074266A3E,created,0,0,4
20260903T042746Z,,E20260722-C9D26BF970,created,0,0,3
20260903T042746Z,,E20260722-4D14F8EAE7,created,0,0,4
20260903T042746Z,,E20260724-30D2F6180C,created,0,0,3
20260903T042746Z,,E20260724-55E2A9BD70,created,0,0,3
20260903T042746Z,,E20260724-3E7A9CD829,created,0,0,6
20260903T042746Z,,E20260724-B93D424DEB,created,0,0,25
20260903T042746Z,,E20260724-BB8B7F44EF,created,0,0,9
20260903T042746Z,,E20260724-D0B122A644,created,0,0,3
20260903T042746Z,,E20260724-0542E409C3,created,0,0,5
20260903T042746Z,,E20260724-19D754B698,created,0,0,22
20260903T042746Z,,E20260724-25ED2BABB4,created,0,0,27
20260903T042746Z,,E20260724-88802AA113,created,0,0,3
20260903T042746Z,,E20260724-D7777BFBF2,created,0,0,3
20260903T042746Z,,E20260724-9E9D8367AF,created,0,0,8
20260903T042746Z,,E20260724-472FFAD97D,created,0,0,10
20260903T042746Z,,E20260724-2FF092C313,created,0,0,3
20260903T042746Z,,E20260724-459433CB83,created,0,0,8
20260903T042746Z,,E20260724-B4F9DF3C55,created,0,0,5
20260903T042746Z,,E20260724-990B641B08,created,0,0,3
20260903T042746Z,,E20260724-099FD21E56,created,0,0,3
20260903T042746Z,,E20260724-DB1C89830D,created,0,0,3
20260903T042746Z,,E20260724-4521A49CBE,created,0,0,7
20260903T042746Z,,E20260724-150EEEB7EC,created,0,0,3
20260903T042746Z,,E20260724-06BA9FA28C,created,0,0,7
20260903T042746Z,,E20260724-C2D9F49C1B,created,0,0,6
20260903T042746Z,,E20260725-981A749F31,created,0,0,6
20260903T042746Z,,E20260725-F677147988,created,0,0,12
20260903T042746Z,,E20260725-1B97F8D5B5,created,0,0,3
20260903T042746Z,,E20260725-2C224A2D56,created,0,0,4
20260903T042746Z,,E20260725-81DEF8F448,created,0,0,4
20260903T042746Z,,E20260725-03CCFD8AE0,created,0,0,3
20260903T042746Z,,E20260725-572A4C096F,created,0,0,5
20260903T042746Z,,E20260725-BD2842D7E0,created,0,0,4
20260903T042746Z,,E20260725-CE0A850945,created,0,0,6
20260903T042746Z,,E20260725-7A4823DBA7,created,0,0,4
20260903T042746Z,,E20260725-5F9563BBD5,created,0,0,3
20260903T042746Z,,E20260725-43F93505ED,created,0,0,4
20260903T042746Z,,E20260725-89CF12D5A2,created,0,0,3
20260903T042746Z,,E20260725-23261534A2,created,0,0,6
20260903T042746Z,,E20260725-4BBFA0F2F4,created,0,0,3
20260903T042746Z,,E20260725-FF367B580D,created,0,0,3
20260903T042746Z,,E20260725-2C8851229B,created,0,0,5
20260903T042746Z,,E20260725-5C9A6A5642,created,0,0,8
20260903T042746Z,,E20260725-05AC8594F8,created,0,0,3
20260903T042746Z,,E20260725-01869B6089,created,0,0,3
20260903T042746Z,,E20260725-D0A3C1C8BC,created,0,0,4
20260903T042746Z,,E20260725-5069323764,created,0,0,6
20260903T042746Z,,E20260725-4F9124958D,created,0,0,4
20260903T042746Z,,E20260725-66694E05EC,created,0,0,3
20260903T042746Z,,E20260725-8D54E32DBB,created,0,0,3
20260903T042746Z,,E20260725-F19A3A4ADE,created,0,0,4
20260903T042746Z,,E20260725-582E74AB19,created,0,0,3
20260903T042746Z,,E20260725-941F87BCAD,created,0,0,3
20260903T042746Z,,E20260725-DCF333E9B6,created,0,0,8
20260903T042746Z,,E20260725-5098F9D3A1,created,0,0,3
20260903T042746Z,,E20260725-2C4CC579E9,created,0,0,3
20260903T042746Z,,E20260725-76982B41AB,created,0,0,9
20260903T042746Z,,E20260725-5D58D6895F,created,0,0,4
20260903T042746Z,,E20260725-509CCD9F51,created,0,0,5
20260903T042746Z,,E20260725-D853A0B55E,created,0,0,6
20260903T042746Z,,E20260725-CE478C9C29,created,0,0,4
20260903T042746Z,,E20260725-0986EF24B8,created,0,0,4
20260903T042746Z,,E20260725-748FE089A8,created,0,0,3
20260903T042746Z,,E20260725-BB08D7F094,created,0,0,4
20260903T042746Z,,E20260725-7484F2DABB,created,0,0,3
20260903T042746Z,,E20260725-C7911581CD,created,0,0,3
20260903T042746Z,,E20260725-DFAFA648B3,created,0,0,3
20260903T042746Z,,E20260725-D2C325717D,created,0,0,3
20260903T042746Z,,E20260725-50E14519AD,created,0,0,3
20260903T042746Z,,E20260725-2EEB8A51D3,created,0,0,3
20260903T042746Z,,E20260725-7C77F887DE,created,0,0,3
20260903T042746Z,,E20260725-59BD76A3CC,created,0,0,3
20260903T042746Z,,E20260726-694835474F,created,0,0,4
20260903T042746Z,,E20260726-6034730F13,created,0,0,3
20260903T042746Z,,E20260726-4D5C7DCD34,created,0,0,4
20260903T042746Z,,E20260727-D0FF3B8B9F,created,0,0,8
20260903T042746Z,,E20260727-23CAA55232,created,0,0,9
20260903T042746Z,,E20260727-EF3D9314D9,created,0,0,3
20260903T042746Z,,E20260727-7177C0DA92,created,0,0,7
20260903T042746Z,,E20260727-EDEA556506,created,0,0,5
20260903T042746Z,,E20260727-A3AB10D81D,created,0,0,3
20260903T042746Z,,E20260727-9BC3076B9E,created,0,0,6
20260903T042746Z,,E20260727-3FD2857CC4,created,0,0,4
20260903T042746Z,,E20260727-0BD68D1538,created,0,0,4
20260903T042746Z,,E20260727-4C1F9F2EA6,created,0,0,4
20260903T042746Z,,E20260727-F30B8AD5E6,created,0,0,3
20260903T042746Z,,E20260727-C1435FE3F8,created,0,0,4
20260903T042746Z,,E20260727-276C361A07,created,0,0,3
20260903T042746Z,,E20260727-EAC2FB4393,created,0,0,3
20260903T042746Z,,E20260728-580A62E3A0,created,0,0,3
20260903T042746Z,,E20260728-637CD0DB43,created,0,0,6
20260903T042746Z,,E20260728-9B6D1E4E21,created,0,0,4
20260903T042746Z,,E20260728-5204550A1E,created,0,0,7
20260903T042746Z,,E20260728-C94E5C806A,created,0,0,3
20260903T042746Z,,E20260728-5614386563,created,0,0,3
20260903T042746Z,,E20260728-CDDF8783ED,created,0,0,9
20260903T042746Z,,E20260728-BF5528AED4,created,0,0,4
20260903T042746Z,,E20260728-6039FC51ED,created,0,0,5
20260903T042746Z,,E20260728-C42C98A78D,created,0,0,3
20260903T042746Z,,E20260728-2646C80135,created,0,0,4
20260903T042746Z,,E20260728-0F4ECAE2D2,created,0,0,7
20260903T042746Z,,E20260728-41FE6F27AF,created,0,0,3
20260903T042746Z,,E20260728-8C80860729,created,0,0,6
20260903T042746Z,,E20260728-58CF4944A7,created,0,0,3
20260903T042746Z,,E20260728-D33FCED1F8,created,0,0,3
20260903T042746Z,,E20260728-984872E1B6,created,0,0,6
20260903T042746Z,,E20260728-CC54B51C4B,created,0,0,3
20260903T042746Z,,E20260728-B634A33887,created,0,0,5
20260903T042746Z,,E20260728-72DEEA86CD,created,0,0,7
20260903T042746Z,,E20260728-694C14DA5F,created,0,0,3
20260903T042746Z,,E20260728-C6449C960C,created,0,0,5
20260903T042746Z,,E20260728-B71B5B6AFB,created,0,0,4
20260903T042746Z,,E20260728-E74E5B1599,created,0,0,4
20260903T042746Z,,E20260728-BBDBFCA833,created,0,0,3
20260903T042746Z,,E20260728-25EAC62010,created,0,0,3
20260903T042746Z,,E20260728-E8731E2B63,created,0,0,4
20260903T042746Z,,E20260728-90EFD36E41,created,0,0,4
20260903T042746Z,,E20260728-4458F6A4EE,created,0,0,3
20260903T042746Z,,E20260728-DED0A89639,created,0,0,4
20260903T042746Z,,E20260728-ABDD4A5F4B,created,0,0,4
20260903T042746Z,,E20260728-076B1DF430,created,0,0,3
20260903T042746Z,,E20260728-715DD30B13,created,0,0,7
20260903T042746Z,,E20260728-1E04A813B0,created,0,0,3
20260903T042746Z,,E20260728-6AA6D65FA5,created,0,0,6
20260903T042746Z,,E20260728-94379FFF8B,created,0,0,3
20260903T042746Z,,E20260728-C3609CC546,created,0,0,3
20260903T042746Z,,E20260728-E00191C0AC,created,0,0,3
20260903T042746Z,,E20260728-5F83732388,created,0,0,3
20260903T042746Z,,E20260728-FBE09F40C7,created,0,0,3
20260903T042746Z,,E20260728-0AC5063DBD,created,0,0,3
20260903T042746Z,,E20260728-ED90E0BABB,created,0,0,7
20260903T042746Z,,E20260728-2AF30AE176,created,0,0,3
20260903T042746Z,,E20260729-9DF4910636,created,0,0,3
20260903T042746Z,,E20260729-99849B6481,created,0,0,12
20260903T042746Z,,E20260729-325F762522,created,0,0,9
20260903T042746Z,,E20260729-4CD774A476,created,0,0,3
20260903T042746Z,,E20260729-562783D8AE,created,0,0,4
20260903T042746Z,,E20260729-83AAB306B7,created,0,0,3
20260903T042746Z,,E20260729-F518695FF5,created,0,0,3
20260903T042746Z,,E20260729-3478BC7B4E,created,0,0,4
20260903T042746Z,,E20260729-45F32C4307,created,0,0,3
20260903T042746Z,,E20260729-56DA7CBDFF,created,0,0,4
20260903T042746Z,,E20260729-1BF0670FB2,created,0,0,3
20260903T042746Z,,E20260729-B13D277097,created,0,0,4
20260903T042746Z,,E20260729-BCD0D1D8F2,created,0,0,4
20260903T042746Z,,E20260729-EDB8403AA3,created,0,0,14
20260903T042746Z,,E20260729-438F74BE28,created,0,0,5
20260903T042746Z,,E20260729-4A88A18DFC,created,0,0,6
20260903T042746Z,,E20260729-C3C2930016,created,0,0,4
20260903T042746Z,,E20260729-D8E0C57900,created,0,0,3
20260903T042746Z,,E20260729-52AA3ED4F9,created,0,0,4
20260903T042746Z,,E20260729-6C27BF8736,created,0,0,4
20260903T042746Z,,E20260729-E5BAD14B26,created,0,0,3
20260903T042746Z,,E20260729-63130A78EF,created,0,0,9
20260903T042746Z,,E20260729-CBF9030825,created,0,0,6
20260903T042746Z,,E20260729-11AB5E4F0D,created,0,0,3
20260903T042746Z,,E20260729-A0A86D24F4,created,0,0,4
20260903T042746Z,,E20260729-1C4568901C,created,0,0,6
20260903T042746Z,,E20260729-885DD81C7E,created,0,0,4
20260903T042746Z,,E20260729-B08AEBD2FC,created,0,0,7
20260903T042746Z,,E20260730-AC1C036A9C,created,0,0,3
20260903T042746Z,,E20260730-14EC19A087,created,0,0,5
20260903T042746Z,,E20260730-4A4C197E0C,created,0,0,16
20260903T042746Z,,E20260730-7C3C03B992,created,0,0,3
20260903T042746Z,,E20260730-6FC9D354D1,created,0,0,5
20260903T042746Z,,E20260730-43CB9B8BBC,created,0,0,3
20260903T042746Z,,E20260730-DACEC19656,created,0,0,3
20260903T042746Z,,E20260730-7997EFDDB0,created,0,0,3
20260903T042746Z,,E20260730-1DD4E9DC10,created,0,0,4
20260903T042746Z,,E20260730-BEE6305EB5,created,0,0,4
20260903T042746Z,,E20260730-8BAE40BFD4,created,0,0,5
20260903T042746Z,,E20260730-6B5F94A149,created,0,0,4
20260903T042746Z,,E20260730-FB882811B9,created,0,0,3
20260903T042746Z,,E20260730-C9F5F531AC,created,0,0,3
20260903T042746Z,,E20260730-C9B4AF61B1,created,0,0,3
20260903T042746Z,,E20260730-92534FAE45,created,0,0,6
20260903T042746Z,,E20260730-C9641ADD5B,created,0,0,3
20260903T042746Z,,E20260730-A1FDCF5749,created,0,0,3
20260903T042746Z,,E20260730-CA8297F6F9,created,0,0,7
20260903T042746Z,,E20260730-2353F34C9E,created,0,0,4
20260903T042746Z,,E20260730-7D3E19701F,created,0,0,3
20260903T042746Z,,E20260730-1EC778F1E1,created,0,0,3
20260903T042746Z,,E20260730-BCBD2CE397,created,0,0,3
20260903T042746Z,,E20260730-107FEA9C8E,created,0,0,5
20260903T042746Z,,E20260730-8F86F08718,created,0,0,3
20260903T042746Z,,E20260730-81F961F1EE,created,0,0,4
20260903T042746Z,,E20260730-EA3094F305,created,0,0,5
20260903T042746Z,,E20260730-5A847FF077,created,0,0,6
20260903T042746Z,,E20260730-CA061762E0,created,0,0,4
20260903T042746Z,,E20260730-A72379B072,created,0,0,4
20260903T042746Z,,E20260730-7643BB216C,created,0,0,3
20260903T042746Z,,E20260730-F0CDAB5632,created,0,0,4
20260903T042746Z,,E20260730-F503B5AA7A,created,0,0,3
20260903T042746Z,,E20260730-1683F1FCD7,created,0,0,3
20260903T042746Z,,E20260730-2B0E9D28D4,created,0,0,4
20260903T042746Z,,E20260730-498FCE3469,created,0,0,3
20260903T042746Z,,E20260730-6B7C8CED45,created,0,0,3
20260903T042746Z,,E20260730-6088CFAA17,created,0,0,3
20260903T042746Z,,E20260731-2D3796F650,created,0,0,3
20260903T042746Z,,E20260731-9A606708FC,created,0,0,5
20260903T042746Z,,E20260731-AF2BB1944A,created,0,0,3
20260903T042746Z,,E20260731-2889EE9C24,created,0,0,6
20260903T042746Z,,E20260731-C03B7DD906,created,0,0,3
20260903T042746Z,,E20260731-1C74B09A15,created,0,0,5
20260903T042746Z,,E20260731-FF3A40C6F1,created,0,0,7
20260903T042746Z,,E20260731-E023E678BF,created,0,0,3
20260903T042746Z,,E20260731-4C0DDB2465,created,0,0,3
20260903T042746Z,,E20260731-436EB5C005,created,0,0,3
20260903T042746Z,,E20260731-FE799EDCED,created,0,0,3
20260903T042746Z,,E20260731-2765E928C8,created,0,0,6
20260903T042746Z,,E20260731-2C40D76293,created,0,0,3
20260903T042746Z,,E20260731-72AB05EEED,created,0,0,7
20260903T042746Z,,E20260731-74BF1F0E7F,created,0,0,5
20260903T042746Z,,E20260731-8D549ED34D,created,0,0,5
20260903T042746Z,,E20260731-F89CECC19A,created,0,0,3
20260903T042746Z,,E20260731-6915C7E4FB,created,0,0,3
20260903T042746Z,,E20260801-AF426D1CF9,created,0,0,5
20260903T042746Z,,E20260801-58543422D5,created,0,0,4
20260903T042746Z,,E20260801-B48AF24C9D,created,0,0,3
20260903T042746Z,,E20260801-5289F56609,created,0,0,17
20260903T042746Z,,E20260801-D708096ADF,created,0,0,3
20260903T042746Z,,E20260801-B1AF6966F2,created,0,0,14
20260903T042746Z,,E20260801-27E5348A64,created,0,0,5
20260903T042746Z,,E20260801-40E3F878E5,created,0,0,7
20260903T042746Z,,E20260801-6394A76518,created,0,0,8
20260903T042746Z,,E20260801-FBF60BD7BC,created,0,0,8
20260903T042746Z,,E20260801-3FDAEB7AF0,created,0,0,4
20260903T042746Z,,E20260801-0C854A2AF6,created,0,0,3
20260903T042746Z,,E20260801-6B6794C0F0,created,0,0,6
20260903T042746Z,,E20260801-356061A9CC,created,0,0,4
20260903T042746Z,,E20260801-9C9F7CBA20,created,0,0,3
20260903T042746Z,,E20260801-B10EA3E4B8,created,0,0,5
20260903T042746Z,,E20260801-792C462D10,created,0,0,14
20260903T042746Z,,E20260801-5D3C2C0E7B,created,0,0,3
20260903T042746Z,,E20260801-0355DC2B61,created,0,0,3
20260903T042746Z,,E20260801-C8DC8E688E,created,0,0,3
20260903T042746Z,,E20260801-D2962255AD,created,0,0,5
20260903T042746Z,,E20260801-FA2264D977,created,0,0,5
20260903T042746Z,,E20260801-0BE83863E1,created,0,0,3
20260903T042746Z,,E20260801-1093B947F8,created,0,0,5
20260903T042746Z,,E20260801-B2A8DB82A8,created,0,0,9
20260903T042746Z,,E20260801-5C406846B4,created,0,0,5
20260903T042746Z,,E20260801-32638E279F,created,0,0,3
20260903T042746Z,,E20260801-07DBF192D0,created,0,0,3
20260903T042746Z,,E20260801-2124F7F5C5,created,0,0,4
20260903T042746Z,,E20260801-E05E4C2110,created,0,0,4
20260903T042746Z,,E20260801-FB61EB5363,created,0,0,10
20260903T042746Z,,E20260801-99E7DD0176,created,0,0,6
20260903T042746Z,,E20260801-E222AFE43D,created,0,0,11
20260903T042746Z,,E20260801-25D34C9720,created,0,0,4
20260903T042746Z,,E20260801-0E5B7CFA00,created,0,0,10
20260903T042746Z,,E20260801-1F77325142,created,0,0,4
20260903T042746Z,,E20260801-431107F5C3,created,0,0,3
20260903T042746Z,,E20260801-D8D3BDE0C3,created,0,0,6
20260903T042746Z,,E20260801-2223969C6A,created,0,0,3
20260903T042746Z,,E20260801-78F33AA01F,created,0,0,4
20260903T042746Z,,E20260801-9597537A50,created,0,0,3
20260903T042746Z,,E20260801-CFFC81B91C,created,0,0,5
20260903T042746Z,,E20260801-D6C029E1CC,created,0,0,3
20260903T042746Z,,E20260801-DD219D9B28,created,0,0,4
20260903T042746Z,,E20260801-1B6AA608FE,created,0,0,4
20260903T042746Z,,E20260801-4733D7B1E7,created,0,0,4
20260903T042746Z,,E20260801-2A203ECF83,created,0,0,3
20260903T042746Z,,E20260801-ECD20652B9,created,0,0,3
20260903T042746Z,,E20260801-740A04B786,created,0,0,3
20260903T042746Z,,E20260801-813D59C7FB,created,0,0,3
20260903T042746Z,,E20260801-D0B3E1666E,created,0,0,4
20260903T042746Z,,E20260801-35EF30C21E,created,0,0,4
20260903T042746Z,,E20260801-CB4BE11950,created,0,0,3
20260903T042746Z,,E20260801-BC3F18D66E,created,0,0,8
20260903T042746Z,,E20260801-712A6E860E,created,0,0,7
20260903T042746Z,,E20260801-9C535CBD33,created,0,0,3
20260903T042746Z,,E20260801-F793B71796,created,0,0,13
20260903T042746Z,,E20260801-557772A609,created,0,0,8
20260903T042746Z,,E20260801-094BB7A388,created,0,0,3
20260903T042746Z,,E20260801-4FFD0DD590,created,0,0,3
20260903T042746Z,,E20260801-03D8664E45,created,0,0,3
20260903T042746Z,,E20260801-3F9201F875,created,0,0,3
20260903T042746Z,,E20260801-F467AF9054,created,0,0,8
20260903T042746Z,,E20260801-9D73C43712,created,0,0,3
20260903T042746Z,,E20260801-660FC261F4,created,0,0,4
20260903T042746Z,,E20260801-1D90F07BF9,created,0,0,3
20260903T042746Z,,E20260801-05BF76CBAC,created,0,0,7
20260903T042746Z,,E20260801-D4F6218CB6,created,0,0,5
20260903T042746Z,,E20260801-7B4918FEA8,created,0,0,4
20260903T042746Z,,E20260802-4264360E22,created,0,0,9
20260903T042746Z,,E20260802-F675F78722,created,0,0,5
20260903T042746Z,,E20260802-8B4EAFE73C,created,0,0,4
20260903T042746Z,,E20260802-DA0EFFCC44,created,0,0,7
20260903T042746Z,,E20260802-C0897E12F1,created,0,0,3
20260903T042746Z,,E20260802-5B0E88B005,created,0,0,4
20260903T042746Z,,E20260802-87EAD948BE,created,0,0,3
20260903T042746Z,,E20260802-CBDFB7723C,created,0,0,4
20260903T042746Z,,E20260802-905D755F61,created,0,0,3
20260903T042746Z,,E20260802-A7C606B54F,created,0,0,10
20260903T042746Z,,E20260802-6649FCF76E,created,0,0,5
20260903T042746Z,,E20260802-8FB352BB61,created,0,0,5
20260903T042746Z,,E20260802-13366AE3D7,created,0,0,3
20260903T042746Z,,E20260802-A120DA51FE,created,0,0,3
20260903T042746Z,,E20260802-F77BD50C5A,created,0,0,5
20260903T042746Z,,E20260802-A95922BF3D,created,0,0,5
20260903T042746Z,,E20260802-4A021D1BEB,created,0,0,6
20260903T042746Z,,E20260802-820FA21BF1,created,0,0,5
20260903T042746Z,,E20260802-A9FC458E42,created,0,0,3
20260903T042746Z,,E20260802-7DD4614440,created,0,0,13
20260903T042746Z,,E20260802-A7C7A93838,created,0,0,7
20260903T042746Z,,E20260802-3C8FE67E3E,created,0,0,8
20260903T042746Z,,E20260802-F3BE9059C4,created,0,0,3
20260903T042746Z,,E20260802-ABC041B5E5,created,0,0,3
20260903T042746Z,,E20260802-1165EEAC58,created,0,0,5
20260903T042746Z,,E20260802-8B68FE72E8,created,0,0,5
20260903T042746Z,,E20260802-06B6DAC1BE,created,0,0,4
20260903T042746Z,,E20260802-EA8A02B41F,created,0,0,3
20260903T042746Z,,E20260802-8DD8C688B2,created,0,0,32
20260903T042746Z,,E20260802-969AF6C109,created,0,0,5
20260903T042746Z,,E20260802-A3F26529F6,created,0,0,3
20260903T042746Z,,E20260802-BC6072AFA0,created,0,0,5
20260903T042746Z,,E20260802-4E5A2E6AF5,created,0,0,4
20260903T042746Z,,E20260802-0522A25425,created,0,0,5
20260903T042746Z,,E20260802-CE246BABB7,created,0,0,7
20260903T042746Z,,E20260802-F0AAD1B866,created,0,0,3
20260903T042746Z,,E20260802-D5ECD7874F,created,0,0,7
20260903T042746Z,,E20260802-142950DB29,created,0,0,4
20260903T042746Z,,E20260802-10640EAFF2,created,0,0,7
20260903T042746Z,,E20260802-A35A0C7CA5,created,0,0,5
20260903T042746Z,,E20260802-4516108051,created,0,0,5
20260903T042746Z,,E20260802-B5E572A403,created,0,0,4
20260903T042746Z,,E20260802-67655F352D,created,0,0,4
20260903T042746Z,,E20260802-2FAC82BE68,created,0,0,5
20260903T042746Z,,E20260802-B03C6239F3,created,0,0,3
20260903T042746Z,,E20260802-70462C50B7,created,0,0,4
20260903T042746Z,,E20260802-7E1DDEDA23,created,0,0,5
20260903T042746Z,,E20260802-C5D708DB0D,created,0,0,3
20260903T042746Z,,E20260802-1D7F4326D6,created,0,0,3
20260903T042746Z,,E20260802-647BB581C4,created,0,0,5
20260903T042746Z,,E20260802-D1CD9B5B8A,created,0,0,4
20260903T042746Z,,E20260802-9807F322A1,created,0,0,7
20260903T042746Z,,E20260802-00B8897D6D,created,0,0,5
20260903T042746Z,,E20260802-21EA293710,created,0,0,3
20260903T042746Z,,E20260802-C8762690D5,created,0,0,4
20260903T042746Z,,E20260802-971C286F26,created,0,0,3
20260903T042746Z,,E20260802-D92B41F3FD,created,0,0,3
20260903T042746Z,,E20260802-FE45EF6225,created,0,0,12
20260903T042746Z,,E20260802-1815D00D0C,created,0,0,3
20260903T042746Z,,E20260803-95C4965E17,created,0,0,12
20260903T042746Z,,E20260803-EBFFF540F1,created,0,0,21
20260903T042746Z,,E20260803-A13A88BA0F,created,0,0,60
20260903T042746Z,,E20260803-77018EB3A0,created,0,0,4
20260903T042746Z,,E20260803-6A801CA563,created,0,0,4
20260903T042746Z,,E20260803-3F510D9E30,created,0,0,3
20260903T042746Z,,E20260803-E4FF75CB80,created,0,0,7
20260903T042746Z,,E20260803-7CA02DEE67,created,0,0,4
20260903T042746Z,,E20260803-B0285D1895,created,0,0,3
20260903T042746Z,,E20260803-9E2DB57CD2,created,0,0,3
20260903T042746Z,,E20260803-7B91C40E4B,created,0,0,3
20260903T042746Z,,E20260804-6D2C3C2201,created,0,0,3
20260903T042746Z,,E20260804-D35393D4FF,created,0,0,4
20260903T042746Z,,E20260804-E81BFD1C56,created,0,0,3
20260903T042746Z,,E20260804-CF81FA2D9B,created,0,0,3
20260903T042746Z,,E20260804-F7B6387ABC,created,0,0,3
20260903T042746Z,,E20260804-AED5945F70,created,0,0,10
20260903T042746Z,,E20260804-4436EE0856,created,0,0,3
20260903T042746Z,,E20260804-E7774BD585,created,0,0,28
20260903T042746Z,,E20260804-06D755484A,created,0,0,5
20260903T042746Z,,E20260804-E79C181BEB,created,0,0,3
20260903T042746Z,,E20260804-E8ADE5796F,created,0,0,7
20260903T042746Z,,E20260804-E5EF4A0D5D,created,0,0,3
20260903T042746Z,,E20260804-284879415F,created,0,0,3
20260903T042746Z,,E20260804-E4A35877E5,created,0,0,7
20260903T042746Z,,E20260804-7F605320C3,created,0,0,4
20260903T042746Z,,E20260804-5006556470,created,0,0,3
20260903T042746Z,,E20260804-4C63DE8618,created,0,0,4
20260903T042746Z,,E20260804-EB01166D83,created,0,0,3
20260903T042746Z,,E20260804-09CF6FDC94,created,0,0,5
20260903T042746Z,,E20260804-480FB98508,created,0,0,4
20260903T042746Z,,E20260804-A62A99C90A,created,0,0,3
20260903T042746Z,,E20260804-06E3BEC881,created,0,0,3
20260903T042746Z,,E20260804-0F60AD825F,created,0,0,3
20260903T042746Z,,E20260804-A50308A011,created,0,0,3
20260903T042746Z,,E20260804-3F72B56F2D,created,0,0,4
20260903T042746Z,,E20260804-6B196EDC2D,created,0,0,3
20260903T042746Z,,E20260805-FB7B0A1EA9,created,0,0,4
20260903T042746Z,,E20260805-B606945598,created,0,0,4
20260903T042746Z,,E20260805-8ABFFFD38D,created,0,0,3
20260903T042746Z,,E20260805-D352EDBB2E,created,0,0,3
20260903T042746Z,,E20260806-3E53D20934,created,0,0,5
20260903T042746Z,,E20260806-F19BF21C18,created,0,0,3
20260903T042746Z,,E20260806-D97E132FE5,created,0,0,3
20260903T042746Z,,E20260806-2C88B5470D,created,0,0,3
20260903T042746Z,,E20260806-6A3D437902,created,0,0,3
20260903T042746Z,,E20260806-4C6B579643,created,0,0,4
20260903T042746Z,,E20260806-04A1E4752B,created,0,0,3
20260903T042746Z,,E20260807-BA8EA027D0,created,0,0,3
20260903T042746Z,,E20260807-434C948F22,created,0,0,6
20260903T042746Z,,E20260807-CCF6F9BEF7,created,0,0,5
20260903T042746Z,,E20260807-2E6FA8A3F4,created,0,0,4
20260903T042746Z,,E20260807-794D6FBB91,created,0,0,3
20260903T042746Z,,E20260807-24B8717F2F,created,0,0,4
20260903T042746Z,,E20260807-28C5C3B1E1,created,0,0,4
20260903T042746Z,,E20260807-820476CE97,created,0,0,14
20260903T042746Z,,E20260807-DD3C1F2A94,created,0,0,14
20260903T042746Z,,E20260807-8AEEFA8B5A,created,0,0,3
20260903T042746Z,,E20260807-F7407A3CD1,created,0,0,5
20260903T042746Z,,E20260807-F40312C9B5,created,0,0,4
20260903T042746Z,,E20260807-59605013C7,created,0,0,3
20260903T042746Z,,E20260807-5AE1CE9BA2,created,0,0,6
20260903T042746Z,,E20260807-C26A4B7B75,created,0,0,3
20260903T042746Z,,E20260807-B0DB7813FD,created,0,0,10
20260903T042746Z,,E20260807-1C38D417D4,created,0,0,5
20260903T042746Z,,E20260807-0EDF0B72FE,created,0,0,4
20260903T042746Z,,E20260807-9EF0BB2882,created,0,0,3
20260903T042746Z,,E20260807-0CE61D03BE,created,0,0,3
20260903T042746Z,,E20260807-9B2C2BD479,created,0,0,3
20260903T042746Z,,E20260807-ECAE4D305E,created,0,0,5
20260903T042746Z,,E20260807-9F5208A9D4,created,0,0,19
20260903T042746Z,,E20260807-723F112B06,created,0,0,3
20260903T042746Z,,E20260807-99C6C7525F,created,0,0,3
20260903T042746Z,,E20260807-789F9BC38D,created,0,0,8
20260903T042746Z,,E20260807-8F2923E88C,created,0,0,3
20260903T042746Z,,E20260807-CA64D3D973,created,0,0,3
20260903T042746Z,,E20260807-E7F061BBDF,created,0,0,5
20260903T042746Z,,E20260807-467644376C,created,0,0,11
20260903T042746Z,,E20260807-171AAB3564,created,0,0,6
20260903T042746Z,,E20260807-971F4AC809,created,0,0,3
20260903T042746Z,,E20260807-F433A58F6E,created,0,0,3
20260903T042746Z,,E20260807-8717E119A9,created,0,0,3
20260903T042746Z,,E20260807-349BAA3979,created,0,0,4
20260903T042746Z,,E20260807-CD581B95DC,created,0,0,3
20260903T042746Z,,E20260807-EC291BC28F,created,0,0,4
20260903T042746Z,,E20260807-D61A8284C4,created,0,0,6
20260903T042746Z,,E20260807-1A61E1C95B,created,0,0,4
20260903T042746Z,,E20260807-095D84DAA6,created,0,0,3
20260903T042746Z,,E20260807-0D203D0FA6,created,0,0,4
20260903T042746Z,,E20260807-00FAB02FC4,created,0,0,3
20260903T042746Z,,E20260807-0EF15FE9A4,created,0,0,3
20260903T042746Z,,E20260807-D1FD61CC08,created,0,0,35
20260903T042746Z,,E20260807-D7FA62952D,created,0,0,17
20260903T042746Z,,E20260807-9A30E54790,created,0,0,6
20260903T042746Z,,E20260807-908FB0DDF9,created,0,0,3
20260903T042746Z,,E20260807-796DFC544F,created,0,0,3
20260903T042746Z,,E20260807-3BFFB53F17,created,0,0,3
20260903T042746Z,,E20260807-154D571062,created,0,0,3
20260903T042746Z,,E20260807-64889EFC2D,created,0,0,27
20260903T042746Z,,E20260807-5304A9F742,created,0,0,30
20260903T042746Z,,E20260807-6191160EB6,created,0,0,6
20260903T042746Z,,E20260808-94DFED2BB1,created,0,0,12
20260903T042746Z,,E20260808-1425B53947,created,0,0,12
20260903T042746Z,,E20260808-07E714B6B3,created,0,0,14
20260903T042746Z,,E20260808-15BB6C23D1,created,0,0,3
20260903T042746Z,,E20260808-763C2D9E6E,created,0,0,3
20260903T042746Z,,E20260808-C45F4B0A69,created,0,0,7
20260903T042746Z,,E20260808-1C5A1B7894,created,0,0,5
20260903T042746Z,,E20260808-56542627FE,created,0,0,5
20260903T042746Z,,E20260808-710B6ACED7,created,0,0,3
20260903T042746Z,,E20260808-9F5E8EF061,created,0,0,16
20260903T042746Z,,E20260808-ED64BEEA5E,created,0,0,4
20260903T042746Z,,E20260808-2EB2DDA271,created,0,0,4
20260903T042746Z,,E20260808-029D81DC54,created,0,0,9
20260903T042746Z,,E20260808-61AA3C87C2,created,0,0,9
20260903T042746Z,,E20260808-66A8D578AB,created,0,0,14
20260903T042746Z,,E20260808-EB2B673240,created,0,0,6
20260903T042746Z,,E20260808-20E73DF204,created,0,0,5
20260903T042746Z,,E20260808-868C9582AE,created,0,0,4
20260903T042746Z,,E20260808-79803B8409,created,0,0,5
20260903T042746Z,,E20260808-2D1F076C93,created,0,0,14
20260903T042746Z,,E20260808-C1AD7D9EDA,created,0,0,6
20260903T042746Z,,E20260808-24A7846AF1,created,0,0,4
20260903T042746Z,,E20260808-96565A9D99,created,0,0,3
20260903T042746Z,,E20260808-A34CB66C15,created,0,0,4
20260903T042746Z,,E20260808-470F429AED,created,0,0,6
20260903T042746Z,,E20260808-ADD3309C9B,created,0,0,7
20260903T042746Z,,E20260808-1AD724B67B,created,0,0,7
20260903T042746Z,,E20260808-319E26F3E8,created,0,0,7
20260903T042746Z,,E20260808-BFDF46DF33,created,0,0,3
20260903T042746Z,,E20260808-69ACF12927,created,0,0,10
20260903T042746Z,,E20260808-91D20B6273,created,0,0,3
20260903T042746Z,,E20260808-2841C4D69E,created,0,0,4
20260903T042746Z,,E20260808-E3F9E90400,created,0,0,4
20260903T042746Z,,E20260808-9DB487F4AE,created,0,0,3
20260903T042746Z,,E20260808-B45CAB77D8,created,0,0,3
20260903T042746Z,,E20260808-B13C6EA38A,created,0,0,3
20260903T042746Z,,E20260808-8394CF614C,created,0,0,8
20260903T042746Z,,E20260808-B99A694A62,created,0,0,4
20260903T042746Z,,E20260808-2F0F8AF57E,created,0,0,4
20260903T042746Z,,E20260808-5C4D242B8A,created,0,0,3
20260903T042746Z,,E20260808-AE8C47D8AD,created,0,0,3
20260903T042746Z,,E20260808-6DF904F320,created,0,0,3
20260903T042746Z,,E20260808-9D687E64D7,created,0,0,3
20260903T042746Z,,E20260808-DABF5FED12,created,0,0,3
20260903T042746Z,,E20260808-39346BDFAC,created,0,0,21
20260903T042746Z,,E20260808-BF42A301B3,created,0,0,3
20260903T042746Z,,E20260808-D1DC35C00F,created,0,0,3
20260903T042746Z,,E20260808-E181272F58,created,0,0,4
20260903T042746Z,,E20260808-92BAC53608,created,0,0,3
20260903T042746Z,,E20260808-EECD4CB5D4,created,0,0,5
20260903T042746Z,,E20260808-7E995F0C52,created,0,0,4
20260903T042746Z,,E20260809-B8F64D2CE7,created,0,0,23
20260903T042746Z,,E20260809-5211F8D1EE,created,0,0,3
20260903T042746Z,,E20260809-4F7D825935,created,0,0,5
20260903T042746Z,,E20260809-A107DB613F,created,0,0,232
20260903T042746Z,,E20260809-C2EF60A33D,created,0,0,8
20260903T042746Z,,E20260809-C25C1E2DA3,created,0,0,4
20260903T042746Z,,E20260809-B6B3C46D28,created,0,0,4
20260903T042746Z,,E20260809-143F9C1A0D,created,0,0,4
20260903T042746Z,,E20260809-E1BB200229,created,0,0,5
20260903T042746Z,,E20260809-470AE446DF,created,0,0,5
20260903T042746Z,,E20260809-F7EE4197AB,created,0,0,4
20260903T042746Z,,E20260809-1EA9B4AB4C,created,0,0,4
20260903T042746Z,,E20260809-2361195FBC,created,0,0,5
20260903T042746Z,,E20260809-B2E86CD90A,created,0,0,17
20260903T042746Z,,E20260809-C147B41010,created,0,0,5
20260903T042746Z,,E20260809-B35489622F,created,0,0,5
20260903T042746Z,,E20260809-DC1344E42B,created,0,0,3
20260903T042746Z,,E20260809-98ED6DB1DB,created,0,0,3
20260903T042746Z,,E20260809-BD1DEA0DDC,created,0,0,4
20260903T042746Z,,E20260809-6D097A7B56,created,0,0,7
20260903T042746Z,,E20260809-EE9D5088B3,created,0,0,5
20260903T042746Z,,E20260809-FC1902009C,created,0,0,4
20260903T042746Z,,E20260809-288F48D474,created,0,0,5
20260903T042746Z,,E20260809-063FD10F92,created,0,0,3
20260903T042746Z,,E20260809-A6ECE588FB,created,0,0,7
20260903T042746Z,,E20260809-689D56BAD1,created,0,0,5
20260903T042746Z,,E20260809-6B51862B62,created,0,0,5
20260903T042746Z,,E20260809-176F7C95C4,created,0,0,3
20260903T042746Z,,E20260809-A0364C7A8A,created,0,0,3
20260903T042746Z,,E20260809-793EB0DF74,created,0,0,3
20260903T042746Z,,E20260809-1D9F2D9C83,created,0,0,4
20260903T042746Z,,E20260809-5546D3F75F,created,0,0,3
20260903T042746Z,,E20260809-0B5606A97B,created,0,0,5
20260903T042746Z,,E20260809-C359879566,created,0,0,3
20260903T042746Z,,E20260809-704FD71CE7,created,0,0,3
20260903T042746Z,,E20260809-7DBBBB6404,created,0,0,3
20260903T042746Z,,E20260809-6720F5142D,created,0,0,3
20260903T042746Z,,E20260809-2026A119D6,created,0,0,3
20260903T042746Z,,E20260810-79820EE5F1,created,0,0,6
20260903T042746Z,,E20260810-1044897661,created,0,0,3
20260903T042746Z,,E20260810-C5C8D391FC,created,0,0,7
20260903T042746Z,,E20260810-74545A8D70,created,0,0,3
20260903T042746Z,,E20260810-032CB9BEF1,created,0,0,5
20260903T042746Z,,E20260810-091CB8A2AD,created,0,0,4
20260903T042746Z,,E20260810-A74F6FE43B,created,0,0,8
20260903T042746Z,,E20260810-394BF93F33,created,0,0,35
20260903T042746Z,,E20260810-797B117AD7,created,0,0,5
20260903T042746Z,,E20260810-89B943F009,created,0,0,6
20260903T042746Z,,E20260810-DC5417F6F0,created,0,0,15
20260903T042746Z,,E20260810-D04A27EB40,created,0,0,3
20260903T042746Z,,E20260810-7E963F2C61,created,0,0,8
20260903T042746Z,,E20260810-BADBAEAC5E,created,0,0,3
20260903T042746Z,,E20260810-BFA7996308,created,0,0,3
20260903T042746Z,,E20260810-F5228B6E6E,created,0,0,23
20260903T042746Z,,E20260810-554613B74E,created,0,0,3
20260903T042746Z,,E20260810-9A39629C91,created,0,0,6
20260903T042746Z,,E20260810-004C9FDE8F,created,0,0,4
20260903T042746Z,,E20260810-C11B1B5A85,created,0,0,8
20260903T042746Z,,E20260810-946CE4142D,created,0,0,4
20260903T042746Z,,E20260810-E727A0AAE4,created,0,0,3
20260903T042746Z,,E20260810-083051DBC3,created,0,0,4
20260903T042746Z,,E20260810-C89B2E6B04,created,0,0,9
20260903T042746Z,,E20260810-257A2FF44E,created,0,0,57
20260903T042746Z,,E20260810-BC4FFBEB3C,created,0,0,5
20260903T042746Z,,E20260810-2E761409D1,created,0,0,20
20260903T042746Z,,E20260810-D9F5430E1F,created,0,0,6
20260903T042746Z,,E20260810-408524F62F,created,0,0,28
20260903T042746Z,,E20260810-EE3FBE138D,created,0,0,4
20260903T042746Z,,E20260810-53A147AFC0,created,0,0,3
20260903T042746Z,,E20260810-5262908277,created,0,0,3
20260903T042746Z,,E20260810-B9A9B9376C,created,0,0,6
20260903T042746Z,,E20260810-919DA722B8,created,0,0,8
20260903T042746Z,,E20260810-EE7D5C35B1,created,0,0,6
20260903T042746Z,,E20260810-B1534213B2,created,0,0,10
20260903T042746Z,,E20260810-DF91E8D06C,created,0,0,3
20260903T042746Z,,E20260810-E4E5D1034C,created,0,0,8
20260903T042746Z,,E20260810-2671E429E4,created,0,0,3
20260903T042746Z,,E20260810-CDD29A6A40,created,0,0,3
20260903T042746Z,,E20260810-E454FE37FB,created,0,0,3
20260903T042746Z,,E20260810-373A1779BB,created,0,0,4
20260903T042746Z,,E20260810-A4FB966522,created,0,0,4
20260903T042746Z,,E20260810-4D035CD68D,created,0,0,4
20260903T042746Z,,E20260810-D19D029A9B,created,0,0,4
20260903T042746Z,,E20260810-6E2BB92347,created,0,0,3
20260903T042746Z,,E20260810-376943EA8D,created,0,0,7
20260903T042746Z,,E20260810-0AA014E6F4,created,0,0,27
20260903T042746Z,,E20260810-1F7FE4429A,created,0,0,3
20260903T042746Z,,E20260810-B32B939BE5,created,0,0,4
20260903T042746Z,,E20260810-CC02B765DA,created,0,0,3
20260903T042746Z,,E20260810-8ACB0813CF,created,0,0,4
20260903T042746Z,,E20260810-F131EAACD5,created,0,0,8
20260903T042746Z,,E20260810-E0BB904D18,created,0,0,4
20260903T042746Z,,E20260810-9A8531C64C,created,0,0,5
20260903T042746Z,,E20260810-BD2F76B80D,created,0,0,5
20260903T042746Z,,E20260810-0E8090CFE0,created,0,0,3
20260903T042746Z,,E20260810-9274434FA6,created,0,0,8
20260903T042746Z,,E20260810-BE776E6264,created,0,0,3
20260903T042746Z,,E20260810-4AC2341446,created,0,0,3
20260903T042746Z,,E20260810-C9EB08C7D9,created,0,0,5
20260903T042746Z,,E20260810-361A0BF98F,created,0,0,5
20260903T042746Z,,E20260810-57E0D0B49D,created,0,0,18
20260903T042746Z,,E20260810-57AE9B2A05,created,0,0,3
20260903T042746Z,,E20260810-435AFB2E16,created,0,0,3
20260903T042746Z,,E20260810-4E57BE5849,created,0,0,3
20260903T042746Z,,E20260810-47FABB6247,created,0,0,3
20260903T042746Z,,E20260810-AEA18C4D74,created,0,0,3
20260903T042746Z,,E20260810-8D7D016599,created,0,0,3
20260903T042746Z,,E20260810-F88587C5EF,created,0,0,3
20260903T042746Z,,E20260810-63991AACFA,created,0,0,4
20260903T042746Z,,E20260810-02FC5D812E,created,0,0,4
20260903T042746Z,,E20260810-F42365C51B,created,0,0,7
20260903T042746Z,,E20260810-9A1E75FEB8,created,0,0,5
20260903T042746Z,,E20260810-340C35D7D8,created,0,0,3
20260903T042746Z,,E20260810-94072C35EC,created,0,0,6
20260903T042746Z,,E20260810-F76BCC26AC,created,0,0,3
20260903T042746Z,,E20260810-2107C0C927,created,0,0,3
20260903T042746Z,,E20260810-A85F79D44F,created,0,0,3
20260903T042746Z,,E20260810-2B98FA1491,created,0,0,12
20260903T042746Z,,E20260810-46A7746F5D,created,0,0,22
20260903T042746Z,,E20260810-6572FC973C,created,0,0,5
20260903T042746Z,,E20260810-E9BCD4F32B,created,0,0,3
20260903T042746Z,,E20260810-8405308BBA,created,0,0,6
20260903T042746Z,,E20260810-BE8420E95E,created,0,0,6
20260903T042746Z,,E20260810-D337314963,created,0,0,6
20260903T042746Z,,E20260810-A6CF3889BF,created,0,0,3
20260903T042746Z,,E20260810-D14CB55B83,created,0,0,6
20260903T042746Z,,E20260810-79B3EA6612,created,0,0,8
20260903T042746Z,,E20260810-6944270B24,created,0,0,3
20260903T042746Z,,E20260810-7E4D3EB734,created,0,0,4
20260903T042746Z,,E20260810-F33941669D,created,0,0,186
20260903T042746Z,,E20260810-C7DC39C9BF,created,0,0,4
20260903T042746Z,,E20260810-8235C2B45E,created,0,0,8
20260903T042746Z,,E20260810-B67948C47D,created,0,0,4
20260903T042746Z,,E20260810-CDFA4A1281,created,0,0,6
20260903T042746Z,,E20260810-1A745196A1,created,0,0,5
20260903T042746Z,,E20260810-B50C7A32CC,created,0,0,3
20260903T042746Z,,E20260810-ADD8242B66,created,0,0,4
20260903T042746Z,,E20260810-A63EA49921,created,0,0,5
20260903T042746Z,,E20260810-47186A9B49,created,0,0,3
20260903T042746Z,,E20260810-33D8965438,created,0,0,3
20260903T042746Z,,E20260810-5E7328AA5C,created,0,0,8
20260903T042746Z,,E20260810-230C9228C2,created,0,0,4
20260903T042746Z,,E20260810-272349DF80,created,0,0,3
20260903T042746Z,,E20260810-8A1893D848,created,0,0,18
20260903T042746Z,,E20260810-3980689CC2,created,0,0,4
20260903T042746Z,,E20260810-72D6E608EC,created,0,0,4
20260903T042746Z,,E20260810-A7DB531DF9,created,0,0,21
20260903T042746Z,,E20260810-9A8402D759,created,0,0,3
20260903T042746Z,,E20260810-ED6ECFE529,created,0,0,4
20260903T042746Z,,E20260810-CD32B7D60C,created,0,0,5
20260903T042746Z,,E20260810-D4EC8EBE6A,created,0,0,3
20260903T042746Z,,E20260810-43D92D8908,created,0,0,3
20260903T042746Z,,E20260810-355E30DFCE,created,0,0,5
20260903T042746Z,,E20260810-A2E2899619,created,0,0,18
20260903T042746Z,,E20260810-499170C78C,created,0,0,3
20260903T042746Z,,E20260810-F10FEB5A56,created,0,0,3
20260903T042746Z,,E20260810-D8A0661B19,created,0,0,3
20260903T042746Z,,E20260810-4E57BA93AF,created,0,0,28
20260903T042746Z,,E20260810-A90938B49C,created,0,0,4
20260903T042746Z,,E20260810-B3C5559288,created,0,0,3
20260903T042746Z,,E20260810-385DF7120E,created,0,0,3
20260903T042746Z,,E20260810-2950C1CAC9,created,0,0,10
20260903T042746Z,,E20260810-F7D86DCE19,created,0,0,5
20260903T042746Z,,E20260810-EF37C3F685,created,0,0,22
20260903T042746Z,,E20260810-299FA3C4B3,created,0,0,3
20260903T042746Z,,E20260810-386E8882A5,created,0,0,3
20260903T042746Z,,E20260810-0985AA6240,created,0,0,3
20260903T042746Z,,E20260810-0401C750CF,created,0,0,3
20260903T042746Z,,E20260810-F0D267E348,created,0,0,6
20260903T042746Z,,E20260810-61FE1E0BF5,created,0,0,3
20260903T042746Z,,E20260810-DC55C29DAA,created,0,0,3
20260903T042746Z,,E20260810-14DB9BB39D,created,0,0,10
20260903T042746Z,,E20260810-2EEE1206EF,created,0,0,3
20260903T042746Z,,E20260810-84CB8E4251,created,0,0,4
20260903T042746Z,,E20260810-40FA8C7023,created,0,0,3
20260903T042746Z,,E20260810-925182D620,created,0,0,6
20260903T042746Z,,E20260810-7FF252D6F9,created,0,0,3
20260903T042746Z,,E20260810-3F75EC807E,created,0,0,14
20260903T042746Z,,E20260810-00D3C790A1,created,0,0,4
20260903T042746Z,,E20260810-523884E5C7,created,0,0,12
20260903T042746Z,,E20260810-3450DEEE4B,created,0,0,6
20260903T042746Z,,E20260810-8D0B870C67,created,0,0,4
20260903T042746Z,,E20260810-6DF78ED9FF,created,0,0,3
20260903T042746Z,,E20260810-959329BC4B,created,0,0,24
20260903T042746Z,,E20260810-999ED8254F,created,0,0,44
20260903T042746Z,,E20260810-883EF373C6,created,0,0,4
20260903T042746Z,,E20260810-602FB2C7D5,created,0,0,3
20260903T042746Z,,E20260810-A63C6D2C33,created,0,0,3
20260903T042746Z,,E20260810-E7077595AB,created,0,0,3
20260903T042746Z,,E20260810-20754E0D9C,created,0,0,3
20260903T042746Z,,E20260810-E1DC59CF91,created,0,0,4
20260903T042746Z,,E20260810-63F82C09FC,created,0,0,5
20260903T042746Z,,E20260810-C49B812ACB,created,0,0,3
20260903T042746Z,,E20260810-66A8DA559D,created,0,0,3
20260903T042746Z,,E20260810-7D090AFFAE,created,0,0,4
20260903T042746Z,,E20260810-D254CA7C05,created,0,0,104
20260903T042746Z,,E20260810-A6A94F9909,created,0,0,13
20260903T042746Z,,E20260810-3994202D0E,created,0,0,5
20260903T042746Z,,E20260810-FCCC1B6047,created,0,0,11
20260903T042746Z,,E20260810-41A4DF004E,created,0,0,6
20260903T042746Z,,E20260810-F9B831C908,created,0,0,30
20260903T042746Z,,E20260810-A6D4462C24,created,0,0,5
20260903T042746Z,,E20260810-5BD772360F,created,0,0,5
20260903T042746Z,,E20260810-207E26800F,created,0,0,5
20260903T042746Z,,E20260811-699FB900C3,created,0,0,3
20260903T042746Z,,E20260811-B1C48003A6,created,0,0,5
20260903T042746Z,,E20260811-74E3412718,created,0,0,5
20260903T042746Z,,E20260811-7801C095F0,created,0,0,3
20260903T042746Z,,E20260811-CA64903FAB,created,0,0,3
20260903T042746Z,,E20260811-BD79070553,created,0,0,19
20260903T042746Z,,E20260811-43D9BD950F,created,0,0,13
20260903T042746Z,,E20260811-E858A24E7A,created,0,0,4
20260903T042746Z,,E20260811-0A2A20F22C,created,0,0,45
20260903T042746Z,,E20260811-304F0BA684,created,0,0,14
20260903T042746Z,,E20260811-509AE609A5,created,0,0,40
20260903T042746Z,,E20260811-61EC9C9DEB,created,0,0,6
20260903T042746Z,,E20260811-63255CFF3C,created,0,0,3
20260903T042746Z,,E20260811-02645C77A8,created,0,0,5
20260903T042746Z,,E20260811-77AC72D08E,created,0,0,7
20260903T042746Z,,E20260811-937B92F11A,created,0,0,5
20260903T042746Z,,E20260811-B3F4915840,created,0,0,3
20260903T042746Z,,E20260811-E3427BDDCC,created,0,0,10
20260903T042746Z,,E20260811-3555F7E86C,created,0,0,10
20260903T042746Z,,E20260811-19BA4FBCF2,created,0,0,3
20260903T042746Z,,E20260811-7D2EDC98BD,created,0,0,5
20260903T042746Z,,E20260811-CFD3E101A2,created,0,0,3
20260903T042746Z,,E20260811-B784FF0F53,created,0,0,3
20260903T042746Z,,E20260811-20708F05E5,created,0,0,8
20260903T042746Z,,E20260811-03040CD9C1,created,0,0,4
20260903T042746Z,,E20260811-215608BBEB,created,0,0,6
20260903T042746Z,,E20260811-6C7D015B8C,created,0,0,3
20260903T042746Z,,E20260811-011E7927BE,created,0,0,9
20260903T042746Z,,E20260811-2169C302E3,created,0,0,13
20260903T042746Z,,E20260811-4A3816EFCA,created,0,0,24
20260903T042746Z,,E20260811-895E5DE90B,created,0,0,19
20260903T042746Z,,E20260811-94A97BA0CF,created,0,0,46
20260903T042746Z,,E20260811-6D67ACD720,created,0,0,66
20260903T042746Z,,E20260811-379F9C7F54,created,0,0,9
20260903T042746Z,,E20260811-A31E979197,created,0,0,3
20260903T042746Z,,E20260811-6F5FBFA07C,created,0,0,4
20260903T042746Z,,E20260811-3E9B2E3340,created,0,0,30
20260903T042746Z,,E20260811-B77A613C3E,created,0,0,3
20260903T042746Z,,E20260811-4D801DF407,created,0,0,3
20260903T042746Z,,E20260811-F2BC18E843,created,0,0,4
20260903T042746Z,,E20260811-CE561EDDFD,created,0,0,4
20260903T042746Z,,E20260811-3FA78E5D69,created,0,0,4
20260903T042746Z,,E20260811-6E13BE55A1,created,0,0,4
20260903T042746Z,,E20260811-0C107D4508,created,0,0,4
20260903T042746Z,,E20260811-6FE2E542FE,created,0,0,3
20260903T042746Z,,E20260811-81D9605906,created,0,0,6
20260903T042746Z,,E20260811-8213A36465,created,0,0,3
20260903T042746Z,,E20260811-5A17AA0A30,created,0,0,3
20260903T042746Z,,E20260811-6FBC206B79,created,0,0,4
20260903T042746Z,,E20260811-22CA2B8E5C,created,0,0,3
20260903T042746Z,,E20260811-D2006010F9,created,0,0,19
20260903T042746Z,,E20260811-69F66DAE4C,created,0,0,3
20260903T042746Z,,E20260811-61D5C2BB5E,created,0,0,9
20260903T042746Z,,E20260811-011E6C1991,created,0,0,4
20260903T042746Z,,E20260811-88C1388079,created,0,0,8
20260903T042746Z,,E20260811-7E8DC738FE,created,0,0,4
20260903T042746Z,,E20260811-979E345305,created,0,0,3
20260903T042746Z,,E20260811-7BE93538DF,created,0,0,3
20260903T042746Z,,E20260811-FDB67F5E19,created,0,0,15
20260903T042746Z,,E20260811-E997A65364,created,0,0,4
20260903T042746Z,,E20260811-47EEA537E1,created,0,0,3
20260903T042746Z,,E20260811-69364F230F,created,0,0,3
20260903T042746Z,,E20260811-D1281CE850,created,0,0,5
20260903T042746Z,,E20260811-AA4FBA0EAB,created,0,0,3
20260903T042746Z,,E20260811-554BFBBEBA,created,0,0,16
20260903T042746Z,,E20260811-A762A1B29B,created,0,0,3
20260903T042746Z,,E20260811-634073621E,created,0,0,3
20260903T042746Z,,E20260811-A20E7BFADB,created,0,0,3
20260903T042746Z,,E20260811-FECC341689,created,0,0,3
20260903T042746Z,,E20260811-204CFA014B,created,0,0,3
20260903T042746Z,,E20260811-7FF6EF8263,created,0,0,6
20260903T042746Z,,E20260811-6DAF8B9BF3,created,0,0,6
20260903T042746Z,,E20260811-1C55ECDFB8,created,0,0,3
20260903T042746Z,,E20260811-B040FCE983,created,0,0,6
20260903T042746Z,,E20260811-B171723524,created,0,0,3
20260903T042746Z,,E20260811-118C4A71C1,created,0,0,3
20260903T042746Z,,E20260811-BD0D215D16,created,0,0,3
20260903T042746Z,,E20260811-0795CE6A80,created,0,0,4
20260903T042746Z,,E20260811-5DC1155109,created,0,0,3
20260903T042746Z,,E20260811-99CE4F2252,created,0,0,3
20260903T042746Z,,E20260811-C6E2E59BE5,created,0,0,3
20260903T042746Z,,E20260811-F6AEAA9FFE,created,0,0,3
20260903T042746Z,,E20260811-EF08BC7B71,created,0,0,3
20260903T042746Z,,E20260811-6E3A6EEF2C,created,0,0,3
20260903T042746Z,,E20260811-2DFC9EA5F1,created,0,0,4
20260903T042746Z,,E20260811-9E60383F6C,created,0,0,3
20260903T042746Z,,E20260811-522E6EFB88,created,0,0,4
20260903T042746Z,,E20260811-812F883BDD,created,0,0,3
20260903T042746Z,,E20260811-6044761E86,created,0,0,5
20260903T042746Z,,E20260811-D7B532C489,created,0,0,3
20260903T042746Z,,E20260811-F954EB6A1C,created,0,0,13
20260903T042746Z,,E20260811-8C770E9371,created,0,0,7
20260903T042746Z,,E20260811-C0E23B710D,created,0,0,3
20260903T042746Z,,E20260811-7BEE7C4194,created,0,0,3
20260903T042746Z,,E20260811-44CAC15063,created,0,0,5
20260903T042746Z,,E20260811-CE561C4ED0,created,0,0,4
20260903T042746Z,,E20260811-5B72DB943D,created,0,0,3
20260903T042746Z,,E20260811-2F886D0634,created,0,0,4
20260903T042746Z,,E20260811-79017644C7,created,0,0,3
20260903T042746Z,,E20260811-094D3B4C47,created,0,0,5
20260903T042746Z,,E20260811-CB989A5A7D,created,0,0,3
20260903T042746Z,,E20260811-0B8DB0EC41,created,0,0,4
20260903T042746Z,,E20260811-CBFA47C704,created,0,0,3
20260903T042746Z,,E20260811-6A3DE90666,created,0,0,3
20260903T042746Z,,E20260812-39ADA6F08F,created,0,0,22
20260903T042746Z,,E20260812-6B515BA513,created,0,0,5
20260903T042746Z,,E20260812-B9FA9EC7BD,created,0,0,5
20260903T042746Z,,E20260812-843389B01B,created,0,0,5
20260903T042746Z,,E20260812-1AF0E0D2E4,created,0,0,3
20260903T042746Z,,E20260812-363BEBE373,created,0,0,10
20260903T042746Z,,E20260812-1976B52BF2,created,0,0,3
20260903T042746Z,,E20260812-92274AEC23,created,0,0,6
20260903T042746Z,,E20260812-A62363F578,created,0,0,3
20260903T042746Z,,E20260812-98E31D3EC9,created,0,0,4
20260903T042746Z,,E20260812-080ED2F612,created,0,0,6
20260903T042746Z,,E20260812-517F1C1E7E,created,0,0,5
20260903T042746Z,,E20260812-DA77A702DD,created,0,0,4
20260903T042746Z,,E20260812-BE5A25EA8E,created,0,0,5
20260903T042746Z,,E20260812-D4775480EC,created,0,0,5
20260903T042746Z,,E20260812-BBA2ADCCD1,created,0,0,3
20260903T042746Z,,E20260812-9654FDFDDD,created,0,0,4
20260903T042746Z,,E20260812-9B01247BBE,created,0,0,10
20260903T042746Z,,E20260812-49B7E1C59C,created,0,0,4
20260903T042746Z,,E20260812-4BF382CC77,created,0,0,4
20260903T042746Z,,E20260812-5A481DE259,created,0,0,15
20260903T042746Z,,E20260812-30007D5BF9,created,0,0,6
20260903T042746Z,,E20260812-5A45A66E4E,created,0,0,9
20260903T042746Z,,E20260812-67BC1EB56A,created,0,0,4
20260903T042746Z,,E20260812-233F7B8004,created,0,0,4
20260903T042746Z,,E20260812-B13A0DA5E9,created,0,0,5
20260903T042746Z,,E20260812-CDE1ACD4D0,created,0,0,3
20260903T042746Z,,E20260812-3A1A485666,created,0,0,12
20260903T042746Z,,E20260812-8854E22B49,created,0,0,3
20260903T042746Z,,E20260812-14F8491F58,created,0,0,7
20260903T042746Z,,E20260812-0B30190763,created,0,0,6
20260903T042746Z,,E20260812-799F535E34,created,0,0,4
20260903T042746Z,,E20260812-6A1ADB429F,created,0,0,3
20260903T042746Z,,E20260812-B657E468AB,created,0,0,3
20260903T042746Z,,E20260812-F2FE44F404,created,0,0,6
20260903T042746Z,,E20260812-170669D4E1,created,0,0,6
20260903T042746Z,,E20260812-ACA95B3E5A,created,0,0,5
20260903T042746Z,,E20260812-12BB247C24,created,0,0,4
20260903T042746Z,,E20260812-19912D8BE7,created,0,0,3
20260903T042746Z,,E20260812-D1345288C7,created,0,0,3
20260903T042746Z,,E20260812-22388E598B,created,0,0,3
20260903T042746Z,,E20260812-D140BC701F,created,0,0,3
20260903T042746Z,,E20260812-1BCCDEDF76,created,0,0,4
20260903T042746Z,,E20260812-9B6FE5B285,created,0,0,3
20260903T042746Z,,E20260812-AD9ED5ABF7,created,0,0,3
20260903T042746Z,,E20260812-578C025CC4,created,0,0,3
20260903T042746Z,,E20260812-BACB20A3B5,created,0,0,3
20260903T042746Z,,E20260812-F57805A180,created,0,0,3
20260903T042746Z,,E20260812-E6DF26F769,created,0,0,5
20260903T042746Z,,E20260812-83338969FC,created,0,0,7
20260903T042746Z,,E20260812-520A15A4CC,created,0,0,3
20260903T042746Z,,E20260812-515721F0AE,created,0,0,3
20260903T042746Z,,E20260812-6DE35E39BE,created,0,0,5
20260903T042746Z,,E20260812-D3BF2320FF,created,0,0,4
20260903T042746Z,,E20260812-0165FD9763,created,0,0,3
20260903T042746Z,,E20260812-1BD71C2750,created,0,0,3
20260903T042746Z,,E20260812-AA6F8253D5,created,0,0,6
20260903T042746Z,,E20260812-41DEEE6948,created,0,0,5
20260903T042746Z,,E20260812-918A4DDBEE,created,0,0,3
20260903T042746Z,,E20260812-F3AAEC6B57,created,0,0,3
20260903T042746Z,,E20260812-18E3FF8118,created,0,0,6
20260903T042746Z,,E20260812-71B9E53984,created,0,0,3
20260903T042746Z,,E20260812-88FF49B137,created,0,0,3
20260903T042746Z,,E20260812-8D9B1A150A,created,0,0,3
20260903T042746Z,,E20260812-0E201B37D8,created,0,0,4
20260903T042746Z,,E20260812-D805B5028D,created,0,0,3
20260903T042746Z,,E20260812-DF7F6F9132,created,0,0,3
20260903T042746Z,,E20260812-816AFAEC09,created,0,0,5
20260903T042746Z,,E20260812-1F6655E693,created,0,0,7
20260903T042746Z,,E20260812-34643D8778,created,0,0,9
20260903T042746Z,,E20260812-397FA6E9C7,created,0,0,3
20260903T042746Z,,E20260812-CD17B90E40,created,0,0,4
20260903T042746Z,,E20260812-8D416E7B76,created,0,0,7
20260903T042746Z,,E20260812-3D5FACF8E8,created,0,0,5
20260903T042746Z,,E20260812-A60265672A,created,0,0,3
20260903T042746Z,,E20260813-9CBA316551,created,0,0,3
20260903T042746Z,,E20260813-9FAFCB7F7A,created,0,0,3
20260903T042746Z,,E20260813-C42A1AB4F4,created,0,0,3
20260903T042746Z,,E20260813-A76668F22C,created,0,0,5
20260903T042746Z,,E20260813-0C0D50D086,created,0,0,7
20260903T042746Z,,E20260813-65FC99743D,created,0,0,3
20260903T042746Z,,E20260813-1741C6748B,created,0,0,3
20260903T042746Z,,E20260813-1CCEFB9D7C,created,0,0,12
20260903T042746Z,,E20260813-D223D02E46,created,0,0,4
20260903T042746Z,,E20260813-B4BA8F9C6E,created,0,0,3
20260903T042746Z,,E20260813-DC892EB057,created,0,0,11
20260903T042746Z,,E20260813-02E4B5EBE3,created,0,0,8
20260903T042746Z,,E20260813-01312744D4,created,0,0,6
20260903T042746Z,,E20260813-303D0F0404,created,0,0,17
20260903T042746Z,,E20260813-E8A87BE213,created,0,0,3
20260903T042746Z,,E20260813-F9606E0100,created,0,0,36
20260903T042746Z,,E20260813-ED0565844E,created,0,0,7
20260903T042746Z,,E20260813-0FA860B6AE,created,0,0,5
20260903T042746Z,,E20260813-41AAF1E921,created,0,0,13
20260903T042746Z,,E20260813-40053F5C03,created,0,0,3
20260903T042746Z,,E20260813-430EDBB80B,created,0,0,7
20260903T042746Z,,E20260813-D1EE62E8E0,created,0,0,3
20260903T042746Z,,E20260813-E897266A77,created,0,0,3
20260903T042746Z,,E20260813-E53720B059,created,0,0,12
20260903T042746Z,,E20260813-ECA0FAE934,created,0,0,3
20260903T042746Z,,E20260813-4351693696,created,0,0,5
20260903T042746Z,,E20260813-E08450CE28,created,0,0,9
20260903T042746Z,,E20260813-7956FA7A8B,created,0,0,3
20260903T042746Z,,E20260813-FCE983235E,created,0,0,4
20260903T042746Z,,E20260813-B84354AF43,created,0,0,14
20260903T042746Z,,E20260813-A324A2C813,created,0,0,3
20260903T042746Z,,E20260814-8F2275CB7B,created,0,0,4
20260903T042746Z,,E20260814-C9F7F1C5B3,created,0,0,3
20260903T042746Z,,E20260814-6E1B08AC4D,created,0,0,30
20260903T042746Z,,E20260814-075F00F619,created,0,0,3
20260903T042746Z,,E20260814-1AB920A548,created,0,0,8
20260903T042746Z,,E20260814-D4C55C7FA8,created,0,0,7
20260903T042746Z,,E20260814-E93515E4F8,created,0,0,6
20260903T042746Z,,E20260814-AB7007E31F,created,0,0,18
20260903T042746Z,,E20260814-9C5CD9FE58,created,0,0,3
20260903T042746Z,,E20260814-C0CDFFB49E,created,0,0,4
20260903T042746Z,,E20260814-919DDEB284,created,0,0,3
20260903T042746Z,,E20260814-8D7B4DB6C1,created,0,0,4
20260903T042746Z,,E20260814-5531A9717E,created,0,0,3
20260903T042746Z,,E20260814-F1E516CDF1,created,0,0,6
20260903T042746Z,,E20260814-7D6AF6B781,created,0,0,3
20260903T042746Z,,E20260814-CFFC2EBE8F,created,0,0,4
20260903T042746Z,,E20260814-63C507E491,created,0,0,3
20260903T042746Z,,E20260814-F7F93EA892,created,0,0,5
20260903T042746Z,,E20260814-F9EEFF4DFE,created,0,0,3
20260903T042746Z,,E20260814-2F53B72434,created,0,0,4
20260903T042746Z,,E20260814-C690A9D993,created,0,0,3
20260903T042746Z,,E20260814-50BCF3F07E,created,0,0,4
20260903T042746Z,,E20260814-6222FAD67F,created,0,0,3
20260903T042746Z,,E20260814-63A292E3F6,created,0,0,3
20260903T042746Z,,E20260814-7A512CA3F2,created,0,0,3
20260903T042746Z,,E20260814-AE8F7CE623,created,0,0,3
20260903T042746Z,,E20260814-4390FA4C03,created,0,0,3
20260903T042746Z,,E20260814-7D5F2E0A16,created,0,0,7
20260903T042746Z,,E20260814-8BC63EF0A7,created,0,0,3
20260903T042746Z,,E20260814-3618F1438A,created,0,0,8
20260903T042746Z,,E20260814-3603871C6D,created,0,0,9
20260903T042746Z,,E20260814-42433A40D9,created,0,0,12
20260903T042746Z,,E20260815-D12D5587C9,created,0,0,5
20260903T042746Z,,E20260815-85415C319A,created,0,0,4
20260903T042746Z,,E20260815-FAE7E85C3B,created,0,0,5
20260903T042746Z,,E20260815-7D736D4BC8,created,0,0,8
20260903T042746Z,,E20260815-DFBA74ADF3,created,0,0,3
20260903T042746Z,,E20260815-32099EBF76,created,0,0,6
20260903T042746Z,,E20260815-6E77D45987,created,0,0,3
20260903T042746Z,,E20260815-26A4CB2DC5,created,0,0,3
20260903T042746Z,,E20260815-70D229442F,created,0,0,3
20260903T042746Z,,E20260815-ECE345D51B,created,0,0,4
20260903T042746Z,,E20260815-4B0D7BA922,created,0,0,5
20260903T042746Z,,E20260815-0491651FB5,created,0,0,5
20260903T042746Z,,E20260815-706DB1B58C,created,0,0,4
20260903T042746Z,,E20260815-86916E8B0B,created,0,0,5
20260903T042746Z,,E20260815-1FE7C16553,created,0,0,3
20260903T042746Z,,E20260815-EBB0EFBC1A,created,0,0,4
20260903T042746Z,,E20260815-15BC446415,created,0,0,5
20260903T042746Z,,E20260815-65B48A1A30,created,0,0,3
20260903T042746Z,,E20260815-71186F37EE,created,0,0,9
20260903T042746Z,,E20260815-4F1E60AE8C,created,0,0,3
20260903T042746Z,,E20260815-048DDE20B7,created,0,0,4
20260903T042746Z,,E20260815-144808B301,created,0,0,4
20260903T042746Z,,E20260815-878268C868,created,0,0,7
20260903T042746Z,,E20260815-167E9C35AB,created,0,0,4
20260903T042746Z,,E20260815-B513A2FBA4,created,0,0,4
20260903T042746Z,,E20260815-5E364089D2,created,0,0,3
20260903T042746Z,,E20260815-0E2A220DEB,created,0,0,5
20260903T042746Z,,E20260815-78903DA4BF,created,0,0,5
20260903T042746Z,,E20260815-DCD9E0A574,created,0,0,3
20260903T042746Z,,E20260815-721DE912AC,created,0,0,4
20260903T042746Z,,E20260815-A6A552F428,created,0,0,6
20260903T042746Z,,E20260815-ED4B2AC74A,created,0,0,4
20260903T042746Z,,E20260816-632F486BDF,created,0,0,3
20260903T042746Z,,E20260816-3FD08D27A3,created,0,0,4
20260903T042746Z,,E20260816-098B4194CC,created,0,0,3
20260903T042746Z,,E20260818-7B9FC01017,created,0,0,7
20260903T042746Z,,E20260818-00B2CA5110,created,0,0,4
20260903T042746Z,,E20260818-7582AB4917,created,0,0,3
20260903T042746Z,,E20260818-9A52929DF1,created,0,0,13
20260903T042746Z,,E20260818-B5A024FFCC,created,0,0,3
20260903T042746Z,,E20260818-39B8BF2A7B,created,0,0,5
20260903T042746Z,,E20260818-B525DDAC4E,created,0,0,6
20260903T042746Z,,E20260818-71CC196B80,created,0,0,3
20260903T042746Z,,E20260818-F845400784,created,0,0,3
20260903T042746Z,,E20260818-74E6889127,created,0,0,8
20260903T042746Z,,E20260819-1951F19866,created,0,0,3
20260903T042746Z,,E20260819-227A289205,created,0,0,3
20260903T042746Z,,E20260819-191D84CBC9,created,0,0,7
20260903T042746Z,,E20260819-A1A9A3A8F3,created,0,0,3
20260903T042746Z,,E20260819-B7DE08E8DB,created,0,0,10
20260903T042746Z,,E20260819-AF83860155,created,0,0,15
20260903T042746Z,,E20260819-936374A796,created,0,0,7
20260903T042746Z,,E20260819-2BD87D33CE,created,0,0,3
20260903T042746Z,,E20260819-6134E8DC86,created,0,0,4
20260903T042746Z,,E20260819-3375131230,created,0,0,4
20260903T042746Z,,E20260819-B2DB1DA974,created,0,0,6
20260903T042746Z,,E20260819-7E29D90432,created,0,0,6
20260903T042746Z,,E20260819-9306D0C931,created,0,0,5
20260903T042746Z,,E20260819-2CD3EBA63E,created,0,0,3
20260903T042746Z,,E20260819-ADF0DE0411,created,0,0,3
20260903T042746Z,,E20260819-3C05D5A0A5,created,0,0,3
20260903T042746Z,,E20260819-DA07732CCF,created,0,0,4
20260903T042746Z,,E20260819-8244C7F035,created,0,0,4
20260903T042746Z,,E20260819-389A1549CF,created,0,0,5
20260903T042746Z,,E20260819-D5A8765C74,created,0,0,3
20260903T042746Z,,E20260819-AFEA381E3E,created,0,0,3
20260903T042746Z,,E20260819-A276F21D9E,created,0,0,4
20260903T042746Z,,E20260819-AD56930369,created,0,0,6
20260903T042746Z,,E20260819-EBB4A3B5A0,created,0,0,3
20260903T042746Z,,E20260819-CEDF652C99,created,0,0,3
20260903T042746Z,,E20260819-E87DB01BFC,created,0,0,8
20260903T042746Z,,E20260819-84E7596BB6,created,0,0,3
20260903T042746Z,,E20260819-0E510E646B,created,0,0,4
20260903T042746Z,,E20260819-4F45EB9E67,created,0,0,3
20260903T042746Z,,E20260819-CD8B432015,created,0,0,8
20260903T042746Z,,E20260819-418FA1F706,created,0,0,3
20260903T042746Z,,E20260819-6B95F2DA9E,created,0,0,4
20260903T042746Z,,E20260819-B17E7F5AFD,created,0,0,4
20260903T042746Z,,E20260819-6D48E9383D,created,0,0,3
20260903T042746Z,,E20260819-F38D1E36A4,created,0,0,3
20260903T042746Z,,E20260819-E34FE91963,created,0,0,3
20260903T042746Z,,E20260819-5738EF3B69,created,0,0,4
20260903T042746Z,,E20260819-8DB3A89BAC,created,0,0,8
20260903T042746Z,,E20260819-EEB0F43C40,created,0,0,3
20260903T042746Z,,E20260819-FC3521D80E,created,0,0,3
20260903T042746Z,,E20260819-6F6ADE940F,created,0,0,3
20260903T042746Z,,E20260819-88A6E556DB,created,0,0,6
20260903T042746Z,,E20260819-C95823945C,created,0,0,3
20260903T042746Z,,E20260819-9C416A8179,created,0,0,8
20260903T042746Z,,E20260819-ABF58C78A0,created,0,0,3
20260903T042746Z,,E20260819-16A0CA5435,created,0,0,3
20260903T042746Z,,E20260819-80EE55A918,created,0,0,4
20260903T042746Z,,E20260819-C548B23490,created,0,0,11
20260903T042746Z,,E20260820-0F8500D344,created,0,0,5
20260903T042746Z,,E20260820-44C0C5B747,created,0,0,4
20260903T042746Z,,E20260820-CC259A7D25,created,0,0,36
20260903T042746Z,,E20260820-6C54DE531D,created,0,0,18
20260903T042746Z,,E20260820-F7D135AC06,created,0,0,42
20260903T042746Z,,E20260820-32D7B38BA3,created,0,0,3
20260903T042746Z,,E20260820-A23BCACF7E,created,0,0,4
20260903T042746Z,,E20260820-32286E6CCD,created,0,0,3
20260903T042746Z,,E20260820-357513F14A,created,0,0,16
20260903T042746Z,,E20260820-8C1E929AE1,created,0,0,5
20260903T042746Z,,E20260820-2B6E95D028,created,0,0,3
20260903T042746Z,,E20260820-7F0CAFE1E3,created,0,0,3
20260903T042746Z,,E20260820-53359FE259,created,0,0,75
20260903T042746Z,,E20260820-59B64323FA,created,0,0,4
20260903T042746Z,,E20260820-21B47FF6FB,created,0,0,5
20260903T042746Z,,E20260820-2CB9964FCB,created,0,0,12
20260903T042746Z,,E20260820-49F694997D,created,0,0,8
20260903T042746Z,,E20260820-BDB09C615B,created,0,0,5
20260903T042746Z,,E20260820-1FE7760196,created,0,0,3
20260903T042746Z,,E20260820-557B8E4079,created,0,0,10
20260903T042746Z,,E20260820-4420882319,created,0,0,4
20260903T042746Z,,E20260820-415041F1D1,created,0,0,3
20260903T042746Z,,E20260820-B8DFC42E41,created,0,0,3
20260903T042746Z,,E20260820-99DC3AAC56,created,0,0,3
20260903T042746Z,,E20260820-AA28B57E17,created,0,0,4
20260903T042746Z,,E20260820-696C3AF836,created,0,0,3
20260903T042746Z,,E20260820-1D5B4F3B29,created,0,0,4
20260903T042746Z,,E20260820-35FB8655C6,created,0,0,5
20260903T042746Z,,E20260820-DD599F8944,created,0,0,4
20260903T042746Z,,E20260820-F346A9C2C4,created,0,0,4
20260903T042746Z,,E20260820-26BA959CAD,created,0,0,4
20260903T042746Z,,E20260820-0308BB6385,created,0,0,8
20260903T042746Z,,E20260820-D906B3562F,created,0,0,4
20260903T042746Z,,E20260820-DF7FEB9828,created,0,0,4
20260903T042746Z,,E20260820-A2B08D501A,created,0,0,4
20260903T042746Z,,E20260820-85245CA577,created,0,0,3
20260903T042746Z,,E20260820-0EE0016C8D,created,0,0,4
20260903T042746Z,,E20260820-92DC0CF2CB,created,0,0,3
20260903T042746Z,,E20260820-A06AFB99D1,created,0,0,3
20260903T042746Z,,E20260820-59CEBF6006,created,0,0,3
20260903T042746Z,,E20260820-4F2B2B9A46,created,0,0,4
20260903T042746Z,,E20260820-81202400D5,created,0,0,4
20260903T042746Z,,E20260820-27AA4331DA,created,0,0,3
20260903T042746Z,,E20260820-17027FBE47,created,0,0,3
20260903T042746Z,,E20260820-8CEB2AB397,created,0,0,9
20260903T042746Z,,E20260820-8224BD3E57,created,0,0,4
20260903T042746Z,,E20260820-13F18A1471,created,0,0,9
20260903T042746Z,,E20260820-1AF1A6A20C,created,0,0,4
20260903T042746Z,,E20260820-564806AD58,created,0,0,3
20260903T042746Z,,E20260820-D51063FE65,created,0,0,4
20260903T042746Z,,E20260820-43E5743547,created,0,0,4
20260903T042746Z,,E20260820-94E0007D6D,created,0,0,3
20260903T042746Z,,E20260820-635F006FFA,created,0,0,5
20260903T042746Z,,E20260820-48072936E7,created,0,0,4
20260903T042746Z,,E20260820-F3D924B1C3,created,0,0,4
20260903T042746Z,,E20260820-D35FDF92F0,created,0,0,5
20260903T042746Z,,E20260820-B66A8E2057,created,0,0,7
20260903T042746Z,,E20260820-64A4794DB3,created,0,0,3
20260903T042746Z,,E20260820-F63A3FA83B,created,0,0,3
20260903T042746Z,,E20260820-429B030F41,created,0,0,4
20260903T042746Z,,E20260820-85C3C592F3,created,0,0,8
20260903T042746Z,,E20260820-A34AC9B2DC,created,0,0,3
20260903T042746Z,,E20260821-664288F647,created,0,0,3
20260903T042746Z,,E20260821-97B792BB9C,created,0,0,3
20260903T042746Z,,E20260821-4C84F5602D,created,0,0,3
20260903T042746Z,,E20260821-DEDF3727E8,created,0,0,3
20260903T042746Z,,E20260821-748C0723C5,created,0,0,5
20260903T042746Z,,E20260821-011B83A76B,created,0,0,4
20260903T042746Z,,E20260821-E5848A8F7B,created,0,0,3
20260903T042746Z,,E20260821-984DE56169,created,0,0,3
20260903T042746Z,,E20260821-F6AA90655C,created,0,0,3
20260903T042746Z,,E20260821-8F9E86F146,created,0,0,9
20260903T042746Z,,E20260821-12DF457CFD,created,0,0,3
20260903T042746Z,,E20260821-D97F16BF53,created,0,0,3
20260903T042746Z,,E20260821-3CFEEB580D,created,0,0,7
20260903T042746Z,,E20260821-432EC5A895,created,0,0,9
20260903T042746Z,,E20260821-13A11E05E5,created,0,0,4
20260903T042746Z,,E20260821-9BBA299957,created,0,0,3
20260903T042746Z,,E20260821-89564A58EB,created,0,0,5
20260903T042746Z,,E20260821-B7F4B2AC9E,created,0,0,5
20260903T042746Z,,E20260821-68DCF14E69,created,0,0,6
20260903T042746Z,,E20260821-8C63A4AD33,created,0,0,3
20260903T042746Z,,E20260821-88A8D9978D,created,0,0,3
20260903T042746Z,,E20260821-F8D3E2788E,created,0,0,4
20260903T042746Z,,E20260821-12457BFEC7,created,0,0,3
20260903T042746Z,,E20260821-6E781FF13D,created,0,0,3
20260903T042746Z,,E20260821-DA542AC7B1,created,0,0,3
20260903T042746Z,,E20260821-47F31019B7,created,0,0,5
20260903T042746Z,,E20260821-4CA5188895,created,0,0,4
20260903T042746Z,,E20260822-95EC6B8E1F,created,0,0,3
20260903T042746Z,,E20260822-4BE7C3D722,created,0,0,4
20260903T042746Z,,E20260822-06EF57BC8C,created,0,0,3
20260903T042746Z,,E20260822-E7E9B3F567,created,0,0,4
20260903T042746Z,,E20260822-467EFD38F1,created,0,0,7
20260903T042746Z,,E20260822-359864402B,created,0,0,3
20260903T042746Z,,E20260822-A15E065243,created,0,0,6
20260903T042746Z,,E20260822-DF5DA50C68,created,0,0,3
20260903T042746Z,,E20260822-0347D1498C,created,0,0,6
20260903T042746Z,,E20260822-9CC86C0EC3,created,0,0,4
20260903T042746Z,,E20260822-BEA2EC812A,created,0,0,4
20260903T042746Z,,E20260822-77F1D464AA,created,0,0,9
20260903T042746Z,,E20260822-1DD60AF5B6,created,0,0,4
20260903T042746Z,,E20260822-42DD313B83,created,0,0,3
20260903T042746Z,,E20260822-A7D37372AC,created,0,0,4
20260903T042746Z,,E20260822-27E75E48B8,created,0,0,4
20260903T042746Z,,E20260822-2E300DEDAC,created,0,0,3
20260903T042746Z,,E20260822-707A7D0411,created,0,0,15
20260903T042746Z,,E20260822-02FD03FEAC,created,0,0,3
20260903T042746Z,,E20260823-D223862DBB,created,0,0,5
20260903T042746Z,,E20260823-A38CD3524C,created,0,0,4
20260903T042746Z,,E20260823-949FD70612,created,0,0,15
20260903T042746Z,,E20260823-0EA2788958,created,0,0,21
20260903T042746Z,,E20260823-C7D94704E2,created,0,0,3
20260903T042746Z,,E20260823-833CA273EA,created,0,0,4
20260903T042746Z,,E20260823-46436CBFAB,created,0,0,4
20260903T042746Z,,E20260823-B80B087A0A,created,0,0,18
20260903T042746Z,,E20260823-22C9D9D416,created,0,0,4
20260903T042746Z,,E20260823-B1D90AFF79,created,0,0,4
20260903T042746Z,,E20260823-2E69D2F7DA,created,0,0,3
20260903T042746Z,,E20260823-D7049406F8,created,0,0,3
20260903T042746Z,,E20260823-43BEE4BA94,created,0,0,3
20260903T042746Z,,E20260823-C4DFB143A7,created,0,0,3
20260903T042746Z,,E20260823-D47344F347,created,0,0,3
20260903T042746Z,,E20260823-0EE4C6DD97,created,0,0,3
20260903T042746Z,,E20260823-B6C7BA9FA9,created,0,0,16
20260903T042746Z,,E20260823-44F4A9C2D6,created,0,0,3
20260903T042746Z,,E20260823-E2A1DA18E0,created,0,0,3
20260903T042746Z,,E20260823-3D5D0A90A9,created,0,0,9
20260903T042746Z,,E20260823-EB70E612D5,created,0,0,3
20260903T042746Z,,E20260823-7E8ECE155F,created,0,0,3
20260903T042746Z,,E20260823-1223392AB7,created,0,0,8
20260903T042746Z,,E20260823-590B11B425,created,0,0,14
20260903T042746Z,,E20260823-F95C611C83,created,0,0,4
20260903T042746Z,,E20260823-4A95F40D3F,created,0,0,10
20260903T042746Z,,E20260824-0EA3B7F469,created,0,0,4
20260903T042746Z,,E20260824-96B3F53454,created,0,0,4
20260903T042746Z,,E20260824-7E5D4D75A3,created,0,0,4
20260903T042746Z,,E20260824-66164C9C1F,created,0,0,13
20260903T042746Z,,E20260824-EDAAF3922C,created,0,0,9
20260903T042746Z,,E20260824-02D99F6935,created,0,0,3
20260903T042746Z,,E20260824-573EB10337,created,0,0,3
20260903T042746Z,,E20260824-7FBC382326,created,0,0,3
20260903T042746Z,,E20260824-700B3F1B26,created,0,0,6
20260903T042746Z,,E20260824-5118E35B95,created,0,0,3
20260903T042746Z,,E20260824-F5F693AEEF,created,0,0,4
20260903T042746Z,,E20260824-752698ACD3,created,0,0,6
20260903T042746Z,,E20260824-B1FF6B25D1,created,0,0,7
20260903T042746Z,,E20260824-B0EDCB8D2C,created,0,0,3
20260903T042746Z,,E20260824-A9CA284594,created,0,0,3
20260903T042746Z,,E20260824-6CEA6E1AFE,created,0,0,4
20260903T042746Z,,E20260824-6C4EE042B2,created,0,0,4
20260903T042746Z,,E20260824-27B3793B2E,created,0,0,4
20260903T042746Z,,E20260824-08D91C23B9,created,0,0,3
20260903T042746Z,,E20260824-93B0EA3C14,created,0,0,4
20260903T042746Z,,E20260824-AE60DAFC2C,created,0,0,3
20260903T042746Z,,E20260824-E2B8E1F968,created,0,0,7
20260903T042746Z,,E20260824-49AE997BAB,created,0,0,3
20260903T042746Z,,E20260824-1C1C070B51,created,0,0,4
20260903T042746Z,,E20260824-6D8AA5B138,created,0,0,3
20260903T042746Z,,E20260825-2885765AF2,created,0,0,5
20260903T042746Z,,E20260825-48E9D67BAC,created,0,0,7
20260903T042746Z,,E20260825-9A259A6C72,created,0,0,10
20260903T042746Z,,E20260825-ED1CA358D5,created,0,0,4
20260903T042746Z,,E20260825-2BAF2186A4,created,0,0,3
20260903T042746Z,,E20260825-CFC26BDE18,created,0,0,7
20260903T042746Z,,E20260825-67BBBA2F72,created,0,0,25
20260903T042746Z,,E20260825-0D85086AB4,created,0,0,19
20260903T042746Z,,E20260825-FB8AE5A92F,created,0,0,18
20260903T042746Z,,E20260825-D68B465E55,created,0,0,3
20260903T042746Z,,E20260825-011856B285,created,0,0,3
20260903T042746Z,,E20260825-5B316BF2DD,created,0,0,3
20260903T042746Z,,E20260825-EF182D6332,created,0,0,3
20260903T042746Z,,E20260825-557C4437BF,created,0,0,6
20260903T042746Z,,E20260825-95F99C7876,created,0,0,3
20260903T042746Z,,E20260825-56EBB617FE,created,0,0,4
20260903T042746Z,,E20260825-DCE62BABF3,created,0,0,3
20260903T042746Z,,E20260825-58903CC006,created,0,0,4
20260903T042746Z,,E20260825-617F6F3431,created,0,0,6
20260903T042746Z,,E20260825-29AA2D17E6,created,0,0,3
20260903T042746Z,,E20260825-1BC0EC4317,created,0,0,5
20260903T042746Z,,E20260825-E370D91452,created,0,0,6
20260903T042746Z,,E20260825-DF3998C17B,created,0,0,7
20260903T042746Z,,E20260825-58D1BA1A2F,created,0,0,3
20260903T042746Z,,E20260825-50343B1690,created,0,0,4
20260903T042746Z,,E20260825-BABC29898A,created,0,0,3
20260903T042746Z,,E20260825-D312608C46,created,0,0,3
20260903T042746Z,,E20260825-316AD76718,created,0,0,5
20260903T042746Z,,E20260825-C6D8F297F3,created,0,0,5
20260903T042746Z,,E20260825-585B035FD1,created,0,0,7
20260903T042746Z,,E20260825-03CC68A158,created,0,0,7
20260903T042746Z,,E20260825-74659F0560,created,0,0,3
20260903T042746Z,,E20260825-9DD468683B,created,0,0,4
20260903T042746Z,,E20260825-E9F41F4BD9,created,0,0,7
20260903T042746Z,,E20260825-6E98BCA7CE,created,0,0,6
20260903T042746Z,,E20260825-E7C03C6E31,created,0,0,3
20260903T042746Z,,E20260825-CBEC2847AC,created,0,0,3
20260903T042746Z,,E20260825-72015B53BE,created,0,0,3
20260903T042746Z,,E20260825-DE17D7F529,created,0,0,3
20260903T042746Z,,E20260825-D72F9CDD70,created,0,0,4
20260903T042746Z,,E20260825-9139AE4827,created,0,0,4
20260903T042746Z,,E20260825-C5843DBE2D,created,0,0,4
20260903T042746Z,,E20260825-ED6304F531,created,0,0,5
20260903T042746Z,,E20260825-960C4A79E2,created,0,0,5
20260903T042746Z,,E20260825-C794C9A0B1,created,0,0,5
20260903T042746Z,,E20260825-377D3899C9,created,0,0,5
20260903T042746Z,,E20260825-504ED8BFE1,created,0,0,3
20260903T042746Z,,E20260825-8E729D432F,created,0,0,3
20260903T042746Z,,E20260825-970FFF6FD9,created,0,0,4
20260903T042746Z,,E20260825-6252F8C520,created,0,0,3
20260903T042746Z,,E20260826-86F5A81BF2,created,0,0,20
20260903T042746Z,,E20260826-53D393471B,created,0,0,14
20260903T042746Z,,E20260826-AD692732BF,created,0,0,4
20260903T042746Z,,E20260826-F5F624060D,created,0,0,4
20260903T042746Z,,E20260826-9FF9BB88DF,created,0,0,5
20260903T042746Z,,E20260826-D1E89FD735,created,0,0,18
20260903T042746Z,,E20260826-2F215E2E92,created,0,0,13
20260903T042746Z,,E20260826-BCAFD9D0D6,created,0,0,3
20260903T042746Z,,E20260826-53171361B2,created,0,0,3
20260903T042746Z,,E20260826-2E30982721,created,0,0,25
20260903T042746Z,,E20260826-16FFC3FA02,created,0,0,12
20260903T042746Z,,E20260826-77B8B37FB7,created,0,0,6
20260903T042746Z,,E20260827-A883AC4BC3,created,0,0,15
20260903T042746Z,,E20260827-5D5824F8B8,created,0,0,4
20260903T042746Z,,E20260827-C86229FEF8,created,0,0,3
20260903T042746Z,,E20260827-56A24033CD,created,0,0,4
20260903T042746Z,,E20260827-06D88719CC,created,0,0,3
20260903T042746Z,,E20260827-AE2C5A049A,created,0,0,8
20260903T042746Z,,E20260827-8797C86691,created,0,0,4
20260903T042746Z,,E20260827-9F4FBA343F,created,0,0,4
20260903T042746Z,,E20260827-11B9810DCA,created,0,0,4
20260903T042746Z,,E20260827-15F22A735A,created,0,0,3
20260903T042746Z,,E20260827-C6B1E80102,created,0,0,4
20260903T042746Z,,E20260827-D0D1643C62,created,0,0,3
20260903T042746Z,,E20260827-9E84B2AA56,created,0,0,5
20260903T042746Z,,E20260827-9F6ECD1435,created,0,0,3
20260903T042746Z,,E20260827-125CC696DB,created,0,0,4
20260903T042746Z,,E20260827-B135805191,created,0,0,5
20260903T042746Z,,E20260827-99366FBFBA,created,0,0,4
20260903T042746Z,,E20260827-D4390BF178,created,0,0,3
20260903T042746Z,,E20260827-58F1AA0C91,created,0,0,6
20260903T042746Z,,E20260827-FB81DF8764,created,0,0,3
20260903T042746Z,,E20260827-165E24448A,created,0,0,7
20260903T042746Z,,E20260827-16A2C1F9B5,created,0,0,4
20260903T042746Z,,E20260827-A60A5F648B,created,0,0,4
20260903T042746Z,,E20260827-AD22B97255,created,0,0,5
20260903T042746Z,,E20260827-3C6349C8BD,created,0,0,5
20260903T042746Z,,E20260827-6471C7B27F,created,0,0,3
20260903T042746Z,,E20260827-E66E841B96,created,0,0,4
20260903T042746Z,,E20260827-EED954B8F6,created,0,0,5
20260903T042746Z,,E20260828-DBFCFEB82E,created,0,0,27
20260903T042746Z,,E20260828-C7EB87E023,created,0,0,12
20260903T042746Z,,E20260828-99A77382FE,created,0,0,5
20260903T042746Z,,E20260828-3A2D43E98B,created,0,0,3
20260903T042746Z,,E20260828-F20D624EF7,created,0,0,5
20260903T042746Z,,E20260828-8EAACE0BD3,created,0,0,7
20260903T042746Z,,E20260828-7D0ED39892,created,0,0,6
20260903T042746Z,,E20260828-55019C2172,created,0,0,3
20260903T042746Z,,E20260828-3DA12C4A5C,created,0,0,4
20260903T042746Z,,E20260828-43D36F46AC,created,0,0,3
20260903T042746Z,,E20260828-AAF1DF7E75,created,0,0,6
20260903T042746Z,,E20260828-CED3CF7399,created,0,0,7
20260903T042746Z,,E20260828-0FF9F95FAE,created,0,0,3
20260903T042746Z,,E20260828-EDF9631BB9,created,0,0,3
20260903T042746Z,,E20260828-B8CC73928F,created,0,0,4
20260903T042746Z,,E20260828-133FB1B998,created,0,0,7
20260903T042746Z,,E20260828-6A30AABA51,created,0,0,5
20260903T042746Z,,E20260828-26FE31F8F4,created,0,0,5
20260903T042746Z,,E20260829-0D51816417,created,0,0,15
20260903T042746Z,,E20260829-EAE97EFE52,created,0,0,4
20260903T042746Z,,E20260829-86CD79580B,created,0,0,42
20260903T042746Z,,E20260829-D56C32B7A4,created,0,0,8
20260903T042746Z,,E20260829-FC7C3CD755,created,0,0,4
20260903T042746Z,,E20260829-7716C2F6F1,created,0,0,3
20260903T042746Z,,E20260829-485E6AF9D0,created,0,0,5
20260903T042746Z,,E20260829-257BBDFFFC,created,0,0,3
20260903T042746Z,,E20260829-F09D549F52,created,0,0,3
20260903T042746Z,,E20260829-5AA49B2C5E,created,0,0,3
20260903T042746Z,,E20260830-5FB6C9ED6F,created,0,0,3
20260903T042746Z,,E20260830-E4A617C713,created,0,0,4
20260903T042746Z,,E20260830-01EB5D97D7,created,0,0,4
20260903T042746Z,,E20260830-29D755C606,created,0,0,3
20260903T042746Z,,E20260830-4F8564F3AC,created,0,0,8
20260903T042746Z,,E20260830-0E2DA912AA,created,0,0,4
20260903T042746Z,,E20260830-1E5EF53BD4,created,0,0,4
20260903T042746Z,,E20260830-4168C7440B,created,0,0,3
20260903T042746Z,,E20260830-AF2CAF4B0A,created,0,0,3
20260903T042746Z,,E20260830-93241F13E7,created,0,0,16
20260903T042746Z,,E20260830-07C929ECB6,created,0,0,3
20260903T042746Z,,E20260830-C0563AF3EE,created,0,0,3
20260903T042746Z,,E20260831-2C3440A9B9,created,0,0,4
20260903T042746Z,,E20260831-67453BFD74,created,0,0,3
20260903T042746Z,,E20260831-80492A2FEA,created,0,0,3
20260903T042746Z,,E20260831-63A03F3EE8,created,0,0,6
20260903T042746Z,,E20260831-8ABF0065C2,created,0,0,5
20260903T042746Z,,E20260831-603BD1B78A,created,0,0,10
20260903T042746Z,,E20260831-7466408E85,created,0,0,6
20260903T042746Z,,E20260831-1DE2DC49FC,created,0,0,9
20260903T042746Z,,E20260831-07DDC640A7,created,0,0,3
20260903T042746Z,,E20260831-97577AE7EA,created,0,0,3
20260903T042746Z,,E20260831-592B0B0431,created,0,0,6
20260903T042746Z,,E20260831-89BA4835F2,created,0,0,3
20260903T042746Z,,E20260831-D5225B0FD7,created,0,0,5
20260903T042746Z,,E20260831-C3B691C35A,created,0,0,3
20260903T042746Z,,E20260831-381C5C77F0,created,0,0,3
20260903T042746Z,,E20260831-7C0CB0AB1D,created,0,0,3
20260903T042746Z,,E20260831-F147CD75AA,created,0,0,10
20260903T042746Z,,E20260831-E8C457CC1F,created,0,0,3
20260903T042746Z,,E20260831-77CC25B868,created,0,0,3
20260903T042746Z,,E20260831-B325A22F02,created,0,0,3
20260903T042746Z,,E20260831-A0105C3813,created,0,0,3
20260903T042746Z,,E20260831-A92628798D,created,0,0,3
20260903T042746Z,,E20260831-2495DD9A96,created,0,0,6
20260903T042746Z,,E20260831-EFA1BE915B,created,0,0,3
20260903T042746Z,,E20260831-0FDA9E4785,created,0,0,6
20260903T042746Z,,E20260901-BC81400311,created,0,0,3
20260903T042746Z,,E20260901-40CC5325DD,created,0,0,4
20260903T042746Z,,E20260901-132DABFF43,created,0,0,6
20260903T042746Z,,E20260901-9EF60C7C13,created,0,0,5
20260903T042746Z,,E20260901-DB80139B5A,created,0,0,3
20260903T042746Z,,E20260901-C632BD2A25,created,0,0,3
20260903T042746Z,,E20260901-D13FC8E432,created,0,0,3
20260903T042746Z,,E20260901-A195B8B13B,created,0,0,5
20260903T042746Z,,E20260901-FBF4163C0F,created,0,0,4
20260903T042746Z,,E20260901-9F0151580A,created,0,0,5
20260903T042746Z,,E20260901-5AEA71432A,created,0,0,5
20260903T042746Z,,E20260901-FD8DECA6F2,created,0,0,3
20260903T042746Z,,E20260901-C262CC218C,created,0,0,3
20260903T042746Z,,E20260901-A884DF7288,created,0,0,5
20260903T042746Z,,E20260901-502F610878,created,0,0,5
20260903T042746Z,,E20260901-30ECB60A58,created,0,0,3
20260903T042746Z,,E20260901-18CB0777B8,created,0,0,4
20260903T042746Z,,E20260901-A008D6639A,created,0,0,4
20260903T042746Z,,E20260901-1F8FCCFF0B,created,0,0,3
20260903T042746Z,,E20260901-BD6DD3439C,created,0,0,5
20260903T042746Z,,E20260901-EB832F8FCD,created,0,0,4
20260903T042746Z,,E20260901-7EBEBA39D4,created,0,0,7
20260903T042746Z,,E20260902-18DDDFEBCC,created,0,0,3
20260903T042746Z,,E20260902-BE77582326,created,0,0,8
20260903T042746Z,,E20260902-D97E293064,created,0,0,4
20260903T042746Z,,E20260902-BCFF7E595C,created,0,0,5
20260903T042746Z,,E20260902-0D5E13C186,created,0,0,7
20260903T042746Z,,E20260902-FC1C479585,created,0,0,6
20260903T042746Z,,E20260902-7F53F569B3,created,0,0,4
20260903T042746Z,,E20260902-7113B4C67B,created,0,0,3
20260903T042746Z,,E20260902-38B455E093,created,0,0,3
20260903T042746Z,,E20260902-262A2315BC,created,0,0,4
20260903T042746Z,,E20260902-9D10FB1B9E,created,0,0,3
20260903T042746Z,,E20260902-4BD385E686,created,0,0,3
20260903T042746Z,,E20260902-D2EEBF5FBC,created,0,0,3
20260903T042746Z,,E20260902-203F85684E,created,0,0,5
20260903T042746Z,,E20260902-572AC14ADC,created,0,0,3
20260903T042746Z,,E20260902-E8CD804FA6,created,0,0,3
20260903T042746Z,,E20260902-090F6B3254,created,0,0,3
20260903T042746Z,,E20260902-96E662D103,created,0,0,3
20260903T042746Z,,E20260902-E40198B6D5,created,0,0,3
20260903T042746Z,,E20260902-F04F1A35D8,created,0,0,3
20260903T042746Z,,E20260902-F69ADF365C,created,0,0,3
20260903T112731Z,E20260902-18DDDFEBCC,E20260902-18DDDFEBCC,expanded,3,3,5
20260903T163603Z,,E20260903-6355738A2B,created,0,0,3
20260903T163603Z,,E20260903-0E3A687020,created,0,0,3
20260903T232548Z,E20260902-18DDDFEBCC,E20260902-18DDDFEBCC,expanded,5,5,6
20260903T232548Z,,E20260903-82223AF525,created,0,0,7
20260903T232548Z,,E20260903-C0C7A98658,created,0,0,6
20260903T232548Z,,E20260903-A25D35969B,created,0,0,4
20260903T232548Z,,E20260903-923809EDB1,created,0,0,4
20260903T232548Z,,E20260903-8C750BC365,created,0,0,3
20260903T232548Z,,E20260903-5A85A15964,created,0,0,3
20260903T232548Z,,E20260903-DA702ED619,created,0,0,6
20260903T232548Z,,E20260903-C6BDEEDF62,created,0,0,3
20260903T232548Z,,E20260903-F6C72044ED,created,0,0,3
20260903T232548Z,,E20260903-9C552B4C88,created,0,0,5
20260903T232548Z,,E20260903-5F9FC38766,created,0,0,3
20260904T044554Z,E20260903-8C750BC365,E20260903-8C750BC365,expanded,3,3,4
20260904T113328Z,,E20260903-8E26557BC4,created,0,0,3
20260904T113328Z,,E20260903-09C6C0E5B8,created,0,0,3
20260904T113328Z,E20260903-C0C7A98658,E20260903-C0C7A98658,expanded,6,6,8
20260904T113328Z,,E20260903-45CD468E72,created,0,0,3
20260904T113328Z,,E20260903-11DE945C9D,created,0,0,10
20260904T113328Z,,E20260904-8EAF8502FB,created,0,0,3
20260904T113328Z,,E20260904-2A3EE389DB,created,0,0,4
20260904T113328Z,,E20260904-A466B242B2,created,0,0,7
20260904T231159Z,E20260903-09C6C0E5B8,E20260903-09C6C0E5B8,expanded,3,3,5
20260904T231159Z,E20260903-8C750BC365,E20260903-8C750BC365,expanded,4,4,7
20260904T231159Z,E20260904-2A3EE389DB,E20260904-2A3EE389DB,expanded,4,4,5
20260904T231159Z,E20260904-A466B242B2,E20260904-A466B242B2,expanded,7,7,8
20260904T231159Z,,E20260904-0AF5E458BB,created,0,0,4
20260904T231159Z,,E20260904-58863DFC05,created,0,0,6
20260904T231159Z,,E20260904-7497741EA8,created,0,0,3
20260904T231159Z,,E20260904-EF15649FE7,created,0,0,3
20260904T231159Z,,E20260904-4220DC6800,created,0,0,4
20260904T231159Z,,E20260904-DB95F5C582,created,0,0,5
20260904T231159Z,,E20260904-4925B00733,created,0,0,3
20260904T231159Z,,E20260904-22B1BA00E8,created,0,0,3
20260904T231159Z,,E20260904-92A8D65B37,created,0,0,5
20260904T231159Z,,E20260904-C5896B3C0C,created,0,0,3
20260904T231159Z,,E20260904-F5852BAC04,created,0,0,4
20260904T231159Z,,E20260904-25ADF14D2B,created,0,0,10
20260904T231159Z,,E20260904-D0FD8D6879,created,0,0,4
20260904T231159Z,,E20260904-146FD34489,created,0,0,5
20260904T231159Z,,E20260904-B060C6A89C,created,0,0,3
20260905T104610Z,E20260903-09C6C0E5B8,E20260903-09C6C0E5B8,expanded,5,5,7
20260905T104610Z,E20260903-11DE945C9D,E20260903-11DE945C9D,expanded,10,10,11
20260905T104610Z,,E20260904-AE88BD766D,created,0,0,3
20260905T104610Z,,E20260904-E4DFF8EA1C,created,0,0,9
20260905T104610Z,,E20260905-895AC404A8,created,0,0,6
20260905T104610Z,,E20260905-7A0B65D6B2,created,0,0,4
20260905T104610Z,,E20260905-9C07A9AADD,created,0,0,4
20260905T203158Z,,E20260904-17D8362CDE,created,0,0,4
20260905T203158Z,E20260904-AE88BD766D,E20260904-AE88BD766D,expanded,3,3,4
20260905T203158Z,,E20260904-D49AB57092,created,0,0,3
20260905T203158Z,E20260905-895AC404A8,E20260905-895AC404A8,expanded,6,6,7
20260905T203158Z,,E20260905-56DD382039,created,0,0,5
20260905T230527Z,E20260903-09C6C0E5B8,E20260903-09C6C0E5B8,expanded,7,7,8
20260905T230527Z,E20260904-22B1BA00E8,E20260904-22B1BA00E8,expanded,3,3,4
20260905T230527Z,E20260904-AE88BD766D,E20260904-AE88BD766D,expanded,4,4,5
20260905T230527Z,E20260904-E4DFF8EA1C,E20260904-E4DFF8EA1C,expanded,9,9,16
20260905T230527Z,E20260904-D49AB57092,E20260904-D49AB57092,expanded,3,3,10
20260905T230527Z,E20260904-25ADF14D2B,E20260904-25ADF14D2B,expanded,10,10,11
20260905T230527Z,E20260904-146FD34489,E20260904-146FD34489,expanded,5,5,7
20260905T230527Z,E20260905-895AC404A8,E20260905-895AC404A8,expanded,7,7,9
20260905T230527Z,E20260905-9C07A9AADD,E20260905-9C07A9AADD,expanded,4,4,7
20260905T230527Z,,E20260905-A0B2AFFE44,created,0,0,5
20260905T230527Z,,E20260905-4730DB3E6C,created,0,0,3
20260905T230527Z,,E20260905-C3D5FCF9DB,created,0,0,9
20260905T230527Z,,E20260905-B9DAE5D32C,created,0,0,5
20260905T230527Z,,E20260905-C00DB1B8EA,created,0,0,9
20260905T230527Z,,E20260905-47D7A38314,created,0,0,4
20260905T230527Z,,E20260905-B15D00CC65,created,0,0,3
20260905T230527Z,,E20260905-5453D36BDF,created,0,0,6
20260905T230527Z,,E20260905-054898527E,created,0,0,3
20260905T230527Z,,E20260905-9E3ED37908,created,0,0,3
20260905T230527Z,,E20260905-7C1875691A,created,0,0,3
20260905T230527Z,,E20260905-CFE7FE3148,created,0,0,8
20260905T230527Z,,E20260905-2027EBF6B4,created,0,0,4
20260905T230527Z,,E20260905-CC7D6981F9,created,0,0,9
20260905T230527Z,,E20260905-14660F3ED6,created,0,0,8
20260905T230527Z,,E20260905-1A6C1D43E3,created,0,0,3
20260905T230527Z,,E20260905-D551F69249,created,0,0,3
20260905T230527Z,,E20260905-AF8C66D818,created,0,0,3
20260905T230527Z,,E20260905-5017321FCF,created,0,0,5
20260905T230527Z,,E20260905-DBD3972FAC,created,0,0,3
20260905T230527Z,,E20260905-C0CADA576E,created,0,0,4
20260905T230527Z,,E20260905-DB5A7EB1EF,created,0,0,4
20260905T230527Z,,E20260905-87EF1A6247,created,0,0,3
20260905T230527Z,,E20260905-1AF2EFF6E7,created,0,0,3
20260905T230527Z,,E20260905-B5A59D28BA,created,0,0,12
20260905T230527Z,,E20260905-EEEC363ADD,created,0,0,3
20260905T230527Z,,E20260905-1FD7420311,created,0,0,3
20260905T230527Z,,E20260905-CDF7DD5644,created,0,0,4
20260905T230527Z,,E20260905-C7B47F8D10,created,0,0,3
20260905T230527Z,,E20260905-454D9FFB7A,created,0,0,3
20260905T230527Z,,E20260905-55383DA5A6,created,0,0,4
20260905T230527Z,,E20260905-B9777BE14C,created,0,0,5
20260905T230527Z,,E20260905-ABADBD0D84,created,0,0,3
20260905T230527Z,,E20260905-A93BD61390,created,0,0,5
20260905T230527Z,,E20260905-BC6A0C3229,created,0,0,3
20260905T230527Z,,E20260905-FBE201EDF9,created,0,0,5
20260905T230527Z,,E20260905-9DE6ADD943,created,0,0,3
20260905T230527Z,,E20260905-E63BDA9071,created,0,0,3
20260905T230527Z,,E20260905-A1C3833EC9,created,0,0,6
20260905T230527Z,,E20260905-3FB26C302B,created,0,0,3
20260905T230527Z,,E20260905-4FC0DEE3CB,created,0,0,3
20260905T230527Z,,E20260905-74F10D6CB3,created,0,0,8
