Fecha (UTC-5);Lat;Lon;Fuente;Temperatura (C);Temperatura Alt* (C);Radiación térmica (MW);Confianza;Captura (Dia-Noche);Scan - real pixel size (km);Track - real pixel size (km)
2026-08-11 01:10;11,13611;-72,5741;VIIRS-NOAA-21;46,4;23,9;7,7;Nominal;N;0,46;0,39
2026-08-11 01:10;10,97146;-72,73055;VIIRS-NOAA-21;35,3;22,0;4,5;Nominal;N;0,47;0,4
2026-08-11 01:10;10,13998;-73,80375;VIIRS-NOAA-21;33,8;21,8;2,0;Nominal;N;0,53;0,42
2026-08-11 01:10;10,32147;-75,48782;VIIRS-NOAA-21;32,7;13,7;1,4;Nominal;N;0,45;0,47
2026-08-11 01:10;10,16687;-75,39782;VIIRS-NOAA-21;37,0;10,5;1,1;Nominal;N;0,44;0,46
2026-08-11 01:10;9,74459;-73,50307;VIIRS-NOAA-21;38,2;25,6;2,9;Nominal;N;0,5;0,41
2026-08-11 01:10;9,69991;-73,53735;VIIRS-NOAA-21;48,5;23,5;3,7;Nominal;N;0,5;0,41
2026-08-11 01:10;9,69927;-73,53281;VIIRS-NOAA-21;54,6;24,7;3,7;Nominal;N;0,5;0,41
2026-08-11 01:10;9,69799;-73,52373;VIIRS-NOAA-21;66,1;22,3;7,5;Nominal;N;0,5;0,41
2026-08-11 01:10;9,69824;-73,53585;VIIRS-NOAA-21;72,4;28,0;7,0;Nominal;N;0,5;0,41
2026-08-11 01:10;9,69757;-73,53131;VIIRS-NOAA-21;52,4;23,5;7,0;Nominal;N;0,5;0,41
2026-08-11 01:10;9,69623;-73,52225;VIIRS-NOAA-21;64,0;19,8;4,3;Nominal;N;0,5;0,41
2026-08-11 01:10;9,6969;-73,52678;VIIRS-NOAA-21;38,8;20,2;4,3;Nominal;N;0,5;0,41
2026-08-11 01:10;9,69517;-73,54092;VIIRS-NOAA-21;65,5;25,7;10,2;Nominal;N;0,5;0,41
2026-08-11 01:10;9,6945;-73,53638;VIIRS-NOAA-21;66,1;25,0;6,2;Nominal;N;0,5;0,41
2026-08-11 01:10;9,69383;-73,53185;VIIRS-NOAA-21;45,4;21,3;6,2;Nominal;N;0,5;0,41
2026-08-11 01:10;9,69143;-73,54147;VIIRS-NOAA-21;70,0;22,8;10,2;Nominal;N;0,5;0,41
2026-08-11 01:10;9,65294;-73,56563;VIIRS-NOAA-21;56,8;21,1;4,0;Nominal;N;0,5;0,41
2026-08-11 01:10;9,56706;-73,434;VIIRS-NOAA-21;29,4;17,2;;Nominal;N;0,49;0,41
2026-08-11 01:10;9,54203;-73,26466;VIIRS-NOAA-21;36,9;22,1;4,0;Nominal;N;0,48;0,4
2026-08-11 01:10;9,56401;-73,43902;VIIRS-NOAA-21;52,8;19,8;2,3;Nominal;N;0,49;0,41
2026-08-11 01:10;9,56467;-73,4435;VIIRS-NOAA-21;41,4;21,7;2,3;Nominal;N;0,49;0,41
2026-08-11 01:10;9,5603;-73,43955;VIIRS-NOAA-21;49,6;21,0;2,3;Nominal;N;0,49;0,41
2026-08-11 01:10;9,56096;-73,44403;VIIRS-NOAA-21;36,7;22,5;2,3;Nominal;N;0,49;0,41
2026-08-11 01:10;9,47846;-73,29182;VIIRS-NOAA-21;66,9;24,1;5,3;Nominal;N;0,48;0,4
2026-08-11 01:10;9,4778;-73,28722;VIIRS-NOAA-21;41,8;23,4;5,3;Nominal;N;0,48;0,4
2026-08-11 01:10;9,47475;-73,29211;VIIRS-NOAA-21;35,8;22,5;2,7;Nominal;N;0,48;0,4
2026-08-11 01:10;9,47407;-73,28735;VIIRS-NOAA-21;43,2;23,0;2,7;Nominal;N;0,48;0,4
2026-08-11 01:10;9,40731;-73,41911;VIIRS-NOAA-21;36,2;22,2;2,2;Nominal;N;0,49;0,4
2026-08-11 01:10;9,39299;-73,39841;VIIRS-NOAA-21;38,7;24,4;8,1;Nominal;N;0,49;0,4
2026-08-11 01:10;9,39171;-73,38952;VIIRS-NOAA-21;45,0;25,5;7,9;Nominal;N;0,49;0,4
2026-08-11 01:10;9,39106;-73,38503;VIIRS-NOAA-21;38,1;24,6;5,0;Nominal;N;0,49;0,4
2026-08-11 01:10;9,38735;-73,38545;VIIRS-NOAA-21;36,5;24,4;5,0;Nominal;N;0,49;0,4
2026-08-11 01:10;9,39331;-73,45308;VIIRS-NOAA-21;38,1;22,6;2,1;Nominal;N;0,49;0,4
2026-08-11 01:10;9,39136;-73,43955;VIIRS-NOAA-21;37,5;24,0;3,2;Nominal;N;0,49;0,4
2026-08-11 01:10;9,38395;-73,4406;VIIRS-NOAA-21;38,2;23,5;2,6;Nominal;N;0,49;0,4
2026-08-11 01:10;9,37078;-73,40128;VIIRS-NOAA-21;42,0;25,2;6,7;Nominal;N;0,49;0,4
2026-08-11 01:10;9,37475;-73,45559;VIIRS-NOAA-21;39,8;23,2;4,1;Nominal;N;0,49;0,4
2026-08-11 01:10;9,3704;-73,45161;VIIRS-NOAA-21;36,5;23,1;4,3;Nominal;N;0,49;0,4
2026-08-11 01:10;9,36668;-73,45202;VIIRS-NOAA-21;38,0;23,5;4,9;Nominal;N;0,49;0,4
2026-08-11 01:10;9,3648;-73,4388;VIIRS-NOAA-21;37,3;23,1;3,5;Nominal;N;0,49;0,4
2026-08-11 01:10;9,36169;-73,4435;VIIRS-NOAA-21;52,5;24,2;3,5;Nominal;N;0,49;0,4
2026-08-11 01:10;9,36047;-73,43492;VIIRS-NOAA-21;43,0;22,8;4,5;Nominal;N;0,49;0,4
2026-08-11 01:10;9,35538;-73,39911;VIIRS-NOAA-21;37,7;24,4;5,4;Nominal;N;0,49;0,4
2026-08-11 01:10;9,36755;-73,45016;VIIRS-NOAA-21;48,8;23,6;5,6;Nominal;N;0,49;0,4
2026-08-11 01:10;9,36251;-73,44174;VIIRS-NOAA-21;50,2;23,3;3,1;Nominal;N;0,49;0,4
2026-08-11 01:10;9,36122;-73,43304;VIIRS-NOAA-21;43,0;23,3;3,8;Nominal;N;0,49;0,4
2026-08-11 01:10;9,35592;-73,39734;VIIRS-NOAA-21;39,1;24,1;5,2;Nominal;N;0,49;0,4
2026-08-11 01:10;9,35944;-73,44653;VIIRS-NOAA-21;44,4;23,6;5,8;Nominal;N;0,49;0,4
2026-08-11 01:10;9,3588;-73,44224;VIIRS-NOAA-21;39,3;22,8;3,1;Nominal;N;0,49;0,4
2026-08-11 01:10;9,34983;-73,40717;VIIRS-NOAA-21;48,9;24,9;6,7;Nominal;N;0,49;0,4
2026-08-11 01:10;9,34745;-73,41657;VIIRS-NOAA-21;42,2;24,7;7,2;Nominal;N;0,49;0,4
2026-08-11 01:10;9,29923;-73,42231;VIIRS-NOAA-21;67,8;24,6;6,1;Nominal;N;0,49;0,4
2026-08-11 01:10;9,29985;-73,42664;VIIRS-NOAA-21;40,0;22,8;4,3;Nominal;N;0,49;0,4
2026-08-11 01:10;9,29489;-73,4184;VIIRS-NOAA-21;40,9;23,5;6,1;Nominal;N;0,49;0,4
2026-08-11 01:10;9,27141;-73,49162;VIIRS-NOAA-21;52,9;22,4;5,5;Nominal;N;0,49;0,41
2026-08-11 01:10;9,26895;-73,49065;VIIRS-NOAA-21;47,7;20,3;4,5;Nominal;N;0,49;0,4
2026-08-11 01:10;8,82096;-73,47356;VIIRS-NOAA-21;52,6;19,9;3,5;Nominal;N;0,49;0,4
2026-08-11 01:10;8,39811;-73,24434;VIIRS-NOAA-21;31,5;12,7;;Nominal;N;0,47;0,4
2026-08-11 01:10;8,08173;-72,5973;VIIRS-NOAA-21;44,0;23,9;3,5;Nominal;N;0,44;0,38
2026-08-11 01:10;8,0753;-72,60217;VIIRS-NOAA-21;35,9;23,4;2,8;Nominal;N;0,44;0,38
2026-08-11 01:10;8,03365;-72,41748;VIIRS-NOAA-21;35,3;23,5;2,5;Nominal;N;0,43;0,38
2026-08-11 01:10;7,99089;-72,47772;VIIRS-NOAA-21;35,7;21,8;1,8;Nominal;N;0,43;0,38
2026-08-11 01:10;7,95331;-72,48785;VIIRS-NOAA-21;46,5;22,9;3,6;Nominal;N;0,43;0,38
2026-08-11 01:10;7,8963;-72,59518;VIIRS-NOAA-21;37,5;19,5;4,2;Nominal;N;0,43;0,38
2026-08-11 01:10;7,79095;-73,1714;VIIRS-NOAA-21;24,2;4,3;;Nominal;N;0,46;0,39
2026-08-11 01:10;7,59243;-73,05565;VIIRS-NOAA-21;72,2;-5,4;7,6;Nominal;N;0,45;0,39
2026-08-11 01:10;6,95597;-71,08709;VIIRS-NOAA-21;35,9;23,3;2,5;Nominal;N;0,39;0,36
2026-08-11 01:12;1,07019;-77,56829;VIIRS-NOAA-21;27,3;6,3;1,7;Nominal;N;0,45;0,47
2026-08-11 01:12;6,60887;-75,87821;VIIRS-NOAA-21;57,0;19,4;4,0;Nominal;N;0,42;0,45
2026-08-11 01:12;6,60828;-75,87411;VIIRS-NOAA-21;37,2;18,0;2,3;Nominal;N;0,42;0,45
2026-08-11 01:12;6,60715;-75,86617;VIIRS-NOAA-21;36,5;18,3;2,1;Nominal;N;0,42;0,45
2026-08-11 01:12;6,60298;-75,86659;VIIRS-NOAA-21;62,4;18,2;4,2;Nominal;N;0,42;0,45
2026-08-11 01:12;6,60421;-75,87525;VIIRS-NOAA-21;36,1;18,5;1,3;Nominal;N;0,42;0,45
2026-08-11 01:12;5,53463;-73,52872;VIIRS-NOAA-21;25,0;1,8;1,1;Nominal;N;0,45;0,39
2026-08-11 01:12;5,44586;-73,58851;VIIRS-NOAA-21;22,8;5,6;1,1;Nominal;N;0,45;0,39
2026-08-11 01:12;5,43415;-75,40582;VIIRS-NOAA-21;29,7;13,2;2,1;Nominal;N;0,57;0,43
2026-08-11 01:12;5,43435;-75,40269;VIIRS-NOAA-21;34,4;13,2;2,9;Nominal;N;0,57;0,43
2026-08-11 01:12;5,19424;-74,82024;VIIRS-NOAA-21;36,1;19,7;2,6;Nominal;N;0,52;0,42
2026-08-11 01:12;5,19183;-74,83006;VIIRS-NOAA-21;37,6;19,4;2,2;Nominal;N;0,52;0,42
2026-08-11 01:12;5,19114;-74,82547;VIIRS-NOAA-21;38,8;19,6;1,9;Nominal;N;0,52;0,42
2026-08-11 01:12;5,19046;-74,82093;VIIRS-NOAA-21;37,7;18,7;1,9;Nominal;N;0,52;0,42
2026-08-11 01:12;5,03742;-74,72948;VIIRS-NOAA-21;44,4;19,8;4,6;Nominal;N;0,51;0,41
2026-08-11 01:12;4,60143;-74,81849;VIIRS-NOAA-21;47,1;20,6;9,7;Nominal;N;0,51;0,41
2026-08-11 01:12;4,56412;-75,00951;VIIRS-NOAA-21;38,9;9,1;3,1;Nominal;N;0,52;0,42
2026-08-11 01:12;4,56033;-75,01025;VIIRS-NOAA-21;48,3;15,7;6,9;Nominal;N;0,52;0,42
2026-08-11 01:12;4,26905;-74,49384;VIIRS-NOAA-21;60,2;9,9;6,4;Nominal;N;0,49;0,4
2026-08-11 01:12;6,61135;-75,86598;VIIRS-NOAA-21;55,6;19,4;2,1;Nominal;N;0,42;0,45
2026-08-11 01:12;1,06957;-77,56428;VIIRS-NOAA-21;28,6;7,5;2,1;Nominal;N;0,45;0,47
2026-08-11 01:12;3,73927;-72,65713;VIIRS-NOAA-21;30,3;16,8;;Nominal;N;0,41;0,37
2026-08-11 01:12;4,05933;-75,97791;VIIRS-NOAA-21;27,8;17,3;;Nominal;N;0,39;0,44
2026-08-11 01:12;4,05485;-75,97545;VIIRS-NOAA-21;32,7;16,6;1,9;Nominal;N;0,39;0,44
2026-08-11 01:12;3,64127;-76,24493;VIIRS-NOAA-21;45,0;17,1;2,1;Nominal;N;0,4;0,45
2026-08-11 01:12;3,48804;-75,45893;VIIRS-NOAA-21;37,5;11,7;3,6;Nominal;N;0,54;0,42
2026-08-11 01:12;3,48557;-75,46895;VIIRS-NOAA-21;57,1;13,3;5,2;Nominal;N;0,54;0,42
2026-08-11 01:12;3,48487;-75,46415;VIIRS-NOAA-21;35,4;9,9;5,2;Nominal;N;0,54;0,42
2026-08-11 01:12;3,48419;-75,4596;VIIRS-NOAA-21;42,4;8,5;3,6;Nominal;N;0,54;0,42
2026-08-11 01:12;3,48035;-75,46033;VIIRS-NOAA-21;73,9;11,6;15,9;Nominal;N;0,54;0,42
2026-08-11 01:12;3,48173;-75,46967;VIIRS-NOAA-21;38,9;12,6;3,3;Nominal;N;0,54;0,42
2026-08-11 01:12;3,48103;-75,46494;VIIRS-NOAA-21;38,3;13,8;3,3;Nominal;N;0,54;0,42
2026-08-11 01:12;3,4882;-75,47093;VIIRS-NOAA-21;39,8;10,0;1,3;Nominal;N;0,54;0,42
2026-08-11 01:12;3,48673;-75,46142;VIIRS-NOAA-21;37,4;9,5;3,1;Nominal;N;0,54;0,42
2026-08-11 01:12;3,48606;-75,45705;VIIRS-NOAA-21;33,5;9,2;2,7;Nominal;N;0,54;0,42
2026-08-11 01:12;3,48362;-75,46687;VIIRS-NOAA-21;50,1;15,0;5,0;Nominal;N;0,54;0,42
2026-08-11 01:12;3,48289;-75,46217;VIIRS-NOAA-21;59,9;12,0;5,0;Nominal;N;0,54;0,42
2026-08-11 01:12;3,4822;-75,45769;VIIRS-NOAA-21;56,9;7,9;5,8;Nominal;N;0,54;0,42
2026-08-11 01:12;3,48436;-75,47164;VIIRS-NOAA-21;32,2;8,3;1,5;Nominal;N;0,54;0,42
2026-08-11 01:12;3,47834;-75,45824;VIIRS-NOAA-21;57,0;12,1;5,8;Nominal;N;0,54;0,42
2026-08-11 01:12;3,47904;-75,46284;VIIRS-NOAA-21;44,6;15,1;5,0;Nominal;N;0,54;0,42
2026-08-11 01:12;3,40972;-75,47469;VIIRS-NOAA-21;64,9;25,1;35,3;Nominal;N;0,54;0,42
2026-08-11 01:12;3,40581;-75,47492;VIIRS-NOAA-21;37,8;18,1;3,9;Nominal;N;0,54;0,42
2026-08-11 01:12;3,19698;-75,52832;VIIRS-NOAA-21;50,3;16,8;4,6;Nominal;N;0,54;0,42
2026-08-11 01:12;3,19635;-75,52412;VIIRS-NOAA-21;46,4;15,8;4,6;Nominal;N;0,54;0,42
2026-08-11 01:12;3,19184;-75,52035;VIIRS-NOAA-21;56,1;18,3;15,2;Nominal;N;0,54;0,42
2026-08-11 01:12;3,1925;-75,52477;VIIRS-NOAA-21;30,2;14,6;4,6;Nominal;N;0,54;0,42
2026-08-11 01:12;3,18797;-75,52089;VIIRS-NOAA-21;38,2;14,3;1,7;Nominal;N;0,54;0,42
2026-08-11 01:12;3,07163;-75,54748;VIIRS-NOAA-21;23,6;11,7;1,4;Nominal;N;0,54;0,42
2026-08-11 01:12;3,06842;-75,55241;VIIRS-NOAA-21;56,0;18,3;25,1;Nominal;N;0,54;0,42
2026-08-11 01:12;3,06778;-75,54809;VIIRS-NOAA-21;49,7;13,7;25,1;Nominal;N;0,54;0,42
2026-08-11 01:12;3,07013;-75,54999;VIIRS-NOAA-21;69,0;22,0;26,3;Nominal;N;0,54;0,42
2026-08-11 01:12;3,06627;-75,55058;VIIRS-NOAA-21;28,1;10,8;26,3;Nominal;N;0,54;0,42
2026-08-11 01:12;2,94021;-76,24133;VIIRS-NOAA-21;79,7;23,9;21,1;Nominal;N;0,4;0,44
2026-08-11 01:12;2,7214;-75,60471;VIIRS-NOAA-21;31,3;12,4;1,9;Nominal;N;0,54;0,42
2026-08-11 01:12;2,71693;-75,60126;VIIRS-NOAA-21;47,2;9,6;3,6;Nominal;N;0,54;0,42
2026-08-11 01:12;2,7176;-75,60564;VIIRS-NOAA-21;40,7;10,6;1,9;Nominal;N;0,54;0,42
2026-08-11 01:12;2,58868;-75,29577;VIIRS-NOAA-21;31,8;10,8;1,4;Nominal;N;0,52;0,41
2026-08-11 01:12;2,58814;-75,29436;VIIRS-NOAA-21;33,0;11,0;1,1;Nominal;N;0,51;0,41
2026-08-11 01:12;2,60501;-76,58395;VIIRS-NOAA-21;30,4;17,1;1,5;Nominal;N;0,41;0,45
2026-08-11 01:12;2,59737;-76,5889;VIIRS-NOAA-21;32,8;16,8;1,5;Nominal;N;0,41;0,45
2026-08-11 01:12;2,5815;-76,59497;VIIRS-NOAA-21;57,6;15,2;1,5;Nominal;N;0,41;0,45
2026-08-11 01:12;2,57741;-76,59565;VIIRS-NOAA-21;29,8;13,0;1,5;Nominal;N;0,41;0,45
2026-08-11 01:12;2,47162;-76,90932;VIIRS-NOAA-21;25,7;11,1;1,0;Nominal;N;0,43;0,46
2026-08-11 01:12;2,46688;-76,90629;VIIRS-NOAA-21;28,4;9,0;1,0;Nominal;N;0,43;0,46
2026-08-11 01:12;2,28545;-76,94035;VIIRS-NOAA-21;28,9;4,2;;Nominal;N;0,43;0,46
2026-08-11 01:12;2,17963;-76,95631;VIIRS-NOAA-21;34,7;16,5;1,2;Nominal;N;0,43;0,46
2026-08-11 01:12;2,17668;-76,96485;VIIRS-NOAA-21;33,1;15,4;1,1;Nominal;N;0,43;0,46
2026-08-11 01:12;2,17605;-76,96079;VIIRS-NOAA-21;29,8;16,3;1,2;Nominal;N;0,43;0,46
2026-08-11 01:12;2,17247;-76,96529;VIIRS-NOAA-21;31,9;16,5;5,0;Nominal;N;0,43;0,46
2026-08-11 01:12;2,16829;-76,96596;VIIRS-NOAA-21;63,4;18,8;5,0;Nominal;N;0,43;0,46
2026-08-11 01:12;2,16764;-76,96177;VIIRS-NOAA-21;66,2;20,3;9,2;Nominal;N;0,43;0,46
2026-08-11 01:12;2,06546;-77,19866;VIIRS-NOAA-21;75,0;19,1;6,6;Nominal;N;0,44;0,46
2026-08-11 01:12;2,06077;-77,19637;VIIRS-NOAA-21;64,2;18,9;6,2;Nominal;N;0,44;0,46
2026-08-11 01:12;2,06126;-77,19961;VIIRS-NOAA-21;41,6;18,1;6,6;Nominal;N;0,44;0,46
2026-08-11 01:12;1,49697;-77,10497;VIIRS-NOAA-21;55,9;-0,4;3,6;Nominal;N;0,43;0,46
2026-08-11 01:12;1,49033;-77,5699;VIIRS-NOAA-21;24,0;7,2;7,9;Nominal;N;0,46;0,47
2026-08-11 01:12;1,48986;-77,56686;VIIRS-NOAA-21;24,1;9,5;7,9;Nominal;N;0,46;0,47
2026-08-11 01:12;1,48941;-77,5639;VIIRS-NOAA-21;24,4;10,7;20,2;Nominal;N;0,46;0,47
2026-08-11 01:12;1,48564;-77,56805;VIIRS-NOAA-21;80,3;19,7;7,9;Nominal;N;0,46;0,47
2026-08-11 01:12;1,48518;-77,56505;VIIRS-NOAA-21;80,6;26,0;20,2;Nominal;N;0,46;0,47
2026-08-11 01:12;1,48471;-77,56197;VIIRS-NOAA-21;54,2;15,2;20,2;Nominal;N;0,46;0,47
2026-08-11 01:12;1,48614;-77,57131;VIIRS-NOAA-21;26,1;8,0;7,9;Nominal;N;0,46;0,47
2026-08-11 01:12;1,44186;-77,54073;VIIRS-NOAA-21;67,4;18,1;11,7;Nominal;N;0,46;0,47
2026-08-11 01:12;1,44114;-77,53602;VIIRS-NOAA-21;76,7;18,9;11,7;Nominal;N;0,46;0,47
2026-08-11 01:12;1,4366;-77,53502;VIIRS-NOAA-21;73,1;23,8;11,7;Nominal;N;0,46;0,47
2026-08-11 01:12;1,43734;-77,53996;VIIRS-NOAA-21;40,4;15,8;11,7;Nominal;N;0,46;0,47
2026-08-11 01:12;1,43594;-77,53066;VIIRS-NOAA-21;44,4;16,2;10,7;Nominal;N;0,46;0,47
2026-08-11 01:12;1,43377;-77,54544;VIIRS-NOAA-21;63,9;16,6;10,2;Nominal;N;0,46;0,47
2026-08-11 01:12;1,29123;-77,62496;VIIRS-NOAA-21;45,7;14,1;5,0;Nominal;N;0,46;0,47
2026-08-11 01:12;1,29074;-77,62179;VIIRS-NOAA-21;34,0;13,1;2,5;Nominal;N;0,46;0,47
2026-08-11 01:12;1,28697;-77,62598;VIIRS-NOAA-21;63,8;15,9;5,0;Nominal;N;0,46;0,47
2026-08-11 01:12;1,07322;-77,55961;VIIRS-NOAA-21;31,2;7,7;2,1;Nominal;N;0,45;0,47
2026-08-11 02:03;10,97927;-72,7253;VIIRS-NOAA-20;49,3;20,4;6,2;Nominal;N;0,38;0,59
2026-08-11 02:05;8,08269;-72,59736;VIIRS-NOAA-20;25,6;-3,1;;Nominal;N;0,44;0,62
2026-08-11 02:05;9,69334;-73,5428;VIIRS-NOAA-20;62,7;19,3;4,8;Nominal;N;0,35;0,57
2026-08-11 02:05;9,69274;-73,53964;VIIRS-NOAA-20;62,2;21,5;4,8;Nominal;N;0,35;0,57
2026-08-11 02:05;9,69214;-73,53646;VIIRS-NOAA-20;34,6;18,2;2,5;Nominal;N;0,36;0,57
2026-08-11 02:05;9,692;-73,54041;VIIRS-NOAA-20;58,1;20,4;2,1;Nominal;N;0,36;0,57
2026-08-11 02:05;9,69257;-73,54357;VIIRS-NOAA-20;36,5;19,0;2,1;Nominal;N;0,36;0,57
2026-08-11 02:05;9,65347;-73,56413;VIIRS-NOAA-20;52,2;18,2;1,9;Nominal;N;0,35;0,57
2026-08-11 02:05;9,61324;-73,57824;VIIRS-NOAA-20;35,6;21,2;1,2;Nominal;N;0,35;0,57
2026-08-11 02:05;9,56596;-73,44126;VIIRS-NOAA-20;48,7;19,8;1,6;Nominal;N;0,36;0,58
2026-08-11 02:05;9,56536;-73,43805;VIIRS-NOAA-20;36,2;19,3;1,6;Nominal;N;0,36;0,58
2026-08-11 02:05;9,56074;-73,44225;VIIRS-NOAA-20;45,6;19,4;1,6;Nominal;N;0,36;0,58
2026-08-11 02:05;9,56568;-73,44086;VIIRS-NOAA-20;49,0;19,7;1,6;Nominal;N;0,36;0,58
2026-08-11 02:05;9,56509;-73,43763;VIIRS-NOAA-20;34,7;19,0;1,6;Nominal;N;0,36;0,58
2026-08-11 02:05;9,56045;-73,44186;VIIRS-NOAA-20;46,1;19,5;1,6;Nominal;N;0,36;0,58
2026-08-11 02:05;9,47794;-73,28872;VIIRS-NOAA-20;53,5;20,0;4,0;Nominal;N;0,37;0,58
2026-08-11 02:05;9,39654;-73,4031;VIIRS-NOAA-20;33,9;18,1;2,3;Nominal;N;0,37;0,58
2026-08-11 02:05;9,39592;-73,39977;VIIRS-NOAA-20;34,4;18,3;2,4;Nominal;N;0,37;0,58
2026-08-11 02:05;9,38775;-73,385;VIIRS-NOAA-20;33,5;18,2;2,5;Nominal;N;0,37;0,58
2026-08-11 02:05;9,36928;-73,40278;VIIRS-NOAA-20;35,6;17,5;1,9;Nominal;N;0,37;0,58
2026-08-11 02:05;9,272;-73,49155;VIIRS-NOAA-20;28,3;5,7;;Nominal;N;0,36;0,58
2026-08-11 02:05;9,69553;-73,52595;VIIRS-NOAA-20;42,4;17,9;1,8;Nominal;N;0,36;0,57
2026-08-11 02:05;7,59246;-73,0556;VIIRS-NOAA-20;31,0;-8,1;1,0;Nominal;N;0,42;0,61
2026-08-11 02:05;7,59186;-73,05226;VIIRS-NOAA-20;29,9;-6,0;1,0;Nominal;N;0,42;0,61
2026-08-11 02:05;6,60993;-75,88027;VIIRS-NOAA-20;45,1;17,4;1,3;Nominal;N;0,56;0,51
2026-08-11 02:05;6,6029;-75,86736;VIIRS-NOAA-20;56,5;17,1;4,4;Nominal;N;0,56;0,51
2026-08-11 02:05;6,60509;-75,88006;VIIRS-NOAA-20;32,0;16,8;1,3;Nominal;N;0,56;0,51
2026-08-11 02:05;5,32678;-73,7128;VIIRS-NOAA-20;29,8;3,1;1,2;Nominal;N;0,41;0,61
2026-08-11 02:05;5,19272;-74,82676;VIIRS-NOAA-20;70,1;17,4;4,0;Nominal;N;0,35;0,56
2026-08-11 02:05;5,03662;-74,73357;VIIRS-NOAA-20;29,2;13,6;;Nominal;N;0,35;0,57
2026-08-11 02:05;5,03607;-74,73048;VIIRS-NOAA-20;42,2;13,9;;Nominal;N;0,35;0,57
2026-08-11 02:05;5,03999;-74,72955;VIIRS-NOAA-20;30,8;13,2;;Nominal;N;0,35;0,57
2026-08-11 02:05;5,03481;-74,73048;VIIRS-NOAA-20;37,3;13,6;;Nominal;N;0,35;0,57
2026-08-11 02:05;10,31835;-75,4882;VIIRS-NOAA-20;45,9;15,2;2,9;Nominal;N;0,51;0,49
2026-08-11 02:05;10,16577;-75,39912;VIIRS-NOAA-20;28,6;12,1;;Nominal;N;0,52;0,5
2026-08-11 02:05;9,76685;-73,47605;VIIRS-NOAA-20;34,9;15,6;1,6;Nominal;N;0,36;0,57
2026-08-11 02:05;9,76166;-73,47703;VIIRS-NOAA-20;48,9;16,6;1,6;Nominal;N;0,36;0,57
2026-08-11 02:05;9,76107;-73,47382;VIIRS-NOAA-20;41,3;16,9;1,6;Nominal;N;0,36;0,57
2026-08-11 02:05;9,741;-73,51073;VIIRS-NOAA-20;39,2;18,2;2,6;Nominal;N;0,36;0,57
2026-08-11 02:05;9,70071;-73,52498;VIIRS-NOAA-20;32,5;17,1;1,8;Nominal;N;0,36;0,57
2026-08-11 02:05;9,69792;-73,53865;VIIRS-NOAA-20;52,4;18,4;4,8;Nominal;N;0,35;0,57
2026-08-11 02:05;9,69732;-73,53548;VIIRS-NOAA-20;61,3;20,9;3,5;Nominal;N;0,36;0,57
2026-08-11 02:05;9,69673;-73,53231;VIIRS-NOAA-20;43,4;19,2;3,5;Nominal;N;0,36;0,57
2026-08-11 02:07;2,16756;-76,9592;VIIRS-NOAA-20;28,4;16,4;2,5;Nominal;N;0,55;0,51
2026-08-11 02:07;3,48903;-75,47259;VIIRS-NOAA-20;32,1;6,0;1,4;Nominal;N;0,33;0,56
2026-08-11 02:07;3,50861;-75,46526;VIIRS-NOAA-20;38,7;14,7;3,9;Nominal;N;0,33;0,56
2026-08-11 02:07;3,50926;-75,46918;VIIRS-NOAA-20;32,3;13,1;1,9;Nominal;N;0,33;0,56
2026-08-11 02:07;3,87206;-75,945;VIIRS-NOAA-20;56,3;10,3;11,6;Nominal;N;0,61;0,54
2026-08-11 02:07;3,87298;-75,95043;VIIRS-NOAA-20;63,6;13,0;11,6;Nominal;N;0,61;0,53
2026-08-11 02:07;4,04034;-75,23222;VIIRS-NOAA-20;31,3;3,5;1,8;Nominal;N;0,34;0,56
2026-08-11 02:07;4,04087;-75,2354;VIIRS-NOAA-20;61,8;4,5;2,5;Nominal;N;0,34;0,56
2026-08-11 02:07;2,06508;-77,20072;VIIRS-NOAA-20;60,7;16,7;5,9;Nominal;N;0,53;0,5
2026-08-11 02:07;1,48934;-77,5673;VIIRS-NOAA-20;40,0;10,1;4,3;Nominal;N;0,52;0,5
2026-08-11 02:07;1,44268;-77,53688;VIIRS-NOAA-20;93,9;20,0;20,4;Alta;N;0,52;0,5
2026-08-11 02:07;1,442;-77,53269;VIIRS-NOAA-20;49,6;16,5;4,5;Nominal;N;0,52;0,5
2026-08-11 02:07;1,43839;-77,53909;VIIRS-NOAA-20;68,9;16,9;11,5;Nominal;N;0,52;0,5
2026-08-11 02:07;1,43775;-77,53517;VIIRS-NOAA-20;63,4;17,2;6,1;Nominal;N;0,52;0,5
2026-08-11 02:07;1,43581;-77,55191;VIIRS-NOAA-20;49,3;16,0;8,0;Nominal;N;0,52;0,5
2026-08-11 02:07;1,43512;-77,54765;VIIRS-NOAA-20;81,8;18,2;8,0;Nominal;N;0,52;0,5
2026-08-11 02:07;2,16896;-76,96796;VIIRS-NOAA-20;39,7;16,7;2,0;Nominal;N;0,55;0,51
2026-08-11 02:07;2,16826;-76,96358;VIIRS-NOAA-20;47,0;17,7;2,5;Nominal;N;0,55;0,51
2026-08-11 02:07;2,17754;-76,96169;VIIRS-NOAA-20;36,0;16,1;2,5;Nominal;N;0,55;0,51
2026-08-11 02:07;2,16612;-76,96249;VIIRS-NOAA-20;48,0;17,6;2,1;Nominal;N;0,55;0,51
2026-08-11 02:07;2,17083;-76,96201;VIIRS-NOAA-20;34,9;16,8;2,1;Nominal;N;0,55;0,51
2026-08-11 02:07;2,17155;-76,96632;VIIRS-NOAA-20;41,6;16,9;2,1;Nominal;N;0,55;0,51
2026-08-11 02:07;2,17619;-76,96542;VIIRS-NOAA-20;43,1;15,6;2,9;Nominal;N;0,55;0,51
2026-08-11 02:07;2,28189;-76,93816;VIIRS-NOAA-20;51,6;13,5;2,5;Nominal;N;0,55;0,51
2026-08-11 02:07;2,28486;-76,94066;VIIRS-NOAA-20;55,4;15,4;4,4;Nominal;N;0,55;0,51
2026-08-11 02:07;2,58134;-76,59715;VIIRS-NOAA-20;41,9;15,7;2,5;Nominal;N;0,58;0,52
2026-08-11 02:07;2,93927;-76,2397;VIIRS-NOAA-20;64,4;17,0;7,8;Nominal;N;0,6;0,53
2026-08-11 02:07;3,07022;-75,54872;VIIRS-NOAA-20;69,0;14,9;6,1;Nominal;N;0,34;0,56
2026-08-11 02:07;3,07086;-75,55254;VIIRS-NOAA-20;79,3;11,2;6,1;Nominal;N;0,34;0,56
2026-08-11 02:07;3,18969;-75,52557;VIIRS-NOAA-20;32,8;12,4;2,6;Nominal;N;0,34;0,56
2026-08-11 02:07;3,18911;-75,52208;VIIRS-NOAA-20;64,8;13,3;2,6;Nominal;N;0,34;0,56
2026-08-11 02:07;3,19417;-75,52119;VIIRS-NOAA-20;43,7;13,7;1,1;Nominal;N;0,34;0,56
2026-08-11 02:07;3,19482;-75,52512;VIIRS-NOAA-20;26,5;13,4;1,1;Nominal;N;0,34;0,56
2026-08-11 02:07;3,52904;-76,15116;VIIRS-NOAA-20;25,8;13,6;1,2;Nominal;N;0,6;0,53
2026-08-11 02:07;3,4834;-75,47004;VIIRS-NOAA-20;35,1;2,9;;Nominal;N;0,33;0,56
2026-08-11 01:46;9,3782;-73,45889;VIIRS-Suomi-NPP;36,2;22,4;3,2;Nominal;N;0,44;0,38
2026-08-11 01:46;9,3692;-73,44829;VIIRS-Suomi-NPP;54,2;24,1;5,0;Nominal;N;0,44;0,38
2026-08-11 01:46;9,36436;-73,44094;VIIRS-Suomi-NPP;41,3;23,0;1,8;Nominal;N;0,44;0,38
2026-08-11 01:46;9,36368;-73,43683;VIIRS-Suomi-NPP;39,6;22,8;2,0;Nominal;N;0,44;0,38
2026-08-11 01:46;9,36085;-73,4416;VIIRS-Suomi-NPP;39,6;22,8;1,8;Nominal;N;0,44;0,38
2026-08-11 01:46;9,35136;-73,4063;VIIRS-Suomi-NPP;37,0;23,1;1,6;Nominal;N;0,44;0,39
2026-08-11 01:46;9,34782;-73,40685;VIIRS-Suomi-NPP;36,5;22,5;1,6;Nominal;N;0,44;0,39
2026-08-11 01:46;9,34563;-73,41547;VIIRS-Suomi-NPP;41,7;22,8;3,1;Nominal;N;0,44;0,39
2026-08-11 01:46;9,31394;-73,35627;VIIRS-Suomi-NPP;34,0;21,3;2,5;Nominal;N;0,45;0,39
2026-08-11 01:46;9,2999;-73,42416;VIIRS-Suomi-NPP;47,2;21,7;2,5;Nominal;N;0,44;0,39
2026-08-11 01:46;9,29921;-73,42009;VIIRS-Suomi-NPP;39,4;21,9;2,5;Nominal;N;0,44;0,39
2026-08-11 01:46;9,29572;-73,42089;VIIRS-Suomi-NPP;34,7;21,2;2,9;Nominal;N;0,44;0,39
2026-08-11 01:46;9,29585;-73,42028;VIIRS-Suomi-NPP;35,4;21,2;3,4;Nominal;N;0,44;0,39
2026-08-11 01:46;9,27154;-73,4928;VIIRS-Suomi-NPP;53,1;20,9;4,4;Nominal;N;0,44;0,38
2026-08-11 01:46;8,89682;-74,51383;VIIRS-Suomi-NPP;27,0;0,4;;Nominal;N;0,41;0,37
2026-08-11 01:46;8,40125;-73,24227;VIIRS-Suomi-NPP;28,0;8,7;;Nominal;N;0,46;0,39
2026-08-11 01:46;8,39766;-73,24287;VIIRS-Suomi-NPP;28,3;9,2;;Nominal;N;0,46;0,39
2026-08-11 01:46;8,40019;-73,24505;VIIRS-Suomi-NPP;29,9;9,3;1,1;Nominal;N;0,46;0,39
2026-08-11 01:46;8,08212;-72,59667;VIIRS-Suomi-NPP;40,9;21,2;3,6;Nominal;N;0,5;0,41
2026-08-11 01:46;8,07868;-72,60461;VIIRS-Suomi-NPP;36,4;21,3;3,7;Nominal;N;0,5;0,41
2026-08-11 01:46;8,03269;-72,41958;VIIRS-Suomi-NPP;39,1;22,5;3,5;Nominal;N;0,51;0,41
2026-08-11 01:46;7,95147;-72,4908;VIIRS-Suomi-NPP;38,5;20,7;3,0;Nominal;N;0,51;0,41
2026-08-11 01:46;7,95144;-72,48811;VIIRS-Suomi-NPP;42,1;20,9;3,2;Nominal;N;0,51;0,41
2026-08-11 01:46;7,8959;-72,59587;VIIRS-Suomi-NPP;34,7;19,4;1,9;Nominal;N;0,5;0,41
2026-08-11 01:46;7,89053;-72,56399;VIIRS-Suomi-NPP;32,7;18,1;4,0;Nominal;N;0,51;0,41
2026-08-11 01:46;7,59184;-73,05347;VIIRS-Suomi-NPP;65,9;3,7;3,8;Nominal;N;0,48;0,4
2026-08-11 01:46;7,59248;-73,05735;VIIRS-Suomi-NPP;39,9;2,6;3,8;Nominal;N;0,48;0,4
2026-08-11 01:46;6,61245;-75,87703;VIIRS-Suomi-NPP;35,9;18,5;;Nominal;N;0,39;0,36
2026-08-11 01:46;6,60911;-75,87749;VIIRS-Suomi-NPP;58,1;19,5;1,6;Nominal;N;0,39;0,36
2026-08-11 01:46;6,60743;-75,86704;VIIRS-Suomi-NPP;39,7;18,6;;Nominal;N;0,39;0,36
2026-08-11 01:46;6,60576;-75,87792;VIIRS-Suomi-NPP;34,1;18,7;1,6;Nominal;N;0,39;0,36
2026-08-11 01:46;6,60411;-75,8676;VIIRS-Suomi-NPP;35,2;17,8;;Nominal;N;0,39;0,36
2026-08-11 01:46;6,60355;-75,86415;VIIRS-Suomi-NPP;38,3;17,2;;Nominal;N;0,39;0,36
2026-08-11 01:46;6,60077;-75,86811;VIIRS-Suomi-NPP;58,7;18,3;1,7;Nominal;N;0,39;0,36
2026-08-11 01:46;6,60022;-75,86465;VIIRS-Suomi-NPP;30,2;17,2;1,7;Nominal;N;0,39;0,36
2026-08-11 01:46;10,06659;-73,25161;VIIRS-Suomi-NPP;36,0;22,2;1,8;Nominal;N;0,44;0,39
2026-08-11 01:46;10,3206;-75,48563;VIIRS-Suomi-NPP;33,0;16,9;1,7;Nominal;N;0,39;0,36
2026-08-11 01:46;10,16746;-75,39907;VIIRS-Suomi-NPP;39,2;14,2;1,1;Nominal;N;0,39;0,36
2026-08-11 01:46;9,76423;-73,47515;VIIRS-Suomi-NPP;44,4;23,5;2,0;Nominal;N;0,44;0,38
2026-08-11 01:46;9,76072;-73,47574;VIIRS-Suomi-NPP;48,7;23,0;2,3;Nominal;N;0,44;0,38
2026-08-11 01:46;9,74367;-73,50296;VIIRS-Suomi-NPP;34,8;20,2;;Nominal;N;0,44;0,38
2026-08-11 01:46;9,74083;-73,50748;VIIRS-Suomi-NPP;35,8;19,5;;Nominal;N;0,43;0,38
2026-08-11 01:46;9,74296;-73,50278;VIIRS-Suomi-NPP;35,0;19,6;;Nominal;N;0,44;0,38
2026-08-11 01:46;9,7401;-73,50731;VIIRS-Suomi-NPP;35,8;19,5;;Nominal;N;0,44;0,38
2026-08-11 01:46;9,7366;-73,50791;VIIRS-Suomi-NPP;35,7;19,4;1,4;Nominal;N;0,44;0,38
2026-08-11 01:46;9,69937;-73,52232;VIIRS-Suomi-NPP;37,2;21,7;;Nominal;N;0,43;0,38
2026-08-11 01:46;9,69848;-73,53864;VIIRS-Suomi-NPP;48,7;23,0;7,6;Nominal;N;0,43;0,38
2026-08-11 01:46;9,69783;-73,53471;VIIRS-Suomi-NPP;80,0;33,1;7,6;Nominal;N;0,43;0,38
2026-08-11 01:46;9,69718;-73,53077;VIIRS-Suomi-NPP;48,8;24,5;2,1;Nominal;N;0,43;0,38
2026-08-11 01:46;9,69587;-73,5229;VIIRS-Suomi-NPP;64,2;23,8;4,2;Nominal;N;0,43;0,38
2026-08-11 01:46;9,69652;-73,52684;VIIRS-Suomi-NPP;43,6;24,2;2,1;Nominal;N;0,43;0,38
2026-08-11 01:46;9,69498;-73,53923;VIIRS-Suomi-NPP;77,9;30,2;7,6;Nominal;N;0,43;0,38
2026-08-11 01:46;9,69433;-73,5353;VIIRS-Suomi-NPP;65,8;26,0;7,6;Nominal;N;0,43;0,38
2026-08-11 01:46;9,69367;-73,53137;VIIRS-Suomi-NPP;39,2;22,6;2,1;Nominal;N;0,43;0,38
2026-08-11 01:46;9,69148;-73,53983;VIIRS-Suomi-NPP;64,5;25,5;6,2;Nominal;N;0,43;0,38
2026-08-11 01:46;9,65278;-73,56654;VIIRS-Suomi-NPP;50,1;22,2;3,0;Nominal;N;0,43;0,38
2026-08-11 01:46;9,65212;-73,56261;VIIRS-Suomi-NPP;47,9;21,7;2,1;Nominal;N;0,43;0,38
2026-08-11 01:46;9,55189;-73,26376;VIIRS-Suomi-NPP;36,2;23,2;3,3;Nominal;N;0,45;0,39
2026-08-11 01:46;9,54128;-73,26577;VIIRS-Suomi-NPP;35,7;21,9;3,3;Nominal;N;0,45;0,39
2026-08-11 01:46;9,56891;-73,45364;VIIRS-Suomi-NPP;39,0;23,4;2,4;Nominal;N;0,44;0,38
2026-08-11 01:46;9,56341;-73,44233;VIIRS-Suomi-NPP;60,4;23,7;5,5;Nominal;N;0,44;0,38
2026-08-11 01:46;9,56275;-73,43835;VIIRS-Suomi-NPP;51,7;22,8;3,2;Nominal;N;0,44;0,38
2026-08-11 01:46;9,47704;-73,29211;VIIRS-Suomi-NPP;54,4;23,2;6,1;Nominal;N;0,45;0,39
2026-08-11 01:46;9,4764;-73,28825;VIIRS-Suomi-NPP;64,2;23,9;7,2;Nominal;N;0,45;0,39
2026-08-11 01:46;9,39812;-73,40778;VIIRS-Suomi-NPP;37,2;22,8;3,2;Nominal;N;0,44;0,39
2026-08-11 01:46;9,39676;-73,39975;VIIRS-Suomi-NPP;40,2;23,4;2,3;Nominal;N;0,44;0,39
2026-08-11 01:46;9,3979;-73,40226;VIIRS-Suomi-NPP;36,8;22,9;3,0;Nominal;N;0,44;0,39
2026-08-11 01:46;9,39371;-73,3989;VIIRS-Suomi-NPP;49,3;24,0;2,6;Nominal;N;0,44;0,39
2026-08-11 01:46;9,3996;-73,4348;VIIRS-Suomi-NPP;38,0;21,5;1,7;Nominal;N;0,44;0,38
2026-08-11 01:46;9,39437;-73,40292;VIIRS-Suomi-NPP;37,9;23,4;3,9;Nominal;N;0,44;0,39
2026-08-11 01:46;9,39306;-73,39487;VIIRS-Suomi-NPP;37,7;23,8;2,6;Nominal;N;0,44;0,39
2026-08-11 01:46;9,3924;-73,39088;VIIRS-Suomi-NPP;39,0;24,1;2,6;Nominal;N;0,44;0,39
2026-08-11 01:46;9,39175;-73,38692;VIIRS-Suomi-NPP;40,4;23,6;2,6;Nominal;N;0,44;0,39
2026-08-11 01:46;9,38757;-73,38362;VIIRS-Suomi-NPP;37,0;22,9;3,5;Nominal;N;0,44;0,39
2026-08-11 01:46;9,39515;-73,45187;VIIRS-Suomi-NPP;35,2;21,1;2,8;Nominal;N;0,44;0,38
2026-08-11 01:46;9,38524;-73,45766;VIIRS-Suomi-NPP;35,7;21,1;2,8;Nominal;N;0,44;0,38
2026-08-11 01:46;9,36905;-73,40345;VIIRS-Suomi-NPP;51,2;24,0;4,9;Nominal;N;0,44;0,39
2026-08-11 01:46;11,08735;-73,47256;VIIRS-Suomi-NPP;31,2;18,8;;Nominal;N;0,42;0,38
2026-08-11 01:46;10,97039;-72,73053;VIIRS-Suomi-NPP;37,2;22,5;4,3;Nominal;N;0,46;0,39
2026-08-11 01:46;10,97685;-72,72514;VIIRS-Suomi-NPP;45,8;22,3;5,3;Nominal;N;0,46;0,39
2026-08-11 01:46;11,03014;-72,66186;VIIRS-Suomi-NPP;45,5;23,7;2,8;Nominal;N;0,46;0,39
2026-08-11 01:46;11,03371;-72,66116;VIIRS-Suomi-NPP;36,4;23,5;2,8;Nominal;N;0,46;0,39
2026-08-11 01:46;11,17868;-73,08978;VIIRS-Suomi-NPP;40,6;21,0;2,6;Nominal;N;0,44;0,38
2026-08-11 01:48;3,18857;-75,51869;VIIRS-Suomi-NPP;23,1;6,0;;Nominal;N;0,42;0,37
2026-08-11 01:48;1,43781;-77,53633;VIIRS-Suomi-NPP;66,2;20,7;12,0;Nominal;N;0,39;0,36
2026-08-11 01:48;2,16744;-76,96729;VIIRS-Suomi-NPP;30,0;18,0;1,4;Nominal;N;0,39;0,36
2026-08-11 01:48;2,16689;-76,96384;VIIRS-Suomi-NPP;61,5;20,9;3,8;Nominal;N;0,39;0,36
2026-08-11 01:48;2,16968;-76,95991;VIIRS-Suomi-NPP;46,3;18,7;3,8;Nominal;N;0,39;0,36
2026-08-11 01:48;2,17077;-76,96677;VIIRS-Suomi-NPP;52,9;18,7;1,4;Nominal;N;0,39;0,36
2026-08-11 01:48;2,1813;-76,95404;VIIRS-Suomi-NPP;53,7;19,1;2,8;Nominal;N;0,39;0,36
2026-08-11 01:48;2,28447;-76,9414;VIIRS-Suomi-NPP;42,2;12,9;1,1;Nominal;N;0,39;0,36
2026-08-11 01:48;2,59458;-76,86955;VIIRS-Suomi-NPP;24,8;10,6;;Nominal;N;0,39;0,36
2026-08-11 01:48;2,57809;-76,59569;VIIRS-Suomi-NPP;47,8;16,3;2,0;Nominal;N;0,39;0,36
2026-08-11 01:48;2,58143;-76,59518;VIIRS-Suomi-NPP;52,0;17,8;2,5;Nominal;N;0,39;0,36
2026-08-11 01:48;2,59758;-76,58901;VIIRS-Suomi-NPP;43,8;17,7;1,8;Nominal;N;0,39;0,36
2026-08-11 01:48;2,60371;-76,58446;VIIRS-Suomi-NPP;28,5;15,1;;Nominal;N;0,39;0,36
2026-08-11 01:48;2,60705;-76,58393;VIIRS-Suomi-NPP;31,4;15,4;;Nominal;N;0,39;0,36
2026-08-11 01:48;2,78486;-76,49055;VIIRS-Suomi-NPP;30,1;13,8;;Nominal;N;0,39;0,37
2026-08-11 01:48;2,71569;-75,60184;VIIRS-Suomi-NPP;36,7;10,7;1,6;Nominal;N;0,42;0,38
2026-08-11 01:48;2,7198;-75,60538;VIIRS-Suomi-NPP;30,7;7,7;1,7;Nominal;N;0,42;0,38
2026-08-11 01:48;2,93716;-76,2387;VIIRS-Suomi-NPP;30,2;15,9;2,6;Nominal;N;0,4;0,37
2026-08-11 01:48;2,93775;-76,24232;VIIRS-Suomi-NPP;58,2;18,7;7,4;Nominal;N;0,4;0,37
2026-08-11 01:48;2,94052;-76,23816;VIIRS-Suomi-NPP;30,6;14,3;2,6;Nominal;N;0,4;0,37
2026-08-11 01:48;2,94109;-76,24172;VIIRS-Suomi-NPP;67,6;21,9;7,4;Nominal;N;0,4;0,37
2026-08-11 01:48;3,06683;-75,54629;VIIRS-Suomi-NPP;23,1;10,1;;Nominal;N;0,42;0,37
2026-08-11 01:48;3,0681;-75,55417;VIIRS-Suomi-NPP;24,1;8,5;9,1;Nominal;N;0,42;0,37
2026-08-11 01:48;3,06746;-75,55023;VIIRS-Suomi-NPP;72,7;11,5;9,1;Nominal;N;0,42;0,37
2026-08-11 01:48;3,07027;-75,54578;VIIRS-Suomi-NPP;25,3;11,4;1,0;Nominal;N;0,42;0,37
2026-08-11 01:48;3,0709;-75,54969;VIIRS-Suomi-NPP;72,1;19,1;18,1;Nominal;N;0,42;0,37
2026-08-11 01:48;1,43726;-77,5329;VIIRS-Suomi-NPP;56,6;19,0;5,9;Nominal;N;0,39;0,36
2026-08-11 01:48;4,054;-75,20155;VIIRS-Suomi-NPP;26,0;2,1;;Nominal;N;0,42;0,38
2026-08-11 01:48;4,05747;-75,2011;VIIRS-Suomi-NPP;22,7;1,0;;Nominal;N;0,42;0,38
2026-08-11 01:48;4,05528;-75,19828;VIIRS-Suomi-NPP;27,0;2,9;1,7;Nominal;N;0,42;0,38
2026-08-11 01:48;4,55388;-75,00845;VIIRS-Suomi-NPP;58,6;19,5;6,8;Nominal;N;0,42;0,38
2026-08-11 01:48;4,55734;-75,00785;VIIRS-Suomi-NPP;57,7;20,6;6,7;Nominal;N;0,42;0,38
2026-08-11 01:48;4,59761;-75,00291;VIIRS-Suomi-NPP;47,1;19,1;3,5;Nominal;N;0,42;0,38
2026-08-11 01:48;4,59824;-75,00674;VIIRS-Suomi-NPP;55,1;18,1;3,5;Nominal;N;0,42;0,38
2026-08-11 01:48;4,90833;-74,78432;VIIRS-Suomi-NPP;34,1;18,8;1,2;Nominal;N;0,43;0,38
2026-08-11 01:48;4,90895;-74,78813;VIIRS-Suomi-NPP;32,7;17,9;1,0;Nominal;N;0,43;0,38
2026-08-11 01:48;5,03656;-74,72868;VIIRS-Suomi-NPP;56,4;18,4;4,5;Nominal;N;0,43;0,38
2026-08-11 01:48;5,1931;-74,81927;VIIRS-Suomi-NPP;30,2;16,8;1,7;Nominal;N;0,43;0,38
2026-08-11 01:48;5,19374;-74,82313;VIIRS-Suomi-NPP;44,9;18,8;1,4;Nominal;N;0,43;0,38
2026-08-11 01:48;5,19437;-74,82697;VIIRS-Suomi-NPP;37,1;17,9;1,4;Nominal;N;0,43;0,38
2026-08-11 01:48;5,20225;-74,80989;VIIRS-Suomi-NPP;31,1;18,0;1,2;Nominal;N;0,43;0,38
2026-08-11 01:48;5,43521;-75,40419;VIIRS-Suomi-NPP;35,0;13,1;1,6;Nominal;N;0,41;0,37
2026-08-11 01:48;5,43579;-75,40775;VIIRS-Suomi-NPP;39,0;13,1;1,7;Nominal;N;0,41;0,37
2026-08-11 01:48;2,06465;-77,19728;VIIRS-Suomi-NPP;71,3;21,9;5,0;Nominal;N;0,39;0,36
2026-08-11 01:48;2,06521;-77,20082;VIIRS-Suomi-NPP;30,9;16,7;5,0;Nominal;N;0,39;0,36
2026-08-11 01:48;2,06133;-77,19777;VIIRS-Suomi-NPP;52,6;18,8;5,0;Nominal;N;0,39;0,36
2026-08-11 01:48;1,4979;-77,10229;VIIRS-Suomi-NPP;32,2;2,4;1,2;Nominal;N;0,39;0,36
2026-08-11 01:48;1,44165;-77,53914;VIIRS-Suomi-NPP;71,1;24,8;12,0;Nominal;N;0,39;0,36
2026-08-11 01:48;1,4411;-77,53573;VIIRS-Suomi-NPP;77,5;20,9;12,0;Nominal;N;0,39;0,36
2026-08-11 01:48;1,43834;-77,53973;VIIRS-Suomi-NPP;58,7;17,5;12,0;Nominal;N;0,39;0,36
2026-08-11 01:48;3,80795;-75,30535;VIIRS-Suomi-NPP;39,0;12,6;2,8;Nominal;N;0,42;0,38
2026-08-11 01:48;3,49898;-75,47276;VIIRS-Suomi-NPP;35,9;17,4;2,6;Nominal;N;0,42;0,37
2026-08-11 01:48;3,49836;-75,46892;VIIRS-Suomi-NPP;38,5;17,8;4,3;Nominal;N;0,42;0,37
2026-08-11 01:48;3,52696;-76,14979;VIIRS-Suomi-NPP;34,0;16,0;1,1;Nominal;N;0,4;0,37
2026-08-11 01:48;3,19731;-75,5293;VIIRS-Suomi-NPP;27,7;12,6;;Nominal;N;0,42;0,37
2026-08-11 01:48;3,19668;-75,52534;VIIRS-Suomi-NPP;35,2;13,5;1,8;Nominal;N;0,42;0,37
2026-08-11 01:48;3,19261;-75,5219;VIIRS-Suomi-NPP;65,0;14,9;4,1;Nominal;N;0,42;0,37
2026-08-11 01:48;3,19324;-75,52584;VIIRS-Suomi-NPP;24,8;10,4;4,1;Nominal;N;0,42;0,37
2026-08-11 01:48;3,192;-75,5181;VIIRS-Suomi-NPP;25,4;9,9;;Nominal;N;0,42;0,37
2026-08-11 01:48;3,18917;-75,52244;VIIRS-Suomi-NPP;62,6;9,4;4,1;Nominal;N;0,42;0,37
2026-08-11 01:48;3,94352;-75,1762;VIIRS-Suomi-NPP;33,4;12,5;2,4;Nominal;N;0,42;0,38
2026-08-11 01:48;1,07031;-77,56696;VIIRS-Suomi-NPP;25,6;7,3;;Nominal;N;0,39;0,36
2026-08-11 01:48;1,28652;-77,62785;VIIRS-Suomi-NPP;23,6;12,4;;Nominal;N;0,39;0,36
2026-08-11 01:48;1,28928;-77,62384;VIIRS-Suomi-NPP;41,7;14,5;2,2;Nominal;N;0,39;0,36
2026-08-11 01:48;1,28982;-77,62735;VIIRS-Suomi-NPP;56,0;13,7;2,2;Nominal;N;0,39;0,36
2026-08-11 01:48;1,4328;-77,54759;VIIRS-Suomi-NPP;45,6;17,5;2,1;Nominal;N;0,39;0,36
2026-08-11 01:48;1,43334;-77,55101;VIIRS-Suomi-NPP;44,8;16,5;2,1;Nominal;N;0,39;0,36
2026-08-11 01:48;1,43666;-77,55048;VIIRS-Suomi-NPP;38,1;15,8;2,1;Nominal;N;0,39;0,36
2026-08-11 01:48;1,43611;-77,54705;VIIRS-Suomi-NPP;49,5;18,4;2,1;Nominal;N;0,39;0,36
2026-08-11 03:50;9,69579;-73,537;MODIS-Aqua;39,4;21,2;14,3;85 %;N;1,39;1,17
2026-08-11 03:52;1,43787;-77,53416;MODIS-Aqua;34,7;16,2;9,5;73 %;N;1,06;1,03
2026-08-11 03:52;1,44812;-77,54133;MODIS-Aqua;30,6;15,9;6,6;37 %;N;1,06;1,03
2026-08-11 03:52;1,44672;-77,5321;MODIS-Aqua;38,6;17,3;12,0;83 %;N;1,06;1,03
2026-08-11 08:50;9,69389;-73,52853;MODIS-Terra;52,0;31,4;15,5;76 %;D;1,1;1,05
2026-08-11 08:50;9,69243;-73,51882;MODIS-Terra;43,4;29,4;5,6;33 %;D;1,1;1,05
2026-08-11 08:50;9,5619;-73,44084;MODIS-Terra;50,2;32,8;12,3;61 %;D;1,11;1,05
2026-08-11 08:50;9,56046;-73,43105;MODIS-Terra;48,1;32,1;10,6;73 %;D;1,11;1,05
2026-08-11 08:50;9,38005;-73,46;MODIS-Terra;48,7;30,6;9,6;58 %;D;1,11;1,05
2026-08-11 08:50;9,36939;-73,45169;MODIS-Terra;47,7;30,9;8,2;30 %;D;1,12;1,05
2026-08-11 08:50;7,19988;-73,20609;MODIS-Terra;38,9;25,2;7,3;67 %;D;1,21;1,1
2026-08-11 08:50;10,68153;-73,27518;MODIS-Terra;40,6;26,5;6,4;55 %;D;1,1;1,05
2026-08-11 08:50;10,55626;-74,2975;MODIS-Terra;42,0;20,8;5,5;61 %;D;1,02;1,01
2026-08-11 08:50;9,69535;-73,53822;MODIS-Terra;58,9;30,4;24,6;83 %;D;1,1;1,04
2026-08-11 08:53;2,53626;-76,74667;MODIS-Terra;36,8;24,2;5,7;64 %;D;1,0;1,0
2026-08-11 08:53;1,4412;-77,54028;MODIS-Terra;107,3;32,9;149,1;100 %;D;1,01;1,0
2026-08-11 08:53;1,43994;-77,53143;MODIS-Terra;64,5;28,6;32,3;90 %;D;1,01;1,0
2026-08-11 08:53;1,43364;-77,5503;MODIS-Terra;53,4;26,7;17,9;83 %;D;1,01;1,0
2026-08-11 08:53;1,43237;-77,54131;MODIS-Terra;45,9;24,9;10,5;72 %;D;1,01;1,0
2026-08-11 08:53;1,4311;-77,53236;MODIS-Terra;49,5;26,1;14,6;80 %;D;1,01;1,0
2026-08-11 08:53;1,28702;-77,62704;MODIS-Terra;63,4;20,2;35,7;90 %;D;1,01;1,0
2026-08-11 08:53;6,99819;-75,86867;MODIS-Terra;38,6;23,1;7,0;54 %;D;1,0;1,0
2026-08-11 08:53;6,43818;-72,98074;MODIS-Terra;32,0;17,1;7,6;49 %;D;1,28;1,12
2026-08-11 08:53;5,96882;-70,26182;MODIS-Terra;33,4;15,9;6,8;45 %;D;2,07;1,4
2026-08-11 08:53;5,96297;-70,25066;MODIS-Terra;33,6;16,2;6,8;47 %;D;2,07;1,4
2026-08-11 08:53;4,38655;-74,91966;MODIS-Terra;39,1;23,9;4,7;44 %;D;1,07;1,03
2026-08-11 08:53;4,38511;-74,90977;MODIS-Terra;51,8;25,6;17,7;81 %;D;1,07;1,03
2026-08-11 08:53;4,37604;-74,91114;MODIS-Terra;43,6;25,5;8,7;47 %;D;1,07;1,03
2026-08-11 08:53;4,3286;-76,18629;MODIS-Terra;46,9;26,6;12,6;77 %;D;1,0;1,0
2026-08-11 08:53;3,70409;-72,24106;MODIS-Terra;34,5;17,8;5,2;52 %;D;1,58;1,24
2026-08-11 08:53;4,14149;-75,26533;MODIS-Terra;43,8;24,7;8,9;75 %;D;1,05;1,02
2026-08-11 08:53;4,1402;-75,25646;MODIS-Terra;43,6;22,1;9,0;50 %;D;1,05;1,02
2026-08-11 08:53;4,07092;-75,2251;MODIS-Terra;66,2;20,5;36,1;91 %;D;1,05;1,02
2026-08-11 08:53;3,87206;-75,95317;MODIS-Terra;30,1;16,8;4,8;28 %;D;1,01;1,01
2026-08-11 08:53;3,87077;-75,94429;MODIS-Terra;49,9;20,4;21,0;81 %;D;1,01;1,01
2026-08-11 08:53;3,09676;-72,11306;MODIS-Terra;36,6;20,3;10,1;61 %;D;1,65;1,26
2026-08-11 08:53;3,43295;-76,17062;MODIS-Terra;53,5;16,0;24,0;83 %;D;1,01;1,0
2026-08-11 12:13;4,5682;-68,61649;VIIRS-NOAA-21;55,0;15,2;8,9;Nominal;D;0,49;0,65
2026-08-11 12:13;4,56746;-68,6208;VIIRS-NOAA-21;81,8;14,7;9,8;Nominal;D;0,49;0,65
2026-08-11 12:13;4,56673;-68,62507;VIIRS-NOAA-21;56,9;14,7;9,8;Nominal;D;0,49;0,65
2026-08-11 12:13;4,5645;-68,63802;VIIRS-NOAA-21;70,8;16,4;11,4;Nominal;D;0,49;0,65
2026-08-11 12:13;4,56375;-68,64238;VIIRS-NOAA-21;56,3;13,1;11,4;Nominal;D;0,49;0,65
2026-08-11 12:13;4,88808;-68,31847;VIIRS-NOAA-21;60,3;19,3;6,9;Nominal;D;0,46;0,64
2026-08-11 12:13;4,88884;-68,31935;VIIRS-NOAA-21;61,1;19,3;5,4;Nominal;D;0,46;0,64
2026-08-11 12:13;4,92045;-68,27424;VIIRS-NOAA-21;65,2;19,5;3,8;Nominal;D;0,46;0,63
2026-08-11 12:13;5,20937;-69,82975;VIIRS-NOAA-21;54,5;18,0;8,2;Nominal;D;0,58;0,7
2026-08-11 12:13;5,21658;-69,82573;VIIRS-NOAA-21;58,4;17,4;8,2;Nominal;D;0,58;0,7
2026-08-11 12:13;5,21568;-69,83083;VIIRS-NOAA-21;65,8;17,6;8,2;Nominal;D;0,58;0,7
2026-08-11 12:13;5,44904;-69,65303;VIIRS-NOAA-21;59,4;17,4;8,3;Nominal;D;0,56;0,69
2026-08-11 12:13;5,49376;-69,75213;VIIRS-NOAA-21;59,8;16,6;7,6;Nominal;D;0,57;0,69
2026-08-11 12:13;5,94023;-67,96059;VIIRS-NOAA-21;58,7;20,2;4,5;Nominal;D;0,42;0,61
2026-08-11 12:13;5,94576;-67,96154;VIIRS-NOAA-21;58,7;19,5;4,3;Nominal;D;0,42;0,61
2026-08-11 12:13;5,8717;-69,12512;VIIRS-NOAA-21;71,0;17,7;8,3;Nominal;D;0,5;0,66
2026-08-11 12:13;5,87091;-69,12956;VIIRS-NOAA-21;64,5;17,2;8,3;Nominal;D;0,5;0,66
2026-08-11 12:13;5,87768;-69,1261;VIIRS-NOAA-21;78,1;17,0;8,3;Nominal;D;0,5;0,66
2026-08-11 12:13;5,88932;-70,45067;VIIRS-NOAA-21;62,5;15,5;14,9;Nominal;D;0,62;0,72
2026-08-11 12:13;5,89581;-70,45175;VIIRS-NOAA-21;82,5;15,9;14,9;Baja;D;0,62;0,72
2026-08-11 12:13;5,88882;-70,45423;VIIRS-NOAA-21;65,7;15,8;14,5;Nominal;D;0,62;0,72
2026-08-11 12:13;5,89531;-70,45528;VIIRS-NOAA-21;82,8;15,9;14,5;Baja;D;0,62;0,72
2026-08-11 12:13;6,35154;-69,97578;VIIRS-NOAA-21;54,1;14,8;6,7;Nominal;D;0,57;0,69
2026-08-11 12:13;6,35063;-69,98078;VIIRS-NOAA-21;63,8;16,7;6,7;Nominal;D;0,57;0,69
2026-08-11 12:13;6,3578;-69,97683;VIIRS-NOAA-21;67,1;15,0;6,7;Nominal;D;0,57;0,69
2026-08-11 12:15;10,88665;-73,0073;VIIRS-NOAA-21;65,3;23,6;12,6;Nominal;D;0,76;0,77
2026-08-11 12:15;10,88553;-73,01059;VIIRS-NOAA-21;78,8;23,8;15,4;Nominal;D;0,76;0,77
2026-08-11 12:15;11,11063;-72,75161;VIIRS-NOAA-21;93,9;24,9;46,5;Alta;D;0,72;0,76
2026-08-11 12:15;11,11995;-72,74056;VIIRS-NOAA-21;57,2;23,6;6,8;Nominal;D;0,72;0,75
2026-08-11 12:15;11,17541;-72,92638;VIIRS-NOAA-21;74,0;23,7;13,7;Nominal;D;0,74;0,76
2026-08-11 12:15;11,17696;-73,09396;VIIRS-NOAA-21;93,9;23,5;22,3;Alta;D;0,76;0,77
2026-08-11 12:15;11,18085;-73,07494;VIIRS-NOAA-21;73,1;23,1;21,2;Nominal;D;0,75;0,77
2026-08-11 12:15;11,17844;-73,08672;VIIRS-NOAA-21;63,2;23,3;22,3;Nominal;D;0,76;0,77
2026-08-11 12:15;11,17718;-73,08888;VIIRS-NOAA-21;93,9;23,4;39,1;Alta;D;0,76;0,77
2026-08-11 12:15;11,17977;-73,07661;VIIRS-NOAA-21;80,0;23,1;18,1;Nominal;D;0,75;0,77
2026-08-11 12:15;11,17563;-73,09625;VIIRS-NOAA-21;75,2;22,7;25,3;Nominal;D;0,76;0,77
2026-08-11 12:15;11,21181;-73,16502;VIIRS-NOAA-21;59,6;23,0;4,9;Nominal;D;0,76;0,77
2026-08-11 12:15;11,17298;-73,42159;VIIRS-NOAA-21;75,6;17,2;18,4;Nominal;D;0,8;0,78
2026-08-11 12:49;1,26707;-77,53548;VIIRS-Suomi-NPP;84,0;12,5;25,4;Baja;D;0,79;0,78
2026-08-11 12:49;1,27423;-77,5372;VIIRS-Suomi-NPP;64,7;6,4;10,7;Nominal;D;0,79;0,78
2026-08-11 12:49;1,43211;-77,53168;VIIRS-Suomi-NPP;65,1;20,3;9,1;Nominal;D;0,79;0,78
2026-08-11 12:49;1,42922;-77,54922;VIIRS-Suomi-NPP;56,2;20,6;9,1;Nominal;D;0,79;0,78
2026-08-11 12:49;1,43929;-77,53326;VIIRS-Suomi-NPP;71,1;20,5;15,2;Nominal;D;0,78;0,78
2026-08-11 12:49;1,44059;-77,53654;VIIRS-Suomi-NPP;63,4;18,1;14,9;Nominal;D;0,78;0,78
2026-08-11 12:49;1,83097;-76,90794;VIIRS-Suomi-NPP;63,2;12,0;14,2;Nominal;D;0,71;0,75
2026-08-11 12:49;2,11861;-76,96456;VIIRS-Suomi-NPP;71,0;20,1;15,1;Nominal;D;0,7;0,75
2026-08-11 12:49;2,11655;-76,96622;VIIRS-Suomi-NPP;64,1;19,1;8,4;Nominal;D;0,7;0,75
2026-08-11 12:49;2,12465;-76,96056;VIIRS-Suomi-NPP;69,5;16,0;17,2;Nominal;D;0,7;0,75
2026-08-11 12:49;2,12358;-76,9669;VIIRS-Suomi-NPP;83,2;14,4;17,2;Baja;D;0,7;0,75
2026-08-11 12:49;3,0209;-72,05749;VIIRS-Suomi-NPP;67,8;20,9;9,4;Nominal;D;0,63;0,54
2026-08-11 12:49;3,02026;-72,05959;VIIRS-Suomi-NPP;71,0;20,4;11,0;Nominal;D;0,63;0,54
2026-08-11 12:49;2,47193;-76,91237;VIIRS-Suomi-NPP;68,4;14,7;14,2;Nominal;D;0,69;0,74
2026-08-11 12:49;3,46786;-71,45513;VIIRS-Suomi-NPP;56,1;19,7;5,7;Nominal;D;0,56;0,52
2026-08-11 12:49;3,20962;-73,51814;VIIRS-Suomi-NPP;58,3;15,1;1,4;Nominal;D;0,39;0,6
2026-08-11 12:49;3,20933;-73,51868;VIIRS-Suomi-NPP;56,2;14,9;3,3;Nominal;D;0,39;0,6
2026-08-11 12:49;3,36194;-72,93772;VIIRS-Suomi-NPP;93,9;19,7;12,8;Alta;D;0,36;0,57
2026-08-11 12:49;3,46203;-72,68764;VIIRS-Suomi-NPP;61,5;19,5;2,5;Nominal;D;0,34;0,56
2026-08-11 12:49;2,84217;-76,765;VIIRS-Suomi-NPP;93,9;20,0;23,7;Alta;D;0,66;0,73
2026-08-11 12:49;2,84126;-76,77039;VIIRS-Suomi-NPP;69,1;20,2;13,9;Nominal;D;0,66;0,73
2026-08-11 12:49;2,9516;-76,35735;VIIRS-Suomi-NPP;73,6;24,4;15,2;Nominal;D;0,62;0,72
2026-08-11 12:49;2,84416;-76,76406;VIIRS-Suomi-NPP;54,2;15,6;8,9;Nominal;D;0,66;0,73
2026-08-11 12:49;2,84323;-76,76942;VIIRS-Suomi-NPP;75,7;20,7;8,9;Nominal;D;0,66;0,73
2026-08-11 12:49;2,94951;-76,35669;VIIRS-Suomi-NPP;57,3;23,4;10,5;Nominal;D;0,62;0,71
2026-08-11 12:49;2,95628;-76,3569;VIIRS-Suomi-NPP;54,5;22,2;5,4;Nominal;D;0,62;0,71
2026-08-11 12:49;2,99844;-76,2692;VIIRS-Suomi-NPP;54,9;23,2;4,5;Nominal;D;0,61;0,71
2026-08-11 12:49;2,96788;-76,78072;VIIRS-Suomi-NPP;58,9;11,7;4,4;Nominal;D;0,66;0,73
2026-08-11 12:49;4,06333;-70,45518;VIIRS-Suomi-NPP;59,0;19,8;4,8;Nominal;D;0,47;0,48
2026-08-11 12:49;3,11048;-76,39206;VIIRS-Suomi-NPP;55,4;25,5;4,8;Baja;D;0,62;0,71
2026-08-11 12:49;3,15428;-76,17266;VIIRS-Suomi-NPP;72,6;21,2;8,8;Nominal;D;0,6;0,71
2026-08-11 12:49;3,84593;-72,16994;VIIRS-Suomi-NPP;69,5;20,0;7,0;Nominal;D;0,62;0,54
2026-08-11 12:49;4,015;-71,27194;VIIRS-Suomi-NPP;64,8;19,7;3,2;Nominal;D;0,54;0,51
2026-08-11 12:49;3,84684;-72,16648;VIIRS-Suomi-NPP;56,5;20,0;5,8;Nominal;D;0,62;0,54
2026-08-11 12:49;3,84588;-72,17214;VIIRS-Suomi-NPP;61,6;19,0;5,8;Nominal;D;0,62;0,54
2026-08-11 12:49;4,01305;-71,2695;VIIRS-Suomi-NPP;55,7;20,4;5,5;Nominal;D;0,54;0,51
2026-08-11 12:49;3,21679;-76,31364;VIIRS-Suomi-NPP;72,8;25,6;9,4;Nominal;D;0,61;0,71
2026-08-11 12:49;3,8624;-72,63342;VIIRS-Suomi-NPP;83,1;19,1;6,3;Nominal;D;0,33;0,56
2026-08-11 12:49;4,54435;-68,65465;VIIRS-Suomi-NPP;55,8;24,5;4,3;Nominal;D;0,54;0,42
2026-08-11 12:49;4,54359;-68,65953;VIIRS-Suomi-NPP;64,9;25,8;6,2;Nominal;D;0,54;0,42
2026-08-11 12:49;4,54392;-68,65768;VIIRS-Suomi-NPP;68,9;25,7;9,6;Nominal;D;0,54;0,42
2026-08-11 12:49;4,5486;-68,65343;VIIRS-Suomi-NPP;60,6;24,9;8,5;Nominal;D;0,54;0,42
2026-08-11 12:49;4,54781;-68,65829;VIIRS-Suomi-NPP;74,6;25,9;9,6;Nominal;D;0,54;0,42
2026-08-11 12:49;4,5517;-68,6589;VIIRS-Suomi-NPP;70,9;23,4;11,7;Nominal;D;0,54;0,42
2026-08-11 12:49;4,55012;-68,66864;VIIRS-Suomi-NPP;60,0;24,3;4,6;Nominal;D;0,54;0,42
2026-08-11 12:49;4,55953;-68,63525;VIIRS-Suomi-NPP;57,4;25,2;5,1;Nominal;D;0,54;0,42
2026-08-11 12:49;5,81028;-74,95554;VIIRS-Suomi-NPP;63,9;21,8;66,2;Nominal;D;0,45;0,63
2026-08-11 12:49;5,79266;-75,09067;VIIRS-Suomi-NPP;79,6;23,3;9,9;Nominal;D;0,46;0,63
2026-08-11 12:49;6,02586;-70,97858;VIIRS-Suomi-NPP;56,9;18,0;5,9;Nominal;D;0,48;0,48
2026-08-11 12:49;6,30458;-70,10947;VIIRS-Suomi-NPP;93,9;23,6;17,7;Alta;D;0,42;0,45
2026-08-11 12:49;6,30396;-70,11324;VIIRS-Suomi-NPP;71,0;25,3;17,7;Nominal;D;0,42;0,45
2026-08-11 12:49;6,35665;-69,97266;VIIRS-Suomi-NPP;66,8;21,5;10,0;Nominal;D;0,41;0,45
2026-08-11 12:49;6,35605;-69,97635;VIIRS-Suomi-NPP;70,9;22,1;10,0;Nominal;D;0,41;0,45
2026-08-11 12:49;6,36369;-69,98138;VIIRS-Suomi-NPP;76,7;20,8;7,8;Nominal;D;0,41;0,45
2026-08-11 12:49;5,70038;-74,3223;VIIRS-Suomi-NPP;57,6;21,3;4,4;Nominal;D;0,41;0,6
2026-08-11 12:49;5,62657;-74,74704;VIIRS-Suomi-NPP;70,2;25,0;3,8;Nominal;D;0,44;0,62
2026-08-11 12:49;5,62589;-74,75095;VIIRS-Suomi-NPP;57,2;23,9;3,8;Nominal;D;0,44;0,62
2026-08-11 12:49;5,82613;-74,21294;VIIRS-Suomi-NPP;63,6;21,1;4,5;Nominal;D;0,4;0,6
2026-08-11 12:49;5,71539;-75,18546;VIIRS-Suomi-NPP;61,7;17,6;4,1;Nominal;D;0,47;0,64
2026-08-11 12:49;5,80496;-74,95175;VIIRS-Suomi-NPP;84,4;24,2;11,1;Nominal;D;0,45;0,63
2026-08-11 12:49;5,81082;-74,95243;VIIRS-Suomi-NPP;93,9;29,8;66,2;Alta;D;0,45;0,63
2026-08-11 12:49;4,55717;-68,6498;VIIRS-Suomi-NPP;72,7;25,8;11,9;Nominal;D;0,54;0,42
2026-08-11 12:49;4,55481;-68,66436;VIIRS-Suomi-NPP;60,9;24,3;11,7;Nominal;D;0,54;0,42
2026-08-11 12:49;4,55401;-68,66924;VIIRS-Suomi-NPP;57,7;23,3;4,6;Nominal;D;0,54;0,42
2026-08-11 12:49;4,56577;-68,62134;VIIRS-Suomi-NPP;75,5;26,8;9,6;Nominal;D;0,54;0,42
2026-08-11 12:49;4,56499;-68,62615;VIIRS-Suomi-NPP;79,4;26,5;9,6;Nominal;D;0,54;0,42
2026-08-11 12:49;4,56342;-68,63584;VIIRS-Suomi-NPP;62,7;24,0;4,2;Nominal;D;0,54;0,42
2026-08-11 12:49;4,56263;-68,64069;VIIRS-Suomi-NPP;70,5;26,0;7,5;Nominal;D;0,54;0,42
2026-08-11 12:49;4,56185;-68,64555;VIIRS-Suomi-NPP;79,2;24,9;7,5;Nominal;D;0,54;0,42
2026-08-11 12:49;4,5587;-68,66496;VIIRS-Suomi-NPP;69,4;24,5;19,3;Nominal;D;0,54;0,42
2026-08-11 12:49;4,57121;-68,6123;VIIRS-Suomi-NPP;62,6;24,2;11,2;Nominal;D;0,54;0,42
2026-08-11 12:49;4,57043;-68,61713;VIIRS-Suomi-NPP;76,5;24,9;11,2;Nominal;D;0,54;0,42
2026-08-11 12:49;4,56965;-68,62195;VIIRS-Suomi-NPP;59,6;23,5;9,6;Nominal;D;0,54;0,42
2026-08-11 12:49;3,37745;-76,22807;VIIRS-Suomi-NPP;65,1;23,5;4,8;Nominal;D;0,6;0,7
2026-08-11 12:49;3,38399;-76,22907;VIIRS-Suomi-NPP;58,1;25,4;4,8;Nominal;D;0,6;0,7
2026-08-11 12:49;3,37685;-76,22752;VIIRS-Suomi-NPP;61,8;23,0;5,3;Nominal;D;0,6;0,7
2026-08-11 12:49;3,38339;-76,22852;VIIRS-Suomi-NPP;61,6;26,1;5,3;Nominal;D;0,6;0,7
2026-08-11 12:49;4,36245;-70,79992;VIIRS-Suomi-NPP;58,2;21,2;3,7;Nominal;D;0,49;0,49
2026-08-11 12:49;4,61438;-69,39865;VIIRS-Suomi-NPP;61,2;20,2;2,7;Nominal;D;0,4;0,44
2026-08-11 12:49;4,15721;-72,30128;VIIRS-Suomi-NPP;57,6;15,1;8,0;Nominal;D;0,63;0,54
2026-08-11 12:49;4,16109;-72,30409;VIIRS-Suomi-NPP;60,5;19,5;5,0;Nominal;D;0,63;0,54
2026-08-11 12:49;4,67549;-69,6637;VIIRS-Suomi-NPP;64,0;18,9;2,5;Nominal;D;0,41;0,45
2026-08-11 12:49;3,86797;-75,28655;VIIRS-Suomi-NPP;59,5;23,1;3,0;Nominal;D;0,51;0,66
2026-08-11 12:49;4,51381;-71,37949;VIIRS-Suomi-NPP;56,8;20,2;5,1;Nominal;D;0,54;0,51
2026-08-11 12:49;3,86756;-75,28562;VIIRS-Suomi-NPP;62,7;22,7;4,3;Nominal;D;0,51;0,66
2026-08-11 12:49;3,94913;-75,17587;VIIRS-Suomi-NPP;57,6;21,1;3,1;Nominal;D;0,5;0,66
2026-08-11 12:49;3,85124;-75,93993;VIIRS-Suomi-NPP;56,3;20,5;6,1;Nominal;D;0,57;0,69
2026-08-11 12:49;3,86296;-75,948;VIIRS-Suomi-NPP;93,9;22,7;22,5;Alta;D;0,57;0,69
2026-08-11 12:49;3,86891;-75,95158;VIIRS-Suomi-NPP;93,9;18,0;22,5;Alta;D;0,57;0,69
2026-08-11 12:49;3,86482;-75,94919;VIIRS-Suomi-NPP;93,9;27,2;31,3;Alta;D;0,57;0,69
2026-08-11 12:49;4,06458;-74,87582;VIIRS-Suomi-NPP;65,2;23,1;7,2;Nominal;D;0,47;0,64
2026-08-11 12:49;4,00315;-75,30249;VIIRS-Suomi-NPP;59,4;14,3;8,1;Nominal;D;0,51;0,66
2026-08-11 12:49;4,08622;-75,21925;VIIRS-Suomi-NPP;69,1;16,4;4,6;Nominal;D;0,5;0,66
2026-08-11 12:49;4,91562;-70,21276;VIIRS-Suomi-NPP;63,0;24,5;2,8;Nominal;D;0,44;0,46
2026-08-11 12:49;4,9199;-70,21346;VIIRS-Suomi-NPP;64,1;23,0;2,8;Nominal;D;0,44;0,46
2026-08-11 12:49;4,08652;-75,21847;VIIRS-Suomi-NPP;67,6;17,5;4,4;Nominal;D;0,5;0,66
2026-08-11 12:49;5,20211;-69,82559;VIIRS-Suomi-NPP;64,8;25,0;4,6;Nominal;D;0,41;0,45
2026-08-11 12:49;5,20626;-69,82628;VIIRS-Suomi-NPP;62,2;25,9;4,6;Nominal;D;0,41;0,45
2026-08-11 12:49;5,21041;-69,82698;VIIRS-Suomi-NPP;61,6;25,5;2,5;Nominal;D;0,41;0,45
2026-08-11 12:49;5,21456;-69,82767;VIIRS-Suomi-NPP;61,6;22,1;2,5;Nominal;D;0,41;0,45
2026-08-11 12:49;5,2115;-69,82746;VIIRS-Suomi-NPP;69,2;24,7;8,8;Nominal;D;0,41;0,45
2026-08-11 12:49;4,37909;-74,909;VIIRS-Suomi-NPP;76,5;23,5;11,7;Nominal;D;0,47;0,64
2026-08-11 12:49;4,34482;-75,97762;VIIRS-Suomi-NPP;57,6;23,3;2,9;Nominal;D;0,55;0,68
2026-08-11 12:49;4,57111;-75,02013;VIIRS-Suomi-NPP;65,4;20,3;4,6;Nominal;D;0,47;0,64
2026-08-11 12:49;4,56855;-75,01319;VIIRS-Suomi-NPP;65,8;18,0;4,8;Nominal;D;0,47;0,64
2026-08-11 12:49;5,78207;-67,856;VIIRS-Suomi-NPP;62,1;24,8;4,4;Nominal;D;0,47;0,4
2026-08-11 12:49;5,49108;-69,75049;VIIRS-Suomi-NPP;69,4;22,9;7,7;Nominal;D;0,41;0,45
2026-08-11 12:49;5,49519;-69,75113;VIIRS-Suomi-NPP;62,0;23,2;4,8;Nominal;D;0,41;0,45
2026-08-11 12:49;4,63489;-74,94724;VIIRS-Suomi-NPP;63,7;18,9;3,9;Nominal;D;0,47;0,64
2026-08-11 12:49;5,62598;-69,1712;VIIRS-Suomi-NPP;60,7;20,4;4,5;Nominal;D;0,56;0,43
2026-08-11 12:49;4,90839;-74,91609;VIIRS-Suomi-NPP;70,4;25,1;3,5;Nominal;D;0,46;0,64
2026-08-11 12:49;4,90694;-74,91534;VIIRS-Suomi-NPP;63,5;24,6;2,9;Nominal;D;0,46;0,64
2026-08-11 12:49;4,9355;-74,85569;VIIRS-Suomi-NPP;82,2;27,8;7,4;Nominal;D;0,46;0,63
2026-08-11 12:49;4,9414;-74,85642;VIIRS-Suomi-NPP;60,9;25,4;7,4;Nominal;D;0,46;0,63
2026-08-11 12:49;4,94067;-74,86061;VIIRS-Suomi-NPP;60,3;24,7;8,0;Nominal;D;0,46;0,63
2026-08-11 12:49;4,77384;-76,03476;VIIRS-Suomi-NPP;59,4;21,8;3,5;Nominal;D;0,55;0,68
2026-08-11 12:49;4,87725;-75,54704;VIIRS-Suomi-NPP;60,0;18,6;5,9;Nominal;D;0,51;0,66
2026-08-11 12:49;4,88308;-75,54975;VIIRS-Suomi-NPP;69,4;19,0;5,9;Nominal;D;0,51;0,66
2026-08-11 12:49;5,01348;-74,8217;VIIRS-Suomi-NPP;72,5;27,5;6,4;Nominal;D;0,45;0,63
2026-08-11 12:49;5,01278;-74,82579;VIIRS-Suomi-NPP;75,3;28,1;6,4;Nominal;D;0,45;0,63
2026-08-11 12:49;5,01179;-74,8233;VIIRS-Suomi-NPP;93,9;29,5;11,6;Alta;D;0,45;0,63
2026-08-11 12:49;4,88231;-75,55057;VIIRS-Suomi-NPP;93,9;19,7;9,7;Alta;D;0,51;0,66
2026-08-11 12:49;5,0558;-74,70941;VIIRS-Suomi-NPP;68,7;27,2;5,1;Nominal;D;0,44;0,63
2026-08-11 12:49;4,91137;-75,8914;VIIRS-Suomi-NPP;61,7;21,3;3,7;Nominal;D;0,54;0,68
2026-08-11 12:49;4,91052;-75,89629;VIIRS-Suomi-NPP;56,4;19,8;3,7;Nominal;D;0,54;0,68
2026-08-11 12:49;5,19202;-74,81813;VIIRS-Suomi-NPP;62,8;25,9;5,8;Nominal;D;0,45;0,63
2026-08-11 12:52;8,2099;-72,70372;VIIRS-Suomi-NPP;61,9;24,4;9,3;Nominal;D;0,57;0,52
2026-08-11 12:52;8,28328;-73,27637;VIIRS-Suomi-NPP;93,9;29,1;43,1;Alta;D;0,63;0,54
2026-08-11 12:52;8,28245;-73,28115;VIIRS-Suomi-NPP;93,9;57,2;180,7;Baja;D;0,63;0,54
2026-08-11 12:52;8,28158;-73,28614;VIIRS-Suomi-NPP;19,3;50,2;180,7;Baja;D;0,63;0,54
2026-08-11 12:52;8,28817;-73,27776;VIIRS-Suomi-NPP;77,4;26,5;43,1;Nominal;D;0,63;0,54
2026-08-11 12:52;8,28734;-73,28252;VIIRS-Suomi-NPP;59,5;24,2;180,7;Nominal;D;0,63;0,54
2026-08-11 12:52;8,28647;-73,28756;VIIRS-Suomi-NPP;64,1;22,9;180,7;Nominal;D;0,63;0,54
2026-08-11 12:52;8,28269;-73,2784;VIIRS-Suomi-NPP;93,9;35,4;301,4;Alta;D;0,63;0,54
2026-08-11 12:52;8,28181;-73,28327;VIIRS-Suomi-NPP;93,9;68,9;301,4;Alta;D;0,63;0,54
2026-08-11 12:52;8,28354;-73,27369;VIIRS-Suomi-NPP;57,0;24,2;7,8;Nominal;D;0,63;0,54
2026-08-11 12:52;8,37706;-72,97861;VIIRS-Suomi-NPP;60,9;22,5;5,8;Nominal;D;0,6;0,53
2026-08-11 12:52;8,36712;-73,99866;VIIRS-Suomi-NPP;93,9;23,6;9,6;Alta;D;0,35;0,57
2026-08-11 12:52;8,56628;-72,85785;VIIRS-Suomi-NPP;67,2;25,3;6,2;Nominal;D;0,58;0,52
2026-08-11 12:52;8,56901;-72,861;VIIRS-Suomi-NPP;63,8;24,9;3,8;Nominal;D;0,58;0,52
2026-08-11 12:52;8,22889;-74,9595;VIIRS-Suomi-NPP;93,9;21,9;5,7;Alta;D;0,41;0,6
2026-08-11 12:52;8,27259;-75,06824;VIIRS-Suomi-NPP;93,9;24,8;20,5;Alta;D;0,41;0,61
2026-08-11 12:52;8,27191;-75,07202;VIIRS-Suomi-NPP;81,7;23,7;20,5;Nominal;D;0,41;0,61
2026-08-11 12:52;8,50578;-73,78989;VIIRS-Suomi-NPP;64,6;21,7;2,8;Nominal;D;0,34;0,56
2026-08-11 12:52;8,67079;-73,17641;VIIRS-Suomi-NPP;78,6;23,3;12,8;Nominal;D;0,61;0,53
2026-08-11 12:52;8,75637;-73,32767;VIIRS-Suomi-NPP;68,1;29,3;23,2;Nominal;D;0,62;0,54
2026-08-11 12:52;8,75536;-73,33329;VIIRS-Suomi-NPP;57,2;23,8;23,2;Nominal;D;0,62;0,54
2026-08-11 12:52;8,75079;-73,35892;VIIRS-Suomi-NPP;58,7;20,7;6,6;Nominal;D;0,62;0,54
2026-08-11 12:52;8,78585;-73,50989;VIIRS-Suomi-NPP;63,3;26,5;2,5;Nominal;D;0,32;0,54
2026-08-11 12:52;8,78506;-73,51164;VIIRS-Suomi-NPP;59,0;26,0;2,9;Nominal;D;0,32;0,54
2026-08-11 12:52;8,93202;-72,81004;VIIRS-Suomi-NPP;65,7;25,3;7,4;Nominal;D;0,57;0,52
2026-08-11 12:52;8,76141;-73,81398;VIIRS-Suomi-NPP;67,5;26,4;4,0;Nominal;D;0,33;0,56
2026-08-11 12:52;8,75277;-73,92026;VIIRS-Suomi-NPP;69,7;23,9;2,8;Nominal;D;0,34;0,56
2026-08-11 12:52;8,78739;-73,87544;VIIRS-Suomi-NPP;59,2;21,7;2,2;Nominal;D;0,34;0,56
2026-08-11 12:52;8,83314;-74,01043;VIIRS-Suomi-NPP;66,0;29,0;4,4;Nominal;D;0,34;0,56
2026-08-11 12:52;8,95228;-73,40942;VIIRS-Suomi-NPP;65,8;20,7;9,2;Nominal;D;0,62;0,54
2026-08-11 12:52;8,90534;-73,90513;VIIRS-Suomi-NPP;61,7;27,2;1,7;Nominal;D;0,34;0,56
2026-08-11 12:52;8,90594;-73,99156;VIIRS-Suomi-NPP;82,6;27,4;4,6;Nominal;D;0,34;0,56
2026-08-11 12:52;8,93831;-73,83843;VIIRS-Suomi-NPP;58,0;27,6;2,1;Nominal;D;0,33;0,55
2026-08-11 12:52;8,95385;-73,80994;VIIRS-Suomi-NPP;93,9;31,5;6,5;Alta;D;0,33;0,55
2026-08-11 12:52;8,89414;-74,14924;VIIRS-Suomi-NPP;93,9;25,3;5,8;Alta;D;0,35;0,57
2026-08-11 12:52;8,95439;-73,8069;VIIRS-Suomi-NPP;74,2;28,7;6,5;Nominal;D;0,33;0,55
2026-08-11 12:52;8,95174;-73,80819;VIIRS-Suomi-NPP;93,9;30,9;6,3;Alta;D;0,33;0,55
2026-08-11 12:52;8,95118;-73,81123;VIIRS-Suomi-NPP;60,8;30,2;6,3;Nominal;D;0,33;0,55
2026-08-11 12:52;8,94779;-74,00385;VIIRS-Suomi-NPP;62,7;26,3;3,4;Nominal;D;0,34;0,56
2026-08-11 12:52;8,94722;-74,00698;VIIRS-Suomi-NPP;62,2;26,9;3,4;Nominal;D;0,34;0,56
2026-08-11 12:52;8,97478;-73,88439;VIIRS-Suomi-NPP;58,0;26,7;1,4;Nominal;D;0,33;0,56
2026-08-11 12:52;8,98408;-73,92088;VIIRS-Suomi-NPP;61,2;27,5;1,4;Nominal;D;0,34;0,56
2026-08-11 12:52;8,99472;-73,89115;VIIRS-Suomi-NPP;93,9;29,6;13,1;Alta;D;0,33;0,56
2026-08-11 12:52;8,95866;-74,30245;VIIRS-Suomi-NPP;74,1;23,0;9,6;Nominal;D;0,36;0,57
2026-08-11 12:52;8,96393;-74,30341;VIIRS-Suomi-NPP;68,4;20,8;4,8;Nominal;D;0,36;0,57
2026-08-11 12:52;8,96335;-74,30669;VIIRS-Suomi-NPP;69,6;22,6;4,8;Nominal;D;0,36;0,57
2026-08-11 12:52;8,96187;-74,30646;VIIRS-Suomi-NPP;93,9;23,9;7,9;Alta;D;0,36;0,57
2026-08-11 12:52;8,96248;-74,30319;VIIRS-Suomi-NPP;66,2;20,8;7,9;Nominal;D;0,36;0,57
2026-08-11 12:52;9,00065;-74,27311;VIIRS-Suomi-NPP;62,6;23,6;2,1;Nominal;D;0,35;0,57
2026-08-11 12:52;9,28622;-73,41074;VIIRS-Suomi-NPP;65,7;30,3;7,4;Nominal;D;0,61;0,54
2026-08-11 12:52;9,29106;-73,41216;VIIRS-Suomi-NPP;72,9;30,9;7,4;Nominal;D;0,61;0,54
2026-08-11 12:52;9,27727;-73,48919;VIIRS-Suomi-NPP;76,6;33,7;29,4;Nominal;D;0,62;0,54
2026-08-11 12:52;9,20458;-73,89347;VIIRS-Suomi-NPP;76,5;28,2;3,7;Nominal;D;0,33;0,55
2026-08-11 12:52;9,29594;-73,41334;VIIRS-Suomi-NPP;70,0;31,6;14,4;Nominal;D;0,61;0,54
2026-08-11 12:52;9,29508;-73,41814;VIIRS-Suomi-NPP;69,2;31,2;14,4;Nominal;D;0,61;0,54
2026-08-11 12:52;9,31612;-73,35705;VIIRS-Suomi-NPP;78,6;29,8;12,6;Nominal;D;0,61;0,53
2026-08-11 12:52;9,25936;-73,6757;VIIRS-Suomi-NPP;62,2;32,6;1,4;Baja;D;0,32;0,55
2026-08-11 12:52;9,26439;-73,67661;VIIRS-Suomi-NPP;69,4;32,5;1,4;Nominal;D;0,32;0,55
2026-08-11 12:52;9,29815;-73,66158;VIIRS-Suomi-NPP;58,0;31,6;1,5;Baja;D;0,32;0,54
2026-08-11 12:52;9,35081;-73,41969;VIIRS-Suomi-NPP;68,9;30,7;9,6;Nominal;D;0,61;0,54
2026-08-11 12:52;9,35569;-73,42089;VIIRS-Suomi-NPP;69,7;30,1;13,5;Nominal;D;0,61;0,54
2026-08-11 12:52;9,35676;-73,44399;VIIRS-Suomi-NPP;72,1;31,6;9,4;Nominal;D;0,62;0,54
2026-08-11 12:52;9,352;-73,41651;VIIRS-Suomi-NPP;70,0;31,6;13,1;Nominal;D;0,61;0,54
2026-08-11 12:52;9,35772;-73,44108;VIIRS-Suomi-NPP;60,5;30,3;6,1;Nominal;D;0,61;0,54
2026-08-11 12:52;9,35676;-73,44637;VIIRS-Suomi-NPP;65,0;32,0;5,9;Nominal;D;0,62;0,54
2026-08-11 12:52;9,36361;-73,43671;VIIRS-Suomi-NPP;67,5;31,4;6,1;Nominal;D;0,61;0,54
2026-08-11 12:52;9,36551;-73,45436;VIIRS-Suomi-NPP;73,5;35,2;14,0;Nominal;D;0,62;0,54
2026-08-11 12:52;9,38376;-73,38157;VIIRS-Suomi-NPP;69,8;32,5;8,2;Nominal;D;0,61;0,53
2026-08-11 12:52;9,38271;-73,38737;VIIRS-Suomi-NPP;70,0;33,4;8,2;Nominal;D;0,61;0,53
2026-08-11 12:52;9,39245;-73,38967;VIIRS-Suomi-NPP;60,2;33,8;6,9;Baja;D;0,61;0,53
2026-08-11 12:52;9,3792;-73,46333;VIIRS-Suomi-NPP;59,7;31,4;5,2;Baja;D;0,62;0,54
2026-08-11 12:52;9,39633;-73,39634;VIIRS-Suomi-NPP;60,1;33,1;13,7;Baja;D;0,61;0,53
2026-08-11 12:52;9,38516;-73,4586;VIIRS-Suomi-NPP;75,1;29,8;9,0;Nominal;D;0,62;0,54
2026-08-11 12:52;9,37392;-73,52113;VIIRS-Suomi-NPP;69,7;32,0;5,1;Nominal;D;0,62;0,54
2026-08-11 12:52;9,40024;-73,40287;VIIRS-Suomi-NPP;78,0;35,3;13,7;Nominal;D;0,61;0,53
2026-08-11 12:52;9,3942;-73,43659;VIIRS-Suomi-NPP;64,0;32,4;5,8;Nominal;D;0,61;0,54
2026-08-11 12:52;9,39214;-73,44807;VIIRS-Suomi-NPP;61,8;31,4;8,1;Nominal;D;0,61;0,54
2026-08-11 12:52;9,39912;-73,43757;VIIRS-Suomi-NPP;77,7;35,3;31,7;Nominal;D;0,61;0,54
2026-08-11 12:52;9,39808;-73,44339;VIIRS-Suomi-NPP;70,2;31,5;6,8;Nominal;D;0,61;0,54
2026-08-11 12:52;9,39706;-73,44909;VIIRS-Suomi-NPP;73,1;31,0;6,8;Nominal;D;0,61;0,54
2026-08-11 12:52;9,40707;-73,42157;VIIRS-Suomi-NPP;72,0;33,4;8,1;Nominal;D;0,61;0,54
2026-08-11 12:52;9,40605;-73,42725;VIIRS-Suomi-NPP;66,5;32,6;8,1;Nominal;D;0,61;0,54
2026-08-11 12:52;9,40504;-73,43292;VIIRS-Suomi-NPP;79,2;33,1;31,7;Nominal;D;0,61;0,54
2026-08-11 12:52;9,40402;-73,43864;VIIRS-Suomi-NPP;76,3;31,8;31,7;Nominal;D;0,61;0,54
2026-08-11 12:52;9,403;-73,44435;VIIRS-Suomi-NPP;63,6;30,8;6,8;Nominal;D;0,61;0,54
2026-08-11 12:52;9,40199;-73,45002;VIIRS-Suomi-NPP;62,0;29,4;6,8;Nominal;D;0,61;0,54
2026-08-11 12:52;9,39029;-73,63091;VIIRS-Suomi-NPP;63,9;32,1;7,5;Nominal;D;0,63;0,54
2026-08-11 12:52;9,38926;-73,63672;VIIRS-Suomi-NPP;72,9;33,6;7,5;Nominal;D;0,63;0,54
2026-08-11 12:52;9,39426;-73,63761;VIIRS-Suomi-NPP;82,3;43,0;113,2;Nominal;D;0,63;0,54
2026-08-11 12:52;9,39324;-73,64342;VIIRS-Suomi-NPP;59,1;30,8;51,5;Baja;D;0,63;0,54
2026-08-11 12:52;9,47531;-73,29291;VIIRS-Suomi-NPP;61,0;30,6;4,4;Nominal;D;0,6;0,53
2026-08-11 12:52;9,48108;-73,28871;VIIRS-Suomi-NPP;64,3;29,6;12,3;Nominal;D;0,6;0,53
2026-08-11 12:52;9,48007;-73,29452;VIIRS-Suomi-NPP;62,2;30,2;4,4;Nominal;D;0,6;0,53
2026-08-11 12:52;9,47935;-73,28471;VIIRS-Suomi-NPP;58,2;29,6;4,8;Baja;D;0,6;0,53
2026-08-11 12:52;9,47832;-73,29039;VIIRS-Suomi-NPP;70,1;30,2;15,1;Nominal;D;0,6;0,53
2026-08-11 12:52;9,38752;-74,19201;VIIRS-Suomi-NPP;93,9;28,3;5,3;Alta;D;0,34;0,56
2026-08-11 12:52;9,51314;-73,5483;VIIRS-Suomi-NPP;65,2;31,4;5,0;Nominal;D;0,62;0,54
2026-08-11 12:52;9,49318;-73,7189;VIIRS-Suomi-NPP;78,0;33,0;4,4;Nominal;D;0,32;0,55
2026-08-11 12:52;9,49819;-73,71983;VIIRS-Suomi-NPP;60,3;33,2;4,7;Baja;D;0,32;0,55
2026-08-11 12:52;9,49597;-73,76177;VIIRS-Suomi-NPP;64,8;32,8;3,0;Nominal;D;0,32;0,55
2026-08-11 12:52;9,56369;-73,43504;VIIRS-Suomi-NPP;76,9;33,9;14,6;Nominal;D;0,61;0,53
2026-08-11 12:52;9,5627;-73,44066;VIIRS-Suomi-NPP;73,9;34,0;14,6;Nominal;D;0,61;0,53
2026-08-11 12:52;9,56861;-73,43592;VIIRS-Suomi-NPP;63,8;32,9;11,3;Nominal;D;0,61;0,53
2026-08-11 12:52;9,53799;-73,52449;VIIRS-Suomi-NPP;60,2;31,7;2,8;Baja;D;0,62;0,54
2026-08-11 12:52;9,49418;-73,76231;VIIRS-Suomi-NPP;71,4;32,8;2,5;Nominal;D;0,32;0,55
2026-08-11 12:52;9,56435;-73,43632;VIIRS-Suomi-NPP;93,9;34,0;14,2;Alta;D;0,61;0,53
2026-08-11 12:52;9,56538;-73,43069;VIIRS-Suomi-NPP;69,9;31,4;14,2;Nominal;D;0,61;0,53
2026-08-11 12:52;9,56333;-73,44192;VIIRS-Suomi-NPP;69,7;33,1;13,1;Nominal;D;0,61;0,53
2026-08-11 12:52;9,60929;-73,24493;VIIRS-Suomi-NPP;70,5;33,8;14,3;Nominal;D;0,59;0,53
2026-08-11 12:52;9,53369;-73,74518;VIIRS-Suomi-NPP;74,9;35,5;6,4;Nominal;D;0,32;0,55
2026-08-11 12:52;9,53316;-73,74809;VIIRS-Suomi-NPP;64,8;34,4;4,5;Nominal;D;0,32;0,55
2026-08-11 12:52;9,40911;-74,42546;VIIRS-Suomi-NPP;62,6;26,0;2,0;Nominal;D;0,36;0,57
2026-08-11 12:52;9,66566;-73,20944;VIIRS-Suomi-NPP;69,7;33,2;7,3;Nominal;D;0,59;0,53
2026-08-11 12:52;9,58017;-73,71732;VIIRS-Suomi-NPP;61,1;31,4;6,7;Baja;D;0,32;0,54
2026-08-11 12:52;9,57965;-73,72024;VIIRS-Suomi-NPP;62,0;32,3;2,3;Baja;D;0,32;0,54
2026-08-11 12:52;9,62064;-73,69315;VIIRS-Suomi-NPP;69,4;30,7;6,7;Nominal;D;0,63;0,54
2026-08-11 12:52;9,62106;-73,68941;VIIRS-Suomi-NPP;69,5;31,4;5,7;Nominal;D;0,63;0,54
2026-08-11 12:52;9,69597;-73,53185;VIIRS-Suomi-NPP;66,1;34,5;23,9;Nominal;D;0,62;0,54
2026-08-11 12:52;9,69495;-73,5375;VIIRS-Suomi-NPP;81,5;36,2;23,9;Nominal;D;0,62;0,54
2026-08-11 12:52;9,69393;-73,54314;VIIRS-Suomi-NPP;72,5;31,8;14,2;Nominal;D;0,62;0,54
2026-08-11 12:52;9,65156;-73,77753;VIIRS-Suomi-NPP;71,1;35,1;4,5;Nominal;D;0,32;0,55
2026-08-11 12:52;9,69989;-73,5384;VIIRS-Suomi-NPP;67,0;28,4;23,9;Nominal;D;0,62;0,54
2026-08-11 12:52;9,61389;-74,1312;VIIRS-Suomi-NPP;61,0;30,9;1,6;Nominal;D;0,34;0,56
2026-08-11 12:52;9,54289;-74,83606;VIIRS-Suomi-NPP;59,4;23,0;1,6;Nominal;D;0,38;0,59
2026-08-11 12:52;9,89887;-73,08366;VIIRS-Suomi-NPP;82,1;34,1;22,2;Nominal;D;0,57;0,52
2026-08-11 12:52;9,90355;-73,08502;VIIRS-Suomi-NPP;66,8;30,8;8,5;Nominal;D;0,57;0,52
2026-08-11 12:52;9,63988;-74,79316;VIIRS-Suomi-NPP;69,0;27,1;3,0;Nominal;D;0,37;0,58
2026-08-11 12:52;9,89328;-73,45479;VIIRS-Suomi-NPP;69,9;33,3;3,0;Nominal;D;0,6;0,53
2026-08-11 12:52;9,63712;-74,79055;VIIRS-Suomi-NPP;66,0;26,3;2,5;Nominal;D;0,37;0,58
2026-08-11 12:52;9,89473;-73,45768;VIIRS-Suomi-NPP;83,3;37,3;15,1;Nominal;D;0,6;0,53
2026-08-11 12:52;9,89962;-73,45856;VIIRS-Suomi-NPP;71,1;34,7;15,1;Nominal;D;0,6;0,53
2026-08-11 12:52;9,61171;-75,0154;VIIRS-Suomi-NPP;58,2;19,4;2,8;Nominal;D;0,39;0,59
2026-08-11 12:52;9,79333;-74,4189;VIIRS-Suomi-NPP;60,0;26,4;4,0;Nominal;D;0,35;0,57
2026-08-11 12:52;9,79856;-74,41986;VIIRS-Suomi-NPP;93,9;27,5;4,0;Alta;D;0,35;0,57
2026-08-11 12:52;9,89746;-73,92698;VIIRS-Suomi-NPP;66,2;27,9;1,9;Nominal;D;0,32;0,55
2026-08-11 12:52;10,98934;-74,68218;VIIRS-Suomi-NPP;62,6;23,4;2,6;Nominal;D;0,35;0,57
2026-08-11 12:52;9,89524;-73,927;VIIRS-Suomi-NPP;61,3;27,9;2,2;Nominal;D;0,32;0,55
2026-08-11 12:52;9,944;-73,83202;VIIRS-Suomi-NPP;78,0;34,4;5,7;Nominal;D;0,32;0,54
2026-08-11 12:52;9,94903;-73,83285;VIIRS-Suomi-NPP;93,9;33,8;5,7;Alta;D;0,32;0,54
2026-08-11 12:52;9,92255;-74,00593;VIIRS-Suomi-NPP;61,7;32,4;3,1;Baja;D;0,33;0,55
2026-08-11 12:52;9,79582;-75,02607;VIIRS-Suomi-NPP;63,9;11,9;9,4;Nominal;D;0,39;0,59
2026-08-11 12:52;9,79519;-75,02953;VIIRS-Suomi-NPP;79,5;10,7;7,8;Nominal;D;0,39;0,59
2026-08-11 12:52;9,91292;-74,44028;VIIRS-Suomi-NPP;70,9;29,1;5,1;Nominal;D;0,35;0,57
2026-08-11 12:52;9,91233;-74,44355;VIIRS-Suomi-NPP;57,0;29,6;2,1;Baja;D;0,35;0,57
2026-08-11 12:52;9,78101;-75,23203;VIIRS-Suomi-NPP;67,8;7,9;7,0;Nominal;D;0,4;0,6
2026-08-11 12:52;9,91272;-74,44174;VIIRS-Suomi-NPP;80,9;30,1;5,3;Nominal;D;0,35;0,57
2026-08-11 12:52;9,78045;-75,23251;VIIRS-Suomi-NPP;65,2;8,2;4,1;Nominal;D;0,4;0,6
2026-08-11 12:52;9,77983;-75,23581;VIIRS-Suomi-NPP;62,7;6,6;4,1;Nominal;D;0,4;0,6
2026-08-11 12:52;9,84638;-74,94231;VIIRS-Suomi-NPP;58,7;20,3;1,9;Nominal;D;0,38;0,59
2026-08-11 12:52;10,19927;-73,78558;VIIRS-Suomi-NPP;63,9;38,8;133,0;Nominal;D;0,63;0,54
2026-08-11 12:52;10,21953;-73,87347;VIIRS-Suomi-NPP;93,9;33,4;19,1;Alta;D;0,32;0,54
2026-08-11 12:52;10,20419;-74,01728;VIIRS-Suomi-NPP;57,5;29,4;2,2;Baja;D;0,33;0,55
2026-08-11 12:52;10,21957;-73,87099;VIIRS-Suomi-NPP;67,6;30,5;23,3;Nominal;D;0,64;0,54
2026-08-11 12:52;10,08495;-74,96761;VIIRS-Suomi-NPP;68,2;26,1;3,5;Nominal;D;0,38;0,59
2026-08-11 12:52;10,28713;-73,98329;VIIRS-Suomi-NPP;93,9;38,2;38,5;Alta;D;0,32;0,55
2026-08-11 12:52;10,28652;-73,98667;VIIRS-Suomi-NPP;78,2;29,2;17,3;Nominal;D;0,32;0,55
2026-08-11 12:52;10,32365;-74,01189;VIIRS-Suomi-NPP;65,4;25,2;1,1;Nominal;D;0,32;0,55
2026-08-11 12:52;10,32772;-73,97981;VIIRS-Suomi-NPP;82,3;30,8;5,0;Nominal;D;0,32;0,55
2026-08-11 12:52;10,3265;-74,01439;VIIRS-Suomi-NPP;62,9;26,0;2,8;Nominal;D;0,32;0,55
2026-08-11 12:52;10,27743;-74,39231;VIIRS-Suomi-NPP;57,3;31,5;3,5;Baja;D;0,34;0,56
2026-08-11 12:52;10,27684;-74,3955;VIIRS-Suomi-NPP;79,7;32,2;3,5;Nominal;D;0,34;0,56
2026-08-11 12:52;10,2931;-74,33662;VIIRS-Suomi-NPP;66,8;29,2;6,8;Nominal;D;0,34;0,56
2026-08-11 12:52;10,29251;-74,33978;VIIRS-Suomi-NPP;82,6;30,2;6,8;Nominal;D;0,34;0,56
2026-08-11 12:52;10,29767;-74,34075;VIIRS-Suomi-NPP;64,1;29,2;6,8;Nominal;D;0,34;0,56
2026-08-11 12:52;10,5577;-73,15866;VIIRS-Suomi-NPP;61,6;31,6;3,4;Baja;D;0,56;0,52
2026-08-11 12:52;10,37574;-74,82867;VIIRS-Suomi-NPP;58,2;25,8;4,0;Nominal;D;0,37;0,58
2026-08-11 12:52;10,37512;-74,83205;VIIRS-Suomi-NPP;70,7;27,1;4,0;Nominal;D;0,37;0,58
2026-08-11 12:52;10,38227;-74,82297;VIIRS-Suomi-NPP;60,8;28,4;5,5;Nominal;D;0,37;0,58
2026-08-11 12:52;10,37291;-74,82954;VIIRS-Suomi-NPP;71,2;26,4;7,3;Nominal;D;0,37;0,58
2026-08-11 12:52;8,28844;-73,27493;VIIRS-Suomi-NPP;67,7;24,7;14,3;Nominal;D;0,63;0,54
2026-08-11 12:52;8,28756;-73,27979;VIIRS-Suomi-NPP;66,8;25,8;13,8;Nominal;D;0,63;0,54
2026-08-11 12:52;8,28671;-73,2845;VIIRS-Suomi-NPP;75,1;24,1;13,8;Nominal;D;0,63;0,54
2026-08-11 12:52;10,3795;-74,82384;VIIRS-Suomi-NPP;59,9;27,8;5,2;Nominal;D;0,37;0,58
2026-08-11 12:52;10,76149;-72,79696;VIIRS-Suomi-NPP;57,1;31,8;3,2;Baja;D;0,53;0,5
2026-08-11 12:52;10,3213;-75,49001;VIIRS-Suomi-NPP;59,8;24,6;5,0;Nominal;D;0,41;0,6
2026-08-11 12:52;10,45316;-75,05296;VIIRS-Suomi-NPP;61,5;25,4;2,9;Nominal;D;0,38;0,59
2026-08-11 12:52;10,44963;-75,05312;VIIRS-Suomi-NPP;62,0;25,5;4,0;Nominal;D;0,38;0,59
2026-08-11 12:52;10,45514;-75,08292;VIIRS-Suomi-NPP;70,5;25,3;3,6;Nominal;D;0,38;0,59
2026-08-11 12:52;10,46396;-75,09538;VIIRS-Suomi-NPP;63,3;25,0;4,0;Nominal;D;0,38;0,59
2026-08-11 12:52;10,8801;-73,00581;VIIRS-Suomi-NPP;57,9;28,2;3,8;Baja;D;0,54;0,51
2026-08-11 12:52;10,88452;-73,008;VIIRS-Suomi-NPP;68,7;29,4;3,8;Nominal;D;0,54;0,51
2026-08-11 12:52;11,02682;-72,57893;VIIRS-Suomi-NPP;59,8;28,5;3,5;Nominal;D;0,5;0,49
2026-08-11 12:52;11,11322;-72,75274;VIIRS-Suomi-NPP;69,1;33,5;11,1;Nominal;D;0,52;0,5
2026-08-11 12:52;10,66154;-75,24912;VIIRS-Suomi-NPP;56,9;24,5;2,5;Nominal;D;0,39;0,59
2026-08-11 12:52;10,806;-74,62464;VIIRS-Suomi-NPP;74,3;25,5;2,8;Nominal;D;0,35;0,57
2026-08-11 12:52;10,8112;-74,62562;VIIRS-Suomi-NPP;93,9;25,0;6,7;Alta;D;0,35;0,57
2026-08-11 12:52;10,83828;-74,68394;VIIRS-Suomi-NPP;65,5;25,3;4,4;Nominal;D;0,35;0,57
2026-08-11 12:52;10,83769;-74,68718;VIIRS-Suomi-NPP;58,6;24,0;1,8;Nominal;D;0,35;0,57
2026-08-11 12:52;11,17321;-72,92204;VIIRS-Suomi-NPP;76,8;31,1;10,9;Nominal;D;0,53;0,5
2026-08-11 12:52;11,17236;-72,9269;VIIRS-Suomi-NPP;70,4;30,9;10,9;Nominal;D;0,53;0,5
2026-08-11 12:52;10,83726;-74,68542;VIIRS-Suomi-NPP;71,5;25,2;4,0;Nominal;D;0,35;0,57
2026-08-11 12:52;11,17076;-72,92471;VIIRS-Suomi-NPP;93,9;30,9;10,7;Alta;D;0,53;0,5
2026-08-11 12:52;11,17165;-72,91986;VIIRS-Suomi-NPP;58,4;29,9;10,7;Nominal;D;0,53;0,5
2026-08-11 12:52;10,84248;-74,68639;VIIRS-Suomi-NPP;62,1;25,1;2,3;Nominal;D;0,35;0,57
2026-08-11 12:52;11,17685;-73,07568;VIIRS-Suomi-NPP;57,7;28,3;5,6;Baja;D;0,54;0,51
2026-08-11 12:52;11,17427;-73,08995;VIIRS-Suomi-NPP;74,5;29,1;7,9;Nominal;D;0,54;0,51
2026-08-11 12:52;11,18143;-73,07701;VIIRS-Suomi-NPP;60,8;30,0;7,4;Nominal;D;0,54;0,51
2026-08-11 12:52;11,17971;-73,08651;VIIRS-Suomi-NPP;73,1;31,0;9,2;Nominal;D;0,54;0,51
2026-08-11 12:52;11,17879;-73,09161;VIIRS-Suomi-NPP;75,6;29,0;9,8;Nominal;D;0,54;0,51
2026-08-11 12:52;11,29395;-72,55428;VIIRS-Suomi-NPP;75,2;28,9;53,0;Nominal;D;0,5;0,49
2026-08-11 12:52;11,2904;-72,70618;VIIRS-Suomi-NPP;62,0;29,5;2,3;Nominal;D;0,51;0,49
2026-08-11 12:52;11,173;-73,42182;VIIRS-Suomi-NPP;67,5;22,1;7,5;Nominal;D;0,57;0,52
2026-08-11 12:52;5,85995;-75,4908;VIIRS-Suomi-NPP;57,7;8,1;2,0;Nominal;D;0,49;0,65
2026-08-11 12:52;6,20066;-76,05749;VIIRS-Suomi-NPP;61,2;19,9;4,9;Nominal;D;0,53;0,67
2026-08-11 12:52;6,39832;-74,95641;VIIRS-Suomi-NPP;93,9;23,5;9,1;Alta;D;0,44;0,62
2026-08-11 12:52;6,3992;-74,95676;VIIRS-Suomi-NPP;93,9;23,3;9,7;Alta;D;0,44;0,62
2026-08-11 12:52;6,4065;-74,91621;VIIRS-Suomi-NPP;72,1;22,5;5,3;Nominal;D;0,43;0,62
2026-08-11 12:52;6,19991;-76,05598;VIIRS-Suomi-NPP;55,3;19,3;5,5;Nominal;D;0,52;0,67
2026-08-11 12:52;6,66976;-74,2646;VIIRS-Suomi-NPP;56,6;30,2;5,7;Baja;D;0,39;0,59
2026-08-11 12:52;6,4206;-75,98455;VIIRS-Suomi-NPP;80,3;21,9;9,6;Nominal;D;0,51;0,66
2026-08-11 12:52;6,42068;-75,98335;VIIRS-Suomi-NPP;93,9;24,2;15,0;Alta;D;0,51;0,66
2026-08-11 12:52;6,70724;-74,46853;VIIRS-Suomi-NPP;77,2;25,5;6,3;Nominal;D;0,4;0,6
2026-08-11 12:52;6,90782;-73,58278;VIIRS-Suomi-NPP;64,8;21,7;3,3;Nominal;D;0,35;0,56
2026-08-11 12:52;6,91298;-73,58395;VIIRS-Suomi-NPP;58,6;21,0;3,3;Nominal;D;0,35;0,56
2026-08-11 12:52;6,82071;-74,56036;VIIRS-Suomi-NPP;60,9;24,0;2,7;Nominal;D;0,4;0,6
2026-08-11 12:52;6,72688;-75,15229;VIIRS-Suomi-NPP;74,8;22,5;4,6;Nominal;D;0,45;0,63
2026-08-11 12:52;6,60956;-75,87619;VIIRS-Suomi-NPP;73,8;23,1;6,0;Nominal;D;0,5;0,66
2026-08-11 12:52;6,6084;-75,88268;VIIRS-Suomi-NPP;60,2;25,2;6,0;Nominal;D;0,5;0,66
2026-08-11 12:52;6,96313;-73,94273;VIIRS-Suomi-NPP;93,9;26,2;20,8;Alta;D;0,37;0,58
2026-08-11 12:52;6,96846;-73,94362;VIIRS-Suomi-NPP;93,9;23,6;20,8;Alta;D;0,37;0,58
2026-08-11 12:52;6,88956;-74,71328;VIIRS-Suomi-NPP;93,9;25,8;12,1;Alta;D;0,41;0,61
2026-08-11 12:52;6,83466;-75,74463;VIIRS-Suomi-NPP;67,2;20,7;9,8;Nominal;D;0,49;0,65
2026-08-11 12:52;7,06777;-74,6034;VIIRS-Suomi-NPP;57,6;24,5;2,5;Nominal;D;0,4;0,6
2026-08-11 12:52;6,8477;-75,98514;VIIRS-Suomi-NPP;55,7;15,6;3,5;Nominal;D;0,51;0,66
2026-08-11 12:52;6,84853;-75,98321;VIIRS-Suomi-NPP;63,0;17,3;3,2;Nominal;D;0,51;0,66
2026-08-11 12:52;7,08212;-75,29907;VIIRS-Suomi-NPP;55,9;22,3;1,7;Nominal;D;0,45;0,63
2026-08-11 12:52;7,34818;-74,88605;VIIRS-Suomi-NPP;59,6;25,5;4,3;Nominal;D;0,42;0,61
2026-08-11 12:52;7,44656;-74,63035;VIIRS-Suomi-NPP;70,4;22,8;6,3;Nominal;D;0,4;0,6
2026-08-11 12:52;7,52922;-74,3255;VIIRS-Suomi-NPP;93,9;22,1;8,9;Alta;D;0,38;0,59
2026-08-11 12:52;7,6106;-74,11417;VIIRS-Suomi-NPP;93,9;25,2;35,1;Alta;D;0,37;0,58
2026-08-11 12:52;7,60998;-74,11777;VIIRS-Suomi-NPP;68,7;21,9;15,4;Nominal;D;0,37;0,58
2026-08-11 12:52;7,60845;-74,11478;VIIRS-Suomi-NPP;81,9;26,0;37,1;Nominal;D;0,37;0,58
2026-08-11 12:52;7,75848;-73,39981;VIIRS-Suomi-NPP;57,4;25,9;4,3;Nominal;D;0,33;0,55
2026-08-11 12:52;7,78495;-73,69938;VIIRS-Suomi-NPP;60,1;24,9;2,6;Nominal;D;0,34;0,56
2026-08-11 12:52;7,79012;-73,70029;VIIRS-Suomi-NPP;62,2;24,3;2,8;Nominal;D;0,34;0,56
2026-08-11 12:52;7,78534;-73,70106;VIIRS-Suomi-NPP;61,4;24,7;3,8;Nominal;D;0,34;0,56
2026-08-11 12:52;7,8414;-73,68532;VIIRS-Suomi-NPP;73,2;22,5;5,2;Nominal;D;0,34;0,56
2026-08-11 12:52;7,73546;-74,34247;VIIRS-Suomi-NPP;59,9;22,5;4,0;Nominal;D;0,38;0,59
2026-08-11 12:52;7,84976;-73,88108;VIIRS-Suomi-NPP;66,5;24,5;4,6;Nominal;D;0,35;0,57
2026-08-11 12:52;8,16687;-72,64555;VIIRS-Suomi-NPP;59,8;26,3;2,8;Nominal;D;0,57;0,52
2026-08-11 12:52;7,90048;-74,20674;VIIRS-Suomi-NPP;58,7;22,4;2,5;Nominal;D;0,37;0,58
2026-08-11 14:34;4,57353;-68,62729;MODIS-Aqua;42,9;22,9;44,1;69 %;D;3,21;1,7
2026-08-11 14:34;4,57337;-68,63197;MODIS-Aqua;41,8;22,8;40,8;53 %;D;3,21;1,7
2026-08-11 14:34;5,92984;-68,66238;MODIS-Aqua;39,8;20,2;29,0;60 %;D;3,05;1,66
2026-08-11 14:34;5,92558;-68,68866;MODIS-Aqua;44,0;20,4;45,4;73 %;D;3,06;1,66
2026-08-11 14:34;5,91801;-68,66734;MODIS-Aqua;41,3;20,2;32,7;64 %;D;3,05;1,66
2026-08-11 13:09;0,91697;-78,06513;VIIRS-NOAA-20;74,6;20,9;6,2;Nominal;D;0,33;0,55
2026-08-11 13:09;1,26795;-77,52934;VIIRS-NOAA-20;54,7;20,7;19,7;Nominal;D;0,59;0,53
2026-08-11 13:09;1,26738;-77,53294;VIIRS-NOAA-20;79,2;31,1;19,7;Nominal;D;0,59;0,53
2026-08-11 13:09;1,26683;-77,53644;VIIRS-NOAA-20;64,0;13,2;19,6;Nominal;D;0,59;0,53
2026-08-11 13:09;1,27273;-77,53034;VIIRS-NOAA-20;61,8;9,7;19,7;Nominal;D;0,59;0,53
2026-08-11 13:09;1,27215;-77,53398;VIIRS-NOAA-20;79,4;15,0;19,7;Nominal;D;0,59;0,53
2026-08-11 13:09;1,28805;-77,62257;VIIRS-NOAA-20;68,2;15,7;8,0;Nominal;D;0,6;0,53
2026-08-11 13:09;1,29304;-77,62236;VIIRS-NOAA-20;73,1;19,9;10,0;Nominal;D;0,6;0,53
2026-08-11 13:09;1,29163;-77,62354;VIIRS-NOAA-20;67,8;21,9;11,3;Nominal;D;0,6;0,53
2026-08-11 13:09;1,88944;-74,21844;VIIRS-NOAA-20;58,8;20,6;3,3;Nominal;D;0,53;0,42
2026-08-11 13:09;1,3963;-77,49345;VIIRS-NOAA-20;61,0;28,7;6,3;Nominal;D;0,59;0,53
2026-08-11 13:09;1,39562;-77,49778;VIIRS-NOAA-20;74,5;31,5;14,9;Nominal;D;0,59;0,53
2026-08-11 13:09;1,43082;-77,52425;VIIRS-NOAA-20;56,4;24,7;3,1;Nominal;D;0,59;0,53
2026-08-11 13:09;1,43015;-77,52861;VIIRS-NOAA-20;61,2;28,9;12,9;Nominal;D;0,59;0,53
2026-08-11 13:09;1,43003;-77,52592;VIIRS-NOAA-20;63,9;27,3;5,5;Nominal;D;0,59;0,53
2026-08-11 13:09;1,42931;-77,5304;VIIRS-NOAA-20;61,5;29,4;5,5;Nominal;D;0,59;0,53
2026-08-11 13:09;1,43542;-77,52303;VIIRS-NOAA-20;67,3;27,0;29,1;Nominal;D;0,59;0,53
2026-08-11 13:09;1,43457;-77,5283;VIIRS-NOAA-20;70,2;30,0;66,6;Nominal;D;0,59;0,53
2026-08-11 13:09;1,43993;-77,52559;VIIRS-NOAA-20;68,1;27,8;29,1;Nominal;D;0,59;0,53
2026-08-11 13:09;1,44348;-77,53412;VIIRS-NOAA-20;80,4;38,7;23,0;Nominal;D;0,59;0,53
2026-08-11 13:09;1,44265;-77,53928;VIIRS-NOAA-20;73,2;33,6;23,0;Nominal;D;0,59;0,53
2026-08-11 13:09;1,44176;-77,54481;VIIRS-NOAA-20;59,5;29,7;13,4;Baja;D;0,59;0,53
2026-08-11 13:11;2,11704;-76,96584;VIIRS-NOAA-20;81,5;22,2;23,3;Nominal;D;0,52;0,5
2026-08-11 13:11;2,95296;-71,79895;VIIRS-NOAA-20;58,6;24,6;5,0;Nominal;D;0,4;0,37
2026-08-11 13:11;2,94624;-72,27751;VIIRS-NOAA-20;59,4;24,7;3,5;Baja;D;0,42;0,37
2026-08-11 13:11;3,01839;-72,05815;VIIRS-NOAA-20;74,8;26,4;8,2;Nominal;D;0,41;0,37
2026-08-11 13:11;3,68009;-68,22055;VIIRS-NOAA-20;57,0;25,6;2,4;Nominal;D;0,42;0,38
2026-08-11 13:11;2,52939;-76,40685;VIIRS-NOAA-20;82,0;28,1;11,8;Nominal;D;0,47;0,48
2026-08-11 13:11;2,46795;-76,91241;VIIRS-NOAA-20;72,8;16,4;12,6;Nominal;D;0,51;0,5
2026-08-11 13:11;2,4725;-76,91294;VIIRS-NOAA-20;68,1;15,4;7,9;Nominal;D;0,51;0,5
2026-08-11 13:11;2,57879;-76,37622;VIIRS-NOAA-20;56,0;23,2;4,3;Nominal;D;0,47;0,48
2026-08-11 13:11;3,93103;-67,99473;VIIRS-NOAA-20;59,5;26,1;2,6;Nominal;D;0,43;0,38
2026-08-11 13:11;3,48965;-71,65981;VIIRS-NOAA-20;59,7;25,2;2,2;Nominal;D;0,4;0,37
2026-08-11 13:11;2,69338;-76,82378;VIIRS-NOAA-20;60,1;25,1;3,8;Nominal;D;0,5;0,49
2026-08-11 13:11;2,72491;-76,84398;VIIRS-NOAA-20;70,6;20,3;8,7;Nominal;D;0,5;0,49
2026-08-11 13:11;3,42192;-72,7131;VIIRS-NOAA-20;70,7;25,2;7,9;Nominal;D;0,43;0,38
2026-08-11 13:11;2,78081;-76,89688;VIIRS-NOAA-20;62,9;22,4;5,2;Nominal;D;0,51;0,49
2026-08-11 13:11;3,65219;-71,3532;VIIRS-NOAA-20;69,2;25,6;4,0;Nominal;D;0,39;0,36
2026-08-11 13:11;3,46191;-72,6841;VIIRS-NOAA-20;64,4;24,7;9,6;Baja;D;0,43;0,38
2026-08-11 13:11;3,4683;-72,66563;VIIRS-NOAA-20;59,4;23,4;2,6;Nominal;D;0,43;0,38
2026-08-11 13:11;2,83835;-76,76422;VIIRS-NOAA-20;78,8;34,9;61,4;Nominal;D;0,5;0,49
2026-08-11 13:11;2,83772;-76,76823;VIIRS-NOAA-20;64,2;26,7;53,8;Nominal;D;0,5;0,49
2026-08-11 13:11;2,84289;-76,76434;VIIRS-NOAA-20;68,8;31,7;61,4;Nominal;D;0,5;0,49
2026-08-11 13:11;2,8369;-76,76401;VIIRS-NOAA-20;81,2;30,1;49,1;Nominal;D;0,5;0,49
2026-08-11 13:11;2,84145;-76,76408;VIIRS-NOAA-20;80,4;32,3;49,1;Nominal;D;0,5;0,49
2026-08-11 13:11;2,8408;-76,76811;VIIRS-NOAA-20;26,6;36,3;74,3;Baja;D;0,5;0,49
2026-08-11 13:11;2,93947;-76,24469;VIIRS-NOAA-20;61,9;28,0;4,4;Nominal;D;0,46;0,47
2026-08-11 13:11;2,9522;-76,35739;VIIRS-NOAA-20;79,6;36,2;28,9;Nominal;D;0,46;0,47
2026-08-11 13:11;7,34719;-75,59951;VIIRS-NOAA-20;58,0;23,6;3,7;Nominal;D;0,54;0,42
2026-08-11 13:11;7,42984;-75,27913;VIIRS-NOAA-20;60,8;25,0;4,9;Nominal;D;0,51;0,41
2026-08-11 13:11;7,79624;-73,20438;VIIRS-NOAA-20;60,7;23,0;5,2;Nominal;D;0,41;0,37
2026-08-11 13:11;7,64206;-74,64759;VIIRS-NOAA-20;65,9;31,6;5,2;Nominal;D;0,47;0,4
2026-08-11 13:11;7,81956;-73,81352;VIIRS-NOAA-20;63,3;30,5;5,5;Baja;D;0,43;0,38
2026-08-11 13:11;7,73556;-74,34192;VIIRS-NOAA-20;59,1;27,3;5,6;Nominal;D;0,46;0,39
2026-08-11 13:11;7,5875;-75,43121;VIIRS-NOAA-20;60,4;24,7;5,1;Nominal;D;0,52;0,42
2026-08-11 13:11;7,69821;-75,01513;VIIRS-NOAA-20;60,2;28,8;5,0;Nominal;D;0,49;0,4
2026-08-11 13:11;7,92469;-73,79042;VIIRS-NOAA-20;67,2;31,7;5,4;Nominal;D;0,43;0,38
2026-08-11 13:11;7,83916;-74,68129;VIIRS-NOAA-20;72,7;27,5;7,5;Nominal;D;0,47;0,4
2026-08-11 13:11;8,20164;-72,47838;VIIRS-NOAA-20;58,3;28,6;2,1;Baja;D;0,39;0,36
2026-08-11 13:11;8,20813;-72,70033;VIIRS-NOAA-20;75,2;30,7;5,8;Nominal;D;0,4;0,37
2026-08-11 13:11;8,28346;-73,27568;VIIRS-NOAA-20;61,0;28,3;19,5;Baja;D;0,41;0,37
2026-08-11 13:11;8,2829;-73,27921;VIIRS-NOAA-20;79,7;38,9;19,5;Baja;D;0,41;0,37
2026-08-11 13:11;8,28684;-73,27629;VIIRS-NOAA-20;77,6;28,2;19,5;Nominal;D;0,41;0,37
2026-08-11 13:11;8,37495;-72,98048;VIIRS-NOAA-20;62,5;32,0;34,7;Nominal;D;0,4;0,37
2026-08-11 13:11;8,05792;-75,20679;VIIRS-NOAA-20;57,4;28,0;2,1;Nominal;D;0,5;0,41
2026-08-11 13:11;8,41587;-73,00526;VIIRS-NOAA-20;59,6;27,4;5,0;Nominal;D;0,4;0,37
2026-08-11 13:11;8,42331;-73,14429;VIIRS-NOAA-20;70,5;26,0;7,8;Nominal;D;0,41;0,37
2026-08-11 13:11;8,2288;-74,95808;VIIRS-NOAA-20;68,4;28,9;12,0;Nominal;D;0,48;0,4
2026-08-11 13:11;8,56683;-72,85813;VIIRS-NOAA-20;68,8;30,7;5,2;Nominal;D;0,4;0,37
2026-08-11 13:11;8,22893;-74,95657;VIIRS-NOAA-20;61,3;28,6;9,4;Nominal;D;0,48;0,4
2026-08-11 13:11;8,27127;-75,06624;VIIRS-NOAA-20;64,0;30,0;62,3;Nominal;D;0,49;0,4
2026-08-11 13:11;8,25304;-75,44026;VIIRS-NOAA-20;61,0;28,0;3,3;Nominal;D;0,51;0,41
2026-08-11 13:11;8,67022;-73,17672;VIIRS-NOAA-20;74,6;28,7;15,2;Nominal;D;0,4;0,37
2026-08-11 13:11;8,74885;-73,32452;VIIRS-NOAA-20;64,0;28,2;6,3;Baja;D;0,41;0,37
2026-08-11 13:11;8,39535;-75,52124;VIIRS-NOAA-20;60,6;29,4;3,9;Nominal;D;0,51;0,41
2026-08-11 13:11;8,75847;-73,32961;VIIRS-NOAA-20;78,7;33,2;35,2;Nominal;D;0,41;0,37
2026-08-11 13:11;8,46294;-75,27158;VIIRS-NOAA-20;59,7;31,0;2,9;Baja;D;0,5;0,41
2026-08-11 13:11;8,78274;-73,5102;VIIRS-NOAA-20;60,2;31,7;3,4;Nominal;D;0,41;0,37
2026-08-11 13:11;8,76238;-73,81351;VIIRS-NOAA-20;75,8;35,2;9,2;Nominal;D;0,42;0,38
2026-08-11 13:11;8,74785;-73,94873;VIIRS-NOAA-20;62,8;34,4;3,8;Nominal;D;0,43;0,38
2026-08-11 13:11;8,88825;-73,88429;VIIRS-NOAA-20;65,9;36,6;7,8;Baja;D;0,42;0,38
2026-08-11 13:11;8,88541;-73,94685;VIIRS-NOAA-20;64,7;37,7;4,2;Baja;D;0,43;0,38
2026-08-11 13:11;8,90594;-73,90679;VIIRS-NOAA-20;60,9;33,7;4,2;Baja;D;0,43;0,38
2026-08-11 13:11;8,90703;-73,9899;VIIRS-NOAA-20;66,5;36,2;4,7;Nominal;D;0,43;0,38
2026-08-11 13:11;8,9348;-73,90359;VIIRS-NOAA-20;63,0;35,2;4,9;Baja;D;0,43;0,38
2026-08-11 13:11;8,95321;-73,80865;VIIRS-NOAA-20;80,9;37,3;16,1;Nominal;D;0,42;0,38
2026-08-11 13:11;8,95243;-73,80852;VIIRS-NOAA-20;82,6;36,9;16,2;Nominal;D;0,42;0,38
2026-08-11 13:11;8,93707;-73,90388;VIIRS-NOAA-20;63,0;34,8;5,5;Baja;D;0,42;0,38
2026-08-11 13:11;8,75137;-75,08533;VIIRS-NOAA-20;59,6;32,0;3,5;Baja;D;0,48;0,4
2026-08-11 13:11;8,85655;-74,53417;VIIRS-NOAA-20;58,2;31,4;8,8;Baja;D;0,45;0,39
2026-08-11 13:11;8,9493;-74,0045;VIIRS-NOAA-20;74,1;33,1;7,6;Nominal;D;0,43;0,38
2026-08-11 13:11;8,98706;-73,92372;VIIRS-NOAA-20;64,6;31,4;6,1;Baja;D;0,43;0,38
2026-08-11 13:11;8,95888;-74,30334;VIIRS-NOAA-20;74,9;28,8;8,4;Nominal;D;0,44;0,38
2026-08-11 13:11;3,60203;-72,31863;VIIRS-NOAA-20;64,2;24,4;3,8;Nominal;D;0,41;0,37
2026-08-11 13:11;3,60545;-72,31915;VIIRS-NOAA-20;59,8;24,5;2,8;Nominal;D;0,41;0,37
2026-08-11 13:11;3,81066;-71,55839;VIIRS-NOAA-20;69,2;23,6;4,4;Nominal;D;0,39;0,36
2026-08-11 13:11;3,89904;-71,09325;VIIRS-NOAA-20;62,5;25,8;4,1;Nominal;D;0,39;0,36
2026-08-11 13:11;3,72527;-72,2244;VIIRS-NOAA-20;61,0;26,4;4,5;Baja;D;0,41;0,37
2026-08-11 13:11;3,11309;-76,3889;VIIRS-NOAA-20;62,4;34,6;4,4;Baja;D;0,46;0,47
2026-08-11 13:11;3,11245;-76,39301;VIIRS-NOAA-20;59,8;34,7;4,4;Baja;D;0,46;0,47
2026-08-11 13:11;3,9817;-70,77378;VIIRS-NOAA-20;70,9;23,9;6,3;Nominal;D;0,38;0,36
2026-08-11 13:11;3,15184;-76,16779;VIIRS-NOAA-20;73,4;23,6;7,2;Nominal;D;0,45;0,47
2026-08-11 13:11;3,11;-76,39182;VIIRS-NOAA-20;69,7;34,0;6,0;Nominal;D;0,46;0,47
2026-08-11 13:11;3,15124;-76,16708;VIIRS-NOAA-20;60,3;22,2;6,8;Nominal;D;0,45;0,47
2026-08-11 13:11;3,09685;-76,60882;VIIRS-NOAA-20;63,6;30,2;5,4;Nominal;D;0,48;0,48
2026-08-11 13:11;3,13456;-76,40429;VIIRS-NOAA-20;57,0;29,6;2,5;Baja;D;0,46;0,47
2026-08-11 13:11;3,13821;-76,4091;VIIRS-NOAA-20;62,9;30,2;4,5;Nominal;D;0,46;0,47
2026-08-11 13:11;3,79891;-72,26976;VIIRS-NOAA-20;61,9;27,9;4,6;Baja;D;0,41;0,37
2026-08-11 13:11;3,8459;-72,16838;VIIRS-NOAA-20;74,7;25,1;8,4;Baja;D;0,41;0,37
2026-08-11 13:11;3,17747;-76,4409;VIIRS-NOAA-20;56,8;28,8;1,8;Baja;D;0,47;0,47
2026-08-11 13:11;3,21613;-76,30815;VIIRS-NOAA-20;67,0;28,8;4,3;Nominal;D;0,46;0,47
2026-08-11 13:11;3,21549;-76,31222;VIIRS-NOAA-20;59,6;31,8;3,2;Nominal;D;0,46;0,47
2026-08-11 13:11;3,21978;-76,3129;VIIRS-NOAA-20;58,2;32,9;3,2;Baja;D;0,46;0,47
2026-08-11 13:11;3,20432;-76,41126;VIIRS-NOAA-20;68,3;31,9;7,5;Nominal;D;0,46;0,47
2026-08-11 13:11;4,0143;-71,27131;VIIRS-NOAA-20;59,5;25,9;6,3;Nominal;D;0,39;0,36
2026-08-11 13:11;4,01588;-71,39323;VIIRS-NOAA-20;61,7;24,6;2,4;Nominal;D;0,39;0,36
2026-08-11 13:11;4,01867;-71,39723;VIIRS-NOAA-20;62,2;24,7;2,8;Nominal;D;0,39;0,36
2026-08-11 13:11;4,01813;-71,40072;VIIRS-NOAA-20;58,2;23,8;2,8;Nominal;D;0,39;0,36
2026-08-11 13:11;4,33742;-69,32347;VIIRS-NOAA-20;66,0;20,5;4,8;Nominal;D;0,4;0,37
2026-08-11 13:11;3,19373;-76,70711;VIIRS-NOAA-20;71,7;22,3;7,9;Nominal;D;0,49;0,48
2026-08-11 13:11;3,26679;-76,67332;VIIRS-NOAA-20;61,1;21,8;9,1;Nominal;D;0,48;0,48
2026-08-11 13:11;3,26624;-76,67677;VIIRS-NOAA-20;63,0;26,1;11,8;Nominal;D;0,48;0,48
2026-08-11 13:11;4,35183;-69,72536;VIIRS-NOAA-20;60,2;21,2;1,8;Nominal;D;0,39;0,36
2026-08-11 13:11;4,35462;-69,72936;VIIRS-NOAA-20;60,1;25,4;5,6;Nominal;D;0,39;0,36
2026-08-11 13:11;4,5419;-68,65658;VIIRS-NOAA-20;68,4;26,6;4,1;Nominal;D;0,41;0,37
2026-08-11 13:11;4,3834;-69,71651;VIIRS-NOAA-20;58,5;23,7;2,9;Nominal;D;0,39;0,36
2026-08-11 13:11;4,38287;-69,71999;VIIRS-NOAA-20;75,0;26,6;8,4;Nominal;D;0,39;0,36
2026-08-11 13:11;4,54588;-68,65336;VIIRS-NOAA-20;73,4;28,5;13,7;Nominal;D;0,41;0,37
2026-08-11 13:11;4,54533;-68,65708;VIIRS-NOAA-20;63,2;27,6;4,1;Nominal;D;0,41;0,37
2026-08-11 13:11;4,55108;-68,66553;VIIRS-NOAA-20;58,4;28,0;4,5;Nominal;D;0,41;0,37
2026-08-11 13:11;4,5545;-68,66605;VIIRS-NOAA-20;65,2;28,5;4,0;Nominal;D;0,41;0,37
2026-08-11 13:11;4,56237;-68,63678;VIIRS-NOAA-20;69,5;27,6;4,8;Nominal;D;0,42;0,37
2026-08-11 13:11;4,56181;-68,6405;VIIRS-NOAA-20;57,7;27,4;4,8;Nominal;D;0,42;0,37
2026-08-11 13:11;4,56126;-68,64423;VIIRS-NOAA-20;74,0;27,0;8,8;Nominal;D;0,42;0,37
2026-08-11 13:11;4,55793;-68,66657;VIIRS-NOAA-20;69,0;27,4;4,0;Nominal;D;0,41;0,37
2026-08-11 13:11;3,38027;-76,22485;VIIRS-NOAA-20;75,3;34,9;9,7;Nominal;D;0,45;0,47
2026-08-11 13:11;4,56858;-68,61863;VIIRS-NOAA-20;67,7;23,6;4,4;Nominal;D;0,42;0,37
2026-08-11 13:11;4,56746;-68,6261;VIIRS-NOAA-20;67,3;26,7;8,6;Nominal;D;0,42;0,37
2026-08-11 13:11;4,56579;-68,6373;VIIRS-NOAA-20;67,8;25,2;9,8;Nominal;D;0,42;0,37
2026-08-11 13:11;4,2486;-70,73871;VIIRS-NOAA-20;59,1;24,4;2,8;Nominal;D;0,38;0,36
2026-08-11 13:11;3,38453;-76,2255;VIIRS-NOAA-20;65,5;36,5;6,1;Baja;D;0,45;0,47
2026-08-11 13:11;4,57424;-68,60419;VIIRS-NOAA-20;74,0;25,1;6,3;Nominal;D;0,42;0,37
2026-08-11 13:11;4,57368;-68,60793;VIIRS-NOAA-20;66,1;26,2;4,5;Nominal;D;0,42;0,37
2026-08-11 13:11;4,57313;-68,61167;VIIRS-NOAA-20;64,6;22,2;4,5;Nominal;D;0,42;0,37
2026-08-11 13:11;4,41218;-69,86344;VIIRS-NOAA-20;59,7;25,5;2,2;Nominal;D;0,39;0,36
2026-08-11 13:11;4,12977;-71,71317;VIIRS-NOAA-20;67,4;26,3;3,6;Nominal;D;0,4;0,37
2026-08-11 13:11;4,13637;-71,69249;VIIRS-NOAA-20;61,2;26,0;2,5;Nominal;D;0,39;0,37
2026-08-11 13:11;4,45101;-69,89874;VIIRS-NOAA-20;67,8;24,5;2,8;Nominal;D;0,39;0,36
2026-08-11 13:11;5,9451;-67,9603;VIIRS-NOAA-20;67,5;22,8;12,2;Nominal;D;0,45;0,39
2026-08-11 13:11;4,83982;-75,12682;VIIRS-NOAA-20;60,0;20,9;18,9;Nominal;D;0,54;0,42
2026-08-11 13:11;5,70143;-69,63668;VIIRS-NOAA-20;57,6;23,2;3,7;Nominal;D;0,4;0,37
2026-08-11 13:11;5,70479;-69,63718;VIIRS-NOAA-20;59,7;20,6;1,8;Nominal;D;0,4;0,37
2026-08-11 13:11;4,90595;-74,91273;VIIRS-NOAA-20;63,2;30,0;3,1;Nominal;D;0,53;0,42
2026-08-11 13:11;4,90977;-74,91332;VIIRS-NOAA-20;60,4;30,9;3,1;Baja;D;0,53;0,42
2026-08-11 13:11;4,93858;-74,85532;VIIRS-NOAA-20;93,9;35,4;22,3;Alta;D;0,52;0,42
2026-08-11 13:11;4,87973;-75,54704;VIIRS-NOAA-20;74,9;24,7;13,6;Nominal;D;0,38;0,44
2026-08-11 13:11;5,01363;-74,82198;VIIRS-NOAA-20;73,1;37,4;11,3;Nominal;D;0,52;0,41
2026-08-11 13:11;5,0555;-74,70601;VIIRS-NOAA-20;63,9;33,8;3,9;Nominal;D;0,51;0,41
2026-08-11 13:11;5,05927;-74,70661;VIIRS-NOAA-20;70,0;36,2;3,9;Nominal;D;0,51;0,41
2026-08-11 13:11;4,91054;-75,89143;VIIRS-NOAA-20;57,8;31,4;3,2;Baja;D;0,4;0,44
2026-08-11 13:11;5,12339;-74,59257;VIIRS-NOAA-20;65,5;29,2;6,3;Nominal;D;0,5;0,41
2026-08-11 13:11;5,87823;-70,22176;VIIRS-NOAA-20;63,8;21,3;4,2;Nominal;D;0,39;0,36
2026-08-11 13:11;5,19302;-74,81513;VIIRS-NOAA-20;57,7;31,4;4,9;Baja;D;0,52;0,41
2026-08-11 13:11;5,19159;-74,82422;VIIRS-NOAA-20;72,6;32,8;6,4;Nominal;D;0,52;0,41
2026-08-11 13:11;5,19087;-74,82874;VIIRS-NOAA-20;66,5;32,4;6,4;Nominal;D;0,52;0,41
2026-08-11 13:11;5,19538;-74,82472;VIIRS-NOAA-20;61,5;31,5;6,4;Nominal;D;0,52;0,41
2026-08-11 13:11;5,19466;-74,82935;VIIRS-NOAA-20;63,7;33,1;6,4;Nominal;D;0,52;0,41
2026-08-11 13:11;5,20274;-74,80259;VIIRS-NOAA-20;75,9;31,6;10,7;Nominal;D;0,52;0,41
2026-08-11 13:11;5,20202;-74,80715;VIIRS-NOAA-20;74,0;33,6;9,6;Nominal;D;0,52;0,41
2026-08-11 13:11;5,0356;-75,86388;VIIRS-NOAA-20;67,3;27,8;3,4;Nominal;D;0,4;0,44
2026-08-11 13:11;5,20327;-74,80057;VIIRS-NOAA-20;68,7;31,1;3,5;Nominal;D;0,52;0,41
2026-08-11 13:11;5,20253;-74,80508;VIIRS-NOAA-20;76,9;32,9;13,4;Nominal;D;0,52;0,41
2026-08-11 13:11;5,20705;-74,80113;VIIRS-NOAA-20;56,9;30,8;3,5;Baja;D;0,52;0,41
2026-08-11 13:11;5,03629;-75,86383;VIIRS-NOAA-20;61,9;27,3;2,8;Nominal;D;0,4;0,44
2026-08-11 13:11;5,84782;-70,82645;VIIRS-NOAA-20;59,0;24,0;5,4;Nominal;D;0,38;0,36
2026-08-11 13:11;9,39106;-73,63217;VIIRS-NOAA-20;75,3;45,1;31,9;Baja;D;0,41;0,37
2026-08-11 13:11;7,11445;-74,71074;VIIRS-NOAA-20;68,6;29,4;20,8;Nominal;D;0,48;0,4
2026-08-11 13:11;9,38144;-73,38395;VIIRS-NOAA-20;82,1;41,6;6,8;Nominal;D;0,41;0,37
2026-08-11 13:11;9,36699;-73,45335;VIIRS-NOAA-20;73,7;41,0;6,2;Baja;D;0,41;0,37
2026-08-11 13:11;7,25009;-74,45197;VIIRS-NOAA-20;64,3;27,2;4,2;Nominal;D;0,47;0,39
2026-08-11 13:11;9,36361;-73,45275;VIIRS-NOAA-20;75,3;39,4;6,2;Baja;D;0,41;0,37
2026-08-11 13:11;9,36593;-73,43813;VIIRS-NOAA-20;70,2;39,6;9,1;Baja;D;0,41;0,37
2026-08-11 13:11;9,36254;-73,4376;VIIRS-NOAA-20;77,3;39,0;7,2;Nominal;D;0,41;0,37
2026-08-11 13:11;7,16897;-75,4062;VIIRS-NOAA-20;59,2;27,8;4,5;Nominal;D;0,53;0,42
2026-08-11 13:11;9,35859;-73,44064;VIIRS-NOAA-20;74,6;36,6;7,2;Baja;D;0,41;0,37
2026-08-11 13:11;7,16854;-75,40366;VIIRS-NOAA-20;60,9;27,1;4,1;Nominal;D;0,52;0,42
2026-08-11 13:11;7,34228;-74,53056;VIIRS-NOAA-20;69,6;27,1;19,2;Nominal;D;0,47;0,4
2026-08-11 13:11;9,35462;-73,44372;VIIRS-NOAA-20;77,9;36,0;7,5;Nominal;D;0,41;0,37
2026-08-11 13:11;7,30679;-74,74925;VIIRS-NOAA-20;69,2;29,4;6,9;Nominal;D;0,48;0,4
2026-08-11 13:11;9,35194;-73,4169;VIIRS-NOAA-20;65,2;39,6;10,4;Baja;D;0,41;0,37
2026-08-11 13:11;7,34517;-74,88536;VIIRS-NOAA-20;71,7;31,4;11,7;Nominal;D;0,49;0,4
2026-08-11 13:11;9,28301;-73,82659;VIIRS-NOAA-20;75,0;37,8;13,0;Nominal;D;0,42;0,38
2026-08-11 13:11;7,44119;-74,45488;VIIRS-NOAA-20;60,2;28,0;3,1;Nominal;D;0,46;0,39
2026-08-11 13:11;9,34972;-73,40899;VIIRS-NOAA-20;67,9;39,2;6,3;Baja;D;0,41;0,37
2026-08-11 13:11;7,41934;-74,74921;VIIRS-NOAA-20;66,3;29,1;5,6;Nominal;D;0,48;0,4
2026-08-11 13:11;7,44632;-74,62882;VIIRS-NOAA-20;68,5;29,8;14,6;Nominal;D;0,47;0,4
2026-08-11 13:11;9,27997;-73,71368;VIIRS-NOAA-20;65,4;36,4;4,0;Baja;D;0,42;0,37
2026-08-11 13:11;9,31497;-73,35694;VIIRS-NOAA-20;75,7;39,5;27,6;Baja;D;0,41;0,37
2026-08-11 13:11;9,26134;-73,67609;VIIRS-NOAA-20;75,9;39,7;7,7;Nominal;D;0,41;0,37
2026-08-11 13:11;9,29838;-73,41853;VIIRS-NOAA-20;65,8;36,6;5,4;Baja;D;0,41;0,37
2026-08-11 13:11;9,295;-73,41798;VIIRS-NOAA-20;62,7;36,9;5,4;Baja;D;0,41;0,37
2026-08-11 13:11;9,29556;-73,41443;VIIRS-NOAA-20;76,6;39,4;14,0;Nominal;D;0,41;0,37
2026-08-11 13:11;9,29217;-73,4139;VIIRS-NOAA-20;66,9;35,1;7,5;Nominal;D;0,41;0,37
2026-08-11 13:11;9,27707;-73,48773;VIIRS-NOAA-20;81,3;42,2;20,1;Baja;D;0,41;0,37
2026-08-11 13:11;9,28879;-73,41332;VIIRS-NOAA-20;70,6;36,7;7,5;Baja;D;0,41;0,37
2026-08-11 13:11;9,28938;-73,40955;VIIRS-NOAA-20;74,3;36,9;7,5;Baja;D;0,41;0,37
2026-08-11 13:11;9,27368;-73,48714;VIIRS-NOAA-20;79,2;40,8;7,3;Baja;D;0,41;0,37
2026-08-11 13:11;9,27429;-73,48328;VIIRS-NOAA-20;67,9;37,4;7,3;Baja;D;0,41;0,37
2026-08-11 13:11;9,28602;-73,40888;VIIRS-NOAA-20;73,6;34,0;32,3;Baja;D;0,41;0,37
2026-08-11 13:11;9,20261;-73,89132;VIIRS-NOAA-20;66,7;34,7;7,1;Baja;D;0,42;0,38
2026-08-11 13:11;4,50193;-69,76386;VIIRS-NOAA-20;69,0;26,8;5,5;Nominal;D;0,39;0,36
2026-08-11 13:11;4,51471;-69,76934;VIIRS-NOAA-20;61,9;24,9;1,6;Nominal;D;0,39;0,36
2026-08-11 13:11;4,16369;-72,28903;VIIRS-NOAA-20;69,4;22,5;10,8;Nominal;D;0,41;0,37
2026-08-11 13:11;4,60844;-69,39809;VIIRS-NOAA-20;63,2;24,1;5,7;Nominal;D;0,4;0,37
2026-08-11 13:11;4,61179;-69,3986;VIIRS-NOAA-20;73,4;27,1;5,7;Nominal;D;0,4;0,37
2026-08-11 13:11;4,61514;-69,39909;VIIRS-NOAA-20;77,0;24,3;5,2;Nominal;D;0,4;0,37
2026-08-11 13:11;4,59159;-69,8886;VIIRS-NOAA-20;71,9;26,6;6,0;Nominal;D;0,39;0,36
2026-08-11 13:11;4,67696;-69,66183;VIIRS-NOAA-20;59,5;23,9;2,9;Nominal;D;0,39;0,36
2026-08-11 13:11;4,67642;-69,66534;VIIRS-NOAA-20;61,3;26,7;4,1;Nominal;D;0,39;0,36
2026-08-11 13:11;3,86169;-75,28495;VIIRS-NOAA-20;64,1;29,2;26,9;Nominal;D;0,38;0,43
2026-08-11 13:11;3,86634;-75,28134;VIIRS-NOAA-20;62,3;30,4;4,6;Nominal;D;0,57;0,43
2026-08-11 13:11;3,86566;-75,28553;VIIRS-NOAA-20;82,2;34,4;26,9;Nominal;D;0,38;0,43
2026-08-11 13:11;3,88331;-75,20084;VIIRS-NOAA-20;64,1;32,2;12,2;Nominal;D;0,57;0,43
2026-08-11 13:11;3,86963;-75,28616;VIIRS-NOAA-20;69,5;30,7;7,6;Nominal;D;0,38;0,43
2026-08-11 13:11;4,65803;-70,546;VIIRS-NOAA-20;69,3;26,6;6,0;Nominal;D;0,38;0,36
2026-08-11 13:11;3,9441;-75,17398;VIIRS-NOAA-20;65,8;29,9;2,2;Nominal;D;0,56;0,43
2026-08-11 13:11;3,94806;-75,17446;VIIRS-NOAA-20;59,5;28,7;2,2;Nominal;D;0,56;0,43
2026-08-11 13:11;3,84745;-75,93885;VIIRS-NOAA-20;65,7;27,7;7,2;Nominal;D;0,42;0,45
2026-08-11 13:11;3,86322;-75,94611;VIIRS-NOAA-20;65,6;22,9;13,6;Nominal;D;0,42;0,45
2026-08-11 13:11;3,86273;-75,9492;VIIRS-NOAA-20;58,7;20,8;12,6;Nominal;D;0,42;0,45
2026-08-11 13:11;4,01654;-75,02048;VIIRS-NOAA-20;70,0;29,5;10,4;Nominal;D;0,55;0,43
2026-08-11 13:11;3,86724;-75,94753;VIIRS-NOAA-20;73,2;26,4;13,6;Nominal;D;0,42;0,45
2026-08-11 13:11;4,00371;-75,30293;VIIRS-NOAA-20;79,8;24,5;16,5;Nominal;D;0,57;0,43
2026-08-11 13:11;4,00386;-75,37895;VIIRS-NOAA-20;72,0;23,2;5,5;Nominal;D;0,39;0,44
2026-08-11 13:11;4,03052;-75,23591;VIIRS-NOAA-20;72,2;29,2;9,9;Nominal;D;0,57;0,43
2026-08-11 13:11;4,03678;-75,22184;VIIRS-NOAA-20;68,8;29,8;10,6;Nominal;D;0,57;0,43
2026-08-11 13:11;4,03602;-75,22666;VIIRS-NOAA-20;73,7;34,0;26,1;Nominal;D;0,57;0,43
2026-08-11 13:11;4,03525;-75,23157;VIIRS-NOAA-20;76,6;30,9;26,1;Nominal;D;0,57;0,43
2026-08-11 13:11;4,03447;-75,23654;VIIRS-NOAA-20;58,0;30,3;6,2;Baja;D;0,57;0,43
2026-08-11 13:11;4,05338;-75,19318;VIIRS-NOAA-20;59,1;28,8;3,5;Nominal;D;0,56;0,43
2026-08-11 13:11;4,05813;-75,18851;VIIRS-NOAA-20;61,1;28,2;6,5;Nominal;D;0,56;0,43
2026-08-11 13:11;4,05734;-75,1936;VIIRS-NOAA-20;68,3;30,6;6,5;Nominal;D;0,56;0,43
2026-08-11 13:11;4,0621;-75,18893;VIIRS-NOAA-20;61,9;29,6;6,5;Nominal;D;0,56;0,43
2026-08-11 13:11;4,06132;-75,19393;VIIRS-NOAA-20;65,6;32,1;6,5;Nominal;D;0,56;0,43
2026-08-11 13:11;4,0565;-75,22491;VIIRS-NOAA-20;63,3;31,0;8,0;Nominal;D;0,57;0,43
2026-08-11 13:11;4,06046;-75,22543;VIIRS-NOAA-20;63,8;28,8;5,0;Nominal;D;0,57;0,43
2026-08-11 13:11;4,07004;-75,1896;VIIRS-NOAA-20;66,3;28,7;11,2;Nominal;D;0,56;0,43
2026-08-11 13:11;4,06441;-75,22594;VIIRS-NOAA-20;64,7;29,6;5,0;Nominal;D;0,57;0,43
2026-08-11 13:11;4,05754;-75,19057;VIIRS-NOAA-20;68,2;28,5;6,3;Nominal;D;0,56;0,43
2026-08-11 13:11;4,05671;-75,19563;VIIRS-NOAA-20;59,9;30,1;4,9;Baja;D;0,56;0,43
2026-08-11 13:11;4,06151;-75,19096;VIIRS-NOAA-20;73,2;31,3;18,4;Nominal;D;0,56;0,43
2026-08-11 13:11;4,06041;-75,22243;VIIRS-NOAA-20;60,0;30,9;6,6;Baja;D;0,57;0,43
2026-08-11 13:11;4,06948;-75,19156;VIIRS-NOAA-20;72,7;29,3;9,5;Nominal;D;0,56;0,43
2026-08-11 13:11;4,06358;-75,22781;VIIRS-NOAA-20;66,4;28,9;9,8;Nominal;D;0,57;0,43
2026-08-11 13:11;4,06754;-75,22831;VIIRS-NOAA-20;67,7;30,2;9,8;Nominal;D;0,57;0,43
2026-08-11 13:11;4,11043;-75,06243;VIIRS-NOAA-20;63,7;26,7;15,6;Nominal;D;0,55;0,43
2026-08-11 13:11;4,08658;-75,21045;VIIRS-NOAA-20;57,4;28,4;4,9;Baja;D;0,56;0,43
2026-08-11 13:11;4,11434;-75,06298;VIIRS-NOAA-20;73,9;30,4;14,8;Nominal;D;0,55;0,43
2026-08-11 13:11;4,11354;-75,06792;VIIRS-NOAA-20;64,4;30,7;14,8;Nominal;D;0,55;0,43
2026-08-11 13:11;4,08978;-75,21567;VIIRS-NOAA-20;61,9;24,0;5,5;Nominal;D;0,56;0,43
2026-08-11 13:11;4,11825;-75,06347;VIIRS-NOAA-20;73,0;31,5;14,8;Nominal;D;0,55;0,43
2026-08-11 13:11;4,12448;-75,07451;VIIRS-NOAA-20;61,1;31,5;6,5;Baja;D;0,55;0,43
2026-08-11 13:11;4,12838;-75,0751;VIIRS-NOAA-20;78,2;32,7;25,1;Nominal;D;0,55;0,43
2026-08-11 13:11;4,13308;-75,07073;VIIRS-NOAA-20;73,1;30,6;38,2;Nominal;D;0,55;0,43
2026-08-11 13:11;4,13228;-75,07572;VIIRS-NOAA-20;74,2;29,2;25,1;Nominal;D;0,55;0,43
2026-08-11 13:11;4,12532;-75,14458;VIIRS-NOAA-20;63,0;26,7;4,6;Nominal;D;0,56;0,43
2026-08-11 13:11;4,1293;-75,14477;VIIRS-NOAA-20;60,3;25,5;4,6;Nominal;D;0,56;0,43
2026-08-11 13:11;4,11351;-75,24401;VIIRS-NOAA-20;62,7;16,2;6,3;Nominal;D;0,57;0,43
2026-08-11 13:11;4,11264;-75,24948;VIIRS-NOAA-20;74,1;27,7;6,3;Nominal;D;0,57;0,43
2026-08-11 13:11;4,11669;-75,24937;VIIRS-NOAA-20;68,3;29,2;8,4;Nominal;D;0,57;0,43
2026-08-11 13:11;4,9159;-70,2122;VIIRS-NOAA-20;60,9;26,0;2,9;Nominal;D;0,39;0,36
2026-08-11 13:11;3,98577;-76,2049;VIIRS-NOAA-20;64,6;29,5;3,4;Nominal;D;0,44;0,46
2026-08-11 13:11;4,91921;-70,21268;VIIRS-NOAA-20;62,7;26,2;3,9;Nominal;D;0,39;0,36
2026-08-11 13:11;4,13858;-75,2644;VIIRS-NOAA-20;75,5;29,9;10,9;Nominal;D;0,57;0,43
2026-08-11 13:11;4,14253;-75,26503;VIIRS-NOAA-20;57,6;26,7;10,9;Nominal;D;0,57;0,43
2026-08-11 13:11;4,14169;-75,27039;VIIRS-NOAA-20;58,9;25,9;7,0;Nominal;D;0,57;0,43
2026-08-11 13:11;4,95941;-70,14927;VIIRS-NOAA-20;57,8;27,0;2,6;Nominal;D;0,39;0,36
2026-08-11 13:11;4,11281;-76,1399;VIIRS-NOAA-20;70,7;32,1;4,7;Nominal;D;0,43;0,46
2026-08-11 13:11;4,12712;-76,15794;VIIRS-NOAA-20;68,6;32,9;3,2;Nominal;D;0,43;0,46
2026-08-11 13:11;4,28383;-75,23306;VIIRS-NOAA-20;69,1;33,5;35,6;Nominal;D;0,56;0,43
2026-08-11 13:11;4,28772;-75,23394;VIIRS-NOAA-20;70,0;25,3;11,5;Nominal;D;0,56;0,43
2026-08-11 13:11;5,17943;-69,54474;VIIRS-NOAA-20;62,4;29,0;3,7;Nominal;D;0,4;0,37
2026-08-11 13:11;5,18278;-69,54524;VIIRS-NOAA-20;63,3;29,6;4,6;Nominal;D;0,4;0,37
2026-08-11 13:11;4,91044;-71,33906;VIIRS-NOAA-20;57,1;25,3;3,6;Nominal;D;0,39;0,36
2026-08-11 13:11;5,1856;-69,54929;VIIRS-NOAA-20;65,4;28,7;3,5;Nominal;D;0,4;0,37
2026-08-11 13:11;4,32469;-75,22932;VIIRS-NOAA-20;61,6;27,2;6,2;Nominal;D;0,56;0,43
2026-08-11 13:11;4,38022;-74,9062;VIIRS-NOAA-20;67,2;28,4;5,1;Nominal;D;0,54;0,42
2026-08-11 13:11;4,26952;-75,72902;VIIRS-NOAA-20;67,8;28,3;27,0;Nominal;D;0,4;0,44
2026-08-11 13:11;4,2689;-75,73292;VIIRS-NOAA-20;79,2;39,5;27,0;Nominal;D;0,4;0,44
2026-08-11 13:11;4,27349;-75,73018;VIIRS-NOAA-20;93,9;28,8;23,2;Alta;D;0,4;0,44
2026-08-11 13:11;4,27291;-75,73385;VIIRS-NOAA-20;73,9;38,3;23,2;Nominal;D;0,4;0,44
2026-08-11 13:11;4,27806;-75,72759;VIIRS-NOAA-20;66,6;26,1;9,9;Nominal;D;0,4;0,44
2026-08-11 13:11;4,27748;-75,73127;VIIRS-NOAA-20;65,2;24,0;23,2;Nominal;D;0,4;0,44
2026-08-11 13:11;5,20191;-69,82605;VIIRS-NOAA-20;65,6;26,7;3,1;Nominal;D;0,39;0,36
2026-08-11 13:11;5,20525;-69,82655;VIIRS-NOAA-20;62,2;25,0;3,1;Nominal;D;0,39;0,36
2026-08-11 13:11;5,08622;-71,05517;VIIRS-NOAA-20;73,6;25,2;6,3;Nominal;D;0,38;0,36
2026-08-11 13:11;4,34691;-75,9759;VIIRS-NOAA-20;93,9;31,0;10,8;Alta;D;0,42;0,45
2026-08-11 13:11;4,37545;-75,79608;VIIRS-NOAA-20;61,9;32,1;5,9;Baja;D;0,41;0,45
2026-08-11 13:11;4,34631;-75,97963;VIIRS-NOAA-20;58,9;29,8;3,2;Nominal;D;0,42;0,45
2026-08-11 13:11;5,4311;-69,19737;VIIRS-NOAA-20;61,7;27,3;4,7;Nominal;D;0,4;0,37
2026-08-11 13:11;5,43056;-69,201;VIIRS-NOAA-20;59,7;27,2;4,7;Nominal;D;0,4;0,37
2026-08-11 13:11;4,56253;-74,92634;VIIRS-NOAA-20;69,0;34,3;4,5;Nominal;D;0,53;0,42
2026-08-11 13:11;4,56176;-74,93106;VIIRS-NOAA-20;63,3;32,6;4,5;Nominal;D;0,53;0,42
2026-08-11 13:11;4,56903;-75,00863;VIIRS-NOAA-20;60,6;26,8;2,9;Nominal;D;0,54;0,42
2026-08-11 13:11;4,57293;-75,00899;VIIRS-NOAA-20;68,3;28,4;4,6;Nominal;D;0,54;0,42
2026-08-11 13:11;4,5722;-75,01353;VIIRS-NOAA-20;60,8;28,3;5,8;Nominal;D;0,54;0,42
2026-08-11 13:11;4,57142;-75,01836;VIIRS-NOAA-20;64,2;28,9;5,8;Nominal;D;0,54;0,42
2026-08-11 13:11;4,5774;-75,08024;VIIRS-NOAA-20;57,7;24,4;5,0;Nominal;D;0,55;0,42
2026-08-11 13:11;5,70647;-67,82147;VIIRS-NOAA-20;60,3;26,1;2,3;Nominal;D;0,46;0,39
2026-08-11 13:11;5,70585;-67,82559;VIIRS-NOAA-20;61,4;27,4;2,3;Nominal;D;0,46;0,39
2026-08-11 13:11;5,44955;-69,64774;VIIRS-NOAA-20;58,6;27,2;2,7;Nominal;D;0,39;0,37
2026-08-11 13:11;4,63399;-74,94741;VIIRS-NOAA-20;69,9;30,8;25,9;Nominal;D;0,53;0,42
2026-08-11 13:11;4,61949;-75,03967;VIIRS-NOAA-20;57,7;24,6;3,2;Nominal;D;0,54;0,42
2026-08-11 13:11;4,62051;-75,04266;VIIRS-NOAA-20;59,9;25,0;2,8;Nominal;D;0,54;0,42
2026-08-11 13:11;5,49149;-69,74874;VIIRS-NOAA-20;65,2;27,3;4,8;Nominal;D;0,39;0,36
2026-08-11 13:11;5,49483;-69,74924;VIIRS-NOAA-20;61,7;25,8;4,8;Nominal;D;0,39;0,36
2026-08-11 13:11;1,83606;-76,89966;VIIRS-NOAA-20;66,9;20,1;13,0;Nominal;D;0,53;0,5
2026-08-11 13:11;1,83555;-76,9029;VIIRS-NOAA-20;67,9;22,4;14,6;Nominal;D;0,53;0,5
2026-08-11 13:11;1,83622;-76,90208;VIIRS-NOAA-20;73,0;24,7;12,5;Nominal;D;0,53;0,5
2026-08-11 13:11;1,84067;-76,90348;VIIRS-NOAA-20;58,5;26,2;4,8;Nominal;D;0,53;0,5
2026-08-11 13:11;6,20251;-76,05652;VIIRS-NOAA-20;57,9;23,4;2,7;Nominal;D;0,4;0,44
2026-08-11 13:11;9,57726;-73,71939;VIIRS-NOAA-20;69,3;41,9;10,8;Baja;D;0,41;0,37
2026-08-11 13:11;6,39614;-74,95571;VIIRS-NOAA-20;66,0;27,6;9,4;Nominal;D;0,51;0,41
2026-08-11 13:11;6,41098;-74,91175;VIIRS-NOAA-20;60,4;26,7;15,5;Nominal;D;0,5;0,41
2026-08-11 13:11;6,40329;-75,39375;VIIRS-NOAA-20;57,9;26,3;6,9;Nominal;D;0,54;0,42
2026-08-11 13:11;6,53403;-74,82383;VIIRS-NOAA-20;67,0;29,9;7,6;Nominal;D;0,5;0,41
2026-08-11 13:11;6,54836;-74,85301;VIIRS-NOAA-20;63,9;27,6;4,5;Nominal;D;0,5;0,41
2026-08-11 13:11;9,53093;-73,74652;VIIRS-NOAA-20;76,5;44,2;12,8;Nominal;D;0,42;0,37
2026-08-11 13:11;9,61043;-73,24533;VIIRS-NOAA-20;75,2;41,3;15,3;Baja;D;0,4;0,37
2026-08-11 13:11;9,56691;-73,43292;VIIRS-NOAA-20;71,7;42,9;24,3;Baja;D;0,41;0,37
2026-08-11 13:11;9,56236;-73,43972;VIIRS-NOAA-20;73,0;46,5;29,8;Baja;D;0,41;0,37
2026-08-11 13:11;9,56353;-73,43237;VIIRS-NOAA-20;80,5;44,4;24,3;Baja;D;0,41;0,37
2026-08-11 13:11;9,55898;-73,43918;VIIRS-NOAA-20;76,5;39,8;11,2;Baja;D;0,41;0,37
2026-08-11 13:11;9,54111;-73,52325;VIIRS-NOAA-20;70,5;40,6;8,0;Baja;D;0,41;0,37
2026-08-11 13:11;9,53771;-73,52271;VIIRS-NOAA-20;72,5;37,2;8,0;Nominal;D;0,41;0,37
2026-08-11 13:11;9,49665;-73,71822;VIIRS-NOAA-20;75,7;42,6;10,6;Nominal;D;0,41;0,37
2026-08-11 13:11;9,49324;-73,71767;VIIRS-NOAA-20;75,1;42,6;10,6;Nominal;D;0,41;0,37
2026-08-11 13:11;9,4805;-73,75407;VIIRS-NOAA-20;69,2;36,3;3,4;Nominal;D;0,42;0,37
2026-08-11 13:11;9,53509;-73,14191;VIIRS-NOAA-20;64,0;24,9;6,5;Nominal;D;0,4;0,37
2026-08-11 13:11;9,50543;-73,2648;VIIRS-NOAA-20;59,6;33,5;3,9;Nominal;D;0,4;0,37
2026-08-11 13:11;9,48055;-73,29116;VIIRS-NOAA-20;76,9;35,9;5,9;Nominal;D;0,4;0,37
2026-08-11 13:11;6,42189;-75,98192;VIIRS-NOAA-20;70,1;28,3;11,6;Nominal;D;0,39;0,44
2026-08-11 13:11;9,47661;-73,29424;VIIRS-NOAA-20;64,6;36,1;5,9;Baja;D;0,4;0,37
2026-08-11 13:11;6,70726;-74,47066;VIIRS-NOAA-20;60,1;31,1;7,5;Baja;D;0,47;0,4
2026-08-11 13:11;9,4772;-73,29054;VIIRS-NOAA-20;78,4;36,5;5,9;Nominal;D;0,4;0,37
2026-08-11 13:11;6,68576;-74,65054;VIIRS-NOAA-20;70,0;27,3;12,0;Nominal;D;0,48;0,4
2026-08-11 13:11;9,47778;-73,28689;VIIRS-NOAA-20;77,4;37,9;11,8;Nominal;D;0,4;0,37
2026-08-11 13:11;9,47386;-73,28986;VIIRS-NOAA-20;72,5;36,2;8,7;Baja;D;0,4;0,37
2026-08-11 13:11;6,64572;-75,08904;VIIRS-NOAA-20;62,4;25,9;4,1;Nominal;D;0,51;0,41
2026-08-11 13:11;6,90983;-73,58317;VIIRS-NOAA-20;62,7;24,5;12,5;Baja;D;0,43;0,38
2026-08-11 13:11;9,39474;-73,69787;VIIRS-NOAA-20;66,2;37,6;4,5;Baja;D;0,41;0,37
2026-08-11 13:11;9,39729;-73,63701;VIIRS-NOAA-20;74,2;42,9;14,7;Nominal;D;0,41;0,37
2026-08-11 13:11;9,39388;-73,63646;VIIRS-NOAA-20;72,4;43,3;31,9;Nominal;D;0,41;0,37
2026-08-11 13:11;9,39329;-73,64019;VIIRS-NOAA-20;93,9;61,6;78,1;Alta;D;0,41;0,37
2026-08-11 13:11;9,39047;-73,63591;VIIRS-NOAA-20;93,9;53,4;31,9;Baja;D;0,41;0,37
2026-08-11 13:11;6,60558;-75,86122;VIIRS-NOAA-20;60,2;29,6;11,5;Nominal;D;0,57;0,43
2026-08-11 13:11;6,60864;-75,86729;VIIRS-NOAA-20;64,0;34,7;18,3;Baja;D;0,57;0,43
2026-08-11 13:11;9,41003;-73,42264;VIIRS-NOAA-20;70,7;40,3;24,6;Baja;D;0,41;0,37
2026-08-11 13:11;6,60685;-75,87827;VIIRS-NOAA-20;68,5;27,9;8,1;Nominal;D;0,57;0,43
2026-08-11 13:11;9,40491;-73,43314;VIIRS-NOAA-20;77,6;38,5;6,8;Baja;D;0,41;0,37
2026-08-11 13:11;9,40549;-73,42943;VIIRS-NOAA-20;78,5;36,3;6,8;Nominal;D;0,41;0,37
2026-08-11 13:11;9,40607;-73,42577;VIIRS-NOAA-20;78,7;39,1;8,7;Nominal;D;0,41;0,37
2026-08-11 13:11;9,40664;-73,42207;VIIRS-NOAA-20;75,7;41,5;8,7;Baja;D;0,41;0,37
2026-08-11 13:11;9,40722;-73,4184;VIIRS-NOAA-20;82,1;39,6;26,3;Nominal;D;0,41;0,37
2026-08-11 13:11;6,63217;-76,07428;VIIRS-NOAA-20;61,9;24,8;3,0;Nominal;D;0,39;0,44
2026-08-11 13:11;9,3992;-73,44733;VIIRS-NOAA-20;72,6;41,5;16,2;Baja;D;0,41;0,37
2026-08-11 13:11;6,62988;-76,07423;VIIRS-NOAA-20;64,2;26,5;3,0;Nominal;D;0,39;0,44
2026-08-11 13:11;9,40095;-73,43626;VIIRS-NOAA-20;78,9;39,2;12,4;Baja;D;0,41;0,37
2026-08-11 13:11;9,40326;-73,42151;VIIRS-NOAA-20;72,3;36,9;8,7;Nominal;D;0,41;0,37
2026-08-11 13:11;6,95675;-74,13441;VIIRS-NOAA-20;61,2;29,8;4,2;Nominal;D;0,45;0,39
2026-08-11 13:11;6,9068;-74,60429;VIIRS-NOAA-20;57,9;28,8;3,1;Nominal;D;0,48;0,4
2026-08-11 13:11;9,39524;-73,45048;VIIRS-NOAA-20;69,3;36,6;7,0;Baja;D;0,41;0,37
2026-08-11 13:11;6,88951;-74,71134;VIIRS-NOAA-20;65,8;30,9;9,7;Nominal;D;0,49;0,4
2026-08-11 13:11;9,39582;-73,44678;VIIRS-NOAA-20;70,3;35,9;4,4;Baja;D;0,41;0,37
2026-08-11 13:11;9,39698;-73,4394;VIIRS-NOAA-20;66,2;37,6;3,8;Baja;D;0,41;0,37
2026-08-11 13:11;9,39756;-73,43568;VIIRS-NOAA-20;66,8;35,7;3,8;Baja;D;0,41;0,37
2026-08-11 13:11;6,90385;-74,8336;VIIRS-NOAA-20;56,9;26,6;2,7;Nominal;D;0,49;0,4
2026-08-11 13:11;9,39815;-73,43198;VIIRS-NOAA-20;70,1;36,6;6,7;Baja;D;0,41;0,37
2026-08-11 13:11;9,39243;-73,44624;VIIRS-NOAA-20;67,2;37,2;4,4;Baja;D;0,41;0,37
2026-08-11 13:11;9,3936;-73,43881;VIIRS-NOAA-20;81,2;39,9;3,8;Nominal;D;0,41;0,37
2026-08-11 13:11;6,93399;-74,6921;VIIRS-NOAA-20;57,0;28,6;3,1;Nominal;D;0,48;0,4
2026-08-11 13:11;9,39418;-73,43513;VIIRS-NOAA-20;65,9;38,0;3,8;Baja;D;0,41;0,37
2026-08-11 13:11;6,93697;-74,697;VIIRS-NOAA-20;61,6;30,0;3,1;Nominal;D;0,48;0,4
2026-08-11 13:11;9,39881;-73,40572;VIIRS-NOAA-20;69,1;39,9;13,5;Baja;D;0,41;0,37
2026-08-11 13:11;9,39939;-73,40206;VIIRS-NOAA-20;82,3;41,9;8,4;Nominal;D;0,41;0,37
2026-08-11 13:11;9,39996;-73,39841;VIIRS-NOAA-20;62,7;35,2;8,4;Baja;D;0,41;0,37
2026-08-11 13:11;9,396;-73,4015;VIIRS-NOAA-20;71,1;39,3;6,6;Nominal;D;0,41;0,37
2026-08-11 13:11;9,39658;-73,39784;VIIRS-NOAA-20;82,9;40,1;6,6;Nominal;D;0,41;0,37
2026-08-11 13:11;9,374;-73,519;VIIRS-NOAA-20;74,5;40,7;6,4;Baja;D;0,41;0,37
2026-08-11 13:11;9,38391;-73,4562;VIIRS-NOAA-20;72,0;38,3;16,3;Baja;D;0,41;0,37
2026-08-11 13:11;9,3932;-73,39729;VIIRS-NOAA-20;69,1;36,5;6,6;Baja;D;0,41;0,37
2026-08-11 13:11;9,39378;-73,39362;VIIRS-NOAA-20;67,0;37,4;3,5;Baja;D;0,41;0,37
2026-08-11 13:11;9,39435;-73,38996;VIIRS-NOAA-20;70,0;37,5;3,5;Baja;D;0,41;0,37
2026-08-11 13:11;6,83728;-75,74786;VIIRS-NOAA-20;57,4;23,4;5,4;Nominal;D;0,56;0,43
2026-08-11 13:11;9,38481;-73,38452;VIIRS-NOAA-20;77,4;41,0;6,8;Nominal;D;0,41;0,37
2026-08-11 13:11;9,38539;-73,38087;VIIRS-NOAA-20;71,9;37,1;6,8;Nominal;D;0,41;0,37
2026-08-11 13:11;7,11513;-74,70652;VIIRS-NOAA-20;58,6;28,0;6,9;Nominal;D;0,48;0,4
2026-08-11 13:11;9,36979;-73,45762;VIIRS-NOAA-20;68,8;40,0;7,8;Baja;D;0,41;0,37
2026-08-11 13:11;5,21225;-75,70338;VIIRS-NOAA-20;57,2;28,0;2,6;Baja;D;0,39;0,44
2026-08-11 13:11;6,02553;-70,9752;VIIRS-NOAA-20;72,9;23,5;3,6;Nominal;D;0,38;0,36
2026-08-11 13:11;6,02883;-70,97572;VIIRS-NOAA-20;65,4;23,7;3,6;Nominal;D;0,38;0,36
2026-08-11 13:11;5,51683;-74,99467;VIIRS-NOAA-20;58,4;26,4;3,8;Nominal;D;0,52;0,42
2026-08-11 13:11;6,30567;-70,11002;VIIRS-NOAA-20;70,7;25,7;5,8;Nominal;D;0,39;0,36
2026-08-11 13:11;6,3267;-70,106;VIIRS-NOAA-20;63,1;23,5;1,9;Nominal;D;0,39;0,36
2026-08-11 13:11;5,54523;-75,15849;VIIRS-NOAA-20;64,9;32,3;50,5;Nominal;D;0,53;0,42
2026-08-11 13:11;6,35249;-69,98025;VIIRS-NOAA-20;58,3;24,5;3,0;Nominal;D;0,39;0,36
2026-08-11 13:11;6,35689;-69,97369;VIIRS-NOAA-20;62,6;20,7;2,1;Nominal;D;0,39;0,36
2026-08-11 13:11;5,62624;-74,74704;VIIRS-NOAA-20;75,2;33,3;6,8;Nominal;D;0,51;0,41
2026-08-11 13:11;5,62553;-74,75153;VIIRS-NOAA-20;58,2;30,5;6,8;Nominal;D;0,51;0,41
2026-08-11 13:11;6,36638;-69,97871;VIIRS-NOAA-20;72,8;28,6;22,9;Nominal;D;0,39;0,36
2026-08-11 13:11;6,36584;-69,98225;VIIRS-NOAA-20;77,7;27,6;22,9;Nominal;D;0,39;0,36
2026-08-11 13:11;5,69455;-74,36181;VIIRS-NOAA-20;72,2;29,1;10,3;Nominal;D;0,48;0,4
2026-08-11 13:11;5,75599;-74,47033;VIIRS-NOAA-20;58,2;32,9;3,4;Baja;D;0,49;0,4
2026-08-11 13:11;5,86942;-74,03381;VIIRS-NOAA-20;64,5;26,3;8,7;Nominal;D;0,46;0,39
2026-08-11 13:11;5,72998;-74,97372;VIIRS-NOAA-20;66,5;29,1;23,8;Nominal;D;0,52;0,41
2026-08-11 13:11;5,87134;-74,03328;VIIRS-NOAA-20;64,8;25,4;7,8;Nominal;D;0,46;0,39
2026-08-11 13:11;5,72925;-74,97663;VIIRS-NOAA-20;66,3;28,5;23,5;Nominal;D;0,52;0,41
2026-08-11 13:11;9,89567;-73,46041;VIIRS-NOAA-20;38,8;43,4;49,9;Baja;D;0,4;0,37
2026-08-11 13:11;9,89683;-73,45309;VIIRS-NOAA-20;71,1;42,3;13,3;Nominal;D;0,4;0,37
2026-08-11 13:11;9,89625;-73,45675;VIIRS-NOAA-20;93,9;67,4;49,9;Alta;D;0,4;0,37
2026-08-11 13:11;9,89287;-73,45621;VIIRS-NOAA-20;77,6;39,2;49,9;Nominal;D;0,4;0,37
2026-08-11 13:11;9,62541;-75,04045;VIIRS-NOAA-20;58,1;28,1;7,5;Baja;D;0,47;0,4
2026-08-11 13:11;5,92837;-74,18492;VIIRS-NOAA-20;61,8;28,6;7,2;Nominal;D;0,47;0,4
2026-08-11 13:11;9,6261;-75,03627;VIIRS-NOAA-20;61,8;27,8;7,5;Baja;D;0,47;0,4
2026-08-11 13:11;5,79274;-75,09007;VIIRS-NOAA-20;63,9;28,2;5,9;Nominal;D;0,53;0,42
2026-08-11 13:11;9,6248;-75,03698;VIIRS-NOAA-20;70,9;29,1;15,0;Nominal;D;0,47;0,4
2026-08-11 13:11;5,94869;-74,55288;VIIRS-NOAA-20;70,2;34,9;8,4;Nominal;D;0,49;0,4
2026-08-11 13:11;9,65749;-74,74032;VIIRS-NOAA-20;66,1;30,6;10,4;Nominal;D;0,45;0,39
2026-08-11 13:11;5,90699;-74,933;VIIRS-NOAA-20;58,7;27,9;3,4;Nominal;D;0,51;0,41
2026-08-11 13:11;5,86171;-75,48988;VIIRS-NOAA-20;62,2;31,7;7,2;Nominal;D;0,55;0,43
2026-08-11 13:11;5,86548;-75,49137;VIIRS-NOAA-20;62,0;32,9;7,2;Nominal;D;0,55;0,43
2026-08-11 13:11;9,63828;-74,79183;VIIRS-NOAA-20;62,8;34,4;4,3;Baja;D;0,46;0,39
2026-08-11 13:11;5,86168;-75,49284;VIIRS-NOAA-20;69,7;33,6;9,4;Nominal;D;0,55;0,43
2026-08-11 13:11;9,73865;-74,1626;VIIRS-NOAA-20;62,5;36,7;2,6;Baja;D;0,43;0,38
2026-08-11 13:11;9,90119;-73,08436;VIIRS-NOAA-20;75,3;41,7;49,1;Nominal;D;0,4;0,37
2026-08-11 13:11;5,86546;-75,49419;VIIRS-NOAA-20;65,1;33,1;7,1;Nominal;D;0,55;0,43
2026-08-11 13:11;9,89842;-73,08015;VIIRS-NOAA-20;73,5;36,1;7,8;Nominal;D;0,4;0,37
2026-08-11 13:11;5,71546;-76,65638;VIIRS-NOAA-20;67,2;20,8;4,1;Nominal;D;0,44;0,46
2026-08-11 13:11;9,61258;-74,72455;VIIRS-NOAA-20;65,3;32,2;3,6;Nominal;D;0,45;0,39
2026-08-11 13:11;6,03851;-74,83665;VIIRS-NOAA-20;58,9;26,6;2,8;Nominal;D;0,51;0,41
2026-08-11 13:11;9,63879;-74,56251;VIIRS-NOAA-20;64,4;34,5;11,6;Baja;D;0,44;0,39
2026-08-11 13:11;9,69726;-73,53704;VIIRS-NOAA-20;78,9;43,0;11,7;Nominal;D;0,41;0,37
2026-08-11 13:11;6,15514;-74,76273;VIIRS-NOAA-20;62,9;31,3;5,7;Nominal;D;0,5;0,41
2026-08-11 13:11;9,69784;-73,53336;VIIRS-NOAA-20;67,7;38,7;5,0;Baja;D;0,41;0,37
2026-08-11 13:11;9,69329;-73,54018;VIIRS-NOAA-20;81,7;45,7;21,9;Nominal;D;0,41;0,37
2026-08-11 13:11;6,302;-74,24168;VIIRS-NOAA-20;61,2;29,4;3,8;Nominal;D;0,47;0,39
2026-08-11 13:11;9,69387;-73,53649;VIIRS-NOAA-20;77,5;48,6;21,9;Nominal;D;0,41;0,37
2026-08-11 13:11;6,30656;-74,25938;VIIRS-NOAA-20;58,3;30,8;3,0;Nominal;D;0,47;0,4
2026-08-11 13:11;9,69445;-73,53281;VIIRS-NOAA-20;75,8;45,2;5,4;Nominal;D;0,41;0,37
2026-08-11 13:11;9,69503;-73,52912;VIIRS-NOAA-20;69,8;42,8;5,4;Baja;D;0,41;0,37
2026-08-11 13:11;9,69562;-73,52544;VIIRS-NOAA-20;74,9;47,3;12,1;Baja;D;0,41;0,37
2026-08-11 13:11;9,6899;-73,53963;VIIRS-NOAA-20;66,7;37,6;21,9;Baja;D;0,41;0,37
2026-08-11 13:11;9,69106;-73,53226;VIIRS-NOAA-20;66,9;39,0;5,4;Baja;D;0,41;0,37
2026-08-11 13:11;9,46861;-74,82785;VIIRS-NOAA-20;56,9;31,1;2,7;Baja;D;0,46;0,39
2026-08-11 13:11;6,54259;-72,94831;VIIRS-NOAA-20;93,9;54,5;65,8;Alta;D;0,41;0,37
2026-08-11 13:11;6,54317;-72,94462;VIIRS-NOAA-20;60,3;25,1;65,8;Nominal;D;0,41;0,37
2026-08-11 13:11;6,12903;-75,94501;VIIRS-NOAA-20;66,5;25,4;12,0;Nominal;D;0,39;0,44
2026-08-11 13:11;9,62007;-73,69181;VIIRS-NOAA-20;71,2;39,4;9,0;Baja;D;0,41;0,37
2026-08-11 13:11;6,12845;-75,94853;VIIRS-NOAA-20;56,8;28,1;13,5;Nominal;D;0,39;0,44
2026-08-11 13:11;9,71203;-73,10114;VIIRS-NOAA-20;71,6;34,9;8,6;Baja;D;0,4;0,37
2026-08-11 13:13;10,27886;-74,39668;VIIRS-NOAA-20;64,3;38,1;5,8;Baja;D;0,43;0,38
2026-08-11 13:13;10,84042;-74,68584;VIIRS-NOAA-20;57,8;30,9;2,6;Baja;D;0,44;0,38
2026-08-11 13:13;10,2795;-74,39277;VIIRS-NOAA-20;72,6;39,4;5,8;Baja;D;0,43;0,38
2026-08-11 13:13;11,12688;-73,00163;VIIRS-NOAA-20;71,6;37,0;6,5;Baja;D;0,39;0,36
2026-08-11 13:13;10,26275;-74,19575;VIIRS-NOAA-20;64,2;38,6;12,5;Baja;D;0,42;0,38
2026-08-11 13:13;11,16934;-72,92525;VIIRS-NOAA-20;69,4;35,5;7,4;Baja;D;0,39;0,36
2026-08-11 13:13;11,17321;-72,92225;VIIRS-NOAA-20;69,3;43,1;46,0;Baja;D;0,39;0,36
2026-08-11 13:13;10,28643;-73,98055;VIIRS-NOAA-20;65,0;32,3;3,0;Baja;D;0,42;0,37
2026-08-11 13:13;11,17055;-73,09212;VIIRS-NOAA-20;64,3;30,7;4,5;Baja;D;0,39;0,36
2026-08-11 13:13;10,08377;-74,96751;VIIRS-NOAA-20;65,3;31,2;5,0;Nominal;D;0,46;0,39
2026-08-11 13:13;11,17716;-73,07153;VIIRS-NOAA-20;61,2;31,1;1,8;Baja;D;0,39;0,36
2026-08-11 13:13;11,17662;-73,07502;VIIRS-NOAA-20;79,8;34,4;15,9;Nominal;D;0,39;0,36
2026-08-11 13:13;11,18048;-73,0721;VIIRS-NOAA-20;57,7;32,0;1,8;Baja;D;0,39;0,36
2026-08-11 13:13;10,04739;-73,82974;VIIRS-NOAA-20;62,9;32,9;4,5;Nominal;D;0,41;0,37
2026-08-11 13:13;11,17829;-73,08616;VIIRS-NOAA-20;68,3;36,7;138,6;Baja;D;0,39;0,36
2026-08-11 13:13;11,17773;-73,08975;VIIRS-NOAA-20;80,7;36,8;115,3;Baja;D;0,39;0,36
2026-08-11 13:13;9,81462;-75,20885;VIIRS-NOAA-20;69,5;25,5;16,1;Nominal;D;0,47;0,4
2026-08-11 13:13;9,84618;-74,94264;VIIRS-NOAA-20;64,4;28,1;4,3;Nominal;D;0,46;0,39
2026-08-11 13:13;11,1816;-73,08679;VIIRS-NOAA-20;67,1;32,8;3,6;Baja;D;0,39;0,36
2026-08-11 13:13;9,7807;-75,23412;VIIRS-NOAA-20;67,9;32,0;10,9;Baja;D;0,48;0,4
2026-08-11 13:13;11,21197;-73,00098;VIIRS-NOAA-20;63,2;33,7;1,8;Baja;D;0,39;0,36
2026-08-11 13:13;11,20208;-73,13036;VIIRS-NOAA-20;64,2;34,6;3,5;Baja;D;0,39;0,36
2026-08-11 13:13;11,20541;-73,13092;VIIRS-NOAA-20;64,6;34,2;3,5;Baja;D;0,39;0,36
2026-08-11 13:13;11,22036;-73,12241;VIIRS-NOAA-20;62,7;34,9;3,2;Baja;D;0,39;0,36
2026-08-11 13:13;11,29142;-72,70642;VIIRS-NOAA-20;71,8;38,1;4,6;Nominal;D;0,39;0,36
2026-08-11 13:13;10,2953;-74,33937;VIIRS-NOAA-20;63,8;36,4;4,2;Baja;D;0,43;0,38
2026-08-11 13:13;10,24112;-74,65015;VIIRS-NOAA-20;64,1;36,7;4,7;Baja;D;0,44;0,39
2026-08-11 13:13;10,46359;-73,65871;VIIRS-NOAA-20;59,7;28,8;8,1;Nominal;D;0,41;0,37
2026-08-11 13:13;10,46302;-73,66236;VIIRS-NOAA-20;62,4;33,9;8,1;Nominal;D;0,41;0,37
2026-08-11 13:13;10,43924;-73,85754;VIIRS-NOAA-20;62,4;29,6;6,7;Nominal;D;0,41;0,37
2026-08-11 13:13;10,47066;-73,70202;VIIRS-NOAA-20;60,4;22,2;4,0;Nominal;D;0,41;0,37
2026-08-11 13:13;10,38655;-75,40529;VIIRS-NOAA-20;65,0;30,9;9,0;Baja;D;0,48;0,4
2026-08-11 13:13;10,45162;-75,05136;VIIRS-NOAA-20;61,3;30,3;6,9;Baja;D;0,46;0,39
2026-08-11 13:13;10,45406;-75,08165;VIIRS-NOAA-20;60,5;29,8;6,8;Baja;D;0,46;0,39
2026-08-11 13:13;10,46346;-75,09177;VIIRS-NOAA-20;73,1;29,7;7,6;Baja;D;0,46;0,39
2026-08-11 13:13;10,46704;-75,09236;VIIRS-NOAA-20;65,2;30,2;7,6;Baja;D;0,46;0,39
2026-08-11 13:13;10,47464;-75,06798;VIIRS-NOAA-20;58,6;32,0;3,5;Baja;D;0,46;0,39
2026-08-11 13:13;10,46818;-75,34266;VIIRS-NOAA-20;59,2;28,3;1,7;Nominal;D;0,47;0,4
2026-08-11 13:13;11,0257;-72,58056;VIIRS-NOAA-20;67,0;34,5;3,0;Nominal;D;0,39;0,36
2026-08-11 13:13;10,19847;-73,78419;VIIRS-NOAA-20;72,9;37,2;29,2;Nominal;D;0,41;0,37
2026-08-11 13:13;10,66299;-75,24844;VIIRS-NOAA-20;68,0;31,9;4,3;Baja;D;0,47;0,39
2026-08-11 13:13;10,80741;-74,6235;VIIRS-NOAA-20;62,0;31,2;5,4;Nominal;D;0,44;0,38
2026-08-11 13:13;10,80677;-74,62745;VIIRS-NOAA-20;58,1;30,8;5,4;Nominal;D;0,44;0,38
2026-08-11 13:13;10,83692;-74,68526;VIIRS-NOAA-20;74,6;30,4;5,1;Nominal;D;0,44;0,38
2026-08-11 13:13;10,21946;-73,87231;VIIRS-NOAA-20;74,8;37,7;13,2;Nominal;D;0,41;0,37
2026-08-11 13:13;10,22288;-73,87273;VIIRS-NOAA-20;63,6;32,5;4,8;Nominal;D;0,41;0,37
2026-08-11 13:13;10,23488;-73,8853;VIIRS-NOAA-20;62,5;32,5;3,0;Nominal;D;0,41;0,37
2026-08-11 13:13;10,05783;-75,00143;VIIRS-NOAA-20;58,6;31,8;5,2;Baja;D;0,46;0,39
2026-08-11 13:53;1,9288;-77,16084;VIIRS-NOAA-21;70,1;36,7;7,8;Nominal;D;0,42;0,45
2026-08-11 13:53;1,90085;-77,20645;VIIRS-NOAA-21;78,7;38,9;18,0;Nominal;D;0,42;0,45
2026-08-11 13:53;1,89671;-77,20591;VIIRS-NOAA-21;82,4;41,0;18,0;Nominal;D;0,42;0,45
2026-08-11 13:53;1,89139;-77,04076;VIIRS-NOAA-21;80,9;39,2;28,3;Nominal;D;0,43;0,46
2026-08-11 13:53;1,89384;-77,04199;VIIRS-NOAA-21;82,9;38,0;10,7;Nominal;D;0,43;0,46
2026-08-11 13:53;1,88966;-77,04144;VIIRS-NOAA-21;72,0;32,9;10,7;Nominal;D;0,43;0,46
2026-08-11 13:53;1,70636;-77,50043;VIIRS-NOAA-21;65,0;27,3;5,2;Nominal;D;0,4;0,44
2026-08-11 13:53;1,45485;-77,53835;VIIRS-NOAA-21;68,8;35,3;75,5;Nominal;D;0,39;0,44
2026-08-11 13:53;1,45043;-77,54043;VIIRS-NOAA-21;93,9;66,4;84,0;Baja;D;0,39;0,44
2026-08-11 13:53;1,44991;-77,54388;VIIRS-NOAA-21;62,7;28,2;27,9;Nominal;D;0,39;0,44
2026-08-11 13:53;1,45097;-77,5369;VIIRS-NOAA-21;70,2;35,8;84,0;Nominal;D;0,39;0,44
2026-08-11 13:53;1,446;-77,54261;VIIRS-NOAA-21;68,7;32,1;27,9;Nominal;D;0,39;0,44
2026-08-11 13:53;1,44653;-77,53914;VIIRS-NOAA-21;80,7;43,0;84,0;Nominal;D;0,39;0,44
2026-08-11 13:53;1,44706;-77,53563;VIIRS-NOAA-21;82,0;37,1;84,0;Nominal;D;0,39;0,44
2026-08-11 13:53;1,44192;-77,54251;VIIRS-NOAA-21;59,4;21,0;2,9;Nominal;D;0,39;0,44
2026-08-11 13:53;1,44243;-77,53918;VIIRS-NOAA-21;64,3;25,3;11,0;Nominal;D;0,39;0,44
2026-08-11 13:53;1,44296;-77,53568;VIIRS-NOAA-21;76,2;35,9;11,0;Nominal;D;0,39;0,44
2026-08-11 13:53;1,4435;-77,53212;VIIRS-NOAA-21;74,9;38,4;14,3;Nominal;D;0,39;0,44
2026-08-11 13:53;1,44401;-77,5287;VIIRS-NOAA-21;68,6;31,9;14,3;Nominal;D;0,39;0,44
2026-08-11 13:53;1,43986;-77,52911;VIIRS-NOAA-21;77,0;37,2;14,3;Nominal;D;0,39;0,44
2026-08-11 13:53;1,44034;-77,52595;VIIRS-NOAA-21;71,1;34,3;7,7;Nominal;D;0,39;0,44
2026-08-11 13:53;1,43931;-77,53272;VIIRS-NOAA-21;93,9;36,5;14,3;Alta;D;0,39;0,44
2026-08-11 13:53;1,43567;-77,52975;VIIRS-NOAA-21;76,8;33,3;9,5;Nominal;D;0,39;0,44
2026-08-11 13:53;1,43619;-77,5263;VIIRS-NOAA-21;93,9;39,4;21,8;Alta;D;0,39;0,44
2026-08-11 13:53;1,43147;-77,53042;VIIRS-NOAA-21;73,2;33,6;9,5;Nominal;D;0,39;0,44
2026-08-11 13:53;1,43204;-77,52668;VIIRS-NOAA-21;73,7;38,0;21,8;Nominal;D;0,39;0,44
2026-08-11 13:53;1,89757;-74,21289;VIIRS-NOAA-21;93,9;22,6;12,9;Alta;D;0,33;0,56
2026-08-11 13:53;1,8925;-74,21207;VIIRS-NOAA-21;93,9;21,1;7,4;Alta;D;0,33;0,56
2026-08-11 13:53;1,40025;-77,492;VIIRS-NOAA-21;68,0;33,1;15,0;Nominal;D;0,39;0,44
2026-08-11 13:53;1,39964;-77,49617;VIIRS-NOAA-21;93,9;38,8;15,0;Alta;D;0,39;0,44
2026-08-11 13:53;1,39504;-77,49953;VIIRS-NOAA-21;64,8;13,7;12,7;Nominal;D;0,39;0,44
2026-08-11 13:53;2,06698;-72,90076;VIIRS-NOAA-21;58,1;19,1;3,1;Nominal;D;0,42;0,61
2026-08-11 13:53;1,39556;-77,49604;VIIRS-NOAA-21;93,9;41,5;15,0;Alta;D;0,39;0,44
2026-08-11 13:53;1,39149;-77,4958;VIIRS-NOAA-21;74,6;33,7;10,7;Nominal;D;0,39;0,44
2026-08-11 13:53;1,38742;-77,49564;VIIRS-NOAA-21;68,1;36,7;10,7;Nominal;D;0,39;0,44
2026-08-11 13:53;1,38999;-77,49524;VIIRS-NOAA-21;70,1;36,0;19,8;Nominal;D;0,39;0,44
2026-08-11 13:53;1,38536;-77,49858;VIIRS-NOAA-21;63,8;12,5;9,8;Nominal;D;0,39;0,44
2026-08-11 13:53;2,06782;-72,90086;VIIRS-NOAA-21;57,8;19,3;1,8;Nominal;D;0,42;0,61
2026-08-11 13:53;1,86268;-74,17841;VIIRS-NOAA-21;59,1;19,6;3,9;Nominal;D;0,34;0,56
2026-08-11 13:53;1,85714;-74,18062;VIIRS-NOAA-21;59,9;19,5;3,9;Nominal;D;0,34;0,56
2026-08-11 13:53;1,29332;-77,62032;VIIRS-NOAA-21;64,4;20,4;3,5;Nominal;D;0,39;0,44
2026-08-11 13:53;1,28885;-77,62305;VIIRS-NOAA-21;65,2;22,9;4,8;Nominal;D;0,39;0,44
2026-08-11 13:53;1,27328;-77,5358;VIIRS-NOAA-21;70,9;27,4;8,5;Nominal;D;0,39;0,44
2026-08-11 13:53;1,27133;-77,53403;VIIRS-NOAA-21;93,9;34,7;17,0;Alta;D;0,39;0,44
2026-08-11 13:53;1,26649;-77,53884;VIIRS-NOAA-21;67,2;18,5;8,3;Nominal;D;0,39;0,44
2026-08-11 13:53;1,26727;-77,53381;VIIRS-NOAA-21;70,3;17,3;8,3;Nominal;D;0,39;0,44
2026-08-11 13:53;4,41331;-69,86642;VIIRS-NOAA-21;58,4;18,1;9,8;Nominal;D;0,73;0,76
2026-08-11 13:53;3,52833;-76,14909;VIIRS-NOAA-21;63,4;28,0;5,3;Nominal;D;0,52;0,5
2026-08-11 13:53;3,52697;-76,15058;VIIRS-NOAA-21;65,1;28,6;5,0;Nominal;D;0,52;0,5
2026-08-11 13:53;4,46363;-69,7662;VIIRS-NOAA-21;55,1;17,8;6,4;Nominal;D;0,75;0,77
2026-08-11 13:53;4,41395;-69,86591;VIIRS-NOAA-21;60,2;18,3;9,1;Nominal;D;0,73;0,76
2026-08-11 13:53;3,90528;-72,9344;VIIRS-NOAA-21;67,8;18,1;6,0;Nominal;D;0,44;0,62
2026-08-11 13:53;3,90298;-72,934;VIIRS-NOAA-21;69,1;18,0;6,5;Nominal;D;0,44;0,62
2026-08-11 13:53;4,06442;-70,9715;VIIRS-NOAA-21;55,8;16,1;5,3;Nominal;D;0,61;0,71
2026-08-11 13:53;4,00894;-71,26521;VIIRS-NOAA-21;62,3;16,6;11,2;Nominal;D;0,58;0,7
2026-08-11 13:53;3,84769;-72,16891;VIIRS-NOAA-21;56,0;17,6;7,3;Nominal;D;0,5;0,66
2026-08-11 13:53;3,15822;-76,69192;VIIRS-NOAA-21;60,5;26,8;3,5;Nominal;D;0,47;0,48
2026-08-11 13:53;3,30976;-75,64664;VIIRS-NOAA-21;65,5;23,5;11,4;Nominal;D;0,56;0,51
2026-08-11 13:53;3,17206;-76,44092;VIIRS-NOAA-21;67,4;31,5;4,3;Nominal;D;0,49;0,49
2026-08-11 13:53;3,15009;-76,5892;VIIRS-NOAA-21;62,7;30,7;3,5;Nominal;D;0,48;0,48
2026-08-11 13:53;3,12383;-76,58508;VIIRS-NOAA-21;61,3;30,1;3,4;Nominal;D;0,48;0,48
2026-08-11 13:53;3,13704;-76,40589;VIIRS-NOAA-21;71,0;29,7;7,5;Nominal;D;0,49;0,49
2026-08-11 13:53;3,14567;-76,31715;VIIRS-NOAA-21;68,9;35,0;7,5;Nominal;D;0,5;0,49
2026-08-11 13:53;3,13543;-76,32467;VIIRS-NOAA-21;67,4;32,8;5,0;Nominal;D;0,5;0,49
2026-08-11 13:53;3,11547;-76,39835;VIIRS-NOAA-21;64,2;34,8;7,6;Baja;D;0,49;0,49
2026-08-11 13:53;2,95067;-76,35811;VIIRS-NOAA-21;82,5;32,7;21,6;Nominal;D;0,49;0,49
2026-08-11 13:53;3,65358;-71,59853;VIIRS-NOAA-21;57,3;16,9;6,3;Nominal;D;0,54;0,68
2026-08-11 13:53;2,94025;-76,24524;VIIRS-NOAA-21;67,5;32,5;7,4;Nominal;D;0,5;0,49
2026-08-11 13:53;2,93641;-76,24033;VIIRS-NOAA-21;66,8;29,9;5,8;Nominal;D;0,5;0,49
2026-08-11 13:53;2,84555;-76,76289;VIIRS-NOAA-21;66,5;28,3;17,4;Nominal;D;0,46;0,47
2026-08-11 13:53;2,84066;-76,76615;VIIRS-NOAA-21;70,1;33,6;15,6;Nominal;D;0,46;0,47
2026-08-11 13:53;2,87192;-76,55405;VIIRS-NOAA-21;67,6;31,4;7,2;Nominal;D;0,48;0,48
2026-08-11 13:53;3,42444;-72,71793;VIIRS-NOAA-21;64,1;13,5;7,8;Nominal;D;0,45;0,63
2026-08-11 13:53;3,42501;-72,71391;VIIRS-NOAA-21;67,7;13,4;7,3;Nominal;D;0,45;0,63
2026-08-11 13:53;3,56083;-71,67393;VIIRS-NOAA-21;61,0;17,5;5,3;Nominal;D;0,53;0,67
2026-08-11 13:53;3,52232;-71,9025;VIIRS-NOAA-21;60,9;17,7;4,2;Nominal;D;0,51;0,66
2026-08-11 13:53;0,54481;-76,63239;VIIRS-NOAA-21;65,5;20,6;4,6;Nominal;D;0,44;0,46
2026-08-11 13:53;0,54438;-76,62921;VIIRS-NOAA-21;66,4;20,9;5,6;Nominal;D;0,44;0,46
2026-08-11 13:53;0,20821;-75,92326;VIIRS-NOAA-21;67,6;19,3;10,0;Nominal;D;0,48;0,48
2026-08-11 13:53;3,13769;-76,40151;VIIRS-NOAA-21;67,1;28,3;7,5;Nominal;D;0,49;0,49
2026-08-11 13:53;2,85304;-76,4377;VIIRS-NOAA-21;66,2;29,6;3,8;Nominal;D;0,49;0,48
2026-08-11 13:53;2,8529;-76,43903;VIIRS-NOAA-21;64,8;30,0;5,3;Nominal;D;0,49;0,48
2026-08-11 13:53;3,40535;-72,67899;VIIRS-NOAA-21;56,3;17,2;3,3;Nominal;D;0,45;0,63
2026-08-11 13:53;2,77836;-76,84113;VIIRS-NOAA-21;59,6;23,1;3,4;Nominal;D;0,46;0,47
2026-08-11 13:53;2,79322;-76,47698;VIIRS-NOAA-21;62,4;29,7;2,1;Nominal;D;0,48;0,48
2026-08-11 13:53;2,72999;-76,84295;VIIRS-NOAA-21;73,9;29,8;15,3;Nominal;D;0,46;0,47
2026-08-11 13:53;2,72257;-76,65379;VIIRS-NOAA-21;72,1;29,8;6,4;Nominal;D;0,47;0,48
2026-08-11 13:53;3,31512;-72,44376;VIIRS-NOAA-21;63,7;18,0;5,5;Nominal;D;0,47;0,64
2026-08-11 13:53;3,31546;-72,44353;VIIRS-NOAA-21;66,9;17,7;6,4;Nominal;D;0,47;0,64
2026-08-11 13:53;2,53867;-77,0246;VIIRS-NOAA-21;58,8;19,0;4,1;Nominal;D;0,44;0,46
2026-08-11 13:53;2,60369;-76,57516;VIIRS-NOAA-21;65,4;27,0;7,6;Nominal;D;0,47;0,48
2026-08-11 13:53;2,53802;-77,02553;VIIRS-NOAA-21;59,1;21,6;4,1;Nominal;D;0,44;0,46
2026-08-11 13:53;2,60702;-76,5731;VIIRS-NOAA-21;66,2;29,1;6,1;Nominal;D;0,47;0,48
2026-08-11 13:53;2,57844;-76,37635;VIIRS-NOAA-21;78,7;28,6;24,5;Nominal;D;0,49;0,48
2026-08-11 13:53;2,53378;-76,40495;VIIRS-NOAA-21;62,4;24,2;12,7;Nominal;D;0,48;0,48
2026-08-11 13:53;2,53322;-76,40591;VIIRS-NOAA-21;70,1;26,7;12,3;Nominal;D;0,48;0,48
2026-08-11 13:53;2,37428;-76,75713;VIIRS-NOAA-21;64,0;26,7;3,4;Nominal;D;0,46;0,47
2026-08-11 13:53;2,39614;-76,60732;VIIRS-NOAA-21;77,7;31,5;15,1;Nominal;D;0,47;0,47
2026-08-11 13:53;2,37116;-76,75692;VIIRS-NOAA-21;62,5;28,0;3,6;Nominal;D;0,45;0,47
2026-08-11 13:53;2,39408;-76,60755;VIIRS-NOAA-21;58,4;25,9;5,5;Nominal;D;0,47;0,47
2026-08-11 13:53;2,2728;-77,17613;VIIRS-NOAA-21;58,0;18,7;3,7;Nominal;D;0,43;0,46
2026-08-11 13:53;2,22857;-77,07247;VIIRS-NOAA-21;67,9;29,7;21,6;Nominal;D;0,43;0,46
2026-08-11 13:53;2,95279;-71,79623;VIIRS-NOAA-21;57,3;17,6;3,9;Nominal;D;0,51;0,66
2026-08-11 13:53;2,91686;-71,9155;VIIRS-NOAA-21;60,8;16,1;6,8;Nominal;D;0,5;0,66
2026-08-11 13:53;2,16681;-76,9608;VIIRS-NOAA-21;62,2;31,0;6,3;Nominal;D;0,44;0,46
2026-08-11 13:53;2,1024;-77,16507;VIIRS-NOAA-21;69,2;34,9;4,8;Nominal;D;0,42;0,45
2026-08-11 13:53;2,13138;-76,96763;VIIRS-NOAA-21;76,0;36,8;55,0;Nominal;D;0,44;0,46
2026-08-11 13:53;2,12659;-76,97102;VIIRS-NOAA-21;78,4;33,8;62,8;Nominal;D;0,44;0,46
2026-08-11 13:53;2,12774;-76,96314;VIIRS-NOAA-21;68,5;39,1;64,8;Nominal;D;0,44;0,46
2026-08-11 13:53;2,12716;-76,96708;VIIRS-NOAA-21;93,9;59,3;62,8;Alta;D;0,44;0,46
2026-08-11 13:53;2,12239;-76,97032;VIIRS-NOAA-21;69,1;33,5;62,8;Nominal;D;0,44;0,46
2026-08-11 13:53;2,12297;-76,96637;VIIRS-NOAA-21;79,7;38,8;62,8;Nominal;D;0,44;0,46
2026-08-11 13:53;2,12354;-76,96243;VIIRS-NOAA-21;80,7;42,0;64,8;Nominal;D;0,44;0,46
2026-08-11 13:53;2,12411;-76,95856;VIIRS-NOAA-21;71,5;45,2;64,8;Nominal;D;0,44;0,46
2026-08-11 13:53;2,1182;-76,96958;VIIRS-NOAA-21;71,5;34,9;23,0;Nominal;D;0,44;0,46
2026-08-11 13:53;2,11934;-76,96172;VIIRS-NOAA-21;75,1;33,4;10,8;Nominal;D;0,44;0,46
2026-08-11 13:53;2,11991;-76,95785;VIIRS-NOAA-21;69,3;32,6;10,8;Nominal;D;0,44;0,46
2026-08-11 13:53;2,11877;-76,96564;VIIRS-NOAA-21;93,9;36,6;23,0;Alta;D;0,44;0,46
2026-08-11 13:53;2,12164;-76,97061;VIIRS-NOAA-21;62,9;32,2;27,5;Nominal;D;0,44;0,46
2026-08-11 13:53;2,12224;-76,96667;VIIRS-NOAA-21;93,9;38,6;27,5;Alta;D;0,44;0,46
2026-08-11 13:53;2,12285;-76,96274;VIIRS-NOAA-21;93,9;38,5;43,2;Alta;D;0,44;0,46
2026-08-11 13:53;2,11865;-76,96204;VIIRS-NOAA-21;67,5;33,3;43,2;Nominal;D;0,44;0,46
2026-08-11 13:53;2,11925;-76,95818;VIIRS-NOAA-21;69,4;32,6;43,2;Nominal;D;0,44;0,46
2026-08-11 13:53;2,11805;-76,96594;VIIRS-NOAA-21;93,9;36,2;27,5;Alta;D;0,44;0,46
2026-08-11 13:56;10,97414;-72,72837;VIIRS-NOAA-21;60,1;28,2;12,3;Nominal;D;0,58;0,69
2026-08-11 13:56;10,78285;-74,64298;VIIRS-NOAA-21;93,9;26,3;16,5;Alta;D;0,42;0,61
2026-08-11 13:56;10,80765;-74,62672;VIIRS-NOAA-21;65,2;25,0;4,7;Nominal;D;0,42;0,61
2026-08-11 13:56;9,61479;-74,13207;VIIRS-NOAA-21;66,0;29,6;4,4;Nominal;D;0,44;0,62
2026-08-11 13:56;11,05639;-72,9348;VIIRS-NOAA-21;62,4;24,8;6,8;Nominal;D;0,56;0,69
2026-08-11 13:56;11,05585;-72,99461;VIIRS-NOAA-21;93,9;24,9;18,8;Alta;D;0,55;0,68
2026-08-11 13:56;11,05534;-72,99904;VIIRS-NOAA-21;60,8;24,2;16,0;Nominal;D;0,55;0,68
2026-08-11 13:56;11,16943;-72,68145;VIIRS-NOAA-21;57,0;22,3;4,2;Nominal;D;0,58;0,7
2026-08-11 13:56;11,23637;-72,28093;VIIRS-NOAA-21;57,3;22,6;4,1;Nominal;D;0,62;0,72
2026-08-11 13:56;11,16982;-72,92512;VIIRS-NOAA-21;58,1;25,1;6,3;Nominal;D;0,56;0,69
2026-08-11 13:56;11,17575;-73,09301;VIIRS-NOAA-21;93,9;22,9;31,5;Alta;D;0,55;0,68
2026-08-11 13:56;11,17628;-73,08851;VIIRS-NOAA-21;66,7;21,0;11,8;Nominal;D;0,55;0,68
2026-08-11 13:56;11,18271;-73,08746;VIIRS-NOAA-21;67,2;23,7;11,8;Nominal;D;0,55;0,68
2026-08-11 13:56;11,22053;-72,87341;VIIRS-NOAA-21;60,0;28,2;6,0;Nominal;D;0,57;0,69
2026-08-11 13:56;10,38851;-75,40401;VIIRS-NOAA-21;61,4;25,7;4,2;Nominal;D;0,37;0,58
2026-08-11 13:56;9,40422;-73,43568;VIIRS-NOAA-21;65,3;30,9;6,0;Nominal;D;0,49;0,65
2026-08-11 13:56;9,40474;-73,43145;VIIRS-NOAA-21;74,9;30,9;6,0;Nominal;D;0,49;0,65
2026-08-11 13:56;9,4058;-73,42277;VIIRS-NOAA-21;59,0;30,6;12,1;Nominal;D;0,49;0,65
2026-08-11 13:56;9,40634;-73,41837;VIIRS-NOAA-21;93,9;32,2;11,9;Alta;D;0,49;0,65
2026-08-11 13:56;9,39667;-73,44798;VIIRS-NOAA-21;61,8;29,5;5,9;Nominal;D;0,49;0,65
2026-08-11 13:56;9,3972;-73,44363;VIIRS-NOAA-21;76,9;29,8;10,7;Nominal;D;0,49;0,65
2026-08-11 13:56;9,39822;-73,43525;VIIRS-NOAA-21;57,5;29,8;6,0;Nominal;D;0,49;0,65
2026-08-11 13:56;9,39875;-73,43096;VIIRS-NOAA-21;57,3;30,4;6,0;Baja;D;0,49;0,65
2026-08-11 13:56;9,402;-73,40439;VIIRS-NOAA-21;58,0;29,3;3,9;Baja;D;0,49;0,65
2026-08-11 13:56;9,39771;-73,43943;VIIRS-NOAA-21;93,9;31,5;10,7;Alta;D;0,49;0,65
2026-08-11 13:56;9,38914;-73,4602;VIIRS-NOAA-21;57,3;27,9;6,4;Baja;D;0,49;0,65
2026-08-11 13:56;9,39121;-73,44316;VIIRS-NOAA-21;59,8;31,0;3,8;Nominal;D;0,49;0,65
2026-08-11 13:56;9,39173;-73,43893;VIIRS-NOAA-21;58,4;31,5;3,8;Nominal;D;0,49;0,65
2026-08-11 13:56;9,39654;-73,39943;VIIRS-NOAA-21;59,3;28,6;3,4;Nominal;D;0,49;0,65
2026-08-11 13:56;9,3971;-73,39487;VIIRS-NOAA-21;57,5;27,0;3,4;Nominal;D;0,49;0,65
2026-08-11 13:56;9,37525;-73,52472;VIIRS-NOAA-21;67,3;30,2;7,2;Nominal;D;0,48;0,65
2026-08-11 13:56;9,38317;-73,45961;VIIRS-NOAA-21;73,5;29,3;6,4;Nominal;D;0,49;0,65
2026-08-11 13:56;9,37122;-73,45856;VIIRS-NOAA-21;57,5;31,1;5,5;Baja;D;0,49;0,65
2026-08-11 13:56;9,386;-73,33633;VIIRS-NOAA-21;93,9;29,6;18,9;Alta;D;0,5;0,66
2026-08-11 13:56;9,36528;-73,45779;VIIRS-NOAA-21;63,5;30,5;4,4;Nominal;D;0,49;0,65
2026-08-11 13:56;9,36575;-73,45394;VIIRS-NOAA-21;70,0;31,9;4,4;Nominal;D;0,49;0,65
2026-08-11 13:56;9,36138;-73,44002;VIIRS-NOAA-21;62,8;29,1;4,3;Nominal;D;0,49;0,65
2026-08-11 13:56;9,39289;-73,44779;VIIRS-NOAA-21;57,4;30,8;6,4;Baja;D;0,49;0,65
2026-08-11 13:56;9,39344;-73,44358;VIIRS-NOAA-21;79,7;31,6;9,8;Nominal;D;0,49;0,65
2026-08-11 13:56;9,394;-73,43929;VIIRS-NOAA-21;73,4;32,2;9,8;Nominal;D;0,49;0,65
2026-08-11 13:56;9,39507;-73,431;VIIRS-NOAA-21;60,6;31,4;5,8;Baja;D;0,49;0,65
2026-08-11 13:56;9,39909;-73,39992;VIIRS-NOAA-21;59,8;28,7;3,2;Nominal;D;0,49;0,65
2026-08-11 13:56;9,37688;-73,52507;VIIRS-NOAA-21;67,8;30,4;7,3;Nominal;D;0,48;0,65
2026-08-11 13:56;9,38528;-73,45998;VIIRS-NOAA-21;77,8;29,5;9,8;Nominal;D;0,49;0,65
2026-08-11 13:56;9,39367;-73,39488;VIIRS-NOAA-21;60,5;27,2;3,2;Nominal;D;0,49;0,65
2026-08-11 13:56;9,37931;-73,45945;VIIRS-NOAA-21;58,3;29,4;6,6;Baja;D;0,49;0,65
2026-08-11 13:56;9,38272;-73,3857;VIIRS-NOAA-21;59,0;28,4;5,3;Nominal;D;0,49;0,65
2026-08-11 13:56;9,36737;-73,45834;VIIRS-NOAA-21;63,9;30,2;6,2;Nominal;D;0,49;0,65
2026-08-11 13:56;9,36788;-73,45435;VIIRS-NOAA-21;68,5;32,1;6,2;Nominal;D;0,49;0,65
2026-08-11 13:56;9,38298;-73,33611;VIIRS-NOAA-21;93,9;30,2;23,0;Alta;D;0,5;0,66
2026-08-11 13:56;9,36358;-73,4407;VIIRS-NOAA-21;65,1;29,8;5,2;Nominal;D;0,49;0,65
2026-08-11 13:56;9,35699;-73,44506;VIIRS-NOAA-21;63,9;30,3;4,9;Nominal;D;0,49;0,65
2026-08-11 13:56;9,35391;-73,4216;VIIRS-NOAA-21;57,5;28,8;6,6;Baja;D;0,49;0,65
2026-08-11 13:56;9,36635;-73,27514;VIIRS-NOAA-21;79,1;29,4;13,4;Nominal;D;0,5;0,66
2026-08-11 13:56;9,28467;-73,82729;VIIRS-NOAA-21;93,9;28,6;9,0;Alta;D;0,46;0,63
2026-08-11 13:56;9,30265;-73,63757;VIIRS-NOAA-21;61,0;29,2;10,6;Nominal;D;0,47;0,64
2026-08-11 13:56;9,30212;-73,64181;VIIRS-NOAA-21;93,9;31,0;10,6;Alta;D;0,47;0,64
2026-08-11 13:56;9,29679;-73,63681;VIIRS-NOAA-21;71,7;30,7;8,8;Nominal;D;0,47;0,64
2026-08-11 13:56;9,31394;-73,3535;VIIRS-NOAA-21;61,8;27,5;7,8;Nominal;D;0,5;0,65
2026-08-11 13:56;9,29445;-73,41338;VIIRS-NOAA-21;66,1;27,8;7,0;Nominal;D;0,49;0,65
2026-08-11 13:56;9,27892;-73,49078;VIIRS-NOAA-21;71,7;26,4;6,7;Nominal;D;0,48;0,65
2026-08-11 13:56;9,27942;-73,48672;VIIRS-NOAA-21;62,3;26,8;6,7;Nominal;D;0,48;0,65
2026-08-11 13:56;9,28845;-73,41301;VIIRS-NOAA-21;93,9;28,3;27,4;Alta;D;0,49;0,65
2026-08-11 13:56;9,28888;-73,40952;VIIRS-NOAA-21;93,9;30,6;31,7;Alta;D;0,49;0,65
2026-08-11 13:56;9,27339;-73,4868;VIIRS-NOAA-21;57,5;26,1;6,7;Nominal;D;0,48;0,65
2026-08-11 13:56;9,27292;-73,49063;VIIRS-NOAA-21;93,9;25,9;6,7;Alta;D;0,48;0,65
2026-08-11 13:56;9,28097;-73,4901;VIIRS-NOAA-21;62,2;26,0;12,6;Nominal;D;0,48;0,65
2026-08-11 13:56;9,29106;-73,41238;VIIRS-NOAA-21;81,1;30,4;18,0;Nominal;D;0,49;0,65
2026-08-11 13:56;9,29151;-73,40889;VIIRS-NOAA-21;93,9;29,0;18,0;Alta;D;0,49;0,65
2026-08-11 13:56;9,28546;-73,40884;VIIRS-NOAA-21;62,2;26,6;18,0;Nominal;D;0,49;0,65
2026-08-11 13:56;9,27499;-73,48977;VIIRS-NOAA-21;93,9;27,3;12,6;Alta;D;0,48;0,65
2026-08-11 13:56;9,14734;-74,24859;VIIRS-NOAA-21;72,0;27,1;6,2;Nominal;D;0,43;0,62
2026-08-11 13:56;9,11382;-74,10599;VIIRS-NOAA-21;93,9;24,8;9,9;Alta;D;0,44;0,62
2026-08-11 13:56;8,95923;-74,30459;VIIRS-NOAA-21;58,5;27,4;5,4;Nominal;D;0,42;0,61
2026-08-11 13:56;8,99819;-73,94533;VIIRS-NOAA-21;62,9;24,8;1,7;Nominal;D;0,45;0,63
2026-08-11 13:56;8,98643;-73,89869;VIIRS-NOAA-21;58,3;25,1;7,0;Nominal;D;0,45;0,63
2026-08-11 13:56;8,98692;-73,89466;VIIRS-NOAA-21;80,4;25,9;7,0;Nominal;D;0,45;0,63
2026-08-11 13:56;8,96049;-74,30422;VIIRS-NOAA-21;61,7;27,2;6,5;Nominal;D;0,42;0,61
2026-08-11 13:56;8,99638;-73,94492;VIIRS-NOAA-21;59,1;24,6;;Nominal;D;0,44;0,63
2026-08-11 13:56;8,98546;-73,89442;VIIRS-NOAA-21;57,1;24,1;14,0;Nominal;D;0,45;0,63
2026-08-11 13:56;8,89329;-74,51433;VIIRS-NOAA-21;69,1;20,9;8,0;Nominal;D;0,4;0,6
2026-08-11 13:56;8,89376;-74,51069;VIIRS-NOAA-21;60,6;21,8;8,2;Nominal;D;0,41;0,6
2026-08-11 13:56;8,9092;-74,30514;VIIRS-NOAA-21;59,8;24,6;2,3;Nominal;D;0,42;0,61
2026-08-11 13:56;8,95718;-73,84126;VIIRS-NOAA-21;59,5;21,4;2,0;Nominal;D;0,45;0,63
2026-08-11 13:56;8,86796;-74,53687;VIIRS-NOAA-21;93,9;23,0;20,8;Alta;D;0,4;0,6
2026-08-11 13:56;8,85696;-74,53537;VIIRS-NOAA-21;68,6;22,3;9,4;Nominal;D;0,4;0,6
2026-08-11 13:56;8,84636;-74,57449;VIIRS-NOAA-21;62,2;12,3;4,7;Nominal;D;0,4;0,6
2026-08-11 13:56;8,84411;-74,54844;VIIRS-NOAA-21;93,9;22,7;13,2;Alta;D;0,4;0,6
2026-08-11 13:56;8,91197;-73,92163;VIIRS-NOAA-21;74,1;19,8;4,9;Nominal;D;0,45;0,63
2026-08-11 13:56;8,83038;-74,52444;VIIRS-NOAA-21;57,8;23,9;5,5;Nominal;D;0,4;0,6
2026-08-11 13:56;8,90955;-73,84739;VIIRS-NOAA-21;64,7;22,7;6,3;Nominal;D;0,45;0,63
2026-08-11 13:56;8,81892;-74,52663;VIIRS-NOAA-21;62,4;22,5;3,7;Nominal;D;0,4;0,6
2026-08-11 13:56;8,96619;-73,29036;VIIRS-NOAA-21;64,8;21,5;6,2;Nominal;D;0,49;0,65
2026-08-11 13:56;8,83092;-74,38612;VIIRS-NOAA-21;93,9;24,7;11,3;Alta;D;0,41;0,61
2026-08-11 13:56;8,8249;-74,38911;VIIRS-NOAA-21;60,3;23,8;15,3;Nominal;D;0,41;0,61
2026-08-11 13:56;8,82212;-74,366;VIIRS-NOAA-21;73,4;26,3;6,7;Nominal;D;0,41;0,61
2026-08-11 13:56;8,9137;-73,85027;VIIRS-NOAA-21;68,1;22,0;9,1;Nominal;D;0,45;0,63
2026-08-11 13:56;8,89114;-73,88846;VIIRS-NOAA-21;59,8;24,5;3,9;Nominal;D;0,45;0,63
2026-08-11 13:56;8,96849;-73,29414;VIIRS-NOAA-21;57,1;21,2;8,9;Nominal;D;0,49;0,65
2026-08-11 13:56;8,82555;-74,38694;VIIRS-NOAA-21;93,9;25,1;22,8;Alta;D;0,41;0,61
2026-08-11 13:56;8,83105;-73,85597;VIIRS-NOAA-21;56,9;25,9;3,1;Nominal;D;0,45;0,63
2026-08-11 13:56;8,79052;-73,89988;VIIRS-NOAA-21;93,9;27,1;13,0;Alta;D;0,45;0,63
2026-08-11 13:56;8,7887;-73,90005;VIIRS-NOAA-21;93,9;26,8;15,3;Alta;D;0,45;0,63
2026-08-11 13:56;8,70164;-74,03499;VIIRS-NOAA-21;72,2;21,1;7,1;Nominal;D;0,44;0,62
2026-08-11 13:56;8,76061;-73,33033;VIIRS-NOAA-21;72,4;22,7;10,6;Nominal;D;0,49;0,65
2026-08-11 13:56;8,64833;-74,13854;VIIRS-NOAA-21;76,8;21,8;8,4;Nominal;D;0,43;0,62
2026-08-11 13:56;8,74892;-73,32715;VIIRS-NOAA-21;69,3;22,6;12,4;Nominal;D;0,49;0,65
2026-08-11 13:56;8,75682;-73,32925;VIIRS-NOAA-21;72,8;24,4;9,1;Nominal;D;0,49;0,65
2026-08-11 13:56;8,75098;-73,32771;VIIRS-NOAA-21;70,0;22,8;9,1;Nominal;D;0,49;0,65
2026-08-11 13:56;8,64468;-74,13738;VIIRS-NOAA-21;93,9;22,4;11,7;Alta;D;0,43;0,62
2026-08-11 13:56;8,5666;-73,78686;VIIRS-NOAA-21;62,4;22,8;2,7;Nominal;D;0,45;0,63
2026-08-11 13:56;8,58894;-73,61558;VIIRS-NOAA-21;62,0;23,4;3,2;Nominal;D;0,46;0,64
2026-08-11 13:56;8,56013;-73,27848;VIIRS-NOAA-21;93,9;22,5;24,5;Alta;D;0,49;0,65
2026-08-11 13:56;8,47726;-73,79971;VIIRS-NOAA-21;60,1;23,3;13,6;Nominal;D;0,45;0,63
2026-08-11 13:56;8,47675;-73,80374;VIIRS-NOAA-21;93,9;24,1;13,6;Alta;D;0,45;0,63
2026-08-11 13:56;8,55615;-73,27972;VIIRS-NOAA-21;93,9;23,0;28,2;Alta;D;0,49;0,65
2026-08-11 13:56;8,48089;-73,80418;VIIRS-NOAA-21;82,4;23,9;13,8;Nominal;D;0,45;0,63
2026-08-11 13:56;8,48142;-73,80016;VIIRS-NOAA-21;68,4;22,8;13,8;Nominal;D;0,45;0,63
2026-08-11 13:56;8,23026;-75,54909;VIIRS-NOAA-21;57,5;25,5;1,6;Nominal;D;0,34;0,56
2026-08-11 13:56;8,27329;-75,07202;VIIRS-NOAA-21;57,5;25,4;8,2;Nominal;D;0,36;0,58
2026-08-11 13:56;8,52409;-73,15285;VIIRS-NOAA-21;63,0;23,9;5,0;Nominal;D;0,5;0,66
2026-08-11 13:56;8,27373;-75,06875;VIIRS-NOAA-21;93,9;26,2;8,2;Alta;D;0,36;0,58
2026-08-11 13:56;8,26846;-75,06807;VIIRS-NOAA-21;63,3;24,7;7,5;Nominal;D;0,36;0,58
2026-08-11 13:56;8,22898;-74,95891;VIIRS-NOAA-21;76,7;25,7;6,7;Nominal;D;0,37;0,58
2026-08-11 13:56;8,22993;-74,95767;VIIRS-NOAA-21;80,4;26,3;6,0;Nominal;D;0,37;0,58
2026-08-11 13:56;8,42147;-72,83234;VIIRS-NOAA-21;65,0;23,0;5,8;Nominal;D;0,52;0,67
2026-08-11 13:56;8,06203;-75,20689;VIIRS-NOAA-21;61,4;26,1;2,0;Nominal;D;0,35;0,57
2026-08-11 13:56;7,98192;-75,25333;VIIRS-NOAA-21;58,4;25,2;1,7;Nominal;D;0,35;0,57
2026-08-11 13:56;8,25055;-72,95522;VIIRS-NOAA-21;75,4;21,3;9,7;Nominal;D;0,51;0,66
2026-08-11 13:56;8,24851;-72,9568;VIIRS-NOAA-21;75,6;20,8;9,2;Nominal;D;0,51;0,66
2026-08-11 13:56;7,99727;-74,77278;VIIRS-NOAA-21;68,7;22,5;6,1;Nominal;D;0,38;0,59
2026-08-11 13:56;7,86227;-75,62229;VIIRS-NOAA-21;62,0;22,6;3,3;Nominal;D;0,33;0,55
2026-08-11 13:56;7,8084;-75,56789;VIIRS-NOAA-21;68,4;23,9;4,5;Nominal;D;0,33;0,55
2026-08-11 13:56;7,89354;-74,74662;VIIRS-NOAA-21;76,0;25,5;7,0;Nominal;D;0,38;0,59
2026-08-11 13:56;7,81225;-73,70738;VIIRS-NOAA-21;93,9;23,8;11,8;Alta;D;0,44;0,63
2026-08-11 13:56;7,78987;-73,70033;VIIRS-NOAA-21;57,1;23,9;3,2;Nominal;D;0,45;0,63
2026-08-11 13:56;7,64117;-74,66506;VIIRS-NOAA-21;93,9;28,4;12,7;Alta;D;0,38;0,59
2026-08-11 13:56;7,74949;-73,78781;VIIRS-NOAA-21;66,7;23,6;3,6;Nominal;D;0,44;0,62
2026-08-11 13:56;7,74706;-73,78725;VIIRS-NOAA-21;67,1;23,7;3,9;Nominal;D;0,44;0,62
2026-08-11 13:56;7,63041;-74,18806;VIIRS-NOAA-21;60,3;23,9;3,3;Nominal;D;0,41;0,61
2026-08-11 13:56;7,40781;-75,16724;VIIRS-NOAA-21;63,1;23,2;2,4;Nominal;D;0,35;0,57
2026-08-11 13:56;7,59858;-73,75146;VIIRS-NOAA-21;68,6;24,2;7,6;Nominal;D;0,44;0,62
2026-08-11 13:56;7,59288;-73,75069;VIIRS-NOAA-21;81,4;25,1;7,6;Nominal;D;0,44;0,62
2026-08-11 13:56;7,44821;-74,62832;VIIRS-NOAA-21;65,2;25,7;3,8;Nominal;D;0,38;0,59
2026-08-11 13:56;7,41547;-74,5445;VIIRS-NOAA-21;58,8;23,7;3,8;Nominal;D;0,38;0,59
2026-08-11 13:56;7,4185;-74,54176;VIIRS-NOAA-21;82,4;26,6;9,6;Nominal;D;0,38;0,59
2026-08-11 13:56;7,27772;-75,48383;VIIRS-NOAA-21;63,6;25,0;2,6;Nominal;D;0,33;0,55
2026-08-11 13:56;7,27094;-75,45853;VIIRS-NOAA-21;76,9;26,2;5,7;Nominal;D;0,33;0,55
2026-08-11 13:56;7,21756;-75,6985;VIIRS-NOAA-21;66,5;24,8;24,7;Nominal;D;0,64;0,54
2026-08-11 13:56;7,26939;-74,80347;VIIRS-NOAA-21;93,9;27,0;16,3;Alta;D;0,37;0,58
2026-08-11 13:56;7,37557;-73,98199;VIIRS-NOAA-21;93,9;23,1;18,8;Alta;D;0,42;0,61
2026-08-11 13:56;7,2699;-74,80176;VIIRS-NOAA-21;93,9;26,5;14,9;Alta;D;0,37;0,58
2026-08-11 13:56;7,37677;-73,98129;VIIRS-NOAA-21;93,9;23,1;21,0;Alta;D;0,42;0,61
2026-08-11 13:56;7,17061;-75,40618;VIIRS-NOAA-21;69,1;26,4;3,9;Nominal;D;0,33;0,55
2026-08-11 13:56;7,205;-75,04156;VIIRS-NOAA-21;93,9;26,5;11,5;Alta;D;0,35;0,57
2026-08-11 13:56;7,34324;-73,97671;VIIRS-NOAA-21;69,0;23,6;6,9;Nominal;D;0,42;0,61
2026-08-11 13:56;7,10453;-74,99244;VIIRS-NOAA-21;57,9;24,4;2,1;Nominal;D;0,35;0,57
2026-08-11 13:56;7,11574;-74,71198;VIIRS-NOAA-21;60,2;23,7;14,4;Nominal;D;0,37;0,58
2026-08-11 13:56;7,11621;-74,70844;VIIRS-NOAA-21;93,9;28,0;14,4;Alta;D;0,37;0,58
2026-08-11 13:56;7,08924;-74,8295;VIIRS-NOAA-21;93,9;28,5;19,2;Alta;D;0,36;0,58
2026-08-11 13:56;7,16184;-74,07004;VIIRS-NOAA-21;93,9;24,0;17,4;Alta;D;0,41;0,61
2026-08-11 13:56;7,16188;-74,07127;VIIRS-NOAA-21;72,7;23,2;9,3;Nominal;D;0,41;0,61
2026-08-11 13:56;7,16238;-74,06761;VIIRS-NOAA-21;76,9;23,3;9,3;Nominal;D;0,41;0,61
2026-08-11 13:56;6,85984;-76,02396;VIIRS-NOAA-21;66,2;25,6;8,4;Nominal;D;0,6;0,53
2026-08-11 13:56;6,96635;-75,21748;VIIRS-NOAA-21;62,4;25,4;3,2;Nominal;D;0,34;0,56
2026-08-11 13:56;6,98425;-74,89251;VIIRS-NOAA-21;60,2;25,6;4,2;Nominal;D;0,36;0,57
2026-08-11 13:56;7,04346;-74,0317;VIIRS-NOAA-21;68,1;22,1;6,1;Nominal;D;0,41;0,61
2026-08-11 13:56;6,93629;-74,69384;VIIRS-NOAA-21;58,4;25,2;2,9;Nominal;D;0,37;0,58
2026-08-11 13:56;7,00978;-74,07211;VIIRS-NOAA-21;71,9;23,7;5,4;Nominal;D;0,41;0,61
2026-08-11 13:56;6,99739;-74,12234;VIIRS-NOAA-21;61,6;24,3;2,8;Nominal;D;0,41;0,6
2026-08-11 13:56;6,96447;-73,94511;VIIRS-NOAA-21;59,4;22,8;18,9;Nominal;D;0,42;0,61
2026-08-11 13:56;6,96496;-73,94135;VIIRS-NOAA-21;93,9;24,2;18,9;Alta;D;0,42;0,61
2026-08-11 13:56;6,96526;-73,9451;VIIRS-NOAA-21;61,8;23,0;18,4;Nominal;D;0,42;0,61
2026-08-11 13:56;6,96578;-73,94135;VIIRS-NOAA-21;93,9;24,9;18,4;Alta;D;0,42;0,61
2026-08-11 13:56;6,84335;-74,74561;VIIRS-NOAA-21;62,6;24,7;5,3;Nominal;D;0,36;0,58
2026-08-11 13:56;6,84384;-74,74206;VIIRS-NOAA-21;57,2;24,6;5,4;Nominal;D;0,37;0,58
2026-08-11 13:56;6,86809;-74,52788;VIIRS-NOAA-21;57,9;24,9;3,9;Nominal;D;0,38;0,59
2026-08-11 13:56;6,79225;-74,96099;VIIRS-NOAA-21;93,9;27,0;10,8;Alta;D;0,35;0,57
2026-08-11 13:56;6,61018;-75,88068;VIIRS-NOAA-21;56,9;30,1;9,1;Baja;D;0,6;0,53
2026-08-11 13:56;6,60544;-75,8791;VIIRS-NOAA-21;63,8;31,3;9,2;Nominal;D;0,6;0,53
2026-08-11 13:56;6,60738;-75,86483;VIIRS-NOAA-21;65,0;32,8;11,2;Nominal;D;0,61;0,53
2026-08-11 13:56;6,91052;-73,58329;VIIRS-NOAA-21;76,1;18,8;10,3;Nominal;D;0,44;0,62
2026-08-11 13:56;6,91103;-73,57938;VIIRS-NOAA-21;58,6;18,4;9,4;Nominal;D;0,44;0,62
2026-08-11 13:56;6,77194;-74,59608;VIIRS-NOAA-21;69,1;25,5;29,4;Nominal;D;0,37;0,58
2026-08-11 13:56;6,77242;-74,59245;VIIRS-NOAA-21;93,9;27,8;36,1;Alta;D;0,37;0,58
2026-08-11 13:56;6,60679;-75,87874;VIIRS-NOAA-21;68,7;32,3;10,5;Nominal;D;0,6;0,53
2026-08-11 13:56;6,60894;-75,86378;VIIRS-NOAA-21;61,4;31,5;7,7;Baja;D;0,61;0,53
2026-08-11 13:56;6,7735;-74,59343;VIIRS-NOAA-21;93,9;29,2;29,1;Alta;D;0,37;0,58
2026-08-11 13:56;6,76817;-74,59277;VIIRS-NOAA-21;93,9;26,7;10,1;Alta;D;0,37;0,58
2026-08-11 13:56;6,90847;-73,58135;VIIRS-NOAA-21;93,9;19,3;12,0;Alta;D;0,44;0,62
2026-08-11 13:56;6,73584;-74,05808;VIIRS-NOAA-21;61,0;23,7;2,7;Nominal;D;0,41;0,6
2026-08-11 13:56;6,73559;-74,0568;VIIRS-NOAA-21;64,1;24,1;3,6;Nominal;D;0,41;0,6
2026-08-11 13:56;6,40838;-74,91199;VIIRS-NOAA-21;93,9;52,3;86,6;Baja;D;0,35;0,57
2026-08-11 13:56;6,40805;-74,91447;VIIRS-NOAA-21;60,2;24,0;86,6;Nominal;D;0,35;0,57
2026-08-11 13:56;6,40871;-74,90955;VIIRS-NOAA-21;93,9;25,4;80,9;Alta;D;0,35;0,57
2026-08-11 13:56;6,41199;-74,91035;VIIRS-NOAA-21;57,4;24,2;35,1;Nominal;D;0,35;0,57
2026-08-11 13:56;6,41161;-74,91303;VIIRS-NOAA-21;93,9;34,5;60,4;Alta;D;0,35;0,57
2026-08-11 13:56;6,40627;-74,91349;VIIRS-NOAA-21;58,3;24,2;60,4;Nominal;D;0,35;0,57
2026-08-11 13:56;6,40662;-74,91107;VIIRS-NOAA-21;67,8;37,2;60,4;Nominal;D;0,35;0,57
2026-08-11 13:56;6,40694;-74,90878;VIIRS-NOAA-21;58,1;23,7;35,1;Nominal;D;0,35;0,57
2026-08-11 13:56;6,30407;-75,49015;VIIRS-NOAA-21;65,1;21,2;4,3;Nominal;D;0,32;0,54
2026-08-11 13:56;6,36694;-75,04356;VIIRS-NOAA-21;79,6;24,9;7,2;Nominal;D;0,34;0,56
2026-08-11 13:56;6,16908;-75,13426;VIIRS-NOAA-21;68,7;22,6;4,0;Nominal;D;0,34;0,56
2026-08-11 13:56;6,08175;-75,66677;VIIRS-NOAA-21;62,8;24,4;8,5;Nominal;D;0,62;0,54
2026-08-11 13:56;6,07841;-75,6694;VIIRS-NOAA-21;66,2;22,7;13,3;Nominal;D;0,61;0,54
2026-08-11 13:56;5,87976;-75,75227;VIIRS-NOAA-21;82,4;32,3;17,9;Nominal;D;0,6;0,53
2026-08-11 13:56;6,00857;-74,69456;VIIRS-NOAA-21;66,7;28,3;5,3;Nominal;D;0,36;0,57
2026-08-11 13:56;6,04436;-74,34724;VIIRS-NOAA-21;63,9;26,2;3,6;Nominal;D;0,38;0,59
2026-08-11 13:56;6,00754;-74,69586;VIIRS-NOAA-21;72,5;28,3;5,0;Nominal;D;0,36;0,57
2026-08-11 13:56;6,04639;-74,34602;VIIRS-NOAA-21;57,0;26,6;1,6;Nominal;D;0,38;0,59
2026-08-11 13:56;5,8628;-75,49596;VIIRS-NOAA-21;66,6;32,8;11,6;Nominal;D;0,63;0,54
2026-08-11 13:56;5,86353;-75,49084;VIIRS-NOAA-21;61,9;32,0;9,4;Nominal;D;0,63;0,54
2026-08-11 13:56;5,85823;-75,49277;VIIRS-NOAA-21;57,0;27,9;4,1;Nominal;D;0,63;0,54
2026-08-11 13:56;5,94736;-74,55214;VIIRS-NOAA-21;62,1;28,2;3,7;Nominal;D;0,36;0,58
2026-08-11 13:56;5,8358;-75,14007;VIIRS-NOAA-21;61,5;23,9;4,4;Nominal;D;0,33;0,55
2026-08-11 13:56;5,83673;-75,13901;VIIRS-NOAA-21;63,2;24,0;2,3;Nominal;D;0,33;0,55
2026-08-11 13:56;5,8982;-74,00505;VIIRS-NOAA-21;61,1;24,1;4,3;Nominal;D;0,4;0,6
2026-08-11 13:56;5,78899;-74,73223;VIIRS-NOAA-21;62,1;27,8;6,5;Nominal;D;0,35;0,57
2026-08-11 13:56;5,79546;-74,64513;VIIRS-NOAA-21;61,3;26,6;3,1;Nominal;D;0,36;0,57
2026-08-11 13:56;5,78711;-74,73479;VIIRS-NOAA-21;57,7;27,6;3,6;Nominal;D;0,35;0,57
2026-08-11 13:56;5,78756;-74,73165;VIIRS-NOAA-21;58,0;28,3;3,6;Baja;D;0,35;0,57
2026-08-11 13:56;5,72686;-74,97339;VIIRS-NOAA-21;93,9;29,2;16,6;Alta;D;0,34;0,56
2026-08-11 13:56;6,36762;-69,99696;VIIRS-NOAA-21;80,4;14,8;28,0;Nominal;D;0,77;0,77
2026-08-11 13:56;6,3703;-69,97636;VIIRS-NOAA-21;54,2;14,3;12,7;Nominal;D;0,77;0,77
2026-08-11 13:56;5,62488;-74,74876;VIIRS-NOAA-21;74,9;29,2;9,4;Nominal;D;0,35;0,57
2026-08-11 13:56;5,54613;-75,16445;VIIRS-NOAA-21;57,2;26,1;2,7;Nominal;D;0,33;0,55
2026-08-11 13:56;5,54148;-75,08691;VIIRS-NOAA-21;81,1;26,5;6,8;Nominal;D;0,33;0,55
2026-08-11 13:56;5,65803;-74,15619;VIIRS-NOAA-21;57,8;24,4;7,2;Nominal;D;0,39;0,59
2026-08-11 13:56;5,58477;-74,65582;VIIRS-NOAA-21;67,1;28,4;15,9;Nominal;D;0,35;0,57
2026-08-11 13:56;5,5852;-74,65262;VIIRS-NOAA-21;93,9;31,3;26,1;Alta;D;0,35;0,57
2026-08-11 13:56;5,66076;-74,15545;VIIRS-NOAA-21;59,1;24,7;7,9;Nominal;D;0,39;0,59
2026-08-11 13:56;5,58371;-74,65447;VIIRS-NOAA-21;74,4;31,2;23,5;Nominal;D;0,35;0,57
2026-08-11 13:56;5,58417;-74,65128;VIIRS-NOAA-21;93,9;25,3;19,8;Alta;D;0,35;0,57
2026-08-11 13:56;5,51402;-74,99448;VIIRS-NOAA-21;82,4;32,0;34,2;Nominal;D;0,34;0,56
2026-08-11 13:56;5,45687;-75,25205;VIIRS-NOAA-21;68,3;27,0;4,9;Nominal;D;0,32;0,55
2026-08-11 13:56;5,52756;-74,71412;VIIRS-NOAA-21;66,2;27,8;3,1;Nominal;D;0,35;0,57
2026-08-11 13:56;5,45173;-75,25251;VIIRS-NOAA-21;93,9;27,2;11,5;Alta;D;0,32;0,55
2026-08-11 13:56;5,45271;-74,91319;VIIRS-NOAA-21;67,3;26,0;3,4;Nominal;D;0,34;0,56
2026-08-11 13:56;5,55622;-74,07577;VIIRS-NOAA-21;57,3;25,5;2,1;Nominal;D;0,39;0,59
2026-08-11 13:56;5,44013;-74,45807;VIIRS-NOAA-21;64,3;23,7;4,7;Nominal;D;0,36;0,58
2026-08-11 13:56;5,49201;-73,6384;VIIRS-NOAA-21;63,9;19,0;4,7;Nominal;D;0,42;0,61
2026-08-11 13:56;5,27753;-74,66384;VIIRS-NOAA-21;58,5;28,6;2,8;Nominal;D;0,35;0,57
2026-08-11 13:56;5,19866;-75,19726;VIIRS-NOAA-21;60,5;21,2;4,5;Nominal;D;0,32;0,55
2026-08-11 13:56;5,19468;-74,82655;VIIRS-NOAA-21;57,1;30,3;3,5;Baja;D;0,34;0,56
2026-08-11 13:56;5,1887;-74,83192;VIIRS-NOAA-21;78,6;31,8;6,9;Nominal;D;0,34;0,56
2026-08-11 13:56;5,05674;-74,70769;VIIRS-NOAA-21;63,8;30,5;3,3;Nominal;D;0,35;0,56
2026-08-11 13:56;5,01463;-74,82349;VIIRS-NOAA-21;69,2;32,7;6,5;Nominal;D;0,34;0,56
2026-08-11 13:56;5,01118;-74,82441;VIIRS-NOAA-21;73,3;31,5;7,2;Nominal;D;0,34;0,56
2026-08-11 13:56;4,97955;-74,86366;VIIRS-NOAA-21;78,8;28,9;9,5;Nominal;D;0,34;0,56
2026-08-11 13:56;4,97998;-74,86063;VIIRS-NOAA-21;93,9;30,7;9,5;Alta;D;0,34;0,56
2026-08-11 13:56;4,94405;-74,85781;VIIRS-NOAA-21;64,4;28,9;3,3;Nominal;D;0,34;0,56
2026-08-11 13:56;4,93858;-74,85984;VIIRS-NOAA-21;74,0;30,7;8,0;Nominal;D;0,34;0,56
2026-08-11 13:56;4,93941;-74,85388;VIIRS-NOAA-21;76,0;29,3;8,3;Nominal;D;0,34;0,56
2026-08-11 13:56;4,939;-74,85686;VIIRS-NOAA-21;93,9;32,7;8,3;Alta;D;0,34;0,56
2026-08-11 13:56;4,93435;-74,853;VIIRS-NOAA-21;69,4;28,5;8,3;Nominal;D;0,34;0,56
2026-08-11 13:56;4,90997;-74,91656;VIIRS-NOAA-21;66,9;28,1;4,5;Nominal;D;0,33;0,55
2026-08-11 13:56;4,90492;-74,91576;VIIRS-NOAA-21;77,9;27,6;4,5;Nominal;D;0,33;0,55
2026-08-11 13:56;4,90609;-74,91424;VIIRS-NOAA-21;78,2;28,5;7,3;Nominal;D;0,33;0,55
2026-08-11 13:56;4,83957;-75,12547;VIIRS-NOAA-21;93,9;32,0;30,6;Alta;D;0,32;0,55
2026-08-11 13:56;4,79828;-74,83514;VIIRS-NOAA-21;73,0;28,8;4,5;Nominal;D;0,34;0,56
2026-08-11 13:56;4,79981;-74,83482;VIIRS-NOAA-21;75,7;29,0;3,4;Nominal;D;0,34;0,56
2026-08-11 13:56;4,45958;-76,09679;VIIRS-NOAA-21;61,8;31,6;3,7;Nominal;D;0,54;0,51
2026-08-11 13:56;4,34495;-75,97936;VIIRS-NOAA-21;67,0;24,8;9,5;Nominal;D;0,55;0,51
2026-08-11 13:56;4,34564;-75,97452;VIIRS-NOAA-21;72,9;24,6;15,6;Nominal;D;0,55;0,51
2026-08-11 13:56;4,52145;-74,58372;VIIRS-NOAA-21;72,7;26,0;9,1;Nominal;D;0,35;0,56
2026-08-11 13:56;4,51868;-74,58546;VIIRS-NOAA-21;68,7;26,4;5,0;Nominal;D;0,35;0,56
2026-08-11 13:56;4,51909;-74,58265;VIIRS-NOAA-21;59,7;26,9;6,3;Nominal;D;0,35;0,56
2026-08-11 13:56;4,43777;-74,78368;VIIRS-NOAA-21;64,6;25,6;3,6;Nominal;D;0,33;0,56
2026-08-11 13:56;4,27742;-75,73011;VIIRS-NOAA-21;66,1;26,5;12,9;Nominal;D;0,57;0,52
2026-08-11 13:56;4,27189;-75,73504;VIIRS-NOAA-21;67,4;29,9;13,6;Nominal;D;0,57;0,52
2026-08-11 13:56;4,27258;-75,73018;VIIRS-NOAA-21;80,2;28,4;12,9;Nominal;D;0,57;0,52
2026-08-11 13:56;4,27323;-75,72565;VIIRS-NOAA-21;66,0;25,3;12,9;Nominal;D;0,57;0,52
2026-08-11 13:56;4,3882;-74,91488;VIIRS-NOAA-21;78,9;17,7;8,6;Nominal;D;0,33;0,55
2026-08-11 13:56;4,26775;-75,73022;VIIRS-NOAA-21;58,7;25,1;22,4;Nominal;D;0,57;0,52
2026-08-11 13:56;4,26838;-75,72579;VIIRS-NOAA-21;65,7;23,9;22,4;Nominal;D;0,57;0,52
2026-08-11 13:56;4,38272;-74,91741;VIIRS-NOAA-21;80,6;23,8;6,6;Nominal;D;0,33;0,55
2026-08-11 13:56;4,38326;-74,91359;VIIRS-NOAA-21;64,1;20,8;7,6;Nominal;D;0,33;0,55
2026-08-11 13:56;4,86913;-71,40121;VIIRS-NOAA-21;63,6;16,7;6,2;Nominal;D;0,58;0,7
2026-08-11 13:56;4,28606;-75,23041;VIIRS-NOAA-21;69,9;11,2;12,6;Nominal;D;0,62;0,54
2026-08-11 13:56;4,31477;-74,92741;VIIRS-NOAA-21;59,9;24,4;2,1;Nominal;D;0,32;0,55
2026-08-11 13:56;4,28644;-75,08867;VIIRS-NOAA-21;66,8;22,4;6,2;Nominal;D;0,63;0,54
2026-08-11 13:56;4,11521;-76,1429;VIIRS-NOAA-21;60,5;30,8;4,6;Baja;D;0,53;0,5
2026-08-11 13:56;4,12277;-76,0247;VIIRS-NOAA-21;80,7;31,2;21,4;Nominal;D;0,54;0,51
2026-08-11 13:56;4,11803;-76,02483;VIIRS-NOAA-21;78,3;30,8;19,9;Nominal;D;0,54;0,51
2026-08-11 13:56;4,12506;-75,25285;VIIRS-NOAA-21;63,3;26,9;12,9;Nominal;D;0,61;0,54
2026-08-11 13:56;4,1154;-75,25062;VIIRS-NOAA-21;76,7;31,6;41,1;Nominal;D;0,61;0,54
2026-08-11 13:56;4,13043;-75,14439;VIIRS-NOAA-21;68,2;26,4;11,6;Nominal;D;0,62;0,54
2026-08-11 13:56;4,13123;-75,13875;VIIRS-NOAA-21;66,7;25,0;8,5;Nominal;D;0,62;0,54
2026-08-11 13:56;4,10993;-75,25398;VIIRS-NOAA-21;57,1;26,3;13,1;Nominal;D;0,61;0,54
2026-08-11 13:56;4,11136;-75,24394;VIIRS-NOAA-21;68,3;27,5;172,2;Nominal;D;0,61;0,54
2026-08-11 13:56;4,12564;-75,1427;VIIRS-NOAA-21;67,9;28,1;28,9;Nominal;D;0,62;0,54
2026-08-11 13:56;4,12647;-75,13683;VIIRS-NOAA-21;66,2;25,0;21,4;Nominal;D;0,62;0,54
2026-08-11 13:56;4,09665;-75,20635;VIIRS-NOAA-21;62,9;25,5;12,1;Nominal;D;0,62;0,54
2026-08-11 13:56;4,1121;-75,2532;VIIRS-NOAA-21;61,3;28,6;59,7;Nominal;D;0,61;0,54
2026-08-11 13:56;4,1128;-75,24853;VIIRS-NOAA-21;70,7;40,0;59,7;Nominal;D;0,61;0,54
2026-08-11 13:56;4,11352;-75,24368;VIIRS-NOAA-21;57,6;26,8;29,3;Nominal;D;0,61;0,54
2026-08-11 13:56;4,12862;-75,14259;VIIRS-NOAA-21;82,6;33,7;64,0;Nominal;D;0,62;0,54
2026-08-11 13:56;4,10804;-75,24696;VIIRS-NOAA-21;70,4;24,6;59,7;Nominal;D;0,61;0,54
2026-08-11 13:56;4,13488;-75,0668;VIIRS-NOAA-21;69,3;25,9;21,6;Nominal;D;0,63;0,54
2026-08-11 13:56;4,09349;-75,21027;VIIRS-NOAA-21;57,7;24,0;5,3;Nominal;D;0,62;0,54
2026-08-11 13:56;4,10348;-74,96998;VIIRS-NOAA-21;61,7;27,7;2,5;Nominal;D;0,32;0,55
2026-08-11 13:56;4,10557;-74,95564;VIIRS-NOAA-21;60,2;26,0;2,0;Nominal;D;0,32;0,55
2026-08-11 13:56;4,06083;-75,19409;VIIRS-NOAA-21;66,7;26,1;10,5;Nominal;D;0,62;0,54
2026-08-11 13:56;4,11363;-74,82957;VIIRS-NOAA-21;61,2;25,9;3,3;Nominal;D;0,33;0,55
2026-08-11 13:56;4,05602;-75,19279;VIIRS-NOAA-21;69,2;25,4;10,5;Nominal;D;0,62;0,54
2026-08-11 13:56;4,03502;-75,23443;VIIRS-NOAA-21;77,0;28,3;29,8;Nominal;D;0,61;0,54
2026-08-11 13:56;4,02438;-74,9903;VIIRS-NOAA-21;66,2;27,2;4,1;Nominal;D;0,32;0,54
2026-08-11 13:56;4,01523;-75,01949;VIIRS-NOAA-21;63,1;27,5;5,2;Nominal;D;0,63;0,54
2026-08-11 13:56;4,01834;-75,02376;VIIRS-NOAA-21;66,5;28,5;8,8;Nominal;D;0,63;0,54
2026-08-11 13:56;4,02318;-74,99107;VIIRS-NOAA-21;79,8;29,2;5,2;Nominal;D;0,32;0,54
2026-08-11 13:56;4,01758;-74,9946;VIIRS-NOAA-21;68,2;28,3;10,2;Nominal;D;0,64;0,54
2026-08-11 13:56;4,01821;-74,99033;VIIRS-NOAA-21;68,4;30,0;5,2;Nominal;D;0,32;0,54
2026-08-11 13:56;4,01863;-74,98749;VIIRS-NOAA-21;59,3;28,7;5,2;Nominal;D;0,32;0,54
2026-08-11 13:56;3,7551;-76,48778;VIIRS-NOAA-21;68,3;24,9;13,0;Nominal;D;0,5;0,49
2026-08-11 13:56;3,75056;-76,48773;VIIRS-NOAA-21;71,2;29,6;13,0;Nominal;D;0,5;0,49
2026-08-11 13:56;3,87052;-75,28437;VIIRS-NOAA-21;93,9;29,0;29,1;Alta;D;0,6;0,53
2026-08-11 13:56;3,86489;-75,28918;VIIRS-NOAA-21;67,0;25,6;21,1;Nominal;D;0,6;0,53
2026-08-11 13:56;3,86566;-75,28365;VIIRS-NOAA-21;74,0;29,2;29,1;Nominal;D;0,6;0,53
2026-08-11 13:56;3,87153;-75,28798;VIIRS-NOAA-21;62,0;28,2;24,3;Nominal;D;0,6;0,53
2026-08-11 13:56;3,86668;-75,28728;VIIRS-NOAA-21;76,5;29,4;24,3;Nominal;D;0,6;0,53
2026-08-11 13:56;3,86749;-75,28176;VIIRS-NOAA-21;69,0;28,6;24,3;Nominal;D;0,6;0,53
2026-08-11 13:56;3,82706;-74,93703;VIIRS-NOAA-21;73,6;26,9;3,6;Nominal;D;0,32;0,54
2026-08-11 13:56;10,27991;-74,39463;VIIRS-NOAA-21;65,7;29,9;7,8;Nominal;D;0,43;0,62
2026-08-11 13:56;10,43454;-73,45459;VIIRS-NOAA-21;58,2;19,8;4,9;Nominal;D;0,51;0,66
2026-08-11 13:56;10,38426;-74,81846;VIIRS-NOAA-21;56,9;28,1;4,2;Baja;D;0,4;0,6
2026-08-11 13:56;10,37757;-74,8305;VIIRS-NOAA-21;57,1;26,6;7,1;Nominal;D;0,4;0,6
2026-08-11 13:56;10,38441;-74,82024;VIIRS-NOAA-21;62,7;28,6;8,0;Nominal;D;0,4;0,6
2026-08-11 13:56;10,47002;-74,4435;VIIRS-NOAA-21;59,4;24,4;4,8;Nominal;D;0,43;0,62
2026-08-11 13:56;9,40369;-73,43996;VIIRS-NOAA-21;61,3;28,9;10,7;Nominal;D;0,49;0,65
2026-08-11 13:56;10,4635;-75,09463;VIIRS-NOAA-21;57,4;26,3;4,8;Nominal;D;0,39;0,59
2026-08-11 13:56;10,46892;-75,09534;VIIRS-NOAA-21;63,9;27,0;4,8;Nominal;D;0,39;0,59
2026-08-11 13:56;10,66399;-75,24799;VIIRS-NOAA-21;70,3;27,0;7,8;Nominal;D;0,38;0,59
2026-08-11 13:56;9,391;-73,64031;VIIRS-NOAA-21;81,4;32,1;18,2;Nominal;D;0,47;0,64
2026-08-11 13:56;9,39152;-73,63605;VIIRS-NOAA-21;93,9;32,4;24,1;Alta;D;0,47;0,64
2026-08-11 13:56;9,4118;-73,4232;VIIRS-NOAA-21;74,1;29,3;10,7;Nominal;D;0,49;0,65
2026-08-11 13:56;9,41235;-73,41879;VIIRS-NOAA-21;76,6;29,3;7,7;Nominal;D;0,49;0,65
2026-08-11 13:56;9,69266;-73,53877;VIIRS-NOAA-21;60,1;27,5;12,1;Nominal;D;0,49;0,65
2026-08-11 13:56;9,69213;-73,54314;VIIRS-NOAA-21;64,0;26,8;3,7;Nominal;D;0,49;0,65
2026-08-11 13:56;9,54477;-74,8359;VIIRS-NOAA-21;75,2;26,2;3,1;Nominal;D;0,39;0,6
2026-08-11 13:56;9,7848;-73,03025;VIIRS-NOAA-21;71,4;25,4;7,2;Nominal;D;0,53;0,67
2026-08-11 13:56;9,54641;-75,08276;VIIRS-NOAA-21;93,9;22,9;7,9;Alta;D;0,38;0,59
2026-08-11 13:56;9,76081;-73,47582;VIIRS-NOAA-21;75,4;32,3;10,3;Nominal;D;0,49;0,65
2026-08-11 13:56;9,53457;-75,34122;VIIRS-NOAA-21;63,3;19,5;4,5;Nominal;D;0,36;0,58
2026-08-11 13:56;9,58641;-75,1512;VIIRS-NOAA-21;57,0;20,7;2,7;Nominal;D;0,37;0,58
2026-08-11 13:56;9,63887;-74,79392;VIIRS-NOAA-21;93,9;28,2;9,9;Alta;D;0,4;0,6
2026-08-11 13:56;9,63934;-74,79033;VIIRS-NOAA-21;63,4;24,5;9,9;Nominal;D;0,4;0,6
2026-08-11 13:56;9,57926;-75,24624;VIIRS-NOAA-21;69,6;25,0;17,5;Nominal;D;0,37;0,58
2026-08-11 13:56;9,57882;-75,24957;VIIRS-NOAA-21;78,9;27,2;20,6;Nominal;D;0,37;0,58
2026-08-11 13:56;9,5785;-75,24752;VIIRS-NOAA-21;93,9;27,5;22,0;Alta;D;0,37;0,58
2026-08-11 13:56;9,64058;-74,79138;VIIRS-NOAA-21;93,9;25,3;10,7;Alta;D;0,4;0,6
2026-08-11 13:56;9,64014;-74,79497;VIIRS-NOAA-21;73,7;27,4;10,7;Nominal;D;0,4;0,6
2026-08-11 13:56;9,85916;-73,08874;VIIRS-NOAA-21;62,5;23,4;2,7;Nominal;D;0,53;0,67
2026-08-11 13:56;9,62636;-75,03833;VIIRS-NOAA-21;78,0;29,2;6,5;Nominal;D;0,38;0,59
2026-08-11 13:56;9,89404;-73,45596;VIIRS-NOAA-21;63,9;31,6;5,7;Nominal;D;0,5;0,65
2026-08-11 13:56;9,90003;-73,45673;VIIRS-NOAA-21;68,7;34,0;5,7;Nominal;D;0,5;0,65
2026-08-11 13:56;9,89946;-73,4612;VIIRS-NOAA-21;63,5;32,5;8,2;Nominal;D;0,49;0,65
2026-08-11 13:56;9,71049;-75,1052;VIIRS-NOAA-21;93,9;30,1;10,2;Alta;D;0,38;0,59
2026-08-11 13:56;9,89688;-73,45689;VIIRS-NOAA-21;81,4;33,9;12,0;Nominal;D;0,5;0,65
2026-08-11 13:56;9,83377;-74,03529;VIIRS-NOAA-21;61,2;33,2;4,2;Baja;D;0,45;0,63
2026-08-11 13:56;9,70865;-75,10381;VIIRS-NOAA-21;77,9;30,3;8,2;Nominal;D;0,38;0,59
2026-08-11 13:56;9,70823;-75,10722;VIIRS-NOAA-21;61,8;28,9;5,3;Nominal;D;0,38;0,59
2026-08-11 13:56;9,79858;-74,41999;VIIRS-NOAA-21;61,1;25,9;4,3;Nominal;D;0,42;0,61
2026-08-11 13:56;9,85701;-74,31807;VIIRS-NOAA-21;57,2;28,8;14,4;Baja;D;0,43;0,62
2026-08-11 13:56;9,85652;-74,32193;VIIRS-NOAA-21;80,7;32,0;14,4;Nominal;D;0,43;0,62
2026-08-11 13:56;9,79493;-75,06882;VIIRS-NOAA-21;93,9;23,4;11,9;Alta;D;0,38;0,59
2026-08-11 13:56;10,03109;-73,21989;VIIRS-NOAA-21;58,5;27,4;4,3;Nominal;D;0,52;0,67
2026-08-11 13:56;9,83267;-75,09848;VIIRS-NOAA-21;93,9;23,4;11,5;Alta;D;0,38;0,59
2026-08-11 13:56;9,83224;-75,10188;VIIRS-NOAA-21;93,9;23,1;11,5;Alta;D;0,38;0,59
2026-08-11 13:56;9,91425;-74,44028;VIIRS-NOAA-21;60,1;27,2;4,4;Nominal;D;0,42;0,61
2026-08-11 13:56;10,00464;-74,44772;VIIRS-NOAA-21;62,2;25,9;4,0;Nominal;D;0,42;0,61
2026-08-11 13:56;10,00839;-74,4482;VIIRS-NOAA-21;66,5;26,9;4,3;Nominal;D;0,42;0,61
2026-08-11 13:56;10,23664;-73,46261;VIIRS-NOAA-21;59,4;28,8;4,1;Nominal;D;0,5;0,66
2026-08-11 13:56;10,20205;-73,78392;VIIRS-NOAA-21;56,9;27,0;5,4;Baja;D;0,48;0,64
2026-08-11 13:56;10,20088;-73,78494;VIIRS-NOAA-21;68,6;26,6;5,3;Nominal;D;0,48;0,64
2026-08-11 13:56;10,20908;-73,76646;VIIRS-NOAA-21;93,9;28,7;26,9;Alta;D;0,48;0,64
2026-08-11 13:56;10,20325;-73,81504;VIIRS-NOAA-21;57,3;25,8;2,9;Nominal;D;0,47;0,64
2026-08-11 13:56;10,13143;-74,45449;VIIRS-NOAA-21;60,8;26,7;1,7;Nominal;D;0,43;0,62
2026-08-11 13:56;10,23764;-73,77752;VIIRS-NOAA-21;60,3;24,8;3,8;Nominal;D;0,48;0,64
2026-08-11 13:56;10,13889;-74,57838;VIIRS-NOAA-21;59,4;26,8;2,2;Nominal;D;0,42;0,61
2026-08-11 13:56;10,25811;-73,70802;VIIRS-NOAA-21;93,9;26,6;15,0;Alta;D;0,48;0,65
2026-08-11 13:56;10,27759;-73,54878;VIIRS-NOAA-21;56,9;25,1;3,7;Nominal;D;0,49;0,65
2026-08-11 13:56;10,26393;-73,70951;VIIRS-NOAA-21;93,9;27,0;13,9;Alta;D;0,48;0,65
2026-08-11 13:56;10,31107;-73,76434;VIIRS-NOAA-21;93,9;22,5;10,1;Alta;D;0,48;0,65
2026-08-11 13:56;10,31597;-73,76282;VIIRS-NOAA-21;93,9;23,5;12,4;Alta;D;0,48;0,65
2026-08-11 13:56;10,28971;-73,98118;VIIRS-NOAA-21;71,2;22,2;8,4;Nominal;D;0,46;0,64
2026-08-11 13:56;10,28928;-73,98476;VIIRS-NOAA-21;72,8;23,0;8,4;Nominal;D;0,46;0,64
2026-08-11 13:56;9,61832;-74,13236;VIIRS-NOAA-21;66,0;29,9;2,7;Nominal;D;0,44;0,62
2026-08-11 13:56;9,6947;-73,53961;VIIRS-NOAA-21;69,0;27,8;13,3;Nominal;D;0,49;0,65
2026-08-11 13:56;9,51005;-74,83398;VIIRS-NOAA-21;93,9;28,3;9,7;Alta;D;0,39;0,59
2026-08-11 13:56;9,66019;-73,52636;VIIRS-NOAA-21;62,8;27,6;4,3;Nominal;D;0,49;0,65
2026-08-11 13:56;9,66329;-73,20648;VIIRS-NOAA-21;61,6;29,5;9,8;Nominal;D;0,51;0,66
2026-08-11 13:56;9,57662;-73,717;VIIRS-NOAA-21;65,4;27,9;3,1;Nominal;D;0,47;0,64
2026-08-11 13:56;9,5642;-73,67208;VIIRS-NOAA-21;64,7;30,0;5,2;Nominal;D;0,47;0,64
2026-08-11 13:56;9,56525;-73,6709;VIIRS-NOAA-21;61,4;30,7;3,4;Nominal;D;0,47;0,64
2026-08-11 13:56;9,40336;-74,7887;VIIRS-NOAA-21;62,4;26,4;5,1;Nominal;D;0,39;0,6
2026-08-11 13:56;9,57197;-73,42892;VIIRS-NOAA-21;58,5;29,7;13,8;Nominal;D;0,49;0,65
2026-08-11 13:56;9,57142;-73,43332;VIIRS-NOAA-21;93,9;31,5;11,1;Alta;D;0,49;0,65
2026-08-11 13:56;9,56489;-73,43698;VIIRS-NOAA-21;61,3;31,5;11,1;Nominal;D;0,49;0,65
2026-08-11 13:56;9,56544;-73,43262;VIIRS-NOAA-21;76,2;31,6;11,1;Nominal;D;0,49;0,65
2026-08-11 13:56;9,56434;-73,44138;VIIRS-NOAA-21;93,9;32,9;22,9;Alta;D;0,49;0,65
2026-08-11 13:56;9,54143;-73,52766;VIIRS-NOAA-21;61,5;30,1;5,8;Nominal;D;0,48;0,65
2026-08-11 13:56;9,49377;-73,71773;VIIRS-NOAA-21;59,2;27,2;7,0;Nominal;D;0,47;0,64
2026-08-11 13:56;9,55009;-73,26206;VIIRS-NOAA-21;57,2;29,4;5,2;Baja;D;0,51;0,66
2026-08-11 13:56;9,5145;-73,55058;VIIRS-NOAA-21;93,9;31,3;9,9;Alta;D;0,48;0,65
2026-08-11 13:56;9,54343;-73,26649;VIIRS-NOAA-21;81,8;31,4;13,9;Nominal;D;0,51;0,66
2026-08-11 13:56;9,49763;-73,29106;VIIRS-NOAA-21;61,4;29,5;3,8;Nominal;D;0,5;0,66
2026-08-11 13:56;9,4951;-73,29211;VIIRS-NOAA-21;64,9;30,1;4,1;Nominal;D;0,5;0,66
2026-08-11 13:56;9,4773;-73,28787;VIIRS-NOAA-21;62,9;29,3;7,6;Nominal;D;0,5;0,66
2026-08-11 13:56;9,47786;-73,28346;VIIRS-NOAA-21;65,7;29,6;7,6;Nominal;D;0,5;0,66
2026-08-11 13:56;9,39687;-73,64108;VIIRS-NOAA-21;69,6;31,0;12,0;Nominal;D;0,47;0,64
2026-08-11 13:56;9,3974;-73,63682;VIIRS-NOAA-21;60,0;31,4;6,8;Nominal;D;0,47;0,64
2026-08-11 16:12;1,43846;-77,52993;MODIS-Aqua;75,0;30,1;187,9;95 %;D;2,49;1,52
2026-08-11 16:12;1,39221;-77,48895;MODIS-Aqua;45,2;25,4;33,2;63 %;D;2,5;1,52
2026-08-11 16:12;1,38771;-77,51924;MODIS-Aqua;55,2;24,8;73,4;84 %;D;2,49;1,52
2026-08-11 14:30;2,11488;-76,96626;VIIRS-Suomi-NPP;81,0;26,3;21,0;Nominal;D;0,59;0,7
2026-08-11 14:30;1,4435;-77,53943;VIIRS-Suomi-NPP;66,6;28,4;13,7;Nominal;D;0,52;0,67
2026-08-11 14:30;1,44279;-77,54403;VIIRS-Suomi-NPP;58,9;27,4;13,7;Nominal;D;0,52;0,67
2026-08-11 14:30;1,45041;-77,53588;VIIRS-Suomi-NPP;93,9;27,2;19,8;Alta;D;0,53;0,67
2026-08-11 14:30;1,44965;-77,54083;VIIRS-Suomi-NPP;93,9;26,5;13,7;Alta;D;0,52;0,67
2026-08-11 14:30;1,45703;-77,53426;VIIRS-Suomi-NPP;93,9;26,7;22,1;Alta;D;0,53;0,67
2026-08-11 14:30;1,45606;-77,5405;VIIRS-Suomi-NPP;93,9;23,9;22,1;Alta;D;0,53;0,67
2026-08-11 14:30;1,48927;-77,56137;VIIRS-Suomi-NPP;54,7;16,1;5,1;Nominal;D;0,53;0,67
2026-08-11 14:30;1,89153;-77,03989;VIIRS-Suomi-NPP;54,3;21,4;2,8;Nominal;D;0,57;0,69
2026-08-11 14:30;1,89911;-77,20753;VIIRS-Suomi-NPP;93,9;29,2;20,0;Alta;D;0,56;0,69
2026-08-11 14:30;1,89829;-77,21299;VIIRS-Suomi-NPP;83,3;26,9;8,1;Nominal;D;0,56;0,69
2026-08-11 14:30;2,11572;-76,9608;VIIRS-Suomi-NPP;70,0;26,4;12,6;Nominal;D;0,59;0,7
2026-08-11 14:30;2,12133;-76,96754;VIIRS-Suomi-NPP;93,9;28,3;21,0;Alta;D;0,59;0,7
2026-08-11 14:30;2,12047;-76,9731;VIIRS-Suomi-NPP;93,9;27,5;21,0;Alta;D;0,59;0,7
2026-08-11 14:30;2,12303;-76,95663;VIIRS-Suomi-NPP;80,1;26,8;12,6;Nominal;D;0,59;0,7
2026-08-11 14:30;2,1222;-76,96197;VIIRS-Suomi-NPP;69,4;27,1;12,6;Nominal;D;0,59;0,7
2026-08-11 14:30;2,11467;-76,96204;VIIRS-Suomi-NPP;67,7;26,4;16,2;Nominal;D;0,59;0,7
2026-08-11 14:30;2,11387;-76,9675;VIIRS-Suomi-NPP;73,7;25,5;16,2;Nominal;D;0,59;0,7
2026-08-11 14:30;2,12032;-76,96887;VIIRS-Suomi-NPP;93,9;28,5;16,2;Alta;D;0,59;0,7
2026-08-11 14:30;2,1195;-76,97439;VIIRS-Suomi-NPP;93,9;26,7;32,7;Alta;D;0,59;0,7
2026-08-11 14:30;2,12195;-76,95786;VIIRS-Suomi-NPP;80,7;26,8;18,4;Nominal;D;0,59;0,7
2026-08-11 14:30;2,12115;-76,96323;VIIRS-Suomi-NPP;73,6;27,3;16,2;Nominal;D;0,59;0,7
2026-08-11 14:30;2,12843;-76,95904;VIIRS-Suomi-NPP;66,0;24,1;18,1;Nominal;D;0,59;0,7
2026-08-11 14:30;2,12762;-76,96449;VIIRS-Suomi-NPP;81,6;27,1;10,4;Nominal;D;0,59;0,7
2026-08-11 14:30;2,12679;-76,97011;VIIRS-Suomi-NPP;72,2;26,3;10,4;Nominal;D;0,59;0,7
2026-08-11 14:30;2,1342;-76,96503;VIIRS-Suomi-NPP;59,2;23,4;10,4;Nominal;D;0,59;0,7
2026-08-11 14:30;2,72816;-76,84203;VIIRS-Suomi-NPP;56,6;21,1;8,6;Nominal;D;0,61;0,71
2026-08-11 14:30;3,02235;-76,23788;VIIRS-Suomi-NPP;55,7;23,5;5,5;Nominal;D;0,68;0,74
2026-08-11 14:30;3,02144;-76,24052;VIIRS-Suomi-NPP;62,5;23,6;6,5;Nominal;D;0,68;0,74
2026-08-11 14:30;3,12566;-76,39047;VIIRS-Suomi-NPP;66,8;22,1;6,2;Nominal;D;0,66;0,73
2026-08-11 14:30;3,14445;-76,31151;VIIRS-Suomi-NPP;56,3;23,1;5,7;Nominal;D;0,67;0,74
2026-08-11 14:30;3,14354;-76,31759;VIIRS-Suomi-NPP;60,8;23,2;5,7;Nominal;D;0,67;0,74
2026-08-11 14:30;3,13753;-76,40442;VIIRS-Suomi-NPP;64,0;21,5;6,0;Nominal;D;0,66;0,73
2026-08-11 14:30;3,13555;-76,32748;VIIRS-Suomi-NPP;57,6;23,3;4,6;Nominal;D;0,67;0,74
2026-08-11 14:30;3,14416;-76,31618;VIIRS-Suomi-NPP;70,9;24,9;7,5;Nominal;D;0,67;0,74
2026-08-11 14:30;3,13871;-76,40319;VIIRS-Suomi-NPP;55,4;20,8;9,1;Nominal;D;0,66;0,73
2026-08-11 14:30;3,75124;-76,4846;VIIRS-Suomi-NPP;93,9;21,3;23,5;Alta;D;0,67;0,74
2026-08-11 14:30;1,26565;-77,52229;VIIRS-Suomi-NPP;63,6;20,3;7,4;Nominal;D;0,52;0,67
2026-08-11 14:30;1,26241;-77,53321;VIIRS-Suomi-NPP;62,3;17,5;11,4;Nominal;D;0,52;0,67
2026-08-11 14:30;1,38276;-77,49536;VIIRS-Suomi-NPP;93,9;26,8;43,6;Alta;D;0,53;0,67
2026-08-11 14:30;1,38959;-77,49252;VIIRS-Suomi-NPP;93,9;25,7;43,6;Alta;D;0,53;0,67
2026-08-11 14:30;1,39085;-77,48452;VIIRS-Suomi-NPP;53,3;14,0;33,2;Nominal;D;0,53;0,67
2026-08-11 14:30;1,38855;-77,4991;VIIRS-Suomi-NPP;80,3;29,0;43,6;Nominal;D;0,53;0,67
2026-08-11 14:30;1,39499;-77,49877;VIIRS-Suomi-NPP;93,9;27,6;19,9;Alta;D;0,53;0,67
2026-08-11 14:30;1,39623;-77,4909;VIIRS-Suomi-NPP;63,8;19,0;19,9;Nominal;D;0,53;0,67
2026-08-11 14:30;1,38723;-77,4902;VIIRS-Suomi-NPP;93,9;23,1;42,8;Alta;D;0,53;0,67
2026-08-11 14:30;1,38595;-77,49882;VIIRS-Suomi-NPP;74,4;25,8;42,8;Nominal;D;0,53;0,67
2026-08-11 14:30;1,3924;-77,49831;VIIRS-Suomi-NPP;93,9;32,9;42,8;Alta;D;0,53;0,67
2026-08-11 14:30;1,39376;-77,48921;VIIRS-Suomi-NPP;59,6;20,9;42,8;Nominal;D;0,53;0,67
2026-08-11 14:30;1,39177;-77,50249;VIIRS-Suomi-NPP;64,2;22,4;24,5;Nominal;D;0,53;0,67
2026-08-11 14:30;1,43346;-77,52179;VIIRS-Suomi-NPP;65,4;27,7;13,4;Nominal;D;0,53;0,67
2026-08-11 14:30;1,43259;-77,52747;VIIRS-Suomi-NPP;64,5;26,6;8,7;Nominal;D;0,53;0,67
2026-08-11 14:30;1,4394;-77,52464;VIIRS-Suomi-NPP;79,0;26,2;8,7;Nominal;D;0,53;0,67
2026-08-11 14:30;1,43878;-77,52867;VIIRS-Suomi-NPP;76,1;26,7;8,7;Nominal;D;0,53;0,67
2026-08-11 14:30;1,43801;-77,53367;VIIRS-Suomi-NPP;55,3;27,4;10,9;Nominal;D;0,53;0,67
2026-08-11 14:30;1,44426;-77,53445;VIIRS-Suomi-NPP;93,9;30,5;19,8;Alta;D;0,53;0,67
2026-08-11 14:30;1,44555;-77,52608;VIIRS-Suomi-NPP;69,0;24,5;12,9;Nominal;D;0,53;0,67
2026-08-11 14:30;1,44499;-77,52972;VIIRS-Suomi-NPP;66,4;25,5;19,8;Nominal;D;0,53;0,67
2026-08-11 14:32;3,75167;-76,48703;VIIRS-Suomi-NPP;93,9;21,3;17,7;Alta;D;0,67;0,74
2026-08-11 14:32;4,12058;-76,02064;VIIRS-Suomi-NPP;68,2;19,5;12,0;Nominal;D;0,73;0,76
2026-08-11 14:32;4,11685;-76,02443;VIIRS-Suomi-NPP;63,9;21,6;5,9;Nominal;D;0,73;0,76
2026-08-11 14:32;4,1243;-76,02269;VIIRS-Suomi-NPP;57,4;21,5;5,9;Nominal;D;0,73;0,76
2026-08-11 14:32;4,26826;-75,72383;VIIRS-Suomi-NPP;93,9;21,1;31,1;Alta;D;0,77;0,77
2026-08-11 14:32;4,27048;-75,72442;VIIRS-Suomi-NPP;93,9;22,2;37,9;Alta;D;0,77;0,77
2026-08-11 21:11;1,38721;-77,50026;MODIS-Terra;29,5;18,2;10,2;32 %;N;1,8;1,32
2026-08-11 21:11;1,458;-77,56826;MODIS-Terra;34,9;15,7;20,2;53 %;N;1,79;1,31
2026-08-11 21:11;1,46028;-77,55183;MODIS-Terra;44,6;17,0;37,3;96 %;N;1,79;1,31
2026-08-11 21:11;1,46258;-77,53518;MODIS-Terra;36,4;16,8;19,5;68 %;N;1,8;1,31
2026-08-11 21:11;1,44666;-77,56578;MODIS-Terra;46,9;16,5;41,3;97 %;N;1,79;1,31
2026-08-11 21:11;1,44923;-77,54712;MODIS-Terra;49,2;19,1;45,2;100 %;N;1,79;1,31
2026-08-11 21:11;1,45149;-77,53061;MODIS-Terra;47,6;18,8;40,1;100 %;N;1,8;1,31
2026-08-11 21:13;5,85735;-75,49603;MODIS-Terra;37,3;16,8;48,5;62 %;N;3,11;1,67
2026-08-11 21:13;4,2782;-75,73666;MODIS-Terra;28,4;15,1;21,0;38 %;N;2,8;1,6
2026-08-11 21:13;4,27308;-75,73143;MODIS-Terra;29,1;14,7;25,1;39 %;N;2,8;1,6
2026-08-11 21:13;4,66378;-76,021;MODIS-Terra;31,1;16,3;23,4;59 %;N;2,69;1,57
2026-08-11 21:13;5,85608;-75,49121;MODIS-Terra;33,6;16,0;38,7;51 %;N;3,11;1,67
2026-08-11 21:13;5,85309;-75,51468;MODIS-Terra;28,2;17,3;18,4;11 %;N;3,09;1,67
2026-08-11 21:13;4,13512;-75,05164;MODIS-Terra;47,6;19,9;81,7;100 %;N;3,16;1,68
2026-08-11 21:13;4,13106;-75,07232;MODIS-Terra;36,7;19,5;31,0;79 %;N;3,14;1,68
2026-08-11 21:13;4,13482;-75,04458;MODIS-Terra;43,3;19,5;59,3;93 %;N;3,16;1,68
