Fecha (UTC-5);Lat;Lon;Fuente;Temperatura (C);Temperatura Alt* (C);Radiación térmica (MW);Confianza;Captura (Dia-Noche);Scan - real pixel size (km);Track - real pixel size (km)
2026-08-10 00:44;4,9442;-71,20895;VIIRS-NOAA-20;35,1;18,6;1,5;Nominal;N;0,32;0,55
2026-08-10 00:44;4,94379;-71,20602;VIIRS-NOAA-20;49,5;18,7;1,8;Nominal;N;0,32;0,55
2026-08-10 00:44;5,32532;-73,71523;VIIRS-NOAA-20;32,0;6,1;1,3;Nominal;N;0,49;0,65
2026-08-10 00:44;4,76902;-69,12281;VIIRS-NOAA-20;31,4;15,3;1,1;Nominal;N;0,46;0,47
2026-08-10 00:44;4,90584;-69,16812;VIIRS-NOAA-20;45,3;16,5;2,0;Nominal;N;0,47;0,48
2026-08-10 00:44;7,892;-72,5742;VIIRS-NOAA-20;31,5;17,4;1,8;Nominal;N;0,44;0,63
2026-08-10 00:44;10,8819;-72,85485;VIIRS-NOAA-20;44,0;14,9;2,2;Nominal;N;0,51;0,66
2026-08-10 00:46;4,06593;-72,33646;VIIRS-NOAA-20;37,8;14,9;1,8;Nominal;N;0,38;0,58
2026-08-10 00:46;3,52825;-72,82248;VIIRS-NOAA-20;37,8;18,3;1,5;Nominal;N;0,4;0,6
2026-08-10 00:46;2,83074;-76,75253;VIIRS-NOAA-20;59,6;13,0;9,0;Nominal;N;0,73;0,76
2026-08-10 00:46;2,83159;-76,75821;VIIRS-NOAA-20;33,8;12,2;6,7;Nominal;N;0,73;0,76
2026-08-10 00:46;4,06544;-72,33307;VIIRS-NOAA-20;61,5;15,7;3,3;Nominal;N;0,38;0,58
2026-08-10 00:46;4,06495;-72,3297;VIIRS-NOAA-20;62,8;16,3;3,3;Nominal;N;0,38;0,58
2026-08-10 01:29;9,9028;-73,13972;VIIRS-NOAA-21;26,0;-3,7;;Nominal;N;0,4;0,37
2026-08-10 01:29;9,90224;-73,13625;VIIRS-NOAA-21;34,2;-2,0;;Nominal;N;0,4;0,37
2026-08-10 01:29;9,89945;-73,14017;VIIRS-NOAA-21;61,7;-3,6;2,9;Nominal;N;0,4;0,37
2026-08-10 01:29;9,89889;-73,13667;VIIRS-NOAA-21;41,8;-2,1;2,6;Nominal;N;0,4;0,37
2026-08-10 01:29;9,8961;-73,14063;VIIRS-NOAA-21;43,5;-4,3;2,9;Nominal;N;0,4;0,37
2026-08-10 01:29;5,77761;-72,88152;VIIRS-NOAA-21;53,2;6,5;4,4;Nominal;N;0,43;0,38
2026-08-10 01:29;5,77351;-72,87816;VIIRS-NOAA-21;23,1;10,6;1,9;Nominal;N;0,43;0,38
2026-08-10 01:29;5,77288;-72,87431;VIIRS-NOAA-21;30,5;12,0;1,9;Nominal;N;0,43;0,38
2026-08-10 01:29;5,76187;-72,93099;VIIRS-NOAA-21;24,3;10,3;1,1;Nominal;N;0,43;0,38
2026-08-10 01:29;4,90245;-69,16532;VIIRS-NOAA-21;48,6;17,3;2,9;Nominal;N;0,48;0,48
2026-08-10 01:29;5,53646;-73,52722;VIIRS-NOAA-21;38,5;11,1;1,5;Nominal;N;0,41;0,37
2026-08-10 01:29;5,53589;-73,52364;VIIRS-NOAA-21;23,5;8,8;;Nominal;N;0,41;0,37
2026-08-10 01:29;5,53308;-73,52785;VIIRS-NOAA-21;25,8;9,1;1,5;Nominal;N;0,41;0,37
2026-08-10 01:29;5,5325;-73,52422;VIIRS-NOAA-21;34,6;9,3;;Nominal;N;0,41;0,37
2026-08-10 01:29;5,52632;-73,52913;VIIRS-NOAA-21;23,3;9,2;1,0;Nominal;N;0,41;0,37
2026-08-10 01:29;5,52573;-73,52541;VIIRS-NOAA-21;30,1;5,9;;Nominal;N;0,41;0,37
2026-08-10 01:29;5,61664;-74,31889;VIIRS-NOAA-21;31,9;18,8;;Nominal;N;0,39;0,36
2026-08-10 01:29;5,47709;-73,52567;VIIRS-NOAA-21;25,1;11,1;1,0;Nominal;N;0,41;0,37
2026-08-10 01:29;5,4678;-73,55467;VIIRS-NOAA-21;25,3;6,2;1,0;Nominal;N;0,41;0,37
2026-08-10 01:29;5,46161;-73,5594;VIIRS-NOAA-21;27,4;6,2;2,1;Nominal;N;0,41;0,37
2026-08-10 01:29;5,44538;-73,58809;VIIRS-NOAA-21;25,1;6,2;1,1;Nominal;N;0,41;0,37
2026-08-10 01:29;5,42092;-73,6398;VIIRS-NOAA-21;22,3;6,8;;Nominal;N;0,41;0,37
2026-08-10 01:29;5,3238;-73,71362;VIIRS-NOAA-21;51,4;9,3;3,2;Nominal;N;0,41;0,37
2026-08-10 01:29;5,31265;-73,73072;VIIRS-NOAA-21;30,2;6,3;1,0;Nominal;N;0,41;0,37
2026-08-10 01:29;5,22957;-73,80699;VIIRS-NOAA-21;23,0;8,2;;Nominal;N;0,41;0,37
2026-08-10 01:29;5,22622;-73,80763;VIIRS-NOAA-21;24,1;8,2;;Nominal;N;0,41;0,37
2026-08-10 01:29;5,21612;-74,32516;VIIRS-NOAA-21;28,6;16,3;;Nominal;N;0,39;0,36
2026-08-10 01:29;5,02789;-75,44744;VIIRS-NOAA-21;22,7;11,3;;Nominal;N;0,38;0,36
2026-08-10 01:29;4,89215;-75,31857;VIIRS-NOAA-21;56,6;8,4;3,4;Nominal;N;0,38;0,36
2026-08-10 01:29;4,49974;-74,14231;VIIRS-NOAA-21;45,5;8,1;1,4;Nominal;N;0,4;0,37
2026-08-10 01:29;4,59622;-74,81921;VIIRS-NOAA-21;38,4;22,3;2,2;Nominal;N;0,39;0,36
2026-08-10 01:29;4,60475;-75,00304;VIIRS-NOAA-21;33,8;19,4;;Nominal;N;0,39;0,36
2026-08-10 01:29;4,06597;-72,33183;VIIRS-NOAA-21;53,0;21,1;2,5;Nominal;N;0,48;0,4
2026-08-10 01:29;4,06529;-72,32757;VIIRS-NOAA-21;37,3;20,8;2,5;Nominal;N;0,48;0,4
2026-08-10 01:29;4,06233;-72,3324;VIIRS-NOAA-21;40,9;21,2;2,0;Nominal;N;0,48;0,4
2026-08-10 01:29;4,06164;-72,32815;VIIRS-NOAA-21;45,4;21,0;2,0;Nominal;N;0,48;0,4
2026-08-10 01:29;4,30662;-75,09929;VIIRS-NOAA-21;41,2;21,6;1,8;Nominal;N;0,39;0,36
2026-08-10 01:29;4,12733;-75,2585;VIIRS-NOAA-21;35,5;18,6;;Nominal;N;0,39;0,36
2026-08-10 01:29;3,15099;-72,1981;VIIRS-NOAA-21;31,8;20,5;1,0;Nominal;N;0,5;0,41
2026-08-10 01:29;3,14858;-72,19633;VIIRS-NOAA-21;30,8;20,1;;Nominal;N;0,5;0,41
2026-08-10 01:29;3,67319;-76,44904;VIIRS-NOAA-21;30,5;19,1;;Nominal;N;0,39;0,36
2026-08-10 01:29;3,4545;-75,63531;VIIRS-NOAA-21;33,5;18,6;;Nominal;N;0,38;0,36
2026-08-10 01:29;3,4024;-75,47482;VIIRS-NOAA-21;32,6;18,3;;Nominal;N;0,39;0,36
2026-08-10 01:29;3,40186;-75,47137;VIIRS-NOAA-21;31,6;17,9;;Nominal;N;0,39;0,36
2026-08-10 01:29;11,13732;-72,57456;VIIRS-NOAA-21;31,5;20,5;2,1;Nominal;N;0,4;0,37
2026-08-10 01:29;11,13674;-72,57092;VIIRS-NOAA-21;33,2;21,5;2,5;Nominal;N;0,4;0,37
2026-08-10 01:29;11,13396;-72,57512;VIIRS-NOAA-21;38,5;22,4;2,1;Nominal;N;0,4;0,37
2026-08-10 01:29;11,13118;-72,57933;VIIRS-NOAA-21;36,5;22,0;4,2;Nominal;N;0,4;0,37
2026-08-10 01:29;10,97675;-72,72471;VIIRS-NOAA-21;41,4;22,0;4,5;Nominal;N;0,4;0,37
2026-08-10 01:29;10,9716;-72,72878;VIIRS-NOAA-21;35,9;21,2;3,8;Nominal;N;0,4;0,37
2026-08-10 01:29;10,41377;-73,31197;VIIRS-NOAA-21;38,7;20,5;;Nominal;N;0,39;0,36
2026-08-10 01:29;10,00852;-73,48253;VIIRS-NOAA-21;28,9;-6,7;1,0;Nominal;N;0,39;0,36
2026-08-10 01:31;2,82931;-76,7532;VIIRS-NOAA-21;26,0;13,3;;Nominal;N;0,39;0,36
2026-08-10 01:31;7,82502;-72,50115;VIIRS-NOAA-21;33,4;21,5;1,4;Nominal;N;0,43;0,38
2026-08-10 01:31;7,88969;-72,57251;VIIRS-NOAA-21;35,1;20,6;1,7;Nominal;N;0,43;0,38
2026-08-10 01:31;7,89272;-72,59158;VIIRS-NOAA-21;35,2;19,3;1,7;Nominal;N;0,42;0,38
2026-08-10 01:31;7,89193;-72,56433;VIIRS-NOAA-21;36,8;20,5;2,0;Nominal;N;0,43;0,38
2026-08-10 01:31;7,89678;-72,59483;VIIRS-NOAA-21;37,9;19,5;1,6;Nominal;N;0,42;0,38
2026-08-10 01:31;7,95336;-72,48881;VIIRS-NOAA-21;46,7;21,5;3,5;Nominal;N;0,43;0,38
2026-08-10 01:31;7,99085;-72,47911;VIIRS-NOAA-21;33,2;20,6;1,7;Nominal;N;0,43;0,38
2026-08-10 01:31;7,99315;-72,47884;VIIRS-NOAA-21;35,5;20,4;2,0;Nominal;N;0,43;0,38
2026-08-10 01:31;8,03338;-72,42022;VIIRS-NOAA-21;38,7;21,6;2,1;Nominal;N;0,43;0,38
2026-08-10 01:31;8,07739;-72,6053;VIIRS-NOAA-21;36,5;22,4;2,6;Nominal;N;0,42;0,38
2026-08-10 01:31;8,08303;-72,59641;VIIRS-NOAA-21;45,2;23,0;3,2;Nominal;N;0,42;0,38
2026-08-10 01:31;1,9226;-76,87328;VIIRS-NOAA-21;55,6;19,2;9,5;Nominal;N;0,39;0,36
2026-08-10 01:31;2,4553;-76,44758;VIIRS-NOAA-21;26,8;10,1;1,0;Nominal;N;0,39;0,36
2026-08-10 01:31;2,53979;-76,64273;VIIRS-NOAA-21;54,8;13,5;6,0;Nominal;N;0,39;0,36
2026-08-10 01:31;2,15034;-73,82985;VIIRS-NOAA-21;56,6;19,0;3,7;Nominal;N;0,43;0,38
2026-08-10 01:31;2,1526;-73,82168;VIIRS-NOAA-21;36,3;18,8;;Nominal;N;0,43;0,38
2026-08-10 01:31;2,5937;-76,63785;VIIRS-NOAA-21;31,4;12,6;1,4;Nominal;N;0,39;0,36
2026-08-10 01:31;2,59619;-76,56692;VIIRS-NOAA-21;51,4;16,5;6,0;Nominal;N;0,39;0,36
2026-08-10 01:31;2,59673;-76,57036;VIIRS-NOAA-21;53,3;13,4;6,0;Nominal;N;0,39;0,36
2026-08-10 01:31;2,59949;-76,56641;VIIRS-NOAA-21;24,7;12,1;2,2;Nominal;N;0,39;0,36
2026-08-10 01:31;2,60003;-76,56985;VIIRS-NOAA-21;57,1;15,9;2,2;Nominal;N;0,39;0,36
2026-08-10 00:25;4,90482;-69,16503;VIIRS-Suomi-NPP;34,1;11,3;1,6;Nominal;N;0,63;0,72
2026-08-10 00:25;4,90564;-69,17088;VIIRS-Suomi-NPP;34,9;11,6;1,6;Nominal;N;0,63;0,72
2026-08-10 03:11;9,3584;-73,41171;MODIS-Aqua;37,2;16,7;22,8;80 %;N;1,97;1,37
2026-08-10 02:03;10,97572;-72,7281;VIIRS-Suomi-NPP;40,7;18,2;7,2;Nominal;N;0,59;0,53
2026-08-10 02:03;10,97956;-72,72192;VIIRS-Suomi-NPP;32,6;17,6;5,6;Nominal;N;0,59;0,53
2026-08-10 02:05;4,06108;-72,33294;VIIRS-Suomi-NPP;29,9;18,7;;Nominal;N;0,41;0,61
2026-08-10 02:05;4,06666;-72,33203;VIIRS-Suomi-NPP;42,0;18,7;1,4;Nominal;N;0,41;0,61
2026-08-10 02:05;5,32373;-73,71254;VIIRS-Suomi-NPP;31,8;7,1;2,5;Nominal;N;0,63;0,54
2026-08-10 02:05;4,89173;-75,32349;VIIRS-Suomi-NPP;28,6;-4,0;2,5;Nominal;N;0,5;0,49
2026-08-10 02:05;4,89335;-75,32092;VIIRS-Suomi-NPP;36,4;0,4;2,0;Nominal;N;0,5;0,49
2026-08-10 02:05;4,50034;-74,14098;VIIRS-Suomi-NPP;28,9;7,1;1,9;Nominal;N;0,61;0,53
2026-08-10 02:05;8,08313;-72,59611;VIIRS-Suomi-NPP;24,8;-2,5;;Nominal;N;0,34;0,56
2026-08-10 02:05;7,95174;-72,49023;VIIRS-Suomi-NPP;32,9;16,3;;Nominal;N;0,34;0,56
2026-08-10 02:05;7,89619;-72,59513;VIIRS-Suomi-NPP;30,2;15,8;;Nominal;N;0,34;0,56
2026-08-10 02:05;4,49851;-74,1441;VIIRS-Suomi-NPP;29,9;6,2;2,3;Nominal;N;0,61;0,53
2026-08-10 02:05;4,06312;-72,33149;VIIRS-Suomi-NPP;43,3;19,0;1,0;Nominal;N;0,41;0,61
2026-08-10 02:05;4,06375;-72,33524;VIIRS-Suomi-NPP;30,9;18,8;1,0;Nominal;N;0,41;0,61
2026-08-10 02:07;2,66622;-76,82838;VIIRS-Suomi-NPP;30,1;12,4;;Nominal;N;0,43;0,46
2026-08-10 02:07;2,66203;-76,82906;VIIRS-Suomi-NPP;29,6;13,2;;Nominal;N;0,43;0,46
2026-08-10 02:07;2,59833;-76,5673;VIIRS-Suomi-NPP;54,0;15,8;3,6;Nominal;N;0,45;0,47
2026-08-10 02:07;2,59896;-76,57124;VIIRS-Suomi-NPP;43,5;12,9;3,6;Nominal;N;0,45;0,47
2026-08-10 02:07;2,15074;-73,83098;VIIRS-Suomi-NPP;31,1;15,9;;Nominal;N;0,35;0,57
2026-08-10 02:07;2,15023;-73,82781;VIIRS-Suomi-NPP;36,7;16,0;;Nominal;N;0,35;0,57
2026-08-10 02:07;2,5411;-76,64552;VIIRS-Suomi-NPP;44,9;13,1;2,6;Nominal;N;0,44;0,46
2026-08-10 02:07;2,54044;-76,64153;VIIRS-Suomi-NPP;41,7;11,4;2,6;Nominal;N;0,44;0,46
2026-08-10 02:07;1,92238;-76,87608;VIIRS-Suomi-NPP;34,0;16,1;1,3;Nominal;N;0,44;0,46
2026-08-10 02:07;1,92252;-76,87498;VIIRS-Suomi-NPP;36,4;16,3;1,4;Nominal;N;0,44;0,46
2026-08-10 08:12;4,7662;-69,12529;MODIS-Terra;38,9;21,1;6,6;60 %;D;1,19;1,08
2026-08-10 15:34;5,93122;-74,96236;MODIS-Aqua;52,3;28,6;18,0;79 %;D;1,02;1,01
2026-08-10 15:34;4,12766;-75,08607;MODIS-Aqua;60,5;34,4;20,9;87 %;D;1,0;1,0
2026-08-10 15:34;4,12637;-75,09481;MODIS-Aqua;63,5;35,1;25,9;89 %;D;1,0;1,0
2026-08-10 15:34;4,1393;-75,08456;MODIS-Aqua;49,7;33,1;8,0;75 %;D;1,0;1,0
2026-08-10 15:34;4,13803;-75,0933;MODIS-Aqua;67,5;34,7;32,4;91 %;D;1,0;1,0
2026-08-10 15:34;4,12254;-75,26032;MODIS-Aqua;57,0;33,1;18,4;84 %;D;1,0;1,0
2026-08-10 15:34;4,13254;-75,25298;MODIS-Aqua;67,0;31,8;34,2;90 %;D;1,0;1,0
2026-08-10 15:34;4,13127;-75,26161;MODIS-Aqua;54,8;33,8;15,6;63 %;D;1,0;1,0
2026-08-10 15:34;4,26176;-74,49028;MODIS-Aqua;46,1;29,8;7,0;45 %;D;1,03;1,01
2026-08-10 15:34;4,26046;-74,49927;MODIS-Aqua;95,4;34,5;105,0;100 %;D;1,03;1,01
2026-08-10 15:34;4,05245;-75,97906;MODIS-Aqua;47,9;27,1;14,9;75 %;D;1,01;1,0
2026-08-10 15:34;4,20258;-75,20113;MODIS-Aqua;42,2;27,6;5,6;34 %;D;1,0;1,0
2026-08-10 15:34;0,83917;-75,65069;MODIS-Aqua;37,9;24,7;4,6;60 %;D;1,02;1,01
2026-08-10 15:34;1,07333;-77,57145;MODIS-Aqua;29,0;18,0;3,4;39 %;D;1,23;1,1
2026-08-10 15:34;1,28397;-77,62533;MODIS-Aqua;38,5;24,8;9,4;58 %;D;1,23;1,1
2026-08-10 15:34;1,29373;-77,62584;MODIS-Aqua;57,5;22,8;35,6;86 %;D;1,23;1,1
2026-08-10 15:34;1,29226;-77,63567;MODIS-Aqua;39,3;21,0;11,5;62 %;D;1,24;1,1
2026-08-10 15:34;1,30338;-77,69309;MODIS-Aqua;40,4;22,4;13,9;71 %;D;1,24;1,11
2026-08-10 15:34;1,42862;-77,53404;MODIS-Aqua;80,0;30,2;82,0;97 %;D;1,21;1,1
2026-08-10 15:34;1,42679;-77,54639;MODIS-Aqua;125,3;39,9;315,4;100 %;D;1,22;1,1
2026-08-10 15:34;1,43625;-77,54854;MODIS-Aqua;77,9;32,8;77,0;96 %;D;1,22;1,1
2026-08-10 15:34;1,49247;-77,40332;MODIS-Aqua;52,8;33,3;19,0;62 %;D;1,19;1,09
2026-08-10 15:34;1,66197;-77,40079;MODIS-Aqua;63,0;25,6;40,6;89 %;D;1,19;1,08
2026-08-10 15:34;1,66057;-77,41029;MODIS-Aqua;54,3;23,4;25,7;84 %;D;1,19;1,08
2026-08-10 15:34;1,6417;-77,57452;MODIS-Aqua;35,9;23,4;7,9;47 %;D;1,21;1,09
2026-08-10 15:34;1,7991;-76,96995;MODIS-Aqua;66,8;28,3;43,8;91 %;D;1,12;1,06
2026-08-10 15:34;1,79764;-76,9799;MODIS-Aqua;52,7;30,8;20,1;83 %;D;1,12;1,06
2026-08-10 15:34;1,80834;-76,97108;MODIS-Aqua;60,5;28,5;32,1;88 %;D;1,12;1,06
2026-08-10 15:34;1,80682;-76,9815;MODIS-Aqua;95,7;33,6;125,7;100 %;D;1,12;1,06
2026-08-10 15:34;1,80537;-76,99135;MODIS-Aqua;50,8;28,9;17,6;81 %;D;1,12;1,06
2026-08-10 15:34;1,81611;-76,9822;MODIS-Aqua;64,6;26,4;38,6;90 %;D;1,12;1,06
2026-08-10 15:34;1,81462;-76,99245;MODIS-Aqua;53,3;27,2;19,9;83 %;D;1,12;1,06
2026-08-10 15:34;2,10809;-75,76052;MODIS-Aqua;46,8;28,5;11,7;51 %;D;1,02;1,01
2026-08-10 15:34;2,10764;-76,81688;MODIS-Aqua;45,1;25,5;12,0;75 %;D;1,1;1,04
2026-08-10 15:34;2,10617;-76,82695;MODIS-Aqua;42,8;26,7;8,9;73 %;D;1,1;1,05
2026-08-10 15:34;2,09199;-76,92348;MODIS-Aqua;54,6;32,7;19,1;84 %;D;1,11;1,05
2026-08-10 15:34;2,0906;-76,93292;MODIS-Aqua;46,1;31,6;8,1;55 %;D;1,11;1,05
2026-08-10 15:34;2,17134;-76,952;MODIS-Aqua;68,0;32,4;40,5;92 %;D;1,11;1,05
2026-08-10 15:34;2,16987;-76,96201;MODIS-Aqua;48,9;32,8;10,4;79 %;D;1,11;1,05
2026-08-10 15:34;2,2433;-76,77248;MODIS-Aqua;44,1;28,1;9,6;61 %;D;1,09;1,04
2026-08-10 15:34;2,24186;-76,78204;MODIS-Aqua;64,1;29,6;36,5;90 %;D;1,09;1,04
2026-08-10 15:34;2,16675;-77,34623;MODIS-Aqua;42,2;20,6;15,5;72 %;D;1,16;1,07
2026-08-10 15:34;2,46446;-76,90343;MODIS-Aqua;61,5;29,6;33,8;88 %;D;1,1;1,05
2026-08-10 15:34;2,46305;-76,91297;MODIS-Aqua;62,5;31,0;36,1;89 %;D;1,1;1,05
2026-08-10 15:34;2,47357;-76,9047;MODIS-Aqua;79,4;28,8;72,0;97 %;D;1,1;1,05
2026-08-10 15:34;2,47218;-76,91418;MODIS-Aqua;103,0;30,6;153,4;100 %;D;1,1;1,05
2026-08-10 15:34;2,7222;-75,60099;MODIS-Aqua;54,4;26,4;20,2;84 %;D;1,01;1,0
2026-08-10 15:34;2,72091;-75,6097;MODIS-Aqua;39,8;25,6;6,3;64 %;D;1,01;1,0
2026-08-10 15:34;4,23322;-75,07831;MODIS-Aqua;67,4;34,3;31,8;68 %;D;1,0;1,0
2026-08-10 15:34;2,59497;-76,46209;MODIS-Aqua;37,3;24,1;6,1;62 %;D;1,05;1,03
2026-08-10 15:34;4,20263;-75,28772;MODIS-Aqua;49,2;29,7;12,7;58 %;D;1,0;1,0
2026-08-10 15:34;2,59362;-76,47123;MODIS-Aqua;54,2;27,3;23,2;83 %;D;1,05;1,03
2026-08-10 15:34;4,24324;-75,07088;MODIS-Aqua;106,4;34,0;140,3;100 %;D;1,0;1,0
2026-08-10 15:34;2,60403;-76,58662;MODIS-Aqua;67,4;29,9;41,8;91 %;D;1,06;1,03
2026-08-10 15:34;4,24196;-75,07961;MODIS-Aqua;160,6;50,7;514,1;100 %;D;1,0;1,0
2026-08-10 15:34;3,47586;-71,5508;MODIS-Aqua;33,5;11,4;6,7;53 %;D;1,42;1,18
2026-08-10 15:34;4,24069;-75,08834;MODIS-Aqua;55,6;35,2;14,8;65 %;D;1,0;1,0
2026-08-10 15:34;2,79307;-76,49599;MODIS-Aqua;45,0;29,6;9,1;75 %;D;1,05;1,02
2026-08-10 15:34;4,25199;-75,07218;MODIS-Aqua;50,7;31,3;10,3;78 %;D;1,0;1,0
2026-08-10 15:34;2,80459;-76,85221;MODIS-Aqua;40,4;24,3;10,5;70 %;D;1,09;1,04
2026-08-10 15:34;4,25071;-75,08092;MODIS-Aqua;79,9;35,6;57,9;97 %;D;1,0;1,0
2026-08-10 15:34;2,92313;-76,29842;MODIS-Aqua;51,8;27,1;17,8;81 %;D;1,04;1,02
2026-08-10 15:34;4,12781;-76,15916;MODIS-Aqua;62,0;34,0;24,5;87 %;D;1,02;1,01
2026-08-10 15:34;2,87071;-76,65463;MODIS-Aqua;42,7;28,5;7,3;72 %;D;1,07;1,03
2026-08-10 15:34;4,1265;-76,16805;MODIS-Aqua;64,4;34,7;28,1;89 %;D;1,02;1,01
2026-08-10 15:34;2,84972;-76,85979;MODIS-Aqua;37,7;25,9;7,6;57 %;D;1,09;1,04
2026-08-10 15:34;4,40907;-74,62385;MODIS-Aqua;53,6;36,3;10,9;80 %;D;1,02;1,01
2026-08-10 15:34;2,84841;-76,86866;MODIS-Aqua;51,3;25,9;22,4;81 %;D;1,09;1,04
2026-08-10 15:34;4,40778;-74,63272;MODIS-Aqua;73,7;38,3;42,5;94 %;D;1,02;1,01
2026-08-10 15:34;3,05123;-75,81635;MODIS-Aqua;34,1;19,1;6,4;43 %;D;1,01;1,01
2026-08-10 15:34;4,37536;-74,91727;MODIS-Aqua;83,8;34,5;69,4;98 %;D;1,01;1,0
2026-08-10 15:34;2,98212;-76,77771;MODIS-Aqua;38,8;27,2;6,0;61 %;D;1,07;1,03
2026-08-10 15:34;4,37407;-74,92614;MODIS-Aqua;44,2;31,3;5,2;64 %;D;1,01;1,0
2026-08-10 15:34;3,18652;-75,52194;MODIS-Aqua;45,7;26,9;11,4;74 %;D;1,0;1,0
2026-08-10 15:34;4,32549;-75,25854;MODIS-Aqua;44,8;27,1;10,2;61 %;D;1,0;1,0
2026-08-10 15:34;3,18524;-75,53059;MODIS-Aqua;59,5;25,7;27,4;86 %;D;1,0;1,0
2026-08-10 15:34;4,64664;-74,19607;MODIS-Aqua;46,9;24,1;14,3;72 %;D;1,05;1,03
2026-08-10 15:34;3,05346;-76,54481;MODIS-Aqua;46,7;31,4;9,1;67 %;D;1,05;1,02
2026-08-10 15:34;3,05211;-76,55393;MODIS-Aqua;53,0;31,9;17,0;82 %;D;1,05;1,02
2026-08-10 15:34;4,54817;-74,99969;MODIS-Aqua;75,8;37,6;47,4;95 %;D;1,01;1,0
2026-08-10 15:34;3,12728;-76,36764;MODIS-Aqua;55,3;31,6;17,9;83 %;D;1,04;1,02
2026-08-10 15:34;3,16443;-76,17924;MODIS-Aqua;39,2;24,2;6,6;57 %;D;1,03;1,01
2026-08-10 15:34;4,54688;-75,00854;MODIS-Aqua;66,2;36,9;30,6;90 %;D;1,01;1,0
2026-08-10 15:34;3,14771;-76,35229;MODIS-Aqua;47,4;33,1;7,5;75 %;D;1,04;1,02
2026-08-10 15:34;3,32299;-75,60812;MODIS-Aqua;46,5;32,5;10,0;72 %;D;1,0;1,0
2026-08-10 15:34;4,55564;-75,00983;MODIS-Aqua;68,9;36,6;36,8;91 %;D;1,01;1,0
2026-08-10 15:34;4,55435;-75,01868;MODIS-Aqua;54,1;34,9;15,6;81 %;D;1,01;1,0
2026-08-10 15:34;3,90156;-71,79211;MODIS-Aqua;41,4;23,8;9,2;63 %;D;1,39;1,17
2026-08-10 15:34;4,60196;-74,99902;MODIS-Aqua;43,7;32,7;5,6;69 %;D;1,01;1,0
2026-08-10 15:34;3,23142;-76,40737;MODIS-Aqua;54,3;34,0;14,7;82 %;D;1,04;1,02
2026-08-10 15:34;4,60066;-75,00784;MODIS-Aqua;58,7;32,1;22,8;85 %;D;1,01;1,0
2026-08-10 15:34;3,39592;-75,47646;MODIS-Aqua;48,2;29,1;12,3;68 %;D;1,0;1,0
2026-08-10 15:34;4,73419;-74,8683;MODIS-Aqua;55,3;36,9;14,2;83 %;D;1,01;1,01
2026-08-10 15:34;4,74299;-74,86958;MODIS-Aqua;49,4;36,2;6,7;65 %;D;1,01;1,01
2026-08-10 15:34;3,40646;-75,73327;MODIS-Aqua;40,8;25,5;7,8;54 %;D;1,01;1,0
2026-08-10 15:34;5,48691;-70,06689;MODIS-Aqua;60,8;23,5;74,0;86 %;D;1,99;1,38
2026-08-10 15:34;3,99857;-71,76332;MODIS-Aqua;41,5;24,5;8,9;62 %;D;1,4;1,17
2026-08-10 15:34;5,48772;-70,24055;MODIS-Aqua;39,6;23,1;12,1;52 %;D;1,93;1,36
2026-08-10 15:34;3,44802;-75,63304;MODIS-Aqua;45,1;31,8;8,7;71 %;D;1,0;1,0
2026-08-10 15:34;4,84468;-74,80975;MODIS-Aqua;56,2;36,0;14,0;84 %;D;1,02;1,01
2026-08-10 15:34;3,48236;-75,46044;MODIS-Aqua;51,3;34,1;9,7;35 %;D;1,0;1,0
2026-08-10 15:34;4,83801;-74,91739;MODIS-Aqua;50,2;35,1;8,7;79 %;D;1,01;1,01
2026-08-10 15:34;4,83672;-74,92622;MODIS-Aqua;82,9;36,7;65,2;98 %;D;1,01;1,01
2026-08-10 15:34;5,70718;-68,91814;MODIS-Aqua;41,6;21,8;20,8;61 %;D;2,49;1,52
2026-08-10 15:34;3,49237;-75,45306;MODIS-Aqua;54,3;35,3;13,1;43 %;D;1,0;1,0
2026-08-10 15:34;4,88844;-74,87955;MODIS-Aqua;53,3;36,6;12,2;81 %;D;1,02;1,01
2026-08-10 15:34;4,89724;-74,88084;MODIS-Aqua;91,2;36,4;87,5;100 %;D;1,02;1,01
2026-08-10 15:34;3,49109;-75,46172;MODIS-Aqua;100,7;39,9;117,7;100 %;D;1,0;1,0
2026-08-10 15:34;5,53533;-70,72703;MODIS-Aqua;55,4;24,8;44,6;81 %;D;1,77;1,3
2026-08-10 15:34;5,94674;-69,65675;MODIS-Aqua;77,0;22,8;178,2;90 %;D;2,19;1,43
2026-08-10 15:34;4,35043;-70,33003;MODIS-Aqua;43,1;21,4;18,6;66 %;D;1,81;1,32
2026-08-10 15:34;5,3822;-74,47156;MODIS-Aqua;44,8;27,0;8,3;53 %;D;1,05;1,02
2026-08-10 15:34;5,9224;-74,96111;MODIS-Aqua;53,3;29,0;18,9;80 %;D;1,02;1,01
2026-08-10 15:34;3,82;-75,37524;MODIS-Aqua;54,6;32,9;16,4;82 %;D;1,0;1,0
2026-08-10 15:34;3,87172;-75,2051;MODIS-Aqua;53,2;37,1;10,2;81 %;D;1,0;1,0
2026-08-10 15:34;3,8615;-75,27474;MODIS-Aqua;64,8;35,9;27,0;89 %;D;1,0;1,0
2026-08-10 15:34;5,97195;-74,86813;MODIS-Aqua;38,9;28,4;4,7;55 %;D;1,03;1,01
2026-08-10 15:34;3,86022;-75,28344;MODIS-Aqua;77,0;34,0;49,2;95 %;D;1,0;1,0
2026-08-10 15:34;6,11078;-74,87357;MODIS-Aqua;47,1;27,2;12,6;73 %;D;1,03;1,01
2026-08-10 15:34;6,28336;-74,05618;MODIS-Aqua;43,7;27,6;7,1;64 %;D;1,1;1,05
2026-08-10 15:34;3,88045;-75,20641;MODIS-Aqua;49,8;35,7;6,2;38 %;D;1,0;1,0
2026-08-10 15:34;4,54668;-70,80972;MODIS-Aqua;49,6;23,8;30,4;75 %;D;1,68;1,27
2026-08-10 15:34;6,28198;-74,06577;MODIS-Aqua;64,8;28,5;36,4;89 %;D;1,1;1,05
2026-08-10 15:34;6,2925;-74,05748;MODIS-Aqua;44,2;27,8;7,2;68 %;D;1,1;1,05
2026-08-10 15:34;3,99253;-75,06831;MODIS-Aqua;53,5;37,0;8,5;82 %;D;1,0;1,0
2026-08-10 15:34;6,29112;-74,06708;MODIS-Aqua;62,5;29,2;32,0;87 %;D;1,1;1,05
2026-08-10 15:34;3,99126;-75,07704;MODIS-Aqua;74,0;40,4;40,7;94 %;D;1,0;1,0
2026-08-10 15:34;6,30627;-74,65795;MODIS-Aqua;50,6;29,8;13,7;77 %;D;1,05;1,02
2026-08-10 15:34;3,87337;-75,93938;MODIS-Aqua;39,3;22,9;9,7;60 %;D;1,01;1,0
2026-08-10 15:34;6,14919;-75,73209;MODIS-Aqua;41,7;27,5;8,0;67 %;D;1,0;1,0
2026-08-10 15:34;3,87207;-75,94823;MODIS-Aqua;46,8;25,7;15,7;74 %;D;1,01;1,0
2026-08-10 15:34;6,38667;-74,80678;MODIS-Aqua;53,5;30,8;18,1;80 %;D;1,04;1,02
2026-08-10 15:34;4,03728;-75,21523;MODIS-Aqua;61,8;35,2;23,0;88 %;D;1,0;1,0
2026-08-10 15:34;6,59425;-74,78178;MODIS-Aqua;38,9;28,1;5,0;55 %;D;1,04;1,02
2026-08-10 15:34;4,036;-75,22395;MODIS-Aqua;54,7;34,4;14,0;82 %;D;1,0;1,0
2026-08-10 15:34;6,7479;-74,61343;MODIS-Aqua;59,9;30,3;26,6;85 %;D;1,06;1,03
2026-08-10 15:34;4,04856;-75,19913;MODIS-Aqua;49,2;34,2;7,7;70 %;D;1,0;1,0
2026-08-10 15:34;4,04729;-75,20783;MODIS-Aqua;117,7;43,4;190,0;100 %;D;1,0;1,0
2026-08-10 15:34;6,74654;-74,6228;MODIS-Aqua;49,0;29,6;12,9;75 %;D;1,06;1,03
2026-08-10 15:34;4,04601;-75,21653;MODIS-Aqua;132,1;47,0;272,2;100 %;D;1,0;1,0
2026-08-10 15:34;6,75684;-74,61482;MODIS-Aqua;45,9;29,1;9,4;70 %;D;1,06;1,03
2026-08-10 15:34;4,04474;-75,22525;MODIS-Aqua;122,5;43,2;215,8;100 %;D;1,0;1,0
2026-08-10 15:34;6,7555;-74,62408;MODIS-Aqua;42,1;29,5;6,1;54 %;D;1,06;1,03
2026-08-10 15:34;4,07774;-75,06082;MODIS-Aqua;51,9;34,8;8,5;80 %;D;1,0;1,0
2026-08-10 15:34;6,61186;-75,87349;MODIS-Aqua;69,9;30,8;39,4;92 %;D;1,0;1,0
2026-08-10 15:34;6,61057;-75,88219;MODIS-Aqua;44,6;29,4;6,3;57 %;D;1,0;1,0
2026-08-10 15:34;4,0573;-75,20045;MODIS-Aqua;120,5;39,7;204,7;100 %;D;1,0;1,0
2026-08-10 15:34;6,74888;-75,63352;MODIS-Aqua;38,3;22,2;8,5;61 %;D;1,0;1,0
2026-08-10 15:34;4,05602;-75,20914;MODIS-Aqua;198,9;126,9;1028,8;100 %;D;1,0;1,0
2026-08-10 15:34;6,88331;-75,20222;MODIS-Aqua;42,1;23,6;9,5;67 %;D;1,02;1,01
2026-08-10 15:34;4,05475;-75,21783;MODIS-Aqua;138,1;48,7;313,2;100 %;D;1,0;1,0
2026-08-10 15:34;6,882;-75,21116;MODIS-Aqua;37,6;25,6;6,3;56 %;D;1,02;1,01
2026-08-10 15:34;4,05347;-75,22654;MODIS-Aqua;108,5;38,3;147,3;100 %;D;1,0;1,0
2026-08-10 15:34;7,08477;-74,25741;MODIS-Aqua;39,8;28,3;5,0;60 %;D;1,1;1,04
2026-08-10 15:34;4,10186;-74,9571;MODIS-Aqua;48,8;35,0;7,1;54 %;D;1,01;1,0
2026-08-10 15:34;7,04955;-74,76733;MODIS-Aqua;41,1;28,7;5,9;63 %;D;1,05;1,02
2026-08-10 15:34;4,06603;-75,20178;MODIS-Aqua;161,4;40,2;520,2;100 %;D;1,0;1,0
2026-08-10 15:34;4,06476;-75,21044;MODIS-Aqua;191,3;60,7;906,5;100 %;D;1,0;1,0
2026-08-10 15:34;4,0735;-75,21172;MODIS-Aqua;53,1;30,5;13,9;36 %;D;1,0;1,0
2026-08-10 15:34;7,87592;-73,17176;MODIS-Aqua;40,2;22,7;12,7;65 %;D;1,28;1,12
2026-08-10 15:34;4,16449;-74,65143;MODIS-Aqua;54,9;31,9;15,7;83 %;D;1,02;1,01
2026-08-10 15:34;8,01687;-72,89076;MODIS-Aqua;41,4;19,5;14,8;58 %;D;1,34;1,15
2026-08-10 15:34;4,1632;-74,66029;MODIS-Aqua;61,3;32,8;24,1;87 %;D;1,02;1,01
2026-08-10 15:34;4,10142;-75,08219;MODIS-Aqua;54,2;36,0;10,9;82 %;D;1,0;1,0
2026-08-10 15:34;4,11017;-75,08347;MODIS-Aqua;142,0;44,4;343,4;100 %;D;1,0;1,0
2026-08-10 15:34;4,10889;-75,09222;MODIS-Aqua;150,7;48,4;415,6;100 %;D;1,0;1,0
2026-08-10 15:34;4,11891;-75,08478;MODIS-Aqua;73,5;34,1;41,2;94 %;D;1,0;1,0
2026-08-10 15:34;4,11763;-75,09351;MODIS-Aqua;67,4;34,2;30,2;91 %;D;1,0;1,0
2026-08-10 15:34;3,48981;-75,47041;MODIS-Aqua;100,8;38,9;118,5;100 %;D;1,0;1,0
2026-08-10 15:34;5,06138;-74,89932;MODIS-Aqua;59,7;34,7;21,1;86 %;D;1,02;1,01
2026-08-10 15:34;5,09323;-75,06428;MODIS-Aqua;37,8;26,4;4,6;45 %;D;1,01;1,0
2026-08-10 15:34;3,5011;-75,45433;MODIS-Aqua;61,1;33,0;22,2;69 %;D;1,0;1,0
2026-08-10 15:34;5,09195;-75,07305;MODIS-Aqua;41,5;27,2;7,7;65 %;D;1,01;1,0
2026-08-10 15:34;5,19569;-74,81356;MODIS-Aqua;66,0;35,9;30,8;90 %;D;1,02;1,01
2026-08-10 15:34;3,49982;-75,463;MODIS-Aqua;80,7;35,3;59,9;97 %;D;1,0;1,0
2026-08-10 15:34;5,19439;-74,82253;MODIS-Aqua;54,4;35,4;14,5;82 %;D;1,02;1,01
2026-08-10 15:34;3,4214;-76,19112;MODIS-Aqua;43,8;30,9;8,0;41 %;D;1,02;1,01
2026-08-10 15:34;4,34834;-70,33688;MODIS-Aqua;41,0;21,5;13,7;49 %;D;1,81;1,32
2026-08-10 15:34;5,52762;-73,52934;MODIS-Aqua;50,6;25,1;21,1;79 %;D;1,15;1,07
2026-08-10 15:34;3,52081;-76,14832;MODIS-Aqua;40,1;24,9;8,1;36 %;D;1,02;1,01
2026-08-10 15:34;3,59047;-75,79952;MODIS-Aqua;41,0;20,1;10,5;52 %;D;1,01;1,0
2026-08-10 15:34;5,36971;-74,74434;MODIS-Aqua;50,0;34,9;8,8;77 %;D;1,03;1,01
2026-08-10 15:34;3,71749;-75,17891;MODIS-Aqua;58,3;35,0;16,5;85 %;D;1,0;1,0
2026-08-10 15:34;5,36839;-74,75332;MODIS-Aqua;58,0;34,8;18,8;85 %;D;1,03;1,01
2026-08-10 15:34;3,71622;-75,18761;MODIS-Aqua;61,3;35,4;21,2;87 %;D;1,0;1,0
2026-08-10 15:34;5,69804;-73,05856;MODIS-Aqua;42,6;24,6;12,9;65 %;D;1,22;1,1
2026-08-10 15:34;4,44512;-70,39872;MODIS-Aqua;44,8;21,5;19,5;69 %;D;1,8;1,31
2026-08-10 15:34;5,6965;-73,06926;MODIS-Aqua;51,1;25,5;23,5;79 %;D;1,22;1,1
2026-08-10 15:34;3,76052;-75,14643;MODIS-Aqua;50,5;36,1;7,0;79 %;D;1,0;1,0
2026-08-10 15:34;5,3767;-75,26972;MODIS-Aqua;36,5;15,0;10,1;48 %;D;1,01;1,0
2026-08-10 15:34;5,55922;-74,4619;MODIS-Aqua;43,1;29,2;6,9;68 %;D;1,05;1,02
2026-08-10 15:34;3,80038;-75,17903;MODIS-Aqua;52,5;37,7;8,3;81 %;D;1,0;1,0
2026-08-10 15:34;5,55788;-74,47116;MODIS-Aqua;43,3;28,0;6,6;68 %;D;1,05;1,02
2026-08-10 15:34;3,80869;-75,30474;MODIS-Aqua;63,0;36,9;24,1;88 %;D;1,0;1,0
2026-08-10 15:34;5,55831;-75,35286;MODIS-Aqua;43,5;21,3;11,8;69 %;D;1,0;1,0
2026-08-10 15:34;5,73631;-75,39985;MODIS-Aqua;45,2;31,7;8,7;46 %;D;1,0;1,0
2026-08-10 15:34;3,80741;-75,31344;MODIS-Aqua;48,8;35,1;6,3;65 %;D;1,0;1,0
2026-08-10 15:34;5,73507;-75,4084;MODIS-Aqua;48,1;34,6;11,3;56 %;D;1,0;1,0
2026-08-10 15:34;3,8187;-75,29734;MODIS-Aqua;49,7;36,2;7,2;65 %;D;1,0;1,0
2026-08-10 15:34;6,09587;-73,56183;MODIS-Aqua;39,2;25,1;8,3;59 %;D;1,16;1,07
2026-08-10 15:34;3,81743;-75,30603;MODIS-Aqua;57,6;37,2;16,4;84 %;D;1,0;1,0
2026-08-10 15:34;6,62427;-69,9457;MODIS-Aqua;40,1;20,9;15,2;49 %;D;2,12;1,42
2026-08-10 15:36;11,18275;-73,08553;MODIS-Aqua;43,7;25,7;9,5;45 %;D;1,44;1,19
2026-08-10 15:36;11,1686;-72,95132;MODIS-Aqua;60,6;27,9;36,8;83 %;D;1,47;1,2
2026-08-10 15:36;11,1703;-72,93827;MODIS-Aqua;92,7;30,7;157,7;100 %;D;1,48;1,2
2026-08-10 15:36;11,172;-72,9252;MODIS-Aqua;66,4;29,5;50,5;88 %;D;1,48;1,2
2026-08-10 15:36;11,17271;-72,94506;MODIS-Aqua;63,2;26,7;42,9;86 %;D;1,47;1,2
2026-08-10 15:36;11,17451;-72,93202;MODIS-Aqua;65,8;28,6;48,3;88 %;D;1,48;1,2
2026-08-10 15:36;11,16044;-72,95663;MODIS-Aqua;68,3;26,0;60,3;85 %;D;1,47;1,2
2026-08-10 15:36;11,16222;-72,94368;MODIS-Aqua;147,2;32,6;680,0;100 %;D;1,47;1,2
2026-08-10 15:36;11,16401;-72,93064;MODIS-Aqua;106,4;29,7;243,2;100 %;D;1,48;1,2
2026-08-10 15:36;11,0667;-73,18127;MODIS-Aqua;42,2;24,4;11,0;47 %;D;1,42;1,18
2026-08-10 15:36;10,19952;-74,94743;MODIS-Aqua;47,2;27,7;8,2;0 %;D;1,1;1,04
2026-08-10 15:36;9,49329;-74,3968;MODIS-Aqua;44,6;24,2;6,5;53 %;D;1,14;1,06
2026-08-10 15:36;9,60378;-73,47873;MODIS-Aqua;56,7;34,1;16,3;78 %;D;1,29;1,13
2026-08-10 15:36;9,49831;-73,71929;MODIS-Aqua;50,2;33,1;9,9;53 %;D;1,24;1,11
2026-08-10 15:36;11,21055;-73,03614;MODIS-Aqua;44,0;24,6;10,2;51 %;D;1,46;1,19
2026-08-10 15:36;9,48863;-73,71792;MODIS-Aqua;58,5;33,0;23,2;81 %;D;1,24;1,11
2026-08-10 15:36;9,47281;-73,76015;MODIS-Aqua;50,1;31,3;10,4;61 %;D;1,24;1,1
2026-08-10 15:36;9,47434;-73,74926;MODIS-Aqua;49,3;32,3;8,7;35 %;D;1,24;1,11
2026-08-10 15:36;9,54043;-73,27791;MODIS-Aqua;59,6;35,0;28,2;82 %;D;1,33;1,14
2026-08-10 15:36;9,54202;-73,26654;MODIS-Aqua;98,5;36,9;164,7;100 %;D;1,33;1,14
2026-08-10 15:36;9,44595;-73,81152;MODIS-Aqua;50,3;34,3;9,0;68 %;D;1,23;1,1
2026-08-10 15:36;9,39653;-73,64197;MODIS-Aqua;50,8;32,9;11,2;63 %;D;1,25;1,11
2026-08-10 15:36;9,38681;-73,64059;MODIS-Aqua;87,8;35,0;103,1;0 %;D;1,25;1,11
2026-08-10 15:36;9,38836;-73,62957;MODIS-Aqua;72,0;33,6;53,3;80 %;D;1,25;1,11
2026-08-10 15:36;9,3843;-73,51563;MODIS-Aqua;69,5;31,8;49,6;90 %;D;1,28;1,12
2026-08-10 15:36;9,38585;-73,50442;MODIS-Aqua;61,7;31,7;31,8;84 %;D;1,28;1,12
2026-08-10 15:36;9,39517;-73,43694;MODIS-Aqua;58,4;33,4;23,8;63 %;D;1,29;1,13
2026-08-10 15:36;9,39672;-73,42574;MODIS-Aqua;81,7;35,2;85,1;97 %;D;1,29;1,13
2026-08-10 15:36;9,39828;-73,41439;MODIS-Aqua;59,1;31,9;24,1;38 %;D;1,29;1,13
2026-08-10 15:36;9,37451;-73,51424;MODIS-Aqua;50,3;31,6;11,2;71 %;D;1,28;1,12
2026-08-10 15:36;9,38223;-73,45806;MODIS-Aqua;93,4;34,3;131,7;100 %;D;1,29;1,13
2026-08-10 15:36;9,38377;-73,44685;MODIS-Aqua;72,5;34,5;55,2;92 %;D;1,29;1,13
2026-08-10 15:36;9,3853;-73,4357;MODIS-Aqua;61,3;35,1;27,6;70 %;D;1,29;1,13
2026-08-10 15:36;9,38998;-73,40163;MODIS-Aqua;55,6;31,2;18,0;21 %;D;1,3;1,13
2026-08-10 15:36;9,37237;-73,45684;MODIS-Aqua;54,3;33,2;14,8;15 %;D;1,29;1,13
2026-08-10 15:36;10,12598;-74,29327;MODIS-Aqua;49,8;20,5;14,4;73 %;D;1,17;1,08
2026-08-10 15:36;8,61409;-73,31036;MODIS-Aqua;47,7;20,3;19,4;73 %;D;1,28;1,12
2026-08-10 15:36;9,37392;-73,4455;MODIS-Aqua;58,1;33,9;19,5;31 %;D;1,29;1,13
2026-08-10 15:36;8,64828;-73,4348;MODIS-Aqua;72,7;20,2;67,0;81 %;D;1,26;1,12
2026-08-10 15:36;9,34882;-73,55614;MODIS-Aqua;64,0;32,9;33,6;86 %;D;1,27;1,12
2026-08-10 15:36;8,72212;-74,09138;MODIS-Aqua;41,6;18,7;7,3;61 %;D;1,16;1,07
2026-08-10 15:36;9,35034;-73,54499;MODIS-Aqua;64,0;32,8;34,2;86 %;D;1,27;1,12
2026-08-10 15:36;9,00246;-74,27465;MODIS-Aqua;46,6;27,2;8,4;69 %;D;1,14;1,07
2026-08-10 15:36;9,36405;-73,44437;MODIS-Aqua;63,6;33,9;30,9;83 %;D;1,29;1,13
2026-08-10 15:36;9,28639;-73,41735;MODIS-Aqua;50,0;29,6;15,0;72 %;D;1,29;1,13
2026-08-10 15:36;9,00104;-74,28471;MODIS-Aqua;48,9;26,9;11,2;73 %;D;1,14;1,07
2026-08-10 15:36;10,00965;-74,71838;MODIS-Aqua;53,0;23,3;18,3;76 %;D;1,12;1,05
2026-08-10 15:36;9,7789;-74,78548;MODIS-Aqua;57,7;17,8;23,0;0 %;D;1,1;1,05
2026-08-10 15:36;9,60779;-75,01911;MODIS-Aqua;62,9;23,4;30,5;85 %;D;1,08;1,04
2026-08-10 15:36;9,63563;-73,77358;MODIS-Aqua;51,4;30,8;10,9;62 %;D;1,24;1,11
2026-08-10 15:36;9,49185;-74,40685;MODIS-Aqua;46,0;22,3;8,0;60 %;D;1,14;1,06
2026-08-10 13:28;4,04137;-75,21614;VIIRS-NOAA-20;74,1;42,8;27,6;Nominal;D;0,38;0,36
2026-08-10 13:28;5,42399;-69,60144;VIIRS-NOAA-20;74,9;23,4;8,2;Nominal;D;0,45;0,47
2026-08-10 13:28;5,42887;-69,59795;VIIRS-NOAA-20;70,2;21,5;12,1;Nominal;D;0,45;0,47
2026-08-10 13:28;5,4283;-69,60204;VIIRS-NOAA-20;69,1;21,5;8,2;Nominal;D;0,45;0,47
2026-08-10 13:28;5,42072;-69,80968;VIIRS-NOAA-20;68,8;21,5;6,3;Nominal;D;0,44;0,46
2026-08-10 13:28;4,65615;-75,08151;VIIRS-NOAA-20;61,4;33,2;3,5;Nominal;D;0,38;0,36
2026-08-10 13:28;4,72531;-74,69215;VIIRS-NOAA-20;60,2;30,8;3,2;Baja;D;0,39;0,36
2026-08-10 13:28;4,60456;-75,59736;VIIRS-NOAA-20;68,5;34,5;11,3;Nominal;D;0,38;0,36
2026-08-10 13:28;4,60786;-75,59786;VIIRS-NOAA-20;64,3;35,5;31,8;Nominal;D;0,38;0,36
2026-08-10 13:28;5,44679;-70,26521;VIIRS-NOAA-20;57,6;22,2;2,4;Nominal;D;0,41;0,45
2026-08-10 13:28;5,40047;-70,76221;VIIRS-NOAA-20;59,8;24,0;6,6;Nominal;D;0,57;0,43
2026-08-10 13:28;5,40519;-70,75764;VIIRS-NOAA-20;60,0;23,7;6,6;Nominal;D;0,57;0,43
2026-08-10 13:28;5,5941;-69,50321;VIIRS-NOAA-20;68,5;19,6;2,8;Nominal;D;0,46;0,47
2026-08-10 13:28;5,48863;-70,23715;VIIRS-NOAA-20;60,7;22,9;3,2;Nominal;D;0,41;0,45
2026-08-10 13:28;5,48809;-70,24086;VIIRS-NOAA-20;64,3;23,8;3,2;Nominal;D;0,41;0,45
2026-08-10 13:28;5,49222;-70,24145;VIIRS-NOAA-20;64,7;25,4;4,8;Nominal;D;0,41;0,45
2026-08-10 13:28;5,70327;-68,89986;VIIRS-NOAA-20;67,1;20,2;9,7;Nominal;D;0,51;0,49
2026-08-10 13:28;5,70262;-68,90442;VIIRS-NOAA-20;66,3;20,6;9,7;Nominal;D;0,51;0,49
2026-08-10 13:28;4,83575;-75,10713;VIIRS-NOAA-20;62,4;25,7;2,2;Nominal;D;0,38;0,36
2026-08-10 13:28;4,88792;-74,87369;VIIRS-NOAA-20;70,6;37,8;40,7;Nominal;D;0,39;0,36
2026-08-10 13:28;4,89123;-74,87419;VIIRS-NOAA-20;93,9;60,9;40,7;Alta;D;0,39;0,36
2026-08-10 13:28;4,89454;-74,87469;VIIRS-NOAA-20;67,0;37,6;6,0;Nominal;D;0,39;0,36
2026-08-10 13:28;5,74619;-69,655;VIIRS-NOAA-20;57,3;22,1;5,7;Nominal;D;0,45;0,47
2026-08-10 13:28;4,92758;-75,12447;VIIRS-NOAA-20;71,5;31,1;11,0;Nominal;D;0,38;0,36
2026-08-10 13:28;5,75252;-69,62653;VIIRS-NOAA-20;66,2;23,9;7,0;Nominal;D;0,46;0,47
2026-08-10 13:28;4,93989;-75,53484;VIIRS-NOAA-20;61,0;25,5;2,9;Nominal;D;0,38;0,36
2026-08-10 13:28;5,85681;-69,4239;VIIRS-NOAA-20;66,9;20,9;7,9;Nominal;D;0,47;0,48
2026-08-10 13:28;5,85619;-69,42815;VIIRS-NOAA-20;69,1;23,4;7,9;Nominal;D;0,47;0,48
2026-08-10 13:28;5,86057;-69,42876;VIIRS-NOAA-20;81,9;23,2;15,3;Nominal;D;0,47;0,48
2026-08-10 13:28;5,81038;-70,04401;VIIRS-NOAA-20;62,9;24,7;5,8;Nominal;D;0,43;0,46
2026-08-10 13:28;5,09294;-75,06591;VIIRS-NOAA-20;70,5;27,2;4,5;Nominal;D;0,39;0,36
2026-08-10 13:28;5,85105;-70,14751;VIIRS-NOAA-20;75,9;23,8;6,3;Nominal;D;0,42;0,45
2026-08-10 13:28;5,85577;-70,14431;VIIRS-NOAA-20;68,0;24,6;7,0;Nominal;D;0,42;0,45
2026-08-10 13:28;5,85522;-70,14812;VIIRS-NOAA-20;69,7;25,9;7,0;Nominal;D;0,42;0,45
2026-08-10 13:28;5,87055;-70,07214;VIIRS-NOAA-20;59,2;23,1;4,1;Nominal;D;0,43;0,46
2026-08-10 13:28;5,20288;-74,63107;VIIRS-NOAA-20;63,4;34,7;3,3;Nominal;D;0,39;0,36
2026-08-10 13:28;5,94854;-69,65717;VIIRS-NOAA-20;74,5;23,4;8,0;Nominal;D;0,46;0,47
2026-08-10 13:28;5,94793;-69,66129;VIIRS-NOAA-20;67,6;23,9;8,0;Nominal;D;0,46;0,47
2026-08-10 13:28;5,95346;-69,65366;VIIRS-NOAA-20;60,2;23,4;3,8;Nominal;D;0,46;0,47
2026-08-10 13:28;5,19876;-74,81516;VIIRS-NOAA-20;66,9;37,6;2,8;Nominal;D;0,39;0,36
2026-08-10 13:28;6,26855;-67,66404;VIIRS-NOAA-20;60,9;21,5;4,2;Nominal;D;0,63;0,54
2026-08-10 13:28;5,13886;-75,56631;VIIRS-NOAA-20;63,9;33,2;3,8;Nominal;D;0,38;0,36
2026-08-10 13:28;2,76324;-76,07189;VIIRS-NOAA-20;59,5;26,8;2,2;Nominal;D;0,39;0,36
2026-08-10 13:28;3,13274;-73,71268;VIIRS-NOAA-20;60,0;24,8;2,8;Nominal;D;0,4;0,37
2026-08-10 13:28;2,71667;-76,50833;VIIRS-NOAA-20;67,3;34,1;18,9;Nominal;D;0,4;0,37
2026-08-10 13:28;2,72004;-76,50887;VIIRS-NOAA-20;79,5;39,1;18,9;Nominal;D;0,4;0,37
2026-08-10 13:28;2,67424;-76,82933;VIIRS-NOAA-20;58,2;31,1;1,9;Nominal;D;0,41;0,37
2026-08-10 13:28;2,78036;-76,48623;VIIRS-NOAA-20;61,4;32,5;49,2;Nominal;D;0,4;0,37
2026-08-10 13:28;2,7798;-76,48983;VIIRS-NOAA-20;22,9;51,7;49,2;Baja;D;0,4;0,37
2026-08-10 13:28;3,29004;-73,17972;VIIRS-NOAA-20;57,0;20,3;2,9;Nominal;D;0,41;0,37
2026-08-10 13:28;2,79326;-76,49192;VIIRS-NOAA-20;69,1;37,4;10,0;Nominal;D;0,4;0,37
2026-08-10 13:28;2,79662;-76,49245;VIIRS-NOAA-20;71,0;36,4;10,0;Nominal;D;0,4;0,37
2026-08-10 13:28;3,31638;-73,21391;VIIRS-NOAA-20;56,9;23,4;1,6;Nominal;D;0,41;0,37
2026-08-10 13:28;2,84139;-76,42534;VIIRS-NOAA-20;70,7;35,5;11,6;Nominal;D;0,4;0,37
2026-08-10 13:28;2,79517;-76,83884;VIIRS-NOAA-20;57,8;25,3;2,7;Nominal;D;0,41;0,37
2026-08-10 13:28;3,4271;-72,76099;VIIRS-NOAA-20;65,2;24,9;11,3;Nominal;D;0,43;0,38
2026-08-10 13:28;2,80413;-76,84863;VIIRS-NOAA-20;58,9;31,1;5,0;Nominal;D;0,41;0,37
2026-08-10 13:28;2,80355;-76,85244;VIIRS-NOAA-20;83,0;34,4;11,1;Nominal;D;0,41;0,37
2026-08-10 13:28;2,9134;-76,26826;VIIRS-NOAA-20;59,8;29,6;2,2;Nominal;D;0,4;0,37
2026-08-10 13:28;2,91596;-76,26897;VIIRS-NOAA-20;62,3;33,2;5,0;Nominal;D;0,4;0,37
2026-08-10 13:28;2,91118;-76,36619;VIIRS-NOAA-20;59,0;33,4;9,9;Nominal;D;0,4;0,37
2026-08-10 13:28;2,91061;-76,36984;VIIRS-NOAA-20;72,1;34,5;9,9;Nominal;D;0,4;0,37
2026-08-10 13:28;2,8787;-76,6199;VIIRS-NOAA-20;58,8;32,3;1,9;Nominal;D;0,4;0,37
2026-08-10 13:28;2,87705;-76,65289;VIIRS-NOAA-20;59,7;31,7;1,6;Nominal;D;0,41;0,37
2026-08-10 13:28;2,85125;-76,86405;VIIRS-NOAA-20;62,8;33,0;9,9;Baja;D;0,41;0,37
2026-08-10 13:28;2,85582;-76,85712;VIIRS-NOAA-20;60,1;30,0;4,2;Nominal;D;0,41;0,37
2026-08-10 13:28;3,08423;-75,55002;VIIRS-NOAA-20;69,9;28,7;9,2;Nominal;D;0,39;0,36
2026-08-10 13:28;3,83776;-70,57845;VIIRS-NOAA-20;56,9;22,3;4,0;Nominal;D;0,56;0,43
2026-08-10 13:28;3,83701;-70,58347;VIIRS-NOAA-20;61,3;24,6;4,0;Nominal;D;0,56;0,43
2026-08-10 13:28;3,54412;-72,53957;VIIRS-NOAA-20;68,5;26,1;16,8;Nominal;D;0,44;0,38
2026-08-10 13:28;3,54763;-72,5401;VIIRS-NOAA-20;71,6;24,7;16,8;Nominal;D;0,44;0,38
2026-08-10 13:28;3,55115;-72,54063;VIIRS-NOAA-20;69,2;26,7;11,4;Nominal;D;0,44;0,38
2026-08-10 13:28;3,38801;-73,73338;VIIRS-NOAA-20;63,5;26,2;2,4;Nominal;D;0,4;0,37
2026-08-10 13:28;3,43821;-73,70904;VIIRS-NOAA-20;56,9;26,7;2,0;Nominal;D;0,4;0,37
2026-08-10 13:28;2,98027;-76,77679;VIIRS-NOAA-20;71,1;33,1;7,6;Nominal;D;0,41;0,37
2026-08-10 13:28;3,06202;-76,40344;VIIRS-NOAA-20;66,0;39,4;4,5;Baja;D;0,4;0,37
2026-08-10 13:28;3,70765;-72,2455;VIIRS-NOAA-20;58,6;26,2;2,8;Nominal;D;0,45;0,39
2026-08-10 13:28;3,05349;-76,54864;VIIRS-NOAA-20;71,8;34,6;13,7;Nominal;D;0,4;0,37
2026-08-10 13:28;4,01626;-70,37966;VIIRS-NOAA-20;57,5;24,7;1,0;Nominal;D;0,38;0,44
2026-08-10 13:28;3,05205;-76,7612;VIIRS-NOAA-20;61,1;31,7;2,6;Nominal;D;0,41;0,37
2026-08-10 13:28;3,64112;-72,96063;VIIRS-NOAA-20;76,4;32,2;38,8;Nominal;D;0,42;0,38
2026-08-10 13:28;3,29712;-75,24697;VIIRS-NOAA-20;62,8;35,2;7,9;Baja;D;0,38;0,36
2026-08-10 13:28;3,16485;-76,17516;VIIRS-NOAA-20;68,5;29,9;10,1;Nominal;D;0,39;0,36
2026-08-10 13:28;3,14666;-76,31482;VIIRS-NOAA-20;62,5;36,3;1,3;Nominal;D;0,4;0,37
2026-08-10 13:28;3,10529;-76,60446;VIIRS-NOAA-20;71,2;38,5;17,1;Nominal;D;0,4;0,37
2026-08-10 13:28;3,15944;-76,29865;VIIRS-NOAA-20;63,4;36,6;4,5;Baja;D;0,4;0,37
2026-08-10 13:28;3,15889;-76,30219;VIIRS-NOAA-20;66,4;39,8;4,5;Nominal;D;0,4;0,37
2026-08-10 13:28;3,61018;-73,49484;VIIRS-NOAA-20;72,3;27,9;11,8;Nominal;D;0,41;0,37
2026-08-10 13:28;3,7276;-72,76203;VIIRS-NOAA-20;73,3;26,8;6,4;Nominal;D;0,43;0,38
2026-08-10 13:28;3,17936;-76,41434;VIIRS-NOAA-20;60,4;35,2;2,3;Baja;D;0,4;0,37
2026-08-10 13:28;4,08011;-70,72657;VIIRS-NOAA-20;62,6;25,3;3,8;Nominal;D;0,55;0,43
2026-08-10 13:28;3,32115;-75,75481;VIIRS-NOAA-20;59,0;28,5;5,1;Nominal;D;0,39;0,36
2026-08-10 13:28;3,26567;-76,15901;VIIRS-NOAA-20;68,0;29,1;8,0;Nominal;D;0,39;0,36
2026-08-10 13:28;3,2277;-76,40404;VIIRS-NOAA-20;70,9;44,8;52,0;Baja;D;0,4;0,37
2026-08-10 13:28;4,08054;-70,72465;VIIRS-NOAA-20;59,7;24,7;2,8;Nominal;D;0,55;0,43
2026-08-10 13:28;3,76953;-72,94484;VIIRS-NOAA-20;73,7;29,1;7,7;Nominal;D;0,42;0,38
2026-08-10 13:28;3,76897;-72,94864;VIIRS-NOAA-20;60,0;27,5;7,7;Nominal;D;0,42;0,38
2026-08-10 13:28;3,40136;-75,47424;VIIRS-NOAA-20;75,1;31,1;8,1;Nominal;D;0,39;0,36
2026-08-10 13:28;3,39058;-75,58894;VIIRS-NOAA-20;58,4;28,1;1,6;Nominal;D;0,39;0,36
2026-08-10 13:28;3,78251;-73,0706;VIIRS-NOAA-20;58,0;27,2;3,5;Nominal;D;0,42;0,38
2026-08-10 13:28;4,23924;-70,0871;VIIRS-NOAA-20;69,0;25,0;7,7;Nominal;D;0,4;0,45
2026-08-10 13:28;4,24333;-70,08768;VIIRS-NOAA-20;60,6;24,5;4,0;Nominal;D;0,4;0,45
2026-08-10 13:28;4,03667;-71,47355;VIIRS-NOAA-20;57,6;25,0;2,9;Nominal;D;0,5;0,41
2026-08-10 13:28;3,41026;-75,72569;VIIRS-NOAA-20;65,7;26,7;7,2;Nominal;D;0,39;0,36
2026-08-10 13:28;4,0751;-71,44695;VIIRS-NOAA-20;57,0;24,8;3,9;Nominal;D;0,5;0,41
2026-08-10 13:28;4,07885;-71,44749;VIIRS-NOAA-20;62,8;27,4;5,9;Nominal;D;0,5;0,41
2026-08-10 13:28;4,07653;-71,4455;VIIRS-NOAA-20;66,2;26,9;7,0;Nominal;D;0,5;0,41
2026-08-10 13:28;4,14877;-71,00095;VIIRS-NOAA-20;60,5;25,4;5,3;Nominal;D;0,53;0,42
2026-08-10 13:28;4,29168;-70,03867;VIIRS-NOAA-20;74,2;24,4;5,7;Nominal;D;0,41;0,45
2026-08-10 13:28;3,48964;-75,45316;VIIRS-NOAA-20;73,0;41,8;5,2;Nominal;D;0,38;0,36
2026-08-10 13:28;4,25943;-70,29142;VIIRS-NOAA-20;70,0;24,2;4,5;Nominal;D;0,39;0,44
2026-08-10 13:28;3,49347;-75,45021;VIIRS-NOAA-20;79,4;42,1;12,8;Nominal;D;0,38;0,36
2026-08-10 13:28;3,49294;-75,45364;VIIRS-NOAA-20;68,0;40,4;5,2;Baja;D;0,38;0,36
2026-08-10 13:28;3,49242;-75,45706;VIIRS-NOAA-20;74,8;45,4;5,2;Baja;D;0,38;0,36
2026-08-10 13:28;3,4919;-75,46048;VIIRS-NOAA-20;80,2;44,9;15,6;Nominal;D;0,38;0,36
2026-08-10 13:28;3,49138;-75,46391;VIIRS-NOAA-20;72,4;34,4;15,6;Nominal;D;0,38;0,36
2026-08-10 13:28;3,49573;-75,45756;VIIRS-NOAA-20;67,8;39,4;12,8;Baja;D;0,38;0,36
2026-08-10 13:28;3,49521;-75,46098;VIIRS-NOAA-20;80,0;44,7;21,6;Nominal;D;0,38;0,36
2026-08-10 13:28;3,49468;-75,46439;VIIRS-NOAA-20;80,4;40,7;21,6;Nominal;D;0,38;0,36
2026-08-10 13:28;3,49903;-75,45805;VIIRS-NOAA-20;62,3;33,6;12,8;Baja;D;0,38;0,36
2026-08-10 13:28;3,49851;-75,46146;VIIRS-NOAA-20;70,7;40,8;21,6;Nominal;D;0,38;0,36
2026-08-10 13:28;4,17787;-70,9364;VIIRS-NOAA-20;64,9;24,8;8,2;Nominal;D;0,54;0,42
2026-08-10 13:28;4,17717;-70,94123;VIIRS-NOAA-20;60,8;25,2;5,0;Nominal;D;0,54;0,42
2026-08-10 13:28;4,07917;-71,60986;VIIRS-NOAA-20;61,7;24,3;4,3;Nominal;D;0,49;0,4
2026-08-10 13:28;4,09488;-71,58051;VIIRS-NOAA-20;64,6;24,6;4,8;Nominal;D;0,49;0,41
2026-08-10 13:28;4,10604;-71,58218;VIIRS-NOAA-20;57,4;26,0;2,6;Nominal;D;0,49;0,41
2026-08-10 13:28;4,11149;-71,59659;VIIRS-NOAA-20;63,1;25,5;5,2;Nominal;D;0,49;0,4
2026-08-10 13:28;4,3368;-70,13067;VIIRS-NOAA-20;93,9;24,9;7,2;Alta;D;0,4;0,44
2026-08-10 13:28;4,53068;-68,81251;VIIRS-NOAA-20;57,4;23,9;3,6;Nominal;D;0,49;0,49
2026-08-10 13:28;4,33734;-70,12704;VIIRS-NOAA-20;59,6;22,6;7,2;Nominal;D;0,4;0,44
2026-08-10 13:28;4,1195;-71,6698;VIIRS-NOAA-20;60,7;23,9;6,0;Nominal;D;0,49;0,4
2026-08-10 13:28;3,54425;-75,47166;VIIRS-NOAA-20;61,6;29,6;3,6;Nominal;D;0,38;0,36
2026-08-10 13:28;4,36782;-70,03438;VIIRS-NOAA-20;68,3;25,7;11,5;Nominal;D;0,41;0,45
2026-08-10 13:28;4,37303;-70,02761;VIIRS-NOAA-20;70,9;25,5;16,5;Nominal;D;0,41;0,45
2026-08-10 13:28;4,35312;-70,32655;VIIRS-NOAA-20;63,8;20,3;2,1;Nominal;D;0,39;0,44
2026-08-10 13:28;3,54409;-75,74016;VIIRS-NOAA-20;67,0;38,0;25,0;Baja;D;0,39;0,36
2026-08-10 13:28;4,35393;-70,32758;VIIRS-NOAA-20;64,6;21,6;2,0;Nominal;D;0,39;0,44
2026-08-10 13:28;4,35189;-70,37034;VIIRS-NOAA-20;72,9;21,5;4,7;Nominal;D;0,39;0,44
2026-08-10 13:28;4,35139;-70,37383;VIIRS-NOAA-20;58,6;21,4;4,7;Nominal;D;0,39;0,44
2026-08-10 13:28;4,39141;-70,12453;VIIRS-NOAA-20;63,8;24,5;5,0;Nominal;D;0,4;0,45
2026-08-10 13:28;4,52;-69,38067;VIIRS-NOAA-20;69,6;23,7;13,3;Nominal;D;0,45;0,47
2026-08-10 13:28;3,52534;-76,14919;VIIRS-NOAA-20;71,7;32,6;11,1;Nominal;D;0,39;0,36
2026-08-10 13:28;4,4389;-70,14231;VIIRS-NOAA-20;69,6;19,5;5,0;Nominal;D;0,4;0,44
2026-08-10 13:28;4,52842;-69,651;VIIRS-NOAA-20;59,2;22,3;2,7;Nominal;D;0,44;0,46
2026-08-10 13:28;3,99787;-73,19848;VIIRS-NOAA-20;58,7;26,4;3,0;Nominal;D;0,42;0,37
2026-08-10 13:28;3,98552;-73,30341;VIIRS-NOAA-20;63,8;28,4;3,6;Nominal;D;0,41;0,37
2026-08-10 13:28;3,67957;-75,54343;VIIRS-NOAA-20;63,3;36,3;4,7;Baja;D;0,39;0,36
2026-08-10 13:28;3,81999;-74,71008;VIIRS-NOAA-20;59,1;23,4;1,9;Nominal;D;0,39;0,36
2026-08-10 13:28;3,69732;-75,62638;VIIRS-NOAA-20;58,8;26,0;2,5;Nominal;D;0,39;0,36
2026-08-10 13:28;3,73843;-75,46792;VIIRS-NOAA-20;61,2;33,6;2,1;Baja;D;0,38;0,36
2026-08-10 13:28;4,78598;-68,57203;VIIRS-NOAA-20;58,3;22,5;3,6;Nominal;D;0,52;0,5
2026-08-10 13:28;3,81884;-75,11797;VIIRS-NOAA-20;83,2;48,3;23,9;Nominal;D;0,38;0,36
2026-08-10 13:28;4,16719;-72,93721;VIIRS-NOAA-20;58,8;27,9;3,4;Nominal;D;0,43;0,38
2026-08-10 13:28;3,81141;-75,29965;VIIRS-NOAA-20;76,7;40,1;19,8;Nominal;D;0,38;0,36
2026-08-10 13:28;3,81089;-75,30308;VIIRS-NOAA-20;82,3;44,7;19,8;Nominal;D;0,38;0,36
2026-08-10 13:28;3,81036;-75,30653;VIIRS-NOAA-20;72,2;40,9;9,9;Nominal;D;0,38;0,36
2026-08-10 13:28;3,81419;-75,30359;VIIRS-NOAA-20;79,0;41,7;19,8;Nominal;D;0,38;0,36
2026-08-10 13:28;3,81367;-75,30702;VIIRS-NOAA-20;79,5;41,9;9,9;Nominal;D;0,38;0,36
2026-08-10 13:28;3,81471;-75,30015;VIIRS-NOAA-20;93,9;53,2;19,8;Baja;D;0,38;0,36
2026-08-10 13:28;3,81749;-75,30408;VIIRS-NOAA-20;79,7;43,7;55,6;Nominal;D;0,38;0,36
2026-08-10 13:28;3,82132;-75,30115;VIIRS-NOAA-20;93,9;64,6;55,6;Alta;D;0,38;0,36
2026-08-10 13:28;4,48522;-70,93768;VIIRS-NOAA-20;73,9;20,8;3,9;Nominal;D;0,54;0,42
2026-08-10 13:28;3,8208;-75,30458;VIIRS-NOAA-20;76,1;40,6;55,6;Nominal;D;0,38;0,36
2026-08-10 13:28;3,82545;-75,29906;VIIRS-NOAA-20;63,6;34,5;3,4;Baja;D;0,38;0,36
2026-08-10 13:28;3,82106;-75,37217;VIIRS-NOAA-20;68,1;35,8;5,2;Nominal;D;0,38;0,36
2026-08-10 13:28;3,82436;-75,37267;VIIRS-NOAA-20;63,8;38,0;5,2;Baja;D;0,38;0,36
2026-08-10 13:28;3,82384;-75,37611;VIIRS-NOAA-20;67,1;40,0;5,2;Nominal;D;0,38;0,36
2026-08-10 13:28;4,48645;-70,93601;VIIRS-NOAA-20;67,2;23,5;8,6;Nominal;D;0,54;0,42
2026-08-10 13:28;4,49739;-70,94261;VIIRS-NOAA-20;72,9;26,6;9,1;Nominal;D;0,54;0,42
2026-08-10 13:28;4,49669;-70,94749;VIIRS-NOAA-20;59,6;23,2;9,1;Nominal;D;0,54;0,42
2026-08-10 13:28;3,86041;-75,26917;VIIRS-NOAA-20;76,7;41,7;17,6;Nominal;D;0,38;0,36
2026-08-10 13:28;3,85989;-75,27262;VIIRS-NOAA-20;69,0;34,9;3,4;Nominal;D;0,38;0,36
2026-08-10 13:28;3,86371;-75,26968;VIIRS-NOAA-20;72,4;46,2;42,9;Baja;D;0,38;0,36
2026-08-10 13:28;3,86319;-75,27312;VIIRS-NOAA-20;77,1;37,1;11,3;Nominal;D;0,38;0,36
2026-08-10 13:28;4,54878;-70,80919;VIIRS-NOAA-20;64,0;24,1;4,7;Nominal;D;0,55;0,43
2026-08-10 13:28;4,7695;-69,54006;VIIRS-NOAA-20;67,1;22,1;8,6;Nominal;D;0,45;0,47
2026-08-10 13:28;4,94722;-68,59118;VIIRS-NOAA-20;63,1;24,2;5,9;Nominal;D;0,52;0,5
2026-08-10 13:28;3,87275;-75,9434;VIIRS-NOAA-20;66,8;37,1;21,2;Baja;D;0,39;0,36
2026-08-10 13:28;4,66772;-70,6538;VIIRS-NOAA-20;60,4;23,7;5,8;Nominal;D;0,57;0,43
2026-08-10 13:28;3,87606;-75,94392;VIIRS-NOAA-20;72,3;34,5;21,3;Nominal;D;0,39;0,36
2026-08-10 13:28;3,97609;-75,37828;VIIRS-NOAA-20;59,6;25,6;2,4;Nominal;D;0,38;0,36
2026-08-10 13:28;4,06127;-74,86349;VIIRS-NOAA-20;78,6;44,6;11,3;Nominal;D;0,39;0,36
2026-08-10 13:28;4,06074;-74,86694;VIIRS-NOAA-20;72,3;44,5;10,6;Baja;D;0,39;0,36
2026-08-10 13:28;3,99751;-75,30442;VIIRS-NOAA-20;62,7;31,5;2,0;Nominal;D;0,38;0,36
2026-08-10 13:28;4,91174;-69,27846;VIIRS-NOAA-20;66,3;24,5;8,1;Nominal;D;0,47;0,47
2026-08-10 13:28;2,62877;-76,78548;VIIRS-NOAA-20;60,2;32,6;7,2;Nominal;D;0,41;0,37
2026-08-10 13:28;2,61403;-76,8578;VIIRS-NOAA-20;61,7;31,6;3,9;Nominal;D;0,41;0,37
2026-08-10 13:28;2,60384;-76,58025;VIIRS-NOAA-20;58,9;28,5;5,4;Nominal;D;0,41;0,37
2026-08-10 13:28;2,60157;-76,57249;VIIRS-NOAA-20;70,2;30,7;3,5;Nominal;D;0,41;0,37
2026-08-10 13:28;2,59596;-76,58648;VIIRS-NOAA-20;63,5;30,9;1,9;Nominal;D;0,41;0,37
2026-08-10 13:28;2,59819;-76,57198;VIIRS-NOAA-20;57,3;29,7;3,5;Baja;D;0,41;0,37
2026-08-10 13:28;2,59702;-76,46753;VIIRS-NOAA-20;76,9;42,2;14,7;Nominal;D;0,4;0,37
2026-08-10 13:28;2,59757;-76,46392;VIIRS-NOAA-20;59,3;29,5;14,7;Baja;D;0,4;0,37
2026-08-10 13:28;2,4971;-77,09089;VIIRS-NOAA-20;57,2;25,9;2,7;Nominal;D;0,42;0,38
2026-08-10 13:28;2,59366;-76,46693;VIIRS-NOAA-20;76,4;37,7;14,7;Nominal;D;0,4;0,37
2026-08-10 13:28;2,49365;-77,09038;VIIRS-NOAA-20;63,5;35,8;28,6;Baja;D;0,42;0,38
2026-08-10 13:28;2,56667;-76,61922;VIIRS-NOAA-20;65,7;35,5;4,3;Nominal;D;0,41;0,37
2026-08-10 13:28;2,60756;-76,33244;VIIRS-NOAA-20;63,0;26,5;5,0;Nominal;D;0,4;0,37
2026-08-10 13:28;2,41574;-77,30589;VIIRS-NOAA-20;64,0;25,6;4,2;Nominal;D;0,43;0,38
2026-08-10 13:28;2,5286;-76,40825;VIIRS-NOAA-20;73,2;39,2;8,7;Nominal;D;0,4;0,37
2026-08-10 13:28;2,47255;-76,57089;VIIRS-NOAA-20;61,1;32,8;3,2;Nominal;D;0,41;0,37
2026-08-10 13:28;2,90132;-73,6481;VIIRS-NOAA-20;60,8;25,1;2,9;Nominal;D;0,4;0,37
2026-08-10 13:28;2,39376;-76,69248;VIIRS-NOAA-20;64,3;30,7;4,5;Nominal;D;0,41;0,37
2026-08-10 13:28;2,16148;-77,38566;VIIRS-NOAA-20;61,2;29,8;6,5;Nominal;D;0,44;0,38
2026-08-10 13:28;2,13001;-76,76909;VIIRS-NOAA-20;58,8;24,4;2,2;Nominal;D;0,41;0,37
2026-08-10 13:28;2,03301;-76,94607;VIIRS-NOAA-20;77,0;38,5;12,2;Nominal;D;0,42;0,38
2026-08-10 13:28;2,02959;-76,94536;VIIRS-NOAA-20;70,9;43,6;10,6;Nominal;D;0,42;0,38
2026-08-10 13:28;2,03018;-76,94149;VIIRS-NOAA-20;63,7;35,5;10,6;Nominal;D;0,42;0,38
2026-08-10 13:28;2,02617;-76,94466;VIIRS-NOAA-20;65,0;37,6;10,6;Baja;D;0,42;0,38
2026-08-10 13:28;1,98495;-77,09858;VIIRS-NOAA-20;72,8;39,6;22,0;Nominal;D;0,43;0,38
2026-08-10 13:28;1,80497;-76,97144;VIIRS-NOAA-20;34,1;37,2;27,7;Baja;D;0,42;0,38
2026-08-10 13:28;1,80558;-76,96742;VIIRS-NOAA-20;66,2;32,9;27,7;Nominal;D;0,42;0,38
2026-08-10 13:28;1,64454;-77,57043;VIIRS-NOAA-20;60,8;32,1;15,2;Nominal;D;0,45;0,39
2026-08-10 13:28;1,65647;-77,40174;VIIRS-NOAA-20;70,8;35,0;13,8;Nominal;D;0,44;0,38
2026-08-10 13:28;1,65576;-77,4024;VIIRS-NOAA-20;69,4;34,2;5,4;Nominal;D;0,44;0,39
2026-08-10 13:28;2,23266;-73,54415;VIIRS-NOAA-20;57,5;25,2;4,6;Nominal;D;0,4;0,37
2026-08-10 13:28;2,2293;-73,54366;VIIRS-NOAA-20;66,6;23,0;3,0;Nominal;D;0,4;0,37
2026-08-10 13:28;2,16507;-73,91978;VIIRS-NOAA-20;58,2;25,7;2,8;Nominal;D;0,39;0,36
2026-08-10 13:28;1,65061;-77,10809;VIIRS-NOAA-20;66,7;33,3;18,1;Nominal;D;0,43;0,38
2026-08-10 13:28;2,09153;-74,02292;VIIRS-NOAA-20;63,0;24,1;3,3;Nominal;D;0,39;0,36
2026-08-10 13:28;1,50571;-77,51012;VIIRS-NOAA-20;80,1;36,9;13,2;Nominal;D;0,45;0,39
2026-08-10 13:28;1,50156;-77,5135;VIIRS-NOAA-20;68,8;37,2;7,2;Nominal;D;0,45;0,39
2026-08-10 13:28;1,50214;-77,50974;VIIRS-NOAA-20;76,8;39,4;7,2;Nominal;D;0,45;0,39
2026-08-10 13:28;1,49979;-77,10592;VIIRS-NOAA-20;71,9;24,4;41,5;Nominal;D;0,43;0,38
2026-08-10 13:28;1,50034;-77,10234;VIIRS-NOAA-20;70,3;26,9;14,3;Nominal;D;0,43;0,38
2026-08-10 13:28;1,30399;-77,68846;VIIRS-NOAA-20;57,3;24,5;2,7;Nominal;D;0,46;0,39
2026-08-10 13:28;1,30045;-77,68768;VIIRS-NOAA-20;68,6;31,6;11,1;Nominal;D;0,46;0,39
2026-08-10 13:28;1,29151;-77,62801;VIIRS-NOAA-20;26,3;34,6;24,4;Baja;D;0,46;0,39
2026-08-10 13:28;1,29207;-77,6244;VIIRS-NOAA-20;64,8;29,9;24,4;Nominal;D;0,46;0,39
2026-08-10 13:28;1,29256;-77,62859;VIIRS-NOAA-20;55,2;27,8;23,8;Nominal;D;0,46;0,39
2026-08-10 13:28;1,29311;-77,62497;VIIRS-NOAA-20;66,8;37,2;23,8;Nominal;D;0,46;0,39
2026-08-10 13:28;1,33201;-77,32053;VIIRS-NOAA-20;59,6;29,1;31,9;Nominal;D;0,44;0,38
2026-08-10 13:28;1,21139;-77,65728;VIIRS-NOAA-20;57,2;31,9;17,8;Baja;D;0,46;0,39
2026-08-10 13:28;1,21208;-77,65285;VIIRS-NOAA-20;74,4;32,7;17,8;Nominal;D;0,46;0,39
2026-08-10 13:28;1,07434;-77,5649;VIIRS-NOAA-20;64,4;27,9;4,9;Nominal;D;0,46;0,39
2026-08-10 13:28;0,90838;-78,01802;VIIRS-NOAA-20;59,7;25,5;13,7;Nominal;D;0,48;0,4
2026-08-10 13:28;0,90602;-78,00919;VIIRS-NOAA-20;58,5;28,0;62,6;Nominal;D;0,48;0,4
2026-08-10 13:28;0,90508;-78,01498;VIIRS-NOAA-20;54,7;22,7;62,1;Nominal;D;0,48;0,4
2026-08-10 13:28;1,07798;-74,77286;VIIRS-NOAA-20;61,2;26,4;4,0;Nominal;D;0,38;0,36
2026-08-10 13:28;5,47701;-75,7956;VIIRS-NOAA-20;58,2;27,4;2,7;Nominal;D;0,38;0,36
2026-08-10 13:28;6,06777;-71,86005;VIIRS-NOAA-20;57,6;24,6;3,0;Nominal;D;0,5;0,41
2026-08-10 13:28;5,71683;-74,17308;VIIRS-NOAA-20;56,9;30,6;2,2;Nominal;D;0,4;0,37
2026-08-10 13:28;5,64744;-74,45087;VIIRS-NOAA-20;71,6;36,1;16,5;Nominal;D;0,39;0,37
2026-08-10 13:28;5,68003;-74,23439;VIIRS-NOAA-20;59,2;28,8;3,2;Nominal;D;0,4;0,37
2026-08-10 13:28;5,49631;-75,35944;VIIRS-NOAA-20;65,9;29,3;7,5;Nominal;D;0,38;0,36
2026-08-10 13:28;5,5097;-75,22699;VIIRS-NOAA-20;67,7;33,4;3,6;Nominal;D;0,39;0,36
2026-08-10 13:28;5,63632;-74,38824;VIIRS-NOAA-20;71,9;33,8;26,9;Nominal;D;0,4;0,37
2026-08-10 13:28;5,43171;-75,40173;VIIRS-NOAA-20;81,0;33,5;12,9;Nominal;D;0,38;0,36
2026-08-10 13:28;5,43223;-75,3983;VIIRS-NOAA-20;58,3;25,9;5,7;Nominal;D;0,38;0,36
2026-08-10 13:28;5,57995;-74,42709;VIIRS-NOAA-20;58,6;26,9;1,8;Nominal;D;0,39;0,37
2026-08-10 13:28;5,77391;-72,8803;VIIRS-NOAA-20;68,5;38,9;8,1;Nominal;D;0,45;0,39
2026-08-10 13:28;5,77097;-72,87577;VIIRS-NOAA-20;63,0;35,6;9,2;Baja;D;0,45;0,39
2026-08-10 13:28;5,41192;-75,17716;VIIRS-NOAA-20;60,2;23,2;3,5;Nominal;D;0,39;0,36
2026-08-10 13:28;6,05023;-70,75205;VIIRS-NOAA-20;57,4;22,0;1,0;Nominal;D;0,39;0,44
2026-08-10 13:28;5,51504;-74,38119;VIIRS-NOAA-20;61,8;27,5;3,7;Nominal;D;0,4;0,37
2026-08-10 13:28;5,69999;-73,06461;VIIRS-NOAA-20;72,8;34,2;14,4;Nominal;D;0,44;0,38
2026-08-10 13:28;5,69649;-73,06409;VIIRS-NOAA-20;93,9;68,5;64,7;Alta;D;0,44;0,38
2026-08-10 13:28;5,693;-73,06351;VIIRS-NOAA-20;67,9;28,4;64,7;Nominal;D;0,44;0,38
2026-08-10 13:28;5,69357;-73,05958;VIIRS-NOAA-20;58,0;32,9;39,8;Nominal;D;0,44;0,38
2026-08-10 13:28;5,47069;-74,47196;VIIRS-NOAA-20;70,6;30,7;10,7;Nominal;D;0,39;0,36
2026-08-10 13:28;5,49658;-74,29852;VIIRS-NOAA-20;63,7;31,3;4,5;Nominal;D;0,4;0,37
2026-08-10 13:28;5,42208;-74,77495;VIIRS-NOAA-20;72,2;33,9;3,5;Nominal;D;0,39;0,36
2026-08-10 13:28;5,46832;-74,47026;VIIRS-NOAA-20;60,5;29,4;6,1;Nominal;D;0,39;0,36
2026-08-10 13:28;5,37158;-74,74937;VIIRS-NOAA-20;74,6;35,8;8,1;Nominal;D;0,39;0,36
2026-08-10 13:28;5,19508;-75,82172;VIIRS-NOAA-20;62,5;33,5;8,5;Baja;D;0,38;0,36
2026-08-10 13:28;5,53395;-73,5274;VIIRS-NOAA-20;74,8;38,1;8,5;Nominal;D;0,42;0,38
2026-08-10 13:28;5,53449;-73,5237;VIIRS-NOAA-20;77,5;32,6;8,5;Nominal;D;0,42;0,38
2026-08-10 13:28;5,38703;-74,46589;VIIRS-NOAA-20;82,3;38,0;29,2;Nominal;D;0,39;0,36
2026-08-10 13:28;5,35408;-74,63984;VIIRS-NOAA-20;71,2;33,7;6,8;Nominal;D;0,39;0,36
2026-08-10 13:28;5,26577;-75,04305;VIIRS-NOAA-20;61,8;33,2;1,4;Nominal;D;0,39;0,36
2026-08-10 13:28;5,24001;-75,14548;VIIRS-NOAA-20;58,9;29,8;1,9;Nominal;D;0,39;0,36
2026-08-10 13:28;5,47155;-73,54639;VIIRS-NOAA-20;64,4;26,1;5,0;Nominal;D;0,42;0,37
2026-08-10 13:28;5,54259;-73,04917;VIIRS-NOAA-20;61,6;32,3;5,2;Nominal;D;0,44;0,38
2026-08-10 13:28;5,42561;-69,60235;VIIRS-NOAA-20;73,2;23,5;10,7;Nominal;D;0,45;0,47
2026-08-10 13:28;5,42621;-69,59827;VIIRS-NOAA-20;77,0;22,3;12,3;Nominal;D;0,45;0,47
2026-08-10 13:28;4,58284;-75,13702;VIIRS-NOAA-20;73,3;31,6;12,3;Nominal;D;0,38;0,36
2026-08-10 13:28;4,60394;-74,99883;VIIRS-NOAA-20;63,1;33,7;6,9;Baja;D;0,39;0,36
2026-08-10 13:28;4,59438;-74,8167;VIIRS-NOAA-20;71,7;38,3;8,1;Nominal;D;0,39;0,36
2026-08-10 13:28;4,55839;-75,00942;VIIRS-NOAA-20;67,4;42,3;9,7;Baja;D;0,39;0,36
2026-08-10 13:28;4,5523;-75,00497;VIIRS-NOAA-20;72,9;40,3;18,0;Nominal;D;0,39;0,36
2026-08-10 13:28;4,51481;-75,20758;VIIRS-NOAA-20;65,1;24,9;9,8;Nominal;D;0,38;0,36
2026-08-10 13:28;5,3964;-69,12471;VIIRS-NOAA-20;81,9;20,7;14,3;Nominal;D;0,49;0,48
2026-08-10 13:28;5,04583;-71,55602;VIIRS-NOAA-20;60,2;22,1;5,0;Nominal;D;0,51;0,41
2026-08-10 13:28;5,22392;-70,25542;VIIRS-NOAA-20;60,8;23,1;4,9;Nominal;D;0,41;0,45
2026-08-10 13:28;5,39738;-69,1255;VIIRS-NOAA-20;67,4;20,9;13,1;Nominal;D;0,49;0,48
2026-08-10 13:28;5,22495;-70,25488;VIIRS-NOAA-20;60,1;23,1;3,5;Nominal;D;0,41;0,45
2026-08-10 13:28;4,55374;-74,68221;VIIRS-NOAA-20;74,9;40,7;11,3;Nominal;D;0,39;0,36
2026-08-10 13:28;5,06544;-71,29436;VIIRS-NOAA-20;57,1;21,7;10,6;Nominal;D;0,53;0,42
2026-08-10 13:28;5,06615;-71,28963;VIIRS-NOAA-20;72,8;24,9;10,6;Nominal;D;0,53;0,42
2026-08-10 13:28;4,55042;-74,68172;VIIRS-NOAA-20;68,7;38,4;11,3;Nominal;D;0,39;0,36
2026-08-10 13:28;5,06232;-71,28908;VIIRS-NOAA-20;63,6;24,7;10,6;Nominal;D;0,53;0,42
2026-08-10 13:28;5,33197;-69,47643;VIIRS-NOAA-20;63,1;22,2;3,8;Nominal;D;0,46;0,47
2026-08-10 13:28;5,30971;-69,47752;VIIRS-NOAA-20;69,7;23,7;5,1;Nominal;D;0,46;0,47
2026-08-10 13:28;5,31031;-69,47339;VIIRS-NOAA-20;69,9;23,8;10,2;Nominal;D;0,46;0,47
2026-08-10 13:28;5,30538;-69,4769;VIIRS-NOAA-20;57,8;22,4;5,1;Nominal;D;0,46;0,47
2026-08-10 13:28;4,59052;-74,21444;VIIRS-NOAA-20;68,0;31,4;4,8;Nominal;D;0,39;0,37
2026-08-10 13:28;4,41054;-75,26808;VIIRS-NOAA-20;62,5;33,9;3,1;Baja;D;0,38;0,36
2026-08-10 13:28;4,47494;-74,84412;VIIRS-NOAA-20;69,0;38,6;9,8;Nominal;D;0,39;0,36
2026-08-10 13:28;4,47319;-74,54171;VIIRS-NOAA-20;71,7;32,1;3,0;Nominal;D;0,39;0,36
2026-08-10 13:28;4,34211;-75,15871;VIIRS-NOAA-20;64,9;38,5;2,5;Baja;D;0,38;0,36
2026-08-10 13:28;4,1821;-75,78363;VIIRS-NOAA-20;62,2;34,7;4,9;Baja;D;0,39;0,36
2026-08-10 13:28;4,17828;-75,7865;VIIRS-NOAA-20;60,3;31,8;5,0;Baja;D;0,39;0,36
2026-08-10 13:28;4,2292;-75,38627;VIIRS-NOAA-20;62,5;26,1;1,7;Nominal;D;0,38;0,36
2026-08-10 13:28;4,9209;-70,70577;VIIRS-NOAA-20;57,9;22,2;2,8;Nominal;D;0,57;0,43
2026-08-10 13:28;5,04173;-69,89055;VIIRS-NOAA-20;66,3;23,9;26,2;Nominal;D;0,43;0,46
2026-08-10 13:28;5,0423;-69,8867;VIIRS-NOAA-20;70,4;25,5;26,2;Nominal;D;0,43;0,46
2026-08-10 13:28;4,10519;-76,08784;VIIRS-NOAA-20;82,1;40,1;17,4;Nominal;D;0,39;0,36
2026-08-10 13:28;5,03811;-69,88608;VIIRS-NOAA-20;69,7;25,3;26,2;Nominal;D;0,43;0,46
2026-08-10 13:28;5,03336;-69,8893;VIIRS-NOAA-20;67,2;24,5;7,8;Nominal;D;0,43;0,46
2026-08-10 13:28;5,03392;-69,88546;VIIRS-NOAA-20;68,7;24,4;7,8;Nominal;D;0,43;0,46
2026-08-10 13:28;5,03448;-69,88164;VIIRS-NOAA-20;70,9;24,1;6,2;Nominal;D;0,43;0,46
2026-08-10 13:28;4,20762;-75,28471;VIIRS-NOAA-20;70,7;36,9;3,2;Nominal;D;0,38;0,36
2026-08-10 13:28;4,23904;-75,07838;VIIRS-NOAA-20;65,0;39,0;46,1;Nominal;D;0,38;0,36
2026-08-10 13:28;4,23852;-75,08183;VIIRS-NOAA-20;93,9;54,7;46,1;Alta;D;0,38;0,36
2026-08-10 13:28;4,23521;-75,08132;VIIRS-NOAA-20;93,9;73,7;47,0;Alta;D;0,38;0,36
2026-08-10 13:28;4,23191;-75,08082;VIIRS-NOAA-20;82,9;48,6;47,0;Nominal;D;0,38;0,36
2026-08-10 13:28;4,22913;-75,07688;VIIRS-NOAA-20;64,2;38,9;47,5;Baja;D;0,38;0,36
2026-08-10 13:28;4,20316;-75,20322;VIIRS-NOAA-20;68,4;35,1;5,2;Nominal;D;0,38;0,36
2026-08-10 13:28;4,20368;-75,19978;VIIRS-NOAA-20;68,8;33,2;5,2;Nominal;D;0,38;0,36
2026-08-10 13:28;4,19986;-75,20273;VIIRS-NOAA-20;75,9;36,7;5,2;Nominal;D;0,38;0,36
2026-08-10 13:28;4,20038;-75,19927;VIIRS-NOAA-20;61,8;32,3;5,2;Nominal;D;0,38;0,36
2026-08-10 13:28;4,78822;-71,17488;VIIRS-NOAA-20;73,9;23,3;10,0;Nominal;D;0,53;0,42
2026-08-10 13:28;4,26696;-74,49166;VIIRS-NOAA-20;69,8;34,4;9,1;Nominal;D;0,39;0,36
2026-08-10 13:28;4,26365;-74,49111;VIIRS-NOAA-20;69,1;30,7;10,8;Nominal;D;0,39;0,36
2026-08-10 13:28;4,95798;-69,7841;VIIRS-NOAA-20;57,2;23,3;2,2;Nominal;D;0,43;0,46
2026-08-10 13:28;4,12993;-75,25843;VIIRS-NOAA-20;73,2;40,7;7,3;Nominal;D;0,38;0,36
2026-08-10 13:28;4,13045;-75,255;VIIRS-NOAA-20;74,9;39,6;12,3;Nominal;D;0,38;0,36
2026-08-10 13:28;4,13148;-75,24814;VIIRS-NOAA-20;58,9;33,0;3,2;Baja;D;0,38;0,36
2026-08-10 13:28;4,12663;-75,25793;VIIRS-NOAA-20;81,4;44,3;17,1;Nominal;D;0,38;0,36
2026-08-10 13:28;4,12818;-75,24764;VIIRS-NOAA-20;69,9;39,5;3,8;Nominal;D;0,38;0,36
2026-08-10 13:28;4,69088;-71,09973;VIIRS-NOAA-20;65,4;24,3;5,8;Nominal;D;0,53;0,42
2026-08-10 13:28;4,24122;-74,05334;VIIRS-NOAA-20;63,4;17,6;2,8;Nominal;D;0,4;0,37
2026-08-10 13:28;4,03807;-75,21564;VIIRS-NOAA-20;65,1;37,4;2,6;Baja;D;0,38;0,36
2026-08-10 13:28;6,6099;-75,87088;VIIRS-NOAA-20;78,0;47,6;26,2;Nominal;D;0,38;0,36
2026-08-10 13:28;6,81902;-73,96925;VIIRS-NOAA-20;63,6;28,3;3,6;Nominal;D;0,41;0,37
2026-08-10 13:28;6,84752;-73,75502;VIIRS-NOAA-20;65,6;28,6;4,2;Nominal;D;0,42;0,38
2026-08-10 13:28;6,59035;-74,79032;VIIRS-NOAA-20;69,7;30,8;3,9;Nominal;D;0,39;0,36
2026-08-10 13:28;6,73216;-73,77691;VIIRS-NOAA-20;63,0;27,6;2,5;Nominal;D;0,42;0,38
2026-08-10 13:28;6,67476;-73,76083;VIIRS-NOAA-20;63,0;31,8;3,3;Nominal;D;0,42;0,38
2026-08-10 13:28;6,32408;-75,96205;VIIRS-NOAA-20;62,5;31,4;4,2;Nominal;D;0,38;0,36
2026-08-10 13:28;6,32079;-75,96156;VIIRS-NOAA-20;74,4;34,5;6,2;Nominal;D;0,38;0,36
2026-08-10 13:28;6,36584;-75,35537;VIIRS-NOAA-20;73,1;28,4;9,3;Nominal;D;0,39;0,36
2026-08-10 13:28;6,57231;-73,86348;VIIRS-NOAA-20;61,9;29,8;2,4;Nominal;D;0,41;0,37
2026-08-10 13:28;6,45936;-74,57639;VIIRS-NOAA-20;59,4;30,0;;Baja;D;0,4;0,37
2026-08-10 13:28;6,39255;-74,82;VIIRS-NOAA-20;61,7;31,4;2,1;Nominal;D;0,39;0,36
2026-08-10 13:28;6,38417;-74,80789;VIIRS-NOAA-20;36,1;41,5;61,8;Baja;D;0,39;0,36
2026-08-10 13:28;6,38524;-74,80083;VIIRS-NOAA-20;63,2;34,7;13,4;Nominal;D;0,39;0,36
2026-08-10 13:28;6,38471;-74,80434;VIIRS-NOAA-20;93,9;58,4;61,8;Alta;D;0,39;0,36
2026-08-10 13:28;6,38137;-74,80385;VIIRS-NOAA-20;59,4;34,3;3,1;Nominal;D;0,39;0,36
2026-08-10 13:28;6,38191;-74,80032;VIIRS-NOAA-20;63,7;35,4;5,5;Nominal;D;0,39;0,36
2026-08-10 13:28;6,43626;-74,32674;VIIRS-NOAA-20;57,9;32,7;1,6;Baja;D;0,4;0,37
2026-08-10 13:28;6,3607;-74,78282;VIIRS-NOAA-20;65,9;33,6;4,6;Nominal;D;0,39;0,36
2026-08-10 13:28;6,25992;-74,79942;VIIRS-NOAA-20;69,3;38,6;6,6;Nominal;D;0,39;0,36
2026-08-10 13:28;6,25659;-74,79894;VIIRS-NOAA-20;74,7;38,6;6,6;Nominal;D;0,39;0,36
2026-08-10 13:28;6,30744;-74,25551;VIIRS-NOAA-20;70,0;30,8;6,8;Nominal;D;0,4;0,37
2026-08-10 13:28;6,12836;-74,88336;VIIRS-NOAA-20;58,4;28,6;5,9;Baja;D;0,39;0,36
2026-08-10 13:28;6,11002;-74,86977;VIIRS-NOAA-20;59,0;29,6;19,8;Baja;D;0,39;0,36
2026-08-10 13:28;6,04179;-75,05245;VIIRS-NOAA-20;58,7;30,0;3,3;Nominal;D;0,39;0,36
2026-08-10 13:28;6,05287;-74,86744;VIIRS-NOAA-20;68,7;34,7;4,9;Nominal;D;0,39;0,36
2026-08-10 13:28;6,18107;-74,02042;VIIRS-NOAA-20;66,4;29,0;3,0;Nominal;D;0,41;0,37
2026-08-10 13:28;6,04372;-74,90539;VIIRS-NOAA-20;69,3;30,6;4,4;Nominal;D;0,39;0,36
2026-08-10 13:28;6,17767;-74,01992;VIIRS-NOAA-20;62,2;27,8;3,0;Nominal;D;0,41;0,37
2026-08-10 13:28;6,04038;-74,90498;VIIRS-NOAA-20;72,0;30,7;3,5;Nominal;D;0,39;0,36
2026-08-10 13:28;6,04856;-74,37432;VIIRS-NOAA-20;69,8;35,7;10,8;Nominal;D;0,4;0,37
2026-08-10 13:28;5,9472;-74,73543;VIIRS-NOAA-20;60,8;34,5;3,4;Baja;D;0,39;0,36
2026-08-10 13:28;6,63499;-69,95028;VIIRS-NOAA-20;63,8;23,5;5,8;Nominal;D;0,45;0,47
2026-08-10 13:28;5,95049;-74,55538;VIIRS-NOAA-20;68,8;41,5;21,2;Baja;D;0,39;0,36
2026-08-10 13:28;6,62388;-69,93639;VIIRS-NOAA-20;81,8;25,2;12,0;Nominal;D;0,45;0,47
2026-08-10 13:28;6,62446;-69,93236;VIIRS-NOAA-20;67,7;25,6;12,0;Nominal;D;0,45;0,47
2026-08-10 13:28;5,92267;-74,55847;VIIRS-NOAA-20;63,0;35,7;3,3;Baja;D;0,39;0,36
2026-08-10 13:28;5,86456;-74,63216;VIIRS-NOAA-20;57,3;31,7;2,0;Baja;D;0,39;0,36
2026-08-10 13:28;5,87807;-74,47501;VIIRS-NOAA-20;65,7;35,6;2,2;Nominal;D;0,4;0,37
2026-08-10 13:28;5,79652;-74,99125;VIIRS-NOAA-20;69,4;30,7;13,1;Nominal;D;0,39;0,36
2026-08-10 13:28;5,7932;-74,99077;VIIRS-NOAA-20;66,9;31,8;13,1;Nominal;D;0,39;0,36
2026-08-10 13:28;5,78879;-74,99742;VIIRS-NOAA-20;69,5;35,2;33,2;Nominal;D;0,39;0,36
2026-08-10 13:28;5,78809;-74,73226;VIIRS-NOAA-20;59,6;34,4;2,9;Baja;D;0,39;0,36
2026-08-10 13:28;5,75294;-74,92056;VIIRS-NOAA-20;59,4;30,1;25,9;Baja;D;0,39;0,36
2026-08-10 13:28;5,72659;-74,93776;VIIRS-NOAA-20;56,9;31,4;3,8;Baja;D;0,39;0,36
2026-08-10 13:28;5,72712;-74,9343;VIIRS-NOAA-20;61,8;34,3;6,1;Nominal;D;0,39;0,36
2026-08-10 13:28;5,93732;-73,26368;VIIRS-NOAA-20;57,3;31,2;2,0;Baja;D;0,43;0,38
2026-08-10 13:28;6,0809;-72,11791;VIIRS-NOAA-20;62,3;25,6;3,9;Nominal;D;0,49;0,4
2026-08-10 13:28;5,74244;-74,2665;VIIRS-NOAA-20;59,2;27,9;4,5;Nominal;D;0,4;0,37
2026-08-10 13:28;5,57983;-75,30229;VIIRS-NOAA-20;59,3;30,3;20,0;Nominal;D;0,38;0,36
2026-08-10 13:28;2,62824;-76,78892;VIIRS-NOAA-20;75,5;42,5;41,0;Nominal;D;0,41;0,37
2026-08-10 13:28;2,61747;-76,85816;VIIRS-NOAA-20;61,0;29,5;3,9;Nominal;D;0,41;0,37
2026-08-10 13:28;2,65029;-76,78142;VIIRS-NOAA-20;82,5;37,3;16,6;Nominal;D;0,41;0,37
2026-08-10 13:30;9,38604;-73,39951;VIIRS-NOAA-20;62,8;31,4;2,4;Nominal;D;0,46;0,39
2026-08-10 13:30;9,37528;-73,44846;VIIRS-NOAA-20;65,6;34,3;3,1;Nominal;D;0,46;0,39
2026-08-10 13:30;9,37587;-73,44435;VIIRS-NOAA-20;76,2;36,0;9,0;Nominal;D;0,46;0,39
2026-08-10 13:30;9,38305;-73,39483;VIIRS-NOAA-20;76,0;34,7;7,1;Nominal;D;0,46;0,39
2026-08-10 13:30;9,38365;-73,39074;VIIRS-NOAA-20;64,0;29,3;7,1;Nominal;D;0,46;0,39
2026-08-10 13:30;9,37946;-73,39436;VIIRS-NOAA-20;62,6;32,9;7,1;Baja;D;0,46;0,39
2026-08-10 13:30;9,38005;-73,39026;VIIRS-NOAA-20;67,6;32,0;7,1;Nominal;D;0,46;0,39
2026-08-10 13:30;9,3693;-73,43922;VIIRS-NOAA-20;66,7;30,7;17,4;Nominal;D;0,46;0,39
2026-08-10 13:30;9,36989;-73,43515;VIIRS-NOAA-20;63,0;29,6;33,8;Nominal;D;0,46;0,39
2026-08-10 13:30;9,36631;-73,43463;VIIRS-NOAA-20;93,9;53,0;33,8;Baja;D;0,46;0,39
2026-08-10 13:30;9,3669;-73,43056;VIIRS-NOAA-20;62,6;30,9;33,8;Nominal;D;0,46;0,39
2026-08-10 13:30;9,36273;-73,43405;VIIRS-NOAA-20;62,5;30,8;20,5;Nominal;D;0,46;0,39
2026-08-10 13:30;9,36332;-73,42995;VIIRS-NOAA-20;76,7;38,1;20,5;Nominal;D;0,46;0,39
2026-08-10 13:30;9,36391;-73,42589;VIIRS-NOAA-20;74,4;36,7;40,4;Nominal;D;0,46;0,39
2026-08-10 13:30;9,36683;-73,40568;VIIRS-NOAA-20;68,7;32,2;4,7;Nominal;D;0,46;0,39
2026-08-10 13:30;9,36808;-73,397;VIIRS-NOAA-20;63,9;34,0;6,2;Baja;D;0,46;0,39
2026-08-10 13:30;9,36033;-73,42537;VIIRS-NOAA-20;93,9;54,4;40,4;Baja;D;0,46;0,39
2026-08-10 13:30;9,36091;-73,42133;VIIRS-NOAA-20;74,3;34,7;40,4;Nominal;D;0,46;0,39
2026-08-10 13:30;9,36323;-73,40521;VIIRS-NOAA-20;75,8;34,3;4,7;Nominal;D;0,46;0,39
2026-08-10 13:30;9,35674;-73,42483;VIIRS-NOAA-20;67,1;33,5;33,3;Nominal;D;0,46;0,39
2026-08-10 13:30;9,35789;-73,41685;VIIRS-NOAA-20;71,4;33,1;18,0;Nominal;D;0,46;0,39
2026-08-10 13:30;9,36028;-73,40028;VIIRS-NOAA-20;63,1;31,8;3,2;Nominal;D;0,46;0,39
2026-08-10 13:30;9,35375;-73,42022;VIIRS-NOAA-20;61,5;31,9;33,3;Baja;D;0,46;0,39
2026-08-10 13:30;9,35433;-73,41618;VIIRS-NOAA-20;82,7;33,6;18,0;Nominal;D;0,46;0,39
2026-08-10 13:30;9,35073;-73,41573;VIIRS-NOAA-20;76,1;38,2;20,2;Nominal;D;0,46;0,39
2026-08-10 13:30;9,35132;-73,41164;VIIRS-NOAA-20;75,7;31,7;20,2;Nominal;D;0,46;0,39
2026-08-10 13:30;9,35011;-73,39451;VIIRS-NOAA-20;64,6;31,9;3,1;Nominal;D;0,46;0,39
2026-08-10 13:30;9,35363;-73,36996;VIIRS-NOAA-20;63,1;31,2;5,3;Nominal;D;0,46;0,39
2026-08-10 13:30;9,35422;-73,36581;VIIRS-NOAA-20;65,8;32,1;7,8;Nominal;D;0,46;0,39
2026-08-10 13:30;9,34402;-73,38586;VIIRS-NOAA-20;63,4;32,4;3,2;Nominal;D;0,46;0,39
2026-08-10 13:30;9,35391;-73,31664;VIIRS-NOAA-20;66,3;27,9;15,2;Nominal;D;0,46;0,39
2026-08-10 13:30;9,30959;-73,38216;VIIRS-NOAA-20;57,3;28,3;2,8;Baja;D;0,46;0,39
2026-08-10 13:30;9,12866;-74,08012;VIIRS-NOAA-20;63,7;27,7;1,8;Nominal;D;0,43;0,38
2026-08-10 13:30;9,12922;-74,07626;VIIRS-NOAA-20;61,1;25,2;1,2;Nominal;D;0,43;0,38
2026-08-10 13:30;9,17037;-73,74135;VIIRS-NOAA-20;72,2;31,6;13,5;Nominal;D;0,44;0,38
2026-08-10 13:30;9,172;-73,70483;VIIRS-NOAA-20;63,4;31,2;4,5;Nominal;D;0,44;0,39
2026-08-10 13:30;9,04914;-74,1003;VIIRS-NOAA-20;69,6;36,0;7,9;Nominal;D;0,43;0,38
2026-08-10 13:30;9,0393;-74,09492;VIIRS-NOAA-20;64,7;34,2;2,8;Nominal;D;0,43;0,38
2026-08-10 13:30;8,94313;-74,60835;VIIRS-NOAA-20;64,3;32,4;3,6;Nominal;D;0,41;0,37
2026-08-10 13:30;8,9135;-74,56955;VIIRS-NOAA-20;63,3;30,7;4,6;Nominal;D;0,41;0,37
2026-08-10 13:30;8,90614;-74,57224;VIIRS-NOAA-20;67,2;29,1;4,0;Nominal;D;0,41;0,37
2026-08-10 13:30;8,88737;-74,5581;VIIRS-NOAA-20;59,6;31,1;4,0;Baja;D;0,41;0,37
2026-08-10 13:30;8,97288;-73,97842;VIIRS-NOAA-20;63,9;31,0;4,4;Nominal;D;0,43;0,38
2026-08-10 13:30;8,9694;-73,97791;VIIRS-NOAA-20;75,9;32,1;4,4;Nominal;D;0,43;0,38
2026-08-10 13:30;8,86967;-74,53654;VIIRS-NOAA-20;67,0;28,9;11,1;Nominal;D;0,41;0,37
2026-08-10 13:30;8,86626;-74,53603;VIIRS-NOAA-20;62,1;27,2;11,1;Nominal;D;0,41;0,37
2026-08-10 13:30;8,96901;-73,83404;VIIRS-NOAA-20;57,4;22,3;3,2;Nominal;D;0,43;0,38
2026-08-10 13:30;8,96958;-73,83009;VIIRS-NOAA-20;58,1;20,8;1,2;Nominal;D;0,43;0,38
2026-08-10 13:30;8,9655;-73,83353;VIIRS-NOAA-20;70,4;23,4;6,2;Nominal;D;0,43;0,38
2026-08-10 13:30;8,85604;-74,53451;VIIRS-NOAA-20;59,8;30,1;2,8;Baja;D;0,41;0,37
2026-08-10 13:30;8,85482;-74,51915;VIIRS-NOAA-20;66,4;28,6;6,0;Nominal;D;0,41;0,37
2026-08-10 13:30;8,84227;-74,50969;VIIRS-NOAA-20;58,3;27,6;1,3;Nominal;D;0,41;0,37
2026-08-10 13:30;8,89331;-74,15951;VIIRS-NOAA-20;71,9;32,4;8,1;Nominal;D;0,42;0,38
2026-08-10 13:30;8,83041;-74,51931;VIIRS-NOAA-20;58,1;28,5;3,7;Baja;D;0,41;0,37
2026-08-10 13:30;8,90686;-73,99249;VIIRS-NOAA-20;62,3;30,2;3,1;Nominal;D;0,43;0,38
2026-08-10 13:30;8,90741;-73,98862;VIIRS-NOAA-20;65,4;31,9;6,8;Nominal;D;0,43;0,38
2026-08-10 13:30;8,82647;-74,52252;VIIRS-NOAA-20;73,2;31,0;8,8;Nominal;D;0,41;0,37
2026-08-10 13:30;8,82586;-74,52243;VIIRS-NOAA-20;74,4;30,2;5,8;Nominal;D;0,41;0,37
2026-08-10 13:30;8,9055;-73,98866;VIIRS-NOAA-20;68,2;32,9;6,4;Nominal;D;0,43;0,38
2026-08-10 13:30;8,91877;-73,82713;VIIRS-NOAA-20;62,2;21,5;5,3;Nominal;D;0,43;0,38
2026-08-10 13:30;8,91527;-73,82662;VIIRS-NOAA-20;62,3;21,2;1,8;Nominal;D;0,43;0,38
2026-08-10 13:30;8,8213;-74,36555;VIIRS-NOAA-20;72,4;34,0;16,3;Nominal;D;0,41;0,37
2026-08-10 13:30;8,82186;-74,3618;VIIRS-NOAA-20;64,6;32,1;16,3;Nominal;D;0,41;0,37
2026-08-10 13:30;8,72806;-74,09643;VIIRS-NOAA-20;66,7;30,5;5,2;Nominal;D;0,42;0,38
2026-08-10 13:30;8,7246;-74,09592;VIIRS-NOAA-20;57,2;26,8;3,4;Nominal;D;0,42;0,38
2026-08-10 13:30;8,85869;-72,96833;VIIRS-NOAA-20;60,9;27,1;3,4;Nominal;D;0,47;0,4
2026-08-10 13:30;8,67651;-74,06229;VIIRS-NOAA-20;64,5;20,8;4,1;Nominal;D;0,42;0,38
2026-08-10 13:30;8,6521;-74,18587;VIIRS-NOAA-20;60,5;26,0;2,7;Nominal;D;0,42;0,38
2026-08-10 13:30;8,67174;-74,05378;VIIRS-NOAA-20;64,9;21,2;12,4;Nominal;D;0,42;0,38
2026-08-10 13:30;8,66827;-74,05336;VIIRS-NOAA-20;70,6;22,6;12,4;Nominal;D;0,42;0,38
2026-08-10 13:30;8,76632;-73,31652;VIIRS-NOAA-20;62,2;25,9;7,1;Nominal;D;0,46;0,39
2026-08-10 13:30;8,46194;-75,27224;VIIRS-NOAA-20;60,8;23,7;2,4;Nominal;D;0,39;0,36
2026-08-10 13:30;8,73275;-73,37151;VIIRS-NOAA-20;65,4;21,7;4,6;Nominal;D;0,45;0,39
2026-08-10 13:30;8,72922;-73,37076;VIIRS-NOAA-20;65,6;27,1;6,2;Nominal;D;0,45;0,39
2026-08-10 13:30;8,59211;-73,99375;VIIRS-NOAA-20;66,7;23,5;3,9;Nominal;D;0,43;0,38
2026-08-10 13:30;8,58864;-73,99324;VIIRS-NOAA-20;65,6;28,2;35,1;Nominal;D;0,43;0,38
2026-08-10 13:30;8,39767;-73,24057;VIIRS-NOAA-20;63,9;28,6;3,4;Nominal;D;0,46;0,39
2026-08-10 13:30;8,41628;-73,00874;VIIRS-NOAA-20;59,3;19,1;2,8;Nominal;D;0,47;0,4
2026-08-10 13:30;8,38728;-73,16026;VIIRS-NOAA-20;58,1;19,6;3,1;Nominal;D;0,46;0,39
2026-08-10 13:30;8,24543;-74,02634;VIIRS-NOAA-20;68,4;24,0;13,3;Nominal;D;0,42;0,38
2026-08-10 13:30;8,33661;-73,19124;VIIRS-NOAA-20;72,0;28,3;16,0;Nominal;D;0,46;0,39
2026-08-10 13:30;8,43345;-72,50063;VIIRS-NOAA-20;63,7;20,6;4,7;Nominal;D;0,5;0,41
2026-08-10 13:30;8,42507;-72,53227;VIIRS-NOAA-20;66,9;23,5;62,1;Nominal;D;0,49;0,41
2026-08-10 13:30;8,31382;-72,94167;VIIRS-NOAA-20;66,5;16,2;5,9;Nominal;D;0,47;0,4
2026-08-10 13:30;8,28594;-72,97436;VIIRS-NOAA-20;57,3;15,5;4,8;Nominal;D;0,47;0,4
2026-08-10 13:30;8,2804;-72,88634;VIIRS-NOAA-20;57,6;17,8;2,9;Nominal;D;0,47;0,4
2026-08-10 13:30;8,29454;-72,73835;VIIRS-NOAA-20;61,6;18,6;3,6;Nominal;D;0,48;0,4
2026-08-10 13:30;7,79385;-75,92122;VIIRS-NOAA-20;60,6;23,9;3,0;Nominal;D;0,38;0,36
2026-08-10 13:30;10,4882;-73,86801;VIIRS-NOAA-20;60,2;22,7;4,2;Nominal;D;0,45;0,39
2026-08-10 13:30;10,24825;-75,48602;VIIRS-NOAA-20;57,3;30,2;2,9;Baja;D;0,39;0,37
2026-08-10 13:30;10,45478;-74,02534;VIIRS-NOAA-20;60,2;26,3;3,9;Nominal;D;0,44;0,38
2026-08-10 13:30;10,33734;-74,54968;VIIRS-NOAA-20;67,8;29,1;4,9;Nominal;D;0,42;0,38
2026-08-10 13:30;10,50591;-73,29882;VIIRS-NOAA-20;59,2;33,8;3,9;Baja;D;0,48;0,4
2026-08-10 13:30;10,36481;-74,17001;VIIRS-NOAA-20;66,4;33,0;6,5;Nominal;D;0,43;0,38
2026-08-10 13:30;10,38868;-73,9565;VIIRS-NOAA-20;60,9;26,5;3,0;Nominal;D;0,44;0,39
2026-08-10 13:30;10,38516;-73,95592;VIIRS-NOAA-20;60,2;26,2;2,3;Nominal;D;0,44;0,39
2026-08-10 13:30;10,22053;-75,03305;VIIRS-NOAA-20;76,9;34,5;10,3;Nominal;D;0,4;0,37
2026-08-10 13:30;10,33647;-74,2421;VIIRS-NOAA-20;69,6;31,2;5,0;Nominal;D;0,43;0,38
2026-08-10 13:30;10,21714;-75,03257;VIIRS-NOAA-20;70,2;35,4;10,3;Nominal;D;0,4;0,37
2026-08-10 13:30;10,4554;-73,31316;VIIRS-NOAA-20;73,7;35,3;7,5;Nominal;D;0,47;0,4
2026-08-10 13:30;10,45113;-73,317;VIIRS-NOAA-20;82,8;35,9;7,5;Baja;D;0,47;0,4
2026-08-10 13:30;10,45175;-73,31263;VIIRS-NOAA-20;82,9;35,4;7,5;Baja;D;0,47;0,4
2026-08-10 13:30;10,31733;-74,25132;VIIRS-NOAA-20;60,5;28,5;2,5;Nominal;D;0,43;0,38
2026-08-10 13:30;10,41065;-73,57599;VIIRS-NOAA-20;74,9;29,9;13,5;Nominal;D;0,46;0,39
2026-08-10 13:30;10,2792;-74,39236;VIIRS-NOAA-20;58,9;31,6;4,7;Baja;D;0,42;0,38
2026-08-10 13:30;10,27574;-74,39184;VIIRS-NOAA-20;73,8;34,2;4,7;Nominal;D;0,42;0,38
2026-08-10 13:30;10,29529;-74,25615;VIIRS-NOAA-20;61,7;28,9;1,7;Nominal;D;0,43;0,38
2026-08-10 13:30;10,34201;-73,8793;VIIRS-NOAA-20;58,7;28,0;2,7;Nominal;D;0,45;0,39
2026-08-10 13:30;10,20381;-74,23823;VIIRS-NOAA-20;62,4;31,6;1,3;Nominal;D;0,43;0,38
2026-08-10 13:30;10,3587;-73,153;VIIRS-NOAA-20;65,1;33,5;3,7;Nominal;D;0,48;0,4
2026-08-10 13:30;10,07544;-74,97652;VIIRS-NOAA-20;71,3;34,5;4,9;Nominal;D;0,41;0,37
2026-08-10 13:30;10,34066;-73,06715;VIIRS-NOAA-20;61,1;31,9;1,9;Baja;D;0,49;0,4
2026-08-10 13:30;10,03605;-75,02341;VIIRS-NOAA-20;62,5;33,8;2,4;Baja;D;0,4;0,37
2026-08-10 13:30;10,97473;-72,72404;VIIRS-NOAA-20;67,4;38,9;11,5;Baja;D;0,52;0,41
2026-08-10 13:30;10,95148;-72,83543;VIIRS-NOAA-20;69,0;34,0;4,7;Nominal;D;0,51;0,41
2026-08-10 13:30;10,70449;-75,21955;VIIRS-NOAA-20;65,2;27,4;5,7;Nominal;D;0,4;0,37
2026-08-10 13:30;10,56804;-75,3623;VIIRS-NOAA-20;66,6;31,5;2,6;Nominal;D;0,4;0,37
2026-08-10 13:30;10,90151;-73,00237;VIIRS-NOAA-20;60,4;31,6;4,4;Baja;D;0,5;0,41
2026-08-10 13:30;10,86328;-74,14827;VIIRS-NOAA-20;70,8;29,1;6,3;Nominal;D;0,44;0,38
2026-08-10 13:30;10,54922;-75,31449;VIIRS-NOAA-20;63,4;32,7;3,5;Nominal;D;0,4;0,37
2026-08-10 13:30;10,54976;-75,31084;VIIRS-NOAA-20;66,4;33,7;3,5;Nominal;D;0,4;0,37
2026-08-10 13:30;10,61824;-74,80388;VIIRS-NOAA-20;56,9;28,9;;Baja;D;0,41;0,37
2026-08-10 13:30;10,88382;-74,15537;VIIRS-NOAA-20;65,6;27,8;4,5;Nominal;D;0,44;0,38
2026-08-10 13:30;10,56409;-75,14527;VIIRS-NOAA-20;66,1;31,1;6,5;Nominal;D;0,4;0,37
2026-08-10 13:30;10,88324;-74,15936;VIIRS-NOAA-20;66,2;28,5;3,9;Nominal;D;0,44;0,38
2026-08-10 13:30;10,87669;-72,84504;VIIRS-NOAA-20;68,2;34,1;6,6;Nominal;D;0,51;0,41
2026-08-10 13:30;10,80651;-74,71275;VIIRS-NOAA-20;61,9;33,4;3,4;Baja;D;0,42;0,37
2026-08-10 13:30;10,51658;-75,20954;VIIRS-NOAA-20;67,0;28,8;3,5;Nominal;D;0,4;0,37
2026-08-10 13:30;10,79055;-74,84584;VIIRS-NOAA-20;61,0;33,2;2,3;Baja;D;0,41;0,37
2026-08-10 13:30;10,48923;-75,23138;VIIRS-NOAA-20;70,3;31,7;12,3;Nominal;D;0,4;0,37
2026-08-10 13:30;10,60089;-74,36751;VIIRS-NOAA-20;60,9;29,6;3,4;Nominal;D;0,43;0,38
2026-08-10 13:30;11,13309;-72,47607;VIIRS-NOAA-20;60,2;29,6;6,2;Nominal;D;0,54;0,42
2026-08-10 13:30;10,82469;-72,77663;VIIRS-NOAA-20;70,1;36,4;6,9;Nominal;D;0,51;0,41
2026-08-10 13:30;11,13696;-72,47661;VIIRS-NOAA-20;62,2;28,5;6,2;Nominal;D;0,54;0,42
2026-08-10 13:30;10,07307;-74,67994;VIIRS-NOAA-20;67,9;29,7;3,0;Nominal;D;0,41;0,37
2026-08-10 13:30;9,98949;-75,05785;VIIRS-NOAA-20;62,2;36,2;3,0;Baja;D;0,4;0,37
2026-08-10 13:30;11,08671;-72,94359;VIIRS-NOAA-20;62,8;31,7;4,4;Nominal;D;0,5;0,41
2026-08-10 13:30;9,98341;-74,98189;VIIRS-NOAA-20;63,5;31,2;2,2;Nominal;D;0,4;0,37
2026-08-10 13:30;11,1642;-72,69218;VIIRS-NOAA-20;64,0;30,2;14,1;Nominal;D;0,52;0,42
2026-08-10 13:30;11,16807;-72,69232;VIIRS-NOAA-20;64,6;29,5;14,1;Nominal;D;0,52;0,42
2026-08-10 13:30;11,23085;-72,32026;VIIRS-NOAA-20;59,8;27,5;6,6;Nominal;D;0,55;0,43
2026-08-10 13:30;9,93703;-75,17987;VIIRS-NOAA-20;63,1;29,4;5,0;Nominal;D;0,4;0,37
2026-08-10 13:30;11,23016;-72,32527;VIIRS-NOAA-20;58,6;28,8;5,4;Baja;D;0,55;0,43
2026-08-10 13:30;10,1356;-73,80773;VIIRS-NOAA-20;70,2;27,6;9,0;Nominal;D;0,45;0,39
2026-08-10 13:30;11,16478;-72,80054;VIIRS-NOAA-20;66,5;34,3;11,7;Nominal;D;0,51;0,41
2026-08-10 13:30;9,93964;-75,01226;VIIRS-NOAA-20;64,7;34,0;5,3;Nominal;D;0,4;0,37
2026-08-10 13:30;10,97243;-74,21696;VIIRS-NOAA-20;63,8;30,4;4,5;Nominal;D;0,44;0,38
2026-08-10 13:30;10,03595;-74,36409;VIIRS-NOAA-20;61,9;25,8;2,4;Nominal;D;0,42;0,38
2026-08-10 13:30;11,17498;-72,92078;VIIRS-NOAA-20;73,7;44,9;56,8;Nominal;D;0,51;0,41
2026-08-10 13:30;11,17433;-72,92542;VIIRS-NOAA-20;79,1;45,8;160,5;Nominal;D;0,51;0,41
2026-08-10 13:30;11,1794;-72,91666;VIIRS-NOAA-20;70,0;36,1;26,2;Nominal;D;0,51;0,41
2026-08-10 13:30;11,17874;-72,92131;VIIRS-NOAA-20;81,8;41,7;26,2;Nominal;D;0,51;0,41
2026-08-10 13:30;9,90322;-75,04812;VIIRS-NOAA-20;69,7;30,9;2,9;Nominal;D;0,4;0,37
2026-08-10 13:30;11,17809;-72,92592;VIIRS-NOAA-20;60,5;33,5;8,9;Baja;D;0,51;0,41
2026-08-10 13:30;11,18711;-72,99764;VIIRS-NOAA-20;66,8;33,0;5,2;Nominal;D;0,5;0,41
2026-08-10 13:30;11,18038;-73,07178;VIIRS-NOAA-20;62,5;29,8;8,2;Nominal;D;0,5;0,41
2026-08-10 13:30;9,93249;-74,8036;VIIRS-NOAA-20;67,3;30,4;3,5;Nominal;D;0,41;0,37
2026-08-10 13:30;11,18214;-73,08607;VIIRS-NOAA-20;61,5;28,0;6,9;Nominal;D;0,5;0,41
2026-08-10 13:30;10,9315;-74,9092;VIIRS-NOAA-20;71,2;31,9;2,7;Nominal;D;0,41;0,37
2026-08-10 13:30;11,17179;-73,25722;VIIRS-NOAA-20;58,0;25,4;3,4;Nominal;D;0,49;0,4
2026-08-10 13:30;11,25137;-72,87277;VIIRS-NOAA-20;63,9;33,8;2,2;Nominal;D;0,51;0,41
2026-08-10 13:30;11,25451;-72,87801;VIIRS-NOAA-20;64,4;36,5;4,8;Baja;D;0,51;0,41
2026-08-10 13:30;7,94829;-75,1917;VIIRS-NOAA-20;69,7;31,0;4,0;Nominal;D;0,39;0,36
2026-08-10 13:30;11,2663;-72,93163;VIIRS-NOAA-20;60,8;32,2;4,0;Baja;D;0,51;0,41
2026-08-10 13:30;9,84943;-75,15543;VIIRS-NOAA-20;63,9;27,3;2,4;Nominal;D;0,4;0,37
2026-08-10 13:30;11,26565;-72,93629;VIIRS-NOAA-20;65,2;33,2;4,9;Nominal;D;0,51;0,41
2026-08-10 13:30;11,24948;-73,10654;VIIRS-NOAA-20;60,1;27,5;4,5;Nominal;D;0,5;0,41
2026-08-10 13:30;11,25036;-73,63049;VIIRS-NOAA-20;65,1;22,4;35,0;Nominal;D;0,47;0,4
2026-08-10 13:30;11,31762;-73,1748;VIIRS-NOAA-20;60,9;26,4;4,8;Nominal;D;0,49;0,41
2026-08-10 13:30;11,25403;-73,6307;VIIRS-NOAA-20;65,5;24,2;35,0;Nominal;D;0,47;0,4
2026-08-10 13:30;9,97505;-74,14887;VIIRS-NOAA-20;62,0;28,6;1,9;Nominal;D;0,43;0,38
2026-08-10 13:30;11,25416;-74,01543;VIIRS-NOAA-20;59,8;25,5;4,8;Nominal;D;0,45;0,39
2026-08-10 13:30;11,56192;-72,8068;VIIRS-NOAA-20;63,8;31,4;6,0;Nominal;D;0,52;0,41
2026-08-10 13:30;11,56066;-72,81058;VIIRS-NOAA-20;73,0;33,8;19,5;Nominal;D;0,52;0,41
2026-08-10 13:30;9,38842;-73,40839;VIIRS-NOAA-20;61,3;34,4;3,7;Baja;D;0,46;0,39
2026-08-10 13:30;9,38903;-73,40417;VIIRS-NOAA-20;66,7;32,3;2,4;Nominal;D;0,46;0,39
2026-08-10 13:30;9,37886;-73,44895;VIIRS-NOAA-20;77,1;38,8;24,3;Nominal;D;0,46;0,39
2026-08-10 13:30;9,37946;-73,44483;VIIRS-NOAA-20;82,6;41,1;15,2;Nominal;D;0,46;0,39
2026-08-10 13:30;9,38665;-73,39532;VIIRS-NOAA-20;61,8;28,4;2,2;Nominal;D;0,46;0,39
2026-08-10 13:30;9,8791;-74,68959;VIIRS-NOAA-20;59,6;28,5;1,0;Nominal;D;0,41;0,37
2026-08-10 13:30;10,39429;-75,39462;VIIRS-NOAA-20;57,8;29,6;1,6;Baja;D;0,4;0,37
2026-08-10 13:30;10,68803;-73,22521;VIIRS-NOAA-20;66,2;36,4;7,2;Baja;D;0,48;0,4
2026-08-10 13:30;10,66868;-73,28271;VIIRS-NOAA-20;65,2;33,2;30,8;Nominal;D;0,48;0,4
2026-08-10 13:30;10,31903;-75,48621;VIIRS-NOAA-20;70,9;32,5;4,2;Nominal;D;0,4;0,37
2026-08-10 13:30;10,49099;-74,22006;VIIRS-NOAA-20;74,4;28,9;3,8;Nominal;D;0,43;0,38
2026-08-10 13:30;10,4846;-74,23922;VIIRS-NOAA-20;60,4;28,7;1,7;Nominal;D;0,43;0,38
2026-08-10 13:30;10,48518;-74,23529;VIIRS-NOAA-20;64,2;29,0;2,4;Nominal;D;0,43;0,38
2026-08-10 13:30;10,48691;-74,22349;VIIRS-NOAA-20;62,6;28,8;2,9;Nominal;D;0,43;0,38
2026-08-10 13:30;10,48749;-74,21955;VIIRS-NOAA-20;78,0;29,3;3,8;Nominal;D;0,43;0,38
2026-08-10 13:30;10,51072;-74,06123;VIIRS-NOAA-20;62,3;27,0;4,0;Nominal;D;0,44;0,38
2026-08-10 13:30;10,48168;-74,23479;VIIRS-NOAA-20;74,5;28,7;5,3;Nominal;D;0,43;0,38
2026-08-10 13:30;10,48226;-74,23086;VIIRS-NOAA-20;75,3;29,0;5,3;Nominal;D;0,43;0,38
2026-08-10 13:30;10,48284;-74,22692;VIIRS-NOAA-20;73,4;29,3;16,6;Nominal;D;0,43;0,38
2026-08-10 13:30;10,484;-74,21904;VIIRS-NOAA-20;76,7;29,0;3,0;Nominal;D;0,43;0,38
2026-08-10 13:30;10,47585;-74,22591;VIIRS-NOAA-20;71,2;28,7;4,6;Nominal;D;0,43;0,38
2026-08-10 13:30;9,59721;-73,53805;VIIRS-NOAA-20;75,7;37,8;11,6;Nominal;D;0,45;0,39
2026-08-10 13:30;9,59781;-73,53395;VIIRS-NOAA-20;69,3;39,5;5,1;Baja;D;0,45;0,39
2026-08-10 13:30;9,59364;-73,53753;VIIRS-NOAA-20;69,8;36,7;5,4;Nominal;D;0,45;0,39
2026-08-10 13:30;9,91376;-74,4324;VIIRS-NOAA-20;64,4;31,9;3,0;Nominal;D;0,42;0,38
2026-08-10 13:30;9,88119;-74,62852;VIIRS-NOAA-20;62,2;25,6;1,9;Nominal;D;0,41;0,37
2026-08-10 13:30;9,81051;-75,03399;VIIRS-NOAA-20;57,7;27,8;2,2;Baja;D;0,4;0,37
2026-08-10 13:30;9,78807;-75,04572;VIIRS-NOAA-20;63,1;28,4;4,2;Nominal;D;0,4;0,37
2026-08-10 13:30;9,64312;-73,76834;VIIRS-NOAA-20;78,9;35,5;9,5;Nominal;D;0,44;0,39
2026-08-10 13:30;9,46267;-75,09137;VIIRS-NOAA-20;58,9;24,3;2,6;Nominal;D;0,4;0,37
2026-08-10 13:30;9,46603;-75,09188;VIIRS-NOAA-20;62,3;22,8;2,6;Nominal;D;0,4;0,37
2026-08-10 13:30;9,48781;-74,96886;VIIRS-NOAA-20;62,0;23,2;2,5;Nominal;D;0,4;0,37
2026-08-10 13:30;9,66774;-73,99973;VIIRS-NOAA-20;71,0;33,4;3,1;Nominal;D;0,43;0,38
2026-08-10 13:30;9,53837;-75,10341;VIIRS-NOAA-20;70,9;24,1;5,3;Nominal;D;0,4;0,37
2026-08-10 13:30;9,51821;-75,26241;VIIRS-NOAA-20;72,1;26,8;8,6;Nominal;D;0,4;0,37
2026-08-10 13:30;9,50999;-75,36357;VIIRS-NOAA-20;63,9;26,1;4,1;Nominal;D;0,39;0,36
2026-08-10 13:30;9,56167;-75,06232;VIIRS-NOAA-20;61,8;24,2;6,6;Nominal;D;0,4;0,37
2026-08-10 13:30;9,83041;-73,29719;VIIRS-NOAA-20;71,6;39,4;12,9;Nominal;D;0,47;0,4
2026-08-10 13:30;9,78339;-73,7225;VIIRS-NOAA-20;68,0;33,3;7,2;Nominal;D;0,45;0,39
2026-08-10 13:30;9,78753;-73,71897;VIIRS-NOAA-20;68,9;35,1;4,8;Nominal;D;0,45;0,39
2026-08-10 13:30;9,78694;-73,72303;VIIRS-NOAA-20;68,9;34,3;4,9;Nominal;D;0,45;0,39
2026-08-10 13:30;9,54816;-75,33688;VIIRS-NOAA-20;57,0;20,7;4,4;Nominal;D;0,39;0,37
2026-08-10 13:30;9,79108;-73,71948;VIIRS-NOAA-20;69,6;34,5;4,8;Nominal;D;0,45;0,39
2026-08-10 13:30;7,7256;-73,17194;VIIRS-NOAA-20;62,0;20,0;8,6;Nominal;D;0,45;0,39
2026-08-10 13:30;9,79049;-73,72355;VIIRS-NOAA-20;71,3;34,9;4,9;Nominal;D;0,45;0,39
2026-08-10 13:30;9,57274;-75,24141;VIIRS-NOAA-20;58,2;28,0;3,1;Nominal;D;0,4;0,37
2026-08-10 13:30;9,56234;-75,37908;VIIRS-NOAA-20;66,2;25,7;19,3;Nominal;D;0,39;0,36
2026-08-10 13:30;9,89755;-73,1423;VIIRS-NOAA-20;57,7;32,7;2,9;Baja;D;0,48;0,4
2026-08-10 13:30;9,90286;-73,13107;VIIRS-NOAA-20;67,0;28,6;2,5;Nominal;D;0,48;0,4
2026-08-10 13:30;9,60954;-75,24041;VIIRS-NOAA-20;58,7;28,1;2,8;Nominal;D;0,4;0,37
2026-08-10 13:30;9,63135;-75,16255;VIIRS-NOAA-20;67,5;29,7;29,6;Nominal;D;0,4;0,37
2026-08-10 13:30;9,59941;-75,37784;VIIRS-NOAA-20;61,1;21,1;2,9;Nominal;D;0,39;0,36
2026-08-10 13:30;9,64577;-75,3192;VIIRS-NOAA-20;61,7;21,6;11,9;Nominal;D;0,4;0,37
2026-08-10 13:30;9,64524;-75,32276;VIIRS-NOAA-20;70,4;23,7;11,9;Nominal;D;0,4;0,37
2026-08-10 13:30;7,72508;-73,17123;VIIRS-NOAA-20;58,0;18,1;3,9;Nominal;D;0,45;0,39
2026-08-10 13:30;7,72453;-73,17501;VIIRS-NOAA-20;58,6;21,1;3,9;Nominal;D;0,45;0,39
2026-08-10 13:30;7,71949;-73,21003;VIIRS-NOAA-20;57,9;20,1;3,3;Nominal;D;0,45;0,39
2026-08-10 13:30;7,52062;-74,64507;VIIRS-NOAA-20;68,7;34,5;7,0;Nominal;D;0,4;0,37
2026-08-10 13:30;7,79955;-72,80552;VIIRS-NOAA-20;60,6;25,3;4,1;Nominal;D;0,47;0,4
2026-08-10 13:30;7,80166;-72,8424;VIIRS-NOAA-20;60,5;23,7;11,3;Nominal;D;0,47;0,4
2026-08-10 13:30;7,67627;-74,72043;VIIRS-NOAA-20;60,1;32,2;2,2;Baja;D;0,4;0,37
2026-08-10 13:30;7,86034;-73,75993;VIIRS-NOAA-20;62,4;19,6;4,2;Nominal;D;0,43;0,38
2026-08-10 13:30;7,85978;-73,7638;VIIRS-NOAA-20;68,6;21,9;4,2;Nominal;D;0,43;0,38
2026-08-10 13:30;7,86326;-73,76431;VIIRS-NOAA-20;66,2;19,6;4,2;Nominal;D;0,43;0,38
2026-08-10 13:30;7,79227;-74,36897;VIIRS-NOAA-20;60,2;27,0;12,9;Nominal;D;0,41;0,37
2026-08-10 13:30;7,79566;-74,36953;VIIRS-NOAA-20;59,9;28,6;12,9;Nominal;D;0,41;0,37
2026-08-10 13:30;7,89981;-73,78152;VIIRS-NOAA-20;64,9;21,1;3,3;Nominal;D;0,43;0,38
2026-08-10 13:30;7,916;-73,76812;VIIRS-NOAA-20;61,7;22,7;4,9;Nominal;D;0,43;0,38
2026-08-10 13:30;7,91543;-73,77199;VIIRS-NOAA-20;61,7;23,8;4,9;Nominal;D;0,43;0,38
2026-08-10 13:30;8,12037;-72,57676;VIIRS-NOAA-20;59,9;29,6;2,2;Nominal;D;0,49;0,4
2026-08-10 13:30;8,00725;-73,51768;VIIRS-NOAA-20;57,6;17,0;3,0;Nominal;D;0,44;0,38
2026-08-10 13:30;7,83827;-74,69746;VIIRS-NOAA-20;59,9;29,2;5,6;Nominal;D;0,4;0,37
2026-08-10 13:30;7,83774;-74,70103;VIIRS-NOAA-20;57,1;30,5;5,1;Nominal;D;0,4;0,37
2026-08-10 13:30;8,20542;-72,5018;VIIRS-NOAA-20;57,3;22,8;3,7;Nominal;D;0,49;0,4
2026-08-10 13:30;8,16899;-72,8559;VIIRS-NOAA-20;58,8;13,2;3,4;Nominal;D;0,47;0,4
2026-08-10 13:30;8,24167;-72,46134;VIIRS-NOAA-20;72,4;26,6;18,2;Nominal;D;0,5;0,41
2026-08-10 13:30;8,25659;-72,38533;VIIRS-NOAA-20;58,2;24,9;4,7;Nominal;D;0,5;0,41
2026-08-10 13:30;8,2454;-72,46186;VIIRS-NOAA-20;74,8;24,3;11,1;Nominal;D;0,5;0,41
2026-08-10 13:30;8,65525;-73,4342;VIIRS-NOAA-20;61,7;18,9;5,5;Nominal;D;0,45;0,39
2026-08-10 13:30;8,65114;-73,43748;VIIRS-NOAA-20;57,4;17,6;5,5;Nominal;D;0,45;0,39
2026-08-10 13:30;8,65169;-73,43373;VIIRS-NOAA-20;78,8;24,8;5,5;Nominal;D;0,45;0,39
2026-08-10 13:30;8,65758;-73,36911;VIIRS-NOAA-20;65,3;25,9;6,4;Nominal;D;0,45;0,39
2026-08-10 13:30;8,65815;-73,36518;VIIRS-NOAA-20;64,6;25,1;5,8;Nominal;D;0,45;0,39
2026-08-10 13:30;8,62789;-73,24776;VIIRS-NOAA-20;62,8;25,8;5,5;Nominal;D;0,46;0,39
2026-08-10 13:30;8,61555;-73,30774;VIIRS-NOAA-20;73,5;26,9;7,7;Nominal;D;0,45;0,39
2026-08-10 13:30;8,65041;-72,70586;VIIRS-NOAA-20;57,1;23,4;2,2;Nominal;D;0,49;0,4
2026-08-10 13:30;8,27479;-75,07256;VIIRS-NOAA-20;62,5;22,3;16,2;Nominal;D;0,39;0,36
2026-08-10 13:30;8,27145;-75,07206;VIIRS-NOAA-20;66,0;27,5;16,2;Nominal;D;0,39;0,36
2026-08-10 13:30;8,39795;-74,17596;VIIRS-NOAA-20;80,4;27,2;9,9;Nominal;D;0,42;0,37
2026-08-10 13:30;8,39453;-74,17536;VIIRS-NOAA-20;65,6;25,8;5,2;Nominal;D;0,42;0,37
2026-08-10 13:30;9,60139;-73,53446;VIIRS-NOAA-20;77,0;39,1;5,1;Nominal;D;0,45;0,39
2026-08-10 13:30;9,59354;-73,63781;VIIRS-NOAA-20;64,8;33,6;2,3;Nominal;D;0,45;0,39
2026-08-10 13:30;9,59294;-73,64189;VIIRS-NOAA-20;67,8;33,0;2,3;Nominal;D;0,45;0,39
2026-08-10 13:30;9,67665;-75,15828;VIIRS-NOAA-20;60,6;27,6;1,9;Nominal;D;0,4;0,37
2026-08-10 13:30;9,59709;-73,63833;VIIRS-NOAA-20;67,9;34,0;2,2;Nominal;D;0,45;0,39
2026-08-10 13:30;9,5965;-73,6424;VIIRS-NOAA-20;66,4;33,9;2,2;Nominal;D;0,45;0,39
2026-08-10 13:30;9,60065;-73,63885;VIIRS-NOAA-20;69,1;34,5;2,2;Nominal;D;0,45;0,39
2026-08-10 13:30;9,60005;-73,64292;VIIRS-NOAA-20;68,1;34,6;2,2;Nominal;D;0,45;0,39
2026-08-10 13:30;9,768;-75,06486;VIIRS-NOAA-20;57,4;27,2;1,8;Nominal;D;0,4;0,37
2026-08-10 13:30;9,60481;-73,63529;VIIRS-NOAA-20;65,4;34,8;3,4;Nominal;D;0,45;0,39
2026-08-10 13:30;9,60421;-73,63937;VIIRS-NOAA-20;69,1;34,8;3,7;Nominal;D;0,45;0,39
2026-08-10 13:30;9,60361;-73,64343;VIIRS-NOAA-20;67,6;35,5;3,7;Nominal;D;0,45;0,39
2026-08-10 13:30;9,60836;-73,63581;VIIRS-NOAA-20;71,1;35,7;3,4;Nominal;D;0,45;0,39
2026-08-10 13:30;9,66545;-75,25628;VIIRS-NOAA-20;60,2;25,5;2,2;Nominal;D;0,4;0,37
2026-08-10 13:30;9,70158;-75,32803;VIIRS-NOAA-20;65,4;24,6;7,3;Nominal;D;0,4;0,37
2026-08-10 13:30;7,70715;-73,19829;VIIRS-NOAA-20;60,6;16,4;2,3;Nominal;D;0,45;0,39
2026-08-10 13:30;7,44872;-74,65252;VIIRS-NOAA-20;60,6;34,3;4,2;Baja;D;0,4;0,37
2026-08-10 13:30;7,46232;-74,4222;VIIRS-NOAA-20;64,9;30,8;8,9;Nominal;D;0,4;0,37
2026-08-10 13:30;7,42681;-74,63809;VIIRS-NOAA-20;59,8;31,0;5,0;Nominal;D;0,4;0,37
2026-08-10 13:30;7,48948;-73,40243;VIIRS-NOAA-20;57,9;22,8;;Nominal;D;0,44;0,38
2026-08-10 13:30;7,24729;-75,00015;VIIRS-NOAA-20;71,7;34,0;7,7;Nominal;D;0,39;0,36
2026-08-10 13:30;7,31462;-74,5477;VIIRS-NOAA-20;58,9;30,6;2,3;Nominal;D;0,4;0,37
2026-08-10 13:30;7,31515;-74,5441;VIIRS-NOAA-20;58,2;29,9;7,7;Nominal;D;0,4;0,37
2026-08-10 13:30;7,31178;-74,5436;VIIRS-NOAA-20;71,6;33,8;7,7;Nominal;D;0,4;0,37
2026-08-10 13:30;7,30841;-74,5431;VIIRS-NOAA-20;69,0;36,1;22,0;Nominal;D;0,4;0,37
2026-08-10 13:30;7,32987;-74,15725;VIIRS-NOAA-20;62,9;28,6;3,6;Nominal;D;0,41;0,37
2026-08-10 13:30;7,34979;-73,51912;VIIRS-NOAA-20;57,2;28,6;2,2;Baja;D;0,43;0,38
2026-08-10 13:30;7,20312;-74,4639;VIIRS-NOAA-20;61,5;29,5;3,3;Nominal;D;0,4;0,37
2026-08-10 13:30;7,11823;-74,77715;VIIRS-NOAA-20;67,9;33,2;7,6;Nominal;D;0,39;0,37
2026-08-10 13:30;7,1235;-74,74197;VIIRS-NOAA-20;70,5;34,0;11,9;Nominal;D;0,4;0,37
2026-08-10 13:30;6,87622;-76,21735;VIIRS-NOAA-20;60,0;32,4;28,4;Baja;D;0,38;0,36
2026-08-10 13:30;6,87293;-76,21683;VIIRS-NOAA-20;58,0;29,8;11,6;Baja;D;0,38;0,36
2026-08-10 13:30;7,0488;-74,76638;VIIRS-NOAA-20;57,4;32,0;1,4;Nominal;D;0,39;0,37
2026-08-10 13:30;6,84723;-75,98231;VIIRS-NOAA-20;62,0;30,5;5,3;Nominal;D;0,38;0,36
2026-08-10 13:30;7,15363;-73,57339;VIIRS-NOAA-20;64,7;31,4;4,1;Nominal;D;0,43;0,38
2026-08-10 13:30;7,15015;-73,57291;VIIRS-NOAA-20;74,9;32,2;4,1;Nominal;D;0,43;0,38
2026-08-10 13:30;7,14281;-73,47662;VIIRS-NOAA-20;66,0;30,4;10,7;Nominal;D;0,43;0,38
2026-08-10 13:30;7,13931;-73,4761;VIIRS-NOAA-20;67,9;29,9;11,9;Nominal;D;0,43;0,38
2026-08-10 13:30;7,06128;-73,6815;VIIRS-NOAA-20;60,1;28,2;1,9;Nominal;D;0,42;0,38
2026-08-10 13:30;7,03077;-73,69646;VIIRS-NOAA-20;63,6;29,7;3,7;Nominal;D;0,42;0,38
2026-08-10 13:30;6,93552;-74,05518;VIIRS-NOAA-20;63,8;31,9;10,1;Nominal;D;0,41;0,37
2026-08-10 13:30;7,0052;-73,30273;VIIRS-NOAA-20;58,1;26,9;2,5;Nominal;D;0,44;0,38
2026-08-10 13:30;9,64425;-73,40427;VIIRS-NOAA-20;75,7;37,8;5,8;Nominal;D;0,46;0,39
2026-08-10 13:30;9,77754;-74,78811;VIIRS-NOAA-20;73,2;26,0;4,2;Nominal;D;0,41;0,37
2026-08-10 13:30;9,87181;-74,0378;VIIRS-NOAA-20;68,6;35,1;12,0;Nominal;D;0,43;0,38
2026-08-10 13:30;9,64785;-73,40479;VIIRS-NOAA-20;67,0;37,3;5,8;Baja;D;0,46;0,39
2026-08-10 13:30;9,8749;-74,03432;VIIRS-NOAA-20;65,5;30,9;6,1;Nominal;D;0,43;0,38
2026-08-10 13:30;9,7142;-73,06685;VIIRS-NOAA-20;71,4;29,0;8,5;Nominal;D;0,48;0,4
2026-08-10 13:30;9,63959;-73,76782;VIIRS-NOAA-20;72,8;37,4;7,2;Nominal;D;0,44;0,39
2026-08-10 13:30;9,59423;-73,53342;VIIRS-NOAA-20;69,9;37,6;3,4;Nominal;D;0,45;0,39
2026-08-10 13:30;9,59066;-73,53291;VIIRS-NOAA-20;64,0;36,2;3,4;Baja;D;0,45;0,39
2026-08-10 13:30;9,4776;-74,13591;VIIRS-NOAA-20;63,3;34,9;2,4;Baja;D;0,43;0,38
2026-08-10 13:30;9,47413;-74,13541;VIIRS-NOAA-20;63,8;35,3;2,4;Baja;D;0,43;0,38
2026-08-10 13:30;9,4735;-73,8179;VIIRS-NOAA-20;67,6;38,0;5,8;Baja;D;0,44;0,38
2026-08-10 13:30;9,47313;-73,81806;VIIRS-NOAA-20;67,3;38,2;4,4;Baja;D;0,44;0,38
2026-08-10 13:30;9,51492;-73,5349;VIIRS-NOAA-20;67,5;33,5;2,7;Nominal;D;0,45;0,39
2026-08-10 13:30;9,47023;-73,73993;VIIRS-NOAA-20;66,6;41,5;27,7;Baja;D;0,44;0,39
2026-08-10 13:30;9,43335;-73,96604;VIIRS-NOAA-20;63,6;37,8;4,0;Baja;D;0,43;0,38
2026-08-10 13:30;9,47565;-73,45351;VIIRS-NOAA-20;67,9;38,2;11,9;Baja;D;0,46;0,39
2026-08-10 13:30;9,39973;-73,80325;VIIRS-NOAA-20;68,4;36,9;2,9;Nominal;D;0,44;0,38
2026-08-10 13:30;9,39621;-73,80274;VIIRS-NOAA-20;69,2;35,4;5,5;Nominal;D;0,44;0,38
2026-08-10 13:30;9,40531;-73,68932;VIIRS-NOAA-20;66,1;38,7;5,5;Baja;D;0,44;0,39
2026-08-10 13:30;9,40589;-73,68528;VIIRS-NOAA-20;65,1;38,0;5,5;Baja;D;0,45;0,39
2026-08-10 13:30;9,39296;-73,62627;VIIRS-NOAA-20;64,7;33,0;5,7;Nominal;D;0,45;0,39
2026-08-10 13:30;9,40098;-73,42271;VIIRS-NOAA-20;68,6;30,9;31,6;Nominal;D;0,46;0,39
2026-08-10 13:30;9,39739;-73,42225;VIIRS-NOAA-20;68,0;38,0;31,6;Baja;D;0,46;0,39
2026-08-10 13:30;9,39799;-73,41811;VIIRS-NOAA-20;76,1;46,1;31,6;Nominal;D;0,46;0,39
2026-08-10 13:30;9,3986;-73,41396;VIIRS-NOAA-20;76,8;32,9;13,6;Nominal;D;0,46;0,39
2026-08-10 13:30;9,39319;-73,42592;VIIRS-NOAA-20;75,9;34,9;6,0;Nominal;D;0,46;0,39
2026-08-10 13:30;9,39378;-73,42185;VIIRS-NOAA-20;68,6;34,5;8,8;Nominal;D;0,46;0,39
2026-08-10 13:30;9,39439;-73,41766;VIIRS-NOAA-20;83,3;37,5;8,8;Nominal;D;0,46;0,39
2026-08-10 13:30;9,395;-73,4135;VIIRS-NOAA-20;78,1;41,8;13,2;Nominal;D;0,46;0,39
2026-08-10 13:30;9,39561;-73,40934;VIIRS-NOAA-20;64,5;29,2;13,2;Nominal;D;0,46;0,39
2026-08-10 13:30;9,37288;-73,54021;VIIRS-NOAA-20;64,8;37,9;3,2;Baja;D;0,45;0,39
2026-08-10 13:30;9,37825;-73,50335;VIIRS-NOAA-20;68,3;40,1;13,9;Baja;D;0,45;0,39
2026-08-10 13:30;9,37885;-73,49925;VIIRS-NOAA-20;64,9;36,4;13,9;Baja;D;0,45;0,39
2026-08-10 13:30;9,38841;-73,4336;VIIRS-NOAA-20;78,2;37,1;10,8;Nominal;D;0,46;0,39
2026-08-10 13:30;9,389;-73,42957;VIIRS-NOAA-20;66,8;34,6;6,0;Nominal;D;0,46;0,39
2026-08-10 13:30;9,39079;-73,41727;VIIRS-NOAA-20;61,4;34,0;8,8;Baja;D;0,46;0,39
2026-08-10 13:30;9,3914;-73,41306;VIIRS-NOAA-20;70,4;34,8;13,2;Nominal;D;0,46;0,39
2026-08-10 13:30;9,39201;-73,40885;VIIRS-NOAA-20;73,2;34,2;13,2;Nominal;D;0,46;0,39
2026-08-10 13:30;9,19974;-74,69283;VIIRS-NOAA-20;63,0;24,3;3,9;Nominal;D;0,41;0,37
2026-08-10 13:30;9,38245;-73,44944;VIIRS-NOAA-20;75,6;42,0;24,3;Nominal;D;0,46;0,39
2026-08-10 13:30;9,38304;-73,44535;VIIRS-NOAA-20;69,3;37,5;15,2;Nominal;D;0,46;0,39
2026-08-10 13:30;9,38719;-73,41684;VIIRS-NOAA-20;68,3;32,9;5,3;Nominal;D;0,46;0,39
2026-08-10 13:30;9,38779;-73,41266;VIIRS-NOAA-20;66,4;33,8;3,7;Nominal;D;0,46;0,39
2026-08-10 12:32;-0,4541;-70,25972;VIIRS-NOAA-21;52,1;18,1;4,8;Nominal;D;0,36;0,57
2026-08-10 12:34;10,11497;-73,17892;VIIRS-NOAA-21;93,9;25,6;8,1;Alta;D;0,38;0,59
2026-08-10 12:34;3,2567;-72,10965;VIIRS-NOAA-21;57,7;15,0;3,4;Nominal;D;0,42;0,61
2026-08-10 12:34;3,2561;-72,11333;VIIRS-NOAA-21;59,1;16,8;3,4;Nominal;D;0,42;0,61
2026-08-10 12:34;3,45772;-72,12655;VIIRS-NOAA-21;93,9;19,6;13,7;Alta;D;0,42;0,61
2026-08-10 12:34;3,45711;-72,13026;VIIRS-NOAA-21;82,6;16,5;13,7;Baja;D;0,42;0,61
2026-08-10 12:34;3,46266;-72,1312;VIIRS-NOAA-21;65,5;21,4;13,7;Nominal;D;0,42;0,61
2026-08-10 12:34;3,83489;-70,58345;VIIRS-NOAA-21;54,8;20,7;2,8;Nominal;D;0,32;0,55
2026-08-10 12:34;3,83443;-70,5863;VIIRS-NOAA-21;69,3;20,5;2,8;Nominal;D;0,32;0,55
2026-08-10 12:34;3,41429;-73,22061;VIIRS-NOAA-21;66,0;15,6;7,9;Nominal;D;0,5;0,66
2026-08-10 12:34;3,53361;-72,5309;VIIRS-NOAA-21;93,9;21,2;16,5;Alta;D;0,45;0,63
2026-08-10 12:34;3,53296;-72,53487;VIIRS-NOAA-21;81,5;19,1;16,5;Nominal;D;0,45;0,63
2026-08-10 12:34;3,53932;-72,53172;VIIRS-NOAA-21;93,9;21,6;16,5;Alta;D;0,45;0,63
2026-08-10 12:34;3,53868;-72,53568;VIIRS-NOAA-21;60,2;18,4;16,5;Nominal;D;0,45;0,63
2026-08-10 12:34;3,53675;-72,54749;VIIRS-NOAA-21;64,1;18,2;6,7;Nominal;D;0,45;0,63
2026-08-10 12:34;3,52952;-72,53344;VIIRS-NOAA-21;71,9;19,4;10,5;Nominal;D;0,44;0,63
2026-08-10 12:34;3,53591;-72,5303;VIIRS-NOAA-21;60,8;19,6;18,7;Nominal;D;0,44;0,63
2026-08-10 12:34;3,53524;-72,53424;VIIRS-NOAA-21;81,4;20,6;18,7;Nominal;D;0,44;0,63
2026-08-10 12:34;3,53322;-72,54604;VIIRS-NOAA-21;64,4;18,6;9,0;Nominal;D;0,45;0,63
2026-08-10 12:34;3,41765;-73,21912;VIIRS-NOAA-21;73,9;15,0;14,2;Nominal;D;0,5;0,66
2026-08-10 12:34;3,54162;-72,53112;VIIRS-NOAA-21;93,9;20,1;18,7;Alta;D;0,44;0,63
2026-08-10 12:34;3,54095;-72,53506;VIIRS-NOAA-21;75,5;20,5;18,7;Nominal;D;0,44;0,63
2026-08-10 12:34;3,54666;-72,53587;VIIRS-NOAA-21;93,9;18,9;8,2;Alta;D;0,44;0,63
2026-08-10 12:34;3,54398;-72,55159;VIIRS-NOAA-21;93,9;21,1;9,9;Alta;D;0,45;0,63
2026-08-10 12:34;3,54733;-72,53192;VIIRS-NOAA-21;64,4;17,5;8,2;Nominal;D;0,44;0,63
2026-08-10 12:34;3,54465;-72,54765;VIIRS-NOAA-21;63,2;19,7;9,9;Nominal;D;0,45;0,63
2026-08-10 12:34;3,55237;-72,53669;VIIRS-NOAA-21;63,7;17,7;8,2;Nominal;D;0,44;0,63
2026-08-10 12:34;3,5497;-72,55241;VIIRS-NOAA-21;72,1;21,0;9,9;Nominal;D;0,45;0,63
2026-08-10 12:34;3,08349;-75,55172;VIIRS-NOAA-21;63,7;20,7;8,0;Nominal;D;0,74;0,76
2026-08-10 12:34;3,62366;-73,03379;VIIRS-NOAA-21;93,9;19,4;18,0;Alta;D;0,48;0,65
2026-08-10 12:34;4,12027;-70,60259;VIIRS-NOAA-21;68,4;20,9;5,2;Nominal;D;0,32;0,54
2026-08-10 12:34;3,9428;-71,66808;VIIRS-NOAA-21;65,2;19,8;5,2;Nominal;D;0,38;0,59
2026-08-10 12:34;3,95571;-71,72256;VIIRS-NOAA-21;60,6;19,9;5,1;Nominal;D;0,38;0,59
2026-08-10 12:34;4,36034;-69,31403;VIIRS-NOAA-21;67,0;23,4;9,7;Nominal;D;0,51;0,5
2026-08-10 12:34;4,36937;-69,77959;VIIRS-NOAA-21;57,1;21,3;3,7;Nominal;D;0,55;0,51
2026-08-10 12:34;4,45971;-69,37024;VIIRS-NOAA-21;60,0;19,6;7,1;Nominal;D;0,52;0,5
2026-08-10 12:34;4,18571;-71,04915;VIIRS-NOAA-21;69,2;18,9;5,6;Nominal;D;0,34;0,56
2026-08-10 12:34;3,49044;-75,46063;VIIRS-NOAA-21;93,9;30,0;23,4;Alta;D;0,71;0,75
2026-08-10 12:34;3,49214;-75,45087;VIIRS-NOAA-21;63,5;28,6;14,6;Nominal;D;0,71;0,75
2026-08-10 12:34;3,49124;-75,45605;VIIRS-NOAA-21;78,0;30,9;23,4;Nominal;D;0,71;0,75
2026-08-10 12:34;3,48949;-75,46609;VIIRS-NOAA-21;57,7;26,3;17,7;Nominal;D;0,71;0,75
2026-08-10 12:34;3,4974;-75,46096;VIIRS-NOAA-21;93,9;29,8;45,0;Alta;D;0,71;0,75
2026-08-10 12:34;3,49822;-75,45625;VIIRS-NOAA-21;54,5;27,4;45,0;Nominal;D;0,71;0,75
2026-08-10 12:34;3,49655;-75,46587;VIIRS-NOAA-21;70,2;29,7;82,8;Nominal;D;0,71;0,75
2026-08-10 12:34;4,65323;-68,81552;VIIRS-NOAA-21;66,6;23,1;5,6;Nominal;D;0,47;0,48
2026-08-10 12:34;4,65256;-68,81967;VIIRS-NOAA-21;58,4;20,6;5,6;Nominal;D;0,47;0,48
2026-08-10 12:34;4,44257;-70,14084;VIIRS-NOAA-21;60,4;20,1;4,2;Nominal;D;0,59;0,52
2026-08-10 12:34;3,54107;-75,74235;VIIRS-NOAA-21;65,5;24,0;11,4;Nominal;D;0,75;0,77
2026-08-10 12:34;4,7463;-68,40288;VIIRS-NOAA-21;59,6;22,2;6,3;Nominal;D;0,44;0,46
2026-08-10 12:34;3,54055;-75,7444;VIIRS-NOAA-21;62,6;22,5;17,9;Nominal;D;0,75;0,77
2026-08-10 12:34;4,16207;-72,18784;VIIRS-NOAA-21;56,3;19,0;3,5;Nominal;D;0,41;0,61
2026-08-10 12:34;4,77361;-68,60693;VIIRS-NOAA-21;78,5;28,8;20,2;Nominal;D;0,45;0,47
2026-08-10 12:34;4,77295;-68,61096;VIIRS-NOAA-21;62,6;23,9;20,2;Nominal;D;0,45;0,47
2026-08-10 12:34;4,77854;-68,60355;VIIRS-NOAA-21;66,2;23,7;12,6;Nominal;D;0,45;0,47
2026-08-10 12:34;4,77788;-68,60758;VIIRS-NOAA-21;69,1;27,1;20,2;Nominal;D;0,45;0,47
2026-08-10 12:34;4,78803;-68,57206;VIIRS-NOAA-21;59,8;18,4;4,1;Nominal;D;0,45;0,47
2026-08-10 12:34;4,78282;-68,60419;VIIRS-NOAA-21;58,5;24,4;4,7;Nominal;D;0,45;0,47
2026-08-10 12:34;4,7923;-68,57272;VIIRS-NOAA-21;59,5;22,4;4,1;Nominal;D;0,45;0,47
2026-08-10 12:34;4,90386;-68,23733;VIIRS-NOAA-21;76,9;23,7;7,8;Nominal;D;0,43;0,46
2026-08-10 12:34;4,77431;-69,12679;VIIRS-NOAA-21;77,8;23,5;14,8;Nominal;D;0,49;0,49
2026-08-10 12:34;4,49216;-70,93584;VIIRS-NOAA-21;93,9;21,0;15,0;Alta;D;0,33;0,55
2026-08-10 12:34;4,49118;-70,94173;VIIRS-NOAA-21;93,9;19,0;17,5;Alta;D;0,33;0,55
2026-08-10 12:34;4,49623;-70,94247;VIIRS-NOAA-21;58,2;20,8;7,7;Nominal;D;0,33;0,55
2026-08-10 12:34;4,49573;-70,94543;VIIRS-NOAA-21;79,9;19,8;7,9;Nominal;D;0,33;0,55
2026-08-10 12:34;3,73716;-75,47054;VIIRS-NOAA-21;55,6;25,4;3,6;Nominal;D;0,71;0,75
2026-08-10 12:34;4,76531;-69,4327;VIIRS-NOAA-21;65,6;21,2;8,4;Nominal;D;0,52;0,5
2026-08-10 12:34;3,80173;-75,17665;VIIRS-NOAA-21;57,7;31,0;5,6;Baja;D;0,67;0,74
2026-08-10 12:34;3,81837;-75,11965;VIIRS-NOAA-21;73,7;30,1;7,9;Nominal;D;0,67;0,73
2026-08-10 12:34;3,81738;-75,12545;VIIRS-NOAA-21;56,1;29,0;7,9;Baja;D;0,67;0,73
2026-08-10 12:34;4,81892;-69,18783;VIIRS-NOAA-21;73,7;22,1;16,7;Nominal;D;0,5;0,49
2026-08-10 12:34;3,81404;-75,30637;VIIRS-NOAA-21;93,9;27,4;16,9;Alta;D;0,69;0,74
2026-08-10 12:34;3,81505;-75,30041;VIIRS-NOAA-21;63,7;24,5;16,9;Nominal;D;0,69;0,74
2026-08-10 12:34;3,82171;-75,30196;VIIRS-NOAA-21;93,9;26,4;56,0;Alta;D;0,69;0,74
2026-08-10 12:34;3,82067;-75,3081;VIIRS-NOAA-21;64,0;26,6;56,0;Nominal;D;0,69;0,74
2026-08-10 12:34;4,9414;-68,59135;VIIRS-NOAA-21;73,2;24,7;8,9;Nominal;D;0,45;0,47
2026-08-10 12:34;4,94091;-68,59133;VIIRS-NOAA-21;64,5;24,4;4,5;Nominal;D;0,45;0,47
2026-08-10 12:34;4,94517;-68,592;VIIRS-NOAA-21;61,4;23,8;4,5;Nominal;D;0,45;0,47
2026-08-10 12:34;3,81531;-75,12267;VIIRS-NOAA-21;78,5;29,5;15,7;Nominal;D;0,67;0,73
2026-08-10 12:34;3,81085;-75,30266;VIIRS-NOAA-21;59,0;25,0;7,9;Nominal;D;0,69;0,74
2026-08-10 12:34;3,80978;-75,30873;VIIRS-NOAA-21;58,4;25,7;6,5;Nominal;D;0,69;0,74
2026-08-10 12:34;3,8175;-75,30424;VIIRS-NOAA-21;82,3;34,0;112,9;Nominal;D;0,69;0,74
2026-08-10 12:34;4,88925;-69,17106;VIIRS-NOAA-21;74,8;19,2;13,2;Nominal;D;0,49;0,49
2026-08-10 12:34;3,85837;-75,26841;VIIRS-NOAA-21;57,5;28,8;11,3;Baja;D;0,68;0,74
2026-08-10 12:34;3,8641;-75,27513;VIIRS-NOAA-21;62,7;27,8;11,2;Nominal;D;0,68;0,74
2026-08-10 12:34;4,90771;-69,16946;VIIRS-NOAA-21;93,9;27,1;31,6;Alta;D;0,49;0,49
2026-08-10 12:34;4,90842;-69,16508;VIIRS-NOAA-21;64,3;26,0;13,5;Nominal;D;0,49;0,49
2026-08-10 12:34;4,91801;-69,16207;VIIRS-NOAA-21;72,7;25,0;14,0;Nominal;D;0,49;0,49
2026-08-10 12:34;4,91657;-69,17086;VIIRS-NOAA-21;60,8;24,2;6,4;Nominal;D;0,49;0,49
2026-08-10 12:34;4,76629;-70,14767;VIIRS-NOAA-21;57,9;19,7;5,9;Nominal;D;0,58;0,52
2026-08-10 12:34;4,51434;-71,83833;VIIRS-NOAA-21;61,9;20,0;3,7;Nominal;D;0,38;0,59
2026-08-10 12:34;4,10982;-74,90204;VIIRS-NOAA-21;64,2;25,7;4,4;Nominal;D;0,64;0,72
2026-08-10 12:34;4,10893;-74,90352;VIIRS-NOAA-21;56,4;24,8;6,8;Nominal;D;0,64;0,72
2026-08-10 12:34;4,67667;-71,7324;VIIRS-NOAA-21;69,1;21,5;7,7;Nominal;D;0,37;0,58
2026-08-10 12:34;4,79187;-71,17645;VIIRS-NOAA-21;93,9;18,1;15,1;Alta;D;0,34;0,56
2026-08-10 12:34;4,26634;-74,49364;VIIRS-NOAA-21;60,1;21,4;6,0;Nominal;D;0,59;0,7
2026-08-10 12:34;4,92048;-70,70975;VIIRS-NOAA-21;82,9;20,2;25,6;Nominal;D;0,63;0,54
2026-08-10 12:34;5,12661;-69,39689;VIIRS-NOAA-21;58,2;17,4;2,6;Nominal;D;0,51;0,49
2026-08-10 12:34;4,9228;-70,70705;VIIRS-NOAA-21;65,5;20,5;14,0;Nominal;D;0,63;0,54
2026-08-10 12:34;4,92185;-70,71259;VIIRS-NOAA-21;66,2;20,3;16,9;Nominal;D;0,63;0,54
2026-08-10 12:34;5,08947;-69,81061;VIIRS-NOAA-21;65,2;23,4;22,5;Nominal;D;0,54;0,51
2026-08-10 12:34;5,09489;-69,80654;VIIRS-NOAA-21;69,3;20,6;22,5;Nominal;D;0,54;0,51
2026-08-10 12:34;4,20429;-75,20086;VIIRS-NOAA-21;55,5;27,1;7,5;Nominal;D;0,67;0,73
2026-08-10 12:34;4,20361;-75,20477;VIIRS-NOAA-21;72,5;27,4;7,5;Nominal;D;0,67;0,73
2026-08-10 12:34;4,23252;-75,07802;VIIRS-NOAA-21;56,6;27,3;54,6;Baja;D;0,65;0,73
2026-08-10 12:34;4,2315;-75,0839;VIIRS-NOAA-21;74,8;36,6;92,2;Nominal;D;0,65;0,73
2026-08-10 12:34;5,3985;-69,12424;VIIRS-NOAA-21;67,2;19,1;14,5;Nominal;D;0,48;0,48
2026-08-10 12:34;5,39781;-69,12853;VIIRS-NOAA-21;66,7;21,5;11,8;Nominal;D;0,48;0,48
2026-08-10 12:34;5,32485;-69,48096;VIIRS-NOAA-21;57,9;22,5;5,2;Nominal;D;0,51;0,49
2026-08-10 12:34;5,33462;-69,47784;VIIRS-NOAA-21;60,5;22,4;4,7;Nominal;D;0,51;0,49
2026-08-10 12:34;5,39848;-69,12723;VIIRS-NOAA-21;80,0;22,1;18,9;Nominal;D;0,48;0,48
2026-08-10 12:34;5,40358;-69,12368;VIIRS-NOAA-21;65,1;20,3;6,4;Nominal;D;0,48;0,48
2026-08-10 12:34;4,54405;-74,25938;VIIRS-NOAA-21;58,0;24,5;7,7;Nominal;D;0,57;0,69
2026-08-10 12:34;5,44428;-69,23169;VIIRS-NOAA-21;68,0;23,0;8,6;Nominal;D;0,49;0,48
2026-08-10 12:34;5,4222;-69,47791;VIIRS-NOAA-21;67,6;23,7;14,4;Nominal;D;0,51;0,49
2026-08-10 12:34;5,43131;-69,82555;VIIRS-NOAA-21;59,6;22,9;8,4;Nominal;D;0,54;0,51
2026-08-10 12:34;5,31526;-70,57545;VIIRS-NOAA-21;79,6;20,5;12,8;Nominal;D;0,61;0,53
2026-08-10 12:34;5,31436;-70,58084;VIIRS-NOAA-21;73,9;20,2;12,8;Nominal;D;0,61;0,53
2026-08-10 12:34;4,59784;-74,82478;VIIRS-NOAA-21;55,1;26,2;5,2;Baja;D;0,62;0,71
2026-08-10 12:34;5,44235;-70,26022;VIIRS-NOAA-21;56,9;22,2;5,6;Nominal;D;0,57;0,52
2026-08-10 12:34;5,44623;-70,26606;VIIRS-NOAA-21;59,6;22,2;9,0;Nominal;D;0,57;0,52
2026-08-10 12:34;5,76033;-68,44478;VIIRS-NOAA-21;61,6;23,8;7,2;Nominal;D;0,43;0,46
2026-08-10 12:34;5,51532;-69,97072;VIIRS-NOAA-21;66,0;22,3;13,5;Nominal;D;0,55;0,51
2026-08-10 12:34;5,5972;-69,5088;VIIRS-NOAA-21;66,2;21,6;13,4;Nominal;D;0,51;0,49
2026-08-10 12:34;5,70607;-68,90546;VIIRS-NOAA-21;93,9;21,0;11,9;Alta;D;0,46;0,47
2026-08-10 12:34;5,70675;-68,90134;VIIRS-NOAA-21;67,2;13,8;11,9;Nominal;D;0,46;0,47
2026-08-10 12:34;5,71105;-68,90202;VIIRS-NOAA-21;62,3;19,9;8,3;Nominal;D;0,46;0,47
2026-08-10 12:34;5,71037;-68,90614;VIIRS-NOAA-21;69,6;23,9;8,3;Nominal;D;0,46;0,47
2026-08-10 12:34;5,70969;-68,91028;VIIRS-NOAA-21;67,2;21,6;10,5;Nominal;D;0,46;0,47
2026-08-10 12:34;4,60354;-75,59882;VIIRS-NOAA-21;65,3;23,2;10,4;Nominal;D;0,7;0,75
2026-08-10 12:34;4,60577;-75,6004;VIIRS-NOAA-21;58,8;23,0;6,6;Nominal;D;0,7;0,75
2026-08-10 12:34;5,66432;-70,51923;VIIRS-NOAA-21;66,4;20,4;20,2;Nominal;D;0,59;0,53
2026-08-10 12:34;5,8388;-69,49876;VIIRS-NOAA-21;64,6;24,1;5,5;Nominal;D;0,5;0,49
2026-08-10 12:34;5,83806;-69,50323;VIIRS-NOAA-21;59,3;21,9;5,5;Nominal;D;0,5;0,49
2026-08-10 12:34;5,86383;-69,42993;VIIRS-NOAA-21;58,8;23,1;7,0;Nominal;D;0,5;0,49
2026-08-10 12:34;5,81425;-70,04326;VIIRS-NOAA-21;59,9;23,8;10,6;Nominal;D;0,55;0,51
2026-08-10 12:34;6,02671;-68,8313;VIIRS-NOAA-21;70,7;23,3;8,2;Nominal;D;0,45;0,47
2026-08-10 12:34;6,03096;-68,83199;VIIRS-NOAA-21;58,1;23,0;7,2;Nominal;D;0,45;0,47
2026-08-10 12:34;6,26667;-67,66776;VIIRS-NOAA-21;70,2;25,6;7,5;Nominal;D;0,56;0,43
2026-08-10 12:34;5,95311;-69,65987;VIIRS-NOAA-21;67,9;23,6;10,7;Nominal;D;0,51;0,5
2026-08-10 12:34;5,95093;-69,6575;VIIRS-NOAA-21;60,9;22,9;4,5;Nominal;D;0,51;0,49
2026-08-10 12:34;6,04838;-69,99797;VIIRS-NOAA-21;65,3;21,7;8,7;Nominal;D;0,54;0,51
2026-08-10 12:34;6,08677;-69,85375;VIIRS-NOAA-21;66,1;22,5;26,4;Nominal;D;0,53;0,5
2026-08-10 12:34;5,53412;-73,52587;VIIRS-NOAA-21;62,9;21,4;3,9;Nominal;D;0,49;0,65
2026-08-10 12:34;5,53335;-73,53017;VIIRS-NOAA-21;53,5;20,8;3,9;Nominal;D;0,49;0,65
2026-08-10 12:34;5,38552;-74,46587;VIIRS-NOAA-21;93,9;25,4;33,9;Alta;D;0,57;0,69
2026-08-10 12:34;5,38487;-74,46954;VIIRS-NOAA-21;93,9;24,1;33,9;Alta;D;0,57;0,69
2026-08-10 12:34;5,35453;-74,63945;VIIRS-NOAA-21;61,8;24,8;7,2;Nominal;D;0,58;0,7
2026-08-10 12:34;5,39208;-74,46515;VIIRS-NOAA-21;93,9;21,5;33,9;Alta;D;0,57;0,69
2026-08-10 12:34;5,53686;-73,64751;VIIRS-NOAA-21;58,5;23,0;4,7;Nominal;D;0,5;0,65
2026-08-10 12:34;5,39119;-74,47015;VIIRS-NOAA-21;74,6;29,5;33,9;Nominal;D;0,57;0,69
2026-08-10 12:34;5,69861;-73,05978;VIIRS-NOAA-21;93,9;20,0;67,5;Alta;D;0,45;0,63
2026-08-10 12:34;5,69795;-73,06361;VIIRS-NOAA-21;21,8;39,6;67,5;Baja;D;0,45;0,63
2026-08-10 12:34;5,47262;-74,47197;VIIRS-NOAA-21;93,9;23,1;15,1;Alta;D;0,56;0,69
2026-08-10 12:34;6,13627;-70,7562;VIIRS-NOAA-21;58,5;20,7;6,0;Nominal;D;0,6;0,53
2026-08-10 12:34;5,94993;-74,55431;VIIRS-NOAA-21;56,0;27,6;3,4;Nominal;D;0,56;0,69
2026-08-10 12:34;6,07462;-74,11388;VIIRS-NOAA-21;93,9;21,6;18,0;Alta;D;0,52;0,67
2026-08-10 12:34;6,39489;-72,99606;VIIRS-NOAA-21;69,9;22,3;7,6;Nominal;D;0,43;0,62
2026-08-10 12:34;6,39439;-72,99889;VIIRS-NOAA-21;63,1;22,1;7,6;Nominal;D;0,43;0,62
2026-08-10 12:34;6,50959;-72,73183;VIIRS-NOAA-21;57,4;27,9;4,9;Nominal;D;0,41;0,61
2026-08-10 12:34;6,50446;-72,73177;VIIRS-NOAA-21;58,4;27,5;1,5;Nominal;D;0,41;0,61
2026-08-10 12:34;6,38595;-74,80276;VIIRS-NOAA-21;93,9;30,2;50,1;Alta;D;0,57;0,69
2026-08-10 12:34;6,38508;-74,80752;VIIRS-NOAA-21;77,2;27,6;44,5;Nominal;D;0,57;0,69
2026-08-10 12:34;6,32092;-75,96371;VIIRS-NOAA-21;59,7;23,6;10,8;Nominal;D;0,7;0,75
2026-08-10 12:34;7,31351;-74,54214;VIIRS-NOAA-21;58,6;19,3;12,3;Nominal;D;0,53;0,67
2026-08-10 12:34;7,31261;-74,54701;VIIRS-NOAA-21;73,4;19,1;12,4;Nominal;D;0,53;0,67
2026-08-10 12:34;7,79466;-72,85663;VIIRS-NOAA-21;63,6;17,8;3,9;Nominal;D;0,4;0,6
2026-08-10 12:34;7,79636;-72,85802;VIIRS-NOAA-21;62,4;17,6;3,9;Nominal;D;0,4;0,6
2026-08-10 12:34;7,80392;-72,84713;VIIRS-NOAA-21;59,7;18,8;4,1;Nominal;D;0,4;0,6
2026-08-10 12:34;7,74258;-74,09852;VIIRS-NOAA-21;70,4;19,9;5,6;Nominal;D;0,48;0,65
2026-08-10 12:34;8,20783;-72,50206;VIIRS-NOAA-21;68,3;18,3;4,7;Nominal;D;0,37;0,58
2026-08-10 12:34;8,2561;-72,38343;VIIRS-NOAA-21;63,4;20,4;3,7;Nominal;D;0,36;0,57
2026-08-10 12:34;8,25552;-72,38665;VIIRS-NOAA-21;60,2;20,2;3,7;Nominal;D;0,36;0,57
2026-08-10 12:34;8,44824;-72,52012;VIIRS-NOAA-21;60,3;16,2;2,8;Nominal;D;0,37;0,58
2026-08-10 12:34;8,65978;-73,36606;VIIRS-NOAA-21;71,4;24,1;9,1;Nominal;D;0,42;0,61
2026-08-10 12:34;8,65902;-73,37029;VIIRS-NOAA-21;65,7;24,8;9,3;Nominal;D;0,42;0,61
2026-08-10 12:34;8,65324;-73,43431;VIIRS-NOAA-21;93,9;33,2;42,8;Alta;D;0,42;0,61
2026-08-10 12:34;8,65223;-73,4399;VIIRS-NOAA-21;73,7;25,3;42,8;Nominal;D;0,42;0,61
2026-08-10 12:34;8,65957;-73,36769;VIIRS-NOAA-21;93,9;26,9;11,4;Alta;D;0,42;0,61
2026-08-10 12:34;8,65351;-73,43051;VIIRS-NOAA-21;56,2;22,8;39,3;Nominal;D;0,42;0,61
2026-08-10 12:34;8,65245;-73,43612;VIIRS-NOAA-21;70,3;35,5;40,3;Nominal;D;0,42;0,61
2026-08-10 12:34;8,65143;-73,44154;VIIRS-NOAA-21;63,6;22,6;40,3;Nominal;D;0,42;0,61
2026-08-10 12:34;8,72774;-73,3685;VIIRS-NOAA-21;68,4;23,1;11,7;Nominal;D;0,42;0,61
2026-08-10 12:34;8,73347;-73,36829;VIIRS-NOAA-21;59,3;19,6;4,5;Nominal;D;0,42;0,61
2026-08-10 12:34;8,72547;-74,09794;VIIRS-NOAA-21;75,7;6,1;8,9;Nominal;D;0,47;0,64
2026-08-10 12:34;8,96947;-73,62987;VIIRS-NOAA-21;60,7;11,2;3,7;Nominal;D;0,43;0,62
2026-08-10 12:34;9,34829;-73,37078;VIIRS-NOAA-21;60,6;28,1;3,3;Nominal;D;0,4;0,6
2026-08-10 12:34;9,35501;-73,36497;VIIRS-NOAA-21;63,3;18,9;10,7;Nominal;D;0,4;0,6
2026-08-10 12:34;9,35149;-73,41436;VIIRS-NOAA-21;58,8;30,7;8,1;Baja;D;0,41;0,6
2026-08-10 12:34;9,35967;-73,40069;VIIRS-NOAA-21;57,1;30,8;3,7;Baja;D;0,41;0,6
2026-08-10 12:34;9,35907;-73,40393;VIIRS-NOAA-21;68,9;32,9;7,2;Nominal;D;0,41;0,6
2026-08-10 12:34;9,28583;-73,79887;VIIRS-NOAA-21;66,2;20,0;4,3;Nominal;D;0,43;0,62
2026-08-10 12:34;9,36174;-73,4201;VIIRS-NOAA-21;93,9;32,6;8,2;Alta;D;0,41;0,6
2026-08-10 12:34;9,36461;-73,40451;VIIRS-NOAA-21;68,7;33,5;4,3;Nominal;D;0,41;0,6
2026-08-10 12:34;9,36403;-73,40768;VIIRS-NOAA-21;59,8;33,2;4,3;Baja;D;0,41;0,6
2026-08-10 12:34;9,36096;-73,42429;VIIRS-NOAA-21;79,0;30,0;8,2;Nominal;D;0,41;0,6
2026-08-10 12:34;9,36665;-73,42411;VIIRS-NOAA-21;69,6;30,0;8,2;Nominal;D;0,41;0,6
2026-08-10 12:34;9,36505;-73,43277;VIIRS-NOAA-21;64,2;28,9;8,3;Nominal;D;0,41;0,6
2026-08-10 12:34;9,37062;-73,43327;VIIRS-NOAA-21;58,9;30,3;3,8;Baja;D;0,41;0,6
2026-08-10 12:34;9,38338;-73,39449;VIIRS-NOAA-21;58,0;30,7;5,6;Baja;D;0,41;0,6
2026-08-10 12:34;9,37394;-73,44598;VIIRS-NOAA-21;77,2;31,9;7,8;Nominal;D;0,41;0,61
2026-08-10 12:34;9,3794;-73,44712;VIIRS-NOAA-21;93,9;33,6;19,0;Alta;D;0,41;0,61
2026-08-10 12:34;9,39231;-73,40739;VIIRS-NOAA-21;93,9;32,2;18,1;Alta;D;0,41;0,6
2026-08-10 12:34;9,39167;-73,41085;VIIRS-NOAA-21;93,9;34,5;20,0;Alta;D;0,41;0,6
2026-08-10 12:34;9,39105;-73,41426;VIIRS-NOAA-21;93,9;33,1;20,0;Alta;D;0,41;0,6
2026-08-10 12:34;9,39042;-73,41776;VIIRS-NOAA-21;61,4;31,5;8,2;Nominal;D;0,41;0,6
2026-08-10 12:34;9,39644;-73,41568;VIIRS-NOAA-21;58,9;29,9;3,5;Nominal;D;0,41;0,6
2026-08-10 12:34;9,39856;-73,80434;VIIRS-NOAA-21;59,9;23,5;2,5;Nominal;D;0,43;0,62
2026-08-10 12:34;9,2941;-74,36345;VIIRS-NOAA-21;70,8;24,0;3,7;Nominal;D;0,47;0,64
2026-08-10 12:34;9,63896;-73,33375;VIIRS-NOAA-21;67,4;33,2;2,0;Nominal;D;0,4;0,6
2026-08-10 12:34;9,64437;-73,33476;VIIRS-NOAA-21;60,7;33,2;2,0;Baja;D;0,4;0,6
2026-08-10 12:34;9,64088;-73,33353;VIIRS-NOAA-21;69,4;34,3;5,7;Nominal;D;0,4;0,6
2026-08-10 12:34;9,71298;-73,09756;VIIRS-NOAA-21;57,7;24,4;2,4;Nominal;D;0,38;0,59
2026-08-10 12:34;9,63894;-73,76865;VIIRS-NOAA-21;93,9;28,8;15,0;Alta;D;0,43;0,62
2026-08-10 12:34;9,64452;-73,76963;VIIRS-NOAA-21;76,3;27,0;8,1;Nominal;D;0,43;0,62
2026-08-10 12:34;9,75012;-73,22532;VIIRS-NOAA-21;61,6;30,1;3,3;Nominal;D;0,39;0,59
2026-08-10 12:34;9,66958;-73,99799;VIIRS-NOAA-21;76,2;23,9;10,4;Nominal;D;0,44;0,62
2026-08-10 12:34;9,66884;-74,00191;VIIRS-NOAA-21;64,7;23,4;8,8;Nominal;D;0,44;0,62
2026-08-10 12:34;9,48512;-74,96846;VIIRS-NOAA-21;61,1;8,7;6,8;Nominal;D;0,52;0,67
2026-08-10 12:34;9,83413;-73,29771;VIIRS-NOAA-21;77,0;31,3;8,9;Nominal;D;0,39;0,59
2026-08-10 12:34;9,5405;-75,10566;VIIRS-NOAA-21;77,0;12,8;7,5;Nominal;D;0,53;0,67
2026-08-10 12:34;9,91342;-73,10466;VIIRS-NOAA-21;73,5;25,3;6,6;Nominal;D;0,38;0,59
2026-08-10 12:34;9,91279;-73,10817;VIIRS-NOAA-21;68,5;24,4;6,6;Nominal;D;0,38;0,59
2026-08-10 12:34;9,9117;-73,10609;VIIRS-NOAA-21;63,2;25,4;3,5;Nominal;D;0,38;0,59
2026-08-10 12:34;9,90562;-73,1385;VIIRS-NOAA-21;61,9;24,6;3,6;Nominal;D;0,38;0,59
2026-08-10 12:34;9,91714;-73,10635;VIIRS-NOAA-21;93,9;25,1;9,8;Alta;D;0,38;0,59
2026-08-10 12:34;9,67546;-74,37943;VIIRS-NOAA-21;57,9;25,3;2,4;Nominal;D;0,47;0,64
2026-08-10 12:34;9,92787;-73,16651;VIIRS-NOAA-21;65,6;25,8;5,8;Nominal;D;0,38;0,59
2026-08-10 12:34;9,55939;-75,27463;VIIRS-NOAA-21;62,7;9,1;4,8;Nominal;D;0,54;0,68
2026-08-10 12:34;9,58704;-75,32972;VIIRS-NOAA-21;69,3;9,1;12,5;Nominal;D;0,55;0,68
2026-08-10 12:34;9,60968;-75,24335;VIIRS-NOAA-21;81,5;13,9;19,2;Nominal;D;0,54;0,68
2026-08-10 12:34;9,58637;-75,33235;VIIRS-NOAA-21;75,7;8,6;12,2;Nominal;D;0,55;0,68
2026-08-10 12:34;9,61294;-75,29407;VIIRS-NOAA-21;73,8;13,5;18,5;Nominal;D;0,54;0,68
2026-08-10 12:34;9,61213;-75,29819;VIIRS-NOAA-21;81,3;12,6;18,5;Nominal;D;0,54;0,68
2026-08-10 12:34;9,85485;-74,25645;VIIRS-NOAA-21;67,0;18,7;4,2;Nominal;D;0,46;0,63
2026-08-10 12:34;10,11681;-73,17754;VIIRS-NOAA-21;59,2;25,2;5,1;Nominal;D;0,38;0,59
2026-08-10 12:34;10,11597;-73,1822;VIIRS-NOAA-21;70,3;23,4;5,1;Nominal;D;0,38;0,59
2026-08-10 12:34;9,78706;-75,04961;VIIRS-NOAA-21;76,0;15,4;27,0;Nominal;D;0,52;0,67
2026-08-10 12:34;9,78789;-75,04527;VIIRS-NOAA-21;82,5;14,8;27,0;Baja;D;0,52;0,67
2026-08-10 12:34;9,91727;-74,4341;VIIRS-NOAA-21;93,9;19,9;13,4;Alta;D;0,47;0,64
2026-08-10 12:34;9,97676;-74,15156;VIIRS-NOAA-21;56,9;23,4;3,1;Nominal;D;0,45;0,63
2026-08-10 12:34;9,79343;-75,11382;VIIRS-NOAA-21;66,8;15,1;7,5;Nominal;D;0,52;0,67
2026-08-10 12:34;9,7669;-75,28455;VIIRS-NOAA-21;63,6;19,0;6,3;Nominal;D;0,54;0,68
2026-08-10 12:34;9,86042;-75,22927;VIIRS-NOAA-21;93,9;17,1;13,3;Alta;D;0,53;0,67
2026-08-10 12:34;9,90188;-75,04736;VIIRS-NOAA-21;93,9;19,9;14,6;Alta;D;0,51;0,66
2026-08-10 12:34;9,93943;-75,01365;VIIRS-NOAA-21;69,0;19,2;5,3;Nominal;D;0,51;0,66
2026-08-10 12:34;10,34239;-73,06781;VIIRS-NOAA-21;57,3;25,1;2,3;Nominal;D;0,37;0,58
2026-08-10 12:34;10,34207;-73,06794;VIIRS-NOAA-21;58,3;24,9;2,0;Nominal;D;0,37;0,58
2026-08-10 12:34;10,29573;-73,94447;VIIRS-NOAA-21;60,9;26,2;3,4;Nominal;D;0,43;0,62
2026-08-10 12:34;10,07582;-74,97754;VIIRS-NOAA-21;56,9;17,8;4,0;Nominal;D;0,5;0,66
2026-08-10 12:34;10,30068;-73,94317;VIIRS-NOAA-21;65,8;24,3;4,3;Nominal;D;0,43;0,62
2026-08-10 12:34;10,27982;-74,39087;VIIRS-NOAA-21;72,7;22,8;14,2;Nominal;D;0,46;0,63
2026-08-10 12:34;10,27904;-74,395;VIIRS-NOAA-21;77,7;24,3;16,3;Nominal;D;0,46;0,63
2026-08-10 12:34;10,39033;-73,95631;VIIRS-NOAA-21;93,9;22,2;12,0;Alta;D;0,43;0,62
2026-08-10 12:34;10,33707;-74,2429;VIIRS-NOAA-21;76,8;20,2;13,9;Nominal;D;0,45;0,63
2026-08-10 12:34;10,38894;-73,9574;VIIRS-NOAA-21;93,9;21,9;11,9;Alta;D;0,42;0,61
2026-08-10 12:34;10,34006;-74,23994;VIIRS-NOAA-21;59,7;20,7;6,9;Nominal;D;0,44;0,63
2026-08-10 12:34;10,33927;-74,24402;VIIRS-NOAA-21;70,1;21,0;6,9;Nominal;D;0,44;0,63
2026-08-10 12:34;10,22256;-75,03223;VIIRS-NOAA-21;74,7;19,6;13,2;Nominal;D;0,51;0,66
2026-08-10 12:34;10,6872;-73,22482;VIIRS-NOAA-21;67,0;29,1;2,6;Nominal;D;0,37;0,58
2026-08-10 12:37;10,98614;-73,13295;VIIRS-NOAA-21;61,3;23,9;3,7;Nominal;D;0,36;0,58
2026-08-10 12:37;11,04961;-72,64025;VIIRS-NOAA-21;62,5;30,0;4,0;Nominal;D;0,34;0,56
2026-08-10 12:37;10,51804;-75,21247;VIIRS-NOAA-21;72,1;23,5;7,5;Nominal;D;0,51;0,66
2026-08-10 12:37;10,95538;-72,83717;VIIRS-NOAA-21;82,0;27,3;9,2;Nominal;D;0,35;0,57
2026-08-10 12:37;11,03256;-73,08937;VIIRS-NOAA-21;57,6;25,3;4,3;Nominal;D;0,36;0,57
2026-08-10 12:37;10,95596;-72,83408;VIIRS-NOAA-21;75,8;26,9;9,2;Nominal;D;0,35;0,56
2026-08-10 12:37;10,48926;-75,23212;VIIRS-NOAA-21;57,8;23,1;3,6;Nominal;D;0,52;0,67
2026-08-10 12:37;10,48713;-75,23186;VIIRS-NOAA-21;57,9;22,9;3,8;Nominal;D;0,52;0,67
2026-08-10 12:37;10,82049;-73,03374;VIIRS-NOAA-21;93,9;29,0;7,4;Alta;D;0,36;0,57
2026-08-10 12:37;11,13672;-72,47521;VIIRS-NOAA-21;67,1;27,8;31,6;Nominal;D;0,33;0,55
2026-08-10 12:37;10,87587;-72,70901;VIIRS-NOAA-21;72,8;29,6;5,1;Nominal;D;0,34;0,56
2026-08-10 12:37;11,22707;-72,85648;VIIRS-NOAA-21;73,0;28,0;4,6;Nominal;D;0,34;0,56
2026-08-10 12:37;11,22128;-72,97459;VIIRS-NOAA-21;67,0;27,3;5,8;Nominal;D;0,35;0,57
2026-08-10 12:37;11,25493;-72,87723;VIIRS-NOAA-21;60,2;30,5;5,2;Baja;D;0,35;0,56
2026-08-10 12:37;11,2235;-72,97377;VIIRS-NOAA-21;81,4;27,1;5,8;Nominal;D;0,35;0,57
2026-08-10 12:37;11,26771;-72,93665;VIIRS-NOAA-21;93,9;28,9;11,7;Alta;D;0,35;0,57
2026-08-10 12:37;11,26828;-72,93358;VIIRS-NOAA-21;75,7;28,2;10,9;Nominal;D;0,35;0,57
2026-08-10 12:37;11,24639;-73,10674;VIIRS-NOAA-21;93,9;20,4;10,7;Alta;D;0,36;0,57
2026-08-10 12:37;11,25157;-73,10772;VIIRS-NOAA-21;59,4;23,5;2,1;Nominal;D;0,36;0,57
2026-08-10 12:37;11,56103;-72,81046;VIIRS-NOAA-21;61,4;26,4;2,6;Nominal;D;0,34;0,56
2026-08-10 12:37;11,13731;-72,47202;VIIRS-NOAA-21;93,9;21,9;26,4;Alta;D;0,33;0,55
2026-08-10 12:37;10,98652;-73,13353;VIIRS-NOAA-21;63,7;24,0;3,8;Nominal;D;0,36;0,58
2026-08-10 12:37;11,06937;-73,18134;VIIRS-NOAA-21;74,5;22,3;5,8;Nominal;D;0,37;0,58
2026-08-10 12:37;10,70574;-75,21747;VIIRS-NOAA-21;68,7;22,4;5,0;Nominal;D;0,51;0,66
2026-08-10 12:37;10,80673;-74,71554;VIIRS-NOAA-21;75,8;24,0;7,3;Nominal;D;0,47;0,64
2026-08-10 12:37;10,80683;-74,7163;VIIRS-NOAA-21;68,2;23,4;6,3;Nominal;D;0,47;0,64
2026-08-10 12:37;10,70827;-75,21817;VIIRS-NOAA-21;63,2;22,0;5,1;Nominal;D;0,51;0,66
2026-08-10 12:37;11,1781;-72,92101;VIIRS-NOAA-21;93,9;30,7;15,3;Alta;D;0,35;0,57
2026-08-10 12:37;11,17868;-72,91792;VIIRS-NOAA-21;81,8;28,9;15,3;Nominal;D;0,35;0,57
2026-08-10 12:37;11,22194;-72,85571;VIIRS-NOAA-21;61,2;29,9;4,6;Nominal;D;0,34;0,56
2026-08-10 12:37;10,72083;-73,27917;VIIRS-NOAA-21;57,2;26,1;3,1;Nominal;D;0,38;0,58
2026-08-10 12:37;10,31806;-75,48827;VIIRS-NOAA-21;59,2;20,6;5,3;Nominal;D;0,54;0,68
2026-08-10 14:15;3,40398;-75,68423;VIIRS-NOAA-21;63,1;24,0;6,1;Nominal;D;0,6;0,71
2026-08-10 14:15;3,22828;-76,40199;VIIRS-NOAA-21;75,4;28,6;10,3;Nominal;D;0,53;0,67
2026-08-10 14:15;3,25223;-76,23631;VIIRS-NOAA-21;93,9;28,6;12,6;Alta;D;0,55;0,68
2026-08-10 14:15;3,20248;-76,4509;VIIRS-NOAA-21;93,9;29,1;30,6;Alta;D;0,53;0,67
2026-08-10 14:15;3,12608;-76,77056;VIIRS-NOAA-21;59,7;24,1;9,2;Nominal;D;0,5;0,66
2026-08-10 14:15;3,12664;-76,76662;VIIRS-NOAA-21;74,3;27,6;9,2;Nominal;D;0,5;0,66
2026-08-10 14:15;3,12375;-76,76569;VIIRS-NOAA-21;76,2;27,2;18,6;Nominal;D;0,5;0,66
2026-08-10 14:15;3,273;-75,6722;VIIRS-NOAA-21;59,6;23,9;6,5;Nominal;D;0,6;0,71
2026-08-10 14:15;3,14684;-76,31429;VIIRS-NOAA-21;93,9;28,8;11,7;Alta;D;0,54;0,68
2026-08-10 14:15;3,16095;-76,17415;VIIRS-NOAA-21;64,6;24,2;9,9;Nominal;D;0,55;0,68
2026-08-10 14:15;3,0569;-76,5489;VIIRS-NOAA-21;74,7;29,2;7,4;Nominal;D;0,52;0,67
2026-08-10 14:15;3,05078;-76,54839;VIIRS-NOAA-21;75,4;27,2;8,2;Nominal;D;0,52;0,67
2026-08-10 14:15;3,05532;-76,54987;VIIRS-NOAA-21;93,9;30,2;15,8;Alta;D;0,52;0,66
2026-08-10 14:15;2,91283;-76,37023;VIIRS-NOAA-21;61,1;27,5;7,1;Nominal;D;0,53;0,67
2026-08-10 14:15;2,92265;-76,3027;VIIRS-NOAA-21;75,9;26,3;16,6;Nominal;D;0,54;0,68
2026-08-10 14:15;2,92381;-76,29475;VIIRS-NOAA-21;58,1;29,5;13,5;Nominal;D;0,54;0,68
2026-08-10 14:15;2,9232;-76,29894;VIIRS-NOAA-21;93,9;28,4;13,5;Alta;D;0,54;0,68
2026-08-10 14:15;2,80641;-76,85067;VIIRS-NOAA-21;68,9;28,2;8,3;Nominal;D;0,49;0,65
2026-08-10 14:15;2,84246;-76,42621;VIIRS-NOAA-21;60,2;29,9;4,0;Nominal;D;0,52;0,67
2026-08-10 14:15;2,80226;-76,85153;VIIRS-NOAA-21;61,9;25,1;10,3;Nominal;D;0,49;0,65
2026-08-10 14:15;2,79199;-76,83939;VIIRS-NOAA-21;62,1;22,2;5,0;Nominal;D;0,49;0,65
2026-08-10 14:15;2,65175;-76,77764;VIIRS-NOAA-21;56,5;26,9;7,3;Baja;D;0,49;0,65
2026-08-10 14:15;2,62645;-76,78481;VIIRS-NOAA-21;71,1;26,2;7,0;Nominal;D;0,49;0,65
2026-08-10 14:15;2,60646;-76,58542;VIIRS-NOAA-21;58,4;24,2;6,1;Nominal;D;0,51;0,66
2026-08-10 14:15;2,60427;-76,58446;VIIRS-NOAA-21;64,4;25,5;9,0;Nominal;D;0,51;0,66
2026-08-10 14:15;2,59708;-76,46746;VIIRS-NOAA-21;93,9;30,7;21,0;Alta;D;0,52;0,67
2026-08-10 14:15;2,56569;-76,59637;VIIRS-NOAA-21;61,0;26,5;4,3;Nominal;D;0,5;0,66
2026-08-10 14:15;0,9063;-78,0137;VIIRS-NOAA-21;58,7;22,2;6,1;Nominal;D;0,38;0,59
2026-08-10 14:15;0,90291;-78,03532;VIIRS-NOAA-21;54,1;21,1;1,6;Nominal;D;0,38;0,58
2026-08-10 14:15;0,91079;-78,01981;VIIRS-NOAA-21;68,2;22,6;4,1;Nominal;D;0,38;0,59
2026-08-10 14:15;0,90929;-78,01974;VIIRS-NOAA-21;68,0;22,8;4,0;Nominal;D;0,38;0,59
2026-08-10 14:15;1,07291;-77,56405;VIIRS-NOAA-21;54,5;21,6;2,0;Nominal;D;0,41;0,61
2026-08-10 14:15;1,20681;-77,65174;VIIRS-NOAA-21;56,0;24,6;26,7;Nominal;D;0,41;0,6
2026-08-10 14:15;1,21243;-77,65164;VIIRS-NOAA-21;93,9;34,4;26,7;Alta;D;0,41;0,6
2026-08-10 14:15;1,21202;-77,65434;VIIRS-NOAA-21;81,4;26,7;32,9;Nominal;D;0,41;0,6
2026-08-10 14:15;6,8863;-74,8797;VIIRS-NOAA-21;61,4;23,9;7,0;Nominal;D;0,77;0,77
2026-08-10 14:15;6,60968;-75,87581;VIIRS-NOAA-21;72,5;29,6;30,4;Nominal;D;0,65;0,73
2026-08-10 14:15;6,61034;-75,87077;VIIRS-NOAA-21;81,9;36,2;30,4;Nominal;D;0,65;0,73
2026-08-10 14:15;6,61127;-75,86375;VIIRS-NOAA-21;71,8;31,6;30,1;Nominal;D;0,65;0,73
2026-08-10 14:15;6,37779;-75,40025;VIIRS-NOAA-21;93,9;24,6;20,2;Alta;D;0,7;0,75
2026-08-10 14:15;6,38283;-75,39919;VIIRS-NOAA-21;67,6;23,7;15,3;Nominal;D;0,7;0,75
2026-08-10 14:15;6,38353;-75,39396;VIIRS-NOAA-21;69,1;23,4;15,3;Nominal;D;0,7;0,75
2026-08-10 14:15;6,38343;-74,80269;VIIRS-NOAA-21;75,7;25,8;18,9;Nominal;D;0,76;0,77
2026-08-10 14:15;6,38547;-74,80048;VIIRS-NOAA-21;64,3;25,8;19,7;Nominal;D;0,76;0,77
2026-08-10 14:15;6,25681;-74,79893;VIIRS-NOAA-21;58,0;25,8;5,7;Nominal;D;0,76;0,77
2026-08-10 14:15;6,25888;-74,79771;VIIRS-NOAA-21;57,5;27,6;7,2;Nominal;D;0,76;0,77
2026-08-10 14:15;6,10728;-74,87419;VIIRS-NOAA-21;93,9;27,3;31,7;Alta;D;0,75;0,77
2026-08-10 14:15;6,04133;-75,05333;VIIRS-NOAA-21;63,1;25,3;8,2;Nominal;D;0,73;0,76
2026-08-10 14:15;6,04615;-74,9071;VIIRS-NOAA-21;57,4;24,8;7,1;Nominal;D;0,74;0,76
2026-08-10 14:15;6,04151;-75,05164;VIIRS-NOAA-21;59,8;24,9;8,8;Nominal;D;0,73;0,76
2026-08-10 14:15;5,95289;-74,55649;VIIRS-NOAA-21;56,8;23,2;7,6;Nominal;D;0,78;0,78
2026-08-10 14:15;5,92352;-74,55986;VIIRS-NOAA-21;58,1;23,4;5,7;Nominal;D;0,78;0,78
2026-08-10 14:15;5,74372;-75,39702;VIIRS-NOAA-21;69,5;27,4;30,7;Nominal;D;0,68;0,74
2026-08-10 14:15;5,74309;-75,40187;VIIRS-NOAA-21;93,9;31,7;40,6;Alta;D;0,68;0,74
2026-08-10 14:15;5,74004;-75,40401;VIIRS-NOAA-21;76,1;30,8;24,6;Nominal;D;0,68;0,74
2026-08-10 14:15;1,30282;-77,69021;VIIRS-NOAA-21;82,3;27,4;11,5;Nominal;D;0,4;0,6
2026-08-10 14:15;1,49763;-77,103;VIIRS-NOAA-21;53,9;19,6;1,6;Nominal;D;0,45;0,63
2026-08-10 14:15;1,49945;-77,39806;VIIRS-NOAA-21;68,8;31,5;8,8;Nominal;D;0,43;0,62
2026-08-10 14:15;1,49885;-77,40204;VIIRS-NOAA-21;73,0;34,2;10,1;Nominal;D;0,43;0,62
2026-08-10 14:15;1,5047;-77,40127;VIIRS-NOAA-21;60,7;32,8;4,1;Nominal;D;0,43;0,62
2026-08-10 14:15;1,50063;-77,50255;VIIRS-NOAA-21;68,9;28,5;9,3;Nominal;D;0,42;0,61
2026-08-10 14:15;1,50496;-77,51144;VIIRS-NOAA-21;93,9;34,4;9,3;Alta;D;0,42;0,61
2026-08-10 14:15;1,50506;-77,50507;VIIRS-NOAA-21;60,1;31,7;8,9;Nominal;D;0,42;0,61
2026-08-10 14:15;1,5044;-77,50957;VIIRS-NOAA-21;81,4;34,3;8,9;Nominal;D;0,42;0,61
2026-08-10 14:15;1,50371;-77,51431;VIIRS-NOAA-21;63,1;28,8;10,4;Nominal;D;0,42;0,61
2026-08-10 14:15;2,00359;-74,11582;VIIRS-NOAA-21;55,4;15,2;5,2;Nominal;D;0,73;0,76
2026-08-10 14:15;1,65634;-77,39895;VIIRS-NOAA-21;58,1;29,1;3,1;Nominal;D;0,43;0,62
2026-08-10 14:15;1,66221;-77,39822;VIIRS-NOAA-21;93,9;30,8;26,8;Alta;D;0,43;0,62
2026-08-10 14:15;1,66127;-77,40459;VIIRS-NOAA-21;93,9;28,2;17,0;Alta;D;0,43;0,62
2026-08-10 14:15;1,64167;-77,5752;VIIRS-NOAA-21;93,9;26,4;9,0;Alta;D;0,42;0,61
2026-08-10 14:15;1,64728;-77,57565;VIIRS-NOAA-21;77,1;26,2;6,5;Nominal;D;0,42;0,61
2026-08-10 14:15;1,80876;-76,96782;VIIRS-NOAA-21;69,0;24,6;12,6;Nominal;D;0,46;0,64
2026-08-10 14:15;1,80829;-76,97088;VIIRS-NOAA-21;73,9;19,4;11,9;Nominal;D;0,46;0,64
2026-08-10 14:15;1,84079;-76,8756;VIIRS-NOAA-21;81,6;29,7;30,5;Nominal;D;0,47;0,64
2026-08-10 14:15;1,80918;-76,96848;VIIRS-NOAA-21;79,9;25,4;13,3;Nominal;D;0,46;0,64
2026-08-10 14:15;1,80872;-76,97155;VIIRS-NOAA-21;63,2;20,7;10,2;Nominal;D;0,46;0,64
2026-08-10 14:15;5,74062;-75,39972;VIIRS-NOAA-21;93,9;29,2;24,6;Alta;D;0,68;0,74
2026-08-10 14:15;5,7261;-74,93417;VIIRS-NOAA-21;66,5;25,4;12,6;Nominal;D;0,73;0,76
2026-08-10 14:15;5,72572;-74,93739;VIIRS-NOAA-21;70,4;25,2;17,2;Nominal;D;0,73;0,76
2026-08-10 14:15;5,43268;-75,40199;VIIRS-NOAA-21;60,4;23,2;6,9;Nominal;D;0,68;0,74
2026-08-10 14:15;5,09611;-74,69035;VIIRS-NOAA-21;81,8;25,7;19,8;Nominal;D;0,74;0,76
2026-08-10 14:15;5,09649;-74,69421;VIIRS-NOAA-21;68,3;25,8;10,4;Nominal;D;0,74;0,76
2026-08-10 14:15;5,09727;-74,68857;VIIRS-NOAA-21;61,3;24,1;10,4;Nominal;D;0,74;0,76
2026-08-10 14:15;4,92616;-75,12585;VIIRS-NOAA-21;93,9;26,3;23,9;Alta;D;0,69;0,75
2026-08-10 14:15;4,93127;-75,12343;VIIRS-NOAA-21;62,4;25,2;13,2;Nominal;D;0,69;0,75
2026-08-10 14:15;4,92404;-75,12576;VIIRS-NOAA-21;71,6;23,7;11,2;Nominal;D;0,69;0,75
2026-08-10 14:15;4,89616;-74,87074;VIIRS-NOAA-21;58,5;28,2;21,2;Nominal;D;0,72;0,75
2026-08-10 14:15;4,8953;-74,87714;VIIRS-NOAA-21;93,9;29,4;33,9;Alta;D;0,72;0,75
2026-08-10 14:15;4,88842;-74,87612;VIIRS-NOAA-21;61,3;28,3;6,1;Nominal;D;0,72;0,75
2026-08-10 14:15;4,89411;-74,88044;VIIRS-NOAA-21;57,2;26,4;25,1;Nominal;D;0,72;0,75
2026-08-10 14:15;4,89501;-74,87405;VIIRS-NOAA-21;93,9;31,3;24,3;Alta;D;0,72;0,75
2026-08-10 14:15;4,88814;-74,87306;VIIRS-NOAA-21;62,4;28,8;24,3;Nominal;D;0,72;0,75
2026-08-10 14:15;4,6062;-75,59545;VIIRS-NOAA-21;72,7;27,5;11,4;Nominal;D;0,64;0,72
2026-08-10 14:15;4,60248;-75,00244;VIIRS-NOAA-21;93,9;29,2;27,6;Alta;D;0,7;0,75
2026-08-10 14:15;4,55916;-75,01488;VIIRS-NOAA-21;74,3;28,4;18,3;Nominal;D;0,69;0,75
2026-08-10 14:15;4,55781;-75,01092;VIIRS-NOAA-21;93,9;30,4;16,8;Alta;D;0,69;0,75
2026-08-10 14:15;4,12767;-76,16363;VIIRS-NOAA-21;93,9;31,0;33,9;Alta;D;0,57;0,69
2026-08-10 14:15;4,10585;-76,08991;VIIRS-NOAA-21;71,2;31,2;11,0;Nominal;D;0,58;0,69
2026-08-10 14:15;4,24582;-75,08395;VIIRS-NOAA-21;64,3;27,7;254,4;Nominal;D;0,68;0,74
2026-08-10 14:15;4,24748;-75,07194;VIIRS-NOAA-21;68,4;26,1;139,5;Nominal;D;0,68;0,74
2026-08-10 14:15;4,24664;-75,07799;VIIRS-NOAA-21;93,9;54,7;254,4;Alta;D;0,68;0,74
2026-08-10 14:15;4,23912;-75,08266;VIIRS-NOAA-21;28,6;32,9;94,9;Baja;D;0,68;0,74
2026-08-10 14:15;4,23994;-75,07673;VIIRS-NOAA-21;93,9;38,3;94,9;Alta;D;0,68;0,74
2026-08-10 14:15;4,23243;-75,08136;VIIRS-NOAA-21;81,7;31,2;94,9;Nominal;D;0,68;0,74
2026-08-10 14:15;4,22572;-75,08016;VIIRS-NOAA-21;75,2;28,2;12,3;Nominal;D;0,68;0,74
2026-08-10 14:15;4,24335;-75,08009;VIIRS-NOAA-21;93,9;62,2;162,0;Baja;D;0,68;0,74
2026-08-10 14:15;4,2425;-75,08596;VIIRS-NOAA-21;61,1;27,1;162,0;Nominal;D;0,68;0,74
2026-08-10 14:15;4,24421;-75,07413;VIIRS-NOAA-21;93,9;30,3;403,6;Alta;D;0,68;0,74
2026-08-10 14:15;4,2358;-75,08473;VIIRS-NOAA-21;69,2;29,0;162,0;Nominal;D;0,68;0,74
2026-08-10 14:15;4,23665;-75,07883;VIIRS-NOAA-21;93,9;31,7;162,0;Alta;D;0,68;0,74
2026-08-10 14:15;4,2291;-75,0835;VIIRS-NOAA-21;77,7;29,0;12,5;Nominal;D;0,68;0,74
2026-08-10 14:15;4,22995;-75,0776;VIIRS-NOAA-21;64,5;28,8;12,5;Nominal;D;0,68;0,74
2026-08-10 14:15;4,04488;-76,04203;VIIRS-NOAA-21;82,1;20,8;10,0;Nominal;D;0,58;0,7
2026-08-10 14:15;4,05406;-75,97764;VIIRS-NOAA-21;68,1;26,2;6,6;Nominal;D;0,59;0,7
2026-08-10 14:15;4,26375;-74,49684;VIIRS-NOAA-21;81,4;22,1;41,2;Nominal;D;0,75;0,77
2026-08-10 14:15;4,26486;-74,48888;VIIRS-NOAA-21;93,9;23,3;44,5;Alta;D;0,75;0,77
2026-08-10 14:15;4,038;-76,045;VIIRS-NOAA-21;62,8;17,2;5,2;Nominal;D;0,58;0,7
2026-08-10 14:15;4,12939;-75,25601;VIIRS-NOAA-21;77,9;28,8;47,0;Nominal;D;0,66;0,73
2026-08-10 14:15;4,12987;-75,25258;VIIRS-NOAA-21;78,2;32,4;47,0;Nominal;D;0,66;0,73
2026-08-10 14:15;4,12882;-75,26006;VIIRS-NOAA-21;93,9;29,9;24,9;Alta;D;0,66;0,73
2026-08-10 14:15;4,13028;-75,24968;VIIRS-NOAA-21;93,9;32,3;59,7;Alta;D;0,66;0,73
2026-08-10 14:15;1,84124;-76,87125;VIIRS-NOAA-21;69,8;22,7;23,2;Nominal;D;0,47;0,64
2026-08-10 14:15;1,84048;-76,87646;VIIRS-NOAA-21;80,2;26,7;27,6;Nominal;D;0,47;0,64
2026-08-10 14:15;1,98545;-77,09815;VIIRS-NOAA-21;93,9;33,8;14,3;Alta;D;0,45;0,63
2026-08-10 14:15;2,47208;-76,90536;VIIRS-NOAA-21;93,9;28,0;62,5;Alta;D;0,48;0,65
2026-08-10 14:15;2,53151;-76,40794;VIIRS-NOAA-21;63,8;27,2;5,2;Nominal;D;0,52;0,67
2026-08-10 14:15;2,47302;-76,90546;VIIRS-NOAA-21;72,9;26,9;48,4;Nominal;D;0,48;0,65
2026-08-10 14:15;2,46656;-76,90848;VIIRS-NOAA-21;76,1;25,1;16,1;Nominal;D;0,48;0,64
2026-08-10 14:15;2,4672;-76,90426;VIIRS-NOAA-21;57,8;26,5;11,7;Nominal;D;0,48;0,65
2026-08-10 14:15;2,52994;-76,40836;VIIRS-NOAA-21;59,9;26,3;4,7;Nominal;D;0,52;0,67
2026-08-10 14:15;2,24826;-76,77709;VIIRS-NOAA-21;93,9;21,0;18,2;Alta;D;0,48;0,65
2026-08-10 14:15;2,24256;-76,77483;VIIRS-NOAA-21;93,9;22,6;18,2;Alta;D;0,48;0,65
2026-08-10 14:15;2,17408;-76,9527;VIIRS-NOAA-21;75,5;29,2;11,3;Nominal;D;0,47;0,64
2026-08-10 14:15;2,17463;-76,94897;VIIRS-NOAA-21;77,3;30,0;11,3;Nominal;D;0,47;0,64
2026-08-10 14:15;2,11086;-76,81943;VIIRS-NOAA-21;93,9;25,9;13,5;Alta;D;0,48;0,65
2026-08-10 14:15;2,08963;-76,92142;VIIRS-NOAA-21;64,8;29,7;4,0;Nominal;D;0,47;0,64
2026-08-10 14:15;2,026;-76,94901;VIIRS-NOAA-21;72,9;29,1;20,1;Nominal;D;0,47;0,64
2026-08-10 14:15;2,02649;-76,94565;VIIRS-NOAA-21;93,9;35,6;20,1;Alta;D;0,47;0,64
2026-08-10 14:15;2,02588;-76,94919;VIIRS-NOAA-21;66,4;28,9;19,9;Nominal;D;0,47;0,64
2026-08-10 14:15;2,02639;-76,94584;VIIRS-NOAA-21;93,9;35,9;19,9;Alta;D;0,47;0,64
2026-08-10 14:15;4,12415;-75,24498;VIIRS-NOAA-21;61,4;27,2;10,5;Nominal;D;0,66;0,73
2026-08-10 14:15;4,13175;-75,09177;VIIRS-NOAA-21;93,9;23,1;25,8;Alta;D;0,68;0,74
2026-08-10 14:15;4,11164;-75,08837;VIIRS-NOAA-21;66,3;25,9;28,4;Nominal;D;0,68;0,74
2026-08-10 14:15;4,11254;-75,08179;VIIRS-NOAA-21;93,9;28,2;28,4;Alta;D;0,68;0,74
2026-08-10 14:15;4,1049;-75,08743;VIIRS-NOAA-21;75,8;27,2;23,6;Nominal;D;0,68;0,74
2026-08-10 14:15;4,10577;-75,08111;VIIRS-NOAA-21;93,9;28,1;23,6;Alta;D;0,68;0,74
2026-08-10 14:15;4,16376;-74,65633;VIIRS-NOAA-21;93,9;23,9;13,6;Alta;D;0,72;0,76
2026-08-10 14:15;4,12868;-75,0928;VIIRS-NOAA-21;73,5;25,5;15,9;Nominal;D;0,67;0,74
2026-08-10 14:15;4,12961;-75,0864;VIIRS-NOAA-21;70,7;26,7;19,4;Nominal;D;0,68;0,74
2026-08-10 14:15;4,10856;-75,0895;VIIRS-NOAA-21;64,4;26,1;39,5;Nominal;D;0,67;0,74
2026-08-10 14:15;4,10948;-75,08309;VIIRS-NOAA-21;81,1;33,1;105,6;Nominal;D;0,68;0,74
2026-08-10 14:15;4,16345;-74,65852;VIIRS-NOAA-21;62,0;23,7;11,3;Nominal;D;0,72;0,76
2026-08-10 14:15;4,16437;-74,65208;VIIRS-NOAA-21;62,3;22,7;11,3;Nominal;D;0,72;0,76
2026-08-10 14:15;4,04882;-75,22072;VIIRS-NOAA-21;59,5;26,6;39,7;Nominal;D;0,66;0,73
2026-08-10 14:15;4,04966;-75,21475;VIIRS-NOAA-21;93,9;29,9;39,7;Alta;D;0,66;0,73
2026-08-10 14:15;4,04215;-75,21972;VIIRS-NOAA-21;82,1;27,7;39,7;Nominal;D;0,66;0,73
2026-08-10 14:15;4,04303;-75,21354;VIIRS-NOAA-21;93,9;33,4;39,7;Alta;D;0,66;0,73
2026-08-10 14:15;3,87405;-75,94859;VIIRS-NOAA-21;79,5;30,1;36,6;Nominal;D;0,59;0,7
2026-08-10 14:15;3,87468;-75,94406;VIIRS-NOAA-21;93,9;34,5;36,6;Alta;D;0,59;0,7
2026-08-10 14:15;4,0624;-74,86591;VIIRS-NOAA-21;62,5;27,4;13,2;Nominal;D;0,7;0,75
2026-08-10 14:15;3,87827;-75,94598;VIIRS-NOAA-21;73,8;27,0;33,0;Nominal;D;0,59;0,7
2026-08-10 14:15;3,87238;-75,94184;VIIRS-NOAA-21;58,1;27,6;31,2;Nominal;D;0,59;0,7
2026-08-10 14:15;3,87179;-75,9459;VIIRS-NOAA-21;93,9;36,9;33,0;Alta;D;0,59;0,7
2026-08-10 14:15;3,86817;-75,26787;VIIRS-NOAA-21;72,8;25,7;9,9;Nominal;D;0,65;0,73
2026-08-10 14:15;3,86073;-75,27271;VIIRS-NOAA-21;71,4;27,5;19,4;Nominal;D;0,65;0,73
2026-08-10 14:15;3,86154;-75,26684;VIIRS-NOAA-21;60,9;26,0;9,9;Nominal;D;0,65;0,73
2026-08-10 14:15;3,86337;-75,26994;VIIRS-NOAA-21;93,9;28,7;26,2;Alta;D;0,65;0,73
2026-08-10 14:15;3,8835;-74,98756;VIIRS-NOAA-21;60,2;25,6;6,0;Nominal;D;0,68;0,74
2026-08-10 14:15;3,82115;-75,37588;VIIRS-NOAA-21;61,0;25,4;9,8;Nominal;D;0,64;0,72
2026-08-10 14:15;3,8252;-75,30029;VIIRS-NOAA-21;93,9;29,4;30,5;Alta;D;0,65;0,73
2026-08-10 14:15;3,81773;-75,30537;VIIRS-NOAA-21;93,9;29,0;41,4;Alta;D;0,65;0,73
2026-08-10 14:15;3,81854;-75,29963;VIIRS-NOAA-21;93,9;30,9;30,5;Alta;D;0,65;0,73
2026-08-10 14:15;3,81103;-75,30499;VIIRS-NOAA-21;64,1;26,9;8,2;Nominal;D;0,65;0,73
2026-08-10 14:15;3,81188;-75,299;VIIRS-NOAA-21;62,3;26,7;8,2;Nominal;D;0,65;0,73
2026-08-10 14:15;3,63306;-76,19741;VIIRS-NOAA-21;58,9;25,3;3,5;Nominal;D;0,56;0,69
2026-08-10 14:15;3,63482;-76,19756;VIIRS-NOAA-21;58,8;25,7;3,9;Nominal;D;0,56;0,69
2026-08-10 14:15;3,72173;-75,18575;VIIRS-NOAA-21;75,6;26,4;19,0;Nominal;D;0,66;0,73
2026-08-10 14:15;3,57297;-75,72436;VIIRS-NOAA-21;59,2;22,9;6,5;Nominal;D;0,6;0,71
2026-08-10 14:15;3,42718;-76,19247;VIIRS-NOAA-21;75,5;25,9;11,9;Nominal;D;0,55;0,68
2026-08-10 14:15;3,50221;-75,46779;VIIRS-NOAA-21;74,8;24,8;35,9;Nominal;D;0,62;0,72
2026-08-10 14:15;3,50325;-75,4602;VIIRS-NOAA-21;93,9;30,2;35,9;Alta;D;0,62;0,72
2026-08-10 14:15;3,42848;-76,19357;VIIRS-NOAA-21;66,5;25,6;13,0;Nominal;D;0,55;0,68
2026-08-10 14:15;3,50308;-75,46306;VIIRS-NOAA-21;80,1;28,5;56,3;Nominal;D;0,62;0,72
2026-08-10 14:15;3,50422;-75,4552;VIIRS-NOAA-21;77,2;22,1;36,6;Nominal;D;0,62;0,72
2026-08-10 14:15;3,49578;-75,46748;VIIRS-NOAA-21;56,9;27,6;26,0;Nominal;D;0,62;0,72
2026-08-10 14:15;3,49794;-75,45251;VIIRS-NOAA-21;66,4;28,2;18,6;Nominal;D;0,62;0,72
2026-08-10 14:15;3,49685;-75,46008;VIIRS-NOAA-21;93,9;33,5;26,0;Alta;D;0,62;0,72
2026-08-10 14:15;3,4905;-75,45786;VIIRS-NOAA-21;78,1;30,3;26,0;Nominal;D;0,62;0,72
2026-08-10 14:15;3,49153;-75,45075;VIIRS-NOAA-21;64,0;29,8;18,6;Nominal;D;0,62;0,72
2026-08-10 14:15;3,41364;-75,71787;VIIRS-NOAA-21;69,1;23,2;10,8;Nominal;D;0,6;0,7
2026-08-10 14:15;3,26685;-76,65995;VIIRS-NOAA-21;60,8;23,4;4,5;Nominal;D;0,51;0,66
2026-08-10 14:15;3,40542;-75,68347;VIIRS-NOAA-21;59,1;24,2;3,3;Nominal;D;0,6;0,71
2026-08-10 14:15;3,31437;-76,14664;VIIRS-NOAA-21;57,6;23,3;3,5;Nominal;D;0,56;0,69
2026-08-10 14:15;7,24459;-75,0003;VIIRS-NOAA-21;73,8;23,2;12,7;Nominal;D;0,76;0,77
2026-08-10 14:15;6,87611;-76,21878;VIIRS-NOAA-21;81,0;20,9;13,1;Nominal;D;0,62;0,71
2026-08-10 14:15;7,0502;-74,75864;VIIRS-NOAA-21;93,9;25,6;22,9;Alta;D;0,79;0,78
2026-08-10 14:15;6,9639;-74,98923;VIIRS-NOAA-21;58,7;22,9;9,5;Nominal;D;0,76;0,77
2026-08-10 14:15;6,95843;-74,98695;VIIRS-NOAA-21;73,6;23,6;15,0;Nominal;D;0,76;0,77
2026-08-10 14:15;6,88157;-74,87785;VIIRS-NOAA-21;56,8;24,3;6,8;Nominal;D;0,77;0,77
2026-08-10 14:17;9,61598;-75,35876;VIIRS-NOAA-21;55,2;8,0;6,4;Nominal;D;0,77;0,78
2026-08-10 13:09;0,90485;-78,00866;VIIRS-Suomi-NPP;93,9;28,1;27,5;Alta;D;0,41;0,61
2026-08-10 13:09;0,90878;-78,00766;VIIRS-Suomi-NPP;93,9;21,6;27,2;Alta;D;0,41;0,61
2026-08-10 13:09;0,90809;-78,01189;VIIRS-Suomi-NPP;78,3;21,4;21,1;Nominal;D;0,41;0,61
2026-08-10 13:09;1,20943;-77,64989;VIIRS-Suomi-NPP;82,3;23,9;8,3;Nominal;D;0,39;0,59
2026-08-10 13:09;1,20859;-77,65505;VIIRS-Suomi-NPP;81,5;25,4;8,3;Nominal;D;0,39;0,59
2026-08-10 13:09;1,21462;-77,65233;VIIRS-Suomi-NPP;56,2;20,7;8,3;Nominal;D;0,39;0,59
2026-08-10 13:09;1,21382;-77,65728;VIIRS-Suomi-NPP;65,2;23,0;8,3;Nominal;D;0,39;0,59
2026-08-10 13:09;1,32838;-77,32023;VIIRS-Suomi-NPP;65,6;23,5;5,0;Nominal;D;0,36;0,58
2026-08-10 13:09;1,33372;-77,32093;VIIRS-Suomi-NPP;56,6;22,0;5,0;Nominal;D;0,36;0,58
2026-08-10 13:09;1,29139;-77,62613;VIIRS-Suomi-NPP;70,9;24,4;4,0;Nominal;D;0,38;0,59
2026-08-10 13:09;1,29869;-77,68673;VIIRS-Suomi-NPP;70,1;27,1;7,1;Nominal;D;0,39;0,59
2026-08-10 13:09;1,29203;-77,62716;VIIRS-Suomi-NPP;64,0;23,3;3,8;Nominal;D;0,38;0,59
2026-08-10 13:09;1,29878;-77,68835;VIIRS-Suomi-NPP;78,5;29,9;8,8;Nominal;D;0,39;0,59
2026-08-10 13:09;1,30405;-77,69035;VIIRS-Suomi-NPP;93,9;24,6;8,8;Alta;D;0,39;0,59
2026-08-10 13:09;1,49625;-77,10271;VIIRS-Suomi-NPP;93,9;17,6;10,9;Alta;D;0,35;0,57
2026-08-10 13:09;1,49587;-77,10516;VIIRS-Suomi-NPP;83,8;16,2;7,8;Baja;D;0,35;0,57
2026-08-10 13:09;1,49658;-77,10284;VIIRS-Suomi-NPP;76,3;17,9;14,6;Nominal;D;0,35;0,57
2026-08-10 13:09;1,49618;-77,10529;VIIRS-Suomi-NPP;84,4;21,6;13,6;Nominal;D;0,35;0,57
2026-08-10 13:09;1,50175;-77,10404;VIIRS-Suomi-NPP;69,0;17,0;9,8;Nominal;D;0,35;0,57
2026-08-10 13:09;1,50135;-77,10651;VIIRS-Suomi-NPP;79,2;16,8;8,7;Nominal;D;0,35;0,57
2026-08-10 13:09;1,50238;-77,40247;VIIRS-Suomi-NPP;93,9;29,8;6,9;Alta;D;0,37;0,58
2026-08-10 13:09;1,50158;-77,51103;VIIRS-Suomi-NPP;74,5;25,9;6,7;Nominal;D;0,37;0,58
2026-08-10 13:09;1,65097;-77,10738;VIIRS-Suomi-NPP;54,3;23,3;2,4;Nominal;D;0,35;0,57
2026-08-10 13:09;1,9846;-77,1004;VIIRS-Suomi-NPP;93,9;29,9;4,6;Alta;D;0,34;0,56
2026-08-10 13:09;1,98977;-77,10137;VIIRS-Suomi-NPP;58,9;25,8;4,6;Nominal;D;0,34;0,56
2026-08-10 13:09;2,03074;-76,94386;VIIRS-Suomi-NPP;93,9;28,5;6,9;Alta;D;0,33;0,56
2026-08-10 13:09;2,03019;-76,94736;VIIRS-Suomi-NPP;76,8;26,1;6,9;Nominal;D;0,33;0,56
2026-08-10 13:09;2,11034;-76,81917;VIIRS-Suomi-NPP;58,6;25,2;2,1;Nominal;D;0,33;0,55
2026-08-10 13:09;2,24584;-76,77408;VIIRS-Suomi-NPP;68,6;25,6;4,2;Nominal;D;0,32;0,55
2026-08-10 13:09;2,24533;-76,77731;VIIRS-Suomi-NPP;75,4;25,5;4,2;Nominal;D;0,32;0,55
2026-08-10 13:09;2,63153;-76,78761;VIIRS-Suomi-NPP;70,0;26,8;11,4;Nominal;D;0,32;0,55
2026-08-10 13:09;3,28997;-73,17901;VIIRS-Suomi-NPP;60,1;17,5;7,6;Nominal;D;0,54;0,42
2026-08-10 13:09;3,07246;-71,7961;VIIRS-Suomi-NPP;76,7;21,5;5,1;Nominal;D;0,46;0,39
2026-08-10 13:09;2,71721;-76,51305;VIIRS-Suomi-NPP;58,5;26,2;5,6;Nominal;D;0,61;0,53
2026-08-10 13:09;3,0731;-71,79192;VIIRS-Suomi-NPP;54,8;20,0;5,1;Nominal;D;0,46;0,39
2026-08-10 13:09;2,78347;-76,48479;VIIRS-Suomi-NPP;57,8;28,4;6,5;Nominal;D;0,61;0,53
2026-08-10 13:09;3,06884;-71,79554;VIIRS-Suomi-NPP;61,1;21,9;5,1;Nominal;D;0,46;0,39
2026-08-10 13:09;2,67613;-76,83084;VIIRS-Suomi-NPP;58,5;26,8;1,8;Nominal;D;0,32;0,55
2026-08-10 13:09;2,78252;-76,49054;VIIRS-Suomi-NPP;67,0;29,8;6,5;Nominal;D;0,61;0,53
2026-08-10 13:09;2,65292;-76,78296;VIIRS-Suomi-NPP;64,1;35,4;28,5;Nominal;D;0,32;0,54
2026-08-10 13:09;2,88198;-75,31705;VIIRS-Suomi-NPP;78,3;42,2;36,7;Nominal;D;0,5;0,49
2026-08-10 13:09;2,79722;-76,49312;VIIRS-Suomi-NPP;66,5;30,0;9,0;Nominal;D;0,61;0,53
2026-08-10 13:09;2,89022;-75,43934;VIIRS-Suomi-NPP;62,7;32,5;7,4;Nominal;D;0,51;0,49
2026-08-10 13:09;2,63116;-76,78982;VIIRS-Suomi-NPP;93,9;28,6;6,5;Alta;D;0,32;0,55
2026-08-10 13:09;2,62607;-76,7894;VIIRS-Suomi-NPP;75,9;30,0;6,5;Nominal;D;0,32;0,55
2026-08-10 13:09;2,88272;-75,31255;VIIRS-Suomi-NPP;74,3;29,7;36,7;Nominal;D;0,5;0,49
2026-08-10 13:09;2,50527;-77,02745;VIIRS-Suomi-NPP;60,5;21,6;2,9;Nominal;D;0,33;0,55
2026-08-10 13:09;2,59599;-76,47147;VIIRS-Suomi-NPP;67,3;30,6;20,6;Nominal;D;0,61;0,53
2026-08-10 13:09;3,28607;-73,1805;VIIRS-Suomi-NPP;62,5;21,4;5,2;Nominal;D;0,54;0,42
2026-08-10 13:09;2,5969;-76,46586;VIIRS-Suomi-NPP;70,4;31,9;20,6;Nominal;D;0,61;0,53
2026-08-10 13:09;2,66782;-76,02976;VIIRS-Suomi-NPP;66,3;20,1;7,0;Nominal;D;0,57;0,52
2026-08-10 13:09;3,50576;-71,78804;VIIRS-Suomi-NPP;61,3;20,5;5,6;Nominal;D;0,46;0,39
2026-08-10 13:09;2,4952;-77,08906;VIIRS-Suomi-NPP;93,9;24,0;13,3;Alta;D;0,34;0,56
2026-08-10 13:09;2,65327;-76,78082;VIIRS-Suomi-NPP;93,9;33,2;33,4;Alta;D;0,32;0,54
2026-08-10 13:09;2,47008;-76,90763;VIIRS-Suomi-NPP;93,9;34,4;21,2;Alta;D;0,33;0,55
2026-08-10 13:09;3,50513;-71,79214;VIIRS-Suomi-NPP;61,1;19,7;5,6;Nominal;D;0,46;0,39
2026-08-10 13:09;2,49232;-76,70345;VIIRS-Suomi-NPP;64,2;27,2;5,0;Nominal;D;0,63;0,54
2026-08-10 13:09;2,71823;-76,50671;VIIRS-Suomi-NPP;61,2;25,0;5,6;Nominal;D;0,61;0,53
2026-08-10 13:09;2,52899;-76,4108;VIIRS-Suomi-NPP;58,8;25,6;3,4;Nominal;D;0,61;0,53
2026-08-10 13:09;3,28997;-73,18114;VIIRS-Suomi-NPP;63,6;17,8;5,2;Nominal;D;0,54;0,42
2026-08-10 13:09;2,78176;-76,48813;VIIRS-Suomi-NPP;76,4;30,1;9,7;Nominal;D;0,61;0,53
2026-08-10 13:09;2,39632;-76,6929;VIIRS-Suomi-NPP;58,9;26,9;4,9;Nominal;D;0,63;0,54
2026-08-10 13:09;2,31106;-77,16408;VIIRS-Suomi-NPP;93,9;22,5;8,0;Alta;D;0,34;0,56
2026-08-10 13:11;10,9871;-73,13296;VIIRS-Suomi-NPP;69,9;29,7;6,6;Nominal;D;0,44;0,38
2026-08-10 13:11;4,65062;-68,81719;VIIRS-Suomi-NPP;66,6;26,5;3,5;Nominal;D;0,38;0,36
2026-08-10 13:11;10,70332;-75,22061;VIIRS-Suomi-NPP;59,9;24,7;4,8;Nominal;D;0,56;0,43
2026-08-10 13:11;3,54687;-75,74199;VIIRS-Suomi-NPP;79,2;30,6;31,2;Nominal;D;0,52;0,5
2026-08-10 13:11;11,08638;-72,94327;VIIRS-Suomi-NPP;64,8;31,8;5,9;Baja;D;0,43;0,38
2026-08-10 13:11;4,65939;-68,80434;VIIRS-Suomi-NPP;57,6;28,4;3,1;Baja;D;0,38;0,36
2026-08-10 13:11;11,06656;-73,1786;VIIRS-Suomi-NPP;62,0;26,5;4,2;Baja;D;0,44;0,38
2026-08-10 13:11;11,16497;-72,69647;VIIRS-Suomi-NPP;64,7;33,4;2,4;Baja;D;0,42;0,38
2026-08-10 13:11;4,41715;-70,42254;VIIRS-Suomi-NPP;61,5;25,9;5,0;Nominal;D;0,4;0,37
2026-08-10 13:11;11,16714;-72,69308;VIIRS-Suomi-NPP;61,5;30,2;7,9;Nominal;D;0,42;0,38
2026-08-10 13:11;4,00273;-73,19804;VIIRS-Suomi-NPP;62,4;24,8;4,1;Nominal;D;0,53;0,42
2026-08-10 13:11;11,16652;-72,69688;VIIRS-Suomi-NPP;65,5;35,2;18,8;Nominal;D;0,42;0,38
2026-08-10 13:11;3,52785;-76,14973;VIIRS-Suomi-NPP;59,7;24,0;6,8;Nominal;D;0,56;0,51
2026-08-10 13:11;11,17629;-72,92243;VIIRS-Suomi-NPP;93,9;72,3;109,2;Alta;D;0,43;0,38
2026-08-10 13:11;3,68183;-75,54609;VIIRS-Suomi-NPP;66,7;31,9;4,0;Nominal;D;0,51;0,49
2026-08-10 13:11;11,17566;-72,92635;VIIRS-Suomi-NPP;93,9;65,1;109,2;Alta;D;0,43;0,38
2026-08-10 13:11;4,77418;-68,60532;VIIRS-Suomi-NPP;72,9;29,5;13,8;Nominal;D;0,39;0,36
2026-08-10 13:11;11,17692;-72,91853;VIIRS-Suomi-NPP;76,0;38,8;17,6;Nominal;D;0,43;0,38
2026-08-10 13:11;4,77804;-68,60235;VIIRS-Suomi-NPP;60,2;25,6;3,9;Nominal;D;0,39;0,36
2026-08-10 13:11;4,78611;-68,57162;VIIRS-Suomi-NPP;60,2;26,4;5,2;Nominal;D;0,39;0,36
2026-08-10 13:11;11,16614;-72,98519;VIIRS-Suomi-NPP;65,3;33,4;4,7;Baja;D;0,43;0,38
2026-08-10 13:11;11,18041;-72,91911;VIIRS-Suomi-NPP;75,6;36,8;17,6;Nominal;D;0,43;0,38
2026-08-10 13:11;4,78137;-68,60284;VIIRS-Suomi-NPP;72,7;28,6;10,8;Nominal;D;0,39;0,36
2026-08-10 13:11;4,78944;-68,57212;VIIRS-Suomi-NPP;79,5;28,7;5,2;Nominal;D;0,39;0,36
2026-08-10 13:11;11,17978;-72,92301;VIIRS-Suomi-NPP;82,7;39,2;109,2;Nominal;D;0,43;0,38
2026-08-10 13:11;4,78892;-68,5756;VIIRS-Suomi-NPP;64,0;28,4;5,2;Nominal;D;0,39;0,36
2026-08-10 13:11;3,68304;-75,54385;VIIRS-Suomi-NPP;60,0;31,2;4,8;Nominal;D;0,51;0,49
2026-08-10 13:11;3,74152;-75,47047;VIIRS-Suomi-NPP;58,0;29,7;2,7;Baja;D;0,5;0,49
2026-08-10 13:11;3,8168;-75,11772;VIIRS-Suomi-NPP;63,2;38,1;4,8;Baja;D;0,47;0,48
2026-08-10 13:11;3,81612;-75,12195;VIIRS-Suomi-NPP;66,7;37,2;4,8;Baja;D;0,47;0,48
2026-08-10 13:11;3,8212;-75,11839;VIIRS-Suomi-NPP;82,1;37,0;4,8;Nominal;D;0,47;0,48
2026-08-10 13:11;4,90206;-68,23527;VIIRS-Suomi-NPP;75,8;27,2;5,9;Nominal;D;0,39;0,36
2026-08-10 13:11;4,9054;-68,23578;VIIRS-Suomi-NPP;61,7;27,6;3,2;Nominal;D;0,39;0,36
2026-08-10 13:11;4,773;-69,12624;VIIRS-Suomi-NPP;82,7;27,3;10,8;Nominal;D;0,38;0,36
2026-08-10 13:11;3,83883;-75,12104;VIIRS-Suomi-NPP;71,0;37,8;6,5;Nominal;D;0,47;0,48
2026-08-10 13:11;3,83815;-75,12531;VIIRS-Suomi-NPP;68,7;36,7;6,5;Nominal;D;0,47;0,48
2026-08-10 13:11;3,81521;-75,29812;VIIRS-Suomi-NPP;83,8;32,9;38,6;Nominal;D;0,48;0,48
2026-08-10 13:11;3,81965;-75,29891;VIIRS-Suomi-NPP;72,6;41,3;38,6;Nominal;D;0,48;0,48
2026-08-10 13:11;3,81895;-75,30331;VIIRS-Suomi-NPP;74,0;33,0;54,6;Nominal;D;0,48;0,48
2026-08-10 13:11;3,82409;-75,29971;VIIRS-Suomi-NPP;70,3;31,5;9,0;Nominal;D;0,48;0,48
2026-08-10 13:11;3,82339;-75,30415;VIIRS-Suomi-NPP;69,5;30,7;7,7;Nominal;D;0,48;0,48
2026-08-10 13:11;3,81758;-75,29761;VIIRS-Suomi-NPP;72,0;32,6;14,5;Nominal;D;0,48;0,48
2026-08-10 13:11;9,39404;-73,41103;VIIRS-Suomi-NPP;83,6;39,2;29,2;Nominal;D;0,47;0,4
2026-08-10 13:11;9,39472;-73,4068;VIIRS-Suomi-NPP;63,5;31,8;29,2;Nominal;D;0,47;0,4
2026-08-10 13:11;9,38413;-73,44913;VIIRS-Suomi-NPP;73,4;32,4;23,0;Nominal;D;0,47;0,4
2026-08-10 13:11;9,38695;-73,43172;VIIRS-Suomi-NPP;68,7;34,5;6,0;Baja;D;0,47;0,4
2026-08-10 13:11;9,38973;-73,41454;VIIRS-Suomi-NPP;78,0;36,1;13,1;Nominal;D;0,47;0,4
2026-08-10 13:11;9,39041;-73,41034;VIIRS-Suomi-NPP;67,3;36,1;4,3;Baja;D;0,47;0,4
2026-08-10 13:11;9,39109;-73,40615;VIIRS-Suomi-NPP;71,8;35,1;4,3;Nominal;D;0,47;0,4
2026-08-10 13:11;9,38049;-73,44852;VIIRS-Suomi-NPP;79,8;37,7;23,0;Baja;D;0,47;0,4
2026-08-10 13:11;9,38119;-73,4442;VIIRS-Suomi-NPP;75,7;34,8;26,5;Baja;D;0,47;0,4
2026-08-10 13:11;9,38678;-73,40967;VIIRS-Suomi-NPP;60,8;33,9;4,3;Baja;D;0,47;0,4
2026-08-10 13:11;9,37754;-73,4436;VIIRS-Suomi-NPP;73,5;34,9;13,8;Baja;D;0,47;0,4
2026-08-10 13:11;9,38519;-73,39644;VIIRS-Suomi-NPP;74,3;33,1;8,2;Nominal;D;0,47;0,4
2026-08-10 13:11;6,13787;-70,75644;VIIRS-Suomi-NPP;60,1;26,5;3,2;Baja;D;0,4;0,37
2026-08-10 13:11;5,77198;-72,87471;VIIRS-Suomi-NPP;59,3;23,9;3,1;Nominal;D;0,49;0,4
2026-08-10 13:11;5,51538;-74,38211;VIIRS-Suomi-NPP;66,7;25,7;6,2;Nominal;D;0,4;0,44
2026-08-10 13:11;6,22554;-69,92281;VIIRS-Suomi-NPP;57,0;26,3;2,6;Nominal;D;0,39;0,36
2026-08-10 13:11;5,47095;-74,47324;VIIRS-Suomi-NPP;71,7;26,2;15,9;Nominal;D;0,4;0,45
2026-08-10 13:11;5,69987;-73,06135;VIIRS-Suomi-NPP;75,3;29,2;89,1;Nominal;D;0,5;0,41
2026-08-10 13:11;5,69613;-73,06078;VIIRS-Suomi-NPP;76,3;51,1;89,1;Baja;D;0,5;0,41
2026-08-10 13:11;5,69916;-73,06261;VIIRS-Suomi-NPP;82,8;34,7;72,6;Nominal;D;0,5;0,41
2026-08-10 13:11;5,69541;-73,06206;VIIRS-Suomi-NPP;79,8;52,0;72,6;Baja;D;0,5;0,41
2026-08-10 13:11;5,46855;-74,47288;VIIRS-Suomi-NPP;82,0;28,7;16,0;Nominal;D;0,4;0,45
2026-08-10 13:11;6,05116;-70,7536;VIIRS-Suomi-NPP;63,0;25,6;4,3;Baja;D;0,4;0,37
2026-08-10 13:11;6,04777;-70,75308;VIIRS-Suomi-NPP;70,1;26,4;4,3;Nominal;D;0,4;0,37
2026-08-10 13:11;5,37294;-74,74979;VIIRS-Suomi-NPP;59,2;30,0;1,8;Baja;D;0,42;0,45
2026-08-10 13:11;5,36875;-74,74915;VIIRS-Suomi-NPP;62,2;32,4;1,8;Nominal;D;0,42;0,45
2026-08-10 13:11;5,3899;-74,46478;VIIRS-Suomi-NPP;68,9;29,6;11,5;Nominal;D;0,4;0,45
2026-08-10 13:11;5,38935;-74,46815;VIIRS-Suomi-NPP;93,9;31,8;15,8;Alta;D;0,41;0,45
2026-08-10 13:11;5,38518;-74,46783;VIIRS-Suomi-NPP;82,8;31,1;16,2;Nominal;D;0,41;0,45
2026-08-10 13:11;5,38571;-74,46467;VIIRS-Suomi-NPP;80,1;31,8;14,4;Nominal;D;0,4;0,45
2026-08-10 13:11;5,35264;-74,639;VIIRS-Suomi-NPP;63,5;29,2;5,7;Nominal;D;0,42;0,45
2026-08-10 13:11;5,53546;-73,52708;VIIRS-Suomi-NPP;70,3;30,0;8,5;Nominal;D;0,53;0,42
2026-08-10 13:11;5,24187;-75,14637;VIIRS-Suomi-NPP;59,6;24,3;3,2;Nominal;D;0,45;0,47
2026-08-10 13:11;5,26959;-75,04226;VIIRS-Suomi-NPP;60,5;28,6;3,4;Nominal;D;0,44;0,46
2026-08-10 13:11;5,23956;-75,14701;VIIRS-Suomi-NPP;63,4;25,3;4,0;Nominal;D;0,45;0,47
2026-08-10 13:11;6,04887;-69,99792;VIIRS-Suomi-NPP;70,6;26,5;5,7;Nominal;D;0,39;0,36
2026-08-10 13:11;5,96517;-70,18605;VIIRS-Suomi-NPP;61,8;22,0;3,9;Nominal;D;0,39;0,36
2026-08-10 13:11;6,2684;-67,66409;VIIRS-Suomi-NPP;61,7;27,1;5,5;Nominal;D;0,41;0,37
2026-08-10 13:11;6,26442;-67,66726;VIIRS-Suomi-NPP;75,1;29,0;8,8;Nominal;D;0,41;0,37
2026-08-10 13:11;6,26498;-67,66357;VIIRS-Suomi-NPP;57,8;26,0;8,8;Nominal;D;0,41;0,37
2026-08-10 13:11;5,85637;-70,14762;VIIRS-Suomi-NPP;58,0;26,7;3,8;Nominal;D;0,39;0,36
2026-08-10 13:11;6,03295;-68,83958;VIIRS-Suomi-NPP;60,2;25,4;3,8;Nominal;D;0,39;0,36
2026-08-10 13:11;6,03348;-68,8361;VIIRS-Suomi-NPP;64,8;26,0;4,5;Nominal;D;0,39;0,36
2026-08-10 13:11;6,03015;-68,83559;VIIRS-Suomi-NPP;67,0;25,4;4,5;Nominal;D;0,39;0,36
2026-08-10 13:11;3,49633;-75,45489;VIIRS-Suomi-NPP;62,8;32,7;10,2;Nominal;D;0,5;0,49
2026-08-10 13:11;10,3643;-74,16993;VIIRS-Suomi-NPP;68,9;31,8;6,8;Nominal;D;0,5;0,41
2026-08-10 13:11;3,49567;-75,45888;VIIRS-Suomi-NPP;74,1;36,0;10,2;Nominal;D;0,5;0,49
2026-08-10 13:11;10,22157;-75,03523;VIIRS-Suomi-NPP;64,5;27,8;5,1;Nominal;D;0,56;0,43
2026-08-10 13:11;3,49502;-75,46286;VIIRS-Suomi-NPP;83,4;41,4;21,2;Nominal;D;0,5;0,49
2026-08-10 13:11;10,18822;-75,26013;VIIRS-Suomi-NPP;68,6;26,7;4,8;Nominal;D;0,38;0,44
2026-08-10 13:11;3,49434;-75,467;VIIRS-Suomi-NPP;66,8;29,9;21,2;Nominal;D;0,5;0,49
2026-08-10 13:11;10,25025;-75,48738;VIIRS-Suomi-NPP;58,5;27,8;2,4;Nominal;D;0,4;0,44
2026-08-10 13:11;3,50027;-75,4592;VIIRS-Suomi-NPP;69,3;32,4;18,9;Nominal;D;0,5;0,49
2026-08-10 13:11;10,57351;-73,77729;VIIRS-Suomi-NPP;68,5;23,9;6,1;Nominal;D;0,47;0,4
2026-08-10 13:11;3,49961;-75,4632;VIIRS-Suomi-NPP;62,0;29,4;13,2;Nominal;D;0,5;0,49
2026-08-10 13:11;10,67021;-73,28084;VIIRS-Suomi-NPP;67,8;32,7;33,2;Nominal;D;0,45;0,39
2026-08-10 13:11;4,36997;-70,03105;VIIRS-Suomi-NPP;69,9;26,4;11,9;Nominal;D;0,39;0,36
2026-08-10 13:11;10,68994;-73,22707;VIIRS-Suomi-NPP;64,6;34,4;6,7;Baja;D;0,44;0,39
2026-08-10 13:11;4,36942;-70,03458;VIIRS-Suomi-NPP;69,8;28,7;11,9;Nominal;D;0,39;0,36
2026-08-10 13:11;10,32031;-75,48914;VIIRS-Suomi-NPP;69,8;28,9;5,0;Nominal;D;0,4;0,44
2026-08-10 13:11;4,11448;-71,66759;VIIRS-Suomi-NPP;60,6;24,0;4,5;Nominal;D;0,44;0,39
2026-08-10 13:11;4,37332;-70,03156;VIIRS-Suomi-NPP;62,1;28,2;4,6;Nominal;D;0,39;0,36
2026-08-10 13:11;4,55337;-68,99278;VIIRS-Suomi-NPP;57,7;28,1;2,7;Nominal;D;0,38;0,36
2026-08-10 13:11;10,82524;-72,77622;VIIRS-Suomi-NPP;68,2;37,2;6,6;Nominal;D;0,43;0,38
2026-08-10 13:11;4,52118;-69,38108;VIIRS-Suomi-NPP;61,8;27,9;6,4;Nominal;D;0,39;0,36
2026-08-10 13:11;10,81933;-73,03293;VIIRS-Suomi-NPP;72,3;34,1;5,5;Nominal;D;0,44;0,38
2026-08-10 13:11;10,87546;-72,70844;VIIRS-Suomi-NPP;69,6;35,5;16,8;Nominal;D;0,42;0,38
2026-08-10 13:11;4,52064;-69,38455;VIIRS-Suomi-NPP;61,2;28,0;6,4;Nominal;D;0,39;0,36
2026-08-10 13:11;10,48941;-75,22999;VIIRS-Suomi-NPP;60,3;28,0;6,4;Nominal;D;0,57;0,43
2026-08-10 13:11;4,17306;-71,68898;VIIRS-Suomi-NPP;73,1;26,2;6,2;Nominal;D;0,44;0,39
2026-08-10 13:11;10,84947;-73,15968;VIIRS-Suomi-NPP;60,3;32,5;2,5;Nominal;D;0,44;0,38
2026-08-10 13:11;3,54424;-75,73876;VIIRS-Suomi-NPP;65,2;27,9;31,0;Nominal;D;0,52;0,5
2026-08-10 13:11;10,51771;-75,20753;VIIRS-Suomi-NPP;59,5;26,0;4,7;Nominal;D;0,57;0,43
2026-08-10 13:11;3,54364;-75,74256;VIIRS-Suomi-NPP;80,4;38,1;31,0;Nominal;D;0,52;0,5
2026-08-10 13:11;10,51681;-75,2129;VIIRS-Suomi-NPP;59,9;26,0;4,2;Nominal;D;0,57;0,43
2026-08-10 13:11;4,43688;-70,13992;VIIRS-Suomi-NPP;58,1;25,8;6,9;Nominal;D;0,39;0,37
2026-08-10 13:11;4,44025;-70,14044;VIIRS-Suomi-NPP;77,9;28,6;6,9;Nominal;D;0,39;0,37
2026-08-10 13:11;10,95265;-72,83334;VIIRS-Suomi-NPP;64,1;34,4;7,3;Baja;D;0,43;0,38
2026-08-10 13:11;10,88493;-73,29347;VIIRS-Suomi-NPP;62,4;31,0;6,6;Nominal;D;0,45;0,39
2026-08-10 13:11;4,43969;-70,14399;VIIRS-Suomi-NPP;60,8;27,2;3,5;Nominal;D;0,39;0,37
2026-08-10 13:11;10,55044;-75,3132;VIIRS-Suomi-NPP;64,6;29,8;5,4;Nominal;D;0,38;0,43
2026-08-10 13:11;4,44361;-70,14095;VIIRS-Suomi-NPP;61,1;26,3;2,5;Nominal;D;0,39;0,37
2026-08-10 13:11;10,56665;-75,363;VIIRS-Suomi-NPP;61,6;27,8;2,7;Nominal;D;0,39;0,44
2026-08-10 13:11;3,54233;-75,74084;VIIRS-Suomi-NPP;69,6;31,2;31,2;Nominal;D;0,52;0,5
2026-08-10 13:11;10,98708;-73,13326;VIIRS-Suomi-NPP;70,8;30,1;6,0;Nominal;D;0,44;0,38
2026-08-10 13:11;3,54173;-75,7445;VIIRS-Suomi-NPP;66,8;26,4;12,0;Nominal;D;0,52;0,5
2026-08-10 13:11;3,81685;-75,30195;VIIRS-Suomi-NPP;80,2;31,8;24,6;Nominal;D;0,48;0,48
2026-08-10 13:11;5,55638;-74,54386;VIIRS-Suomi-NPP;57,4;28,8;2,4;Baja;D;0,41;0,45
2026-08-10 13:11;5,55899;-74,54446;VIIRS-Suomi-NPP;57,9;28,1;2,4;Nominal;D;0,41;0,45
2026-08-10 13:11;5,43255;-75,40199;VIIRS-Suomi-NPP;67,9;26,9;12,5;Nominal;D;0,47;0,47
2026-08-10 13:11;5,63906;-74,39045;VIIRS-Suomi-NPP;69,2;25,8;5,6;Nominal;D;0,4;0,44
2026-08-10 13:11;5,51052;-75,22742;VIIRS-Suomi-NPP;74,1;29,4;6,5;Nominal;D;0,45;0,47
2026-08-10 13:11;5,64614;-74,44971;VIIRS-Suomi-NPP;66,9;30,5;3,2;Nominal;D;0,4;0,44
2026-08-10 13:11;5,71576;-74,17226;VIIRS-Suomi-NPP;70,2;28,6;4,7;Nominal;D;0,38;0,44
2026-08-10 13:11;5,71477;-74,3822;VIIRS-Suomi-NPP;68,4;26,9;10,2;Nominal;D;0,4;0,44
2026-08-10 13:11;5,74207;-74,26734;VIIRS-Suomi-NPP;62,8;26,6;2,3;Nominal;D;0,39;0,44
2026-08-10 13:11;5,7859;-74,73473;VIIRS-Suomi-NPP;60,7;32,3;3,9;Nominal;D;0,42;0,45
2026-08-10 13:11;5,75503;-74,92145;VIIRS-Suomi-NPP;67,8;26,5;6,4;Nominal;D;0,43;0,46
2026-08-10 13:11;6,14231;-72,63665;VIIRS-Suomi-NPP;68,3;36,1;5,2;Nominal;D;0,47;0,4
2026-08-10 13:11;6,62277;-69,93273;VIIRS-Suomi-NPP;66,4;25,0;4,0;Nominal;D;0,39;0,36
2026-08-10 13:11;6,6261;-69,93324;VIIRS-Suomi-NPP;60,7;24,5;3,8;Nominal;D;0,39;0,36
2026-08-10 13:11;6,62556;-69,93672;VIIRS-Suomi-NPP;61,8;24,9;7,2;Nominal;D;0,39;0,36
2026-08-10 13:11;6,62943;-69,93375;VIIRS-Suomi-NPP;58,0;23,4;3,8;Nominal;D;0,39;0,36
2026-08-10 13:11;6,6334;-69,9522;VIIRS-Suomi-NPP;62,2;27,5;3,1;Nominal;D;0,39;0,36
2026-08-10 13:11;6,63673;-69,95271;VIIRS-Suomi-NPP;58,5;26,7;2,0;Nominal;D;0,39;0,36
2026-08-10 13:11;5,9488;-74,55342;VIIRS-Suomi-NPP;73,6;35,0;7,9;Nominal;D;0,4;0,44
2026-08-10 13:11;6,04885;-74,37496;VIIRS-Suomi-NPP;75,0;30,5;5,0;Nominal;D;0,39;0,44
2026-08-10 13:11;6,0424;-74,90548;VIIRS-Suomi-NPP;64,9;28,5;3,3;Nominal;D;0,42;0,45
2026-08-10 13:11;6,0527;-74,8681;VIIRS-Suomi-NPP;68,2;29,4;3,7;Nominal;D;0,42;0,45
2026-08-10 13:11;6,04268;-74,90576;VIIRS-Suomi-NPP;64,3;28,0;3,2;Nominal;D;0,42;0,45
2026-08-10 13:11;6,05325;-74,86845;VIIRS-Suomi-NPP;68,7;30,4;4,6;Nominal;D;0,42;0,45
2026-08-10 13:11;6,10829;-74,87217;VIIRS-Suomi-NPP;68,3;27,5;4,7;Nominal;D;0,42;0,45
2026-08-10 13:11;6,22877;-75,55766;VIIRS-Suomi-NPP;71,3;35,1;10,4;Nominal;D;0,46;0,47
2026-08-10 13:11;6,43457;-74,32449;VIIRS-Suomi-NPP;69,8;30,9;4,1;Nominal;D;0,38;0,43
2026-08-10 13:11;6,38252;-74,80133;VIIRS-Suomi-NPP;76,2;33,9;20,0;Nominal;D;0,41;0,45
2026-08-10 13:11;6,38193;-74,80495;VIIRS-Suomi-NPP;82,6;34,7;20,0;Nominal;D;0,41;0,45
2026-08-10 13:11;6,38665;-74,80199;VIIRS-Suomi-NPP;70,2;36,5;20,0;Nominal;D;0,41;0,45
2026-08-10 13:11;6,38606;-74,80565;VIIRS-Suomi-NPP;81,6;31,4;20,0;Nominal;D;0,41;0,45
2026-08-10 13:11;6,38474;-74,80175;VIIRS-Suomi-NPP;78,5;38,1;38,0;Nominal;D;0,41;0,45
2026-08-10 13:11;6,38413;-74,80539;VIIRS-Suomi-NPP;74,9;39,8;38,0;Nominal;D;0,41;0,45
2026-08-10 13:11;6,3658;-75,35564;VIIRS-Suomi-NPP;78,0;26,9;21,2;Nominal;D;0,45;0,47
2026-08-10 13:11;6,36514;-75,35963;VIIRS-Suomi-NPP;56,5;15,9;9,4;Nominal;D;0,45;0,47
2026-08-10 13:11;6,37007;-75,3564;VIIRS-Suomi-NPP;58,1;18,0;21,2;Nominal;D;0,45;0,47
2026-08-10 13:11;6,3225;-75,96214;VIIRS-Suomi-NPP;83,8;30,6;24,0;Nominal;D;0,49;0,49
2026-08-10 13:11;6,59134;-74,79236;VIIRS-Suomi-NPP;60,8;27,6;3,3;Nominal;D;0,41;0,45
2026-08-10 13:11;6,60875;-75,86855;VIIRS-Suomi-NPP;67,3;31,2;7,5;Nominal;D;0,48;0,48
2026-08-10 13:11;6,61247;-75,8735;VIIRS-Suomi-NPP;67,9;31,5;7,5;Nominal;D;0,48;0,48
2026-08-10 13:11;6,93475;-74,05289;VIIRS-Suomi-NPP;57,7;27,2;2,8;Nominal;D;0,55;0,42
2026-08-10 13:11;6,93446;-74,0556;VIIRS-Suomi-NPP;60,0;27,0;2,9;Nominal;D;0,54;0,42
2026-08-10 13:11;6,77026;-75,60046;VIIRS-Suomi-NPP;59,5;23,2;2,4;Nominal;D;0,46;0,47
2026-08-10 13:11;7,15414;-73,57151;VIIRS-Suomi-NPP;63,0;30,2;9,0;Nominal;D;0,51;0,41
2026-08-10 13:11;7,23731;-73,65459;VIIRS-Suomi-NPP;63,7;29,2;13,7;Nominal;D;0,51;0,41
2026-08-10 13:11;7,2411;-73,65522;VIIRS-Suomi-NPP;64,7;24,6;13,7;Nominal;D;0,51;0,41
2026-08-10 13:11;6,8497;-75,98399;VIIRS-Suomi-NPP;67,5;25,1;6,3;Nominal;D;0,48;0,48
2026-08-10 13:11;7,06108;-74,81255;VIIRS-Suomi-NPP;61,5;27,2;2,7;Nominal;D;0,4;0,44
2026-08-10 13:11;6,8744;-76,21794;VIIRS-Suomi-NPP;61,8;23,7;3,0;Nominal;D;0,5;0,49
2026-08-10 13:11;7,12306;-74,74161;VIIRS-Suomi-NPP;79,6;31,8;17,2;Nominal;D;0,4;0,44
2026-08-10 13:11;7,35202;-73,51996;VIIRS-Suomi-NPP;56,9;26,9;1,8;Nominal;D;0,5;0,41
2026-08-10 13:11;3,82202;-75,29839;VIIRS-Suomi-NPP;70,1;33,2;54,8;Nominal;D;0,48;0,48
2026-08-10 13:11;4,76457;-69,44133;VIIRS-Suomi-NPP;58,2;24,8;2,0;Nominal;D;0,39;0,36
2026-08-10 13:11;4,55219;-70,80929;VIIRS-Suomi-NPP;59,8;23,5;2,6;Baja;D;0,41;0,37
2026-08-10 13:11;4,59167;-70,60168;VIIRS-Suomi-NPP;61,7;23,6;3,3;Nominal;D;0,4;0,37
2026-08-10 13:11;3,82346;-75,37257;VIIRS-Suomi-NPP;70,5;32,9;7,4;Nominal;D;0,49;0,49
2026-08-10 13:11;4,95856;-68,28049;VIIRS-Suomi-NPP;74,1;27,5;4,8;Nominal;D;0,39;0,36
2026-08-10 13:11;3,85886;-75,26878;VIIRS-Suomi-NPP;69,4;36,9;4,5;Nominal;D;0,48;0,48
2026-08-10 13:11;4,77347;-69,53857;VIIRS-Suomi-NPP;61,7;25,7;3,0;Nominal;D;0,39;0,36
2026-08-10 13:11;4,61544;-70,56075;VIIRS-Suomi-NPP;68,7;23,8;8,2;Nominal;D;0,4;0,37
2026-08-10 13:11;3,8633;-75,26948;VIIRS-Suomi-NPP;71,0;37,1;19,5;Nominal;D;0,48;0,48
2026-08-10 13:11;3,8626;-75,27375;VIIRS-Suomi-NPP;75,9;37,4;13,8;Nominal;D;0,48;0,48
2026-08-10 13:11;4,94299;-68,58548;VIIRS-Suomi-NPP;60,5;28,8;3,2;Nominal;D;0,39;0,36
2026-08-10 13:11;4,9486;-68,59339;VIIRS-Suomi-NPP;58,8;27,6;3,3;Nominal;D;0,39;0,36
2026-08-10 13:11;4,88737;-69,17281;VIIRS-Suomi-NPP;76,5;23,6;6,0;Nominal;D;0,38;0,36
2026-08-10 13:11;4,89839;-69,16448;VIIRS-Suomi-NPP;59,9;26,5;14,4;Nominal;D;0,38;0,36
2026-08-10 13:11;4,90118;-69,16844;VIIRS-Suomi-NPP;73,8;31,0;14,4;Nominal;D;0,38;0,36
2026-08-10 13:11;4,90065;-69,17191;VIIRS-Suomi-NPP;62,8;26,2;8,5;Nominal;D;0,38;0,36
2026-08-10 13:11;4,6708;-70,65518;VIIRS-Suomi-NPP;64,9;23,7;4,5;Nominal;D;0,4;0,37
2026-08-10 13:11;4,9045;-69,16895;VIIRS-Suomi-NPP;65,9;30,5;23,2;Nominal;D;0,38;0,36
2026-08-10 13:11;4,90397;-69,17242;VIIRS-Suomi-NPP;58,7;29,7;11,8;Baja;D;0,38;0,36
2026-08-10 13:11;4,89125;-69,25549;VIIRS-Suomi-NPP;71,5;25,9;5,9;Nominal;D;0,38;0,36
2026-08-10 13:11;4,9073;-69,17292;VIIRS-Suomi-NPP;74,4;28,4;11,8;Nominal;D;0,38;0,36
2026-08-10 13:11;4,89457;-69,256;VIIRS-Suomi-NPP;63,7;27,4;5,9;Nominal;D;0,38;0,36
2026-08-10 13:11;4,91062;-69,17342;VIIRS-Suomi-NPP;67,1;27,6;3,1;Nominal;D;0,38;0,36
2026-08-10 13:11;4,8979;-69,25652;VIIRS-Suomi-NPP;60,6;27,4;3,6;Nominal;D;0,38;0,36
2026-08-10 13:11;4,91606;-69,16009;VIIRS-Suomi-NPP;73,0;29,0;7,2;Nominal;D;0,38;0,36
2026-08-10 13:11;4,91447;-69,17046;VIIRS-Suomi-NPP;66,0;28,8;7,8;Nominal;D;0,38;0,36
2026-08-10 13:11;4,91938;-69,16059;VIIRS-Suomi-NPP;58,4;27,4;4,1;Nominal;D;0,38;0,36
2026-08-10 13:11;4,91832;-69,16752;VIIRS-Suomi-NPP;62,3;29,5;4,7;Nominal;D;0,38;0,36
2026-08-10 13:11;4,9178;-69,17097;VIIRS-Suomi-NPP;74,1;28,0;4,7;Nominal;D;0,38;0,36
2026-08-10 13:11;4,76723;-70,14803;VIIRS-Suomi-NPP;59,1;24,2;3,0;Nominal;D;0,39;0,36
2026-08-10 13:11;3,9855;-75,07352;VIIRS-Suomi-NPP;80,1;43,6;22,6;Nominal;D;0,46;0,47
2026-08-10 13:11;4,91133;-69,27981;VIIRS-Suomi-NPP;62,5;27,8;1,8;Nominal;D;0,38;0,36
2026-08-10 13:11;4,91466;-69,28032;VIIRS-Suomi-NPP;59,6;28,7;3,6;Nominal;D;0,38;0,36
2026-08-10 13:11;4,5162;-71,83894;VIIRS-Suomi-NPP;58,4;27,9;5,5;Nominal;D;0,45;0,39
2026-08-10 13:11;3,87501;-75,94297;VIIRS-Suomi-NPP;64,0;26,5;6,4;Nominal;D;0,54;0,5
2026-08-10 13:11;4,06018;-74,86147;VIIRS-Suomi-NPP;72,5;40,0;7,5;Nominal;D;0,45;0,47
2026-08-10 13:11;4,05953;-74,86552;VIIRS-Suomi-NPP;64,2;38,9;9,6;Baja;D;0,45;0,47
2026-08-10 13:11;4,06449;-74,86215;VIIRS-Suomi-NPP;65,9;39,5;8,7;Baja;D;0,45;0,47
2026-08-10 13:11;4,039;-75,21616;VIIRS-Suomi-NPP;70,6;37,1;12,3;Nominal;D;0,47;0,48
2026-08-10 13:11;4,04241;-75,21599;VIIRS-Suomi-NPP;68,2;33,6;8,3;Nominal;D;0,47;0,48
2026-08-10 13:11;4,04171;-75,22015;VIIRS-Suomi-NPP;65,1;33,5;5,1;Nominal;D;0,47;0,48
2026-08-10 13:11;4,10808;-74,90202;VIIRS-Suomi-NPP;70,0;34,8;9,6;Nominal;D;0,45;0,47
2026-08-10 13:11;4,08592;-75,06274;VIIRS-Suomi-NPP;62,7;34,9;4,3;Baja;D;0,46;0,47
2026-08-10 13:11;4,10502;-75,08275;VIIRS-Suomi-NPP;69,5;35,8;13,0;Nominal;D;0,46;0,47
2026-08-10 13:11;4,10435;-75,08687;VIIRS-Suomi-NPP;65,7;39,2;13,0;Baja;D;0,46;0,47
2026-08-10 13:11;4,10938;-75,0835;VIIRS-Suomi-NPP;68,8;32,6;74,3;Nominal;D;0,46;0,47
2026-08-10 13:11;4,957;-69,79629;VIIRS-Suomi-NPP;69,0;25,9;5,5;Nominal;D;0,39;0,36
2026-08-10 13:11;4,96088;-69,7933;VIIRS-Suomi-NPP;80,8;26,3;5,5;Nominal;D;0,39;0,36
2026-08-10 13:11;4,12624;-75,25736;VIIRS-Suomi-NPP;75,9;34,5;7,7;Nominal;D;0,48;0,48
2026-08-10 13:11;4,13066;-75,25804;VIIRS-Suomi-NPP;71,2;34,8;7,7;Nominal;D;0,48;0,48
2026-08-10 13:11;4,26578;-74,49365;VIIRS-Suomi-NPP;76,5;37,2;54,5;Nominal;D;0,42;0,45
2026-08-10 13:11;4,78909;-71,17499;VIIRS-Suomi-NPP;77,9;26,1;23,6;Nominal;D;0,42;0,38
2026-08-10 13:11;4,79255;-71,17553;VIIRS-Suomi-NPP;57,5;24,7;4,6;Baja;D;0,42;0,38
2026-08-10 13:11;5,1076;-69,38875;VIIRS-Suomi-NPP;70,1;26,0;3,0;Nominal;D;0,38;0,36
2026-08-10 13:11;5,11093;-69,38925;VIIRS-Suomi-NPP;63,7;26,6;3,0;Nominal;D;0,38;0,36
2026-08-10 13:11;5,1104;-69,39272;VIIRS-Suomi-NPP;58,6;25,0;3,0;Nominal;D;0,38;0,36
2026-08-10 13:11;5,03597;-69,87645;VIIRS-Suomi-NPP;62,5;26,4;2,9;Nominal;D;0,39;0,36
2026-08-10 13:11;5,03489;-69,88345;VIIRS-Suomi-NPP;68,3;23,7;15,6;Nominal;D;0,39;0,36
2026-08-10 13:11;5,03435;-69,88697;VIIRS-Suomi-NPP;78,3;24,9;15,6;Nominal;D;0,39;0,36
2026-08-10 13:11;5,03823;-69,88397;VIIRS-Suomi-NPP;93,9;27,4;33,3;Alta;D;0,39;0,36
2026-08-10 13:11;5,11372;-69,39322;VIIRS-Suomi-NPP;60,9;26,4;3,2;Nominal;D;0,38;0,36
2026-08-10 13:11;5,03769;-69,88747;VIIRS-Suomi-NPP;61,8;35,6;33,3;Nominal;D;0,39;0,36
2026-08-10 13:11;5,11758;-69,39026;VIIRS-Suomi-NPP;63,9;27,1;3,2;Nominal;D;0,38;0,36
2026-08-10 13:11;5,11705;-69,39373;VIIRS-Suomi-NPP;63,6;26,0;3,2;Nominal;D;0,38;0,36
2026-08-10 13:11;5,04211;-69,88097;VIIRS-Suomi-NPP;57,5;27,2;3,8;Nominal;D;0,39;0,36
2026-08-10 13:11;5,04103;-69,88798;VIIRS-Suomi-NPP;70,6;29,4;33,3;Nominal;D;0,39;0,36
2026-08-10 13:11;5,04437;-69,88849;VIIRS-Suomi-NPP;65,1;26,9;4,2;Nominal;D;0,39;0,36
2026-08-10 13:11;4,20242;-75,20324;VIIRS-Suomi-NPP;93,9;37,7;24,8;Alta;D;0,47;0,48
2026-08-10 13:11;4,92068;-70,70886;VIIRS-Suomi-NPP;65,5;26,5;7,6;Nominal;D;0,4;0,37
2026-08-10 13:11;4,20299;-75,19975;VIIRS-Suomi-NPP;68,4;31,6;9,0;Nominal;D;0,47;0,48
2026-08-10 13:11;5,15884;-69,18742;VIIRS-Suomi-NPP;65,2;28,7;4,9;Nominal;D;0,38;0,36
2026-08-10 13:11;4,2274;-75,0779;VIIRS-Suomi-NPP;69,6;35,8;12,4;Nominal;D;0,46;0,47
2026-08-10 13:11;4,22672;-75,08207;VIIRS-Suomi-NPP;72,2;36,9;24,9;Nominal;D;0,46;0,47
2026-08-10 13:11;4,23177;-75,07853;VIIRS-Suomi-NPP;70,8;39,4;12,4;Nominal;D;0,46;0,47
2026-08-10 13:11;4,23108;-75,08275;VIIRS-Suomi-NPP;79,3;44,5;24,9;Nominal;D;0,46;0,47
2026-08-10 13:11;4,23545;-75,08335;VIIRS-Suomi-NPP;93,9;67,9;94,4;Alta;D;0,46;0,47
2026-08-10 13:11;4,23614;-75,07914;VIIRS-Suomi-NPP;93,9;53,5;100,3;Baja;D;0,46;0,47
2026-08-10 13:11;4,24051;-75,07976;VIIRS-Suomi-NPP;71,9;30,7;100,3;Nominal;D;0,46;0,47
2026-08-10 13:11;4,23983;-75,08396;VIIRS-Suomi-NPP;65,3;34,7;94,4;Nominal;D;0,46;0,47
2026-08-10 13:11;5,08787;-69,80566;VIIRS-Suomi-NPP;68,5;26,9;6,8;Nominal;D;0,39;0,36
2026-08-10 13:11;5,08734;-69,80916;VIIRS-Suomi-NPP;74,6;28,3;6,8;Nominal;D;0,39;0,36
2026-08-10 13:11;5,09175;-69,80268;VIIRS-Suomi-NPP;58,1;25,6;5,3;Nominal;D;0,39;0,36
2026-08-10 13:11;5,09121;-69,80618;VIIRS-Suomi-NPP;72,0;29,1;5,5;Nominal;D;0,39;0,36
2026-08-10 13:11;5,09067;-69,80967;VIIRS-Suomi-NPP;66,0;27,6;5,5;Nominal;D;0,39;0,36
2026-08-10 13:11;5,09455;-69,80669;VIIRS-Suomi-NPP;62,3;27,5;5,5;Nominal;D;0,39;0,36
2026-08-10 13:11;5,09401;-69,81018;VIIRS-Suomi-NPP;59,5;26,1;5,5;Nominal;D;0,39;0,36
2026-08-10 13:11;4,1047;-76,08973;VIIRS-Suomi-NPP;69,8;31,1;7,4;Nominal;D;0,54;0,51
2026-08-10 13:11;4,18183;-75,78631;VIIRS-Suomi-NPP;75,7;32,2;12,2;Nominal;D;0,52;0,5
2026-08-10 13:11;4,18148;-75,78512;VIIRS-Suomi-NPP;70,5;32,3;14,9;Nominal;D;0,52;0,5
2026-08-10 13:11;5,19976;-70,01789;VIIRS-Suomi-NPP;60,5;27,6;3,0;Nominal;D;0,39;0,36
2026-08-10 13:11;5,20529;-70,00436;VIIRS-Suomi-NPP;65,0;27,2;2,8;Nominal;D;0,39;0,36
2026-08-10 13:11;5,20536;-70,02596;VIIRS-Suomi-NPP;66,3;23,7;4,1;Nominal;D;0,39;0,36
2026-08-10 13:11;5,31087;-69,47457;VIIRS-Suomi-NPP;72,4;28,5;10,3;Nominal;D;0,38;0,36
2026-08-10 13:11;5,31033;-69,47804;VIIRS-Suomi-NPP;68,1;26,9;4,0;Nominal;D;0,38;0,36
2026-08-10 13:11;4,47228;-74,84572;VIIRS-Suomi-NPP;63,9;33,9;2,8;Nominal;D;0,44;0,46
2026-08-10 13:11;5,32696;-69,48058;VIIRS-Suomi-NPP;69,6;28,1;5,9;Nominal;D;0,38;0,36
2026-08-10 13:11;4,47661;-74,84601;VIIRS-Suomi-NPP;57,8;30,2;2,8;Baja;D;0,44;0,46
2026-08-10 13:11;5,33082;-69,47762;VIIRS-Suomi-NPP;74,4;27,8;7,3;Nominal;D;0,38;0,36
2026-08-10 13:11;5,06391;-71,291;VIIRS-Suomi-NPP;75,2;26,7;5,5;Nominal;D;0,42;0,38
2026-08-10 13:11;5,06738;-71,29153;VIIRS-Suomi-NPP;57,4;24,6;5,5;Nominal;D;0,42;0,38
2026-08-10 13:11;4,64895;-74,11955;VIIRS-Suomi-NPP;60,1;31,7;5,3;Baja;D;0,4;0,44
2026-08-10 13:11;5,4423;-69,23318;VIIRS-Suomi-NPP;77,4;26,0;5,7;Nominal;D;0,38;0,36
2026-08-10 13:11;5,42229;-69,47482;VIIRS-Suomi-NPP;57,6;27,6;5,0;Baja;D;0,38;0,36
2026-08-10 13:11;5,11227;-71,467;VIIRS-Suomi-NPP;60,4;24,8;4,4;Nominal;D;0,43;0,38
2026-08-10 13:11;4,51582;-75,20925;VIIRS-Suomi-NPP;65,8;21,2;10,2;Nominal;D;0,47;0,48
2026-08-10 13:11;4,55366;-75,00624;VIIRS-Suomi-NPP;62,2;33,3;2,6;Nominal;D;0,45;0,47
2026-08-10 13:11;4,55735;-75,0107;VIIRS-Suomi-NPP;61,6;34,3;2,6;Nominal;D;0,45;0,47
2026-08-10 13:11;4,59765;-74,81791;VIIRS-Suomi-NPP;67,7;32,3;2,7;Nominal;D;0,44;0,46
2026-08-10 13:11;5,42693;-69,59985;VIIRS-Suomi-NPP;64,1;26,0;11,6;Nominal;D;0,39;0,36
2026-08-10 13:11;5,4264;-69,60333;VIIRS-Suomi-NPP;74,5;26,9;7,6;Nominal;D;0,39;0,36
2026-08-10 13:11;4,69831;-74,22392;VIIRS-Suomi-NPP;60,1;27,2;4,0;Nominal;D;0,4;0,44
2026-08-10 13:11;5,43026;-69,60036;VIIRS-Suomi-NPP;82,9;28,7;11,6;Nominal;D;0,39;0,36
2026-08-10 13:11;5,49002;-69,25463;VIIRS-Suomi-NPP;63,5;26,4;3,4;Nominal;D;0,38;0,36
2026-08-10 13:11;4,60289;-75,00265;VIIRS-Suomi-NPP;66,6;30,9;1,9;Nominal;D;0,45;0,47
2026-08-10 13:11;4,74408;-74,14655;VIIRS-Suomi-NPP;57,6;25,6;1,6;Nominal;D;0,4;0,44
2026-08-10 13:11;4,58522;-75,13993;VIIRS-Suomi-NPP;62,6;22,9;3,7;Nominal;D;0,46;0,47
2026-08-10 13:11;5,31456;-70,57479;VIIRS-Suomi-NPP;68,2;24,7;6,3;Baja;D;0,4;0,37
2026-08-10 13:11;5,314;-70,57838;VIIRS-Suomi-NPP;67,5;25,7;6,3;Baja;D;0,4;0,37
2026-08-10 13:11;5,37644;-70,62903;VIIRS-Suomi-NPP;61,0;25,4;4,3;Nominal;D;0,4;0,37
2026-08-10 13:11;5,44634;-70,26662;VIIRS-Suomi-NPP;63,9;26,0;2,9;Nominal;D;0,39;0,36
2026-08-10 13:11;4,60581;-75,59756;VIIRS-Suomi-NPP;79,8;31,0;19,6;Nominal;D;0,49;0,49
2026-08-10 13:11;5,61318;-69,22445;VIIRS-Suomi-NPP;68,3;24,4;3,6;Nominal;D;0,38;0,36
2026-08-10 13:11;5,58739;-69,50423;VIIRS-Suomi-NPP;81,9;28,4;19,3;Nominal;D;0,38;0,36
2026-08-10 13:11;5,59124;-69,50127;VIIRS-Suomi-NPP;61,8;26,8;13,4;Nominal;D;0,38;0,36
2026-08-10 13:11;5,59071;-69,50475;VIIRS-Suomi-NPP;73,9;30,1;13,4;Nominal;D;0,38;0,36
2026-08-10 13:11;5,59457;-69,50179;VIIRS-Suomi-NPP;72,6;26,5;13,4;Nominal;D;0,38;0,36
2026-08-10 13:11;5,48963;-70,24072;VIIRS-Suomi-NPP;65,5;26,4;2,9;Nominal;D;0,39;0,36
2026-08-10 13:11;5,40842;-70,75986;VIIRS-Suomi-NPP;60,8;25,6;5,0;Baja;D;0,4;0,37
2026-08-10 13:11;5,49353;-70,2377;VIIRS-Suomi-NPP;57,7;25,8;2,9;Nominal;D;0,39;0,36
2026-08-10 13:11;5,49298;-70,24124;VIIRS-Suomi-NPP;60,0;27,4;2,9;Nominal;D;0,39;0,36
2026-08-10 13:11;5,66944;-69,58447;VIIRS-Suomi-NPP;65,0;26,9;3,3;Nominal;D;0,38;0,36
2026-08-10 13:11;4,83873;-75,10831;VIIRS-Suomi-NPP;77,8;21,4;9,1;Nominal;D;0,45;0,47
2026-08-10 13:11;4,89038;-74,87597;VIIRS-Suomi-NPP;93,9;52,5;52,9;Baja;D;0,44;0,46
2026-08-10 13:11;5,29332;-72,41869;VIIRS-Suomi-NPP;57,3;31,5;5,0;Baja;D;0,47;0,39
2026-08-10 13:11;4,89463;-74,87664;VIIRS-Suomi-NPP;75,7;32,5;52,9;Nominal;D;0,44;0,46
2026-08-10 13:11;5,82579;-69,04848;VIIRS-Suomi-NPP;66,1;27,1;5,3;Nominal;D;0,38;0,36
2026-08-10 13:11;5,75439;-69,62666;VIIRS-Suomi-NPP;64,6;26,7;2,5;Nominal;D;0,38;0,36
2026-08-10 13:11;5,74959;-69,65793;VIIRS-Suomi-NPP;70,5;26,1;6,8;Nominal;D;0,39;0,36
2026-08-10 13:11;5,58896;-70,76595;VIIRS-Suomi-NPP;67,3;27,9;7,5;Nominal;D;0,4;0,37
2026-08-10 13:11;4,92917;-75,12429;VIIRS-Suomi-NPP;74,5;25,6;8,8;Nominal;D;0,45;0,47
2026-08-10 13:11;4,9304;-75,12439;VIIRS-Suomi-NPP;68,2;26,9;6,3;Nominal;D;0,45;0,47
2026-08-10 13:11;5,8412;-69,49877;VIIRS-Suomi-NPP;66,4;22,6;1,1;Nominal;D;0,38;0,36
2026-08-10 13:11;5,85901;-69,42697;VIIRS-Suomi-NPP;82,3;30,6;27,2;Nominal;D;0,38;0,36
2026-08-10 13:11;5,8618;-69,43094;VIIRS-Suomi-NPP;67,1;26,1;7,5;Nominal;D;0,38;0,36
2026-08-10 13:11;5,87004;-69,42155;VIIRS-Suomi-NPP;64,7;26,8;3,2;Nominal;D;0,38;0,36
2026-08-10 13:11;5,81205;-70,04323;VIIRS-Suomi-NPP;57,9;28,2;2,9;Baja;D;0,39;0,36
2026-08-10 13:11;5,81151;-70,04674;VIIRS-Suomi-NPP;62,3;25,2;2,9;Nominal;D;0,39;0,36
2026-08-10 13:11;5,81873;-70,04425;VIIRS-Suomi-NPP;74,1;27,5;5,3;Nominal;D;0,39;0,36
2026-08-10 13:11;6,02434;-68,83408;VIIRS-Suomi-NPP;71,0;26,0;8,3;Nominal;D;0,39;0,36
2026-08-10 13:11;6,02768;-68,83459;VIIRS-Suomi-NPP;73,6;27,8;8,3;Nominal;D;0,39;0,36
2026-08-10 13:11;3,49246;-75,45018;VIIRS-Suomi-NPP;71,9;36,0;11,1;Nominal;D;0,5;0,49
2026-08-10 13:11;10,343;-73,8832;VIIRS-Suomi-NPP;59,8;27,2;4,6;Nominal;D;0,48;0,4
2026-08-10 13:11;4,1093;-71,58525;VIIRS-Suomi-NPP;60,0;24,4;4,2;Nominal;D;0,44;0,38
2026-08-10 13:11;10,3437;-73,87899;VIIRS-Suomi-NPP;60,0;27,1;4,6;Nominal;D;0,48;0,4
2026-08-10 13:11;4,33778;-70,12773;VIIRS-Suomi-NPP;65,6;22,6;5,7;Nominal;D;0,39;0,37
2026-08-10 13:11;4,21481;-70,87086;VIIRS-Suomi-NPP;63,8;22,0;2,8;Nominal;D;0,41;0,37
2026-08-10 13:11;3,26634;-76,66278;VIIRS-Suomi-NPP;67,4;22,9;7,9;Nominal;D;0,61;0,54
2026-08-10 13:11;4,51673;-68,89874;VIIRS-Suomi-NPP;59,7;24,5;;Nominal;D;0,38;0,36
2026-08-10 13:11;4,52992;-68,81223;VIIRS-Suomi-NPP;61,4;27,3;1,6;Nominal;D;0,38;0,36
2026-08-10 13:11;4,07685;-71,53999;VIIRS-Suomi-NPP;59,0;25,0;4,2;Nominal;D;0,44;0,38
2026-08-10 13:11;3,26523;-76,66036;VIIRS-Suomi-NPP;62,6;23,3;5,4;Nominal;D;0,61;0,54
2026-08-10 13:11;4,29107;-70,04008;VIIRS-Suomi-NPP;79,8;28,1;5,0;Nominal;D;0,39;0,36
2026-08-10 13:11;3,40393;-75,47287;VIIRS-Suomi-NPP;68,8;28,4;7,6;Nominal;D;0,51;0,49
2026-08-10 13:11;4,43957;-68,87214;VIIRS-Suomi-NPP;62,8;25,1;7,1;Nominal;D;0,38;0,36
2026-08-10 13:11;3,23134;-76,40643;VIIRS-Suomi-NPP;67,0;33,1;10,4;Nominal;D;0,59;0,53
2026-08-10 13:11;10,29665;-73,94627;VIIRS-Suomi-NPP;74,2;27,7;4,3;Nominal;D;0,49;0,4
2026-08-10 13:11;10,27582;-73,91109;VIIRS-Suomi-NPP;65,5;28,8;11,4;Nominal;D;0,48;0,4
2026-08-10 13:11;3,77559;-72,94739;VIIRS-Suomi-NPP;62,2;23,1;5,5;Nominal;D;0,52;0,41
2026-08-10 13:11;10,07495;-74,97575;VIIRS-Suomi-NPP;61,9;28,7;4,0;Nominal;D;0,56;0,43
2026-08-10 13:11;10,3591;-73,15336;VIIRS-Suomi-NPP;70,1;32,5;5,0;Nominal;D;0,45;0,39
2026-08-10 13:11;3,77176;-72,9468;VIIRS-Suomi-NPP;74,2;26,1;21,8;Nominal;D;0,52;0,41
2026-08-10 13:11;3,76794;-72,94623;VIIRS-Suomi-NPP;73,7;27,0;21,8;Nominal;D;0,52;0,41
2026-08-10 13:11;10,38261;-72,94339;VIIRS-Suomi-NPP;58,4;30,7;5,9;Nominal;D;0,44;0,38
2026-08-10 13:11;3,76869;-72,94156;VIIRS-Suomi-NPP;60,3;25,6;21,8;Nominal;D;0,52;0,41
2026-08-10 13:11;10,3833;-72,93916;VIIRS-Suomi-NPP;58,0;22,5;5,9;Nominal;D;0,44;0,38
2026-08-10 13:11;3,7734;-72,94883;VIIRS-Suomi-NPP;62,4;23,3;20,1;Nominal;D;0,52;0,41
2026-08-10 13:11;10,3411;-73,0662;VIIRS-Suomi-NPP;69,6;31,1;5,5;Nominal;D;0,44;0,38
2026-08-10 13:11;3,76958;-72,94825;VIIRS-Suomi-NPP;64,1;28,6;20,1;Nominal;D;0,52;0,41
2026-08-10 13:11;3,7703;-72,94356;VIIRS-Suomi-NPP;74,3;26,9;20,1;Nominal;D;0,52;0,41
2026-08-10 13:11;3,76648;-72,94298;VIIRS-Suomi-NPP;60,6;24,4;4,9;Nominal;D;0,52;0,41
2026-08-10 13:11;4,1065;-70,55923;VIIRS-Suomi-NPP;58,9;27,0;2,3;Nominal;D;0,41;0,37
2026-08-10 13:11;9,98941;-75,05698;VIIRS-Suomi-NPP;62,9;30,9;3,8;Nominal;D;0,57;0,43
2026-08-10 13:11;3,08524;-76,95453;VIIRS-Suomi-NPP;75,7;20,7;3,3;Nominal;D;0,32;0,55
2026-08-10 13:11;3,90967;-71,64065;VIIRS-Suomi-NPP;67,5;22,8;5,2;Nominal;D;0,44;0,39
2026-08-10 13:11;3,10635;-76,60599;VIIRS-Suomi-NPP;66,7;31,0;5,8;Nominal;D;0,61;0,53
2026-08-10 13:11;3,15672;-76,29939;VIIRS-Suomi-NPP;69,4;32,4;9,2;Nominal;D;0,58;0,52
2026-08-10 13:11;3,61141;-73,49654;VIIRS-Suomi-NPP;66,2;23,7;6,5;Nominal;D;0,56;0,43
2026-08-10 13:11;9,93989;-75,01244;VIIRS-Suomi-NPP;62,1;29,7;10,8;Nominal;D;0,56;0,43
2026-08-10 13:11;3,72871;-72,76175;VIIRS-Suomi-NPP;63,8;25,4;7,0;Nominal;D;0,51;0,41
2026-08-10 13:11;9,90521;-75,04819;VIIRS-Suomi-NPP;58,0;25,7;6,3;Nominal;D;0,57;0,43
2026-08-10 13:11;3,60746;-73,49585;VIIRS-Suomi-NPP;68,0;24,5;5,6;Nominal;D;0,56;0,43
2026-08-10 13:11;3,16219;-76,17644;VIIRS-Suomi-NPP;65,0;25,4;7,9;Nominal;D;0,57;0,52
2026-08-10 13:11;9,8802;-75,23777;VIIRS-Suomi-NPP;76,7;29,6;29,4;Nominal;D;0,39;0,44
2026-08-10 13:11;9,90372;-75,04603;VIIRS-Suomi-NPP;61,5;28,0;5,1;Nominal;D;0,57;0,43
2026-08-10 13:11;4,06218;-70,25626;VIIRS-Suomi-NPP;62,1;26,6;2,5;Nominal;D;0,4;0,37
2026-08-10 13:11;9,93932;-74,56592;VIIRS-Suomi-NPP;63,0;29,9;4,0;Nominal;D;0,53;0,42
2026-08-10 13:11;4,06273;-70,25268;VIIRS-Suomi-NPP;62,4;25,2;2,5;Nominal;D;0,4;0,37
2026-08-10 13:11;10,16066;-73,17618;VIIRS-Suomi-NPP;67,1;33,9;6,5;Baja;D;0,45;0,39
2026-08-10 13:11;3,06198;-76,40212;VIIRS-Suomi-NPP;61,8;33,3;6,6;Baja;D;0,59;0,53
2026-08-10 13:11;3,70443;-72,37572;VIIRS-Suomi-NPP;60,9;25,0;3,6;Nominal;D;0,48;0,4
2026-08-10 13:11;9,81455;-75,04202;VIIRS-Suomi-NPP;63,3;25,8;7,3;Nominal;D;0,57;0,43
2026-08-10 13:11;9,88077;-74,63064;VIIRS-Suomi-NPP;62,6;26,8;2,0;Nominal;D;0,54;0,42
2026-08-10 13:11;2,98038;-76,77892;VIIRS-Suomi-NPP;67,6;29,4;10,0;Nominal;D;0,63;0,54
2026-08-10 13:11;3,84874;-71,06499;VIIRS-Suomi-NPP;59,8;23,5;4,0;Nominal;D;0,42;0,38
2026-08-10 13:11;9,91426;-74,43336;VIIRS-Suomi-NPP;63,7;27,1;4,9;Nominal;D;0,52;0,42
2026-08-10 13:11;3,84766;-71,06474;VIIRS-Suomi-NPP;59,5;23,6;3,6;Nominal;D;0,42;0,38
2026-08-10 13:11;10,11616;-73,17982;VIIRS-Suomi-NPP;66,5;32,0;7,3;Nominal;D;0,45;0,39
2026-08-10 13:11;9,81272;-75,03922;VIIRS-Suomi-NPP;60,7;26,2;4,9;Nominal;D;0,57;0,43
2026-08-10 13:11;3,08261;-75,55177;VIIRS-Suomi-NPP;71,8;25,5;8,4;Nominal;D;0,52;0,5
2026-08-10 13:11;10,11372;-73,17986;VIIRS-Suomi-NPP;62,1;31,8;4,6;Baja;D;0,45;0,39
2026-08-10 13:11;3,55496;-72,54355;VIIRS-Suomi-NPP;58,8;26,4;11,9;Nominal;D;0,5;0,41
2026-08-10 13:11;3,55567;-72,53908;VIIRS-Suomi-NPP;76,5;29,1;11,9;Nominal;D;0,5;0,41
2026-08-10 13:11;2,85393;-76,86643;VIIRS-Suomi-NPP;66,4;27,8;4,3;Nominal;D;0,32;0,55
2026-08-10 13:11;9,78726;-75,04491;VIIRS-Suomi-NPP;61,2;27,5;9,8;Nominal;D;0,57;0,43
2026-08-10 13:11;2,85484;-76,86089;VIIRS-Suomi-NPP;65,2;29,6;4,2;Nominal;D;0,32;0,55
2026-08-10 13:11;3,55192;-72,5385;VIIRS-Suomi-NPP;67,0;28,8;30,9;Nominal;D;0,5;0,41
2026-08-10 13:11;3,54817;-72,53793;VIIRS-Suomi-NPP;70,2;25,7;30,9;Nominal;D;0,5;0,41
2026-08-10 13:11;3,11276;-75,22224;VIIRS-Suomi-NPP;69,5;32,6;8,1;Nominal;D;0,49;0,49
2026-08-10 13:11;3,5423;-72,55079;VIIRS-Suomi-NPP;81,6;27,1;17,6;Nominal;D;0,5;0,41
2026-08-10 13:11;3,54443;-72,53737;VIIRS-Suomi-NPP;74,0;24,1;20,3;Nominal;D;0,5;0,41
2026-08-10 13:11;3,54068;-72,5368;VIIRS-Suomi-NPP;68,1;27,2;20,3;Nominal;D;0,5;0,41
2026-08-10 13:11;2,91072;-76,36718;VIIRS-Suomi-NPP;70,5;30,2;18,2;Nominal;D;0,59;0,53
2026-08-10 13:11;3,83785;-70,58153;VIIRS-Suomi-NPP;60,9;25,8;4,7;Nominal;D;0,41;0,37
2026-08-10 13:11;2,91678;-76,27049;VIIRS-Suomi-NPP;57,5;26,2;4,6;Nominal;D;0,58;0,52
2026-08-10 13:11;3,41542;-73,22153;VIIRS-Suomi-NPP;74,2;21,4;15,9;Nominal;D;0,54;0,42
2026-08-10 13:11;3,52569;-72,53453;VIIRS-Suomi-NPP;60,0;22,4;5,0;Nominal;D;0,5;0,41
2026-08-10 13:11;9,70273;-75,32755;VIIRS-Suomi-NPP;66,7;19,0;3,7;Nominal;D;0,39;0,44
2026-08-10 13:11;3,5264;-72,53007;VIIRS-Suomi-NPP;64,2;26,3;8,7;Nominal;D;0,5;0,41
2026-08-10 13:11;9,73888;-75,01669;VIIRS-Suomi-NPP;57,8;23,5;3,0;Nominal;D;0,57;0,43
2026-08-10 13:11;3,07538;-75,22578;VIIRS-Suomi-NPP;74,5;33,2;7,4;Nominal;D;0,49;0,49
2026-08-10 13:11;3,0783;-75,22279;VIIRS-Suomi-NPP;64,1;32,8;4,3;Nominal;D;0,49;0,49
2026-08-10 13:11;3,0731;-75,2266;VIIRS-Suomi-NPP;59,5;30,9;4,3;Baja;D;0,49;0,49
2026-08-10 13:11;9,69041;-75,15659;VIIRS-Suomi-NPP;72,5;21,5;3,7;Nominal;D;0,39;0,44
2026-08-10 13:11;9,66831;-75,26109;VIIRS-Suomi-NPP;59,2;18,5;11,9;Nominal;D;0,39;0,44
2026-08-10 13:11;9,66891;-75,25761;VIIRS-Suomi-NPP;69,9;23,7;11,9;Nominal;D;0,39;0,44
2026-08-10 13:11;9,87231;-74,03777;VIIRS-Suomi-NPP;65,1;31,3;3,2;Nominal;D;0,5;0,41
2026-08-10 13:11;9,64548;-75,32088;VIIRS-Suomi-NPP;68,7;18,4;7,2;Nominal;D;0,39;0,44
2026-08-10 13:11;9,64611;-75,32028;VIIRS-Suomi-NPP;67,6;18,5;7,3;Nominal;D;0,4;0,44
2026-08-10 13:11;9,60258;-75,38069;VIIRS-Suomi-NPP;68,4;17,3;10,2;Nominal;D;0,4;0,44
2026-08-10 13:11;9,59851;-75,38;VIIRS-Suomi-NPP;64,7;16,9;2,1;Nominal;D;0,4;0,44
2026-08-10 13:11;9,59326;-75,28755;VIIRS-Suomi-NPP;68,5;21,1;4,9;Nominal;D;0,39;0,44
2026-08-10 13:11;9,59389;-75,28378;VIIRS-Suomi-NPP;58,6;19,3;4,1;Nominal;D;0,39;0,44
2026-08-10 13:11;9,57277;-75,3589;VIIRS-Suomi-NPP;81,5;18,7;9,7;Nominal;D;0,4;0,44
2026-08-10 13:11;9,92702;-73,16798;VIIRS-Suomi-NPP;67,2;31,9;6,2;Nominal;D;0,45;0,39
2026-08-10 13:11;9,38157;-73,39578;VIIRS-Suomi-NPP;70,1;35,7;8,2;Nominal;D;0,47;0,4
2026-08-10 13:11;9,38226;-73,3915;VIIRS-Suomi-NPP;75,4;35,5;14,8;Nominal;D;0,47;0,4
2026-08-10 13:11;9,36732;-73,43742;VIIRS-Suomi-NPP;63,8;30,7;7,0;Baja;D;0,47;0,4
2026-08-10 13:11;9,36804;-73,43297;VIIRS-Suomi-NPP;75,9;35,8;15,3;Nominal;D;0,47;0,4
2026-08-10 13:11;9,36437;-73,43253;VIIRS-Suomi-NPP;68,2;30,8;6,5;Nominal;D;0,47;0,4
2026-08-10 13:11;9,3651;-73,42805;VIIRS-Suomi-NPP;78,2;32,7;6,5;Nominal;D;0,47;0,4
2026-08-10 13:11;9,36932;-73,4022;VIIRS-Suomi-NPP;62,0;30,7;6,3;Baja;D;0,47;0,4
2026-08-10 13:11;9,36143;-73,42765;VIIRS-Suomi-NPP;64,5;30,2;6,5;Baja;D;0,47;0,4
2026-08-10 13:11;9,36215;-73,42322;VIIRS-Suomi-NPP;79,2;34,9;27,1;Nominal;D;0,47;0,4
2026-08-10 13:11;9,36502;-73,40565;VIIRS-Suomi-NPP;83,0;33,6;6,3;Nominal;D;0,47;0,4
2026-08-10 13:11;9,36635;-73,3975;VIIRS-Suomi-NPP;69,3;36,1;12,2;Baja;D;0,47;0,4
2026-08-10 13:11;9,3585;-73,42269;VIIRS-Suomi-NPP;65,7;29,8;12,1;Baja;D;0,47;0,4
2026-08-10 13:11;9,35924;-73,41814;VIIRS-Suomi-NPP;78,9;34,2;12,1;Nominal;D;0,47;0,4
2026-08-10 13:11;9,35557;-73,41772;VIIRS-Suomi-NPP;69,8;30,3;12,1;Nominal;D;0,47;0,4
2026-08-10 13:11;9,35838;-73,40054;VIIRS-Suomi-NPP;62,7;31,5;9,3;Baja;D;0,47;0,4
2026-08-10 13:11;9,35266;-73,41266;VIIRS-Suomi-NPP;75,3;32,5;7,5;Nominal;D;0,47;0,4
2026-08-10 13:11;9,35335;-73,40841;VIIRS-Suomi-NPP;61,1;30,5;7,5;Baja;D;0,47;0,4
2026-08-10 13:11;9,3518;-73,39513;VIIRS-Suomi-NPP;59,6;32,1;4,5;Baja;D;0,47;0,4
2026-08-10 13:11;9,35605;-73,36921;VIIRS-Suomi-NPP;67,9;32,8;9,3;Baja;D;0,47;0,39
2026-08-10 13:11;9,35675;-73,36494;VIIRS-Suomi-NPP;63,8;33,4;9,3;Baja;D;0,47;0,39
2026-08-10 13:11;9,35242;-73,36856;VIIRS-Suomi-NPP;62,0;34,2;15,0;Baja;D;0,47;0,39
2026-08-10 13:11;9,17884;-74,11844;VIIRS-Suomi-NPP;61,2;29,2;2,3;Nominal;D;0,51;0,41
2026-08-10 13:11;9,39336;-73,41521;VIIRS-Suomi-NPP;82,2;39,9;58,0;Nominal;D;0,47;0,4
2026-08-10 13:11;9,28169;-73,41486;VIIRS-Suomi-NPP;57,7;28,2;3,9;Nominal;D;0,47;0,4
2026-08-10 13:11;9,15934;-73,93045;VIIRS-Suomi-NPP;59,0;30,4;2,1;Baja;D;0,5;0,41
2026-08-10 13:11;9,13036;-74,0817;VIIRS-Suomi-NPP;57,7;23,5;2,4;Nominal;D;0,51;0,41
2026-08-10 13:11;9,13113;-74,07706;VIIRS-Suomi-NPP;60,2;24,5;2,4;Nominal;D;0,51;0,41
2026-08-10 13:11;9,17124;-73,74299;VIIRS-Suomi-NPP;72,8;26,7;8,4;Nominal;D;0,49;0,4
2026-08-10 13:11;9,05016;-74,09872;VIIRS-Suomi-NPP;74,1;28,7;8,9;Nominal;D;0,51;0,41
2026-08-10 13:11;9,03877;-74,09682;VIIRS-Suomi-NPP;64,6;29,3;6,2;Nominal;D;0,51;0,41
2026-08-10 13:11;8,99743;-74,2989;VIIRS-Suomi-NPP;62,8;28,7;5,1;Nominal;D;0,53;0,42
2026-08-10 13:11;8,97368;-73,97804;VIIRS-Suomi-NPP;68,1;23,1;5,7;Nominal;D;0,51;0,41
2026-08-10 13:11;8,9699;-73,97742;VIIRS-Suomi-NPP;70,8;23,7;5,7;Nominal;D;0,51;0,41
2026-08-10 13:11;8,87019;-74,53535;VIIRS-Suomi-NPP;58,9;25,8;4,1;Nominal;D;0,55;0,42
2026-08-10 13:11;8,95782;-73,98016;VIIRS-Suomi-NPP;57,0;19,3;2,7;Nominal;D;0,51;0,41
2026-08-10 13:11;8,97056;-73,8322;VIIRS-Suomi-NPP;61,1;12,9;3,7;Nominal;D;0,5;0,41
2026-08-10 13:11;8,96681;-73,83159;VIIRS-Suomi-NPP;65,3;12,8;4,9;Nominal;D;0,5;0,41
2026-08-10 13:11;8,96307;-73,83097;VIIRS-Suomi-NPP;61,6;12,0;4,9;Nominal;D;0,5;0,41
2026-08-10 13:11;8,82805;-74,5232;VIIRS-Suomi-NPP;64,6;26,8;3,7;Nominal;D;0,55;0,42
2026-08-10 13:11;8,82888;-74,51825;VIIRS-Suomi-NPP;62,3;29,5;7,0;Nominal;D;0,55;0,42
2026-08-10 13:11;8,90565;-73,99047;VIIRS-Suomi-NPP;60,7;21,6;5,2;Nominal;D;0,51;0,41
2026-08-10 13:11;8,82211;-74,36295;VIIRS-Suomi-NPP;74,7;30,3;24,7;Nominal;D;0,53;0,42
2026-08-10 13:11;8,85095;-73,40175;VIIRS-Suomi-NPP;68,2;21,0;14,6;Nominal;D;0,48;0,4
2026-08-10 13:11;8,72609;-74,09766;VIIRS-Suomi-NPP;67,3;24,5;9,1;Nominal;D;0,52;0,41
2026-08-10 13:11;8,67687;-74,06397;VIIRS-Suomi-NPP;67,0;18,9;20,1;Nominal;D;0,52;0,41
2026-08-10 13:11;8,67099;-74,05247;VIIRS-Suomi-NPP;61,8;21,5;12,8;Nominal;D;0,52;0,41
2026-08-10 13:11;8,67152;-74,05533;VIIRS-Suomi-NPP;71,3;19,5;9,7;Nominal;D;0,52;0,41
2026-08-10 13:11;8,73276;-73,36917;VIIRS-Suomi-NPP;72,1;24,1;5,6;Nominal;D;0,47;0,4
2026-08-10 13:11;8,63999;-73,91412;VIIRS-Suomi-NPP;57,2;21,7;3,4;Nominal;D;0,51;0,41
2026-08-10 13:11;8,72905;-73,36885;VIIRS-Suomi-NPP;59,6;29,0;5,6;Nominal;D;0,47;0,4
2026-08-10 13:11;8,76643;-73,11555;VIIRS-Suomi-NPP;68,1;27,1;15,6;Baja;D;0,46;0,39
2026-08-10 13:11;8,65206;-73,43375;VIIRS-Suomi-NPP;73,7;34,6;26,2;Baja;D;0,48;0,4
2026-08-10 13:11;8,65899;-73,36697;VIIRS-Suomi-NPP;79,3;30,4;10,6;Nominal;D;0,48;0,4
2026-08-10 13:11;8,39645;-74,17574;VIIRS-Suomi-NPP;82,5;23,4;27,1;Nominal;D;0,53;0,42
2026-08-10 13:11;8,49975;-73,47144;VIIRS-Suomi-NPP;61,1;24,8;3,0;Nominal;D;0,48;0,4
2026-08-10 13:11;8,3395;-73,19404;VIIRS-Suomi-NPP;74,0;20,9;8,8;Nominal;D;0,47;0,4
2026-08-10 13:11;8,33586;-73,19347;VIIRS-Suomi-NPP;72,6;22,0;7,8;Nominal;D;0,47;0,4
2026-08-10 13:11;8,28891;-72,9752;VIIRS-Suomi-NPP;66,5;15,6;7,4;Nominal;D;0,46;0,39
2026-08-10 13:11;8,09773;-74,14082;VIIRS-Suomi-NPP;58,2;12,4;3,0;Nominal;D;0,53;0,42
2026-08-10 13:11;8,25644;-72,38318;VIIRS-Suomi-NPP;62,4;28,1;6,4;Baja;D;0,43;0,38
2026-08-10 13:11;8,16971;-72,85799;VIIRS-Suomi-NPP;77,6;21,7;40,1;Nominal;D;0,46;0,39
2026-08-10 13:11;8,20515;-72,50073;VIIRS-Suomi-NPP;59,2;26,0;2,6;Baja;D;0,44;0,38
2026-08-10 13:11;8,19102;-72,49844;VIIRS-Suomi-NPP;66,5;26,2;6,4;Nominal;D;0,44;0,38
2026-08-10 13:11;7,9183;-73,76915;VIIRS-Suomi-NPP;58,4;19,0;3,3;Nominal;D;0,51;0,41
2026-08-10 13:11;7,91452;-73,76853;VIIRS-Suomi-NPP;61,5;19,4;3,3;Nominal;D;0,51;0,41
2026-08-10 13:11;7,90089;-73,78054;VIIRS-Suomi-NPP;69,1;21,8;16,2;Nominal;D;0,51;0,41
2026-08-10 13:11;7,79542;-74,373;VIIRS-Suomi-NPP;57,6;19,6;7,3;Nominal;D;0,55;0,43
2026-08-10 13:11;7,87063;-73,75185;VIIRS-Suomi-NPP;58,2;23,2;4,2;Nominal;D;0,51;0,41
2026-08-10 13:11;7,86076;-73,76447;VIIRS-Suomi-NPP;74,3;24,8;13,4;Nominal;D;0,51;0,41
2026-08-10 13:11;7,86152;-73,75986;VIIRS-Suomi-NPP;61,1;21,1;8,7;Nominal;D;0,51;0,41
2026-08-10 13:11;7,90173;-73,1777;VIIRS-Suomi-NPP;63,7;28,0;8,7;Nominal;D;0,48;0,4
2026-08-10 13:11;7,95147;-72,48887;VIIRS-Suomi-NPP;63,2;35,1;3,1;Baja;D;0,44;0,38
2026-08-10 13:11;7,52126;-74,64674;VIIRS-Suomi-NPP;73,5;30,6;7,3;Nominal;D;0,39;0,44
2026-08-10 13:11;7,803;-72,84486;VIIRS-Suomi-NPP;71,6;24,6;10,3;Nominal;D;0,46;0,39
2026-08-10 13:11;7,44913;-74,65205;VIIRS-Suomi-NPP;61,5;29,7;4,0;Nominal;D;0,39;0,44
2026-08-10 13:11;7,42666;-74,63805;VIIRS-Suomi-NPP;60,1;28,7;2,6;Nominal;D;0,39;0,44
2026-08-10 13:11;7,38206;-74,42917;VIIRS-Suomi-NPP;67,5;24,3;6,7;Nominal;D;0,57;0,43
2026-08-10 13:11;7,31378;-74,545;VIIRS-Suomi-NPP;77,7;28,7;8,8;Nominal;D;0,38;0,43
2026-08-10 13:11;7,30978;-74,54432;VIIRS-Suomi-NPP;24,9;33,1;36,0;Baja;D;0,38;0,43
2026-08-10 13:11;7,31037;-74,54079;VIIRS-Suomi-NPP;68,2;27,2;36,4;Nominal;D;0,38;0,43
2026-08-10 13:11;7,33023;-74,1566;VIIRS-Suomi-NPP;60,4;23,4;7,3;Nominal;D;0,55;0,42
2026-08-10 13:11;7,21509;-74,63522;VIIRS-Suomi-NPP;64,3;30,2;2,5;Nominal;D;0,39;0,44
2026-08-10 13:11;9,54749;-75,33555;VIIRS-Suomi-NPP;74,8;20,5;6,1;Nominal;D;0,4;0,44
2026-08-10 13:11;9,53798;-75,3421;VIIRS-Suomi-NPP;70,6;22,6;5,4;Nominal;D;0,4;0,44
2026-08-10 13:11;9,62248;-74,78021;VIIRS-Suomi-NPP;73,4;20,7;8,8;Nominal;D;0,55;0,43
2026-08-10 13:11;9,90405;-73,13763;VIIRS-Suomi-NPP;60,7;30,5;6,5;Baja;D;0,45;0,39
2026-08-10 13:11;9,53839;-75,34174;VIIRS-Suomi-NPP;68,9;22,6;5,3;Nominal;D;0,4;0,44
2026-08-10 13:11;9,62247;-74,78269;VIIRS-Suomi-NPP;61,4;19,6;10,3;Nominal;D;0,55;0,43
2026-08-10 13:11;9,53652;-75,10389;VIIRS-Suomi-NPP;81,9;19,8;6,6;Nominal;D;0,38;0,44
2026-08-10 13:11;9,5782;-74,73402;VIIRS-Suomi-NPP;57,6;22,5;4,6;Nominal;D;0,55;0,43
2026-08-10 13:11;9,48236;-75,27744;VIIRS-Suomi-NPP;57,1;20,8;2,6;Nominal;D;0,39;0,44
2026-08-10 13:11;9,67013;-73,99751;VIIRS-Suomi-NPP;62,9;30,2;5,0;Nominal;D;0,5;0,41
2026-08-10 13:11;9,48749;-74,97224;VIIRS-Suomi-NPP;59,6;18,4;2,3;Nominal;D;0,57;0,43
2026-08-10 13:11;9,6418;-73,77004;VIIRS-Suomi-NPP;70,5;34,0;7,6;Nominal;D;0,48;0,4
2026-08-10 13:11;9,64252;-73,76563;VIIRS-Suomi-NPP;67,6;34,3;7,6;Baja;D;0,48;0,4
2026-08-10 13:11;9,64597;-73,4025;VIIRS-Suomi-NPP;66,1;38,2;9,3;Baja;D;0,46;0,39
2026-08-10 13:11;9,64532;-73,40327;VIIRS-Suomi-NPP;67,4;37,8;6,8;Baja;D;0,47;0,39
2026-08-10 13:11;9,64166;-73,33329;VIIRS-Suomi-NPP;68,4;41,2;5,7;Baja;D;0,46;0,39
2026-08-10 13:11;9,47661;-74,1384;VIIRS-Suomi-NPP;59,5;33,9;4,1;Baja;D;0,51;0,41
2026-08-10 13:11;9,47737;-74,13379;VIIRS-Suomi-NPP;66,4;33,6;3,8;Nominal;D;0,51;0,41
2026-08-10 13:11;9,36152;-74,68754;VIIRS-Suomi-NPP;56,9;24,5;3,9;Nominal;D;0,55;0,43
2026-08-10 13:11;9,51604;-73,53642;VIIRS-Suomi-NPP;65,0;34,3;2,3;Nominal;D;0,47;0,4
2026-08-10 13:11;9,47132;-73,74416;VIIRS-Suomi-NPP;62,9;27,9;9,7;Nominal;D;0,49;0,4
2026-08-10 13:11;9,4004;-73,80531;VIIRS-Suomi-NPP;61,9;33,8;3,0;Baja;D;0,49;0,4
2026-08-10 13:11;9,39668;-73,8047;VIIRS-Suomi-NPP;73,2;35,9;9,0;Nominal;D;0,49;0,4
2026-08-10 13:11;9,3956;-73,6279;VIIRS-Suomi-NPP;66,8;34,0;8,8;Baja;D;0,48;0,4
2026-08-10 13:11;9,39285;-73,62847;VIIRS-Suomi-NPP;69,2;36,1;4,7;Baja;D;0,48;0,4
2026-08-10 13:11;9,40061;-73,41658;VIIRS-Suomi-NPP;83,0;35,7;69,8;Nominal;D;0,47;0,4
2026-08-10 13:11;9,39491;-73,42877;VIIRS-Suomi-NPP;61,8;33,7;3,9;Baja;D;0,47;0,4
2026-08-10 13:11;9,3956;-73,42446;VIIRS-Suomi-NPP;61,6;34,2;3,9;Baja;D;0,47;0,4
2026-08-10 13:11;9,39767;-73,41168;VIIRS-Suomi-NPP;74,1;39,2;29,2;Nominal;D;0,47;0,4
2026-08-10 13:11;9,39698;-73,41592;VIIRS-Suomi-NPP;93,9;63,6;58,0;Alta;D;0,47;0,4
2026-08-10 13:11;9,39058;-73,43243;VIIRS-Suomi-NPP;81,7;36,1;11,7;Nominal;D;0,47;0,4
2026-08-10 13:11;9,39128;-73,42807;VIIRS-Suomi-NPP;64,8;36,3;3,9;Baja;D;0,47;0,4
2026-08-10 13:11;9,39267;-73,41946;VIIRS-Suomi-NPP;67,4;37,9;58,0;Nominal;D;0,47;0,4
2026-08-10 13:11;3,49176;-75,45441;VIIRS-Suomi-NPP;80,7;37,8;10,2;Nominal;D;0,5;0,49
2026-08-10 13:11;10,27718;-74,3922;VIIRS-Suomi-NPP;73,5;30,0;11,4;Nominal;D;0,51;0,41
2026-08-10 13:11;3,49111;-75,4584;VIIRS-Suomi-NPP;72,2;37,8;10,2;Nominal;D;0,5;0,49
2026-08-10 13:11;3,49046;-75,46234;VIIRS-Suomi-NPP;69,3;32,5;21,2;Nominal;D;0,5;0,49
2026-08-10 13:11;10,33732;-74,24036;VIIRS-Suomi-NPP;72,8;30,8;15,4;Nominal;D;0,5;0,41
2026-08-10 13:11;10,21764;-75,03448;VIIRS-Suomi-NPP;64,4;28,8;5,1;Nominal;D;0,56;0,43
2026-08-10 13:13;11,18247;-73,08469;VIIRS-Suomi-NPP;68,7;26,8;5,5;Nominal;D;0,43;0,38
2026-08-10 13:13;11,26877;-72,93295;VIIRS-Suomi-NPP;63,3;33,5;3,0;Baja;D;0,43;0,38
2026-08-10 13:13;11,18586;-72,99654;VIIRS-Suomi-NPP;62,5;32,5;4,1;Baja;D;0,43;0,38
2026-08-10 13:13;11,26814;-72,93685;VIIRS-Suomi-NPP;63,8;32,5;3,1;Nominal;D;0,43;0,38
2026-08-10 13:13;11,22172;-72,9743;VIIRS-Suomi-NPP;66,6;34,7;4,0;Nominal;D;0,43;0,38
2026-08-10 20:34;3,99572;-75,30196;MODIS-Terra;36,7;22,5;7,1;79 %;N;1,11;1,05
2026-08-10 20:34;3,88919;-75,20284;MODIS-Terra;45,9;25,4;14,0;98 %;N;1,1;1,05
2026-08-10 20:34;3,86908;-75,27881;MODIS-Terra;38,9;24,3;7,9;84 %;N;1,11;1,05
2026-08-10 20:34;3,87866;-75,21111;MODIS-Terra;36,8;24,7;5,6;79 %;N;1,1;1,05
2026-08-10 20:34;3,88001;-75,20152;MODIS-Terra;41,5;25,0;9,9;90 %;N;1,1;1,05
2026-08-10 20:34;3,82941;-75,3071;MODIS-Terra;37,0;22,9;6,7;79 %;N;1,12;1,05
2026-08-10 20:34;3,66922;-76,38633;MODIS-Terra;31,4;19,6;7,5;60 %;N;1,29;1,13
2026-08-10 20:34;3,6708;-76,3751;MODIS-Terra;43,6;19,7;20,6;94 %;N;1,29;1,13
2026-08-10 20:34;3,81096;-75,30431;MODIS-Terra;40,0;24,2;9,4;86 %;N;1,12;1,05
2026-08-10 20:34;3,37571;-76,22296;MODIS-Terra;32,2;20,2;8,0;64 %;N;1,27;1,12
2026-08-10 20:34;2,17326;-76,975;MODIS-Terra;42,2;21,0;21,2;91 %;N;1,48;1,2
2026-08-10 20:34;5,19723;-74,81898;MODIS-Terra;45,8;25,4;12,7;98 %;N;1,04;1,02
2026-08-10 20:34;4,90645;-74,78739;MODIS-Terra;36,3;26,3;4,6;58 %;N;1,05;1,02
2026-08-10 20:34;4,83218;-75,12166;MODIS-Terra;31,8;13,0;8,7;62 %;N;1,08;1,04
2026-08-10 20:34;4,56061;-75,02087;MODIS-Terra;36,8;24,6;6,0;74 %;N;1,07;1,03
2026-08-10 20:34;4,5619;-75,01167;MODIS-Terra;48,7;24,8;17,0;100 %;N;1,07;1,03
2026-08-10 20:34;4,38159;-74,9165;MODIS-Terra;55,5;25,1;25,9;100 %;N;1,07;1,03
2026-08-10 20:34;4,38282;-74,90768;MODIS-Terra;49,5;25,3;17,9;100 %;N;1,06;1,03
2026-08-10 20:34;4,37256;-74,91526;MODIS-Terra;39,3;24,8;8,6;85 %;N;1,07;1,03
2026-08-10 20:34;4,08444;-76,21748;MODIS-Terra;34,2;20,4;8,4;71 %;N;1,24;1,11
2026-08-10 20:34;4,08601;-76,20666;MODIS-Terra;32,1;21,5;6,6;63 %;N;1,24;1,11
2026-08-10 20:34;4,08218;-76,21133;MODIS-Terra;40,3;21,1;13,8;87 %;N;1,24;1,11
2026-08-10 20:34;4,13988;-75,25534;MODIS-Terra;37,2;19,6;8,4;54 %;N;1,1;1,05
2026-08-10 20:34;4,12376;-75,24604;MODIS-Terra;48,5;20,8;19,7;100 %;N;1,1;1,05
2026-08-10 20:34;4,12645;-75,0924;MODIS-Terra;37,5;23,8;6,3;81 %;N;1,09;1,04
2026-08-10 20:34;4,12776;-75,08299;MODIS-Terra;35,2;23,2;4,3;74 %;N;1,09;1,04
2026-08-10 20:34;4,11864;-75,08172;MODIS-Terra;64,5;26,0;39,4;100 %;N;1,09;1,04
2026-08-10 20:34;4,11997;-75,07224;MODIS-Terra;93,0;28,3;111,7;100 %;N;1,09;1,04
2026-08-10 20:34;4,0936;-75,19422;MODIS-Terra;65,9;24,7;43,0;100 %;N;1,1;1,05
2026-08-10 20:34;4,10953;-75,08046;MODIS-Terra;51,4;25,9;19,5;100 %;N;1,09;1,04
2026-08-10 20:34;4,11085;-75,07103;MODIS-Terra;42,7;25,4;9,8;92 %;N;1,09;1,04
2026-08-10 20:34;4,0845;-75,19258;MODIS-Terra;36,8;22,5;5,1;16 %;N;1,1;1,05
2026-08-10 20:34;4,0542;-75,20853;MODIS-Terra;61,9;24,0;34,6;100 %;N;1,1;1,05
2026-08-10 20:34;4,05557;-75,19884;MODIS-Terra;63,8;24,5;38,1;100 %;N;1,1;1,05
2026-08-10 20:34;4,04229;-75,2265;MODIS-Terra;51,3;25,1;20,1;100 %;N;1,1;1,05
2026-08-10 20:34;2,17513;-76,96184;MODIS-Terra;60,0;22,0;56,4;100 %;N;1,48;1,2
2026-08-10 20:34;2,16268;-76,97382;MODIS-Terra;39,1;21,1;16,6;84 %;N;1,48;1,2
2026-08-10 20:34;2,16464;-76,96019;MODIS-Terra;47,1;21,6;29,2;100 %;N;1,48;1,2
2026-08-10 20:34;2,0597;-77,20403;MODIS-Terra;33,1;18,4;12,1;61 %;N;1,55;1,23
2026-08-10 20:34;1,6746;-77,40289;MODIS-Terra;34,5;15,8;15,5;60 %;N;1,63;1,26
2026-08-10 20:34;1,47936;-77,5654;MODIS-Terra;67,6;14,3;99,2;100 %;N;1,69;1,28
2026-08-10 20:34;1,48114;-77,5526;MODIS-Terra;29,7;13,7;11,7;34 %;N;1,68;1,28
2026-08-10 20:34;1,43556;-77,55325;MODIS-Terra;35,2;18,0;16,8;74 %;N;1,68;1,28
2026-08-10 20:34;1,43783;-77,53742;MODIS-Terra;64,2;19,1;82,5;100 %;N;1,68;1,27
2026-08-10 20:34;1,42717;-77,5326;MODIS-Terra;28,5;16,7;7,5;27 %;N;1,68;1,27
2026-08-10 20:34;1,28609;-77,63292;MODIS-Terra;33,5;14,2;19,4;69 %;N;1,72;1,29
2026-08-10 20:34;1,28785;-77,62022;MODIS-Terra;29,3;15,6;13,2;49 %;N;1,72;1,29
2026-08-10 20:34;8,61496;-73,30679;MODIS-Terra;33,8;9,0;8,6;70 %;N;1,03;1,01
2026-08-10 20:34;7,59904;-73,0544;MODIS-Terra;40,7;11,5;14,9;88 %;N;1,03;1,01
2026-08-10 20:34;7,59018;-73,05312;MODIS-Terra;27,8;11,8;6,2;35 %;N;1,03;1,01
2026-08-10 20:34;6,60764;-75,88177;MODIS-Terra;40,8;22,1;11,4;88 %;N;1,12;1,05
2026-08-10 20:34;6,60906;-75,8716;MODIS-Terra;66,3;22,4;46,7;100 %;N;1,12;1,05
2026-08-10 20:34;6,61043;-75,86185;MODIS-Terra;39,8;20,8;10,1;86 %;N;1,11;1,05
2026-08-10 20:34;6,59987;-75,87018;MODIS-Terra;41,1;21,7;11,4;89 %;N;1,12;1,05
2026-08-10 20:34;6,34822;-75,55995;MODIS-Terra;27,7;16,2;4,2;32 %;N;1,09;1,04
2026-08-10 20:34;5,34549;-74,41261;MODIS-Terra;44,4;17,4;15,7;95 %;N;1,02;1,01
2026-08-10 20:34;5,19597;-74,82809;MODIS-Terra;39,4;24,6;6,9;85 %;N;1,04;1,02
2026-08-10 20:34;4,90267;-74,8804;MODIS-Terra;37,1;22,9;7,0;80 %;N;1,05;1,02
2026-08-10 20:37;9,40164;-73,42394;MODIS-Terra;39,5;25,2;6,3;37 %;N;1,03;1,01
2026-08-10 20:37;11,17905;-73,08176;MODIS-Terra;40,2;20,3;10,1;85 %;N;1,09;1,04
2026-08-10 20:37;9,40287;-73,41482;MODIS-Terra;38,5;25,1;5,8;26 %;N;1,03;1,02
2026-08-10 20:37;9,38786;-73,45902;MODIS-Terra;43,1;25,2;9,6;92 %;N;1,03;1,01
2026-08-10 20:37;9,38908;-73,44995;MODIS-Terra;49,4;26,2;15,2;100 %;N;1,03;1,01
2026-08-10 20:37;9,3903;-73,44089;MODIS-Terra;46,1;25,5;11,6;98 %;N;1,03;1,01
2026-08-10 20:37;9,39396;-73,41364;MODIS-Terra;40,7;25,8;6,8;81 %;N;1,03;1,02
2026-08-10 20:37;9,40042;-73,43303;MODIS-Terra;44,0;25,0;10,4;85 %;N;1,03;1,01
2026-08-10 20:37;9,39519;-73,40448;MODIS-Terra;51,3;26,5;17,7;100 %;N;1,03;1,02
2026-08-10 20:37;9,39642;-73,39532;MODIS-Terra;41,8;24,9;8,7;82 %;N;1,03;1,02
2026-08-10 20:37;9,47512;-73,29148;MODIS-Terra;49,2;25,0;17,6;93 %;N;1,04;1,02
2026-08-10 20:37;9,39764;-73,3862;MODIS-Terra;36,9;24,0;5,0;43 %;N;1,03;1,02
2026-08-10 20:37;9,54265;-73,26329;MODIS-Terra;38,6;24,9;5,9;83 %;N;1,04;1,02
2026-08-10 20:37;9,37896;-73,45782;MODIS-Terra;40,7;25,5;7,0;58 %;N;1,03;1,01
2026-08-10 20:37;9,3814;-73,43966;MODIS-Terra;41,1;24,8;6,1;89 %;N;1,03;1,01
2026-08-10 20:37;10,4427;-75,12148;MODIS-Terra;33,7;20,1;4,3;63 %;N;1,01;1,0
2026-08-10 20:37;9,3875;-73,39413;MODIS-Terra;55,1;26,3;22,1;100 %;N;1,03;1,02
2026-08-10 20:37;9,38872;-73,38504;MODIS-Terra;58,5;26,2;27,0;100 %;N;1,03;1,02
2026-08-10 20:37;9,56561;-73,44048;MODIS-Terra;87,1;30,1;84,8;100 %;N;1,03;1,02
2026-08-10 20:37;9,37129;-73,44751;MODIS-Terra;39,1;24,7;5,4;74 %;N;1,03;1,01
2026-08-10 20:37;9,57574;-73,43259;MODIS-Terra;66,2;27,4;37,9;100 %;N;1,03;1,02
2026-08-10 20:37;9,36238;-73,44638;MODIS-Terra;42,6;25,2;8,3;92 %;N;1,03;1,01
2026-08-10 20:37;9,36361;-73,43717;MODIS-Terra;38,6;24,6;5,0;71 %;N;1,03;1,01
2026-08-10 20:37;9,57084;-73,46912;MODIS-Terra;41,4;25,9;7,1;89 %;N;1,03;1,01
2026-08-10 20:37;9,5684;-73,48725;MODIS-Terra;53,6;25,4;19,4;100 %;N;1,03;1,01
2026-08-10 20:37;9,35764;-73,40239;MODIS-Terra;41,2;25,5;6,6;88 %;N;1,03;1,02
2026-08-10 20:37;9,29163;-73,42139;MODIS-Terra;50,7;24,3;17,1;100 %;N;1,03;1,01
2026-08-10 20:37;9,57851;-73,47943;MODIS-Terra;41,6;24,3;7,0;89 %;N;1,03;1,01
2026-08-10 20:37;9,29286;-73,41222;MODIS-Terra;36,6;23,4;4,5;47 %;N;1,03;1,01
2026-08-10 20:37;9,57729;-73,48849;MODIS-Terra;39,4;24,9;5,1;80 %;N;1,03;1,01
2026-08-10 20:37;9,27306;-73,49224;MODIS-Terra;38,5;24,0;6,0;82 %;N;1,03;1,01
2026-08-10 20:37;11,17779;-73,09141;MODIS-Terra;44,1;21,2;13,4;94 %;N;1,09;1,04
2026-08-10 20:37;9,27426;-73,48331;MODIS-Terra;38,5;24,3;5,9;82 %;N;1,03;1,01
2026-08-10 20:37;9,65067;-73,56036;MODIS-Terra;38,1;18,6;7,1;81 %;N;1,03;1,01
2026-08-10 20:37;9,64945;-73,56944;MODIS-Terra;40,4;19,5;9,1;87 %;N;1,03;1,01
