Fecha (UTC-5);Lat;Lon;Fuente;Temperatura (C);Temperatura Alt* (C);Radiación térmica (MW);Confianza;Captura (Dia-Noche);Scan - real pixel size (km);Track - real pixel size (km)
2026-08-12 00:53;1,38232;-77,4929;VIIRS-NOAA-21;39,3;14,1;2,6;Nominal;N;0,48;0,65
2026-08-12 00:53;1,44535;-77,54749;VIIRS-NOAA-21;33,6;14,2;2,3;Nominal;N;0,49;0,65
2026-08-12 00:53;1,44726;-77,55979;VIIRS-NOAA-21;25,3;12,6;5,4;Nominal;N;0,49;0,65
2026-08-12 00:53;1,44827;-77,56632;VIIRS-NOAA-21;30,2;12,0;3,0;Nominal;N;0,49;0,65
2026-08-12 00:53;1,44624;-77,55326;VIIRS-NOAA-21;57,7;15,2;7,9;Nominal;N;0,49;0,65
2026-08-12 00:53;1,44672;-77,55635;VIIRS-NOAA-21;59,2;14,2;5,4;Nominal;N;0,49;0,65
2026-08-12 00:53;1,45165;-77,54893;VIIRS-NOAA-21;41,0;14,3;4,8;Nominal;N;0,49;0,65
2026-08-12 00:53;1,44777;-77,56313;VIIRS-NOAA-21;53,7;12,9;3,0;Nominal;N;0,49;0,65
2026-08-12 00:53;1,45225;-77,55277;VIIRS-NOAA-21;31,3;14,3;4,8;Nominal;N;0,49;0,65
2026-08-12 00:53;1,45284;-77,55652;VIIRS-NOAA-21;35,8;13,8;3,2;Nominal;N;0,49;0,65
2026-08-12 00:53;1,44867;-77,52983;VIIRS-NOAA-21;47,7;14,4;17,6;Nominal;N;0,49;0,65
2026-08-12 00:53;1,45106;-77,54516;VIIRS-NOAA-21;65,3;14,5;8,6;Nominal;N;0,49;0,65
2026-08-12 00:53;1,45508;-77,53195;VIIRS-NOAA-21;41,4;14,6;12,4;Nominal;N;0,49;0,65
2026-08-12 00:53;1,45403;-77,52523;VIIRS-NOAA-21;78,1;10,4;17,6;Nominal;N;0,49;0,65
2026-08-12 00:53;1,45459;-77,52883;VIIRS-NOAA-21;93,9;20,3;17,6;Alta;N;0,49;0,65
2026-08-12 00:53;1,46125;-77,53255;VIIRS-NOAA-21;42,0;14,9;17,0;Nominal;N;0,49;0,65
2026-08-12 00:53;1,46034;-77,52679;VIIRS-NOAA-21;47,4;12,0;15,2;Nominal;N;0,49;0,65
2026-08-12 00:53;1,4608;-77,52969;VIIRS-NOAA-21;93,9;18,4;17,0;Alta;N;0,49;0,65
2026-08-12 00:53;1,44383;-77,55464;VIIRS-NOAA-21;55,7;15,1;7,7;Nominal;N;0,49;0,65
2026-08-12 00:53;1,44429;-77,55776;VIIRS-NOAA-21;62,2;14,5;8,0;Nominal;N;0,49;0,65
2026-08-12 00:53;1,44979;-77,55386;VIIRS-NOAA-21;38,5;14,4;9,8;Nominal;N;0,49;0,65
2026-08-12 00:53;1,45032;-77,55737;VIIRS-NOAA-21;26,9;13,2;2,7;Nominal;N;0,49;0,65
2026-08-12 00:53;1,45084;-77,56091;VIIRS-NOAA-21;26,9;13,3;2,7;Nominal;N;0,49;0,65
2026-08-12 00:53;1,4488;-77,54721;VIIRS-NOAA-21;81,5;16,5;11,7;Nominal;N;0,49;0,65
2026-08-12 00:53;1,45132;-77,56406;VIIRS-NOAA-21;48,5;12,6;5,8;Nominal;N;0,49;0,65
2026-08-12 00:53;1,45174;-77,52613;VIIRS-NOAA-21;82,2;15,3;15,5;Nominal;N;0,49;0,65
2026-08-12 00:53;1,45235;-77,5302;VIIRS-NOAA-21;67,6;16,6;15,5;Nominal;N;0,49;0,65
2026-08-12 00:53;1,45901;-77,53416;VIIRS-NOAA-21;34,5;14,5;15,2;Nominal;N;0,49;0,65
2026-08-12 00:53;1,45766;-77,52513;VIIRS-NOAA-21;65,0;13,7;19,6;Nominal;N;0,49;0,65
2026-08-12 00:53;1,45815;-77,52837;VIIRS-NOAA-21;93,9;16,6;19,6;Alta;N;0,49;0,65
2026-08-12 00:53;1,45858;-77,53129;VIIRS-NOAA-21;93,9;18,9;15,2;Alta;N;0,49;0,65
2026-08-12 00:53;1,48368;-77,57686;VIIRS-NOAA-21;34,6;9,1;1,8;Nominal;N;0,49;0,65
2026-08-12 00:53;1,48905;-77,57205;VIIRS-NOAA-21;40,8;8,3;2,5;Nominal;N;0,49;0,65
2026-08-12 00:53;4,27839;-75,7419;VIIRS-NOAA-21;36,0;14,5;4,8;Nominal;N;0,4;0,6
2026-08-12 00:53;4,27507;-75,75758;VIIRS-NOAA-21;64,4;15,7;11,1;Nominal;N;0,41;0,6
2026-08-12 00:53;4,27468;-75,75491;VIIRS-NOAA-21;93,9;20,4;10,0;Alta;N;0,4;0,6
2026-08-12 00:53;4,27349;-75,74678;VIIRS-NOAA-21;93,9;17,7;5,8;Alta;N;0,4;0,6
2026-08-12 00:53;4,2743;-75,75227;VIIRS-NOAA-21;36,0;15,2;10,0;Nominal;N;0,4;0,6
2026-08-12 00:53;4,27391;-75,74965;VIIRS-NOAA-21;36,5;15,8;5,8;Nominal;N;0,4;0,6
2026-08-12 00:53;3,86374;-75,95245;VIIRS-NOAA-21;93,9;12,1;6,4;Alta;N;0,41;0,61
2026-08-12 00:53;3,86333;-75,94962;VIIRS-NOAA-21;27,3;9,2;6,4;Nominal;N;0,41;0,61
2026-08-12 00:53;3,86291;-75,94682;VIIRS-NOAA-21;29,3;10,0;1,8;Nominal;N;0,41;0,61
2026-08-12 00:53;3,85822;-75,9534;VIIRS-NOAA-21;59,1;8,1;8,2;Nominal;N;0,41;0,61
2026-08-12 00:53;3,85786;-75,95095;VIIRS-NOAA-21;75,9;9,7;8,4;Nominal;N;0,41;0,61
2026-08-12 00:53;10,50067;-73,28294;VIIRS-NOAA-21;30,7;15,5;4,9;Nominal;N;0,33;0,56
2026-08-12 00:53;10,19829;-74,02479;VIIRS-NOAA-21;30,3;16,7;1,0;Nominal;N;0,37;0,58
2026-08-12 00:53;10,01099;-73,47976;VIIRS-NOAA-21;34,6;18,2;1,0;Nominal;N;0,34;0,56
2026-08-12 00:53;9,73825;-73,49495;VIIRS-NOAA-21;34,8;18,7;1,7;Nominal;N;0,34;0,56
2026-08-12 00:53;9,69695;-73,53772;VIIRS-NOAA-21;36,0;18,9;1,9;Nominal;N;0,34;0,56
2026-08-12 00:53;9,56579;-73,43182;VIIRS-NOAA-21;52,5;19,4;4,2;Nominal;N;0,33;0,55
2026-08-12 00:53;9,56539;-73,42875;VIIRS-NOAA-21;41,6;19,2;6,8;Nominal;N;0,33;0,55
2026-08-12 00:53;9,5607;-73,43248;VIIRS-NOAA-21;42,7;19,3;4,2;Nominal;N;0,33;0,55
2026-08-12 00:53;9,19704;-73,65237;VIIRS-NOAA-21;34,8;15,7;4,8;Nominal;N;0,34;0,56
2026-08-12 00:53;8,83145;-73,85089;VIIRS-NOAA-21;35,3;19,2;2,4;Nominal;N;0,35;0,56
2026-08-12 00:53;8,82669;-73,85471;VIIRS-NOAA-21;38,9;17,8;2,1;Nominal;N;0,35;0,56
2026-08-12 00:53;8,63682;-72,93336;VIIRS-NOAA-21;31,8;16,7;1,1;Nominal;N;0,6;0,53
2026-08-12 00:53;8,59327;-73,53181;VIIRS-NOAA-21;36,8;20,9;3,3;Nominal;N;0,33;0,55
2026-08-12 00:53;8,59398;-73,53201;VIIRS-NOAA-21;37,1;20,7;3,7;Nominal;N;0,33;0,55
2026-08-12 00:53;8,50201;-73,3819;VIIRS-NOAA-21;28,0;13,4;;Nominal;N;0,32;0,55
2026-08-12 00:53;8,29479;-73,28826;VIIRS-NOAA-21;32,1;13,7;4,2;Nominal;N;0,62;0,54
2026-08-12 00:53;8,28971;-73,28787;VIIRS-NOAA-21;93,9;15,4;14,6;Alta;N;0,62;0,54
2026-08-12 00:53;8,28899;-73,28261;VIIRS-NOAA-21;64,9;7,1;16,8;Nominal;N;0,62;0,54
2026-08-12 00:53;8,29065;-73,29486;VIIRS-NOAA-21;31,6;12,6;14,6;Nominal;N;0,63;0,54
2026-08-12 00:53;8,20432;-72,69827;VIIRS-NOAA-21;52,2;18,2;4,7;Nominal;N;0,57;0,52
2026-08-12 00:53;8,28573;-73,29562;VIIRS-NOAA-21;28,8;11,3;14,6;Nominal;N;0,63;0,54
2026-08-12 00:53;8,2808;-73,29641;VIIRS-NOAA-21;32,3;13,1;11,4;Nominal;N;0,63;0,54
2026-08-12 00:53;8,20024;-72,70369;VIIRS-NOAA-21;34,0;17,3;1,8;Nominal;N;0,57;0,52
2026-08-12 00:53;8,19956;-72,69874;VIIRS-NOAA-21;36,7;17,9;1,8;Nominal;N;0,57;0,52
2026-08-12 00:53;8,27593;-73,29759;VIIRS-NOAA-21;66,5;17,4;11,4;Nominal;N;0,63;0,54
2026-08-12 00:53;8,27695;-73,30513;VIIRS-NOAA-21;27,2;14,1;7,9;Nominal;N;0,63;0,54
2026-08-12 00:53;8,08254;-72,59587;VIIRS-NOAA-21;37,3;19,9;6,8;Nominal;N;0,55;0,51
2026-08-12 00:53;8,03478;-72,42087;VIIRS-NOAA-21;36,9;20,2;7,5;Nominal;N;0,54;0,51
2026-08-12 00:53;8,03224;-72,57741;VIIRS-NOAA-21;39,1;19,1;7,6;Nominal;N;0,55;0,51
2026-08-12 00:53;8,03476;-72,57904;VIIRS-NOAA-21;33,5;19,0;6,8;Nominal;N;0,55;0,51
2026-08-12 00:53;7,89155;-72,56504;VIIRS-NOAA-21;34,9;18,0;4,7;Nominal;N;0,55;0,51
2026-08-12 00:53;6,80417;-74,70249;VIIRS-NOAA-21;60,6;15,8;3,1;Nominal;N;0,37;0,58
2026-08-12 00:53;6,60074;-75,88224;VIIRS-NOAA-21;54,0;17,6;3,6;Nominal;N;0,45;0,63
2026-08-12 00:53;6,33163;-75,68636;VIIRS-NOAA-21;34,6;12,5;2,5;Nominal;N;0,43;0,62
2026-08-12 00:53;6,33059;-75,67869;VIIRS-NOAA-21;31,2;12,0;2,0;Nominal;N;0,43;0,62
2026-08-12 00:53;5,16642;-69,54205;VIIRS-NOAA-21;37,9;19,7;3,7;Nominal;N;0,49;0,4
2026-08-12 00:53;5,44352;-72,45361;VIIRS-NOAA-21;30,4;16,7;1,1;Nominal;N;0,5;0,49
2026-08-12 00:53;5,86204;-75,50249;VIIRS-NOAA-21;38,7;17,4;2,8;Nominal;N;0,41;0,61
2026-08-12 00:53;5,85558;-75,49639;VIIRS-NOAA-21;93,9;19,1;12,5;Alta;N;0,41;0,61
2026-08-12 00:53;5,85652;-75,5034;VIIRS-NOAA-21;33,3;17,4;5,3;Nominal;N;0,41;0,61
2026-08-12 00:53;5,85045;-75,50023;VIIRS-NOAA-21;80,4;16,7;5,3;Nominal;N;0,41;0,61
2026-08-12 00:53;5,8512;-75,5058;VIIRS-NOAA-21;30,1;15,9;5,3;Nominal;N;0,41;0,61
2026-08-12 00:53;5,85598;-75,49718;VIIRS-NOAA-21;93,9;19,7;13,9;Alta;N;0,41;0,61
2026-08-12 00:53;5,85084;-75,50071;VIIRS-NOAA-21;81,5;17,0;4,1;Nominal;N;0,41;0,61
2026-08-12 00:53;5,8459;-75,50569;VIIRS-NOAA-21;31,2;15,8;4,1;Nominal;N;0,41;0,61
2026-08-12 00:53;5,84508;-75,50001;VIIRS-NOAA-21;36,3;14,0;4,1;Nominal;N;0,41;0,61
2026-08-12 00:53;4,51745;-72,6096;VIIRS-NOAA-21;29,8;17,5;;Nominal;N;0,49;0,49
2026-08-12 00:53;4,27941;-75,74557;VIIRS-NOAA-21;38,5;15,9;2,5;Nominal;N;0,4;0,6
2026-08-12 00:53;4,27908;-75,74657;VIIRS-NOAA-21;30,5;15,5;5,8;Nominal;N;0,4;0,6
2026-08-12 00:55;3,19658;-76,58987;VIIRS-NOAA-21;51,0;14,1;3,9;Nominal;N;0,45;0,63
2026-08-12 00:55;3,50369;-75,47276;VIIRS-NOAA-21;40,0;15,8;1,2;Nominal;N;0,38;0,58
2026-08-12 00:55;3,50409;-75,47539;VIIRS-NOAA-21;37,7;15,7;1,2;Nominal;N;0,38;0,58
2026-08-12 00:55;3,50701;-75,47107;VIIRS-NOAA-21;31,4;15,3;1,3;Nominal;N;0,38;0,58
2026-08-12 00:55;3,50737;-75,47356;VIIRS-NOAA-21;40,2;15,6;1,3;Nominal;N;0,38;0,58
2026-08-12 00:55;2,60087;-76,8233;VIIRS-NOAA-21;33,1;11,8;1,9;Nominal;N;0,45;0,63
2026-08-12 00:55;2,63164;-75,35925;VIIRS-NOAA-21;42,8;13,2;1,7;Nominal;N;0,36;0,57
2026-08-12 00:55;2,94489;-76,741;VIIRS-NOAA-21;34,2;11,5;1,6;Nominal;N;0,45;0,63
2026-08-12 00:55;2,9454;-76,74442;VIIRS-NOAA-21;23,6;10,9;1,6;Nominal;N;0,45;0,63
2026-08-12 00:55;2,95069;-76,7404;VIIRS-NOAA-21;35,0;11,6;1,6;Nominal;N;0,45;0,63
2026-08-12 00:55;2,95119;-76,74373;VIIRS-NOAA-21;27,4;11,2;1,6;Nominal;N;0,45;0,63
2026-08-12 00:55;2,94614;-76,74216;VIIRS-NOAA-21;65,9;13,1;5,8;Nominal;N;0,45;0,63
2026-08-12 00:55;3,19716;-76,59376;VIIRS-NOAA-21;30,8;14,2;3,0;Nominal;N;0,45;0,63
2026-08-12 01:46;10,31914;-75,48727;VIIRS-NOAA-20;37,8;22,3;1,3;Nominal;N;0,42;0,38
2026-08-12 01:46;11,08137;-72,68165;VIIRS-NOAA-20;35,2;20,7;5,1;Nominal;N;0,56;0,43
2026-08-12 01:46;11,03365;-72,66143;VIIRS-NOAA-20;34,8;20,8;5,2;Nominal;N;0,56;0,43
2026-08-12 01:46;11,02975;-72,66224;VIIRS-NOAA-20;41,5;20,7;5,9;Nominal;N;0,56;0,43
2026-08-12 01:46;10,97989;-72,72327;VIIRS-NOAA-20;36,0;21,7;4,0;Nominal;N;0,56;0,43
2026-08-12 01:46;10,97598;-72,72397;VIIRS-NOAA-20;41,0;22,0;4,6;Nominal;N;0,56;0,43
2026-08-12 01:46;10,50063;-74,01426;VIIRS-NOAA-20;42,2;19,3;3,0;Nominal;N;0,48;0,4
2026-08-12 01:46;10,01088;-73,48087;VIIRS-NOAA-20;38,4;21,1;1,4;Nominal;N;0,52;0,42
2026-08-12 01:46;9,76472;-73,47525;VIIRS-NOAA-20;46,0;22,3;2,3;Nominal;N;0,52;0,42
2026-08-12 01:46;9,76561;-73,47704;VIIRS-NOAA-20;36,3;21,4;1,7;Nominal;N;0,53;0,42
2026-08-12 01:46;9,76101;-73,47298;VIIRS-NOAA-20;52,3;21,6;4,4;Nominal;N;0,53;0,42
2026-08-12 01:46;9,74001;-73,51064;VIIRS-NOAA-20;38,5;21,3;2,4;Nominal;N;0,52;0,42
2026-08-12 01:46;9,73541;-73,50658;VIIRS-NOAA-20;36,4;21,3;2,0;Nominal;N;0,52;0,42
2026-08-12 01:46;9,69772;-73,53734;VIIRS-NOAA-20;37,2;20,5;1,8;Nominal;N;0,52;0,42
2026-08-12 01:46;9,69393;-73,538;VIIRS-NOAA-20;36,4;20,2;1,6;Nominal;N;0,52;0,42
2026-08-12 01:46;9,56662;-73,43066;VIIRS-NOAA-20;41,7;20,6;3,1;Nominal;N;0,53;0,42
2026-08-12 01:46;9,5628;-73,43132;VIIRS-NOAA-20;37,7;20,6;3,1;Nominal;N;0,53;0,42
2026-08-12 01:46;9,38499;-73,34123;VIIRS-NOAA-20;39,1;19,3;4,2;Nominal;N;0,54;0,42
2026-08-12 01:46;9,38115;-73,34199;VIIRS-NOAA-20;58,9;20,0;9,7;Nominal;N;0,54;0,42
2026-08-12 01:46;9,36176;-73,43672;VIIRS-NOAA-20;31,9;14,4;3,4;Nominal;N;0,53;0,42
2026-08-12 01:46;9,35794;-73,43744;VIIRS-NOAA-20;33,9;15,2;4,2;Nominal;N;0,53;0,42
2026-08-12 01:46;9,35194;-73,44842;VIIRS-NOAA-20;33,2;16,3;3,1;Nominal;N;0,53;0,42
2026-08-12 01:46;9,28001;-73,41093;VIIRS-NOAA-20;42,1;12,7;4,8;Nominal;N;0,54;0,42
2026-08-12 01:46;9,20003;-73,64923;VIIRS-NOAA-20;41,4;18,8;5,7;Nominal;N;0,52;0,42
2026-08-12 01:46;8,63844;-72,93304;VIIRS-NOAA-20;31,8;18,0;;Nominal;N;0,39;0,44
2026-08-12 01:46;8,85908;-74,54056;VIIRS-NOAA-20;58,1;20,1;6,7;Nominal;N;0,47;0,4
2026-08-12 01:46;8,85798;-74,53878;VIIRS-NOAA-20;56,8;19,7;6,7;Nominal;N;0,47;0,4
2026-08-12 01:46;8,50529;-73,37908;VIIRS-NOAA-20;36,5;14,4;1,5;Nominal;N;0,55;0,43
2026-08-12 01:46;8,37826;-73,27216;VIIRS-NOAA-20;47,6;15,6;2,3;Nominal;N;0,57;0,43
2026-08-12 01:46;8,21467;-72,70411;VIIRS-NOAA-20;36,3;18,6;1,9;Nominal;N;0,41;0,45
2026-08-12 01:46;8,2048;-72,69543;VIIRS-NOAA-20;65,6;19,5;6,7;Nominal;N;0,41;0,45
2026-08-12 01:46;8,30195;-73,27192;VIIRS-NOAA-20;26,0;13,5;1,3;Nominal;N;0,57;0,43
2026-08-12 01:46;8,30115;-73,2672;VIIRS-NOAA-20;27,9;11,0;1,0;Nominal;N;0,57;0,43
2026-08-12 01:46;8,30154;-73,29358;VIIRS-NOAA-20;24,0;12,0;;Nominal;N;0,57;0,43
2026-08-12 01:46;8,30069;-73,28852;VIIRS-NOAA-20;26,9;10,5;1,7;Nominal;N;0,57;0,43
2026-08-12 01:46;8,29977;-73,28299;VIIRS-NOAA-20;28,2;13,6;1,7;Nominal;N;0,57;0,43
2026-08-12 01:46;8,29886;-73,27762;VIIRS-NOAA-20;31,3;13,7;1,5;Nominal;N;0,57;0,43
2026-08-12 01:46;8,29803;-73,27265;VIIRS-NOAA-20;32,6;13,0;1,5;Nominal;N;0,57;0,43
2026-08-12 01:46;8,29723;-73,26791;VIIRS-NOAA-20;24,7;13,2;1,1;Nominal;N;0,57;0,43
2026-08-12 01:46;8,20072;-72,69617;VIIRS-NOAA-20;36,9;18,0;1,8;Nominal;N;0,41;0,45
2026-08-12 01:46;8,2959;-73,28403;VIIRS-NOAA-20;48,2;14,2;1,7;Nominal;N;0,57;0,43
2026-08-12 01:46;8,29761;-73,29419;VIIRS-NOAA-20;24,0;13,0;;Nominal;N;0,57;0,43
2026-08-12 01:46;8,29679;-73,28929;VIIRS-NOAA-20;40,3;11,8;1,7;Nominal;N;0,57;0,43
2026-08-12 01:46;8,295;-73,27865;VIIRS-NOAA-20;30,9;15,2;1,5;Nominal;N;0,57;0,43
2026-08-12 01:46;8,29413;-73,2735;VIIRS-NOAA-20;38,0;12,3;1,5;Nominal;N;0,57;0,43
2026-08-12 01:46;8,29331;-73,26864;VIIRS-NOAA-20;28,3;8,2;1,1;Nominal;N;0,57;0,43
2026-08-12 01:46;8,2929;-73,29021;VIIRS-NOAA-20;63,1;22,6;39,7;Nominal;N;0,57;0,43
2026-08-12 01:46;8,29206;-73,28524;VIIRS-NOAA-20;80,2;29,3;39,7;Nominal;N;0,57;0,43
2026-08-12 01:46;8,29115;-73,2798;VIIRS-NOAA-20;46,8;28,0;21,4;Nominal;N;0,57;0,43
2026-08-12 01:46;8,29025;-73,27448;VIIRS-NOAA-20;38,8;13,0;21,4;Nominal;N;0,57;0,43
2026-08-12 01:46;8,2894;-73,26942;VIIRS-NOAA-20;34,2;9,1;1,2;Nominal;N;0,57;0,43
2026-08-12 01:46;8,28901;-73,29111;VIIRS-NOAA-20;59,5;18,4;39,7;Nominal;N;0,57;0,43
2026-08-12 01:46;8,28823;-73,28645;VIIRS-NOAA-20;49,1;15,8;39,7;Nominal;N;0,57;0,43
2026-08-12 01:46;8,28731;-73,281;VIIRS-NOAA-20;45,7;12,9;21,4;Nominal;N;0,57;0,43
2026-08-12 01:46;8,28638;-73,27552;VIIRS-NOAA-20;29,6;12,2;21,4;Nominal;N;0,57;0,43
2026-08-12 01:46;8,28548;-73,2702;VIIRS-NOAA-20;31,3;9,6;1,2;Nominal;N;0,57;0,43
2026-08-12 01:46;8,2851;-73,29185;VIIRS-NOAA-20;60,5;17,0;3,1;Nominal;N;0,57;0,43
2026-08-12 01:46;8,28434;-73,28735;VIIRS-NOAA-20;38,0;13,8;3,1;Nominal;N;0,57;0,43
2026-08-12 01:46;8,28345;-73,28209;VIIRS-NOAA-20;29,9;10,1;1,0;Nominal;N;0,57;0,43
2026-08-12 01:46;8,28252;-73,27659;VIIRS-NOAA-20;24,7;11,9;1,0;Nominal;N;0,57;0,43
2026-08-12 01:46;8,28158;-73,27104;VIIRS-NOAA-20;22,6;8,1;;Nominal;N;0,57;0,43
2026-08-12 01:46;8,2819;-73,29675;VIIRS-NOAA-20;59,5;16,4;6,2;Nominal;N;0,57;0,43
2026-08-12 01:46;8,28117;-73,2925;VIIRS-NOAA-20;44,8;17,3;3,1;Nominal;N;0,57;0,43
2026-08-12 01:46;8,28044;-73,28817;VIIRS-NOAA-20;29,2;14,9;3,1;Nominal;N;0,57;0,43
2026-08-12 01:46;8,27795;-73,29732;VIIRS-NOAA-20;60,9;27,7;31,4;Nominal;N;0,57;0,43
2026-08-12 01:46;8,27868;-73,30159;VIIRS-NOAA-20;27,5;14,6;31,4;Nominal;N;0,56;0,43
2026-08-12 01:46;8,27722;-73,293;VIIRS-NOAA-20;43,0;17,1;5,7;Nominal;N;0,57;0,43
2026-08-12 01:46;8,274;-73,2978;VIIRS-NOAA-20;37,0;14,8;31,4;Nominal;N;0,57;0,43
2026-08-12 01:46;8,08051;-72,41787;VIIRS-NOAA-20;51,1;20,4;8,0;Nominal;N;0,43;0,46
2026-08-12 01:46;8,08373;-72,59736;VIIRS-NOAA-20;43,1;20,1;2,5;Nominal;N;0,42;0,45
2026-08-12 01:46;8,07613;-72,60262;VIIRS-NOAA-20;33,9;19,5;1,9;Nominal;N;0,42;0,45
2026-08-12 01:46;7,89821;-72,57006;VIIRS-NOAA-20;31,9;18,0;;Nominal;N;0,42;0,45
2026-08-12 01:46;7,89799;-72,59331;VIIRS-NOAA-20;32,2;18,2;1,7;Nominal;N;0,42;0,45
2026-08-12 01:46;7,8934;-72,56695;VIIRS-NOAA-20;35,4;18,2;1,3;Nominal;N;0,42;0,45
2026-08-12 01:46;7,88991;-72,5714;VIIRS-NOAA-20;33,1;18,1;1,3;Nominal;N;0,42;0,45
2026-08-12 01:46;7,46773;-73,27301;VIIRS-NOAA-20;34,4;17,1;2,0;Nominal;N;0,39;0,44
2026-08-12 01:48;4,14237;-75,13588;VIIRS-NOAA-20;39,5;17,0;7,4;Nominal;N;0,5;0,41
2026-08-12 01:48;4,13865;-75,13654;VIIRS-NOAA-20;69,6;23,7;7,4;Nominal;N;0,5;0,41
2026-08-12 01:48;4,13559;-75,14133;VIIRS-NOAA-20;48,2;13,5;3,4;Nominal;N;0,5;0,41
2026-08-12 01:48;5,44266;-72,45293;VIIRS-NOAA-20;31,3;15,4;;Nominal;N;0,47;0,48
2026-08-12 01:48;4,13487;-75,13686;VIIRS-NOAA-20;41,8;13,3;3,4;Nominal;N;0,5;0,41
2026-08-12 01:48;4,11087;-75,06013;VIIRS-NOAA-20;50,7;17,2;7,0;Nominal;N;0,51;0,41
2026-08-12 01:48;3,05331;-76,76261;VIIRS-NOAA-20;26,4;-3,9;;Nominal;N;0,43;0,38
2026-08-12 01:48;5,861;-75,49889;VIIRS-NOAA-20;60,7;24,8;26,2;Nominal;N;0,46;0,39
2026-08-12 01:48;2,97365;-76,65354;VIIRS-NOAA-20;55,0;10,4;2,2;Nominal;N;0,44;0,38
2026-08-12 01:48;2,94858;-76,74274;VIIRS-NOAA-20;45,4;6,0;1,9;Nominal;N;0,43;0,38
2026-08-12 01:48;2,73255;-76,84005;VIIRS-NOAA-20;53,5;12,3;3,1;Nominal;N;0,43;0,38
2026-08-12 01:48;5,8604;-75,49521;VIIRS-NOAA-20;65,5;24,4;15,6;Nominal;N;0,46;0,39
2026-08-12 01:48;2,603;-76,82274;VIIRS-NOAA-20;37,8;13,8;1,7;Nominal;N;0,43;0,38
2026-08-12 01:48;5,84573;-75,49549;VIIRS-NOAA-20;77,4;28,2;24,4;Nominal;N;0,46;0,39
2026-08-12 01:48;2,60148;-76,82216;VIIRS-NOAA-20;38,1;13,5;1,5;Nominal;N;0,43;0,38
2026-08-12 01:48;5,85751;-75,50009;VIIRS-NOAA-20;63,4;24,9;26,2;Nominal;N;0,46;0,39
2026-08-12 01:48;2,39782;-76,60966;VIIRS-NOAA-20;48,1;11,2;2,1;Nominal;N;0,45;0,39
2026-08-12 01:48;5,85692;-75,49648;VIIRS-NOAA-20;53,8;19,7;15,6;Nominal;N;0,46;0,39
2026-08-12 01:48;2,16089;-76,9649;VIIRS-NOAA-20;56,0;17,4;4,8;Nominal;N;0,43;0,38
2026-08-12 01:48;5,84632;-75,49912;VIIRS-NOAA-20;47,5;16,3;24,4;Nominal;N;0,46;0,39
2026-08-12 01:48;1,92431;-76,91142;VIIRS-NOAA-20;72,2;20,6;10,8;Nominal;N;0,44;0,38
2026-08-12 01:48;5,85283;-75,49393;VIIRS-NOAA-20;48,7;15,7;4,6;Nominal;N;0,46;0,39
2026-08-12 01:48;5,84458;-75,4884;VIIRS-NOAA-20;52,0;16,1;27,6;Nominal;N;0,46;0,39
2026-08-12 01:48;5,8487;-75,49119;VIIRS-NOAA-20;73,9;19,8;13,2;Nominal;N;0,46;0,39
2026-08-12 01:48;5,85462;-75,50491;VIIRS-NOAA-20;39,1;18,6;1,1;Nominal;N;0,46;0,39
2026-08-12 01:48;6,8038;-74,70229;VIIRS-NOAA-20;33,6;11,0;;Nominal;N;0,49;0,4
2026-08-12 01:48;5,84929;-75,49477;VIIRS-NOAA-20;63,1;22,3;4,6;Nominal;N;0,46;0,39
2026-08-12 01:48;5,84515;-75,49195;VIIRS-NOAA-20;75,1;29,2;27,6;Nominal;N;0,46;0,39
2026-08-12 01:48;5,85401;-75,50121;VIIRS-NOAA-20;33,6;17,9;1,1;Nominal;N;0,46;0,39
2026-08-12 01:48;5,0903;-75,06789;VIIRS-NOAA-20;29,8;10,0;1,3;Nominal;N;0,49;0,41
2026-08-12 01:48;5,84988;-75,4984;VIIRS-NOAA-20;51,2;15,7;4,6;Nominal;N;0,46;0,39
2026-08-12 01:48;4,27622;-75,74839;VIIRS-NOAA-20;38,4;4,2;2,3;Nominal;N;0,47;0,39
2026-08-12 01:48;5,85343;-75,49762;VIIRS-NOAA-20;30,7;17,3;4,6;Nominal;N;0,46;0,39
2026-08-12 01:48;6,33195;-75,67736;VIIRS-NOAA-20;26,5;13,9;1,1;Nominal;N;0,45;0,39
2026-08-12 01:48;4,27429;-75,74686;VIIRS-NOAA-20;47,7;11,2;2,7;Nominal;N;0,47;0,39
2026-08-12 01:48;4,13495;-75,04237;VIIRS-NOAA-20;64,4;8,6;3,5;Nominal;N;0,51;0,41
2026-08-12 01:48;4,1401;-75,07429;VIIRS-NOAA-20;44,0;19,4;4,4;Nominal;N;0,51;0,41
2026-08-12 01:48;6,33166;-75,67645;VIIRS-NOAA-20;28,0;14,1;;Nominal;N;0,45;0,39
2026-08-12 01:48;4,13569;-75,04694;VIIRS-NOAA-20;35,4;9,0;3,5;Nominal;N;0,51;0,41
2026-08-12 01:48;4,13194;-75,04755;VIIRS-NOAA-20;41,0;7,0;3,5;Nominal;N;0,51;0,41
2026-08-12 01:48;4,14306;-75,14012;VIIRS-NOAA-20;38,4;16,2;7,4;Nominal;N;0,5;0,41
2026-08-12 01:48;6,32817;-75,67725;VIIRS-NOAA-20;25,6;12,5;;Nominal;N;0,45;0,39
2026-08-12 01:50;1,48963;-77,57519;VIIRS-NOAA-20;49,4;9,2;1,8;Nominal;N;0,42;0,37
2026-08-12 01:50;1,48617;-77,57544;VIIRS-NOAA-20;29,8;9,4;1,8;Nominal;N;0,42;0,37
2026-08-12 01:50;1,4856;-77,57186;VIIRS-NOAA-20;43,9;10,2;1,8;Nominal;N;0,42;0,37
2026-08-12 01:50;1,46143;-77,53001;VIIRS-NOAA-20;26,8;12,3;1,3;Nominal;N;0,42;0,38
2026-08-12 01:50;1,45797;-77,53033;VIIRS-NOAA-20;54,0;16,6;1,3;Nominal;N;0,42;0,38
2026-08-12 01:50;1,45451;-77,53068;VIIRS-NOAA-20;53,1;13,8;4,4;Nominal;N;0,42;0,38
2026-08-12 01:50;1,45389;-77,52678;VIIRS-NOAA-20;40,6;12,4;4,4;Nominal;N;0,42;0,38
2026-08-12 01:50;1,45108;-77,53116;VIIRS-NOAA-20;64,8;18,1;4,4;Nominal;N;0,42;0,38
2026-08-12 01:50;1,45048;-77,5274;VIIRS-NOAA-20;27,4;13,7;4,4;Nominal;N;0,42;0,38
2026-08-12 01:50;1,45253;-77,56218;VIIRS-NOAA-20;67,4;18,5;10,9;Nominal;N;0,42;0,37
2026-08-12 01:50;1,45191;-77,55833;VIIRS-NOAA-20;56,7;17,5;10,9;Nominal;N;0,42;0,37
2026-08-12 01:50;1,45069;-77,55067;VIIRS-NOAA-20;51,2;18,1;4,1;Nominal;N;0,42;0,37
2026-08-12 01:50;1,44447;-77,55569;VIIRS-NOAA-20;52,5;16,3;2,5;Nominal;N;0,42;0,37
2026-08-12 01:50;1,44661;-77,54717;VIIRS-NOAA-20;63,2;17,7;8,1;Nominal;N;0,42;0,37
2026-08-12 01:50;1,44914;-77,56289;VIIRS-NOAA-20;73,2;20,2;10,9;Nominal;N;0,42;0,37
2026-08-12 01:27;11,15461;-72,54256;VIIRS-Suomi-NPP;31,8;19,6;2,2;Nominal;N;0,4;0,37
2026-08-12 01:27;11,02945;-72,66273;VIIRS-Suomi-NPP;39,6;21,7;4,7;Nominal;N;0,4;0,37
2026-08-12 01:27;10,97004;-72,72881;VIIRS-Suomi-NPP;39,0;22,3;2,2;Nominal;N;0,41;0,37
2026-08-12 01:29;10,4999;-74,01543;VIIRS-Suomi-NPP;36,4;19,7;2,5;Nominal;N;0,45;0,39
2026-08-12 01:29;3,85831;-75,95287;VIIRS-Suomi-NPP;59,3;8,0;6,2;Nominal;N;0,47;0,4
2026-08-12 01:29;3,85774;-75,94916;VIIRS-Suomi-NPP;52,9;8,6;4,0;Nominal;N;0,47;0,4
2026-08-12 01:29;3,86184;-75,95128;VIIRS-Suomi-NPP;61,3;18,7;15,5;Nominal;N;0,47;0,4
2026-08-12 01:29;3,86124;-75,94747;VIIRS-Suomi-NPP;52,4;11,0;8,6;Nominal;N;0,47;0,4
2026-08-12 01:29;3,85811;-75,95127;VIIRS-Suomi-NPP;75,0;8,9;15,5;Nominal;N;0,47;0,4
2026-08-12 01:29;4,14022;-75,03839;VIIRS-Suomi-NPP;29,5;10,6;1,9;Nominal;N;0,43;0,38
2026-08-12 01:29;4,14082;-75,04225;VIIRS-Suomi-NPP;39,1;11,2;1,9;Nominal;N;0,43;0,38
2026-08-12 01:29;4,14143;-75,04612;VIIRS-Suomi-NPP;25,4;9,4;1,6;Nominal;N;0,43;0,38
2026-08-12 01:29;4,27462;-75,75097;VIIRS-Suomi-NPP;33,0;16,3;8,1;Nominal;N;0,47;0,39
2026-08-12 01:29;4,27404;-75,74718;VIIRS-Suomi-NPP;72,4;20,2;8,1;Nominal;N;0,47;0,39
2026-08-12 01:29;4,27519;-75,75474;VIIRS-Suomi-NPP;65,8;14,0;7,8;Nominal;N;0,47;0,39
2026-08-12 01:29;4,27767;-75,74673;VIIRS-Suomi-NPP;34,4;16,8;1,7;Nominal;N;0,47;0,39
2026-08-12 01:29;4,277;-75,74227;VIIRS-Suomi-NPP;59,1;18,5;7,1;Nominal;N;0,47;0,39
2026-08-12 01:29;4,28131;-75,74631;VIIRS-Suomi-NPP;32,7;16,4;1,7;Nominal;N;0,47;0,39
2026-08-12 01:29;4,62804;-75,04475;VIIRS-Suomi-NPP;42,7;17,0;2,0;Nominal;N;0,44;0,38
2026-08-12 01:29;4,51832;-72,60957;VIIRS-Suomi-NPP;37,8;19,2;;Nominal;N;0,38;0,36
2026-08-12 01:29;5,55621;-75,40837;VIIRS-Suomi-NPP;23,9;9,2;;Nominal;N;0,46;0,39
2026-08-12 01:29;5,84441;-75,49076;VIIRS-Suomi-NPP;46,5;13,4;22,8;Nominal;N;0,47;0,4
2026-08-12 01:29;5,84598;-75,50076;VIIRS-Suomi-NPP;36,1;16,7;4,4;Nominal;N;0,47;0,4
2026-08-12 01:29;5,84522;-75,49587;VIIRS-Suomi-NPP;82,3;26,5;22,8;Nominal;N;0,47;0,4
2026-08-12 01:29;5,84509;-75,49256;VIIRS-Suomi-NPP;66,4;19,8;16,8;Nominal;N;0,47;0,4
2026-08-12 01:29;5,84583;-75,49762;VIIRS-Suomi-NPP;76,8;24,5;16,8;Nominal;N;0,47;0,4
2026-08-12 01:29;5,84875;-75,49223;VIIRS-Suomi-NPP;56,8;15,9;16,8;Nominal;N;0,47;0,4
2026-08-12 01:29;5,84949;-75,49722;VIIRS-Suomi-NPP;69,8;19,5;16,8;Nominal;N;0,47;0,4
2026-08-12 01:29;5,85391;-75,50197;VIIRS-Suomi-NPP;31,8;18,3;9,1;Nominal;N;0,47;0,4
2026-08-12 01:29;5,85316;-75,49694;VIIRS-Suomi-NPP;59,1;17,9;19,5;Nominal;N;0,47;0,4
2026-08-12 01:29;5,85691;-75,49717;VIIRS-Suomi-NPP;73,5;26,0;19,5;Nominal;N;0,47;0,4
2026-08-12 01:29;9,19875;-73,65311;VIIRS-Suomi-NPP;42,0;21,2;2,6;Nominal;N;0,42;0,38
2026-08-12 01:29;9,19817;-73,64928;VIIRS-Suomi-NPP;45,7;21,9;2,6;Nominal;N;0,42;0,38
2026-08-12 01:29;8,77624;-72,8603;VIIRS-Suomi-NPP;31,8;19,7;;Nominal;N;0,4;0,37
2026-08-12 01:29;8,78539;-73,50819;VIIRS-Suomi-NPP;37,9;23,4;4,5;Nominal;N;0,41;0,37
2026-08-12 01:29;8,82861;-73,85293;VIIRS-Suomi-NPP;37,5;21,0;2,0;Nominal;N;0,43;0,38
2026-08-12 01:29;8,63767;-72,9328;VIIRS-Suomi-NPP;40,7;19,5;1,1;Nominal;N;0,4;0,37
2026-08-12 01:29;8,85661;-74,53891;VIIRS-Suomi-NPP;48,1;17,0;4,0;Nominal;N;0,46;0,39
2026-08-12 01:29;8,82849;-74,54744;VIIRS-Suomi-NPP;32,2;17,8;3,1;Nominal;N;0,46;0,39
2026-08-12 01:29;8,67685;-73,5471;VIIRS-Suomi-NPP;37,9;23,8;4,5;Nominal;N;0,41;0,37
2026-08-12 01:29;8,50405;-73,37962;VIIRS-Suomi-NPP;40,7;15,1;1,0;Nominal;N;0,41;0,37
2026-08-12 01:29;8,50066;-73,38027;VIIRS-Suomi-NPP;27,7;15,2;1,0;Nominal;N;0,41;0,37
2026-08-12 01:29;8,37599;-73,27229;VIIRS-Suomi-NPP;56,2;17,6;3,9;Nominal;N;0,41;0,37
2026-08-12 01:29;8,2971;-73,28395;VIIRS-Suomi-NPP;26,3;14,8;;Nominal;N;0,4;0,37
2026-08-12 01:29;8,20538;-72,69562;VIIRS-Suomi-NPP;42,7;19,9;2,2;Nominal;N;0,39;0,36
2026-08-12 01:29;8,29425;-73,28796;VIIRS-Suomi-NPP;58,9;15,8;45,4;Nominal;N;0,41;0,37
2026-08-12 01:29;8,29369;-73,28435;VIIRS-Suomi-NPP;74,2;20,1;45,4;Nominal;N;0,4;0,37
2026-08-12 01:29;8,29314;-73,28078;VIIRS-Suomi-NPP;49,3;16,5;73,9;Nominal;N;0,4;0,37
2026-08-12 01:29;8,20203;-72,69613;VIIRS-Suomi-NPP;72,6;21,2;11,5;Nominal;N;0,39;0,36
2026-08-12 01:29;8,29484;-73,29171;VIIRS-Suomi-NPP;25,4;14,1;4,4;Nominal;N;0,41;0,37
2026-08-12 01:29;8,29084;-73,28835;VIIRS-Suomi-NPP;78,8;30,1;45,4;Nominal;N;0,41;0,37
2026-08-12 01:29;8,29028;-73,28473;VIIRS-Suomi-NPP;57,3;46,1;45,4;Nominal;N;0,4;0,37
2026-08-12 01:29;8,19979;-72,70369;VIIRS-Suomi-NPP;47,4;19,0;2,3;Nominal;N;0,39;0,36
2026-08-12 01:29;8,29143;-73,29217;VIIRS-Suomi-NPP;45,8;15,9;4,4;Nominal;N;0,41;0,37
2026-08-12 01:29;8,28804;-73,29264;VIIRS-Suomi-NPP;56,5;17,8;7,2;Nominal;N;0,41;0,37
2026-08-12 01:29;8,28743;-73,28877;VIIRS-Suomi-NPP;50,1;17,9;2,5;Nominal;N;0,41;0,37
2026-08-12 01:29;8,28687;-73,28511;VIIRS-Suomi-NPP;39,7;16,3;2,5;Nominal;N;0,4;0,37
2026-08-12 01:29;8,28632;-73,28156;VIIRS-Suomi-NPP;30,6;15,2;1,4;Nominal;N;0,4;0,37
2026-08-12 01:29;8,28465;-73,29317;VIIRS-Suomi-NPP;58,4;17,7;7,2;Nominal;N;0,41;0,37
2026-08-12 01:29;8,28404;-73,28928;VIIRS-Suomi-NPP;42,3;16,5;2,5;Nominal;N;0,41;0,37
2026-08-12 01:29;8,28347;-73,28556;VIIRS-Suomi-NPP;33,7;16,1;2,5;Nominal;N;0,4;0,37
2026-08-12 01:29;8,28187;-73,29762;VIIRS-Suomi-NPP;28,8;15,7;4,4;Nominal;N;0,41;0,37
2026-08-12 01:29;8,28126;-73,29371;VIIRS-Suomi-NPP;32,6;16,9;4,4;Nominal;N;0,41;0,37
2026-08-12 01:29;8,28065;-73,2898;VIIRS-Suomi-NPP;29,4;15,1;;Nominal;N;0,41;0,37
2026-08-12 01:29;8,28007;-73,28603;VIIRS-Suomi-NPP;34,4;15,3;;Nominal;N;0,4;0,37
2026-08-12 01:29;8,27951;-73,28242;VIIRS-Suomi-NPP;27,4;13,9;;Nominal;N;0,4;0,37
2026-08-12 01:29;8,27848;-73,29818;VIIRS-Suomi-NPP;73,1;22,8;4,4;Nominal;N;0,41;0,37
2026-08-12 01:29;8,27788;-73,29428;VIIRS-Suomi-NPP;50,7;19,7;4,4;Nominal;N;0,41;0,37
2026-08-12 01:29;8,27728;-73,29041;VIIRS-Suomi-NPP;27,8;15,3;;Nominal;N;0,41;0,37
2026-08-12 01:29;8,2751;-73,29877;VIIRS-Suomi-NPP;72,9;23,6;23,2;Nominal;N;0,41;0,37
2026-08-12 01:29;8,2745;-73,2949;VIIRS-Suomi-NPP;32,3;16,0;23,2;Nominal;N;0,41;0,37
2026-08-12 01:29;8,08171;-72,59595;VIIRS-Suomi-NPP;51,4;22,0;4,4;Nominal;N;0,39;0,36
2026-08-12 01:29;8,07613;-72,604;VIIRS-Suomi-NPP;40,5;21,3;3,5;Nominal;N;0,39;0,36
2026-08-12 01:29;8,03117;-72,57864;VIIRS-Suomi-NPP;35,0;19,9;2,6;Nominal;N;0,39;0,36
2026-08-12 01:29;8,01977;-72,89378;VIIRS-Suomi-NPP;26,1;15,2;;Nominal;N;0,39;0,37
2026-08-12 01:29;7,95311;-72,48985;VIIRS-Suomi-NPP;40,0;16,0;3,2;Nominal;N;0,39;0,36
2026-08-12 01:29;7,89753;-72,57068;VIIRS-Suomi-NPP;43,6;20,5;1,9;Nominal;N;0,39;0,36
2026-08-12 01:29;7,89365;-72,5677;VIIRS-Suomi-NPP;37,3;20,4;1,2;Nominal;N;0,39;0,36
2026-08-12 01:29;7,8931;-72,56417;VIIRS-Suomi-NPP;41,7;20,4;1,2;Nominal;N;0,39;0,36
2026-08-12 01:29;7,8947;-72,59637;VIIRS-Suomi-NPP;37,9;19,8;1,3;Nominal;N;0,39;0,36
2026-08-12 01:29;7,89415;-72,59286;VIIRS-Suomi-NPP;44,9;20,0;1,3;Nominal;N;0,39;0,36
2026-08-12 01:29;7,89087;-72,57175;VIIRS-Suomi-NPP;33,3;20,5;2,1;Nominal;N;0,39;0,36
2026-08-12 01:29;7,89032;-72,56822;VIIRS-Suomi-NPP;37,2;20,4;1,1;Nominal;N;0,39;0,36
2026-08-12 01:29;7,88977;-72,5647;VIIRS-Suomi-NPP;38,1;20,0;1,1;Nominal;N;0,39;0,36
2026-08-12 01:29;7,88029;-72,6062;VIIRS-Suomi-NPP;33,0;20,1;1,4;Nominal;N;0,39;0,36
2026-08-12 01:29;6,80327;-74,70306;VIIRS-Suomi-NPP;47,5;17,1;2,0;Nominal;N;0,44;0,39
2026-08-12 01:29;6,80342;-74,70198;VIIRS-Suomi-NPP;45,1;16,8;1,6;Nominal;N;0,44;0,39
2026-08-12 01:29;6,33109;-75,67887;VIIRS-Suomi-NPP;40,6;14,0;2,2;Nominal;N;0,49;0,4
2026-08-12 01:29;5,7765;-72,88046;VIIRS-Suomi-NPP;36,7;8,0;1,2;Nominal;N;0,39;0,36
2026-08-12 01:29;5,86068;-75,49757;VIIRS-Suomi-NPP;72,6;22,3;10,8;Nominal;N;0,47;0,4
2026-08-12 01:29;5,85765;-75,50217;VIIRS-Suomi-NPP;57,7;20,1;9,1;Nominal;N;0,47;0,4
2026-08-12 01:29;4,13793;-75,04665;VIIRS-Suomi-NPP;22,5;4,7;2,0;Nominal;N;0,43;0,38
2026-08-12 01:29;4,13732;-75,04279;VIIRS-Suomi-NPP;39,0;7,0;1,3;Nominal;N;0,43;0,38
2026-08-12 01:29;4,13672;-75,03893;VIIRS-Suomi-NPP;27,5;9,8;1,3;Nominal;N;0,43;0,38
2026-08-12 01:29;4,13382;-75,04332;VIIRS-Suomi-NPP;35,0;3,9;1,3;Nominal;N;0,43;0,38
2026-08-12 01:29;4,13322;-75,03947;VIIRS-Suomi-NPP;29,4;8,0;1,3;Nominal;N;0,43;0,38
2026-08-12 01:29;4,03295;-75,22978;VIIRS-Suomi-NPP;24,6;8,2;1,9;Nominal;N;0,44;0,38
2026-08-12 01:29;3,86514;-75,94905;VIIRS-Suomi-NPP;22,6;9,5;9,4;Nominal;N;0,47;0,4
2026-08-12 01:29;3,86143;-75,94907;VIIRS-Suomi-NPP;68,6;18,7;9,4;Nominal;N;0,47;0,4
2026-08-12 01:29;3,86202;-75,95289;VIIRS-Suomi-NPP;36,1;8,8;5,2;Nominal;N;0,47;0,4
2026-08-12 01:29;10,19545;-74,02341;VIIRS-Suomi-NPP;34,5;19,5;;Nominal;N;0,45;0,39
2026-08-12 01:29;10,00969;-73,48217;VIIRS-Suomi-NPP;41,3;22,1;;Nominal;N;0,42;0,38
2026-08-12 01:29;9,76019;-73,47272;VIIRS-Suomi-NPP;37,2;22,3;1,4;Nominal;N;0,42;0,38
2026-08-12 01:29;9,73931;-73,51019;VIIRS-Suomi-NPP;38,3;22,8;1,6;Nominal;N;0,42;0,38
2026-08-12 01:29;9,69724;-73,53629;VIIRS-Suomi-NPP;39,3;22,9;1,1;Nominal;N;0,42;0,38
2026-08-12 01:29;9,69436;-73,54066;VIIRS-Suomi-NPP;39,1;22,0;1,1;Nominal;N;0,42;0,38
2026-08-12 01:29;9,69378;-73,53683;VIIRS-Suomi-NPP;39,5;22,2;1,1;Nominal;N;0,42;0,38
2026-08-12 01:29;9,56585;-73,4311;VIIRS-Suomi-NPP;48,3;22,8;1,9;Nominal;N;0,42;0,37
2026-08-12 01:29;9,56241;-73,43164;VIIRS-Suomi-NPP;44,7;22,4;1,9;Nominal;N;0,42;0,37
2026-08-12 01:29;9,49661;-73,29388;VIIRS-Suomi-NPP;35,0;20,7;2,9;Nominal;N;0,41;0,37
2026-08-12 01:29;9,403;-73,41278;VIIRS-Suomi-NPP;36,0;14,9;3,1;Nominal;N;0,42;0,37
2026-08-12 01:29;9,39549;-73,38689;VIIRS-Suomi-NPP;33,3;16,1;3,0;Nominal;N;0,41;0,37
2026-08-12 01:29;9,38148;-73,34154;VIIRS-Suomi-NPP;47,3;20,1;2,8;Nominal;N;0,41;0,37
2026-08-12 01:29;9,39558;-73,43324;VIIRS-Suomi-NPP;33,8;4,0;;Nominal;N;0,42;0,37
2026-08-12 01:29;9,38686;-73,3765;VIIRS-Suomi-NPP;39,1;18,5;4,0;Nominal;N;0,41;0,37
2026-08-12 01:29;9,38208;-73,34544;VIIRS-Suomi-NPP;37,1;20,0;2,8;Nominal;N;0,41;0,37
2026-08-12 01:29;9,35774;-73,43903;VIIRS-Suomi-NPP;43,0;15,4;3,8;Nominal;N;0,42;0,37
2026-08-12 01:29;9,35201;-73,44765;VIIRS-Suomi-NPP;37,3;17,7;3,6;Nominal;N;0,42;0,37
2026-08-12 01:29;9,30236;-73,41536;VIIRS-Suomi-NPP;45,3;10,4;4,5;Nominal;N;0,42;0,37
2026-08-12 01:31;2,60143;-76,82028;VIIRS-Suomi-NPP;30,8;11,5;1,0;Nominal;N;0,51;0,41
2026-08-12 01:31;2,60209;-76,82461;VIIRS-Suomi-NPP;24,7;11,6;1,0;Nominal;N;0,51;0,41
2026-08-12 01:31;2,73171;-76,84125;VIIRS-Suomi-NPP;55,7;11,5;4,6;Nominal;N;0,51;0,41
2026-08-12 01:31;2,94758;-76,74031;VIIRS-Suomi-NPP;41,9;13,7;1,6;Nominal;N;0,51;0,41
2026-08-12 01:31;2,94825;-76,74458;VIIRS-Suomi-NPP;34,7;12,5;2,0;Nominal;N;0,51;0,41
2026-08-12 01:31;1,44267;-77,55733;VIIRS-Suomi-NPP;47,5;15,7;5,0;Nominal;N;0,54;0,42
2026-08-12 01:31;3,19788;-76,58967;VIIRS-Suomi-NPP;30,9;10,2;;Nominal;N;0,5;0,41
2026-08-12 01:31;2,97287;-76,65567;VIIRS-Suomi-NPP;41,8;15,2;1,9;Nominal;N;0,5;0,41
2026-08-12 01:31;1,45838;-77,53085;VIIRS-Suomi-NPP;29,7;5,6;1,7;Nominal;N;0,54;0,42
2026-08-12 01:31;1,45773;-77,52667;VIIRS-Suomi-NPP;44,2;6,0;1,7;Nominal;N;0,54;0,42
2026-08-12 01:31;1,4539;-77,52757;VIIRS-Suomi-NPP;59,4;9,9;2,2;Nominal;N;0,54;0,42
2026-08-12 01:31;1,45457;-77,53185;VIIRS-Suomi-NPP;29,4;8,9;2,2;Nominal;N;0,54;0,42
2026-08-12 01:31;1,45433;-77,55568;VIIRS-Suomi-NPP;47,6;17,2;4,9;Nominal;N;0,54;0,42
2026-08-12 01:31;1,45073;-77,53266;VIIRS-Suomi-NPP;31,4;10,5;2,2;Nominal;N;0,54;0,42
2026-08-12 01:31;1,45001;-77,52805;VIIRS-Suomi-NPP;30,5;7,7;2,2;Nominal;N;0,54;0,42
2026-08-12 01:31;1,4518;-77,5649;VIIRS-Suomi-NPP;71,4;18,6;8,6;Nominal;N;0,54;0,42
2026-08-12 01:31;1,45113;-77,56063;VIIRS-Suomi-NPP;56,6;18,0;3,9;Nominal;N;0,54;0,42
2026-08-12 01:31;1,45043;-77,55615;VIIRS-Suomi-NPP;50,3;17,1;3,9;Nominal;N;0,54;0,42
2026-08-12 01:31;1,44906;-77,54736;VIIRS-Suomi-NPP;48,5;15,1;1,9;Nominal;N;0,54;0,42
2026-08-12 01:31;1,44787;-77,56521;VIIRS-Suomi-NPP;59,3;13,0;8,6;Nominal;N;0,54;0,42
2026-08-12 01:31;1,44651;-77,55648;VIIRS-Suomi-NPP;40,2;15,8;3,9;Nominal;N;0,54;0,42
2026-08-12 01:31;1,44585;-77,55225;VIIRS-Suomi-NPP;28,2;14,9;1,9;Nominal;N;0,54;0,42
2026-08-12 01:31;1,44522;-77,54819;VIIRS-Suomi-NPP;31,2;13,4;1,9;Nominal;N;0,54;0,42
2026-08-12 01:31;1,48479;-77,57259;VIIRS-Suomi-NPP;37,0;7,9;2,2;Nominal;N;0,54;0,42
2026-08-12 01:31;1,48855;-77,57129;VIIRS-Suomi-NPP;24,5;8,6;1,6;Nominal;N;0,54;0,42
2026-08-12 01:31;1,92462;-76,91183;VIIRS-Suomi-NPP;58,2;18,4;9,6;Nominal;N;0,5;0,41
2026-08-12 01:31;2,39494;-76,60918;VIIRS-Suomi-NPP;22,3;10,3;1,0;Nominal;N;0,49;0,4
2026-08-12 01:31;2,39866;-76,60869;VIIRS-Suomi-NPP;42,1;10,3;1,0;Nominal;N;0,49;0,4
2026-08-12 12:32;2,94964;-72,29397;VIIRS-Suomi-NPP;60,2;12,6;6,6;Nominal;D;0,69;0,74
2026-08-12 12:32;4,22343;-72,11674;VIIRS-Suomi-NPP;61,8;9,1;3,7;Nominal;D;0,64;0,72
2026-08-12 12:32;4,22607;-72,11456;VIIRS-Suomi-NPP;60,6;10,5;10,2;Nominal;D;0,64;0,72
2026-08-12 12:32;4,62689;-71,23936;VIIRS-Suomi-NPP;81,6;15,9;19,6;Nominal;D;0,55;0,68
2026-08-12 12:32;4,62601;-71,24441;VIIRS-Suomi-NPP;79,2;15,5;13,5;Nominal;D;0,55;0,68
2026-08-12 12:32;4,63232;-71,24551;VIIRS-Suomi-NPP;75,2;14,9;14,6;Nominal;D;0,55;0,68
2026-08-12 12:32;4,6332;-71,24046;VIIRS-Suomi-NPP;84,1;14,9;21,9;Baja;D;0,55;0,68
2026-08-12 12:32;5,4231;-70,89026;VIIRS-Suomi-NPP;56,3;15,5;4,5;Nominal;D;0,5;0,66
2026-08-12 12:32;6,5202;-71,75304;VIIRS-Suomi-NPP;63,6;8,1;7,3;Nominal;D;0,55;0,68
2026-08-12 12:32;6,516;-71,75569;VIIRS-Suomi-NPP;69,8;8,8;7,8;Nominal;D;0,55;0,68
2026-08-12 12:32;7,87036;-73,76544;VIIRS-Suomi-NPP;66,5;4,9;8,2;Nominal;D;0,71;0,75
2026-08-12 12:32;7,86935;-73,76345;VIIRS-Suomi-NPP;59,8;4,4;5,9;Nominal;D;0,71;0,75
2026-08-12 12:32;8,19177;-72,71073;VIIRS-Suomi-NPP;93,9;17,7;10,5;Alta;D;0,6;0,71
2026-08-12 12:32;8,1928;-72,7053;VIIRS-Suomi-NPP;61,0;16,6;10,5;Nominal;D;0,6;0,71
2026-08-12 12:32;8,2101;-72,6852;VIIRS-Suomi-NPP;64,5;15,6;9,0;Nominal;D;0,6;0,7
2026-08-12 12:32;8,29171;-72,67842;VIIRS-Suomi-NPP;62,1;19,9;4,0;Nominal;D;0,59;0,7
2026-08-12 12:32;8,29395;-73,29044;VIIRS-Suomi-NPP;93,9;21,0;16,3;Alta;D;0,65;0,73
2026-08-12 12:32;8,7466;-72,77998;VIIRS-Suomi-NPP;70,2;17,5;12,1;Nominal;D;0,59;0,7
2026-08-12 12:32;8,74556;-72,78545;VIIRS-Suomi-NPP;68,2;17,7;8,5;Nominal;D;0,59;0,7
2026-08-12 12:32;8,92629;-72,8883;VIIRS-Suomi-NPP;57,7;15,6;12,5;Nominal;D;0,6;0,7
2026-08-12 12:32;8,92522;-72,89384;VIIRS-Suomi-NPP;79,5;15,4;11,7;Nominal;D;0,6;0,7
2026-08-12 12:32;8,83196;-73,77792;VIIRS-Suomi-NPP;57,6;12,6;10,5;Nominal;D;0,68;0,74
2026-08-12 12:32;9,0099;-73,25594;VIIRS-Suomi-NPP;82,6;15,6;13,0;Nominal;D;0,63;0,72
2026-08-12 12:34;9,84055;-73,48438;VIIRS-Suomi-NPP;68,9;17,1;7,0;Nominal;D;0,63;0,72
2026-08-12 12:34;9,83942;-73,49022;VIIRS-Suomi-NPP;74,4;19,1;7,0;Nominal;D;0,63;0,72
2026-08-12 12:34;9,84439;-73,4842;VIIRS-Suomi-NPP;70,8;18,2;13,9;Nominal;D;0,63;0,72
2026-08-12 12:34;9,84323;-73,49003;VIIRS-Suomi-NPP;82,2;20,0;16,0;Nominal;D;0,63;0,72
2026-08-12 12:34;10,0774;-73,45775;VIIRS-Suomi-NPP;76,2;7,2;7,8;Nominal;D;0,62;0,71
2026-08-12 12:34;10,10176;-74,29837;VIIRS-Suomi-NPP;57,3;18,6;5,8;Nominal;D;0,7;0,75
2026-08-12 12:34;10,10146;-74,29666;VIIRS-Suomi-NPP;65,4;18,3;6,6;Nominal;D;0,7;0,75
2026-08-12 12:34;10,18876;-74,21906;VIIRS-Suomi-NPP;68,0;20,2;6,6;Nominal;D;0,69;0,74
2026-08-12 12:34;10,22076;-74,23788;VIIRS-Suomi-NPP;78,9;19,3;18,0;Nominal;D;0,69;0,75
2026-08-12 12:34;10,1875;-74,2207;VIIRS-Suomi-NPP;57,7;19,9;4,4;Nominal;D;0,69;0,74
2026-08-12 12:34;10,22073;-74,23305;VIIRS-Suomi-NPP;74,4;19,4;12,6;Nominal;D;0,69;0,74
2026-08-12 12:34;11,19782;-72,3526;VIIRS-Suomi-NPP;58,7;17,5;6,2;Nominal;D;0,5;0,66
2026-08-12 12:34;11,19808;-72,35196;VIIRS-Suomi-NPP;68,3;18,4;5,8;Nominal;D;0,5;0,66
2026-08-12 12:34;11,15395;-72,69752;VIIRS-Suomi-NPP;58,3;23,1;4,0;Nominal;D;0,53;0,67
2026-08-12 12:34;11,25221;-72,84177;VIIRS-Suomi-NPP;63,5;20,2;4,5;Nominal;D;0,54;0,68
2026-08-12 12:34;10,28199;-74,03598;VIIRS-Suomi-NPP;60,3;21,8;11,2;Nominal;D;0,67;0,74
2026-08-12 12:34;10,28071;-74,0423;VIIRS-Suomi-NPP;73,0;21,7;8,9;Nominal;D;0,67;0,74
2026-08-12 12:34;10,49644;-73,4066;VIIRS-Suomi-NPP;64,3;17,6;6,1;Nominal;D;0,61;0,71
2026-08-12 12:34;10,49595;-73,40352;VIIRS-Suomi-NPP;70,5;18,5;10,1;Nominal;D;0,61;0,71
2026-08-12 12:34;10,66579;-74,14365;VIIRS-Suomi-NPP;93,9;17,7;21,1;Alta;D;0,67;0,74
2026-08-12 12:34;10,66578;-74,14548;VIIRS-Suomi-NPP;93,9;18,0;19,1;Alta;D;0,67;0,74
2026-08-12 12:34;9,01353;-73,25843;VIIRS-Suomi-NPP;64,3;14,7;8,4;Nominal;D;0,63;0,72
2026-08-12 12:34;9,02652;-73,43921;VIIRS-Suomi-NPP;61,4;10,3;7,1;Nominal;D;0,65;0,73
2026-08-12 12:34;9,33944;-73,31746;VIIRS-Suomi-NPP;93,9;20,8;16,6;Alta;D;0,63;0,72
2026-08-12 12:34;9,30332;-73,41181;VIIRS-Suomi-NPP;59,2;17,4;8,0;Nominal;D;0,64;0,72
2026-08-12 12:34;9,33652;-73,31374;VIIRS-Suomi-NPP;78,9;20,1;10,9;Nominal;D;0,63;0,72
2026-08-12 12:34;9,56062;-73,43584;VIIRS-Suomi-NPP;57,4;12,9;6,2;Nominal;D;0,63;0,72
2026-08-12 12:34;9,57619;-73,71294;VIIRS-Suomi-NPP;73,1;15,0;10,7;Nominal;D;0,66;0,73
2026-08-12 12:34;9,57501;-73,71906;VIIRS-Suomi-NPP;72,5;14,7;10,7;Nominal;D;0,66;0,73
2026-08-12 12:34;9,69646;-73,12139;VIIRS-Suomi-NPP;78,8;17,7;13,4;Nominal;D;0,6;0,71
2026-08-12 12:34;9,69661;-73,11725;VIIRS-Suomi-NPP;77,4;17,8;9,7;Nominal;D;0,6;0,71
2026-08-12 12:34;9,58959;-73,76192;VIIRS-Suomi-NPP;93,9;18,3;11,8;Alta;D;0,66;0,73
2026-08-12 12:49;2,5792;-76,60045;VIIRS-NOAA-20;81,0;0,6;10,3;Nominal;D;0,52;0,67
2026-08-12 12:49;2,99927;-72,33875;VIIRS-NOAA-20;65,9;21,1;12,7;Nominal;D;0,52;0,5
2026-08-12 12:49;3,00002;-72,33415;VIIRS-NOAA-20;66,2;18,8;12,7;Nominal;D;0,52;0,5
2026-08-12 12:49;2,96636;-72,04703;VIIRS-NOAA-20;55,0;20,2;5,2;Nominal;D;0,5;0,49
2026-08-12 12:49;2,8917;-72,4221;VIIRS-NOAA-20;54,9;18,1;5,4;Nominal;D;0,53;0,5
2026-08-12 12:49;4,63098;-75,03879;VIIRS-NOAA-20;72,0;8,5;7,4;Nominal;D;0,38;0,58
2026-08-12 12:49;4,59417;-74,9985;VIIRS-NOAA-20;67,2;10,7;3,9;Nominal;D;0,37;0,58
2026-08-12 12:49;4,59518;-74,99995;VIIRS-NOAA-20;62,1;11,5;3,3;Nominal;D;0,37;0,58
2026-08-12 12:49;4,5775;-75,00787;VIIRS-NOAA-20;57,9;11,7;1,8;Nominal;D;0,37;0,58
2026-08-12 12:49;5,02903;-71,47987;VIIRS-NOAA-20;62,0;20,9;4,2;Nominal;D;0,42;0,45
2026-08-12 12:49;4,38597;-74,9237;VIIRS-NOAA-20;57,5;2,7;2,7;Nominal;D;0,37;0,58
2026-08-12 12:49;4,92515;-71,26913;VIIRS-NOAA-20;57,8;22,4;2,1;Nominal;D;0,41;0,45
2026-08-12 12:49;4,13937;-75,13556;VIIRS-NOAA-20;78,9;-7,3;8,5;Nominal;D;0,39;0,59
2026-08-12 12:49;4,14724;-75,05769;VIIRS-NOAA-20;59,6;1,6;3,8;Nominal;D;0,38;0,59
2026-08-12 12:49;4,72397;-71,56822;VIIRS-NOAA-20;63,7;20,9;6,1;Nominal;D;0,43;0,46
2026-08-12 12:49;4,14185;-75,07245;VIIRS-NOAA-20;59,0;-2,5;2,7;Nominal;D;0,38;0,59
2026-08-12 12:49;4,14461;-75,0557;VIIRS-NOAA-20;68,0;3,3;4,8;Nominal;D;0,38;0,59
2026-08-12 12:49;4,14365;-75,02812;VIIRS-NOAA-20;83,3;3,0;12,2;Baja;D;0,38;0,59
2026-08-12 12:49;4,1431;-75,03146;VIIRS-NOAA-20;70,0;4,2;9,9;Nominal;D;0,38;0,59
2026-08-12 12:49;4,13719;-75,03389;VIIRS-NOAA-20;73,4;5,2;6,5;Nominal;D;0,38;0,59
2026-08-12 12:49;4,13774;-75,03055;VIIRS-NOAA-20;68,6;3,8;6,5;Nominal;D;0,38;0,59
2026-08-12 12:49;4,13829;-75,02721;VIIRS-NOAA-20;64,1;2,7;4,8;Nominal;D;0,38;0,59
2026-08-12 12:49;4,13126;-75,03638;VIIRS-NOAA-20;58,8;4,9;7,5;Nominal;D;0,38;0,59
2026-08-12 12:49;4,09824;-75,20168;VIIRS-NOAA-20;57,2;-2,6;2,5;Nominal;D;0,39;0,6
2026-08-12 12:49;4,12313;-75,05216;VIIRS-NOAA-20;55,2;-1,1;7,0;Nominal;D;0,38;0,59
2026-08-12 12:49;4,67578;-71,68033;VIIRS-NOAA-20;57,6;22,2;4,2;Nominal;D;0,44;0,46
2026-08-12 12:49;4,11717;-75,05479;VIIRS-NOAA-20;83,2;1,9;7,6;Baja;D;0,38;0,59
2026-08-12 12:49;4,1166;-75,05823;VIIRS-NOAA-20;62,9;1,7;7,6;Nominal;D;0,38;0,59
2026-08-12 12:49;4,06201;-75,18501;VIIRS-NOAA-20;83,3;2,2;12,7;Baja;D;0,39;0,59
2026-08-12 12:49;4,06258;-75,18164;VIIRS-NOAA-20;74,3;-3,1;9,7;Nominal;D;0,39;0,59
2026-08-12 12:49;4,05647;-75,18478;VIIRS-NOAA-20;78,5;-1,6;7,7;Nominal;D;0,39;0,59
2026-08-12 12:49;4,03237;-75,22797;VIIRS-NOAA-20;68,5;-3,9;6,0;Nominal;D;0,4;0,6
2026-08-12 12:49;4,03292;-75,22475;VIIRS-NOAA-20;76,8;-3,3;6,0;Nominal;D;0,4;0,6
2026-08-12 12:49;4,02695;-75,22692;VIIRS-NOAA-20;83,1;-2,0;14,9;Baja;D;0,4;0,6
2026-08-12 12:49;4,02641;-75,23012;VIIRS-NOAA-20;57,3;-6,3;5,9;Nominal;D;0,4;0,6
2026-08-12 12:49;4,02803;-75,2206;VIIRS-NOAA-20;57,2;-4,2;3,6;Nominal;D;0,39;0,6
2026-08-12 12:49;4,65739;-71,4241;VIIRS-NOAA-20;65,7;20,9;10,5;Nominal;D;0,42;0,45
2026-08-12 12:49;4,03129;-75,22741;VIIRS-NOAA-20;81,7;-0,2;12,9;Nominal;D;0,4;0,6
2026-08-12 12:49;4,03182;-75,22417;VIIRS-NOAA-20;80,0;-3,7;12,9;Nominal;D;0,4;0,6
2026-08-12 12:49;4,0373;-74,85611;VIIRS-NOAA-20;56,3;-1,2;3,0;Nominal;D;0,37;0,58
2026-08-12 12:49;4,35517;-72,75957;VIIRS-NOAA-20;58,1;17,7;2,9;Nominal;D;0,53;0,5
2026-08-12 12:49;4,22707;-72,11407;VIIRS-NOAA-20;77,9;20,5;16,5;Nominal;D;0,48;0,48
2026-08-12 12:49;4,21167;-71,57567;VIIRS-NOAA-20;70,6;21,7;9,9;Nominal;D;0,44;0,46
2026-08-12 12:49;4,20679;-71,57894;VIIRS-NOAA-20;58,6;20,8;4,5;Nominal;D;0,44;0,46
2026-08-12 12:49;3,91394;-71,84325;VIIRS-NOAA-20;62,4;16,2;5,4;Nominal;D;0,46;0,47
2026-08-12 12:49;3,38036;-72,91497;VIIRS-NOAA-20;63,8;19,1;8,6;Nominal;D;0,56;0,51
2026-08-12 12:49;3,37485;-72,91921;VIIRS-NOAA-20;61,9;19,1;3,9;Nominal;D;0,56;0,51
2026-08-12 12:52;8,56356;-73,47038;VIIRS-NOAA-20;61,0;26,1;4,9;Nominal;D;0,5;0,49
2026-08-12 12:52;8,47805;-73,79832;VIIRS-NOAA-20;69,5;20,9;10,1;Nominal;D;0,53;0,5
2026-08-12 12:52;8,47838;-73,79614;VIIRS-NOAA-20;68,9;21,1;10,7;Nominal;D;0,53;0,5
2026-08-12 12:52;8,45183;-73,20259;VIIRS-NOAA-20;74,0;22,5;7,0;Nominal;D;0,49;0,48
2026-08-12 12:52;8,29532;-73,29778;VIIRS-NOAA-20;58,3;26,0;15,7;Nominal;D;0,49;0,49
2026-08-12 12:52;8,29618;-73,29276;VIIRS-NOAA-20;79,6;28,0;15,7;Nominal;D;0,49;0,49
2026-08-12 12:52;8,29183;-73,29153;VIIRS-NOAA-20;93,9;99,3;456,4;Baja;D;0,49;0,49
2026-08-12 12:52;8,28753;-73,28999;VIIRS-NOAA-20;66,6;28,2;456,4;Nominal;D;0,49;0,49
2026-08-12 12:52;8,2883;-73,2855;VIIRS-NOAA-20;63,5;32,8;251,4;Nominal;D;0,49;0,49
2026-08-12 12:52;8,26015;-73,05347;VIIRS-NOAA-20;60,9;22,7;3,0;Nominal;D;0,48;0,48
2026-08-12 12:52;8,29294;-72,67499;VIIRS-NOAA-20;59,0;23,4;2,1;Nominal;D;0,45;0,47
2026-08-12 12:52;8,20876;-72,68598;VIIRS-NOAA-20;69,1;27,8;10,0;Nominal;D;0,45;0,47
2026-08-12 12:52;8,20938;-72,68233;VIIRS-NOAA-20;78,6;25,8;9,5;Nominal;D;0,45;0,47
2026-08-12 12:52;8,20445;-72,68557;VIIRS-NOAA-20;75,3;26,1;7,1;Nominal;D;0,45;0,47
2026-08-12 12:52;8,19223;-72,70602;VIIRS-NOAA-20;80,3;30,1;10,3;Nominal;D;0,45;0,47
2026-08-12 12:52;8,19287;-72,70221;VIIRS-NOAA-20;64,7;24,4;4,2;Nominal;D;0,45;0,47
2026-08-12 12:52;8,18733;-72,70898;VIIRS-NOAA-20;68,4;27,6;10,3;Nominal;D;0,45;0,47
2026-08-12 12:52;8,18795;-72,70528;VIIRS-NOAA-20;58,8;23,7;10,3;Nominal;D;0,45;0,47
2026-08-12 12:52;8,15736;-72,5006;VIIRS-NOAA-20;67,9;26,1;6,8;Nominal;D;0,44;0,46
2026-08-12 12:52;8,15735;-72,50092;VIIRS-NOAA-20;67,8;27,0;3,0;Nominal;D;0,44;0,46
2026-08-12 12:52;7,87106;-73,76553;VIIRS-NOAA-20;71,3;11,7;7,8;Nominal;D;0,54;0,51
2026-08-12 12:52;8,08097;-72,41453;VIIRS-NOAA-20;67,5;27,6;7,3;Nominal;D;0,44;0,46
2026-08-12 12:52;8,00776;-72,48642;VIIRS-NOAA-20;56,9;24,4;1,9;Nominal;D;0,44;0,46
2026-08-12 12:52;7,31633;-74,00944;VIIRS-NOAA-20;76,6;20,6;11,1;Nominal;D;0,57;0,52
2026-08-12 12:52;7,03659;-75,41087;VIIRS-NOAA-20;65,2;7,9;4,7;Nominal;D;0,36;0,58
2026-08-12 12:52;7,20348;-74,46158;VIIRS-NOAA-20;64,8;15,1;8,4;Nominal;D;0,62;0,54
2026-08-12 12:52;7,03598;-75,0719;VIIRS-NOAA-20;59,2;4,3;2,6;Nominal;D;0,34;0,56
2026-08-12 12:52;7,07865;-74,82426;VIIRS-NOAA-20;65,9;11,4;3,1;Nominal;D;0,33;0,55
2026-08-12 12:52;7,09018;-74,60862;VIIRS-NOAA-20;57,2;19,6;6,2;Nominal;D;0,32;0,54
2026-08-12 12:52;6,97525;-75,14729;VIIRS-NOAA-20;65,8;11,1;6,8;Nominal;D;0,35;0,57
2026-08-12 12:52;6,9758;-75,14417;VIIRS-NOAA-20;75,9;9,8;7,1;Nominal;D;0,35;0,57
2026-08-12 12:52;6,94307;-74,86253;VIIRS-NOAA-20;61,5;18,5;3,9;Nominal;D;0,33;0,56
2026-08-12 12:52;6,98245;-74,57599;VIIRS-NOAA-20;63,2;21,2;6,2;Nominal;D;0,64;0,54
2026-08-12 12:52;6,98339;-74,57058;VIIRS-NOAA-20;62,2;21,9;6,2;Nominal;D;0,64;0,54
2026-08-12 12:52;6,82124;-75,34615;VIIRS-NOAA-20;53,0;-3,8;3,3;Nominal;D;0,36;0,58
2026-08-12 12:52;6,69452;-75,93235;VIIRS-NOAA-20;52,3;9,5;2,9;Nominal;D;0,4;0,6
2026-08-12 12:52;6,69355;-75,93232;VIIRS-NOAA-20;52,8;10,0;1,7;Nominal;D;0,4;0,6
2026-08-12 12:52;6,80836;-74,98696;VIIRS-NOAA-20;68,5;10,8;5,8;Nominal;D;0,34;0,56
2026-08-12 12:52;6,80894;-74,98362;VIIRS-NOAA-20;60,7;7,5;5,0;Nominal;D;0,34;0,56
2026-08-12 12:52;7,02184;-73,72009;VIIRS-NOAA-20;66,7;20,9;8,0;Nominal;D;0,55;0,51
2026-08-12 12:52;7,02269;-73,71516;VIIRS-NOAA-20;58,5;19,7;8,0;Nominal;D;0,55;0,51
2026-08-12 12:52;7,09032;-73,18275;VIIRS-NOAA-20;63,7;20,6;4,9;Nominal;D;0,51;0,49
2026-08-12 12:52;6,806;-74,70316;VIIRS-NOAA-20;66,8;21,0;4,2;Nominal;D;0,33;0,55
2026-08-12 12:52;6,80653;-74,70018;VIIRS-NOAA-20;55,6;20,2;4,2;Nominal;D;0,33;0,55
2026-08-12 12:52;6,80098;-74,70238;VIIRS-NOAA-20;82,5;28,5;4,2;Nominal;D;0,33;0,55
2026-08-12 12:52;6,8015;-74,69945;VIIRS-NOAA-20;63,2;20,6;4,2;Nominal;D;0,33;0,55
2026-08-12 12:52;6,80105;-74,7028;VIIRS-NOAA-20;67,6;25,6;7,6;Nominal;D;0,33;0,55
2026-08-12 12:52;6,80155;-74,69988;VIIRS-NOAA-20;93,9;21,9;9,2;Alta;D;0,33;0,55
2026-08-12 12:52;6,6276;-75,08996;VIIRS-NOAA-20;63,6;9,4;4,9;Nominal;D;0,35;0,57
2026-08-12 12:52;6,62811;-75,08694;VIIRS-NOAA-20;56,9;6,2;4,1;Nominal;D;0,35;0,57
2026-08-12 12:52;6,74206;-74,06071;VIIRS-NOAA-20;61,9;22,2;5,4;Nominal;D;0,59;0,53
2026-08-12 12:52;6,81151;-73,04518;VIIRS-NOAA-20;57,7;24,4;5,1;Nominal;D;0,5;0,49
2026-08-12 12:52;6,39795;-75,35876;VIIRS-NOAA-20;54,3;5,2;3,1;Nominal;D;0,37;0,58
2026-08-12 12:52;6,20026;-75,13235;VIIRS-NOAA-20;54,1;8,0;1,6;Nominal;D;0,36;0,57
2026-08-12 12:52;6,74186;-71,24184;VIIRS-NOAA-20;65,1;15,2;3,2;Nominal;D;0,38;0,44
2026-08-12 12:52;6,51953;-71,75188;VIIRS-NOAA-20;66,9;16,2;7,1;Nominal;D;0,42;0,45
2026-08-12 12:52;5,85633;-75,49882;VIIRS-NOAA-20;57,9;10,2;5,7;Nominal;D;0,39;0,59
2026-08-12 12:52;5,85705;-75,49464;VIIRS-NOAA-20;69,9;13,0;7,3;Nominal;D;0,39;0,59
2026-08-12 12:52;5,84165;-75,4878;VIIRS-NOAA-20;72,5;7,9;6,2;Nominal;D;0,39;0,59
2026-08-12 12:52;5,83302;-75,41108;VIIRS-NOAA-20;52,5;7,0;3,4;Nominal;D;0,38;0,59
2026-08-12 12:52;5,94594;-74,73504;VIIRS-NOAA-20;55,0;18,1;1,6;Nominal;D;0,34;0,56
2026-08-12 12:52;6,62573;-70,34929;VIIRS-NOAA-20;65,5;19,9;8,5;Nominal;D;0,51;0,41
2026-08-12 12:52;5,84666;-74,99058;VIIRS-NOAA-20;54,4;16,9;2,8;Nominal;D;0,36;0,57
2026-08-12 12:52;5,71916;-74,98092;VIIRS-NOAA-20;57,6;13,9;14,2;Nominal;D;0,36;0,57
2026-08-12 12:52;5,71971;-74,97771;VIIRS-NOAA-20;93,9;17,2;14,2;Alta;D;0,36;0,57
2026-08-12 12:52;5,67783;-74,35217;VIIRS-NOAA-20;63,6;11,0;3,2;Nominal;D;0,32;0,55
2026-08-12 12:52;5,67799;-74,35043;VIIRS-NOAA-20;74,7;10,1;4,3;Nominal;D;0,32;0,55
2026-08-12 12:52;5,62351;-74,3996;VIIRS-NOAA-20;80,1;8,5;5,0;Nominal;D;0,33;0,55
2026-08-12 12:52;5,6234;-74,36987;VIIRS-NOAA-20;66,0;6,0;3,5;Nominal;D;0,32;0,55
2026-08-12 12:52;5,61842;-74,3689;VIIRS-NOAA-20;83,1;7,4;8,0;Baja;D;0,32;0,55
2026-08-12 12:52;5,55272;-74,45459;VIIRS-NOAA-20;54,2;9,4;3,1;Nominal;D;0,33;0,55
2026-08-12 12:52;5,42112;-70,88895;VIIRS-NOAA-20;61,9;18,7;3,3;Nominal;D;0,57;0,43
2026-08-12 12:52;9,69644;-73,12273;VIIRS-NOAA-20;63,9;28,3;8,7;Nominal;D;0,46;0,47
2026-08-12 12:52;9,69721;-73,11834;VIIRS-NOAA-20;67,3;26,2;7,8;Nominal;D;0,46;0,47
2026-08-12 12:52;9,57832;-73,71538;VIIRS-NOAA-20;74,1;28,1;9,0;Nominal;D;0,5;0,49
2026-08-12 12:52;9,66727;-73,16294;VIIRS-NOAA-20;59,8;30,2;5,0;Baja;D;0,46;0,47
2026-08-12 12:52;9,5753;-73,71699;VIIRS-NOAA-20;67,4;26,4;7,5;Nominal;D;0,5;0,49
2026-08-12 12:52;9,66466;-73,16355;VIIRS-NOAA-20;57,9;30,7;3,0;Baja;D;0,46;0,47
2026-08-12 12:52;9,41017;-74,42621;VIIRS-NOAA-20;57,1;25,2;5,3;Nominal;D;0,56;0,52
2026-08-12 12:52;9,40547;-74,42534;VIIRS-NOAA-20;61,5;25,5;4,3;Nominal;D;0,56;0,52
2026-08-12 12:52;9,40637;-74,42026;VIIRS-NOAA-20;58,3;23,6;4,3;Nominal;D;0,56;0,52
2026-08-12 12:52;9,58029;-73,42213;VIIRS-NOAA-20;61,8;22,5;2,2;Nominal;D;0,48;0,48
2026-08-12 12:52;9,35125;-74,67699;VIIRS-NOAA-20;58,8;17,6;5,2;Nominal;D;0,59;0,53
2026-08-12 12:52;9,57079;-73,4249;VIIRS-NOAA-20;68,6;23,6;2,3;Nominal;D;0,48;0,48
2026-08-12 12:52;9,56053;-73,432;VIIRS-NOAA-20;77,1;26,3;6,6;Nominal;D;0,48;0,48
2026-08-12 12:52;9,55615;-73,43122;VIIRS-NOAA-20;60,2;27,3;6,6;Nominal;D;0,48;0,48
2026-08-12 12:52;9,47584;-73,73215;VIIRS-NOAA-20;68,5;23,6;3,6;Nominal;D;0,5;0,49
2026-08-12 12:52;9,39;-73,63042;VIIRS-NOAA-20;65,6;25,4;1,8;Nominal;D;0,5;0,49
2026-08-12 12:52;9,37672;-73,52916;VIIRS-NOAA-20;57,8;22,1;4,7;Nominal;D;0,49;0,49
2026-08-12 12:52;9,3449;-73,66167;VIIRS-NOAA-20;70,2;24,5;10,9;Nominal;D;0,5;0,49
2026-08-12 12:52;9,34043;-73,66088;VIIRS-NOAA-20;63,4;25,4;2,0;Nominal;D;0,5;0,49
2026-08-12 12:52;9,16085;-74,61192;VIIRS-NOAA-20;60,4;20,9;2,6;Nominal;D;0,59;0,53
2026-08-12 12:52;8,85207;-76,31271;VIIRS-NOAA-20;60,5;13,0;3,3;Nominal;D;0,39;0,59
2026-08-12 12:52;9,33726;-73,31219;VIIRS-NOAA-20;71,0;27,3;17,0;Nominal;D;0,48;0,48
2026-08-12 12:52;9,33814;-73,30717;VIIRS-NOAA-20;67,0;22,6;9,7;Nominal;D;0,48;0,48
2026-08-12 12:52;9,26204;-73,66109;VIIRS-NOAA-20;58,9;26,1;11,1;Nominal;D;0,5;0,49
2026-08-12 12:52;9,30127;-73,41399;VIIRS-NOAA-20;81,6;25,4;9,2;Nominal;D;0,48;0,48
2026-08-12 12:52;9,26403;-73,66298;VIIRS-NOAA-20;71,4;28,2;9,2;Nominal;D;0,5;0,49
2026-08-12 12:52;9,25955;-73,66218;VIIRS-NOAA-20;59,8;26,8;4,0;Nominal;D;0,5;0,49
2026-08-12 12:52;9,30139;-73,41508;VIIRS-NOAA-20;69,9;25,2;9,4;Nominal;D;0,48;0,48
2026-08-12 12:52;9,20671;-73,89027;VIIRS-NOAA-20;58,3;22,2;4,7;Nominal;D;0,52;0,5
2026-08-12 12:52;8,90674;-74,57214;VIIRS-NOAA-20;63,8;17,5;4,5;Nominal;D;0,59;0,53
2026-08-12 12:52;8,95082;-74,03556;VIIRS-NOAA-20;60,2;19,4;2,1;Nominal;D;0,54;0,51
2026-08-12 12:52;8,97232;-73,91079;VIIRS-NOAA-20;60,9;21,8;4,8;Nominal;D;0,53;0,5
2026-08-12 12:52;8,85858;-74,5396;VIIRS-NOAA-20;79,9;19,1;20,6;Nominal;D;0,59;0,53
2026-08-12 12:52;8,98106;-73,8056;VIIRS-NOAA-20;57,8;20,5;1,9;Nominal;D;0,52;0,5
2026-08-12 12:52;9,03054;-73,43826;VIIRS-NOAA-20;59,7;22,5;5,6;Nominal;D;0,49;0,49
2026-08-12 12:52;8,94487;-73,906;VIIRS-NOAA-20;61,4;23,4;5,6;Nominal;D;0,53;0,5
2026-08-12 12:52;8,95218;-73,81017;VIIRS-NOAA-20;63,0;22,1;5,0;Nominal;D;0,52;0,5
2026-08-12 12:52;8,83384;-74,40108;VIIRS-NOAA-20;59,0;15,9;3,6;Nominal;D;0,57;0,52
2026-08-12 12:52;5,9836;-69,72925;VIIRS-NOAA-20;58,7;23,4;6,9;Nominal;D;0,48;0,4
2026-08-12 12:52;6,15092;-67,85179;VIIRS-NOAA-20;64,1;21,3;4,8;Nominal;D;0,4;0,37
2026-08-12 12:52;6,15149;-67,84815;VIIRS-NOAA-20;69,1;23,2;6,6;Nominal;D;0,4;0,37
2026-08-12 12:52;4,98387;-74,86444;VIIRS-NOAA-20;54,9;13,7;2,5;Nominal;D;0,36;0,57
2026-08-12 12:52;4,97341;-74,86274;VIIRS-NOAA-20;62,1;13,4;2,7;Nominal;D;0,36;0,57
2026-08-12 12:52;4,92037;-74,92247;VIIRS-NOAA-20;67,0;18,7;38,5;Nominal;D;0,36;0,58
2026-08-12 12:52;4,92087;-74,91946;VIIRS-NOAA-20;93,9;17,5;24,5;Alta;D;0,36;0,58
2026-08-12 12:52;4,91558;-74,91882;VIIRS-NOAA-20;83,4;14,5;24,5;Baja;D;0,36;0,58
2026-08-12 12:52;9,58697;-75,15002;VIIRS-NOAA-20;66,7;24,4;7,8;Nominal;D;0,63;0,54
2026-08-12 12:52;9,62923;-75,0836;VIIRS-NOAA-20;66,9;23,3;14,7;Nominal;D;0,62;0,54
2026-08-12 12:52;9,65481;-75,11052;VIIRS-NOAA-20;65,1;23,4;5,3;Nominal;D;0,62;0,54
2026-08-12 12:52;9,65632;-75,11281;VIIRS-NOAA-20;58,4;23,8;8,0;Nominal;D;0,62;0,54
2026-08-12 12:52;9,67639;-75,2543;VIIRS-NOAA-20;67,2;21,0;8,0;Nominal;D;0,64;0,54
2026-08-12 12:52;9,77871;-75,04904;VIIRS-NOAA-20;57,7;21,8;3,1;Nominal;D;0,61;0,54
2026-08-12 12:52;10,07711;-73,45508;VIIRS-NOAA-20;80,6;23,9;23,3;Nominal;D;0,47;0,48
2026-08-12 12:52;10,07636;-73,45934;VIIRS-NOAA-20;61,9;22,6;9,8;Nominal;D;0,47;0,48
2026-08-12 12:52;10,0082;-73,84454;VIIRS-NOAA-20;64,1;28,8;6,1;Nominal;D;0,5;0,49
2026-08-12 12:52;9,79579;-75,0264;VIIRS-NOAA-20;77,4;21,2;16,3;Nominal;D;0,61;0,53
2026-08-12 12:52;9,7799;-75,11372;VIIRS-NOAA-20;64,9;19,3;6,1;Nominal;D;0,62;0,54
2026-08-12 12:52;10,08071;-73,46011;VIIRS-NOAA-20;64,1;21,4;9,8;Nominal;D;0,47;0,48
2026-08-12 12:52;10,08146;-73,45583;VIIRS-NOAA-20;70,8;22,4;23,3;Nominal;D;0,47;0,48
2026-08-12 12:52;9,78871;-75,12084;VIIRS-NOAA-20;59,2;19,7;9,3;Nominal;D;0,62;0,54
2026-08-12 12:52;10,12249;-73,27258;VIIRS-NOAA-20;64,2;23,1;3,7;Nominal;D;0,46;0,47
2026-08-12 12:52;10,12176;-73,27674;VIIRS-NOAA-20;68,9;21,7;5,1;Nominal;D;0,46;0,47
2026-08-12 12:52;10,12678;-73,27335;VIIRS-NOAA-20;68,3;24,9;6,0;Nominal;D;0,46;0,47
2026-08-12 12:52;9,89295;-74,59729;VIIRS-NOAA-20;61,2;20,3;3,9;Nominal;D;0,57;0,52
2026-08-12 12:52;9,86051;-75,17188;VIIRS-NOAA-20;63,0;17,5;5,0;Nominal;D;0,62;0,54
2026-08-12 12:52;9,93009;-74,80298;VIIRS-NOAA-20;70,1;25,7;12,6;Nominal;D;0,59;0,53
2026-08-12 12:52;9,99719;-74,44438;VIIRS-NOAA-20;62,6;20,4;2,0;Nominal;D;0,55;0,51
2026-08-12 12:52;9,99457;-74,44658;VIIRS-NOAA-20;67,9;21,5;5,0;Nominal;D;0,55;0,51
2026-08-12 12:52;9,93041;-74,7999;VIIRS-NOAA-20;68,4;24,5;10,7;Nominal;D;0,59;0,52
2026-08-12 12:52;10,08787;-73,98023;VIIRS-NOAA-20;61,8;26,6;1,8;Nominal;D;0,51;0,49
2026-08-12 12:52;10,32906;-73,35917;VIIRS-NOAA-20;63,5;30,4;6,4;Nominal;D;0,46;0,47
2026-08-12 12:52;10,19161;-74,2188;VIIRS-NOAA-20;69,0;25,0;9,2;Nominal;D;0,53;0,5
2026-08-12 12:52;10,06209;-75,00165;VIIRS-NOAA-20;57,4;23,1;7,1;Nominal;D;0,6;0,53
2026-08-12 12:52;10,22201;-74,23371;VIIRS-NOAA-20;72,8;24,7;7,2;Nominal;D;0,53;0,5
2026-08-12 12:52;10,27508;-74,03587;VIIRS-NOAA-20;72,9;32,5;18,6;Nominal;D;0,51;0,5
2026-08-12 12:52;10,27959;-74,03664;VIIRS-NOAA-20;74,4;32,8;18,6;Nominal;D;0,51;0,5
2026-08-12 12:52;10,27879;-74,0413;VIIRS-NOAA-20;63,2;31,2;13,4;Nominal;D;0,51;0,5
2026-08-12 12:52;10,27678;-74,03448;VIIRS-NOAA-20;64,6;31,4;10,6;Nominal;D;0,51;0,5
2026-08-12 12:52;10,27595;-74,03913;VIIRS-NOAA-20;72,3;33,9;21,6;Nominal;D;0,51;0,5
2026-08-12 12:52;10,28129;-74,03526;VIIRS-NOAA-20;61,7;30,9;5,0;Nominal;D;0,51;0,5
2026-08-12 12:52;10,28046;-74,03989;VIIRS-NOAA-20;69,5;31,3;6,1;Nominal;D;0,51;0,5
2026-08-12 12:52;10,15099;-75,08173;VIIRS-NOAA-20;70,3;24,9;20,7;Nominal;D;0,61;0,53
2026-08-12 12:52;10,31809;-74,24985;VIIRS-NOAA-20;57,9;30,4;1,8;Baja;D;0,53;0,5
2026-08-12 12:52;10,48092;-73,33882;VIIRS-NOAA-20;59,3;26,3;2,9;Nominal;D;0,46;0,47
2026-08-12 12:52;10,20475;-74,94792;VIIRS-NOAA-20;66,0;26,9;5,5;Nominal;D;0,59;0,53
2026-08-12 12:52;10,49194;-73,40356;VIIRS-NOAA-20;73,0;26,2;5,5;Nominal;D;0,46;0,47
2026-08-12 12:52;10,49632;-73,40389;VIIRS-NOAA-20;67,6;24,5;5,5;Nominal;D;0,46;0,47
2026-08-12 12:52;10,30984;-74,51529;VIIRS-NOAA-20;58,2;27,0;4,3;Nominal;D;0,55;0,51
2026-08-12 12:52;10,49443;-73,4025;VIIRS-NOAA-20;75,0;26,4;6,4;Nominal;D;0,46;0,47
2026-08-12 12:52;10,49374;-73,40637;VIIRS-NOAA-20;61,7;24,0;6,4;Nominal;D;0,46;0,47
2026-08-12 12:52;10,24319;-75,48698;VIIRS-NOAA-20;59,4;21,9;3,1;Nominal;D;0,32;0,55
2026-08-12 12:52;10,79682;-72,91268;VIIRS-NOAA-20;68,9;35,1;5,5;Nominal;D;0,42;0,46
2026-08-12 12:52;10,54891;-74,73145;VIIRS-NOAA-20;65,1;26,9;2,8;Nominal;D;0,57;0,52
2026-08-12 12:52;10,66283;-74,14082;VIIRS-NOAA-20;61,7;26,0;12,8;Nominal;D;0,51;0,5
2026-08-12 12:52;10,66734;-74,14165;VIIRS-NOAA-20;69,7;26,7;12,8;Nominal;D;0,51;0,5
2026-08-12 12:52;10,66653;-74,14629;VIIRS-NOAA-20;66,2;28,5;12,8;Nominal;D;0,51;0,5
2026-08-12 12:52;10,94388;-73,09741;VIIRS-NOAA-20;66,5;24,4;7,4;Nominal;D;0,43;0,46
2026-08-12 12:52;10,59222;-75,29095;VIIRS-NOAA-20;67,9;22,6;7,6;Nominal;D;0,62;0,54
2026-08-12 12:52;10,58968;-75,29192;VIIRS-NOAA-20;66,2;23,0;6,8;Nominal;D;0,62;0,54
2026-08-12 12:52;11,0629;-72,84142;VIIRS-NOAA-20;73,1;28,6;6,1;Nominal;D;0,42;0,45
2026-08-12 12:52;10,74229;-74,64773;VIIRS-NOAA-20;71,0;27,9;5,9;Nominal;D;0,55;0,51
2026-08-12 12:52;10,74139;-74,65273;VIIRS-NOAA-20;65,0;28,2;5,9;Nominal;D;0,55;0,51
2026-08-12 12:52;11,15446;-72,43163;VIIRS-NOAA-20;73,1;31,8;19,0;Nominal;D;0,39;0,44
2026-08-12 12:52;11,13415;-72,57442;VIIRS-NOAA-20;62,7;33,5;7,7;Baja;D;0,4;0,44
2026-08-12 12:52;11,2017;-72,27421;VIIRS-NOAA-20;63,6;29,7;49,2;Nominal;D;0,57;0,43
2026-08-12 12:52;10,741;-74,92526;VIIRS-NOAA-20;56,9;26,9;2,7;Baja;D;0,58;0,52
2026-08-12 12:52;11,20346;-72,26379;VIIRS-NOAA-20;27,2;42,8;141,4;Baja;D;0,57;0,43
2026-08-12 12:52;11,19687;-72,35105;VIIRS-NOAA-20;70,6;30,5;6,9;Nominal;D;0,39;0,44
2026-08-12 12:52;11,2179;-72,25045;VIIRS-NOAA-20;61,5;30,5;2,8;Nominal;D;0,57;0,43
2026-08-12 12:52;11,15119;-72,69472;VIIRS-NOAA-20;69,9;29,0;5,6;Nominal;D;0,41;0,45
2026-08-12 12:52;11,228;-72,26294;VIIRS-NOAA-20;62,7;30,2;3,0;Nominal;D;0,57;0,43
2026-08-12 12:52;11,20158;-72,42047;VIIRS-NOAA-20;65,6;28,8;4,9;Nominal;D;0,39;0,44
2026-08-12 12:52;11,1053;-72,99048;VIIRS-NOAA-20;60,6;23,6;8,1;Nominal;D;0,42;0,46
2026-08-12 12:52;11,10464;-72,99435;VIIRS-NOAA-20;59,9;26,4;16,5;Nominal;D;0,42;0,46
2026-08-12 12:52;10,82206;-74,71404;VIIRS-NOAA-20;64,4;24,6;6,3;Nominal;D;0,56;0,51
2026-08-12 12:52;10,82461;-74,71186;VIIRS-NOAA-20;69,7;24,5;8,3;Nominal;D;0,56;0,51
2026-08-12 12:52;11,13426;-73,05486;VIIRS-NOAA-20;64,4;26,8;35,2;Nominal;D;0,43;0,46
2026-08-12 12:52;11,13361;-73,05862;VIIRS-NOAA-20;64,7;34,9;35,2;Nominal;D;0,43;0,46
2026-08-12 12:52;11,13295;-73,06239;VIIRS-NOAA-20;58,0;22,2;21,7;Nominal;D;0,43;0,46
2026-08-12 12:52;11,1426;-73,05627;VIIRS-NOAA-20;70,1;24,1;16,8;Nominal;D;0,43;0,46
2026-08-12 12:52;11,17057;-72,92;VIIRS-NOAA-20;57,2;28,1;5,0;Baja;D;0,42;0,45
2026-08-12 12:52;10,86182;-74,6928;VIIRS-NOAA-20;68,6;24,3;9,6;Nominal;D;0,55;0,51
2026-08-12 12:52;11,27416;-72,46307;VIIRS-NOAA-20;60,4;28,9;2,0;Nominal;D;0,39;0,44
2026-08-12 12:52;11,28768;-72,55386;VIIRS-NOAA-20;73,0;28,4;2,9;Nominal;D;0,4;0,44
2026-08-12 12:52;11,2917;-72,55458;VIIRS-NOAA-20;60,3;28,9;2,9;Nominal;D;0,4;0,44
2026-08-12 12:52;11,27566;-72,6746;VIIRS-NOAA-20;61,8;31,5;4,6;Nominal;D;0,4;0,44
2026-08-12 12:52;11,25171;-72,84167;VIIRS-NOAA-20;73,0;29,0;11,3;Nominal;D;0,41;0,45
2026-08-12 12:52;11,27603;-72,6744;VIIRS-NOAA-20;67,9;32,0;5,4;Nominal;D;0,4;0,44
2026-08-12 12:52;11,2509;-72,84109;VIIRS-NOAA-20;67,4;27,9;4,6;Nominal;D;0,41;0,45
2026-08-12 12:52;11,25434;-72,84552;VIIRS-NOAA-20;61,8;25,9;6,7;Nominal;D;0,41;0,45
2026-08-12 12:52;11,3034;-72,78162;VIIRS-NOAA-20;70,7;26,7;4,4;Nominal;D;0,41;0,45
2026-08-12 12:52;11,30276;-72,78531;VIIRS-NOAA-20;61,3;27,8;4,4;Nominal;D;0,41;0,45
2026-08-12 12:52;11,29785;-72,83797;VIIRS-NOAA-20;57,4;27,0;2,8;Nominal;D;0,41;0,45
2026-08-12 12:52;11,30667;-72,83572;VIIRS-NOAA-20;58,6;23,6;2,2;Nominal;D;0,41;0,45
2026-08-12 12:52;11,24041;-73,26844;VIIRS-NOAA-20;58,4;24,5;3,2;Nominal;D;0,44;0,46
2026-08-12 12:52;11,33761;-72,75343;VIIRS-NOAA-20;69,3;27,2;5,2;Nominal;D;0,41;0,45
2026-08-12 12:52;11,33698;-72,75712;VIIRS-NOAA-20;66,5;29,4;12,9;Nominal;D;0,41;0,45
2026-08-12 12:52;11,34168;-72,75415;VIIRS-NOAA-20;62,9;24,8;5,2;Nominal;D;0,41;0,45
2026-08-12 12:52;11,48102;-72,81796;VIIRS-NOAA-20;64,0;30,3;3,4;Nominal;D;0,41;0,45
2026-08-12 12:52;9,54871;-75,2772;VIIRS-NOAA-20;60,9;21,3;1,6;Nominal;D;0,32;0,55
2026-08-12 12:52;9,62035;-74,8252;VIIRS-NOAA-20;71,6;22,5;14,1;Nominal;D;0,59;0,53
2026-08-12 12:52;9,84432;-73,49189;VIIRS-NOAA-20;65,7;26,6;9,4;Nominal;D;0,48;0,48
2026-08-12 12:52;9,84508;-73,48759;VIIRS-NOAA-20;63,2;31,1;174,6;Nominal;D;0,48;0,48
2026-08-12 12:52;9,83994;-73,49112;VIIRS-NOAA-20;75,0;32,7;17,4;Nominal;D;0,48;0,48
2026-08-12 12:52;9,84147;-73,48251;VIIRS-NOAA-20;70,1;32,2;224,4;Nominal;D;0,48;0,48
2026-08-12 12:52;9,61173;-74,73606;VIIRS-NOAA-20;61,4;18,2;3,9;Nominal;D;0,59;0,53
2026-08-12 12:52;9,83932;-73,49278;VIIRS-NOAA-20;60,4;29,8;7,7;Nominal;D;0,48;0,48
2026-08-12 12:52;9,84005;-73,48846;VIIRS-NOAA-20;78,0;33,7;178,0;Nominal;D;0,48;0,48
2026-08-12 12:52;9,84151;-73,47982;VIIRS-NOAA-20;63,1;24,2;25,1;Nominal;D;0,48;0,48
2026-08-12 12:52;9,61207;-74,73457;VIIRS-NOAA-20;65,3;17,9;3,7;Nominal;D;0,59;0,53
2026-08-12 12:52;9,42734;-75,3484;VIIRS-NOAA-20;62,7;20,3;3,0;Nominal;D;0,33;0,55
2026-08-12 12:52;9,01258;-73,25504;VIIRS-NOAA-20;76,7;22,2;22,7;Nominal;D;0,48;0,48
2026-08-12 12:52;9,00816;-73,25455;VIIRS-NOAA-20;74,9;22,4;22,7;Nominal;D;0,48;0,48
2026-08-12 12:52;9,01174;-73,25653;VIIRS-NOAA-20;58,1;24,9;27,0;Nominal;D;0,48;0,48
2026-08-12 12:52;8,84594;-74,06996;VIIRS-NOAA-20;69,8;18,7;88,4;Nominal;D;0,55;0,51
2026-08-12 12:52;8,83114;-73,85448;VIIRS-NOAA-20;68,5;22,2;5,6;Nominal;D;0,53;0,5
2026-08-12 12:52;8,83438;-73,78236;VIIRS-NOAA-20;69,6;23,1;11,1;Nominal;D;0,52;0,5
2026-08-12 12:52;8,8352;-73,77766;VIIRS-NOAA-20;70,0;22,2;11,2;Nominal;D;0,52;0,5
2026-08-12 12:52;8,92474;-72,89222;VIIRS-NOAA-20;65,0;24,1;6,7;Nominal;D;0,45;0,47
2026-08-12 12:52;8,92543;-72,88813;VIIRS-NOAA-20;66,4;22,4;6,5;Nominal;D;0,45;0,47
2026-08-12 12:52;8,68771;-73,9198;VIIRS-NOAA-20;71,2;19,3;8,0;Nominal;D;0,54;0,5
2026-08-12 12:52;8,64631;-73,91538;VIIRS-NOAA-20;69,4;20,9;8,8;Nominal;D;0,54;0,51
2026-08-12 12:52;8,61615;-73,81666;VIIRS-NOAA-20;58,3;20,2;4,2;Nominal;D;0,53;0,5
2026-08-12 12:52;8,50047;-74,33613;VIIRS-NOAA-20;67,0;13,5;10,4;Nominal;D;0,58;0,52
2026-08-12 12:52;8,58376;-73,7867;VIIRS-NOAA-20;60,4;20,0;2,9;Nominal;D;0,53;0,5
2026-08-12 12:52;8,4997;-74,33763;VIIRS-NOAA-20;73,8;14,2;9,1;Nominal;D;0,58;0,52
2026-08-12 12:52;8,58357;-73,78745;VIIRS-NOAA-20;62,8;19,6;3,6;Nominal;D;0,53;0,5
2026-08-12 12:52;8,74806;-72,78331;VIIRS-NOAA-20;57,8;29,8;20,5;Nominal;D;0,45;0,47
2026-08-12 12:52;8,74873;-72,77928;VIIRS-NOAA-20;67,4;23,9;20,5;Nominal;D;0,45;0,47
2026-08-12 13:34;-2,42598;-72,24765;VIIRS-NOAA-21;57,8;22,2;5,1;Nominal;D;0,56;0,43
2026-08-12 13:36;4,10881;-75,0565;VIIRS-NOAA-21;75,8;12,6;11,3;Nominal;D;0,47;0,4
2026-08-12 13:36;4,91278;-74,9106;VIIRS-NOAA-21;61,1;13,4;6,0;Nominal;D;0,49;0,4
2026-08-12 13:36;4,91328;-74,91195;VIIRS-NOAA-21;65,7;14,6;6,8;Nominal;D;0,49;0,4
2026-08-12 13:36;4,71827;-76,06222;VIIRS-NOAA-21;62,7;21,0;6,5;Nominal;D;0,43;0,38
2026-08-12 13:36;4,91486;-74,62145;VIIRS-NOAA-21;59,0;12,0;5,3;Nominal;D;0,51;0,41
2026-08-12 13:36;4,59692;-74,99917;VIIRS-NOAA-21;80,8;14,2;10,5;Nominal;D;0,48;0,4
2026-08-12 13:36;4,59756;-74,99473;VIIRS-NOAA-21;57,0;8,4;10,5;Nominal;D;0,48;0,4
2026-08-12 13:36;4,59331;-74,99826;VIIRS-NOAA-21;73,0;9,9;6,4;Nominal;D;0,48;0,4
2026-08-12 13:36;4,20993;-74,95724;VIIRS-NOAA-21;62,6;7,7;4,8;Nominal;D;0,48;0,4
2026-08-12 13:36;4,20628;-74,95673;VIIRS-NOAA-21;56,9;8,5;4,8;Nominal;D;0,48;0,4
2026-08-12 13:36;4,14533;-75,14327;VIIRS-NOAA-21;62,6;12,2;6,2;Nominal;D;0,47;0,4
2026-08-12 13:36;4,14591;-75,13934;VIIRS-NOAA-21;65,6;12,9;6,2;Nominal;D;0,47;0,4
2026-08-12 13:36;4,1471;-75,1313;VIIRS-NOAA-21;63,3;13,5;6,0;Nominal;D;0,47;0,4
2026-08-12 13:36;4,1417;-75,14289;VIIRS-NOAA-21;68,8;17,0;6,2;Nominal;D;0,47;0,4
2026-08-12 13:36;4,14228;-75,13896;VIIRS-NOAA-21;62,7;15,0;6,2;Nominal;D;0,47;0,4
2026-08-12 13:36;4,14349;-75,13076;VIIRS-NOAA-21;71,1;15,2;6,0;Nominal;D;0,47;0,4
2026-08-12 13:36;4,12212;-75,2512;VIIRS-NOAA-21;67,7;8,2;21,0;Nominal;D;0,46;0,39
2026-08-12 13:36;4,13807;-75,14251;VIIRS-NOAA-21;62,2;19,1;6,2;Nominal;D;0,47;0,4
2026-08-12 13:36;4,13866;-75,13855;VIIRS-NOAA-21;71,7;18,9;6,2;Nominal;D;0,47;0,4
2026-08-12 13:36;4,13927;-75,13435;VIIRS-NOAA-21;74,1;18,6;9,3;Nominal;D;0,47;0,4
2026-08-12 13:36;4,15057;-75,05716;VIIRS-NOAA-21;74,3;15,1;15,6;Nominal;D;0,47;0,4
2026-08-12 13:36;4,13569;-75,13358;VIIRS-NOAA-21;62,1;15,3;9,3;Nominal;D;0,47;0,4
2026-08-12 13:36;4,14694;-75,05662;VIIRS-NOAA-21;75,9;18,1;15,6;Nominal;D;0,47;0,4
2026-08-12 13:36;4,14332;-75,05609;VIIRS-NOAA-21;62,7;13,4;3,9;Nominal;D;0,47;0,4
2026-08-12 13:36;4,1103;-75,25676;VIIRS-NOAA-21;65,8;9,5;8,5;Nominal;D;0,46;0,39
2026-08-12 13:36;4,14341;-75,03004;VIIRS-NOAA-21;69,6;14,7;4,9;Nominal;D;0,47;0,4
2026-08-12 13:36;4,14403;-75,02579;VIIRS-NOAA-21;63,0;13,1;4,9;Nominal;D;0,47;0,4
2026-08-12 13:36;4,10608;-75,2606;VIIRS-NOAA-21;61,0;8,5;5,4;Nominal;D;0,46;0,39
2026-08-12 13:36;3,14503;-72,46866;VIIRS-NOAA-21;66,5;21,5;4,0;Nominal;D;0,43;0,46
2026-08-12 13:36;3,13538;-72,53414;VIIRS-NOAA-21;55,9;21,2;5,3;Nominal;D;0,43;0,46
2026-08-12 13:36;3,13956;-72,53477;VIIRS-NOAA-21;67,6;20,1;9,3;Nominal;D;0,43;0,46
2026-08-12 13:36;4,12313;-75,14372;VIIRS-NOAA-21;65,0;18,0;3,6;Nominal;D;0,47;0,4
2026-08-12 13:36;4,12375;-75,13949;VIIRS-NOAA-21;73,0;16,6;5,9;Nominal;D;0,47;0,4
2026-08-12 13:36;4,13916;-75,03376;VIIRS-NOAA-21;57,0;14,3;5,8;Nominal;D;0,47;0,4
2026-08-12 13:36;4,13978;-75,02951;VIIRS-NOAA-21;66,2;14,1;5,8;Nominal;D;0,47;0,4
2026-08-12 13:36;4,1404;-75,02525;VIIRS-NOAA-21;63,0;15,0;5,8;Nominal;D;0,47;0,4
2026-08-12 13:36;4,13553;-75,03322;VIIRS-NOAA-21;73,9;15,4;5,8;Nominal;D;0,47;0,4
2026-08-12 13:36;4,10684;-75,20496;VIIRS-NOAA-21;65,8;15,0;25,5;Nominal;D;0,46;0,39
2026-08-12 13:36;4,10745;-75,20081;VIIRS-NOAA-21;74,8;23,0;25,5;Nominal;D;0,46;0,39
2026-08-12 13:36;4,10324;-75,20446;VIIRS-NOAA-21;76,1;14,6;25,5;Nominal;D;0,46;0,39
2026-08-12 13:36;4,10893;-75,20228;VIIRS-NOAA-21;70,1;15,3;17,9;Nominal;D;0,46;0,39
2026-08-12 13:36;4,13373;-75,03872;VIIRS-NOAA-21;60,5;13,9;2,7;Nominal;D;0,47;0,4
2026-08-12 13:36;4,13438;-75,03448;VIIRS-NOAA-21;62,0;14,3;2,7;Nominal;D;0,47;0,4
2026-08-12 13:36;4,13502;-75,03025;VIIRS-NOAA-21;61,4;14,3;3,3;Nominal;D;0,47;0,4
2026-08-12 13:36;4,10471;-75,2059;VIIRS-NOAA-21;63,3;12,0;17,9;Nominal;D;0,46;0,39
2026-08-12 13:36;4,10533;-75,20176;VIIRS-NOAA-21;78,3;20,6;17,9;Nominal;D;0,46;0,39
2026-08-12 13:36;4,10596;-75,19763;VIIRS-NOAA-21;64,1;12,6;14,2;Nominal;D;0,46;0,39
2026-08-12 13:36;4,13011;-75,03818;VIIRS-NOAA-21;65,3;11,5;2,7;Nominal;D;0,47;0,4
2026-08-12 13:36;4,10109;-75,20547;VIIRS-NOAA-21;67,7;14,0;5,0;Nominal;D;0,46;0,39
2026-08-12 13:36;4,10173;-75,2013;VIIRS-NOAA-21;65,0;14,0;5,0;Nominal;D;0,46;0,39
2026-08-12 13:36;3,33833;-73,05196;VIIRS-NOAA-21;57,5;20,2;1,8;Nominal;D;0,4;0,44
2026-08-12 13:36;3,37857;-72,91754;VIIRS-NOAA-21;81,1;21,9;5,4;Nominal;D;0,41;0,45
2026-08-12 13:36;3,37805;-72,92117;VIIRS-NOAA-21;59,4;22,9;5,4;Nominal;D;0,41;0,45
2026-08-12 13:36;3,54547;-72,30785;VIIRS-NOAA-21;58,5;18,8;2,6;Nominal;D;0,45;0,47
2026-08-12 13:36;3,55155;-72,29646;VIIRS-NOAA-21;73,9;18,0;6,2;Nominal;D;0,45;0,47
2026-08-12 13:36;4,05982;-75,18665;VIIRS-NOAA-21;73,6;23,9;6,8;Nominal;D;0,46;0,39
2026-08-12 13:36;4,06402;-75,18311;VIIRS-NOAA-21;93,9;25,4;14,9;Alta;D;0,46;0,39
2026-08-12 13:36;4,06339;-75,18731;VIIRS-NOAA-21;58,4;20,4;4,0;Nominal;D;0,46;0,39
2026-08-12 13:36;4,06381;-75,23368;VIIRS-NOAA-21;60,4;12,0;8,2;Nominal;D;0,46;0,39
2026-08-12 13:36;4,0515;-75,31606;VIIRS-NOAA-21;68,0;19,4;8,8;Nominal;D;0,46;0,39
2026-08-12 13:36;0,32456;-77,03437;VIIRS-NOAA-21;58,6;18,0;3,5;Nominal;D;0,39;0,36
2026-08-12 13:36;4,91646;-74,91119;VIIRS-NOAA-21;63,5;13,6;6,0;Nominal;D;0,49;0,4
2026-08-12 13:36;4,91518;-74,92003;VIIRS-NOAA-21;63,5;16,4;5,7;Nominal;D;0,49;0,4
2026-08-12 13:36;4,91951;-74,91619;VIIRS-NOAA-21;67,3;19,2;44,0;Nominal;D;0,49;0,4
2026-08-12 13:36;4,91886;-74,92063;VIIRS-NOAA-21;71,7;19,8;94,6;Nominal;D;0,49;0,4
2026-08-12 13:36;5,92986;-74,5965;VIIRS-NOAA-21;61,1;24,7;16,9;Nominal;D;0,52;0,42
2026-08-12 13:36;5,8558;-75,11889;VIIRS-NOAA-21;58,3;19,9;3,7;Nominal;D;0,49;0,4
2026-08-12 13:36;5,92961;-74,5944;VIIRS-NOAA-21;69,2;25,0;16,8;Nominal;D;0,53;0,42
2026-08-12 13:36;5,85529;-75,11719;VIIRS-NOAA-21;58,0;20,0;2,5;Nominal;D;0,49;0,4
2026-08-12 13:36;5,83192;-75,41011;VIIRS-NOAA-21;60,5;15,6;5,0;Nominal;D;0,47;0,4
2026-08-12 13:36;5,8355;-75,41093;VIIRS-NOAA-21;60,3;13,8;5,0;Nominal;D;0,47;0,4
2026-08-12 13:36;5,83865;-75,49066;VIIRS-NOAA-21;73,8;17,4;9,6;Nominal;D;0,47;0,4
2026-08-12 13:36;5,84339;-75,48345;VIIRS-NOAA-21;62,6;12,9;11,2;Nominal;D;0,47;0,4
2026-08-12 13:36;5,84638;-75,48822;VIIRS-NOAA-21;73,2;13,7;11,2;Nominal;D;0,47;0,4
2026-08-12 13:36;5,85632;-75,49576;VIIRS-NOAA-21;70,8;18,9;11,4;Nominal;D;0,47;0,4
2026-08-12 13:36;5,85575;-75,49965;VIIRS-NOAA-21;76,8;20,0;10,4;Nominal;D;0,47;0,4
2026-08-12 13:36;6,03383;-74,86708;VIIRS-NOAA-21;62,3;23,5;7,8;Nominal;D;0,51;0,41
2026-08-12 13:36;6,7439;-71,24196;VIIRS-NOAA-21;66,9;15,4;8,0;Nominal;D;0,59;0,53
2026-08-12 13:36;6,26064;-74,798;VIIRS-NOAA-21;63,9;31,9;5,6;Nominal;D;0,52;0,41
2026-08-12 13:36;6,43457;-74,33921;VIIRS-NOAA-21;61,7;25,5;6,3;Nominal;D;0,55;0,43
2026-08-12 13:36;6,53894;-73,69176;VIIRS-NOAA-21;66,0;18,7;10,6;Nominal;D;0,4;0,45
2026-08-12 13:36;6,24271;-76,06673;VIIRS-NOAA-21;64,4;-6,6;6,2;Nominal;D;0,45;0,39
2026-08-12 13:36;6,57995;-73,865;VIIRS-NOAA-21;58,0;12,3;6,0;Nominal;D;0,39;0,44
2026-08-12 13:36;6,60046;-74,77647;VIIRS-NOAA-21;62,0;20,4;10,6;Nominal;D;0,52;0,42
2026-08-12 13:36;6,5998;-74,7811;VIIRS-NOAA-21;72,1;22,4;10,6;Nominal;D;0,52;0,42
2026-08-12 13:36;6,60426;-74,777;VIIRS-NOAA-21;66,7;17,9;9,4;Nominal;D;0,52;0,42
2026-08-12 13:36;6,72866;-74,05102;VIIRS-NOAA-21;73,7;27,2;6,4;Nominal;D;0,39;0,44
2026-08-12 13:36;6,73962;-74,05959;VIIRS-NOAA-21;68,2;27,8;5,8;Nominal;D;0,39;0,44
2026-08-12 13:36;6,62938;-75,09103;VIIRS-NOAA-21;56,0;13,4;2,6;Nominal;D;0,5;0,41
2026-08-12 13:36;2,08735;-72,4431;VIIRS-NOAA-21;67,5;14,6;7,0;Nominal;D;0,42;0,45
2026-08-12 13:36;1,48496;-77,57157;VIIRS-NOAA-21;62,4;6,9;15,6;Nominal;D;0,38;0,36
2026-08-12 13:36;1,9244;-76,91361;VIIRS-NOAA-21;59,3;-2,2;3,1;Nominal;D;0,39;0,36
2026-08-12 13:36;4,92319;-74,9168;VIIRS-NOAA-21;69,8;20,1;44,0;Nominal;D;0,49;0,4
2026-08-12 13:36;2,88241;-73,80321;VIIRS-NOAA-21;65,8;18,5;6,7;Nominal;D;0,53;0,42
2026-08-12 13:36;3,46297;-73,73528;VIIRS-NOAA-21;67,4;21,9;9,7;Nominal;D;0,55;0,43
2026-08-12 13:36;3,46066;-73,73249;VIIRS-NOAA-21;58,1;20,1;6,9;Nominal;D;0,55;0,43
2026-08-12 13:36;3,70444;-72,69168;VIIRS-NOAA-21;66,9;21,9;4,9;Nominal;D;0,43;0,46
2026-08-12 13:36;3,11349;-76,69654;VIIRS-NOAA-21;58,2;14,8;3,5;Nominal;D;0,4;0,37
2026-08-12 13:36;3,37735;-75,12228;VIIRS-NOAA-21;59,6;24,8;4,3;Nominal;D;0,46;0,39
2026-08-12 13:36;3,74908;-72,74787;VIIRS-NOAA-21;67,4;19,6;10,1;Nominal;D;0,42;0,46
2026-08-12 13:36;3,75324;-72,7485;VIIRS-NOAA-21;67,7;19,7;10,1;Nominal;D;0,42;0,46
2026-08-12 13:36;4,07137;-71,92448;VIIRS-NOAA-21;80,3;20,5;20,5;Nominal;D;0,49;0,48
2026-08-12 13:36;3,67394;-74,78544;VIIRS-NOAA-21;75,2;19,3;12,3;Nominal;D;0,48;0,4
2026-08-12 13:36;4,03124;-73,5113;VIIRS-NOAA-21;59,4;19,5;6,7;Nominal;D;0,38;0,43
2026-08-12 13:36;3,79181;-75,30709;VIIRS-NOAA-21;72,7;20,0;6,7;Nominal;D;0,46;0,39
2026-08-12 13:36;4,34796;-72,03551;VIIRS-NOAA-21;58,5;17,9;6,2;Nominal;D;0,48;0,48
2026-08-12 13:36;3,94973;-75,22079;VIIRS-NOAA-21;66,2;15,6;5,1;Nominal;D;0,46;0,39
2026-08-12 13:36;4,30128;-73,27408;VIIRS-NOAA-21;72,9;17,9;6,9;Nominal;D;0,4;0,44
2026-08-12 13:36;4,01013;-75,32445;VIIRS-NOAA-21;65,0;20,4;7,7;Nominal;D;0,46;0,39
2026-08-12 13:36;4,02983;-75,21545;VIIRS-NOAA-21;65,9;12,9;5,6;Nominal;D;0,46;0,39
2026-08-12 13:36;4,02921;-75,21963;VIIRS-NOAA-21;64,7;8,9;5,6;Nominal;D;0,46;0,39
2026-08-12 13:36;4,10944;-75,05229;VIIRS-NOAA-21;74,9;13,6;16,5;Nominal;D;0,47;0,4
2026-08-12 13:36;4,02796;-75,22811;VIIRS-NOAA-21;78,0;14,1;37,9;Nominal;D;0,46;0,39
2026-08-12 13:36;4,02734;-75,23235;VIIRS-NOAA-21;74,5;15,3;18,2;Nominal;D;0,46;0,39
2026-08-12 13:36;4,05687;-75,18174;VIIRS-NOAA-21;58,4;20,5;4,5;Nominal;D;0,46;0,39
2026-08-12 13:36;4,05624;-75,18597;VIIRS-NOAA-21;65,3;22,2;6,8;Nominal;D;0,46;0,39
2026-08-12 13:36;4,06044;-75,18245;VIIRS-NOAA-21;68,0;23,0;4,5;Nominal;D;0,46;0,39
2026-08-12 13:36;4,09561;-75,21745;VIIRS-NOAA-21;76,5;20,5;16,9;Nominal;D;0,46;0,39
2026-08-12 13:36;4,11966;-75,05827;VIIRS-NOAA-21;69,2;14,0;9,0;Nominal;D;0,47;0,4
2026-08-12 13:36;4,12029;-75,05405;VIIRS-NOAA-21;78,9;16,6;33,1;Nominal;D;0,47;0,4
2026-08-12 13:36;5,76822;-75,02152;VIIRS-NOAA-21;58,7;16,4;4,5;Nominal;D;0,5;0,41
2026-08-12 13:36;5,76596;-75,01814;VIIRS-NOAA-21;57,2;17,0;3,2;Nominal;D;0,5;0,41
2026-08-12 13:36;5,75293;-74,97862;VIIRS-NOAA-21;64,1;23,0;34,7;Nominal;D;0,5;0,41
2026-08-12 13:36;5,74923;-74,97798;VIIRS-NOAA-21;65,6;23,3;17,9;Nominal;D;0,5;0,41
2026-08-12 13:36;5,86752;-74,12337;VIIRS-NOAA-21;62,3;16,5;6,3;Nominal;D;0,56;0,43
2026-08-12 13:36;5,71859;-74,98015;VIIRS-NOAA-21;65,5;29,1;54,8;Nominal;D;0,5;0,41
2026-08-12 13:36;5,69365;-74,99536;VIIRS-NOAA-21;66,5;21,2;11,7;Nominal;D;0,5;0,41
2026-08-12 13:36;5,75822;-74,46799;VIIRS-NOAA-21;63,0;18,8;3,6;Nominal;D;0,53;0,42
2026-08-12 13:36;5,64262;-75,08767;VIIRS-NOAA-21;69,6;16,5;15,3;Nominal;D;0,49;0,4
2026-08-12 13:36;5,64314;-75,08875;VIIRS-NOAA-21;69,3;18,6;19,8;Nominal;D;0,49;0,4
2026-08-12 13:36;5,67264;-74,36488;VIIRS-NOAA-21;57,8;16,4;13,6;Nominal;D;0,54;0,42
2026-08-12 13:36;5,62243;-74,36913;VIIRS-NOAA-21;64,8;15,8;6,8;Nominal;D;0,54;0,42
2026-08-12 13:36;5,50655;-74,99796;VIIRS-NOAA-21;61,1;16,0;13,9;Nominal;D;0,49;0,4
2026-08-12 13:36;5,60166;-74,29633;VIIRS-NOAA-21;59,8;18,2;4,4;Nominal;D;0,54;0,42
2026-08-12 13:36;6,11149;-70,619;VIIRS-NOAA-21;59,7;17,3;4,3;Nominal;D;0,32;0,55
2026-08-12 13:36;5,55521;-74,45424;VIIRS-NOAA-21;58,3;14,3;2,3;Nominal;D;0,53;0,42
2026-08-12 13:36;5,32456;-74,10378;VIIRS-NOAA-21;65,1;19,3;9,5;Nominal;D;0,55;0,43
2026-08-12 13:36;5,1209;-74,90019;VIIRS-NOAA-21;65,7;22,6;6,1;Nominal;D;0,49;0,41
2026-08-12 13:36;4,98696;-74,86797;VIIRS-NOAA-21;62,2;19,0;4,3;Nominal;D;0,49;0,41
2026-08-12 13:36;4,9826;-74,87186;VIIRS-NOAA-21;69,1;20,0;7,4;Nominal;D;0,49;0,41
2026-08-12 13:36;4,97649;-74,86202;VIIRS-NOAA-21;71,6;17,1;7,2;Nominal;D;0,49;0,41
2026-08-12 13:38;9,13938;-74,69534;VIIRS-NOAA-21;62,5;27,0;7,0;Nominal;D;0,57;0,43
2026-08-12 13:38;9,1554;-74,61071;VIIRS-NOAA-21;68,4;26,7;12,9;Nominal;D;0,38;0,43
2026-08-12 13:38;9,15937;-74,61128;VIIRS-NOAA-21;63,5;25,7;3,3;Nominal;D;0,38;0,43
2026-08-12 13:38;9,33842;-73,54698;VIIRS-NOAA-21;70,5;30,5;19,4;Nominal;D;0,45;0,47
2026-08-12 13:38;9,33787;-73,55106;VIIRS-NOAA-21;72,1;31,8;17,1;Nominal;D;0,45;0,47
2026-08-12 13:38;9,36331;-73,45898;VIIRS-NOAA-21;61,5;27,5;3,9;Nominal;D;0,46;0,47
2026-08-12 13:38;9,34505;-73,65907;VIIRS-NOAA-21;68,9;27,1;10,3;Nominal;D;0,44;0,46
2026-08-12 13:38;9,34451;-73,66306;VIIRS-NOAA-21;66,7;26,1;10,3;Nominal;D;0,44;0,46
2026-08-12 13:38;9,39552;-73,38322;VIIRS-NOAA-21;57,9;28,9;7,3;Baja;D;0,46;0,47
2026-08-12 13:38;9,39495;-73,38743;VIIRS-NOAA-21;63,8;29,0;7,3;Nominal;D;0,46;0,47
2026-08-12 13:38;9,3993;-73,38789;VIIRS-NOAA-21;78,8;29,2;7,3;Nominal;D;0,46;0,47
2026-08-12 13:38;9,39817;-73,39622;VIIRS-NOAA-21;69,9;30,8;10,7;Nominal;D;0,46;0,47
2026-08-12 13:38;9,20639;-74,87337;VIIRS-NOAA-21;62,9;27,3;6,8;Nominal;D;0,56;0,43
2026-08-12 13:38;11,20016;-72,27804;VIIRS-NOAA-21;77,6;27,9;14,5;Nominal;D;0,58;0,52
2026-08-12 13:38;11,10568;-72,99367;VIIRS-NOAA-21;62,3;20,0;3,2;Nominal;D;0,52;0,5
2026-08-12 13:38;11,20704;-72,26283;VIIRS-NOAA-21;76,3;28,1;12,6;Nominal;D;0,59;0,53
2026-08-12 13:38;11,19038;-72,3896;VIIRS-NOAA-21;74,6;27,4;11,4;Nominal;D;0,57;0,52
2026-08-12 13:38;11,15545;-72,79604;VIIRS-NOAA-21;93,9;26,5;35,8;Alta;D;0,54;0,51
2026-08-12 13:38;11,14774;-72,85349;VIIRS-NOAA-21;74,3;25,9;46,0;Nominal;D;0,53;0,5
2026-08-12 13:38;11,20736;-72,25975;VIIRS-NOAA-21;59,8;27,1;6,0;Nominal;D;0,59;0,53
2026-08-12 13:38;11,2067;-72,2651;VIIRS-NOAA-21;66,9;27,2;11,5;Nominal;D;0,59;0,53
2026-08-12 13:38;11,19101;-72,39208;VIIRS-NOAA-21;65,0;26,6;4,7;Nominal;D;0,57;0,52
2026-08-12 13:38;11,15506;-72,79399;VIIRS-NOAA-21;67,2;23,9;15,6;Nominal;D;0,54;0,51
2026-08-12 13:38;11,15447;-72,79868;VIIRS-NOAA-21;69,9;25,5;32,4;Nominal;D;0,54;0,51
2026-08-12 13:38;11,14781;-72,8513;VIIRS-NOAA-21;68,4;25,4;29,2;Nominal;D;0,53;0,5
2026-08-12 13:38;10,87671;-74,96301;VIIRS-NOAA-21;66,5;25,2;3,4;Nominal;D;0,39;0,44
2026-08-12 13:38;11,13083;-73,05792;VIIRS-NOAA-21;57,7;24,0;2,6;Nominal;D;0,52;0,5
2026-08-12 13:38;11,13541;-73,05825;VIIRS-NOAA-21;65,8;26,2;9,3;Nominal;D;0,52;0,5
2026-08-12 13:38;11,1738;-72,79453;VIIRS-NOAA-21;74,4;25,8;21,7;Nominal;D;0,54;0,51
2026-08-12 13:38;11,14506;-73,05504;VIIRS-NOAA-21;67,3;24,3;9,8;Nominal;D;0,52;0,5
2026-08-12 13:38;11,14445;-73,05978;VIIRS-NOAA-21;64,5;23,9;8,0;Nominal;D;0,52;0,5
2026-08-12 13:38;10,91608;-74,8823;VIIRS-NOAA-21;61,7;28,1;5,1;Nominal;D;0,39;0,44
2026-08-12 13:38;10,91034;-75,01352;VIIRS-NOAA-21;60,0;27,2;2,4;Nominal;D;0,38;0,43
2026-08-12 13:38;11,17238;-73,09347;VIIRS-NOAA-21;65,7;24,9;7,1;Nominal;D;0,51;0,5
2026-08-12 13:38;10,9749;-74,72228;VIIRS-NOAA-21;62,0;27,3;5,6;Nominal;D;0,4;0,44
2026-08-12 13:38;11,29031;-72,55622;VIIRS-NOAA-21;63,4;26,0;4,1;Nominal;D;0,56;0,52
2026-08-12 13:38;11,25189;-72,84451;VIIRS-NOAA-21;70,1;24,9;9,8;Nominal;D;0,54;0,5
2026-08-12 13:38;9,27811;-74,67297;VIIRS-NOAA-21;57,5;30,6;3,5;Baja;D;0,57;0,43
2026-08-12 13:38;9,36782;-74,13224;VIIRS-NOAA-21;58,0;27,6;1,9;Nominal;D;0,41;0,45
2026-08-12 13:38;9,42444;-73,74335;VIIRS-NOAA-21;70,8;24,1;10,7;Nominal;D;0,44;0,46
2026-08-12 13:38;9,49822;-73,29076;VIIRS-NOAA-21;60,8;24,3;2,1;Nominal;D;0,47;0,48
2026-08-12 13:38;9,47789;-73,73062;VIIRS-NOAA-21;62,8;24,2;2,2;Nominal;D;0,44;0,46
2026-08-12 13:38;9,35011;-74,67887;VIIRS-NOAA-21;70,4;30,7;7,3;Nominal;D;0,38;0,43
2026-08-12 13:38;9,55934;-73,42639;VIIRS-NOAA-21;70,4;23,5;4,7;Nominal;D;0,46;0,47
2026-08-12 13:38;9,55876;-73,43054;VIIRS-NOAA-21;68,2;24,6;9,3;Nominal;D;0,46;0,47
2026-08-12 13:38;9,56367;-73,42698;VIIRS-NOAA-21;61,2;22,3;4,7;Nominal;D;0,46;0,47
2026-08-12 13:38;9,56103;-73,429;VIIRS-NOAA-21;73,2;24,6;13,9;Nominal;D;0,46;0,47
2026-08-12 13:38;9,5708;-73,42184;VIIRS-NOAA-21;67,4;22,5;13,5;Nominal;D;0,46;0,47
2026-08-12 13:38;9,57024;-73,426;VIIRS-NOAA-21;77,8;27,6;13,5;Nominal;D;0,46;0,47
2026-08-12 13:38;9,58379;-73,42361;VIIRS-NOAA-21;70,6;26,0;12,4;Nominal;D;0,46;0,47
2026-08-12 13:38;9,41532;-74,72575;VIIRS-NOAA-21;65,5;30,0;7,4;Nominal;D;0,57;0,43
2026-08-12 13:38;9,57932;-73,71493;VIIRS-NOAA-21;69,2;29,3;18,1;Nominal;D;0,44;0,46
2026-08-12 13:38;9,58599;-73,76062;VIIRS-NOAA-21;64,4;29,4;4,2;Nominal;D;0,44;0,46
2026-08-12 13:38;9,59023;-73,76122;VIIRS-NOAA-21;65,3;29,5;4,2;Nominal;D;0,44;0,46
2026-08-12 13:38;9,65816;-73,52287;VIIRS-NOAA-21;63,4;29,8;9,6;Nominal;D;0,46;0,47
2026-08-12 13:38;9,66094;-73,5226;VIIRS-NOAA-21;66,7;26,9;8,7;Nominal;D;0,46;0,47
2026-08-12 13:38;9,66013;-74,00648;VIIRS-NOAA-21;68,5;27,4;8,4;Nominal;D;0,43;0,46
2026-08-12 13:38;9,76;-73,47283;VIIRS-NOAA-21;68,0;30,1;10,6;Nominal;D;0,46;0,47
2026-08-12 13:38;9,50638;-75,29944;VIIRS-NOAA-21;64,3;30,1;3,8;Nominal;D;0,53;0,42
2026-08-12 13:38;9,54955;-75,10833;VIIRS-NOAA-21;63,0;26,5;6,1;Nominal;D;0,54;0,42
2026-08-12 13:38;9,55141;-75,10632;VIIRS-NOAA-21;65,7;26,5;9,6;Nominal;D;0,54;0,42
2026-08-12 13:38;9,61017;-74,73476;VIIRS-NOAA-21;62,5;29,8;4,9;Nominal;D;0,38;0,43
2026-08-12 13:38;9,61555;-74,72494;VIIRS-NOAA-21;61,8;27,2;5,9;Nominal;D;0,38;0,43
2026-08-12 13:38;9,61828;-74,82269;VIIRS-NOAA-21;61,7;25,7;3,1;Nominal;D;0,57;0,43
2026-08-12 13:38;9,60014;-75,01151;VIIRS-NOAA-21;70,7;30,4;15,5;Nominal;D;0,55;0,43
2026-08-12 13:38;9,58848;-75,15194;VIIRS-NOAA-21;62,6;29,2;5,8;Nominal;D;0,54;0,42
2026-08-12 13:38;9,65033;-74,73699;VIIRS-NOAA-21;73,3;31,7;28,4;Nominal;D;0,38;0,43
2026-08-12 13:38;9,83997;-73,48325;VIIRS-NOAA-21;82,0;35,1;19,5;Nominal;D;0,46;0,47
2026-08-12 13:38;9,8394;-73,48744;VIIRS-NOAA-21;81,2;31,7;19,5;Nominal;D;0,46;0,47
2026-08-12 13:38;9,84487;-73,47966;VIIRS-NOAA-21;69,2;28,4;16,7;Nominal;D;0,46;0,47
2026-08-12 13:38;9,8443;-73,48386;VIIRS-NOAA-21;80,5;36,6;19,5;Nominal;D;0,46;0,47
2026-08-12 13:38;9,84373;-73,48804;VIIRS-NOAA-21;59,9;31,8;19,5;Nominal;D;0,46;0,47
2026-08-12 13:38;9,84315;-73,49222;VIIRS-NOAA-21;69,1;29,7;9,6;Nominal;D;0,46;0,47
2026-08-12 13:38;9,84863;-73,48445;VIIRS-NOAA-21;93,9;37,0;29,8;Alta;D;0,46;0,47
2026-08-12 13:38;9,8492;-73,48026;VIIRS-NOAA-21;68,4;27,2;7,0;Nominal;D;0,46;0,47
2026-08-12 13:38;9,62991;-75,08211;VIIRS-NOAA-21;61,3;25,1;2,6;Nominal;D;0,55;0,42
2026-08-12 13:38;9,60584;-75,36105;VIIRS-NOAA-21;72,7;27,2;9,9;Nominal;D;0,53;0,42
2026-08-12 13:38;9,65562;-75,09615;VIIRS-NOAA-21;60,5;30,7;13,6;Baja;D;0,55;0,42
2026-08-12 13:38;9,69867;-74,82368;VIIRS-NOAA-21;60,8;27,3;6,4;Nominal;D;0,57;0,43
2026-08-12 13:38;9,60888;-75,3634;VIIRS-NOAA-21;59,0;25,9;4,5;Nominal;D;0,53;0,42
2026-08-12 13:38;9,65685;-75,0984;VIIRS-NOAA-21;67,5;31,1;19,9;Nominal;D;0,55;0,42
2026-08-12 13:38;9,69801;-74,82542;VIIRS-NOAA-21;60,5;27,4;5,8;Nominal;D;0,57;0,43
2026-08-12 13:38;9,89384;-73,4592;VIIRS-NOAA-21;82,7;28,6;12,4;Nominal;D;0,47;0,47
2026-08-12 13:38;9,81892;-74,53903;VIIRS-NOAA-21;61,6;29,5;3,2;Nominal;D;0,4;0,44
2026-08-12 13:38;9,77327;-75,15308;VIIRS-NOAA-21;65,4;31,6;17,5;Nominal;D;0,54;0,42
2026-08-12 13:38;9,7858;-75,11951;VIIRS-NOAA-21;65,9;29,9;10,6;Nominal;D;0,55;0,42
2026-08-12 13:38;9,78967;-75,12018;VIIRS-NOAA-21;62,4;29,0;9,6;Nominal;D;0,55;0,42
2026-08-12 13:38;9,8525;-74,78114;VIIRS-NOAA-21;65,2;27,9;1,8;Nominal;D;0,38;0,43
2026-08-12 13:38;9,89373;-74,60092;VIIRS-NOAA-21;73,4;32,1;27,2;Nominal;D;0,39;0,44
2026-08-12 13:38;10,01039;-73,84725;VIIRS-NOAA-21;61,8;29,2;4,1;Nominal;D;0,44;0,46
2026-08-12 13:38;10,07756;-73,45372;VIIRS-NOAA-21;72,5;32,2;23,8;Nominal;D;0,47;0,48
2026-08-12 13:38;10,07698;-73,45794;VIIRS-NOAA-21;59,8;27,1;23,8;Nominal;D;0,47;0,48
2026-08-12 13:38;10,08133;-73,45853;VIIRS-NOAA-21;71,0;27,4;23,8;Nominal;D;0,47;0,48
2026-08-12 13:38;9,86145;-75,17194;VIIRS-NOAA-21;62,0;22,1;7,2;Nominal;D;0,54;0,42
2026-08-12 13:38;9,86349;-75,16998;VIIRS-NOAA-21;61,0;25,8;3,6;Nominal;D;0,55;0,42
2026-08-12 13:38;9,87833;-75,1769;VIIRS-NOAA-21;61,1;25,2;33,3;Nominal;D;0,54;0,42
2026-08-12 13:38;9,93343;-74,80342;VIIRS-NOAA-21;73,0;31,8;9,2;Nominal;D;0,38;0,43
2026-08-12 13:38;10,08769;-73,97818;VIIRS-NOAA-21;68,4;27,4;3,9;Nominal;D;0,43;0,46
2026-08-12 13:38;10,08923;-74,1522;VIIRS-NOAA-21;69,6;27,6;25,8;Nominal;D;0,42;0,45
2026-08-12 13:38;10,10185;-74,29591;VIIRS-NOAA-21;58,1;26,8;4,5;Nominal;D;0,41;0,45
2026-08-12 13:38;10,10342;-74,46923;VIIRS-NOAA-21;71,1;29,2;5,5;Nominal;D;0,4;0,44
2026-08-12 13:38;10,06252;-74,76846;VIIRS-NOAA-21;59,3;28,0;4,3;Nominal;D;0,39;0,44
2026-08-12 13:38;10,13434;-74,39507;VIIRS-NOAA-21;68,5;27,8;14,4;Nominal;D;0,41;0,45
2026-08-12 13:38;10,12491;-74,55341;VIIRS-NOAA-21;68,3;28,0;3,7;Nominal;D;0,4;0,44
2026-08-12 13:38;10,06277;-74,99947;VIIRS-NOAA-21;61,1;32,1;5,3;Baja;D;0,56;0,43
2026-08-12 13:38;10,07017;-75,03225;VIIRS-NOAA-21;59,1;28,2;28,5;Nominal;D;0,56;0,43
2026-08-12 13:38;10,26258;-73,71073;VIIRS-NOAA-21;65,5;29,8;4,0;Nominal;D;0,45;0,47
2026-08-12 13:38;10,19254;-74,21663;VIIRS-NOAA-21;67,7;27,0;6,5;Nominal;D;0,42;0,45
2026-08-12 13:38;10,04435;-75,40844;VIIRS-NOAA-21;58,8;24,1;3,4;Nominal;D;0,53;0,42
2026-08-12 13:38;10,28232;-73,71786;VIIRS-NOAA-21;57,9;27,3;3,6;Nominal;D;0,45;0,47
2026-08-12 13:38;10,16356;-74,6105;VIIRS-NOAA-21;57,2;31,0;1,7;Baja;D;0,4;0,44
2026-08-12 13:38;10,22257;-74,23277;VIIRS-NOAA-21;66,2;27,5;4,8;Nominal;D;0,42;0,45
2026-08-12 13:38;10,22206;-74,2366;VIIRS-NOAA-21;59,7;25,9;4,8;Nominal;D;0,42;0,45
2026-08-12 13:38;10,27403;-74,03913;VIIRS-NOAA-21;72,2;35,9;13,1;Nominal;D;0,43;0,46
2026-08-12 13:38;10,27875;-74,03584;VIIRS-NOAA-21;72,0;36,1;15,1;Nominal;D;0,43;0,46
2026-08-12 13:38;10,27822;-74,03973;VIIRS-NOAA-21;73,6;36,6;15,1;Nominal;D;0,43;0,46
2026-08-12 13:38;10,27573;-74,39606;VIIRS-NOAA-21;60,4;29,7;5,7;Nominal;D;0,41;0,45
2026-08-12 13:38;10,20629;-74,94907;VIIRS-NOAA-21;65,9;31,0;7,1;Nominal;D;0,57;0,43
2026-08-12 13:38;6,95101;-73,59966;VIIRS-NOAA-21;58,0;23,6;3,1;Nominal;D;0,42;0,45
2026-08-12 13:38;6,80423;-74,70364;VIIRS-NOAA-21;60,4;21,8;8,9;Nominal;D;0,53;0,42
2026-08-12 13:38;6,82812;-74,67312;VIIRS-NOAA-21;60,7;25,2;4,6;Nominal;D;0,53;0,42
2026-08-12 13:38;6,78718;-75,27316;VIIRS-NOAA-21;58,5;-0,2;4,3;Nominal;D;0,49;0,41
2026-08-12 13:38;7,05864;-73,43639;VIIRS-NOAA-21;73,8;23,1;16,8;Nominal;D;0,43;0,46
2026-08-12 13:38;7,02252;-73,71533;VIIRS-NOAA-21;69,8;25,3;7,3;Nominal;D;0,41;0,45
2026-08-12 13:38;7,02199;-73,71899;VIIRS-NOAA-21;69,8;25,5;9,8;Nominal;D;0,41;0,45
2026-08-12 13:38;7,02661;-73,71591;VIIRS-NOAA-21;57,4;25,1;7,3;Nominal;D;0,41;0,45
2026-08-12 13:38;7,05346;-73,61051;VIIRS-NOAA-21;69,8;24,3;5,8;Nominal;D;0,42;0,45
2026-08-12 13:38;6,996;-74,11203;VIIRS-NOAA-21;57,9;25,3;2,7;Nominal;D;0,39;0,44
2026-08-12 13:38;6,94874;-74,44807;VIIRS-NOAA-21;70,5;29,6;28,3;Nominal;D;0,55;0,43
2026-08-12 13:38;6,82131;-75,34518;VIIRS-NOAA-21;72,3;12,0;9,2;Nominal;D;0,49;0,4
2026-08-12 13:38;6,93713;-74,69631;VIIRS-NOAA-21;60,3;20,3;6,3;Nominal;D;0,53;0,42
2026-08-12 13:38;6,98221;-74,57418;VIIRS-NOAA-21;68,7;19,7;8,8;Nominal;D;0,54;0,42
2026-08-12 13:38;7,21898;-73,31767;VIIRS-NOAA-21;63,4;19,5;8,3;Nominal;D;0,44;0,46
2026-08-12 13:38;6,99948;-74,93638;VIIRS-NOAA-21;59,9;16,5;4,0;Nominal;D;0,52;0,41
2026-08-12 13:38;6,977;-75,147;VIIRS-NOAA-21;70,1;16,1;25,9;Nominal;D;0,5;0,41
2026-08-12 13:38;7,19408;-73,94022;VIIRS-NOAA-21;66,9;21,7;8,2;Nominal;D;0,4;0,44
2026-08-12 13:38;7,2203;-74,3704;VIIRS-NOAA-21;58,7;18,5;4,7;Nominal;D;0,56;0,43
2026-08-12 13:38;7,31711;-74,00946;VIIRS-NOAA-21;63,2;20,9;3,9;Nominal;D;0,4;0,44
2026-08-12 13:38;7,31437;-74,00933;VIIRS-NOAA-21;66,3;22,0;4,1;Nominal;D;0,4;0,44
2026-08-12 13:38;7,2614;-74,42067;VIIRS-NOAA-21;58,9;12,9;7,2;Nominal;D;0,56;0,43
2026-08-12 13:38;7,0251;-76,1397;VIIRS-NOAA-21;59,4;15,5;3,7;Nominal;D;0,45;0,39
2026-08-12 13:38;7,02447;-76,14415;VIIRS-NOAA-21;57,2;15,1;3,7;Nominal;D;0,45;0,39
2026-08-12 13:38;7,24615;-75,23311;VIIRS-NOAA-21;60,4;10,2;7,7;Nominal;D;0,5;0,41
2026-08-12 13:38;7,24385;-75,2366;VIIRS-NOAA-21;58,5;8,9;8,7;Nominal;D;0,5;0,41
2026-08-12 13:38;7,45905;-74,04259;VIIRS-NOAA-21;65,7;12,8;4,8;Nominal;D;0,4;0,44
2026-08-12 13:38;7,71877;-73,41889;VIIRS-NOAA-21;72,9;13,5;15,2;Nominal;D;0,44;0,46
2026-08-12 13:38;7,63661;-73,98959;VIIRS-NOAA-21;73,7;9,2;8,3;Nominal;D;0,4;0,44
2026-08-12 13:38;7,64066;-73,99017;VIIRS-NOAA-21;80,2;10,8;19,1;Nominal;D;0,4;0,44
2026-08-12 13:38;7,71946;-73,41882;VIIRS-NOAA-21;70,4;13,7;14,8;Nominal;D;0,44;0,46
2026-08-12 13:38;11,22821;-73,93887;VIIRS-NOAA-21;62,6;21,8;5,5;Nominal;D;0,45;0,47
2026-08-12 13:38;11,34322;-72,75498;VIIRS-NOAA-21;58,0;26,6;11,0;Nominal;D;0,54;0,51
2026-08-12 13:38;11,3347;-72,78391;VIIRS-NOAA-21;61,6;24,3;4,2;Nominal;D;0,54;0,51
2026-08-12 13:38;11,33857;-72,75435;VIIRS-NOAA-21;69,3;27,5;11,0;Nominal;D;0,54;0,51
2026-08-12 13:38;11,24307;-73,27183;VIIRS-NOAA-21;64,3;23,0;7,0;Nominal;D;0,5;0,49
2026-08-12 13:38;11,20815;-73,29528;VIIRS-NOAA-21;62,2;22,9;4,2;Nominal;D;0,5;0,49
2026-08-12 13:38;11,23275;-73,03061;VIIRS-NOAA-21;70,8;27,7;32,5;Nominal;D;0,52;0,5
2026-08-12 13:38;11,22814;-73,03043;VIIRS-NOAA-21;74,4;26,3;32,5;Nominal;D;0,52;0,5
2026-08-12 13:38;11,25183;-72,84267;VIIRS-NOAA-21;67,4;24,8;8,0;Nominal;D;0,54;0,51
2026-08-12 13:38;11,28805;-72,55369;VIIRS-NOAA-21;60,8;25,3;2,9;Nominal;D;0,56;0,52
2026-08-12 13:38;11,23138;-73,03212;VIIRS-NOAA-21;75,6;29,1;42,6;Nominal;D;0,52;0,5
2026-08-12 13:38;11,27955;-72,67284;VIIRS-NOAA-21;57,0;27,2;2,9;Baja;D;0,55;0,51
2026-08-12 13:38;11,2268;-73,03172;VIIRS-NOAA-21;69,8;24,1;5,5;Nominal;D;0,52;0,5
2026-08-12 13:38;7,85788;-73,75153;VIIRS-NOAA-21;63,6;19,5;3,9;Nominal;D;0,42;0,45
2026-08-12 13:38;7,87279;-73,76512;VIIRS-NOAA-21;68,8;18,0;5,7;Nominal;D;0,42;0,45
2026-08-12 13:38;8,08239;-72,41361;VIIRS-NOAA-21;68,0;25,4;9,4;Nominal;D;0,52;0,5
2026-08-12 13:38;8,08176;-72,41807;VIIRS-NOAA-21;59,2;27,2;9,4;Nominal;D;0,52;0,5
2026-08-12 13:38;8,08694;-72,41418;VIIRS-NOAA-21;68,6;25,9;9,4;Nominal;D;0,52;0,5
2026-08-12 13:38;7,89234;-73,77554;VIIRS-NOAA-21;60,4;19,7;3,8;Nominal;D;0,42;0,45
2026-08-12 13:38;8,0836;-72,41579;VIIRS-NOAA-21;79,4;28,2;23,2;Nominal;D;0,52;0,5
2026-08-12 13:38;7,95478;-73,77237;VIIRS-NOAA-21;57,7;16,8;2,0;Nominal;D;0,42;0,45
2026-08-12 13:38;8,18912;-72,70408;VIIRS-NOAA-21;80,2;29,0;28,6;Nominal;D;0,5;0,49
2026-08-12 13:38;8,18845;-72,70901;VIIRS-NOAA-21;67,7;26,8;17,1;Nominal;D;0,5;0,49
2026-08-12 13:38;8,19357;-72,70476;VIIRS-NOAA-21;65,2;26,9;7,5;Nominal;D;0,5;0,49
2026-08-12 13:38;8,19296;-72,70918;VIIRS-NOAA-21;64,5;24,3;3,8;Nominal;D;0,5;0,49
2026-08-12 13:38;8,21037;-72,68163;VIIRS-NOAA-21;75,5;26,1;16,3;Nominal;D;0,5;0,49
2026-08-12 13:38;8,25262;-72,70476;VIIRS-NOAA-21;59,7;26,1;6,5;Nominal;D;0,5;0,49
2026-08-12 13:38;8,25201;-72,70906;VIIRS-NOAA-21;66,7;25,6;6,5;Nominal;D;0,5;0,49
2026-08-12 13:38;8,251;-72,70797;VIIRS-NOAA-21;70,1;25,9;10,3;Nominal;D;0,5;0,49
2026-08-12 13:38;8,06684;-74,22166;VIIRS-NOAA-21;67,1;13,9;5,2;Nominal;D;0,39;0,44
2026-08-12 13:38;8,29574;-72,67959;VIIRS-NOAA-21;58,7;22,0;2,4;Nominal;D;0,5;0,49
2026-08-12 13:38;8,36025;-72,64217;VIIRS-NOAA-21;62,9;20,8;4,3;Nominal;D;0,5;0,49
2026-08-12 13:38;8,29068;-73,28266;VIIRS-NOAA-21;63,7;13,7;8,4;Nominal;D;0,46;0,47
2026-08-12 13:38;8,21137;-73,86574;VIIRS-NOAA-21;57,2;20,1;1,9;Nominal;D;0,42;0,45
2026-08-12 13:38;8,29389;-73,29119;VIIRS-NOAA-21;93,9;27,2;48,6;Alta;D;0,45;0,47
2026-08-12 13:38;8,29443;-73,28718;VIIRS-NOAA-21;75,0;27,6;35,5;Nominal;D;0,46;0,47
2026-08-12 13:38;8,18677;-74,10605;VIIRS-NOAA-21;68,5;15,2;5,9;Nominal;D;0,4;0,44
2026-08-12 13:38;8,26491;-73,87337;VIIRS-NOAA-21;72,9;22,7;15,7;Nominal;D;0,42;0,45
2026-08-12 13:38;8,30095;-73,90926;VIIRS-NOAA-21;66,1;23,1;3,8;Nominal;D;0,41;0,45
2026-08-12 13:38;8,46477;-73,11995;VIIRS-NOAA-21;66,2;25,5;4,3;Nominal;D;0,47;0,48
2026-08-12 13:38;8,56343;-72,82308;VIIRS-NOAA-21;58,3;22,7;2,4;Nominal;D;0,49;0,49
2026-08-12 13:38;8,50225;-73,37889;VIIRS-NOAA-21;61,5;23,5;3,6;Nominal;D;0,45;0,47
2026-08-12 13:38;8,47512;-73,79562;VIIRS-NOAA-21;62,4;19,7;9,2;Nominal;D;0,42;0,45
2026-08-12 13:38;8,47927;-73,79623;VIIRS-NOAA-21;68,2;22,7;9,2;Nominal;D;0,42;0,45
2026-08-12 13:38;8,47874;-73,80003;VIIRS-NOAA-21;57,8;20,3;9,2;Nominal;D;0,42;0,45
2026-08-12 13:38;8,44091;-74,16047;VIIRS-NOAA-21;66,9;18,6;5,6;Nominal;D;0,4;0,44
2026-08-12 13:38;8,41078;-74,37421;VIIRS-NOAA-21;67,2;17,5;14,2;Nominal;D;0,39;0,44
2026-08-12 13:38;8,63589;-73,01733;VIIRS-NOAA-21;61,0;20,9;4,7;Nominal;D;0,48;0,48
2026-08-12 13:38;10,20548;-74,95151;VIIRS-NOAA-21;64,9;30,6;8,2;Nominal;D;0,57;0,43
2026-08-12 13:38;10,31981;-74,24969;VIIRS-NOAA-21;93,9;32,8;15,9;Alta;D;0,42;0,45
2026-08-12 13:38;10,30988;-74,35559;VIIRS-NOAA-21;63,4;29,2;3,2;Nominal;D;0,41;0,45
2026-08-12 13:38;8,74967;-72,78048;VIIRS-NOAA-21;67,6;23,7;22,5;Nominal;D;0,5;0,49
2026-08-12 13:38;8,74905;-72,78497;VIIRS-NOAA-21;63,8;21,5;22,5;Nominal;D;0,5;0,49
2026-08-12 13:38;8,4029;-75,24655;VIIRS-NOAA-21;61,1;24,1;4,6;Nominal;D;0,52;0,41
2026-08-12 13:38;8,64464;-73,9192;VIIRS-NOAA-21;67,9;19,8;4,1;Nominal;D;0,42;0,45
2026-08-12 13:38;8,64929;-73,91603;VIIRS-NOAA-21;80,4;21,5;13,7;Nominal;D;0,42;0,45
2026-08-12 13:38;8,74622;-73,36436;VIIRS-NOAA-21;65,8;25,7;9,0;Nominal;D;0,46;0,47
2026-08-12 13:38;8,69241;-73,81763;VIIRS-NOAA-21;68,2;22,6;4,6;Nominal;D;0,42;0,46
2026-08-12 13:38;8,76907;-73,35714;VIIRS-NOAA-21;67,2;27,1;7,0;Nominal;D;0,46;0,47
2026-08-12 13:38;8,75276;-73,91948;VIIRS-NOAA-21;67,8;18,6;7,4;Nominal;D;0,42;0,45
2026-08-12 13:38;8,73255;-74,48196;VIIRS-NOAA-21;60,8;18,3;25,6;Nominal;D;0,39;0,44
2026-08-12 13:38;8,83572;-73,77924;VIIRS-NOAA-21;76,9;25,8;18,5;Nominal;D;0,43;0,46
2026-08-12 13:38;8,83518;-73,7831;VIIRS-NOAA-21;67,8;25,5;9,7;Nominal;D;0,43;0,46
2026-08-12 13:38;8,8291;-73,85665;VIIRS-NOAA-21;62,3;22,6;4,9;Nominal;D;0,42;0,45
2026-08-12 13:38;8,97248;-72,95905;VIIRS-NOAA-21;67,5;24,8;16,6;Nominal;D;0,49;0,48
2026-08-12 13:38;8,97222;-72,9566;VIIRS-NOAA-21;66,4;24,2;10,6;Nominal;D;0,49;0,48
2026-08-12 13:38;8,84398;-74,07288;VIIRS-NOAA-21;58,7;21,4;5,1;Nominal;D;0,41;0,45
2026-08-12 13:38;8,84808;-74,07347;VIIRS-NOAA-21;74,1;22,2;5,1;Nominal;D;0,41;0,45
2026-08-12 13:38;8,81206;-74,45386;VIIRS-NOAA-21;67,6;20,6;4,6;Nominal;D;0,39;0,44
2026-08-12 13:38;8,83192;-74,39928;VIIRS-NOAA-21;58,3;19,4;2,1;Nominal;D;0,39;0,44
2026-08-12 13:38;8,83702;-74,45026;VIIRS-NOAA-21;58,4;19,6;3,1;Nominal;D;0,39;0,44
2026-08-12 13:38;8,83069;-74,52406;VIIRS-NOAA-21;58,8;20,4;3,7;Nominal;D;0,38;0,44
2026-08-12 13:38;8,99687;-73,46091;VIIRS-NOAA-21;68,7;21,2;5,5;Nominal;D;0,45;0,47
2026-08-12 13:38;8,95633;-73,81086;VIIRS-NOAA-21;62,8;26,4;2,8;Nominal;D;0,43;0,46
2026-08-12 13:38;8,95778;-73,83073;VIIRS-NOAA-21;59,9;24,5;2,8;Nominal;D;0,43;0,46
2026-08-12 13:38;8,85655;-74,5419;VIIRS-NOAA-21;77,3;21,8;32,9;Nominal;D;0,38;0,43
2026-08-12 13:38;8,86102;-74,53901;VIIRS-NOAA-21;69,5;20,0;5,6;Nominal;D;0,38;0,44
2026-08-12 13:38;8,86052;-74,54247;VIIRS-NOAA-21;68,1;19,7;5,6;Nominal;D;0,38;0,43
2026-08-12 13:38;8,9595;-73,83086;VIIRS-NOAA-21;59,2;23,7;1,5;Nominal;D;0,43;0,46
2026-08-12 13:38;8,79512;-75,09705;VIIRS-NOAA-21;57,9;20,2;4,5;Nominal;D;0,53;0,42
2026-08-12 13:38;9,02953;-73,43752;VIIRS-NOAA-21;67,5;30,6;16,8;Nominal;D;0,46;0,47
2026-08-12 13:38;8,95302;-74,0352;VIIRS-NOAA-21;60,2;21,8;;Nominal;D;0,41;0,45
2026-08-12 13:38;8,97463;-73,90734;VIIRS-NOAA-21;69,8;24,4;11,8;Nominal;D;0,42;0,45
2026-08-12 13:38;8,97411;-73,91115;VIIRS-NOAA-21;69,0;23,6;6,5;Nominal;D;0,42;0,45
2026-08-12 13:38;8,9746;-74,03082;VIIRS-NOAA-21;67,2;23,3;5,8;Nominal;D;0,42;0,45
2026-08-12 13:38;8,90753;-74,57458;VIIRS-NOAA-21;67,4;20,0;2,3;Nominal;D;0,38;0,43
2026-08-12 13:38;8,98775;-74,29465;VIIRS-NOAA-21;60,4;21,5;3,4;Nominal;D;0,4;0,44
2026-08-12 13:38;8,94787;-74,7724;VIIRS-NOAA-21;58,5;23,8;2,7;Nominal;D;0,56;0,43
2026-08-12 13:38;8,94838;-74,77004;VIIRS-NOAA-21;58,7;23,6;3,4;Nominal;D;0,56;0,43
2026-08-12 13:38;9,04875;-74,09469;VIIRS-NOAA-21;57,8;20,0;3,1;Nominal;D;0,41;0,45
2026-08-12 13:38;10,31399;-74,35616;VIIRS-NOAA-21;71,4;30,3;3,2;Nominal;D;0,41;0,45
2026-08-12 13:38;10,19127;-75,26187;VIIRS-NOAA-21;57,3;25,9;3,7;Nominal;D;0,54;0,42
2026-08-12 13:38;10,31302;-74,5176;VIIRS-NOAA-21;57,7;28,4;1,9;Baja;D;0,4;0,44
2026-08-12 13:38;10,49899;-73,29744;VIIRS-NOAA-21;64,1;30,7;8,1;Nominal;D;0,49;0,48
2026-08-12 13:38;10,28226;-74,97811;VIIRS-NOAA-21;64,8;29,3;5,9;Nominal;D;0,57;0,43
2026-08-12 13:38;10,42722;-74,02124;VIIRS-NOAA-21;68,6;27,9;15,0;Nominal;D;0,44;0,46
2026-08-12 13:38;10,29658;-74,99059;VIIRS-NOAA-21;66,3;32,7;7,1;Nominal;D;0,57;0,43
2026-08-12 13:38;10,41202;-74,22351;VIIRS-NOAA-21;57,5;32,3;2,5;Baja;D;0,42;0,45
2026-08-12 13:38;10,60189;-73,02354;VIIRS-NOAA-21;60,0;27,7;5,2;Nominal;D;0,51;0,49
2026-08-12 13:38;10,51712;-74,27607;VIIRS-NOAA-21;63,4;27,0;2,0;Nominal;D;0,42;0,45
2026-08-12 13:38;10,66625;-74,14357;VIIRS-NOAA-21;78,4;29,9;26,3;Nominal;D;0,43;0,46
2026-08-12 13:38;10,67044;-74,14417;VIIRS-NOAA-21;63,1;28,3;4,0;Nominal;D;0,43;0,46
2026-08-12 13:38;10,71985;-74,31187;VIIRS-NOAA-21;58,4;28,5;5,8;Baja;D;0,42;0,45
2026-08-12 13:38;10,591;-75,29151;VIIRS-NOAA-21;70,8;27,7;6,9;Nominal;D;0,55;0,42
2026-08-12 13:38;10,59188;-75,29438;VIIRS-NOAA-21;64,9;27,0;8,4;Nominal;D;0,55;0,42
2026-08-12 13:38;10,73986;-74,6487;VIIRS-NOAA-21;59,1;27,9;5,7;Nominal;D;0,4;0,44
2026-08-12 13:38;10,73937;-74,65232;VIIRS-NOAA-21;74,1;30,6;33,0;Nominal;D;0,4;0,44
2026-08-12 13:38;10,72903;-74,72818;VIIRS-NOAA-21;68,1;25,8;4,0;Nominal;D;0,4;0,44
2026-08-12 13:38;11,00611;-72,86192;VIIRS-NOAA-21;59,0;25,2;4,4;Nominal;D;0,53;0,5
2026-08-12 13:38;10,74258;-74,92573;VIIRS-NOAA-21;63,0;32,3;2,5;Nominal;D;0,39;0,44
2026-08-12 13:38;10,84713;-74,68549;VIIRS-NOAA-21;57,3;26,8;3,6;Nominal;D;0,4;0,44
2026-08-12 13:38;10,86233;-74,69503;VIIRS-NOAA-21;93,9;28,8;13,0;Alta;D;0,4;0,44
2026-08-12 13:38;9,14877;-73,88912;VIIRS-NOAA-21;57,0;21,6;2,3;Nominal;D;0,43;0,46
2026-08-12 13:38;9,05363;-74,56444;VIIRS-NOAA-21;58,9;24,1;2,0;Nominal;D;0,39;0,44
2026-08-12 13:38;9,00476;-75,04639;VIIRS-NOAA-21;59,7;23,0;4,4;Nominal;D;0,54;0,42
2026-08-12 13:38;9,00333;-75,04323;VIIRS-NOAA-21;59,5;22,2;2,4;Nominal;D;0,54;0,42
2026-08-12 13:38;9,20547;-73,89223;VIIRS-NOAA-21;74,1;24,0;10,0;Nominal;D;0,43;0,46
2026-08-12 13:38;9,2807;-73,4026;VIIRS-NOAA-21;68,1;27,4;4,5;Nominal;D;0,46;0,47
2026-08-12 13:38;9,28021;-73,40618;VIIRS-NOAA-21;72,6;26,4;11,3;Nominal;D;0,46;0,47
2026-08-12 13:38;9,27931;-73,41277;VIIRS-NOAA-21;76,4;28,6;9,7;Nominal;D;0,46;0,47
2026-08-12 13:38;9,28458;-73,40637;VIIRS-NOAA-21;61,4;26,7;10,4;Nominal;D;0,46;0,47
2026-08-12 13:38;9,28895;-73,40659;VIIRS-NOAA-21;74,9;29,7;10,4;Nominal;D;0,46;0,47
2026-08-12 13:38;9,3053;-73,41551;VIIRS-NOAA-21;70,4;29,8;6,9;Nominal;D;0,46;0,47
2026-08-12 13:38;8,00731;-72,48918;VIIRS-NOAA-21;75,7;27,2;9,0;Nominal;D;0,51;0,49
2026-08-12 13:38;7,85841;-73,74779;VIIRS-NOAA-21;66,7;19,2;3,9;Nominal;D;0,42;0,45
2026-08-12 13:38;7,86867;-73,76453;VIIRS-NOAA-21;72,8;20,6;7,8;Nominal;D;0,42;0,45
2026-08-12 14:13;1,9239;-76,91519;VIIRS-Suomi-NPP;68,0;0,9;9,4;Nominal;D;0,56;0,51
2026-08-12 15:12;3,43469;-73,05042;MODIS-Aqua;41,9;21,7;11,2;71 %;D;1,34;1,15
2026-08-12 15:12;3,46475;-73,05505;MODIS-Aqua;40,0;20,5;9,0;56 %;D;1,34;1,15
2026-08-12 15:12;3,46303;-73,06665;MODIS-Aqua;53,0;21,3;28,2;82 %;D;1,35;1,15
2026-08-12 15:12;3,46444;-73,06161;MODIS-Aqua;52,0;20,9;27,4;82 %;D;1,34;1,15
2026-08-12 15:12;3,46263;-73,07325;MODIS-Aqua;42,0;20,9;12,2;65 %;D;1,35;1,15
2026-08-12 15:12;3,55258;-73,15225;MODIS-Aqua;34,3;14,1;5,0;58 %;D;1,36;1,15
2026-08-12 15:12;4,07193;-72,78553;MODIS-Aqua;52,1;22,8;24,5;83 %;D;1,26;1,12
2026-08-12 15:12;4,13661;-75,03325;MODIS-Aqua;41,6;0,2;22,3;0 %;D;1,83;1,33
2026-08-12 15:12;5,04045;-74,93288;MODIS-Aqua;31,1;4,8;6,7;30 %;D;1,74;1,29
2026-08-12 15:12;6,12827;-67,81589;MODIS-Aqua;62,9;14,3;41,0;88 %;D;1,17;1,08
2026-08-12 15:12;5,13352;-74,55733;MODIS-Aqua;36,5;1,4;14,3;69 %;D;1,62;1,25
2026-08-12 15:12;3,00078;-73,07501;MODIS-Aqua;38,3;18,0;10,1;61 %;D;1,37;1,16
2026-08-12 15:14;8,02794;-72,56972;MODIS-Aqua;50,6;30,8;12,9;80 %;D;1,11;1,05
2026-08-12 15:14;7,86414;-73,76755;MODIS-Aqua;43,7;17,2;10,5;71 %;D;1,29;1,13
2026-08-12 15:14;7,88428;-73,77634;MODIS-Aqua;41,1;18,5;7,0;67 %;D;1,29;1,13
2026-08-12 15:14;7,73896;-74,74913;MODIS-Aqua;34,6;14,1;6,8;49 %;D;1,51;1,21
2026-08-12 15:14;8,18166;-72,71321;MODIS-Aqua;45,8;24,6;11,9;73 %;D;1,12;1,05
2026-08-12 15:14;8,19232;-72,70496;MODIS-Aqua;54,1;25,7;21,7;81 %;D;1,12;1,05
2026-08-12 15:14;8,19082;-72,71483;MODIS-Aqua;57,5;26,1;26,7;84 %;D;1,12;1,05
2026-08-12 15:14;8,28037;-73,2751;MODIS-Aqua;53,4;20,9;26,1;65 %;D;1,19;1,09
2026-08-12 15:14;8,28976;-73,27693;MODIS-Aqua;64,1;22,0;43,1;82 %;D;1,19;1,09
2026-08-12 15:14;8,28824;-73,28679;MODIS-Aqua;72,4;20,1;61,5;81 %;D;1,19;1,09
2026-08-12 15:14;8,29762;-73,28878;MODIS-Aqua;61,5;19,8;39,1;75 %;D;1,19;1,09
2026-08-12 15:14;8,69636;-72,79305;MODIS-Aqua;51,2;24,2;17,0;77 %;D;1,11;1,05
2026-08-12 15:14;8,69486;-72,80281;MODIS-Aqua;48,7;24,2;13,9;74 %;D;1,12;1,05
2026-08-12 15:14;8,52696;-74,00319;MODIS-Aqua;59,1;26,5;32,5;85 %;D;1,31;1,13
2026-08-12 15:14;8,52516;-74,0146;MODIS-Aqua;66,2;26,4;47,9;89 %;D;1,31;1,13
2026-08-12 15:14;8,74048;-72,75011;MODIS-Aqua;41,1;24,4;5,5;59 %;D;1,11;1,05
2026-08-12 15:14;8,7452;-72,78074;MODIS-Aqua;109,7;28,4;183,3;100 %;D;1,11;1,05
2026-08-12 15:14;8,74372;-72,79048;MODIS-Aqua;104,2;28,6;156,9;100 %;D;1,11;1,05
2026-08-12 15:14;8,74224;-72,80023;MODIS-Aqua;55,7;25,7;21,5;81 %;D;1,11;1,05
2026-08-12 15:14;8,74075;-72,81001;MODIS-Aqua;53,2;25,9;18,3;79 %;D;1,12;1,05
2026-08-12 15:14;8,77169;-72,84029;MODIS-Aqua;41,8;24,6;6,0;60 %;D;1,12;1,05
2026-08-12 15:14;8,81427;-74,32997;MODIS-Aqua;42,7;22,4;9,2;58 %;D;1,36;1,15
2026-08-12 15:14;8,81348;-74,33636;MODIS-Aqua;42,5;22,2;8,4;16 %;D;1,36;1,15
2026-08-12 15:14;9,02361;-73,44308;MODIS-Aqua;43,8;26,1;13,0;52 %;D;1,19;1,09
2026-08-12 15:14;8,85181;-74,55328;MODIS-Aqua;45,9;22,2;13,8;55 %;D;1,4;1,17
2026-08-12 15:14;8,9356;-74,27686;MODIS-Aqua;41,7;20,4;6,7;41 %;D;1,34;1,15
2026-08-12 15:14;9,2771;-73,40772;MODIS-Aqua;52,2;29,0;17,5;76 %;D;1,18;1,08
2026-08-12 15:14;6,20121;-71,92434;MODIS-Aqua;39,6;16,7;6,6;70 %;D;1,08;1,04
2026-08-12 15:14;6,1998;-71,93374;MODIS-Aqua;38,2;17,0;5,4;68 %;D;1,08;1,04
2026-08-12 15:14;5,7487;-74,98259;MODIS-Aqua;33,7;9,0;10,7;53 %;D;1,7;1,28
2026-08-12 15:14;5,95681;-74,15166;MODIS-Aqua;46,4;14,8;22,8;78 %;D;1,46;1,2
2026-08-12 15:14;6,82793;-71,38103;MODIS-Aqua;40,2;19,7;7,2;69 %;D;1,03;1,01
2026-08-12 15:14;6,42804;-74,34232;MODIS-Aqua;40,5;18,1;9,9;65 %;D;1,48;1,2
2026-08-12 15:14;6,79502;-74,70513;MODIS-Aqua;31,9;8,5;7,7;47 %;D;1,56;1,23
2026-08-12 15:14;6,9801;-75,1468;MODIS-Aqua;30,0;5,1;8,8;18 %;D;1,67;1,27
2026-08-12 15:14;7,02167;-75,17049;MODIS-Aqua;33,4;9,3;12,3;57 %;D;1,68;1,27
2026-08-12 15:14;7,03498;-75,31433;MODIS-Aqua;40,6;14,0;22,9;71 %;D;1,72;1,29
2026-08-12 15:14;9,27534;-73,41906;MODIS-Aqua;47,7;28,9;11,1;68 %;D;1,18;1,08
2026-08-12 15:14;9,21251;-74,22089;MODIS-Aqua;47,8;25,5;8,1;50 %;D;1,32;1,14
2026-08-12 15:14;9,39338;-73,38171;MODIS-Aqua;60,4;32,0;25,7;84 %;D;1,17;1,08
2026-08-12 15:14;9,39179;-73,39202;MODIS-Aqua;78,3;35,3;64,6;95 %;D;1,17;1,08
2026-08-12 15:14;9,40274;-73,38335;MODIS-Aqua;66,8;29,5;38,5;89 %;D;1,17;1,08
2026-08-12 15:14;9,40116;-73,39366;MODIS-Aqua;132,5;37,0;347,1;100 %;D;1,17;1,08
2026-08-12 15:14;9,39959;-73,40389;MODIS-Aqua;55,4;32,9;15,7;66 %;D;1,17;1,08
2026-08-12 15:14;9,21025;-74,87229;MODIS-Aqua;52,5;29,2;23,1;73 %;D;1,46;1,19
2026-08-12 15:14;9,56274;-73,42111;MODIS-Aqua;49,3;29,6;9,5;34 %;D;1,17;1,08
2026-08-12 15:14;9,56114;-73,43142;MODIS-Aqua;52,9;29,3;14,0;67 %;D;1,17;1,08
2026-08-12 15:14;9,57211;-73,42265;MODIS-Aqua;52,0;27,5;11,8;61 %;D;1,17;1,08
2026-08-12 15:14;9,57053;-73,43295;MODIS-Aqua;51,1;29,7;10,9;53 %;D;1,17;1,08
2026-08-12 15:14;9,58149;-73,42416;MODIS-Aqua;53,6;29,6;12,7;31 %;D;1,17;1,08
2026-08-12 15:14;9,57925;-73,71888;MODIS-Aqua;49,0;28,4;7,6;62 %;D;1,21;1,1
2026-08-12 15:14;9,54808;-74,82989;MODIS-Aqua;47,0;29,2;10,8;0 %;D;1,43;1,18
2026-08-12 15:14;9,64086;-74,56127;MODIS-Aqua;47,2;27,5;10,1;50 %;D;1,37;1,16
2026-08-12 15:14;10,13696;-74,14594;MODIS-Aqua;52,4;29,2;18,2;64 %;D;1,26;1,12
2026-08-12 15:14;10,14096;-74,14182;MODIS-Aqua;47,1;30,1;9,5;43 %;D;1,26;1,12
2026-08-12 15:14;10,4913;-73,39986;MODIS-Aqua;53,8;25,0;22,2;80 %;D;1,14;1,06
2026-08-12 15:14;10,48978;-73,40967;MODIS-Aqua;49,5;24,1;17,4;73 %;D;1,14;1,06
2026-08-12 15:14;10,66255;-74,14394;MODIS-Aqua;51,2;26,6;21,0;78 %;D;1,24;1,11
2026-08-12 15:14;11,03551;-73,04699;MODIS-Aqua;44,9;28,0;7,8;58 %;D;1,09;1,04
2026-08-12 15:14;10,70371;-75,2562;MODIS-Aqua;44,2;24,0;10,8;38 %;D;1,47;1,2
2026-08-12 15:14;10,69962;-75,26199;MODIS-Aqua;47,0;24,8;15,0;37 %;D;1,47;1,2
2026-08-12 15:14;11,19875;-72,28139;MODIS-Aqua;48,0;30,7;6,2;38 %;D;1,02;1,01
2026-08-12 15:14;11,18371;-72,38107;MODIS-Aqua;49,2;31,1;9,6;57 %;D;1,03;1,01
2026-08-12 15:14;11,18235;-72,39013;MODIS-Aqua;67,1;31,9;34,3;89 %;D;1,03;1,01
2026-08-12 15:14;11,19255;-72,3825;MODIS-Aqua;53,7;32,5;13,1;77 %;D;1,03;1,01
2026-08-12 15:14;11,19117;-72,39159;MODIS-Aqua;74,9;33,1;47,6;94 %;D;1,03;1,01
2026-08-12 15:14;11,22519;-72,28556;MODIS-Aqua;48,3;31,3;6,5;64 %;D;1,02;1,01
2026-08-12 15:14;11,22384;-72,2946;MODIS-Aqua;50,3;31,4;9,1;73 %;D;1,02;1,01
2026-08-12 15:14;10,85415;-74,69418;MODIS-Aqua;61,2;26,9;40,1;87 %;D;1,34;1,15
2026-08-12 15:14;10,85229;-74,70595;MODIS-Aqua;44,3;26,4;10,7;68 %;D;1,34;1,15
2026-08-12 15:14;11,13444;-73,06945;MODIS-Aqua;49,7;28,9;12,9;69 %;D;1,09;1,04
2026-08-12 15:14;11,27689;-72,67415;MODIS-Aqua;49,9;31,4;6,8;59 %;D;1,05;1,02
2026-08-12 15:14;11,22299;-73,03081;MODIS-Aqua;43,7;27,0;5,7;58 %;D;1,08;1,04
2026-08-12 15:14;11,2858;-72,67558;MODIS-Aqua;53,5;30,8;11,1;74 %;D;1,05;1,02
2026-08-12 15:14;11,33913;-72,75703;MODIS-Aqua;51,4;30,5;11,1;68 %;D;1,05;1,02
2026-08-12 15:14;11,24445;-73,43903;MODIS-Aqua;46,9;24,8;12,7;60 %;D;1,12;1,06
2026-08-12 15:14;11,24294;-73,4489;MODIS-Aqua;45,2;24,7;11,4;52 %;D;1,12;1,06
2026-08-12 15:14;11,37654;-72,63014;MODIS-Aqua;51,2;32,8;8,3;72 %;D;1,04;1,02
2026-08-12 15:14;11,35175;-72,97625;MODIS-Aqua;55,0;28,4;18,4;75 %;D;1,07;1,03
2026-08-12 15:14;7,16419;-74,7076;MODIS-Aqua;39,2;12,9;13,7;69 %;D;1,54;1,22
2026-08-12 15:14;7,16215;-74,7207;MODIS-Aqua;38,4;12,8;12,8;68 %;D;1,54;1,22
2026-08-12 15:14;7,31889;-74,10115;MODIS-Aqua;34,9;12,0;7,3;54 %;D;1,38;1,16
2026-08-12 15:14;7,46061;-73,8545;MODIS-Aqua;40,6;13,7;11,7;70 %;D;1,32;1,14
2026-08-12 15:14;7,36672;-74,4561;MODIS-Aqua;35,1;13,8;8,4;61 %;D;1,46;1,19
2026-08-12 15:14;7,52625;-74,34923;MODIS-Aqua;31,8;6,3;8,4;42 %;D;1,43;1,18
2026-08-12 15:14;7,71531;-73,21445;MODIS-Aqua;33,6;16,1;7,0;46 %;D;1,2;1,09
2026-08-12 15:14;7,82989;-72,65565;MODIS-Aqua;46,8;24,8;12,0;77 %;D;1,12;1,06
2026-08-12 15:14;7,82842;-72,66532;MODIS-Aqua;48,0;24,4;13,5;78 %;D;1,12;1,06
2026-08-12 14:13;3,3795;-72,91655;VIIRS-Suomi-NPP;62,3;10,7;7,1;Nominal;D;0,55;0,68
2026-08-12 14:13;2,98194;-76,58275;VIIRS-Suomi-NPP;68,0;1,3;6,0;Nominal;D;0,61;0,53
2026-08-12 14:13;3,51919;-73,92553;VIIRS-Suomi-NPP;75,4;5,8;8,1;Nominal;D;0,47;0,64
2026-08-12 14:13;3,51547;-73,92577;VIIRS-Suomi-NPP;80,1;6,3;7,6;Nominal;D;0,47;0,64
2026-08-12 14:13;3,94799;-75,22216;VIIRS-Suomi-NPP;57,3;-6,6;8,1;Nominal;D;0,39;0,59
2026-08-12 14:13;3,94851;-75,21863;VIIRS-Suomi-NPP;83,6;-2,0;8,1;Baja;D;0,39;0,59
2026-08-12 14:13;4,02507;-75,22964;VIIRS-Suomi-NPP;68,7;1,7;10,8;Nominal;D;0,39;0,59
2026-08-12 14:13;4,02451;-75,2335;VIIRS-Suomi-NPP;84,2;5,0;14,3;Baja;D;0,39;0,59
2026-08-12 14:13;4,03124;-75,22594;VIIRS-Suomi-NPP;57,5;0,8;10,8;Nominal;D;0,39;0,59
2026-08-12 14:13;4,03067;-75,22983;VIIRS-Suomi-NPP;83,7;2,2;10,8;Nominal;D;0,39;0,59
2026-08-12 14:13;4,03011;-75,2337;VIIRS-Suomi-NPP;85,1;1,9;14,3;Baja;D;0,39;0,59
2026-08-12 14:13;4,1277;-74,87938;VIIRS-Suomi-NPP;63,1;-2,1;3,7;Nominal;D;0,41;0,61
2026-08-12 14:13;4,12475;-74,87939;VIIRS-Suomi-NPP;60,3;-2,0;3,2;Nominal;D;0,41;0,61
2026-08-12 14:13;4,11206;-75,05097;VIIRS-Suomi-NPP;55,4;3,7;3,6;Nominal;D;0,4;0,6
2026-08-12 14:13;4,11762;-75,05196;VIIRS-Suomi-NPP;81,7;5,2;3,6;Nominal;D;0,4;0,6
2026-08-12 14:13;4,1171;-75,05565;VIIRS-Suomi-NPP;56,1;0,9;3,6;Nominal;D;0,4;0,6
2026-08-12 14:13;4,1232;-75,05286;VIIRS-Suomi-NPP;57,6;3,5;2,0;Nominal;D;0,4;0,6
2026-08-12 14:13;4,13816;-75,028;VIIRS-Suomi-NPP;65,6;4,2;4,7;Nominal;D;0,41;0,6
2026-08-12 14:13;4,13762;-75,03178;VIIRS-Suomi-NPP;82,3;6,0;10,7;Nominal;D;0,4;0,6
2026-08-12 14:13;4,14431;-75,02497;VIIRS-Suomi-NPP;57,2;2,1;4,7;Nominal;D;0,41;0,6
2026-08-12 14:13;4,14376;-75,02874;VIIRS-Suomi-NPP;61,8;3,3;4,7;Nominal;D;0,41;0,6
2026-08-12 14:13;4,15117;-75,05671;VIIRS-Suomi-NPP;54,7;2,0;3,3;Nominal;D;0,4;0,6
2026-08-12 14:13;4,15631;-75,9437;VIIRS-Suomi-NPP;59,2;16,0;4,8;Nominal;D;0,35;0,57
2026-08-12 14:13;5,13758;-74,5532;VIIRS-Suomi-NPP;52,9;-4,2;4,0;Nominal;D;0,45;0,63
2026-08-12 14:13;5,69638;-74,99177;VIIRS-Suomi-NPP;67,1;10,7;6,5;Nominal;D;0,43;0,62
2026-08-12 14:13;5,69722;-74,98988;VIIRS-Suomi-NPP;55,5;8,6;3,6;Nominal;D;0,43;0,62
2026-08-12 14:13;5,69682;-74,99284;VIIRS-Suomi-NPP;62,0;9,9;3,6;Nominal;D;0,43;0,62
2026-08-12 14:13;5,7401;-74,9332;VIIRS-Suomi-NPP;93,9;16,9;27,1;Alta;D;0,43;0,62
2026-08-12 14:13;5,75107;-74,98136;VIIRS-Suomi-NPP;72,9;13,5;6,4;Nominal;D;0,43;0,62
2026-08-12 14:13;5,80235;-75,12878;VIIRS-Suomi-NPP;56,3;4,3;2,7;Nominal;D;0,42;0,61
2026-08-12 14:13;5,87623;-74,93117;VIIRS-Suomi-NPP;54,1;10,4;3,0;Nominal;D;0,44;0,62
2026-08-12 14:13;5,83222;-75,41141;VIIRS-Suomi-NPP;60,8;-2,2;3,4;Nominal;D;0,41;0,6
2026-08-12 14:13;6,43103;-74,33987;VIIRS-Suomi-NPP;62,1;12,0;6,8;Nominal;D;0,49;0,65
2026-08-12 14:13;6,43184;-74,34023;VIIRS-Suomi-NPP;69,5;12,3;5,7;Nominal;D;0,49;0,65
2026-08-12 14:13;6,53964;-74,55942;VIIRS-Suomi-NPP;66,2;5,0;4,9;Nominal;D;0,47;0,64
2026-08-12 14:13;6,60046;-74,77654;VIIRS-Suomi-NPP;56,8;-2,3;5,7;Nominal;D;0,46;0,63
2026-08-12 14:13;6,59989;-74,78062;VIIRS-Suomi-NPP;64,7;-0,7;5,2;Nominal;D;0,46;0,63
2026-08-12 14:13;6,60393;-74,77962;VIIRS-Suomi-NPP;65,9;-2,1;5,2;Nominal;D;0,46;0,63
2026-08-12 14:13;6,74331;-74,06099;VIIRS-Suomi-NPP;56,0;13,3;2,7;Nominal;D;0,51;0,66
2026-08-12 14:13;6,88464;-73,55379;VIIRS-Suomi-NPP;68,7;12,1;8,0;Nominal;D;0,56;0,69
2026-08-12 14:13;6,89144;-74,01429;VIIRS-Suomi-NPP;58,0;15,5;4,4;Nominal;D;0,52;0,67
2026-08-12 14:13;7,05794;-73,43497;VIIRS-Suomi-NPP;60,8;7,7;6,8;Nominal;D;0,57;0,69
2026-08-12 14:13;7,05414;-73,6088;VIIRS-Suomi-NPP;56,1;10,1;3,1;Nominal;D;0,56;0,68
2026-08-12 14:15;10,66925;-74,14581;VIIRS-Suomi-NPP;67,0;18,3;4,6;Nominal;D;0,57;0,69
2026-08-12 14:15;7,05825;-73,43719;VIIRS-Suomi-NPP;73,7;8,6;7,0;Nominal;D;0,57;0,69
2026-08-12 14:15;6,94725;-74,4484;VIIRS-Suomi-NPP;58,6;-3,6;3,2;Nominal;D;0,49;0,65
2026-08-12 14:15;6,97985;-75,14144;VIIRS-Suomi-NPP;52,2;3,4;10,1;Nominal;D;0,44;0,62
2026-08-12 14:15;6,97883;-75,14909;VIIRS-Suomi-NPP;80,3;5,4;11,0;Nominal;D;0,44;0,62
2026-08-12 14:15;6,97933;-75,14537;VIIRS-Suomi-NPP;83,3;5,7;10,1;Baja;D;0,44;0,62
2026-08-12 14:15;6,98287;-75,79563;VIIRS-Suomi-NPP;56,2;3,1;4,0;Nominal;D;0,4;0,6
2026-08-12 14:15;7,1032;-75,01247;VIIRS-Suomi-NPP;56,4;-5,6;2,3;Nominal;D;0,45;0,63
2026-08-12 14:15;7,50381;-74,61063;VIIRS-Suomi-NPP;61,5;-5,4;4,8;Nominal;D;0,48;0,65
2026-08-12 14:15;7,63669;-73,98781;VIIRS-Suomi-NPP;54,4;-0,2;3,4;Nominal;D;0,53;0,67
2026-08-12 14:15;7,6399;-73,9911;VIIRS-Suomi-NPP;53,3;-2,0;2,8;Nominal;D;0,53;0,67
2026-08-12 14:15;7,71874;-73,41891;VIIRS-Suomi-NPP;55,7;-5,2;3,7;Nominal;D;0,58;0,7
2026-08-12 14:15;7,84042;-73,75108;VIIRS-Suomi-NPP;67,0;6,9;6,7;Nominal;D;0,56;0,69
2026-08-12 14:15;7,87107;-73,76532;VIIRS-Suomi-NPP;72,1;5,3;6,4;Nominal;D;0,56;0,69
2026-08-12 14:15;7,87315;-73,76329;VIIRS-Suomi-NPP;58,2;4,1;5,1;Nominal;D;0,56;0,69
2026-08-12 14:15;8,19356;-72,69395;VIIRS-Suomi-NPP;93,9;16,9;30,2;Alta;D;0,66;0,73
2026-08-12 14:15;8,19228;-72,70402;VIIRS-Suomi-NPP;76,7;17,1;22,7;Nominal;D;0,66;0,73
2026-08-12 14:15;8,30203;-72,38825;VIIRS-Suomi-NPP;63,6;12,8;8,9;Nominal;D;0,7;0,75
2026-08-12 14:15;8,43824;-72,98404;VIIRS-Suomi-NPP;57,1;16,0;6,9;Nominal;D;0,64;0,72
2026-08-12 14:15;8,44652;-72,97262;VIIRS-Suomi-NPP;93,9;20,6;45,9;Alta;D;0,64;0,72
2026-08-12 14:15;8,48074;-73,79627;VIIRS-Suomi-NPP;67,3;10,0;9,6;Nominal;D;0,56;0,69
2026-08-12 14:15;8,43992;-74,1627;VIIRS-Suomi-NPP;61,5;11,4;6,3;Nominal;D;0,53;0,67
2026-08-12 14:15;8,7498;-72,78067;VIIRS-Suomi-NPP;83,4;12,4;13,9;Nominal;D;0,66;0,73
2026-08-12 14:15;8,749;-72,78692;VIIRS-Suomi-NPP;75,2;11,3;13,9;Nominal;D;0,66;0,73
2026-08-12 14:15;8,74037;-72,80202;VIIRS-Suomi-NPP;59,2;10,3;5,9;Nominal;D;0,66;0,73
2026-08-12 14:15;8,77082;-72,83734;VIIRS-Suomi-NPP;60,2;14,3;6,3;Nominal;D;0,66;0,73
2026-08-12 14:15;8,85695;-74,54406;VIIRS-Suomi-NPP;63,9;9,3;12,8;Nominal;D;0,51;0,66
2026-08-12 14:15;8,85638;-74,5423;VIIRS-Suomi-NPP;82,8;10,0;15,1;Nominal;D;0,51;0,66
2026-08-12 14:15;8,97417;-73,90657;VIIRS-Suomi-NPP;80,0;13,5;11,1;Nominal;D;0,56;0,69
2026-08-12 14:15;9,14791;-73,88863;VIIRS-Suomi-NPP;75,6;7,1;9,4;Nominal;D;0,57;0,69
2026-08-12 14:15;9,28137;-73,40034;VIIRS-Suomi-NPP;59,4;17,0;8,4;Nominal;D;0,62;0,71
2026-08-12 14:15;9,2808;-73,40493;VIIRS-Suomi-NPP;75,0;17,1;8,7;Nominal;D;0,61;0,71
2026-08-12 14:15;9,28033;-73,40868;VIIRS-Suomi-NPP;57,7;16,2;8,7;Nominal;D;0,61;0,71
2026-08-12 14:15;9,2876;-73,40455;VIIRS-Suomi-NPP;69,8;16,4;9,4;Nominal;D;0,61;0,71
2026-08-12 14:15;9,27739;-73,40794;VIIRS-Suomi-NPP;63,7;16,7;9,5;Nominal;D;0,62;0,71
2026-08-12 14:15;9,28463;-73,40379;VIIRS-Suomi-NPP;93,9;18,5;18,1;Alta;D;0,62;0,71
2026-08-12 14:15;9,37099;-73,5239;VIIRS-Suomi-NPP;62,2;12,8;5,1;Nominal;D;0,6;0,71
2026-08-12 14:15;9,39533;-73,38306;VIIRS-Suomi-NPP;58,1;16,6;4,9;Nominal;D;0,62;0,71
2026-08-12 14:15;9,39461;-73,38882;VIIRS-Suomi-NPP;58,2;17,1;4,9;Nominal;D;0,62;0,71
2026-08-12 14:15;9,40134;-73,38913;VIIRS-Suomi-NPP;61,0;16,2;4,9;Nominal;D;0,62;0,71
2026-08-12 14:15;9,3964;-73,64053;VIIRS-Suomi-NPP;61,2;11,4;5,5;Nominal;D;0,59;0,7
2026-08-12 14:15;9,34612;-73,66022;VIIRS-Suomi-NPP;57,8;9,5;2,4;Nominal;D;0,59;0,7
2026-08-12 14:15;9,37586;-73,52161;VIIRS-Suomi-NPP;62,5;12,0;5,6;Nominal;D;0,61;0,71
2026-08-12 14:15;9,39866;-73,38595;VIIRS-Suomi-NPP;80,2;16,9;13,8;Nominal;D;0,62;0,71
2026-08-12 14:15;9,39474;-73,64342;VIIRS-Suomi-NPP;59,7;11,0;2,7;Nominal;D;0,59;0,7
2026-08-12 14:15;9,5666;-73,42333;VIIRS-Suomi-NPP;68,8;14,2;10,2;Nominal;D;0,62;0,71
2026-08-12 14:15;9,57328;-73,42399;VIIRS-Suomi-NPP;84,2;14,6;19,9;Baja;D;0,62;0,71
2026-08-12 14:15;9,52968;-75,22359;VIIRS-Suomi-NPP;71,5;21,4;5,8;Nominal;D;0,47;0,64
2026-08-12 14:15;9,60841;-74,74032;VIIRS-Suomi-NPP;68,3;21,4;7,8;Nominal;D;0,51;0,66
2026-08-12 14:15;9,63722;-74,55949;VIIRS-Suomi-NPP;63,7;22,0;5,0;Nominal;D;0,52;0,67
2026-08-12 14:15;9,59889;-75,01297;VIIRS-Suomi-NPP;62,1;21,3;5,5;Nominal;D;0,48;0,65
2026-08-12 14:15;9,58749;-75,15047;VIIRS-Suomi-NPP;57,4;22,2;2,4;Nominal;D;0,47;0,64
2026-08-12 14:15;9,61036;-75,01936;VIIRS-Suomi-NPP;67,2;21,0;3,3;Nominal;D;0,48;0,65
2026-08-12 14:15;9,65272;-74,73602;VIIRS-Suomi-NPP;64,2;22,2;5,8;Nominal;D;0,51;0,66
2026-08-12 14:15;9,837;-73,48458;VIIRS-Suomi-NPP;68,4;18,5;3,3;Nominal;D;0,62;0,71
2026-08-12 14:15;9,61209;-75,01861;VIIRS-Suomi-NPP;68,1;21,0;5,7;Nominal;D;0,49;0,65
2026-08-12 14:15;9,65193;-74,73921;VIIRS-Suomi-NPP;67,5;22,3;4,6;Nominal;D;0,51;0,66
2026-08-12 14:15;9,84133;-73,48168;VIIRS-Suomi-NPP;69,1;18,3;8,0;Nominal;D;0,62;0,71
2026-08-12 14:15;9,84064;-73,4875;VIIRS-Suomi-NPP;73,3;19,0;14,8;Nominal;D;0,62;0,71
2026-08-12 14:15;9,848;-73,48246;VIIRS-Suomi-NPP;59,0;17,7;8,0;Nominal;D;0,62;0,71
2026-08-12 14:15;9,74418;-74,39576;VIIRS-Suomi-NPP;93,9;22,6;7,8;Alta;D;0,54;0,68
2026-08-12 14:15;9,89157;-73,45804;VIIRS-Suomi-NPP;82,6;18,9;8,9;Nominal;D;0,62;0,71
2026-08-12 14:15;9,80899;-74,48969;VIIRS-Suomi-NPP;77,8;24,1;8,0;Nominal;D;0,53;0,67
2026-08-12 14:15;9,89483;-73,45605;VIIRS-Suomi-NPP;60,9;18,0;7,2;Nominal;D;0,62;0,72
2026-08-12 14:15;9,89416;-73,46189;VIIRS-Suomi-NPP;72,4;18,1;7,2;Nominal;D;0,62;0,71
2026-08-12 14:15;9,81242;-74,48943;VIIRS-Suomi-NPP;64,5;22,6;6,1;Nominal;D;0,53;0,67
2026-08-12 14:15;10,70847;-74,93998;VIIRS-Suomi-NPP;62,8;20,5;2,9;Nominal;D;0,51;0,66
2026-08-12 14:15;11,35951;-72,9761;VIIRS-Suomi-NPP;79,3;18,0;18,2;Nominal;D;0,7;0,75
2026-08-12 14:15;11,36017;-72,98016;VIIRS-Suomi-NPP;66,7;18,0;6,7;Nominal;D;0,7;0,75
2026-08-12 14:15;11,36094;-72,97359;VIIRS-Suomi-NPP;57,6;17,7;6,7;Nominal;D;0,7;0,75
2026-08-12 14:15;11,13956;-73,07211;VIIRS-Suomi-NPP;61,9;17,2;6,8;Nominal;D;0,68;0,74
2026-08-12 14:15;11,14041;-73,06448;VIIRS-Suomi-NPP;57,1;17,3;6,8;Nominal;D;0,68;0,74
2026-08-12 14:15;11,20665;-72,26357;VIIRS-Suomi-NPP;60,4;15,3;7,6;Nominal;D;0,77;0,78
2026-08-12 14:15;11,14014;-73,06989;VIIRS-Suomi-NPP;75,2;17,6;7,2;Nominal;D;0,68;0,74
2026-08-12 14:15;11,22447;-72,28632;VIIRS-Suomi-NPP;75,1;12,8;15,4;Nominal;D;0,77;0,77
2026-08-12 14:15;11,2035;-72,27689;VIIRS-Suomi-NPP;57,5;13,4;5,5;Nominal;D;0,77;0,77
2026-08-12 14:15;11,20514;-72,26243;VIIRS-Suomi-NPP;62,8;15,5;9,7;Nominal;D;0,77;0,77
2026-08-12 14:15;10,70774;-74,94111;VIIRS-Suomi-NPP;65,3;20,7;4,8;Nominal;D;0,51;0,66
2026-08-12 14:15;10,09066;-73,98046;VIIRS-Suomi-NPP;66,7;23,5;6,2;Nominal;D;0,58;0,69
2026-08-12 14:15;10,09046;-73,97903;VIIRS-Suomi-NPP;73,2;23,1;5,7;Nominal;D;0,58;0,69
2026-08-12 14:15;10,0893;-74,15313;VIIRS-Suomi-NPP;78,5;19,4;8,0;Nominal;D;0,56;0,69
2026-08-12 14:15;10,27452;-74,03706;VIIRS-Suomi-NPP;65,0;23,0;3,7;Nominal;D;0,57;0,69
2026-08-12 14:15;10,28099;-74,0379;VIIRS-Suomi-NPP;58,5;22,6;3,7;Nominal;D;0,57;0,69
2026-08-12 14:15;10,35258;-74,2548;VIIRS-Suomi-NPP;59,7;21,6;4,1;Nominal;D;0,56;0,69
2026-08-12 14:15;10,28064;-74,97949;VIIRS-Suomi-NPP;58,4;19,9;5,3;Nominal;D;0,5;0,66
2026-08-12 14:15;10,35425;-74,25546;VIIRS-Suomi-NPP;59,8;21,2;2,9;Nominal;D;0,56;0,69
2026-08-12 14:15;10,29873;-74,98762;VIIRS-Suomi-NPP;58,0;17,2;2,8;Nominal;D;0,5;0,66
2026-08-12 14:15;10,42811;-74,01775;VIIRS-Suomi-NPP;61,8;19,4;5,6;Nominal;D;0,58;0,7
2026-08-12 14:15;10,37904;-75,2942;VIIRS-Suomi-NPP;67,2;18,3;2,5;Nominal;D;0,48;0,64
2026-08-12 14:15;10,48463;-74,47712;VIIRS-Suomi-NPP;93,9;20,7;7,4;Alta;D;0,54;0,68
2026-08-12 14:15;10,66264;-74,14647;VIIRS-Suomi-NPP;62,3;17,9;5,8;Nominal;D;0,57;0,69
2026-08-12 14:15;10,6691;-74,14727;VIIRS-Suomi-NPP;58,0;18,6;4,7;Nominal;D;0,57;0,69
2026-08-12 14:15;10,66278;-74,14504;VIIRS-Suomi-NPP;73,1;18,1;6,7;Nominal;D;0,57;0,69
2026-08-12 20:15;8,29654;-73,30622;MODIS-Terra;42,6;10,3;23,5;87 %;N;1,49;1,21
2026-08-12 20:15;8,29146;-73,29834;MODIS-Terra;42,7;9,5;24,3;92 %;N;1,49;1,21
2026-08-12 20:15;8,29876;-73,2917;MODIS-Terra;46,7;9,5;30,2;99 %;N;1,49;1,2
2026-08-12 20:15;8,28602;-73,30463;MODIS-Terra;34,2;9,5;12,7;57 %;N;1,49;1,21
